sequence,order_id,type,side,price,quantity
1,ORD000001,LIMIT,BUY,98.61,18
2,ORD000002,LIMIT,BUY,98.08,12
3,ORD000001,CANCEL,,,
4,ORD000002,CANCEL,,,
5,ORD000005,LIMIT,SELL,99.52,21
6,ORD000005,CANCEL,,,
7,ORD000007,LIMIT,BUY,98.84,12
8,ORD000007,CANCEL,,,
9,ORD000009,LIMIT,SELL,101.32,69
10,ORD000009,CANCEL,,,
11,ORD000011,LIMIT,SELL,101.05,47
12,ORD000011,CANCEL,,,
13,ORD000013,LIMIT,BUY,100.46,30
14,ORD000014,LIMIT,SELL,101.09,47
15,ORD000014,CANCEL,,,
16,ORD000013,CANCEL,,,
17,ORD000017,LIMIT,BUY,98.43,94
18,ORD000017,CANCEL,,,
19,ORD000019,LIMIT,BUY,100.11,100
20,ORD000019,CANCEL,,,
21,ORD000021,LIMIT,SELL,100.03,73
22,ORD000022,LIMIT,SELL,100.75,83
23,ORD000022,CANCEL,,,
24,ORD000021,CANCEL,,,
25,ORD000025,LIMIT,SELL,100.5,29
26,ORD000026,LIMIT,BUY,98.23,7
27,ORD000027,LIMIT,BUY,99.98,55
28,ORD000026,CANCEL,,,
29,ORD000027,CANCEL,,,
30,ORD000025,CANCEL,,,
31,ORD000031,LIMIT,BUY,99.34,35
32,ORD000032,LIMIT,SELL,100.59,59
33,ORD000032,CANCEL,,,
34,ORD000034,LIMIT,BUY,98.27,81
35,ORD000031,CANCEL,,,
36,ORD000034,CANCEL,,,
37,ORD000037,LIMIT,BUY,99.22,15
38,ORD000038,LIMIT,SELL,100.1,73
39,ORD000039,LIMIT,BUY,100.04,98
40,ORD000037,CANCEL,,,
41,ORD000039,CANCEL,,,
42,ORD000042,LIMIT,BUY,100.18,55
43,ORD000043,LIMIT,BUY,99.0,86
44,ORD000043,CANCEL,,,
45,ORD000045,LIMIT,SELL,100.06,44
46,ORD000038,CANCEL,,,
47,ORD000045,CANCEL,,,
48,ORD000048,LIMIT,BUY,100.26,43
49,ORD000048,CANCEL,,,
50,ORD000050,LIMIT,SELL,99.83,74
51,ORD000050,CANCEL,,,
52,ORD000052,LIMIT,SELL,99.74,56
53,ORD000052,CANCEL,,,
54,ORD000054,LIMIT,BUY,100.46,13
55,ORD000054,CANCEL,,,
56,ORD000056,LIMIT,BUY,98.48,58
57,ORD000056,CANCEL,,,
58,ORD000058,LIMIT,BUY,98.19,71
59,ORD000058,CANCEL,,,
60,ORD000060,LIMIT,BUY,99.21,28
61,ORD000061,LIMIT,BUY,98.01,50
62,ORD000061,CANCEL,,,
63,ORD000060,CANCEL,,,
64,ORD000064,LIMIT,SELL,99.65,95
65,ORD000064,CANCEL,,,
66,ORD000066,LIMIT,SELL,101.63,21
67,ORD000066,CANCEL,,,
68,ORD000068,LIMIT,BUY,99.69,31
69,ORD000068,CANCEL,,,
70,ORD000070,LIMIT,BUY,99.05,75
71,ORD000070,CANCEL,,,
72,ORD000072,LIMIT,BUY,98.79,34
73,ORD000072,CANCEL,,,
74,ORD000074,MARKET,BUY,,80
75,ORD000075,LIMIT,BUY,98.53,34
76,ORD000075,CANCEL,,,
77,ORD000077,LIMIT,BUY,98.39,70
78,ORD000078,LIMIT,BUY,99.39,85
79,ORD000077,CANCEL,,,
80,ORD000078,CANCEL,,,
81,ORD000081,LIMIT,BUY,99.51,92
82,ORD000081,CANCEL,,,
83,ORD000083,LIMIT,SELL,101.62,12
84,ORD000083,CANCEL,,,
85,ORD000085,LIMIT,SELL,101.09,34
86,ORD000085,CANCEL,,,
87,ORD000087,LIMIT,SELL,99.78,89
88,ORD000088,LIMIT,BUY,99.46,19
89,ORD000087,CANCEL,,,
90,ORD000088,CANCEL,,,
91,ORD000091,LIMIT,BUY,99.67,46
92,ORD000092,LIMIT,SELL,101.37,31
93,ORD000093,LIMIT,BUY,98.06,95
94,ORD000094,LIMIT,SELL,101.66,32
95,ORD000091,CANCEL,,,
96,ORD000092,CANCEL,,,
97,ORD000097,LIMIT,BUY,100.3,45
98,ORD000093,CANCEL,,,
99,ORD000094,CANCEL,,,
100,ORD000097,CANCEL,,,
101,ORD000101,LIMIT,SELL,100.77,87
102,ORD000102,LIMIT,SELL,99.79,34
103,ORD000102,CANCEL,,,
104,ORD000101,CANCEL,,,
105,ORD000105,LIMIT,SELL,101.96,15
106,ORD000105,CANCEL,,,
107,ORD000107,MARKET,SELL,,69
108,ORD000108,LIMIT,BUY,98.17,86
109,ORD000109,LIMIT,SELL,99.81,39
110,ORD000109,CANCEL,,,
111,ORD000108,CANCEL,,,
112,ORD000112,LIMIT,BUY,100.35,87
113,ORD000113,LIMIT,BUY,98.75,71
114,ORD000114,LIMIT,SELL,100.57,75
115,ORD000113,CANCEL,,,
116,ORD000114,CANCEL,,,
117,ORD000112,CANCEL,,,
118,ORD000118,LIMIT,BUY,98.71,85
119,ORD000118,CANCEL,,,
120,ORD000120,LIMIT,BUY,98.56,26
121,ORD000120,CANCEL,,,
122,ORD000122,LIMIT,SELL,101.42,59
123,ORD000122,CANCEL,,,
124,ORD000124,LIMIT,SELL,100.11,84
125,ORD000124,CANCEL,,,
126,ORD000126,LIMIT,BUY,100.39,67
127,ORD000126,CANCEL,,,
128,ORD000128,LIMIT,BUY,100.0,86
129,ORD000128,CANCEL,,,
130,ORD000130,LIMIT,SELL,101.3,65
131,ORD000130,CANCEL,,,
132,ORD000132,LIMIT,SELL,101.38,82
133,ORD000132,CANCEL,,,
134,ORD000134,LIMIT,SELL,101.28,31
135,ORD000134,CANCEL,,,
136,ORD000136,LIMIT,BUY,98.58,89
137,ORD000136,CANCEL,,,
138,ORD000138,LIMIT,SELL,100.66,8
139,ORD000138,CANCEL,,,
140,ORD000140,LIMIT,BUY,99.91,49
141,ORD000140,CANCEL,,,
142,ORD000142,LIMIT,SELL,101.88,54
143,ORD000142,CANCEL,,,
144,ORD000144,LIMIT,SELL,99.57,44
145,ORD000144,CANCEL,,,
146,ORD000146,LIMIT,SELL,101.95,69
147,ORD000146,CANCEL,,,
148,ORD000148,LIMIT,BUY,99.07,60
149,ORD000148,CANCEL,,,
150,ORD000150,LIMIT,BUY,98.84,49
151,ORD000150,CANCEL,,,
152,ORD000152,LIMIT,BUY,99.87,7
153,ORD000153,LIMIT,SELL,99.67,84
154,ORD000152,CANCEL,,,
155,ORD000155,LIMIT,BUY,99.55,31
156,ORD000153,CANCEL,,,
157,ORD000155,CANCEL,,,
158,ORD000158,LIMIT,SELL,99.92,78
159,ORD000159,LIMIT,BUY,98.41,40
160,ORD000158,CANCEL,,,
161,ORD000161,LIMIT,SELL,101.29,10
162,ORD000159,CANCEL,,,
163,ORD000161,CANCEL,,,
164,ORD000164,LIMIT,BUY,99.41,6
165,ORD000164,CANCEL,,,
166,ORD000166,LIMIT,BUY,98.85,54
167,ORD000167,LIMIT,BUY,98.91,59
168,ORD000168,LIMIT,SELL,100.8,84
169,ORD000168,CANCEL,,,
170,ORD000170,LIMIT,SELL,101.33,35
171,ORD000166,CANCEL,,,
172,ORD000172,LIMIT,BUY,99.13,97
173,ORD000172,CANCEL,,,
174,ORD000170,CANCEL,,,
175,ORD000167,CANCEL,,,
176,ORD000176,LIMIT,BUY,98.65,36
177,ORD000177,LIMIT,SELL,100.79,25
178,ORD000177,CANCEL,,,
179,ORD000176,CANCEL,,,
180,ORD000180,LIMIT,SELL,99.54,38
181,ORD000180,CANCEL,,,
182,ORD000182,LIMIT,SELL,100.83,55
183,ORD000183,LIMIT,SELL,100.63,40
184,ORD000182,CANCEL,,,
185,ORD000185,LIMIT,SELL,100.84,98
186,ORD000183,CANCEL,,,
187,ORD000185,CANCEL,,,
188,ORD000188,LIMIT,SELL,101.58,38
189,ORD000188,CANCEL,,,
190,ORD000190,LIMIT,BUY,100.44,71
191,ORD000190,CANCEL,,,
192,ORD000192,LIMIT,SELL,99.53,37
193,ORD000192,CANCEL,,,
194,ORD000194,LIMIT,BUY,100.15,15
195,ORD000195,LIMIT,SELL,100.94,88
196,ORD000194,CANCEL,,,
197,ORD000197,LIMIT,SELL,100.12,72
198,ORD000198,LIMIT,BUY,98.95,57
199,ORD000198,CANCEL,,,
200,ORD000200,LIMIT,SELL,99.65,95
201,ORD000195,CANCEL,,,
202,ORD000200,CANCEL,,,
203,ORD000197,CANCEL,,,
204,ORD000204,LIMIT,BUY,99.02,89
205,ORD000204,CANCEL,,,
206,ORD000206,LIMIT,SELL,101.26,59
207,ORD000206,CANCEL,,,
208,ORD000208,LIMIT,BUY,99.36,83
209,ORD000208,CANCEL,,,
210,ORD000210,LIMIT,BUY,99.98,77
211,ORD000211,LIMIT,SELL,100.67,39
212,ORD000211,CANCEL,,,
213,ORD000210,CANCEL,,,
214,ORD000214,LIMIT,BUY,99.84,78
215,ORD000214,CANCEL,,,
216,ORD000216,LIMIT,BUY,99.68,35
217,ORD000216,CANCEL,,,
218,ORD000218,LIMIT,SELL,99.95,75
219,ORD000218,CANCEL,,,
220,ORD000220,LIMIT,SELL,100.33,86
221,ORD000220,CANCEL,,,
222,ORD000222,LIMIT,SELL,101.86,98
223,ORD000222,CANCEL,,,
224,ORD000224,LIMIT,SELL,101.93,52
225,ORD000225,LIMIT,BUY,99.36,53
226,ORD000225,CANCEL,,,
227,ORD000224,CANCEL,,,
228,ORD000228,LIMIT,BUY,99.37,37
229,ORD000228,CANCEL,,,
230,ORD000230,LIMIT,BUY,98.78,2
231,ORD000230,CANCEL,,,
232,ORD000232,LIMIT,BUY,98.29,20
233,ORD000232,CANCEL,,,
234,ORD000234,LIMIT,SELL,100.71,61
235,ORD000234,CANCEL,,,
236,ORD000236,LIMIT,BUY,98.69,54
237,ORD000236,CANCEL,,,
238,ORD000238,LIMIT,SELL,101.59,75
239,ORD000239,LIMIT,SELL,100.62,62
240,ORD000239,CANCEL,,,
241,ORD000238,CANCEL,,,
242,ORD000242,LIMIT,BUY,98.58,100
243,ORD000242,CANCEL,,,
244,ORD000244,LIMIT,SELL,101.16,84
245,ORD000245,LIMIT,SELL,99.82,76
246,ORD000244,CANCEL,,,
247,ORD000247,LIMIT,SELL,101.78,2
248,ORD000248,LIMIT,SELL,101.92,10
249,ORD000247,CANCEL,,,
250,ORD000248,CANCEL,,,
251,ORD000245,CANCEL,,,
252,ORD000252,LIMIT,SELL,101.07,98
253,ORD000252,CANCEL,,,
254,ORD000254,LIMIT,BUY,100.3,30
255,ORD000255,LIMIT,SELL,101.4,91
256,ORD000256,LIMIT,SELL,100.25,4
257,ORD000254,CANCEL,,,
258,ORD000255,CANCEL,,,
259,ORD000259,LIMIT,BUY,99.41,24
260,ORD000259,CANCEL,,,
261,ORD000261,LIMIT,SELL,100.1,75
262,ORD000261,CANCEL,,,
263,ORD000263,LIMIT,SELL,99.52,60
264,ORD000264,LIMIT,BUY,100.36,76
265,ORD000264,CANCEL,,,
266,ORD000263,CANCEL,,,
267,ORD000267,LIMIT,BUY,100.13,14
268,ORD000267,CANCEL,,,
269,ORD000269,MARKET,SELL,,85
270,ORD000270,LIMIT,BUY,99.71,96
271,ORD000271,LIMIT,SELL,101.76,100
272,ORD000272,LIMIT,SELL,99.98,33
273,ORD000272,CANCEL,,,
274,ORD000274,LIMIT,BUY,100.26,83
275,ORD000271,CANCEL,,,
276,ORD000274,CANCEL,,,
277,ORD000277,LIMIT,BUY,98.82,54
278,ORD000270,CANCEL,,,
279,ORD000279,LIMIT,SELL,101.78,22
280,ORD000279,CANCEL,,,
281,ORD000281,LIMIT,SELL,100.35,15
282,ORD000277,CANCEL,,,
283,ORD000281,CANCEL,,,
284,ORD000284,LIMIT,SELL,101.51,47
285,ORD000284,CANCEL,,,
286,ORD000286,LIMIT,BUY,99.68,87
287,ORD000286,CANCEL,,,
288,ORD000288,LIMIT,SELL,100.08,4
289,ORD000288,CANCEL,,,
290,ORD000290,LIMIT,BUY,99.59,60
291,ORD000291,LIMIT,SELL,99.79,6
292,ORD000292,LIMIT,SELL,99.79,31
293,ORD000293,LIMIT,BUY,98.93,96
294,ORD000293,CANCEL,,,
295,ORD000292,CANCEL,,,
296,ORD000291,CANCEL,,,
297,ORD000290,CANCEL,,,
298,ORD000298,MARKET,SELL,,48
299,ORD000299,LIMIT,SELL,101.64,13
300,ORD000300,LIMIT,SELL,101.94,46
301,ORD000300,CANCEL,,,
302,ORD000299,CANCEL,,,
303,ORD000303,LIMIT,SELL,100.03,82
304,ORD000303,CANCEL,,,
305,ORD000305,LIMIT,SELL,99.81,73
306,ORD000305,CANCEL,,,
307,ORD000307,LIMIT,BUY,98.37,77
308,ORD000307,CANCEL,,,
309,ORD000309,LIMIT,SELL,99.77,4
310,ORD000309,CANCEL,,,
311,ORD000311,LIMIT,BUY,98.04,34
312,ORD000311,CANCEL,,,
313,ORD000313,LIMIT,BUY,99.95,66
314,ORD000313,CANCEL,,,
315,ORD000315,LIMIT,BUY,100.27,85
316,ORD000315,CANCEL,,,
317,ORD000317,LIMIT,BUY,99.2,52
318,ORD000317,CANCEL,,,
319,ORD000319,LIMIT,SELL,99.7,78
320,ORD000319,CANCEL,,,
321,ORD000321,LIMIT,SELL,100.99,38
322,ORD000321,CANCEL,,,
323,ORD000323,LIMIT,BUY,99.63,99
324,ORD000323,CANCEL,,,
325,ORD000325,LIMIT,BUY,100.07,52
326,ORD000325,CANCEL,,,
327,ORD000327,LIMIT,SELL,100.44,20
328,ORD000327,CANCEL,,,
329,ORD000329,LIMIT,BUY,98.24,95
330,ORD000329,CANCEL,,,
331,ORD000331,LIMIT,SELL,100.53,86
332,ORD000332,LIMIT,SELL,101.3,37
333,ORD000332,CANCEL,,,
334,ORD000331,CANCEL,,,
335,ORD000335,LIMIT,SELL,99.77,72
336,ORD000335,CANCEL,,,
337,ORD000337,LIMIT,SELL,101.94,80
338,ORD000337,CANCEL,,,
339,ORD000339,MARKET,SELL,,35
340,ORD000340,LIMIT,SELL,100.38,24
341,ORD000341,LIMIT,SELL,101.35,4
342,ORD000340,CANCEL,,,
343,ORD000341,CANCEL,,,
344,ORD000344,LIMIT,SELL,100.31,73
345,ORD000344,CANCEL,,,
346,ORD000346,LIMIT,BUY,98.68,85
347,ORD000346,CANCEL,,,
348,ORD000348,LIMIT,BUY,98.28,56
349,ORD000348,CANCEL,,,
350,ORD000350,MARKET,SELL,,51
351,ORD000351,MARKET,BUY,,39
352,ORD000352,LIMIT,BUY,98.72,16
353,ORD000352,CANCEL,,,
354,ORD000354,LIMIT,SELL,100.08,72
355,ORD000355,LIMIT,SELL,101.65,6
356,ORD000355,CANCEL,,,
357,ORD000357,LIMIT,SELL,100.93,91
358,ORD000357,CANCEL,,,
359,ORD000354,CANCEL,,,
360,ORD000360,LIMIT,BUY,99.55,89
361,ORD000361,LIMIT,BUY,98.26,56
362,ORD000360,CANCEL,,,
363,ORD000361,CANCEL,,,
364,ORD000364,LIMIT,BUY,98.42,66
365,ORD000364,CANCEL,,,
366,ORD000366,LIMIT,SELL,101.9,83
367,ORD000367,LIMIT,BUY,98.64,23
368,ORD000366,CANCEL,,,
369,ORD000367,CANCEL,,,
370,ORD000370,LIMIT,SELL,101.71,83
371,ORD000370,CANCEL,,,
372,ORD000372,LIMIT,SELL,99.67,57
373,ORD000372,CANCEL,,,
374,ORD000374,LIMIT,SELL,100.28,58
375,ORD000374,CANCEL,,,
376,ORD000376,LIMIT,BUY,100.44,12
377,ORD000376,CANCEL,,,
378,ORD000378,LIMIT,BUY,100.02,84
379,ORD000378,CANCEL,,,
380,ORD000380,LIMIT,BUY,100.03,44
381,ORD000381,LIMIT,BUY,98.43,32
382,ORD000382,LIMIT,SELL,101.02,47
383,ORD000381,CANCEL,,,
384,ORD000382,CANCEL,,,
385,ORD000380,CANCEL,,,
386,ORD000386,LIMIT,SELL,99.74,87
387,ORD000386,CANCEL,,,
388,ORD000388,LIMIT,BUY,99.46,19
389,ORD000389,LIMIT,SELL,101.25,51
390,ORD000388,CANCEL,,,
391,ORD000389,CANCEL,,,
392,ORD000392,LIMIT,SELL,101.18,95
393,ORD000393,LIMIT,BUY,99.06,47
394,ORD000393,CANCEL,,,
395,ORD000392,CANCEL,,,
396,ORD000396,LIMIT,SELL,102.0,20
397,ORD000396,CANCEL,,,
398,ORD000398,LIMIT,BUY,100.19,80
399,ORD000398,CANCEL,,,
400,ORD000400,LIMIT,BUY,99.93,22
401,ORD000401,LIMIT,BUY,99.69,31
402,ORD000402,LIMIT,SELL,101.46,30
403,ORD000401,CANCEL,,,
404,ORD000404,LIMIT,SELL,99.99,87
405,ORD000405,LIMIT,SELL,100.2,49
406,ORD000405,CANCEL,,,
407,ORD000407,LIMIT,BUY,98.35,33
408,ORD000407,CANCEL,,,
409,ORD000409,LIMIT,BUY,99.29,16
410,ORD000402,CANCEL,,,
411,ORD000409,CANCEL,,,
412,ORD000404,CANCEL,,,
413,ORD000400,CANCEL,,,
414,ORD000414,LIMIT,SELL,100.54,51
415,ORD000414,CANCEL,,,
416,ORD000416,LIMIT,BUY,98.07,13
417,ORD000417,LIMIT,SELL,99.84,37
418,ORD000418,LIMIT,SELL,99.85,91
419,ORD000418,CANCEL,,,
420,ORD000416,CANCEL,,,
421,ORD000417,CANCEL,,,
422,ORD000422,LIMIT,SELL,100.22,39
423,ORD000422,CANCEL,,,
424,ORD000424,LIMIT,SELL,101.59,64
425,ORD000424,CANCEL,,,
426,ORD000426,LIMIT,BUY,98.73,1
427,ORD000426,CANCEL,,,
428,ORD000428,LIMIT,BUY,98.21,47
429,ORD000428,CANCEL,,,
430,ORD000430,MARKET,SELL,,50
431,ORD000431,LIMIT,SELL,100.39,9
432,ORD000431,CANCEL,,,
433,ORD000433,LIMIT,SELL,100.38,44
434,ORD000434,LIMIT,BUY,99.71,90
435,ORD000433,CANCEL,,,
436,ORD000436,LIMIT,BUY,100.36,5
437,ORD000434,CANCEL,,,
438,ORD000438,LIMIT,BUY,98.78,51
439,ORD000439,LIMIT,SELL,101.38,25
440,ORD000436,CANCEL,,,
441,ORD000441,LIMIT,SELL,101.5,56
442,ORD000442,LIMIT,SELL,100.47,24
443,ORD000442,CANCEL,,,
444,ORD000441,CANCEL,,,
445,ORD000438,CANCEL,,,
446,ORD000446,LIMIT,BUY,100.49,24
447,ORD000446,CANCEL,,,
448,ORD000439,CANCEL,,,
449,ORD000449,LIMIT,SELL,101.29,22
450,ORD000449,CANCEL,,,
451,ORD000451,LIMIT,SELL,100.59,82
452,ORD000452,LIMIT,BUY,99.59,47
453,ORD000451,CANCEL,,,
454,ORD000454,LIMIT,BUY,99.7,57
455,ORD000452,CANCEL,,,
456,ORD000454,CANCEL,,,
457,ORD000457,LIMIT,BUY,99.7,48
458,ORD000457,CANCEL,,,
459,ORD000459,LIMIT,SELL,101.12,32
460,ORD000460,LIMIT,BUY,99.25,50
461,ORD000461,LIMIT,BUY,98.65,58
462,ORD000461,CANCEL,,,
463,ORD000460,CANCEL,,,
464,ORD000459,CANCEL,,,
465,ORD000465,LIMIT,SELL,101.28,12
466,ORD000466,LIMIT,SELL,101.27,71
467,ORD000466,CANCEL,,,
468,ORD000468,LIMIT,BUY,99.27,16
469,ORD000469,LIMIT,BUY,99.24,47
470,ORD000468,CANCEL,,,
471,ORD000465,CANCEL,,,
472,ORD000469,CANCEL,,,
473,ORD000473,LIMIT,SELL,101.3,68
474,ORD000473,CANCEL,,,
475,ORD000475,LIMIT,BUY,98.79,10
476,ORD000475,CANCEL,,,
477,ORD000477,LIMIT,BUY,98.32,65
478,ORD000478,LIMIT,BUY,99.3,39
479,ORD000478,CANCEL,,,
480,ORD000480,LIMIT,BUY,100.35,37
481,ORD000481,LIMIT,SELL,101.89,36
482,ORD000480,CANCEL,,,
483,ORD000477,CANCEL,,,
484,ORD000481,CANCEL,,,
485,ORD000485,LIMIT,BUY,99.56,78
486,ORD000485,CANCEL,,,
487,ORD000487,LIMIT,BUY,100.37,99
488,ORD000487,CANCEL,,,
489,ORD000489,LIMIT,SELL,99.58,81
490,ORD000489,CANCEL,,,
491,ORD000491,LIMIT,SELL,99.68,8
492,ORD000491,CANCEL,,,
493,ORD000493,LIMIT,BUY,98.36,92
494,ORD000493,CANCEL,,,
495,ORD000495,LIMIT,BUY,99.29,14
496,ORD000495,CANCEL,,,
497,ORD000497,LIMIT,SELL,99.74,38
498,ORD000498,LIMIT,SELL,101.66,21
499,ORD000499,LIMIT,SELL,99.9,66
500,ORD000498,CANCEL,,,
501,ORD000497,CANCEL,,,
502,ORD000502,LIMIT,SELL,100.04,46
503,ORD000502,CANCEL,,,
504,ORD000499,CANCEL,,,
505,ORD000505,LIMIT,BUY,99.08,34
506,ORD000506,LIMIT,SELL,100.5,73
507,ORD000506,CANCEL,,,
508,ORD000505,CANCEL,,,
509,ORD000509,LIMIT,SELL,100.2,80
510,ORD000509,CANCEL,,,
511,ORD000511,LIMIT,BUY,99.99,44
512,ORD000511,CANCEL,,,
513,ORD000513,LIMIT,BUY,99.0,6
514,ORD000513,CANCEL,,,
515,ORD000515,LIMIT,SELL,99.87,66
516,ORD000515,CANCEL,,,
517,ORD000517,LIMIT,SELL,100.77,66
518,ORD000517,CANCEL,,,
519,ORD000519,LIMIT,BUY,99.68,54
520,ORD000519,CANCEL,,,
521,ORD000521,LIMIT,SELL,101.46,100
522,ORD000521,CANCEL,,,
523,ORD000523,LIMIT,SELL,101.07,80
524,ORD000524,LIMIT,SELL,101.2,5
525,ORD000523,CANCEL,,,
526,ORD000524,CANCEL,,,
527,ORD000527,LIMIT,BUY,98.51,65
528,ORD000528,LIMIT,SELL,101.34,8
529,ORD000529,LIMIT,BUY,100.5,62
530,ORD000528,CANCEL,,,
531,ORD000531,LIMIT,SELL,100.36,46
532,ORD000529,CANCEL,,,
533,ORD000527,CANCEL,,,
534,ORD000534,LIMIT,SELL,100.06,39
535,ORD000535,LIMIT,BUY,99.22,62
536,ORD000535,CANCEL,,,
537,ORD000534,CANCEL,,,
538,ORD000538,LIMIT,SELL,101.89,19
539,ORD000538,CANCEL,,,
540,ORD000540,LIMIT,BUY,99.11,33
541,ORD000541,LIMIT,BUY,99.35,72
542,ORD000540,CANCEL,,,
543,ORD000541,CANCEL,,,
544,ORD000544,LIMIT,BUY,98.13,53
545,ORD000544,CANCEL,,,
546,ORD000546,MARKET,BUY,,71
547,ORD000547,LIMIT,BUY,100.34,61
548,ORD000547,CANCEL,,,
549,ORD000549,LIMIT,SELL,101.11,99
550,ORD000549,CANCEL,,,
551,ORD000551,LIMIT,BUY,98.44,23
552,ORD000552,LIMIT,BUY,98.99,64
553,ORD000552,CANCEL,,,
554,ORD000554,LIMIT,BUY,99.51,43
555,ORD000554,CANCEL,,,
556,ORD000556,LIMIT,BUY,99.17,25
557,ORD000557,LIMIT,SELL,100.65,33
558,ORD000558,LIMIT,BUY,99.98,73
559,ORD000556,CANCEL,,,
560,ORD000558,CANCEL,,,
561,ORD000561,LIMIT,SELL,99.72,86
562,ORD000551,CANCEL,,,
563,ORD000557,CANCEL,,,
564,ORD000561,CANCEL,,,
565,ORD000565,LIMIT,SELL,100.25,93
566,ORD000565,CANCEL,,,
567,ORD000567,LIMIT,BUY,98.3,40
568,ORD000567,CANCEL,,,
569,ORD000569,LIMIT,SELL,100.05,18
570,ORD000569,CANCEL,,,
571,ORD000571,LIMIT,SELL,100.87,61
572,ORD000572,LIMIT,BUY,99.7,77
573,ORD000573,LIMIT,BUY,99.32,47
574,ORD000573,CANCEL,,,
575,ORD000571,CANCEL,,,
576,ORD000572,CANCEL,,,
577,ORD000577,LIMIT,SELL,100.01,75
578,ORD000577,CANCEL,,,
579,ORD000579,LIMIT,SELL,100.54,73
580,ORD000579,CANCEL,,,
581,ORD000581,LIMIT,SELL,100.49,1
582,ORD000582,MARKET,BUY,,45
583,ORD000583,LIMIT,BUY,98.17,61
584,ORD000583,CANCEL,,,
585,ORD000581,CANCEL,,,
586,ORD000586,LIMIT,SELL,101.73,58
587,ORD000587,LIMIT,SELL,101.21,85
588,ORD000588,LIMIT,BUY,98.87,23
589,ORD000589,LIMIT,SELL,101.32,29
590,ORD000590,LIMIT,BUY,99.16,93
591,ORD000590,CANCEL,,,
592,ORD000587,CANCEL,,,
593,ORD000588,CANCEL,,,
594,ORD000586,CANCEL,,,
595,ORD000595,MARKET,BUY,,85
596,ORD000589,CANCEL,,,
597,ORD000597,LIMIT,BUY,98.08,77
598,ORD000597,CANCEL,,,
599,ORD000599,LIMIT,BUY,98.59,28
600,ORD000600,LIMIT,BUY,100.48,30
601,ORD000601,LIMIT,SELL,101.43,42
602,ORD000599,CANCEL,,,
603,ORD000603,LIMIT,BUY,98.69,72
604,ORD000604,LIMIT,BUY,99.07,64
605,ORD000603,CANCEL,,,
606,ORD000606,LIMIT,SELL,100.3,54
607,ORD000604,CANCEL,,,
608,ORD000606,CANCEL,,,
609,ORD000600,CANCEL,,,
610,ORD000601,CANCEL,,,
611,ORD000611,LIMIT,BUY,100.42,72
612,ORD000611,CANCEL,,,
613,ORD000613,LIMIT,BUY,98.2,58
614,ORD000614,LIMIT,BUY,100.07,7
615,ORD000613,CANCEL,,,
616,ORD000616,LIMIT,BUY,99.47,86
617,ORD000616,CANCEL,,,
618,ORD000614,CANCEL,,,
619,ORD000619,LIMIT,BUY,98.48,95
620,ORD000619,CANCEL,,,
621,ORD000621,LIMIT,BUY,98.6,42
622,ORD000622,LIMIT,SELL,101.12,40
623,ORD000622,CANCEL,,,
624,ORD000621,CANCEL,,,
625,ORD000625,LIMIT,SELL,100.43,53
626,ORD000625,CANCEL,,,
627,ORD000627,LIMIT,BUY,100.34,75
628,ORD000628,LIMIT,SELL,100.32,49
629,ORD000627,CANCEL,,,
630,ORD000630,LIMIT,SELL,101.55,93
631,ORD000630,CANCEL,,,
632,ORD000632,LIMIT,SELL,101.3,63
633,ORD000632,CANCEL,,,
634,ORD000634,LIMIT,BUY,99.67,98
635,ORD000634,CANCEL,,,
636,ORD000636,LIMIT,BUY,98.38,28
637,ORD000636,CANCEL,,,
638,ORD000638,LIMIT,SELL,99.54,69
639,ORD000638,CANCEL,,,
640,ORD000640,LIMIT,SELL,100.22,65
641,ORD000641,LIMIT,SELL,101.77,14
642,ORD000642,LIMIT,BUY,99.55,33
643,ORD000643,LIMIT,SELL,99.7,52
644,ORD000641,CANCEL,,,
645,ORD000645,LIMIT,BUY,100.07,11
646,ORD000643,CANCEL,,,
647,ORD000647,LIMIT,BUY,98.94,61
648,ORD000640,CANCEL,,,
649,ORD000649,LIMIT,BUY,99.08,43
650,ORD000642,CANCEL,,,
651,ORD000651,LIMIT,BUY,100.25,89
652,ORD000652,LIMIT,SELL,101.81,88
653,ORD000653,LIMIT,BUY,100.13,3
654,ORD000654,LIMIT,BUY,99.78,51
655,ORD000655,LIMIT,SELL,100.1,50
656,ORD000653,CANCEL,,,
657,ORD000649,CANCEL,,,
658,ORD000658,LIMIT,BUY,100.44,7
659,ORD000651,CANCEL,,,
660,ORD000660,LIMIT,SELL,101.03,77
661,ORD000654,CANCEL,,,
662,ORD000658,CANCEL,,,
663,ORD000663,LIMIT,SELL,100.39,49
664,ORD000663,CANCEL,,,
665,ORD000660,CANCEL,,,
666,ORD000647,CANCEL,,,
667,ORD000667,LIMIT,BUY,98.95,82
668,ORD000667,CANCEL,,,
669,ORD000652,CANCEL,,,
670,ORD000670,LIMIT,SELL,101.4,14
671,ORD000670,CANCEL,,,
672,ORD000672,LIMIT,SELL,99.72,71
673,ORD000672,CANCEL,,,
674,ORD000674,LIMIT,BUY,98.97,11
675,ORD000675,LIMIT,BUY,98.42,49
676,ORD000675,CANCEL,,,
677,ORD000674,CANCEL,,,
678,ORD000678,LIMIT,BUY,99.05,62
679,ORD000679,LIMIT,SELL,100.12,81
680,ORD000678,CANCEL,,,
681,ORD000679,CANCEL,,,
682,ORD000682,LIMIT,SELL,101.05,43
683,ORD000682,CANCEL,,,
684,ORD000684,LIMIT,BUY,99.51,89
685,ORD000684,CANCEL,,,
686,ORD000686,LIMIT,SELL,100.23,89
687,ORD000686,CANCEL,,,
688,ORD000688,LIMIT,SELL,100.48,15
689,ORD000689,LIMIT,BUY,99.36,88
690,ORD000690,LIMIT,BUY,99.15,91
691,ORD000689,CANCEL,,,
692,ORD000692,LIMIT,BUY,99.99,53
693,ORD000688,CANCEL,,,
694,ORD000690,CANCEL,,,
695,ORD000692,CANCEL,,,
696,ORD000696,LIMIT,SELL,101.98,62
697,ORD000696,CANCEL,,,
698,ORD000698,LIMIT,SELL,101.53,77
699,ORD000698,CANCEL,,,
700,ORD000700,LIMIT,BUY,98.89,83
701,ORD000700,CANCEL,,,
702,ORD000702,LIMIT,SELL,100.58,2
703,ORD000702,CANCEL,,,
704,ORD000704,LIMIT,BUY,98.98,99
705,ORD000704,CANCEL,,,
706,ORD000706,LIMIT,BUY,98.74,11
707,ORD000706,CANCEL,,,
708,ORD000708,LIMIT,SELL,100.02,62
709,ORD000708,CANCEL,,,
710,ORD000710,LIMIT,SELL,100.25,91
711,ORD000710,CANCEL,,,
712,ORD000712,LIMIT,BUY,99.85,67
713,ORD000712,CANCEL,,,
714,ORD000714,LIMIT,SELL,100.08,52
715,ORD000714,CANCEL,,,
716,ORD000716,LIMIT,SELL,101.34,26
717,ORD000716,CANCEL,,,
718,ORD000718,LIMIT,BUY,99.88,9
719,ORD000718,CANCEL,,,
720,ORD000720,LIMIT,BUY,98.66,63
721,ORD000720,CANCEL,,,
722,ORD000722,LIMIT,SELL,100.37,59
723,ORD000722,CANCEL,,,
724,ORD000724,LIMIT,BUY,98.78,31
725,ORD000724,CANCEL,,,
726,ORD000726,LIMIT,BUY,99.05,18
727,ORD000726,CANCEL,,,
728,ORD000728,LIMIT,BUY,99.22,18
729,ORD000728,CANCEL,,,
730,ORD000730,LIMIT,SELL,100.71,25
731,ORD000731,LIMIT,SELL,100.73,91
732,ORD000732,LIMIT,SELL,100.91,98
733,ORD000730,CANCEL,,,
734,ORD000732,CANCEL,,,
735,ORD000731,CANCEL,,,
736,ORD000736,LIMIT,SELL,99.78,15
737,ORD000736,CANCEL,,,
738,ORD000738,LIMIT,BUY,99.1,28
739,ORD000739,LIMIT,BUY,99.63,32
740,ORD000738,CANCEL,,,
741,ORD000739,CANCEL,,,
742,ORD000742,LIMIT,BUY,100.48,100
743,ORD000743,LIMIT,BUY,99.47,45
744,ORD000744,LIMIT,SELL,99.85,27
745,ORD000745,LIMIT,BUY,99.33,77
746,ORD000743,CANCEL,,,
747,ORD000747,LIMIT,SELL,100.17,66
748,ORD000748,LIMIT,BUY,99.88,53
749,ORD000749,LIMIT,SELL,99.82,17
750,ORD000748,CANCEL,,,
751,ORD000742,CANCEL,,,
752,ORD000752,LIMIT,SELL,100.94,35
753,ORD000752,CANCEL,,,
754,ORD000745,CANCEL,,,
755,ORD000755,LIMIT,SELL,101.69,59
756,ORD000756,LIMIT,SELL,101.67,94
757,ORD000756,CANCEL,,,
758,ORD000755,CANCEL,,,
759,ORD000759,LIMIT,SELL,100.57,28
760,ORD000759,CANCEL,,,
761,ORD000761,LIMIT,SELL,99.83,63
762,ORD000762,MARKET,BUY,,81
763,ORD000763,MARKET,SELL,,21
764,ORD000761,CANCEL,,,
765,ORD000765,LIMIT,SELL,101.22,17
766,ORD000766,LIMIT,SELL,101.83,36
767,ORD000766,CANCEL,,,
768,ORD000765,CANCEL,,,
769,ORD000769,LIMIT,BUY,99.56,93
770,ORD000769,CANCEL,,,
771,ORD000771,LIMIT,BUY,98.0,62
772,ORD000771,CANCEL,,,
773,ORD000773,MARKET,SELL,,90
774,ORD000774,LIMIT,BUY,99.06,17
775,ORD000774,CANCEL,,,
776,ORD000776,LIMIT,BUY,98.92,39
777,ORD000776,CANCEL,,,
778,ORD000778,LIMIT,BUY,99.41,79
779,ORD000778,CANCEL,,,
780,ORD000780,LIMIT,BUY,98.38,53
781,ORD000780,CANCEL,,,
782,ORD000782,LIMIT,BUY,98.35,16
783,ORD000782,CANCEL,,,
784,ORD000784,LIMIT,SELL,99.85,36
785,ORD000784,CANCEL,,,
786,ORD000786,LIMIT,SELL,101.23,85
787,ORD000787,LIMIT,BUY,99.27,96
788,ORD000786,CANCEL,,,
789,ORD000789,LIMIT,BUY,98.28,64
790,ORD000787,CANCEL,,,
791,ORD000789,CANCEL,,,
792,ORD000792,LIMIT,SELL,101.65,73
793,ORD000792,CANCEL,,,
794,ORD000794,MARKET,BUY,,9
795,ORD000795,MARKET,BUY,,8
796,ORD000796,LIMIT,SELL,101.07,65
797,ORD000797,LIMIT,SELL,99.71,69
798,ORD000796,CANCEL,,,
799,ORD000797,CANCEL,,,
800,ORD000800,LIMIT,BUY,98.39,42
801,ORD000800,CANCEL,,,
802,ORD000802,LIMIT,SELL,101.62,8
803,ORD000802,CANCEL,,,
804,ORD000804,LIMIT,BUY,99.85,95
805,ORD000804,CANCEL,,,
806,ORD000806,LIMIT,BUY,100.38,67
807,ORD000806,CANCEL,,,
808,ORD000808,LIMIT,BUY,100.18,94
809,ORD000809,LIMIT,BUY,99.07,68
810,ORD000808,CANCEL,,,
811,ORD000809,CANCEL,,,
812,ORD000812,LIMIT,BUY,98.64,14
813,ORD000813,LIMIT,BUY,99.27,6
814,ORD000814,LIMIT,BUY,99.18,50
815,ORD000815,LIMIT,BUY,100.14,71
816,ORD000816,LIMIT,SELL,100.12,93
817,ORD000812,CANCEL,,,
818,ORD000813,CANCEL,,,
819,ORD000814,CANCEL,,,
820,ORD000815,CANCEL,,,
821,ORD000821,LIMIT,BUY,100.17,100
822,ORD000822,LIMIT,SELL,100.64,48
823,ORD000822,CANCEL,,,
824,ORD000824,LIMIT,BUY,99.48,64
825,ORD000825,LIMIT,BUY,99.37,32
826,ORD000825,CANCEL,,,
827,ORD000824,CANCEL,,,
828,ORD000816,CANCEL,,,
829,ORD000829,LIMIT,BUY,98.94,95
830,ORD000830,LIMIT,BUY,100.46,54
831,ORD000821,CANCEL,,,
832,ORD000832,LIMIT,BUY,98.23,30
833,ORD000833,LIMIT,SELL,100.43,96
834,ORD000829,CANCEL,,,
835,ORD000833,CANCEL,,,
836,ORD000836,LIMIT,BUY,98.16,85
837,ORD000837,LIMIT,BUY,100.13,51
838,ORD000838,LIMIT,SELL,100.18,10
839,ORD000839,LIMIT,BUY,99.46,20
840,ORD000837,CANCEL,,,
841,ORD000838,CANCEL,,,
842,ORD000836,CANCEL,,,
843,ORD000843,LIMIT,BUY,99.16,16
844,ORD000839,CANCEL,,,
845,ORD000845,LIMIT,BUY,100.14,19
846,ORD000832,CANCEL,,,
847,ORD000847,LIMIT,SELL,101.19,34
848,ORD000848,MARKET,BUY,,52
849,ORD000849,LIMIT,BUY,98.25,18
850,ORD000830,CANCEL,,,
851,ORD000851,LIMIT,BUY,100.06,48
852,ORD000843,CANCEL,,,
853,ORD000849,CANCEL,,,
854,ORD000854,MARKET,BUY,,9
855,ORD000851,CANCEL,,,
856,ORD000845,CANCEL,,,
857,ORD000847,CANCEL,,,
858,ORD000858,LIMIT,SELL,101.81,56
859,ORD000859,LIMIT,SELL,100.46,55
860,ORD000858,CANCEL,,,
861,ORD000861,LIMIT,SELL,101.71,5
862,ORD000859,CANCEL,,,
863,ORD000861,CANCEL,,,
864,ORD000864,LIMIT,SELL,100.2,18
865,ORD000864,CANCEL,,,
866,ORD000866,LIMIT,BUY,99.95,46
867,ORD000866,CANCEL,,,
868,ORD000868,LIMIT,SELL,99.95,41
869,ORD000868,CANCEL,,,
870,ORD000870,LIMIT,SELL,101.98,68
871,ORD000870,CANCEL,,,
872,ORD000872,LIMIT,BUY,98.6,69
873,ORD000873,LIMIT,BUY,100.37,74
874,ORD000874,LIMIT,SELL,101.6,23
875,ORD000874,CANCEL,,,
876,ORD000873,CANCEL,,,
877,ORD000877,LIMIT,BUY,98.88,73
878,ORD000872,CANCEL,,,
879,ORD000879,LIMIT,SELL,99.94,5
880,ORD000877,CANCEL,,,
881,ORD000879,CANCEL,,,
882,ORD000882,LIMIT,BUY,99.54,17
883,ORD000882,CANCEL,,,
884,ORD000884,LIMIT,SELL,99.87,91
885,ORD000885,LIMIT,BUY,100.15,10
886,ORD000884,CANCEL,,,
887,ORD000887,LIMIT,SELL,99.84,21
888,ORD000888,LIMIT,SELL,101.9,84
889,ORD000888,CANCEL,,,
890,ORD000887,CANCEL,,,
891,ORD000891,LIMIT,SELL,101.32,90
892,ORD000892,LIMIT,SELL,101.43,73
893,ORD000892,CANCEL,,,
894,ORD000894,LIMIT,BUY,98.26,64
895,ORD000891,CANCEL,,,
896,ORD000894,CANCEL,,,
897,ORD000897,LIMIT,BUY,99.68,94
898,ORD000898,MARKET,SELL,,27
899,ORD000897,CANCEL,,,
900,ORD000900,LIMIT,BUY,98.12,57
901,ORD000901,LIMIT,BUY,99.23,49
902,ORD000901,CANCEL,,,
903,ORD000900,CANCEL,,,
904,ORD000904,LIMIT,BUY,98.18,5
905,ORD000904,CANCEL,,,
906,ORD000906,LIMIT,BUY,98.43,49
907,ORD000906,CANCEL,,,
908,ORD000908,LIMIT,BUY,100.46,62
909,ORD000909,LIMIT,SELL,99.91,56
910,ORD000908,CANCEL,,,
911,ORD000911,LIMIT,BUY,99.39,94
912,ORD000911,CANCEL,,,
913,ORD000913,MARKET,BUY,,74
914,ORD000914,LIMIT,SELL,100.4,55
915,ORD000914,CANCEL,,,
916,ORD000916,LIMIT,BUY,99.6,11
917,ORD000916,CANCEL,,,
918,ORD000918,LIMIT,SELL,101.74,34
919,ORD000918,CANCEL,,,
920,ORD000920,LIMIT,SELL,100.61,34
921,ORD000920,CANCEL,,,
922,ORD000922,LIMIT,SELL,99.88,90
923,ORD000922,CANCEL,,,
924,ORD000924,LIMIT,SELL,100.97,71
925,ORD000924,CANCEL,,,
926,ORD000926,LIMIT,SELL,101.22,61
927,ORD000926,CANCEL,,,
928,ORD000928,LIMIT,BUY,100.13,5
929,ORD000928,CANCEL,,,
930,ORD000930,LIMIT,SELL,101.96,28
931,ORD000931,MARKET,BUY,,11
932,ORD000932,LIMIT,SELL,101.56,19
933,ORD000933,LIMIT,SELL,101.32,9
934,ORD000933,CANCEL,,,
935,ORD000932,CANCEL,,,
936,ORD000936,LIMIT,SELL,99.53,90
937,ORD000936,CANCEL,,,
938,ORD000930,CANCEL,,,
939,ORD000939,LIMIT,BUY,99.41,13
940,ORD000940,LIMIT,SELL,100.16,84
941,ORD000940,CANCEL,,,
942,ORD000939,CANCEL,,,
943,ORD000943,MARKET,SELL,,43
944,ORD000944,LIMIT,BUY,100.3,48
945,ORD000944,CANCEL,,,
946,ORD000946,LIMIT,SELL,101.21,30
947,ORD000946,CANCEL,,,
948,ORD000948,LIMIT,SELL,100.54,83
949,ORD000948,CANCEL,,,
950,ORD000950,LIMIT,SELL,101.4,48
951,ORD000951,LIMIT,BUY,99.77,52
952,ORD000950,CANCEL,,,
953,ORD000951,CANCEL,,,
954,ORD000954,MARKET,BUY,,7
955,ORD000955,LIMIT,BUY,100.06,65
956,ORD000955,CANCEL,,,
957,ORD000957,LIMIT,BUY,99.49,23
958,ORD000958,LIMIT,SELL,100.37,21
959,ORD000959,LIMIT,SELL,101.22,37
960,ORD000957,CANCEL,,,
961,ORD000958,CANCEL,,,
962,ORD000962,LIMIT,BUY,98.67,53
963,ORD000959,CANCEL,,,
964,ORD000962,CANCEL,,,
965,ORD000965,LIMIT,BUY,99.52,40
966,ORD000966,LIMIT,SELL,100.44,45
967,ORD000965,CANCEL,,,
968,ORD000966,CANCEL,,,
969,ORD000969,LIMIT,BUY,99.66,48
970,ORD000969,CANCEL,,,
971,ORD000971,LIMIT,BUY,98.84,36
972,ORD000971,CANCEL,,,
973,ORD000973,LIMIT,SELL,100.79,31
974,ORD000974,LIMIT,SELL,101.2,93
975,ORD000974,CANCEL,,,
976,ORD000976,LIMIT,SELL,100.51,95
977,ORD000973,CANCEL,,,
978,ORD000976,CANCEL,,,
979,ORD000979,LIMIT,SELL,101.18,65
980,ORD000979,CANCEL,,,
981,ORD000981,LIMIT,BUY,99.18,95
982,ORD000981,CANCEL,,,
983,ORD000983,LIMIT,SELL,100.06,29
984,ORD000984,LIMIT,SELL,101.72,48
985,ORD000984,CANCEL,,,
986,ORD000983,CANCEL,,,
987,ORD000987,LIMIT,BUY,98.49,16
988,ORD000988,LIMIT,SELL,100.53,20
989,ORD000987,CANCEL,,,
990,ORD000988,CANCEL,,,
991,ORD000991,LIMIT,BUY,99.22,81
992,ORD000992,LIMIT,SELL,99.51,36
993,ORD000991,CANCEL,,,
994,ORD000992,CANCEL,,,
995,ORD000995,LIMIT,BUY,99.08,55
996,ORD000995,CANCEL,,,
997,ORD000997,LIMIT,BUY,99.83,2
998,ORD000998,MARKET,BUY,,1
999,ORD000997,CANCEL,,,
1000,ORD001000,LIMIT,SELL,99.76,65
1001,ORD001000,CANCEL,,,
1002,ORD001002,LIMIT,BUY,98.73,94
1003,ORD001002,CANCEL,,,
1004,ORD001004,LIMIT,BUY,100.25,46
1005,ORD001005,LIMIT,BUY,100.3,52
1006,ORD001004,CANCEL,,,
1007,ORD001007,LIMIT,BUY,98.05,65
1008,ORD001007,CANCEL,,,
1009,ORD001009,LIMIT,BUY,99.6,99
1010,ORD001005,CANCEL,,,
1011,ORD001009,CANCEL,,,
1012,ORD001012,MARKET,BUY,,15
1013,ORD001013,LIMIT,SELL,100.13,90
1014,ORD001013,CANCEL,,,
1015,ORD001015,LIMIT,BUY,98.67,78
1016,ORD001016,LIMIT,SELL,99.76,93
1017,ORD001016,CANCEL,,,
1018,ORD001015,CANCEL,,,
1019,ORD001019,LIMIT,BUY,100.08,26
1020,ORD001019,CANCEL,,,
1021,ORD001021,LIMIT,BUY,100.28,89
1022,ORD001022,LIMIT,SELL,99.53,12
1023,ORD001023,LIMIT,SELL,99.73,66
1024,ORD001021,CANCEL,,,
1025,ORD001025,LIMIT,BUY,100.44,34
1026,ORD001025,CANCEL,,,
1027,ORD001027,LIMIT,BUY,98.9,87
1028,ORD001027,CANCEL,,,
1029,ORD001029,MARKET,BUY,,18
1030,ORD001030,LIMIT,BUY,100.24,80
1031,ORD001030,CANCEL,,,
1032,ORD001032,LIMIT,SELL,100.5,59
1033,ORD001032,CANCEL,,,
1034,ORD001034,LIMIT,SELL,101.12,22
1035,ORD001034,CANCEL,,,
1036,ORD001036,LIMIT,BUY,100.28,62
1037,ORD001037,LIMIT,SELL,100.45,46
1038,ORD001036,CANCEL,,,
1039,ORD001037,CANCEL,,,
1040,ORD001040,LIMIT,SELL,99.66,84
1041,ORD001040,CANCEL,,,
1042,ORD001042,LIMIT,SELL,101.22,80
1043,ORD001042,CANCEL,,,
1044,ORD001044,LIMIT,SELL,101.57,79
1045,ORD001044,CANCEL,,,
1046,ORD001046,LIMIT,SELL,101.67,10
1047,ORD001047,LIMIT,SELL,101.93,7
1048,ORD001047,CANCEL,,,
1049,ORD001046,CANCEL,,,
1050,ORD001050,LIMIT,SELL,100.62,64
1051,ORD001050,CANCEL,,,
1052,ORD001052,LIMIT,BUY,99.03,72
1053,ORD001052,CANCEL,,,
1054,ORD001054,LIMIT,SELL,100.91,84
1055,ORD001054,CANCEL,,,
1056,ORD001056,LIMIT,BUY,100.11,43
1057,ORD001056,CANCEL,,,
1058,ORD001058,LIMIT,SELL,99.79,98
1059,ORD001058,CANCEL,,,
1060,ORD001060,LIMIT,SELL,100.43,14
1061,ORD001060,CANCEL,,,
1062,ORD001062,LIMIT,SELL,101.03,25
1063,ORD001062,CANCEL,,,
1064,ORD001064,LIMIT,BUY,98.27,54
1065,ORD001064,CANCEL,,,
1066,ORD001066,LIMIT,SELL,100.97,65
1067,ORD001066,CANCEL,,,
1068,ORD001068,LIMIT,BUY,99.08,75
1069,ORD001068,CANCEL,,,
1070,ORD001070,LIMIT,BUY,98.32,50
1071,ORD001070,CANCEL,,,
1072,ORD001072,LIMIT,SELL,101.02,89
1073,ORD001073,LIMIT,SELL,100.36,38
1074,ORD001072,CANCEL,,,
1075,ORD001073,CANCEL,,,
1076,ORD001076,LIMIT,SELL,101.84,81
1077,ORD001076,CANCEL,,,
1078,ORD001078,LIMIT,SELL,101.8,17
1079,ORD001079,LIMIT,BUY,99.74,42
1080,ORD001080,LIMIT,SELL,100.96,86
1081,ORD001081,LIMIT,SELL,100.56,2
1082,ORD001078,CANCEL,,,
1083,ORD001079,CANCEL,,,
1084,ORD001080,CANCEL,,,
1085,ORD001081,CANCEL,,,
1086,ORD001086,LIMIT,SELL,99.66,38
1087,ORD001086,CANCEL,,,
1088,ORD001088,LIMIT,SELL,101.67,95
1089,ORD001088,CANCEL,,,
1090,ORD001090,LIMIT,SELL,101.46,90
1091,ORD001090,CANCEL,,,
1092,ORD001092,LIMIT,SELL,101.47,88
1093,ORD001092,CANCEL,,,
1094,ORD001094,LIMIT,SELL,101.67,57
1095,ORD001095,LIMIT,SELL,100.87,78
1096,ORD001094,CANCEL,,,
1097,ORD001095,CANCEL,,,
1098,ORD001098,LIMIT,BUY,98.43,66
1099,ORD001098,CANCEL,,,
1100,ORD001100,LIMIT,SELL,100.96,33
1101,ORD001100,CANCEL,,,
1102,ORD001102,MARKET,BUY,,42
1103,ORD001103,LIMIT,SELL,100.93,46
1104,ORD001103,CANCEL,,,
1105,ORD001105,LIMIT,BUY,99.97,21
1106,ORD001105,CANCEL,,,
1107,ORD001107,LIMIT,BUY,99.66,43
1108,ORD001107,CANCEL,,,
1109,ORD001109,LIMIT,SELL,101.56,84
1110,ORD001109,CANCEL,,,
1111,ORD001111,LIMIT,BUY,99.71,42
1112,ORD001111,CANCEL,,,
1113,ORD001113,MARKET,SELL,,67
1114,ORD001114,LIMIT,SELL,100.77,63
1115,ORD001114,CANCEL,,,
1116,ORD001116,LIMIT,BUY,98.42,99
1117,ORD001116,CANCEL,,,
1118,ORD001118,LIMIT,BUY,99.93,88
1119,ORD001118,CANCEL,,,
1120,ORD001120,LIMIT,SELL,101.85,96
1121,ORD001120,CANCEL,,,
1122,ORD001122,MARKET,SELL,,10
1123,ORD001123,LIMIT,SELL,100.94,30
1124,ORD001124,LIMIT,SELL,101.08,56
1125,ORD001124,CANCEL,,,
1126,ORD001123,CANCEL,,,
1127,ORD001127,LIMIT,BUY,99.46,90
1128,ORD001128,LIMIT,SELL,99.77,88
1129,ORD001127,CANCEL,,,
1130,ORD001128,CANCEL,,,
1131,ORD001131,LIMIT,BUY,99.33,18
1132,ORD001132,LIMIT,SELL,99.86,87
1133,ORD001133,LIMIT,SELL,99.53,72
1134,ORD001131,CANCEL,,,
1135,ORD001133,CANCEL,,,
1136,ORD001132,CANCEL,,,
1137,ORD001137,LIMIT,SELL,101.76,66
1138,ORD001137,CANCEL,,,
1139,ORD001139,LIMIT,SELL,99.95,73
1140,ORD001140,LIMIT,SELL,99.68,86
1141,ORD001139,CANCEL,,,
1142,ORD001140,CANCEL,,,
1143,ORD001143,LIMIT,SELL,101.14,13
1144,ORD001143,CANCEL,,,
1145,ORD001145,LIMIT,SELL,100.32,85
1146,ORD001145,CANCEL,,,
1147,ORD001147,LIMIT,SELL,101.9,22
1148,ORD001147,CANCEL,,,
1149,ORD001149,LIMIT,SELL,100.4,87
1150,ORD001150,LIMIT,SELL,100.4,40
1151,ORD001149,CANCEL,,,
1152,ORD001150,CANCEL,,,
1153,ORD001153,LIMIT,BUY,98.49,94
1154,ORD001154,LIMIT,BUY,100.23,65
1155,ORD001154,CANCEL,,,
1156,ORD001156,LIMIT,BUY,99.38,70
1157,ORD001157,LIMIT,SELL,99.87,51
1158,ORD001157,CANCEL,,,
1159,ORD001159,LIMIT,SELL,100.75,12
1160,ORD001159,CANCEL,,,
1161,ORD001153,CANCEL,,,
1162,ORD001162,LIMIT,BUY,98.35,21
1163,ORD001156,CANCEL,,,
1164,ORD001164,LIMIT,SELL,99.6,98
1165,ORD001162,CANCEL,,,
1166,ORD001164,CANCEL,,,
1167,ORD001167,LIMIT,BUY,99.98,50
1168,ORD001167,CANCEL,,,
1169,ORD001169,LIMIT,BUY,98.81,91
1170,ORD001170,LIMIT,SELL,100.16,70
1171,ORD001170,CANCEL,,,
1172,ORD001169,CANCEL,,,
1173,ORD001173,LIMIT,BUY,98.94,29
1174,ORD001173,CANCEL,,,
1175,ORD001175,LIMIT,SELL,100.71,78
1176,ORD001175,CANCEL,,,
1177,ORD001177,LIMIT,BUY,99.61,28
1178,ORD001177,CANCEL,,,
1179,ORD001179,LIMIT,BUY,99.04,43
1180,ORD001180,LIMIT,SELL,100.7,76
1181,ORD001180,CANCEL,,,
1182,ORD001179,CANCEL,,,
1183,ORD001183,LIMIT,BUY,99.28,74
1184,ORD001183,CANCEL,,,
1185,ORD001185,LIMIT,BUY,99.01,73
1186,ORD001185,CANCEL,,,
1187,ORD001187,LIMIT,BUY,100.48,62
1188,ORD001187,CANCEL,,,
1189,ORD001189,LIMIT,BUY,99.28,22
1190,ORD001190,LIMIT,SELL,100.99,9
1191,ORD001190,CANCEL,,,
1192,ORD001189,CANCEL,,,
1193,ORD001193,LIMIT,SELL,101.01,23
1194,ORD001193,CANCEL,,,
1195,ORD001195,LIMIT,BUY,99.65,78
1196,ORD001195,CANCEL,,,
1197,ORD001197,LIMIT,SELL,100.43,6
1198,ORD001197,CANCEL,,,
1199,ORD001199,LIMIT,SELL,100.45,76
1200,ORD001200,LIMIT,BUY,98.64,99
1201,ORD001199,CANCEL,,,
1202,ORD001200,CANCEL,,,
1203,ORD001203,LIMIT,BUY,99.97,74
1204,ORD001203,CANCEL,,,
1205,ORD001205,LIMIT,BUY,98.79,47
1206,ORD001205,CANCEL,,,
1207,ORD001207,LIMIT,SELL,100.84,73
1208,ORD001207,CANCEL,,,
1209,ORD001209,LIMIT,SELL,100.53,72
1210,ORD001209,CANCEL,,,
1211,ORD001211,LIMIT,SELL,100.27,45
1212,ORD001212,LIMIT,SELL,101.64,85
1213,ORD001211,CANCEL,,,
1214,ORD001212,CANCEL,,,
1215,ORD001215,LIMIT,SELL,101.5,79
1216,ORD001215,CANCEL,,,
1217,ORD001217,LIMIT,BUY,100.06,61
1218,ORD001218,LIMIT,SELL,100.16,48
1219,ORD001217,CANCEL,,,
1220,ORD001220,LIMIT,SELL,100.8,92
1221,ORD001221,LIMIT,BUY,100.05,82
1222,ORD001218,CANCEL,,,
1223,ORD001221,CANCEL,,,
1224,ORD001220,CANCEL,,,
1225,ORD001225,LIMIT,BUY,99.64,21
1226,ORD001225,CANCEL,,,
1227,ORD001227,LIMIT,SELL,100.51,26
1228,ORD001227,CANCEL,,,
1229,ORD001229,LIMIT,SELL,100.9,75
1230,ORD001229,CANCEL,,,
1231,ORD001231,LIMIT,BUY,99.01,1
1232,ORD001231,CANCEL,,,
1233,ORD001233,LIMIT,BUY,98.85,15
1234,ORD001234,LIMIT,SELL,101.53,74
1235,ORD001234,CANCEL,,,
1236,ORD001236,LIMIT,SELL,101.39,100
1237,ORD001236,CANCEL,,,
1238,ORD001238,LIMIT,BUY,98.64,49
1239,ORD001233,CANCEL,,,
1240,ORD001238,CANCEL,,,
1241,ORD001241,LIMIT,SELL,100.79,2
1242,ORD001242,LIMIT,SELL,99.73,87
1243,ORD001243,LIMIT,SELL,101.83,61
1244,ORD001241,CANCEL,,,
1245,ORD001245,LIMIT,SELL,101.37,25
1246,ORD001242,CANCEL,,,
1247,ORD001243,CANCEL,,,
1248,ORD001248,LIMIT,BUY,100.09,80
1249,ORD001245,CANCEL,,,
1250,ORD001248,CANCEL,,,
1251,ORD001251,LIMIT,SELL,101.41,70
1252,ORD001252,LIMIT,SELL,100.29,74
1253,ORD001253,LIMIT,SELL,101.41,66
1254,ORD001251,CANCEL,,,
1255,ORD001255,LIMIT,BUY,100.0,62
1256,ORD001256,LIMIT,BUY,98.98,88
1257,ORD001257,LIMIT,SELL,101.25,59
1258,ORD001252,CANCEL,,,
1259,ORD001255,CANCEL,,,
1260,ORD001253,CANCEL,,,
1261,ORD001257,CANCEL,,,
1262,ORD001256,CANCEL,,,
1263,ORD001263,LIMIT,SELL,100.36,24
1264,ORD001263,CANCEL,,,
1265,ORD001265,LIMIT,SELL,100.5,58
1266,ORD001265,CANCEL,,,
1267,ORD001267,LIMIT,BUY,99.8,31
1268,ORD001267,CANCEL,,,
1269,ORD001269,LIMIT,BUY,98.02,54
1270,ORD001269,CANCEL,,,
1271,ORD001271,LIMIT,SELL,101.65,7
1272,ORD001271,CANCEL,,,
1273,ORD001273,LIMIT,SELL,101.07,58
1274,ORD001274,LIMIT,SELL,100.9,33
1275,ORD001274,CANCEL,,,
1276,ORD001273,CANCEL,,,
1277,ORD001277,LIMIT,BUY,98.71,42
1278,ORD001277,CANCEL,,,
1279,ORD001279,LIMIT,SELL,100.45,37
1280,ORD001279,CANCEL,,,
1281,ORD001281,LIMIT,SELL,101.03,52
1282,ORD001282,LIMIT,BUY,98.86,41
1283,ORD001282,CANCEL,,,
1284,ORD001284,LIMIT,SELL,100.61,47
1285,ORD001285,LIMIT,SELL,99.96,3
1286,ORD001281,CANCEL,,,
1287,ORD001284,CANCEL,,,
1288,ORD001285,CANCEL,,,
1289,ORD001289,LIMIT,BUY,99.18,7
1290,ORD001289,CANCEL,,,
1291,ORD001291,LIMIT,BUY,99.55,11
1292,ORD001291,CANCEL,,,
1293,ORD001293,LIMIT,BUY,99.11,17
1294,ORD001293,CANCEL,,,
1295,ORD001295,LIMIT,SELL,100.31,61
1296,ORD001295,CANCEL,,,
1297,ORD001297,LIMIT,BUY,99.74,23
1298,ORD001297,CANCEL,,,
1299,ORD001299,LIMIT,SELL,101.1,40
1300,ORD001300,LIMIT,SELL,101.51,57
1301,ORD001300,CANCEL,,,
1302,ORD001299,CANCEL,,,
1303,ORD001303,LIMIT,BUY,99.17,2
1304,ORD001303,CANCEL,,,
1305,ORD001305,LIMIT,SELL,101.41,38
1306,ORD001305,CANCEL,,,
1307,ORD001307,LIMIT,BUY,99.4,51
1308,ORD001307,CANCEL,,,
1309,ORD001309,LIMIT,BUY,99.06,31
1310,ORD001309,CANCEL,,,
1311,ORD001311,LIMIT,SELL,101.63,24
1312,ORD001311,CANCEL,,,
1313,ORD001313,LIMIT,SELL,101.06,25
1314,ORD001313,CANCEL,,,
1315,ORD001315,LIMIT,BUY,98.26,35
1316,ORD001315,CANCEL,,,
1317,ORD001317,LIMIT,BUY,98.04,28
1318,ORD001317,CANCEL,,,
1319,ORD001319,LIMIT,SELL,100.66,5
1320,ORD001319,CANCEL,,,
1321,ORD001321,LIMIT,SELL,100.68,25
1322,ORD001322,LIMIT,SELL,101.57,16
1323,ORD001323,LIMIT,BUY,100.44,32
1324,ORD001324,LIMIT,BUY,99.84,13
1325,ORD001322,CANCEL,,,
1326,ORD001324,CANCEL,,,
1327,ORD001327,LIMIT,SELL,101.32,96
1328,ORD001328,LIMIT,BUY,99.6,26
1329,ORD001321,CANCEL,,,
1330,ORD001330,LIMIT,BUY,98.59,56
1331,ORD001327,CANCEL,,,
1332,ORD001332,LIMIT,BUY,98.61,6
1333,ORD001332,CANCEL,,,
1334,ORD001323,CANCEL,,,
1335,ORD001328,CANCEL,,,
1336,ORD001330,CANCEL,,,
1337,ORD001337,LIMIT,SELL,101.99,81
1338,ORD001337,CANCEL,,,
1339,ORD001339,LIMIT,BUY,98.58,72
1340,ORD001340,LIMIT,SELL,100.6,25
1341,ORD001340,CANCEL,,,
1342,ORD001339,CANCEL,,,
1343,ORD001343,LIMIT,BUY,99.09,38
1344,ORD001343,CANCEL,,,
1345,ORD001345,LIMIT,BUY,98.81,60
1346,ORD001345,CANCEL,,,
1347,ORD001347,LIMIT,BUY,100.05,70
1348,ORD001347,CANCEL,,,
1349,ORD001349,LIMIT,SELL,101.71,80
1350,ORD001350,LIMIT,BUY,98.16,69
1351,ORD001351,LIMIT,BUY,99.24,71
1352,ORD001350,CANCEL,,,
1353,ORD001351,CANCEL,,,
1354,ORD001349,CANCEL,,,
1355,ORD001355,LIMIT,BUY,98.08,14
1356,ORD001355,CANCEL,,,
1357,ORD001357,LIMIT,SELL,100.81,90
1358,ORD001357,CANCEL,,,
1359,ORD001359,MARKET,BUY,,27
1360,ORD001360,LIMIT,BUY,99.6,47
1361,ORD001360,CANCEL,,,
1362,ORD001362,LIMIT,BUY,98.66,6
1363,ORD001363,LIMIT,SELL,100.04,67
1364,ORD001362,CANCEL,,,
1365,ORD001363,CANCEL,,,
1366,ORD001366,LIMIT,BUY,100.37,72
1367,ORD001367,LIMIT,SELL,101.42,74
1368,ORD001367,CANCEL,,,
1369,ORD001369,LIMIT,SELL,99.92,24
1370,ORD001366,CANCEL,,,
1371,ORD001371,LIMIT,SELL,101.76,71
1372,ORD001372,LIMIT,SELL,100.53,82
1373,ORD001372,CANCEL,,,
1374,ORD001371,CANCEL,,,
1375,ORD001375,LIMIT,SELL,100.63,51
1376,ORD001375,CANCEL,,,
1377,ORD001377,LIMIT,BUY,100.48,39
1378,ORD001377,CANCEL,,,
1379,ORD001379,MARKET,SELL,,89
1380,ORD001380,LIMIT,BUY,99.15,20
1381,ORD001380,CANCEL,,,
1382,ORD001382,LIMIT,BUY,100.03,12
1383,ORD001382,CANCEL,,,
1384,ORD001384,LIMIT,SELL,99.93,89
1385,ORD001385,LIMIT,BUY,98.75,94
1386,ORD001386,LIMIT,SELL,99.64,99
1387,ORD001385,CANCEL,,,
1388,ORD001384,CANCEL,,,
1389,ORD001389,LIMIT,BUY,100.12,2
1390,ORD001386,CANCEL,,,
1391,ORD001391,LIMIT,BUY,99.41,42
1392,ORD001391,CANCEL,,,
1393,ORD001393,LIMIT,SELL,101.38,74
1394,ORD001393,CANCEL,,,
1395,ORD001395,LIMIT,SELL,100.34,61
1396,ORD001395,CANCEL,,,
1397,ORD001397,LIMIT,SELL,100.75,100
1398,ORD001397,CANCEL,,,
1399,ORD001399,LIMIT,BUY,99.63,26
1400,ORD001399,CANCEL,,,
1401,ORD001401,LIMIT,SELL,100.31,74
1402,ORD001401,CANCEL,,,
1403,ORD001403,LIMIT,SELL,100.36,84
1404,ORD001403,CANCEL,,,
1405,ORD001405,LIMIT,SELL,101.98,57
1406,ORD001405,CANCEL,,,
1407,ORD001407,LIMIT,BUY,98.93,97
1408,ORD001408,LIMIT,BUY,98.14,80
1409,ORD001409,MARKET,SELL,,89
1410,ORD001410,LIMIT,SELL,99.56,27
1411,ORD001411,LIMIT,BUY,99.31,34
1412,ORD001408,CANCEL,,,
1413,ORD001411,CANCEL,,,
1414,ORD001407,CANCEL,,,
1415,ORD001410,CANCEL,,,
1416,ORD001416,LIMIT,SELL,101.14,2
1417,ORD001416,CANCEL,,,
1418,ORD001418,LIMIT,SELL,99.55,84
1419,ORD001418,CANCEL,,,
1420,ORD001420,LIMIT,BUY,99.21,77
1421,ORD001420,CANCEL,,,
1422,ORD001422,LIMIT,SELL,101.28,6
1423,ORD001422,CANCEL,,,
1424,ORD001424,LIMIT,SELL,99.55,88
1425,ORD001424,CANCEL,,,
1426,ORD001426,LIMIT,SELL,101.06,50
1427,ORD001427,LIMIT,BUY,100.37,29
1428,ORD001427,CANCEL,,,
1429,ORD001426,CANCEL,,,
1430,ORD001430,LIMIT,BUY,99.43,55
1431,ORD001431,LIMIT,SELL,99.83,84
1432,ORD001430,CANCEL,,,
1433,ORD001433,LIMIT,SELL,101.75,18
1434,ORD001431,CANCEL,,,
1435,ORD001433,CANCEL,,,
1436,ORD001436,LIMIT,BUY,100.1,19
1437,ORD001437,LIMIT,SELL,100.54,53
1438,ORD001437,CANCEL,,,
1439,ORD001436,CANCEL,,,
1440,ORD001440,MARKET,BUY,,79
1441,ORD001441,LIMIT,BUY,98.58,4
1442,ORD001441,CANCEL,,,
1443,ORD001443,LIMIT,SELL,100.43,50
1444,ORD001443,CANCEL,,,
1445,ORD001445,MARKET,BUY,,98
1446,ORD001446,LIMIT,SELL,100.06,86
1447,ORD001447,LIMIT,BUY,100.32,57
1448,ORD001448,LIMIT,SELL,101.67,32
1449,ORD001446,CANCEL,,,
1450,ORD001448,CANCEL,,,
1451,ORD001451,LIMIT,SELL,101.36,77
1452,ORD001451,CANCEL,,,
1453,ORD001453,LIMIT,SELL,101.69,32
1454,ORD001453,CANCEL,,,
1455,ORD001455,LIMIT,BUY,99.29,81
1456,ORD001456,LIMIT,BUY,99.0,39
1457,ORD001457,LIMIT,SELL,100.56,79
1458,ORD001458,LIMIT,BUY,99.62,12
1459,ORD001459,LIMIT,BUY,99.46,90
1460,ORD001458,CANCEL,,,
1461,ORD001459,CANCEL,,,
1462,ORD001456,CANCEL,,,
1463,ORD001455,CANCEL,,,
1464,ORD001464,LIMIT,BUY,99.73,92
1465,ORD001465,LIMIT,BUY,99.77,82
1466,ORD001465,CANCEL,,,
1467,ORD001467,LIMIT,BUY,98.95,99
1468,ORD001464,CANCEL,,,
1469,ORD001457,CANCEL,,,
1470,ORD001467,CANCEL,,,
1471,ORD001471,LIMIT,BUY,98.77,99
1472,ORD001472,LIMIT,SELL,99.79,17
1473,ORD001473,LIMIT,BUY,98.63,59
1474,ORD001472,CANCEL,,,
1475,ORD001471,CANCEL,,,
1476,ORD001473,CANCEL,,,
1477,ORD001477,LIMIT,SELL,100.6,77
1478,ORD001477,CANCEL,,,
1479,ORD001479,LIMIT,SELL,100.89,27
1480,ORD001479,CANCEL,,,
1481,ORD001481,MARKET,SELL,,5
1482,ORD001482,LIMIT,SELL,99.72,14
1483,ORD001482,CANCEL,,,
1484,ORD001484,LIMIT,SELL,101.23,77
1485,ORD001484,CANCEL,,,
1486,ORD001486,LIMIT,SELL,99.73,39
1487,ORD001486,CANCEL,,,
1488,ORD001488,LIMIT,SELL,99.66,61
1489,ORD001488,CANCEL,,,
1490,ORD001490,LIMIT,SELL,101.24,79
1491,ORD001490,CANCEL,,,
1492,ORD001492,LIMIT,SELL,101.62,34
1493,ORD001492,CANCEL,,,
1494,ORD001494,LIMIT,SELL,101.08,64
1495,ORD001495,LIMIT,BUY,100.45,1
1496,ORD001495,CANCEL,,,
1497,ORD001494,CANCEL,,,
1498,ORD001498,LIMIT,BUY,100.5,53
1499,ORD001498,CANCEL,,,
1500,ORD001500,MARKET,BUY,,26
1501,ORD001501,LIMIT,SELL,100.27,65
1502,ORD001501,CANCEL,,,
1503,ORD001503,LIMIT,SELL,101.31,79
1504,ORD001504,LIMIT,BUY,100.08,87
1505,ORD001504,CANCEL,,,
1506,ORD001506,LIMIT,BUY,99.57,69
1507,ORD001507,LIMIT,SELL,100.53,96
1508,ORD001507,CANCEL,,,
1509,ORD001506,CANCEL,,,
1510,ORD001503,CANCEL,,,
1511,ORD001511,LIMIT,SELL,101.72,46
1512,ORD001511,CANCEL,,,
1513,ORD001513,LIMIT,BUY,98.94,69
1514,ORD001514,LIMIT,SELL,99.79,97
1515,ORD001514,CANCEL,,,
1516,ORD001516,LIMIT,SELL,100.74,31
1517,ORD001516,CANCEL,,,
1518,ORD001513,CANCEL,,,
1519,ORD001519,LIMIT,SELL,101.44,12
1520,ORD001519,CANCEL,,,
1521,ORD001521,LIMIT,BUY,100.31,94
1522,ORD001522,LIMIT,SELL,99.86,13
1523,ORD001523,LIMIT,BUY,98.09,50
1524,ORD001524,MARKET,BUY,,6
1525,ORD001521,CANCEL,,,
1526,ORD001523,CANCEL,,,
1527,ORD001527,MARKET,SELL,,98
1528,ORD001528,LIMIT,BUY,98.48,36
1529,ORD001528,CANCEL,,,
1530,ORD001530,LIMIT,SELL,100.18,2
1531,ORD001531,LIMIT,BUY,98.88,41
1532,ORD001531,CANCEL,,,
1533,ORD001530,CANCEL,,,
1534,ORD001534,LIMIT,SELL,99.63,4
1535,ORD001534,CANCEL,,,
1536,ORD001536,LIMIT,BUY,98.98,91
1537,ORD001536,CANCEL,,,
1538,ORD001538,LIMIT,SELL,100.0,98
1539,ORD001538,CANCEL,,,
1540,ORD001540,LIMIT,SELL,99.73,90
1541,ORD001540,CANCEL,,,
1542,ORD001542,LIMIT,SELL,101.87,19
1543,ORD001543,LIMIT,SELL,100.48,90
1544,ORD001544,LIMIT,SELL,101.71,59
1545,ORD001542,CANCEL,,,
1546,ORD001544,CANCEL,,,
1547,ORD001543,CANCEL,,,
1548,ORD001548,LIMIT,SELL,99.82,14
1549,ORD001548,CANCEL,,,
1550,ORD001550,LIMIT,BUY,99.33,52
1551,ORD001550,CANCEL,,,
1552,ORD001552,LIMIT,BUY,98.96,44
1553,ORD001552,CANCEL,,,
1554,ORD001554,LIMIT,SELL,100.36,89
1555,ORD001554,CANCEL,,,
1556,ORD001556,LIMIT,SELL,100.99,42
1557,ORD001556,CANCEL,,,
1558,ORD001558,LIMIT,SELL,99.77,77
1559,ORD001559,LIMIT,SELL,101.11,8
1560,ORD001558,CANCEL,,,
1561,ORD001561,LIMIT,BUY,99.65,58
1562,ORD001561,CANCEL,,,
1563,ORD001559,CANCEL,,,
1564,ORD001564,LIMIT,SELL,101.49,87
1565,ORD001564,CANCEL,,,
1566,ORD001566,LIMIT,SELL,100.96,79
1567,ORD001567,LIMIT,SELL,101.63,8
1568,ORD001566,CANCEL,,,
1569,ORD001567,CANCEL,,,
1570,ORD001570,LIMIT,SELL,100.09,90
1571,ORD001570,CANCEL,,,
1572,ORD001572,LIMIT,SELL,100.86,85
1573,ORD001572,CANCEL,,,
1574,ORD001574,LIMIT,SELL,100.4,54
1575,ORD001574,CANCEL,,,
1576,ORD001576,LIMIT,BUY,98.36,63
1577,ORD001576,CANCEL,,,
1578,ORD001578,LIMIT,SELL,101.73,90
1579,ORD001578,CANCEL,,,
1580,ORD001580,LIMIT,SELL,100.88,58
1581,ORD001580,CANCEL,,,
1582,ORD001582,LIMIT,BUY,100.12,31
1583,ORD001583,LIMIT,SELL,100.87,47
1584,ORD001582,CANCEL,,,
1585,ORD001583,CANCEL,,,
1586,ORD001586,LIMIT,SELL,99.7,94
1587,ORD001587,LIMIT,SELL,99.7,79
1588,ORD001587,CANCEL,,,
1589,ORD001586,CANCEL,,,
1590,ORD001590,LIMIT,SELL,101.76,69
1591,ORD001591,LIMIT,SELL,101.77,74
1592,ORD001592,LIMIT,SELL,101.94,38
1593,ORD001590,CANCEL,,,
1594,ORD001592,CANCEL,,,
1595,ORD001595,LIMIT,SELL,100.68,22
1596,ORD001595,CANCEL,,,
1597,ORD001597,LIMIT,BUY,98.21,65
1598,ORD001597,CANCEL,,,
1599,ORD001591,CANCEL,,,
1600,ORD001600,MARKET,SELL,,15
1601,ORD001601,LIMIT,BUY,98.92,23
1602,ORD001601,CANCEL,,,
1603,ORD001603,LIMIT,BUY,98.21,19
1604,ORD001603,CANCEL,,,
1605,ORD001605,LIMIT,SELL,100.09,57
1606,ORD001606,LIMIT,BUY,99.84,45
1607,ORD001606,CANCEL,,,
1608,ORD001608,LIMIT,BUY,99.16,61
1609,ORD001605,CANCEL,,,
1610,ORD001608,CANCEL,,,
1611,ORD001611,LIMIT,BUY,99.09,37
1612,ORD001612,LIMIT,SELL,100.29,68
1613,ORD001611,CANCEL,,,
1614,ORD001612,CANCEL,,,
1615,ORD001615,LIMIT,SELL,101.13,35
1616,ORD001615,CANCEL,,,
1617,ORD001617,LIMIT,SELL,100.48,99
1618,ORD001617,CANCEL,,,
1619,ORD001619,LIMIT,BUY,99.69,24
1620,ORD001619,CANCEL,,,
1621,ORD001621,MARKET,BUY,,13
1622,ORD001622,LIMIT,SELL,101.31,33
1623,ORD001622,CANCEL,,,
1624,ORD001624,LIMIT,BUY,99.64,28
1625,ORD001625,LIMIT,BUY,98.3,78
1626,ORD001624,CANCEL,,,
1627,ORD001627,LIMIT,BUY,99.17,10
1628,ORD001627,CANCEL,,,
1629,ORD001629,LIMIT,SELL,101.45,36
1630,ORD001630,LIMIT,SELL,101.99,34
1631,ORD001631,LIMIT,SELL,99.67,26
1632,ORD001629,CANCEL,,,
1633,ORD001625,CANCEL,,,
1634,ORD001631,CANCEL,,,
1635,ORD001630,CANCEL,,,
1636,ORD001636,LIMIT,SELL,99.68,74
1637,ORD001637,MARKET,SELL,,64
1638,ORD001636,CANCEL,,,
1639,ORD001639,LIMIT,SELL,101.25,51
1640,ORD001639,CANCEL,,,
1641,ORD001641,LIMIT,SELL,101.45,9
1642,ORD001641,CANCEL,,,
1643,ORD001643,LIMIT,SELL,100.84,46
1644,ORD001643,CANCEL,,,
1645,ORD001645,LIMIT,BUY,100.13,44
1646,ORD001645,CANCEL,,,
1647,ORD001647,LIMIT,SELL,99.94,6
1648,ORD001648,LIMIT,BUY,98.98,14
1649,ORD001648,CANCEL,,,
1650,ORD001647,CANCEL,,,
1651,ORD001651,MARKET,BUY,,4
1652,ORD001652,LIMIT,BUY,98.16,70
1653,ORD001652,CANCEL,,,
1654,ORD001654,LIMIT,SELL,99.54,44
1655,ORD001654,CANCEL,,,
1656,ORD001656,LIMIT,BUY,99.67,59
1657,ORD001657,LIMIT,BUY,98.58,10
1658,ORD001656,CANCEL,,,
1659,ORD001657,CANCEL,,,
1660,ORD001660,LIMIT,BUY,99.62,2
1661,ORD001660,CANCEL,,,
1662,ORD001662,LIMIT,BUY,98.43,76
1663,ORD001662,CANCEL,,,
1664,ORD001664,LIMIT,BUY,98.51,44
1665,ORD001665,LIMIT,SELL,101.94,74
1666,ORD001665,CANCEL,,,
1667,ORD001667,LIMIT,BUY,99.48,43
1668,ORD001667,CANCEL,,,
1669,ORD001664,CANCEL,,,
1670,ORD001670,LIMIT,SELL,100.6,75
1671,ORD001670,CANCEL,,,
1672,ORD001672,LIMIT,SELL,99.54,63
1673,ORD001672,CANCEL,,,
1674,ORD001674,LIMIT,BUY,99.48,37
1675,ORD001674,CANCEL,,,
1676,ORD001676,LIMIT,BUY,98.68,58
1677,ORD001676,CANCEL,,,
1678,ORD001678,LIMIT,BUY,99.79,79
1679,ORD001679,LIMIT,SELL,99.51,31
1680,ORD001678,CANCEL,,,
1681,ORD001681,LIMIT,BUY,99.57,27
1682,ORD001681,CANCEL,,,
1683,ORD001683,LIMIT,BUY,100.42,61
1684,ORD001683,CANCEL,,,
1685,ORD001685,LIMIT,BUY,98.91,27
1686,ORD001685,CANCEL,,,
1687,ORD001687,MARKET,SELL,,95
1688,ORD001688,LIMIT,BUY,98.07,66
1689,ORD001688,CANCEL,,,
1690,ORD001690,LIMIT,SELL,101.37,42
1691,ORD001690,CANCEL,,,
1692,ORD001692,LIMIT,BUY,99.03,26
1693,ORD001692,CANCEL,,,
1694,ORD001694,LIMIT,SELL,100.59,28
1695,ORD001695,LIMIT,SELL,100.43,59
1696,ORD001696,LIMIT,SELL,100.01,17
1697,ORD001696,CANCEL,,,
1698,ORD001694,CANCEL,,,
1699,ORD001695,CANCEL,,,
1700,ORD001700,LIMIT,BUY,98.55,38
1701,ORD001700,CANCEL,,,
1702,ORD001702,LIMIT,BUY,100.14,63
1703,ORD001703,LIMIT,BUY,100.09,36
1704,ORD001703,CANCEL,,,
1705,ORD001705,LIMIT,BUY,99.09,29
1706,ORD001706,LIMIT,BUY,100.25,54
1707,ORD001707,LIMIT,BUY,99.83,65
1708,ORD001707,CANCEL,,,
1709,ORD001706,CANCEL,,,
1710,ORD001710,LIMIT,SELL,99.71,97
1711,ORD001710,CANCEL,,,
1712,ORD001702,CANCEL,,,
1713,ORD001705,CANCEL,,,
1714,ORD001714,MARKET,BUY,,86
1715,ORD001715,LIMIT,SELL,101.37,4
1716,ORD001716,LIMIT,SELL,101.69,52
1717,ORD001716,CANCEL,,,
1718,ORD001715,CANCEL,,,
1719,ORD001719,LIMIT,BUY,99.73,68
1720,ORD001719,CANCEL,,,
1721,ORD001721,LIMIT,BUY,98.2,43
1722,ORD001722,LIMIT,BUY,100.28,47
1723,ORD001723,LIMIT,BUY,99.16,6
1724,ORD001721,CANCEL,,,
1725,ORD001722,CANCEL,,,
1726,ORD001723,CANCEL,,,
1727,ORD001727,LIMIT,SELL,99.78,62
1728,ORD001728,LIMIT,BUY,99.9,42
1729,ORD001727,CANCEL,,,
1730,ORD001730,LIMIT,SELL,99.66,45
1731,ORD001730,CANCEL,,,
1732,ORD001732,LIMIT,SELL,100.42,87
1733,ORD001733,LIMIT,BUY,100.21,12
1734,ORD001732,CANCEL,,,
1735,ORD001733,CANCEL,,,
1736,ORD001736,LIMIT,SELL,99.87,20
1737,ORD001737,LIMIT,BUY,100.42,70
1738,ORD001738,LIMIT,SELL,100.61,83
1739,ORD001736,CANCEL,,,
1740,ORD001737,CANCEL,,,
1741,ORD001741,LIMIT,SELL,100.36,83
1742,ORD001742,LIMIT,SELL,101.24,71
1743,ORD001741,CANCEL,,,
1744,ORD001742,CANCEL,,,
1745,ORD001738,CANCEL,,,
1746,ORD001746,LIMIT,SELL,101.42,7
1747,ORD001746,CANCEL,,,
1748,ORD001748,LIMIT,BUY,98.4,69
1749,ORD001748,CANCEL,,,
1750,ORD001750,LIMIT,BUY,98.29,41
1751,ORD001750,CANCEL,,,
1752,ORD001752,LIMIT,BUY,99.77,86
1753,ORD001752,CANCEL,,,
1754,ORD001754,LIMIT,SELL,99.91,39
1755,ORD001754,CANCEL,,,
1756,ORD001756,LIMIT,SELL,101.87,41
1757,ORD001756,CANCEL,,,
1758,ORD001758,LIMIT,SELL,100.22,97
1759,ORD001759,LIMIT,BUY,99.82,57
1760,ORD001758,CANCEL,,,
1761,ORD001761,LIMIT,BUY,99.38,40
1762,ORD001759,CANCEL,,,
1763,ORD001761,CANCEL,,,
1764,ORD001764,LIMIT,BUY,98.56,99
1765,ORD001764,CANCEL,,,
1766,ORD001766,LIMIT,SELL,101.89,66
1767,ORD001766,CANCEL,,,
1768,ORD001768,LIMIT,BUY,98.9,19
1769,ORD001769,LIMIT,SELL,100.43,37
1770,ORD001769,CANCEL,,,
1771,ORD001771,LIMIT,BUY,100.22,95
1772,ORD001772,LIMIT,SELL,101.51,55
1773,ORD001773,LIMIT,SELL,100.97,12
1774,ORD001772,CANCEL,,,
1775,ORD001773,CANCEL,,,
1776,ORD001776,LIMIT,BUY,99.48,49
1777,ORD001771,CANCEL,,,
1778,ORD001776,CANCEL,,,
1779,ORD001768,CANCEL,,,
1780,ORD001780,LIMIT,BUY,100.08,38
1781,ORD001780,CANCEL,,,
1782,ORD001782,LIMIT,SELL,100.26,72
1783,ORD001783,MARKET,BUY,,1
1784,ORD001782,CANCEL,,,
1785,ORD001785,LIMIT,SELL,101.16,37
1786,ORD001785,CANCEL,,,
1787,ORD001787,MARKET,BUY,,98
1788,ORD001788,LIMIT,BUY,98.9,62
1789,ORD001788,CANCEL,,,
1790,ORD001790,LIMIT,SELL,101.55,48
1791,ORD001790,CANCEL,,,
1792,ORD001792,LIMIT,BUY,98.37,60
1793,ORD001793,LIMIT,BUY,98.13,47
1794,ORD001793,CANCEL,,,
1795,ORD001792,CANCEL,,,
1796,ORD001796,LIMIT,BUY,99.92,24
1797,ORD001797,LIMIT,BUY,100.18,88
1798,ORD001798,LIMIT,SELL,101.22,13
1799,ORD001797,CANCEL,,,
1800,ORD001800,LIMIT,BUY,98.7,100
1801,ORD001798,CANCEL,,,
1802,ORD001802,LIMIT,BUY,98.39,29
1803,ORD001803,LIMIT,BUY,100.29,15
1804,ORD001804,LIMIT,BUY,98.78,47
1805,ORD001803,CANCEL,,,
1806,ORD001806,LIMIT,SELL,100.26,96
1807,ORD001807,LIMIT,BUY,99.74,89
1808,ORD001800,CANCEL,,,
1809,ORD001796,CANCEL,,,
1810,ORD001802,CANCEL,,,
1811,ORD001806,CANCEL,,,
1812,ORD001812,LIMIT,BUY,98.08,85
1813,ORD001804,CANCEL,,,
1814,ORD001812,CANCEL,,,
1815,ORD001807,CANCEL,,,
1816,ORD001816,LIMIT,BUY,100.3,27
1817,ORD001816,CANCEL,,,
1818,ORD001818,MARKET,SELL,,19
1819,ORD001819,LIMIT,SELL,100.37,21
1820,ORD001820,LIMIT,BUY,98.17,75
1821,ORD001821,LIMIT,BUY,100.41,22
1822,ORD001822,LIMIT,BUY,98.25,28
1823,ORD001823,LIMIT,SELL,100.97,57
1824,ORD001819,CANCEL,,,
1825,ORD001822,CANCEL,,,
1826,ORD001826,LIMIT,SELL,100.07,15
1827,ORD001827,LIMIT,SELL,99.78,18
1828,ORD001823,CANCEL,,,
1829,ORD001829,LIMIT,BUY,99.23,50
1830,ORD001829,CANCEL,,,
1831,ORD001831,LIMIT,SELL,100.52,55
1832,ORD001820,CANCEL,,,
1833,ORD001833,LIMIT,SELL,100.42,2
1834,ORD001834,LIMIT,SELL,100.49,67
1835,ORD001821,CANCEL,,,
1836,ORD001833,CANCEL,,,
1837,ORD001826,CANCEL,,,
1838,ORD001838,LIMIT,BUY,100.44,44
1839,ORD001838,CANCEL,,,
1840,ORD001831,CANCEL,,,
1841,ORD001841,LIMIT,SELL,101.41,76
1842,ORD001841,CANCEL,,,
1843,ORD001843,LIMIT,SELL,101.01,52
1844,ORD001844,LIMIT,SELL,100.64,16
1845,ORD001844,CANCEL,,,
1846,ORD001827,CANCEL,,,
1847,ORD001834,CANCEL,,,
1848,ORD001848,LIMIT,SELL,101.93,49
1849,ORD001848,CANCEL,,,
1850,ORD001843,CANCEL,,,
1851,ORD001851,LIMIT,SELL,100.0,85
1852,ORD001851,CANCEL,,,
1853,ORD001853,LIMIT,BUY,98.08,56
1854,ORD001854,LIMIT,BUY,98.79,49
1855,ORD001853,CANCEL,,,
1856,ORD001854,CANCEL,,,
1857,ORD001857,LIMIT,BUY,98.34,92
1858,ORD001857,CANCEL,,,
1859,ORD001859,LIMIT,SELL,101.21,74
1860,ORD001859,CANCEL,,,
1861,ORD001861,LIMIT,SELL,100.98,49
1862,ORD001861,CANCEL,,,
1863,ORD001863,LIMIT,SELL,99.57,6
1864,ORD001863,CANCEL,,,
1865,ORD001865,LIMIT,BUY,99.56,49
1866,ORD001865,CANCEL,,,
1867,ORD001867,LIMIT,SELL,101.15,32
1868,ORD001867,CANCEL,,,
1869,ORD001869,LIMIT,BUY,98.29,22
1870,ORD001869,CANCEL,,,
1871,ORD001871,LIMIT,SELL,101.75,35
1872,ORD001871,CANCEL,,,
1873,ORD001873,LIMIT,SELL,100.48,74
1874,ORD001873,CANCEL,,,
1875,ORD001875,LIMIT,BUY,99.26,98
1876,ORD001875,CANCEL,,,
1877,ORD001877,LIMIT,SELL,100.0,82
1878,ORD001878,LIMIT,BUY,99.34,37
1879,ORD001878,CANCEL,,,
1880,ORD001880,LIMIT,SELL,101.06,12
1881,ORD001881,LIMIT,BUY,98.68,73
1882,ORD001882,LIMIT,SELL,100.37,10
1883,ORD001881,CANCEL,,,
1884,ORD001880,CANCEL,,,
1885,ORD001882,CANCEL,,,
1886,ORD001877,CANCEL,,,
1887,ORD001887,LIMIT,SELL,100.87,3
1888,ORD001887,CANCEL,,,
1889,ORD001889,LIMIT,BUY,100.06,60
1890,ORD001889,CANCEL,,,
1891,ORD001891,LIMIT,BUY,98.91,19
1892,ORD001891,CANCEL,,,
1893,ORD001893,LIMIT,SELL,101.58,9
1894,ORD001893,CANCEL,,,
1895,ORD001895,LIMIT,SELL,100.14,77
1896,ORD001895,CANCEL,,,
1897,ORD001897,MARKET,BUY,,40
1898,ORD001898,LIMIT,SELL,101.76,26
1899,ORD001898,CANCEL,,,
1900,ORD001900,LIMIT,SELL,99.94,6
1901,ORD001901,LIMIT,SELL,99.64,11
1902,ORD001901,CANCEL,,,
1903,ORD001903,LIMIT,SELL,101.18,12
1904,ORD001900,CANCEL,,,
1905,ORD001903,CANCEL,,,
1906,ORD001906,LIMIT,SELL,99.73,77
1907,ORD001906,CANCEL,,,
1908,ORD001908,LIMIT,SELL,101.36,55
1909,ORD001908,CANCEL,,,
1910,ORD001910,LIMIT,SELL,100.14,76
1911,ORD001910,CANCEL,,,
1912,ORD001912,LIMIT,BUY,99.06,88
1913,ORD001912,CANCEL,,,
1914,ORD001914,LIMIT,BUY,99.79,40
1915,ORD001914,CANCEL,,,
1916,ORD001916,LIMIT,BUY,99.97,31
1917,ORD001916,CANCEL,,,
1918,ORD001918,LIMIT,SELL,101.21,69
1919,ORD001919,LIMIT,SELL,101.77,51
1920,ORD001920,LIMIT,SELL,101.84,97
1921,ORD001918,CANCEL,,,
1922,ORD001922,LIMIT,BUY,99.58,99
1923,ORD001919,CANCEL,,,
1924,ORD001920,CANCEL,,,
1925,ORD001925,LIMIT,SELL,100.53,43
1926,ORD001926,LIMIT,BUY,99.75,65
1927,ORD001925,CANCEL,,,
1928,ORD001926,CANCEL,,,
1929,ORD001922,CANCEL,,,
1930,ORD001930,LIMIT,BUY,99.98,18
1931,ORD001930,CANCEL,,,
1932,ORD001932,LIMIT,SELL,99.78,32
1933,ORD001932,CANCEL,,,
1934,ORD001934,LIMIT,SELL,100.3,62
1935,ORD001935,LIMIT,BUY,99.72,42
1936,ORD001936,LIMIT,BUY,98.92,51
1937,ORD001937,MARKET,BUY,,3
1938,ORD001938,LIMIT,BUY,100.44,26
1939,ORD001934,CANCEL,,,
1940,ORD001936,CANCEL,,,
1941,ORD001935,CANCEL,,,
1942,ORD001942,LIMIT,SELL,100.92,2
1943,ORD001943,LIMIT,SELL,101.82,87
1944,ORD001942,CANCEL,,,
1945,ORD001945,LIMIT,BUY,100.03,35
1946,ORD001945,CANCEL,,,
1947,ORD001943,CANCEL,,,
1948,ORD001948,LIMIT,BUY,98.71,87
1949,ORD001948,CANCEL,,,
1950,ORD001950,MARKET,BUY,,34
1951,ORD001951,LIMIT,SELL,100.42,88
1952,ORD001951,CANCEL,,,
1953,ORD001953,LIMIT,BUY,100.44,51
1954,ORD001953,CANCEL,,,
1955,ORD001955,LIMIT,SELL,100.89,7
1956,ORD001955,CANCEL,,,
1957,ORD001957,LIMIT,SELL,101.85,77
1958,ORD001958,MARKET,BUY,,65
1959,ORD001957,CANCEL,,,
1960,ORD001960,LIMIT,SELL,101.73,6
1961,ORD001960,CANCEL,,,
1962,ORD001962,LIMIT,SELL,101.69,17
1963,ORD001962,CANCEL,,,
1964,ORD001964,LIMIT,BUY,100.45,64
1965,ORD001965,LIMIT,SELL,101.82,37
1966,ORD001966,LIMIT,SELL,101.4,34
1967,ORD001965,CANCEL,,,
1968,ORD001968,LIMIT,SELL,100.73,20
1969,ORD001968,CANCEL,,,
1970,ORD001966,CANCEL,,,
1971,ORD001964,CANCEL,,,
1972,ORD001972,MARKET,BUY,,34
1973,ORD001973,LIMIT,SELL,101.99,64
1974,ORD001973,CANCEL,,,
1975,ORD001975,LIMIT,SELL,99.78,93
1976,ORD001976,LIMIT,BUY,98.51,37
1977,ORD001975,CANCEL,,,
1978,ORD001978,LIMIT,SELL,101.16,28
1979,ORD001976,CANCEL,,,
1980,ORD001978,CANCEL,,,
1981,ORD001981,LIMIT,BUY,99.25,13
1982,ORD001982,LIMIT,BUY,100.45,16
1983,ORD001981,CANCEL,,,
1984,ORD001984,MARKET,BUY,,59
1985,ORD001985,LIMIT,SELL,101.89,77
1986,ORD001985,CANCEL,,,
1987,ORD001987,LIMIT,SELL,101.33,94
1988,ORD001988,LIMIT,BUY,98.12,83
1989,ORD001982,CANCEL,,,
1990,ORD001990,LIMIT,SELL,100.14,31
1991,ORD001991,LIMIT,SELL,101.63,21
1992,ORD001991,CANCEL,,,
1993,ORD001990,CANCEL,,,
1994,ORD001988,CANCEL,,,
1995,ORD001987,CANCEL,,,
1996,ORD001996,LIMIT,SELL,101.01,46
1997,ORD001996,CANCEL,,,
1998,ORD001998,LIMIT,SELL,100.47,35
1999,ORD001998,CANCEL,,,
2000,ORD002000,LIMIT,SELL,101.03,56
2001,ORD002000,CANCEL,,,
2002,ORD002002,LIMIT,SELL,101.19,83
2003,ORD002002,CANCEL,,,
2004,ORD002004,LIMIT,BUY,99.09,62
2005,ORD002004,CANCEL,,,
2006,ORD002006,LIMIT,SELL,100.81,38
2007,ORD002006,CANCEL,,,
2008,ORD002008,LIMIT,BUY,99.03,60
2009,ORD002008,CANCEL,,,
2010,ORD002010,LIMIT,BUY,98.04,95
2011,ORD002010,CANCEL,,,
2012,ORD002012,MARKET,SELL,,54
2013,ORD002013,LIMIT,SELL,101.31,97
2014,ORD002013,CANCEL,,,
2015,ORD002015,LIMIT,BUY,98.2,78
2016,ORD002015,CANCEL,,,
2017,ORD002017,MARKET,BUY,,15
2018,ORD002018,LIMIT,SELL,100.51,85
2019,ORD002019,LIMIT,SELL,101.53,79
2020,ORD002019,CANCEL,,,
2021,ORD002021,LIMIT,BUY,98.03,15
2022,ORD002022,LIMIT,BUY,98.52,84
2023,ORD002018,CANCEL,,,
2024,ORD002021,CANCEL,,,
2025,ORD002022,CANCEL,,,
2026,ORD002026,MARKET,SELL,,22
2027,ORD002027,LIMIT,SELL,100.68,58
2028,ORD002027,CANCEL,,,
2029,ORD002029,LIMIT,SELL,99.52,81
2030,ORD002030,LIMIT,SELL,101.62,95
2031,ORD002030,CANCEL,,,
2032,ORD002029,CANCEL,,,
2033,ORD002033,LIMIT,SELL,99.65,3
2034,ORD002033,CANCEL,,,
2035,ORD002035,LIMIT,SELL,100.54,61
2036,ORD002035,CANCEL,,,
2037,ORD002037,MARKET,SELL,,37
2038,ORD002038,LIMIT,SELL,100.08,29
2039,ORD002038,CANCEL,,,
2040,ORD002040,LIMIT,SELL,100.23,92
2041,ORD002040,CANCEL,,,
2042,ORD002042,LIMIT,SELL,101.5,21
2043,ORD002042,CANCEL,,,
2044,ORD002044,LIMIT,BUY,98.32,26
2045,ORD002044,CANCEL,,,
2046,ORD002046,LIMIT,SELL,100.73,31
2047,ORD002046,CANCEL,,,
2048,ORD002048,LIMIT,SELL,100.39,21
2049,ORD002048,CANCEL,,,
2050,ORD002050,LIMIT,SELL,101.04,16
2051,ORD002050,CANCEL,,,
2052,ORD002052,LIMIT,SELL,101.42,99
2053,ORD002053,LIMIT,SELL,101.63,66
2054,ORD002052,CANCEL,,,
2055,ORD002055,LIMIT,SELL,101.91,97
2056,ORD002053,CANCEL,,,
2057,ORD002057,LIMIT,BUY,98.1,14
2058,ORD002055,CANCEL,,,
2059,ORD002059,LIMIT,SELL,100.23,57
2060,ORD002060,LIMIT,SELL,99.75,83
2061,ORD002057,CANCEL,,,
2062,ORD002059,CANCEL,,,
2063,ORD002060,CANCEL,,,
2064,ORD002064,LIMIT,BUY,100.02,44
2065,ORD002064,CANCEL,,,
2066,ORD002066,LIMIT,SELL,100.54,81
2067,ORD002066,CANCEL,,,
2068,ORD002068,LIMIT,SELL,99.84,55
2069,ORD002068,CANCEL,,,
2070,ORD002070,LIMIT,SELL,100.61,99
2071,ORD002070,CANCEL,,,
2072,ORD002072,LIMIT,SELL,101.43,56
2073,ORD002072,CANCEL,,,
2074,ORD002074,LIMIT,BUY,98.14,81
2075,ORD002075,LIMIT,SELL,101.71,90
2076,ORD002075,CANCEL,,,
2077,ORD002077,LIMIT,SELL,99.52,36
2078,ORD002078,LIMIT,BUY,99.12,27
2079,ORD002079,LIMIT,SELL,101.72,84
2080,ORD002077,CANCEL,,,
2081,ORD002081,MARKET,BUY,,43
2082,ORD002079,CANCEL,,,
2083,ORD002083,LIMIT,BUY,99.35,28
2084,ORD002083,CANCEL,,,
2085,ORD002078,CANCEL,,,
2086,ORD002086,MARKET,BUY,,70
2087,ORD002074,CANCEL,,,
2088,ORD002088,LIMIT,SELL,101.97,15
2089,ORD002089,LIMIT,SELL,100.77,16
2090,ORD002088,CANCEL,,,
2091,ORD002089,CANCEL,,,
2092,ORD002092,LIMIT,BUY,100.47,73
2093,ORD002093,LIMIT,BUY,98.71,92
2094,ORD002092,CANCEL,,,
2095,ORD002095,LIMIT,BUY,99.29,25
2096,ORD002096,LIMIT,SELL,99.87,55
2097,ORD002097,LIMIT,BUY,99.06,17
2098,ORD002097,CANCEL,,,
2099,ORD002096,CANCEL,,,
2100,ORD002095,CANCEL,,,
2101,ORD002101,LIMIT,SELL,101.99,89
2102,ORD002102,LIMIT,SELL,100.54,21
2103,ORD002093,CANCEL,,,
2104,ORD002102,CANCEL,,,
2105,ORD002101,CANCEL,,,
2106,ORD002106,LIMIT,SELL,101.37,72
2107,ORD002106,CANCEL,,,
2108,ORD002108,LIMIT,SELL,100.42,38
2109,ORD002108,CANCEL,,,
2110,ORD002110,LIMIT,SELL,100.26,63
2111,ORD002110,CANCEL,,,
2112,ORD002112,MARKET,SELL,,40
2113,ORD002113,LIMIT,BUY,99.85,1
2114,ORD002113,CANCEL,,,
2115,ORD002115,LIMIT,BUY,99.43,73
2116,ORD002115,CANCEL,,,
2117,ORD002117,LIMIT,SELL,101.58,17
2118,ORD002118,LIMIT,SELL,101.17,20
2119,ORD002119,LIMIT,SELL,101.06,80
2120,ORD002117,CANCEL,,,
2121,ORD002121,LIMIT,SELL,101.9,57
2122,ORD002122,LIMIT,BUY,99.77,74
2123,ORD002121,CANCEL,,,
2124,ORD002118,CANCEL,,,
2125,ORD002119,CANCEL,,,
2126,ORD002122,CANCEL,,,
2127,ORD002127,LIMIT,BUY,99.26,3
2128,ORD002127,CANCEL,,,
2129,ORD002129,LIMIT,SELL,100.11,91
2130,ORD002130,LIMIT,SELL,100.83,42
2131,ORD002129,CANCEL,,,
2132,ORD002130,CANCEL,,,
2133,ORD002133,LIMIT,BUY,100.15,41
2134,ORD002133,CANCEL,,,
2135,ORD002135,LIMIT,BUY,98.71,24
2136,ORD002135,CANCEL,,,
2137,ORD002137,LIMIT,SELL,99.65,42
2138,ORD002137,CANCEL,,,
2139,ORD002139,LIMIT,BUY,99.03,42
2140,ORD002139,CANCEL,,,
2141,ORD002141,LIMIT,BUY,99.47,64
2142,ORD002141,CANCEL,,,
2143,ORD002143,LIMIT,SELL,100.66,53
2144,ORD002143,CANCEL,,,
2145,ORD002145,LIMIT,BUY,98.05,71
2146,ORD002146,LIMIT,BUY,99.39,17
2147,ORD002146,CANCEL,,,
2148,ORD002145,CANCEL,,,
2149,ORD002149,LIMIT,BUY,100.46,32
2150,ORD002149,CANCEL,,,
2151,ORD002151,MARKET,SELL,,60
2152,ORD002152,LIMIT,SELL,99.92,8
2153,ORD002153,LIMIT,SELL,100.13,88
2154,ORD002153,CANCEL,,,
2155,ORD002155,LIMIT,BUY,99.28,6
2156,ORD002152,CANCEL,,,
2157,ORD002155,CANCEL,,,
2158,ORD002158,LIMIT,BUY,100.5,56
2159,ORD002158,CANCEL,,,
2160,ORD002160,LIMIT,SELL,101.95,91
2161,ORD002160,CANCEL,,,
2162,ORD002162,LIMIT,SELL,100.65,77
2163,ORD002162,CANCEL,,,
2164,ORD002164,LIMIT,BUY,98.01,2
2165,ORD002164,CANCEL,,,
2166,ORD002166,LIMIT,SELL,100.85,84
2167,ORD002166,CANCEL,,,
2168,ORD002168,LIMIT,SELL,100.38,49
2169,ORD002169,LIMIT,SELL,101.6,90
2170,ORD002170,LIMIT,BUY,100.34,57
2171,ORD002170,CANCEL,,,
2172,ORD002169,CANCEL,,,
2173,ORD002168,CANCEL,,,
2174,ORD002174,LIMIT,SELL,100.05,64
2175,ORD002175,LIMIT,BUY,100.26,91
2176,ORD002174,CANCEL,,,
2177,ORD002175,CANCEL,,,
2178,ORD002178,LIMIT,SELL,100.74,71
2179,ORD002178,CANCEL,,,
2180,ORD002180,LIMIT,BUY,98.32,73
2181,ORD002181,LIMIT,SELL,101.19,89
2182,ORD002181,CANCEL,,,
2183,ORD002180,CANCEL,,,
2184,ORD002184,LIMIT,SELL,101.86,7
2185,ORD002185,LIMIT,SELL,101.99,36
2186,ORD002185,CANCEL,,,
2187,ORD002184,CANCEL,,,
2188,ORD002188,MARKET,BUY,,54
2189,ORD002189,MARKET,SELL,,25
2190,ORD002190,LIMIT,BUY,98.56,89
2191,ORD002190,CANCEL,,,
2192,ORD002192,LIMIT,BUY,98.78,81
2193,ORD002192,CANCEL,,,
2194,ORD002194,LIMIT,BUY,99.57,43
2195,ORD002195,LIMIT,BUY,98.6,44
2196,ORD002196,LIMIT,SELL,100.09,10
2197,ORD002197,LIMIT,SELL,101.06,75
2198,ORD002194,CANCEL,,,
2199,ORD002199,LIMIT,SELL,101.62,9
2200,ORD002200,LIMIT,BUY,99.1,39
2201,ORD002199,CANCEL,,,
2202,ORD002195,CANCEL,,,
2203,ORD002197,CANCEL,,,
2204,ORD002204,LIMIT,SELL,101.38,30
2205,ORD002205,LIMIT,BUY,99.16,55
2206,ORD002206,LIMIT,BUY,100.34,4
2207,ORD002204,CANCEL,,,
2208,ORD002196,CANCEL,,,
2209,ORD002200,CANCEL,,,
2210,ORD002205,CANCEL,,,
2211,ORD002211,LIMIT,BUY,98.64,54
2212,ORD002211,CANCEL,,,
2213,ORD002213,LIMIT,BUY,98.15,40
2214,ORD002213,CANCEL,,,
2215,ORD002215,LIMIT,BUY,98.77,44
2216,ORD002215,CANCEL,,,
2217,ORD002217,LIMIT,BUY,99.27,72
2218,ORD002218,LIMIT,SELL,101.94,82
2219,ORD002219,LIMIT,BUY,99.67,89
2220,ORD002218,CANCEL,,,
2221,ORD002219,CANCEL,,,
2222,ORD002222,LIMIT,SELL,100.55,21
2223,ORD002217,CANCEL,,,
2224,ORD002222,CANCEL,,,
2225,ORD002225,LIMIT,BUY,98.53,62
2226,ORD002226,LIMIT,SELL,100.44,52
2227,ORD002225,CANCEL,,,
2228,ORD002226,CANCEL,,,
2229,ORD002229,LIMIT,BUY,99.1,81
2230,ORD002229,CANCEL,,,
2231,ORD002231,LIMIT,BUY,98.71,29
2232,ORD002232,LIMIT,BUY,99.39,23
2233,ORD002231,CANCEL,,,
2234,ORD002234,MARKET,BUY,,87
2235,ORD002232,CANCEL,,,
2236,ORD002236,LIMIT,BUY,98.6,48
2237,ORD002236,CANCEL,,,
2238,ORD002238,LIMIT,BUY,100.21,17
2239,ORD002239,LIMIT,BUY,99.74,41
2240,ORD002238,CANCEL,,,
2241,ORD002241,LIMIT,BUY,98.74,20
2242,ORD002239,CANCEL,,,
2243,ORD002241,CANCEL,,,
2244,ORD002244,LIMIT,SELL,99.7,61
2245,ORD002245,LIMIT,BUY,98.97,83
2246,ORD002246,LIMIT,SELL,100.66,42
2247,ORD002247,LIMIT,SELL,100.74,35
2248,ORD002244,CANCEL,,,
2249,ORD002245,CANCEL,,,
2250,ORD002246,CANCEL,,,
2251,ORD002247,CANCEL,,,
2252,ORD002252,LIMIT,SELL,101.84,48
2253,ORD002252,CANCEL,,,
2254,ORD002254,LIMIT,BUY,99.3,30
2255,ORD002254,CANCEL,,,
2256,ORD002256,LIMIT,SELL,100.67,53
2257,ORD002256,CANCEL,,,
2258,ORD002258,MARKET,SELL,,57
2259,ORD002259,LIMIT,BUY,98.21,65
2260,ORD002259,CANCEL,,,
2261,ORD002261,LIMIT,BUY,98.18,5
2262,ORD002261,CANCEL,,,
2263,ORD002263,LIMIT,SELL,101.36,99
2264,ORD002263,CANCEL,,,
2265,ORD002265,LIMIT,BUY,99.88,95
2266,ORD002265,CANCEL,,,
2267,ORD002267,LIMIT,SELL,100.37,52
2268,ORD002268,LIMIT,BUY,99.28,98
2269,ORD002269,LIMIT,SELL,101.31,27
2270,ORD002269,CANCEL,,,
2271,ORD002268,CANCEL,,,
2272,ORD002272,LIMIT,SELL,99.71,25
2273,ORD002272,CANCEL,,,
2274,ORD002267,CANCEL,,,
2275,ORD002275,LIMIT,BUY,99.44,17
2276,ORD002275,CANCEL,,,
2277,ORD002277,LIMIT,SELL,100.55,88
2278,ORD002278,LIMIT,SELL,99.56,5
2279,ORD002279,LIMIT,BUY,100.49,73
2280,ORD002279,CANCEL,,,
2281,ORD002281,LIMIT,SELL,100.01,51
2282,ORD002278,CANCEL,,,
2283,ORD002277,CANCEL,,,
2284,ORD002281,CANCEL,,,
2285,ORD002285,LIMIT,SELL,99.76,71
2286,ORD002285,CANCEL,,,
2287,ORD002287,LIMIT,BUY,100.41,37
2288,ORD002287,CANCEL,,,
2289,ORD002289,LIMIT,BUY,98.92,2
2290,ORD002289,CANCEL,,,
2291,ORD002291,LIMIT,BUY,99.05,96
2292,ORD002291,CANCEL,,,
2293,ORD002293,LIMIT,BUY,100.04,86
2294,ORD002293,CANCEL,,,
2295,ORD002295,LIMIT,SELL,99.52,19
2296,ORD002295,CANCEL,,,
2297,ORD002297,LIMIT,BUY,100.28,63
2298,ORD002297,CANCEL,,,
2299,ORD002299,LIMIT,SELL,101.8,45
2300,ORD002300,LIMIT,SELL,101.56,23
2301,ORD002299,CANCEL,,,
2302,ORD002302,LIMIT,SELL,101.78,24
2303,ORD002300,CANCEL,,,
2304,ORD002302,CANCEL,,,
2305,ORD002305,LIMIT,BUY,99.57,38
2306,ORD002305,CANCEL,,,
2307,ORD002307,LIMIT,BUY,99.03,98
2308,ORD002307,CANCEL,,,
2309,ORD002309,LIMIT,BUY,99.95,53
2310,ORD002309,CANCEL,,,
2311,ORD002311,LIMIT,BUY,98.18,89
2312,ORD002311,CANCEL,,,
2313,ORD002313,LIMIT,SELL,100.49,2
2314,ORD002313,CANCEL,,,
2315,ORD002315,LIMIT,SELL,99.67,71
2316,ORD002315,CANCEL,,,
2317,ORD002317,LIMIT,SELL,99.93,3
2318,ORD002317,CANCEL,,,
2319,ORD002319,LIMIT,SELL,101.18,2
2320,ORD002319,CANCEL,,,
2321,ORD002321,LIMIT,BUY,98.09,87
2322,ORD002321,CANCEL,,,
2323,ORD002323,LIMIT,BUY,98.77,7
2324,ORD002323,CANCEL,,,
2325,ORD002325,LIMIT,BUY,98.94,31
2326,ORD002325,CANCEL,,,
2327,ORD002327,LIMIT,BUY,98.48,86
2328,ORD002327,CANCEL,,,
2329,ORD002329,LIMIT,BUY,98.11,66
2330,ORD002329,CANCEL,,,
2331,ORD002331,LIMIT,BUY,100.34,51
2332,ORD002332,LIMIT,BUY,98.26,42
2333,ORD002332,CANCEL,,,
2334,ORD002331,CANCEL,,,
2335,ORD002335,LIMIT,SELL,101.14,36
2336,ORD002335,CANCEL,,,
2337,ORD002337,LIMIT,BUY,99.92,64
2338,ORD002338,LIMIT,BUY,99.98,73
2339,ORD002337,CANCEL,,,
2340,ORD002338,CANCEL,,,
2341,ORD002341,LIMIT,BUY,99.59,89
2342,ORD002341,CANCEL,,,
2343,ORD002343,LIMIT,BUY,99.46,49
2344,ORD002343,CANCEL,,,
2345,ORD002345,LIMIT,BUY,99.54,16
2346,ORD002345,CANCEL,,,
2347,ORD002347,LIMIT,BUY,98.94,38
2348,ORD002347,CANCEL,,,
2349,ORD002349,LIMIT,BUY,99.81,57
2350,ORD002350,LIMIT,SELL,100.29,98
2351,ORD002350,CANCEL,,,
2352,ORD002349,CANCEL,,,
2353,ORD002353,LIMIT,BUY,98.83,32
2354,ORD002353,CANCEL,,,
2355,ORD002355,LIMIT,BUY,99.74,29
2356,ORD002355,CANCEL,,,
2357,ORD002357,LIMIT,BUY,98.02,63
2358,ORD002357,CANCEL,,,
2359,ORD002359,LIMIT,BUY,98.31,23
2360,ORD002359,CANCEL,,,
2361,ORD002361,LIMIT,BUY,99.17,22
2362,ORD002362,LIMIT,BUY,99.51,39
2363,ORD002362,CANCEL,,,
2364,ORD002364,LIMIT,BUY,99.95,11
2365,ORD002365,LIMIT,SELL,99.92,57
2366,ORD002365,CANCEL,,,
2367,ORD002367,LIMIT,BUY,99.98,3
2368,ORD002368,LIMIT,SELL,101.4,39
2369,ORD002364,CANCEL,,,
2370,ORD002361,CANCEL,,,
2371,ORD002368,CANCEL,,,
2372,ORD002367,CANCEL,,,
2373,ORD002373,LIMIT,SELL,99.84,61
2374,ORD002373,CANCEL,,,
2375,ORD002375,LIMIT,SELL,101.81,51
2376,ORD002376,LIMIT,SELL,100.27,76
2377,ORD002375,CANCEL,,,
2378,ORD002378,LIMIT,BUY,99.41,25
2379,ORD002379,LIMIT,SELL,101.38,45
2380,ORD002378,CANCEL,,,
2381,ORD002379,CANCEL,,,
2382,ORD002376,CANCEL,,,
2383,ORD002383,LIMIT,BUY,98.09,47
2384,ORD002383,CANCEL,,,
2385,ORD002385,LIMIT,BUY,99.14,88
2386,ORD002385,CANCEL,,,
2387,ORD002387,MARKET,BUY,,99
2388,ORD002388,LIMIT,SELL,100.97,11
2389,ORD002388,CANCEL,,,
2390,ORD002390,LIMIT,BUY,98.63,39
2391,ORD002390,CANCEL,,,
2392,ORD002392,LIMIT,SELL,101.81,12
2393,ORD002392,CANCEL,,,
2394,ORD002394,LIMIT,SELL,101.83,51
2395,ORD002394,CANCEL,,,
2396,ORD002396,MARKET,SELL,,9
2397,ORD002397,LIMIT,SELL,101.14,94
2398,ORD002397,CANCEL,,,
2399,ORD002399,LIMIT,BUY,98.45,15
2400,ORD002399,CANCEL,,,
2401,ORD002401,LIMIT,BUY,100.02,25
2402,ORD002401,CANCEL,,,
2403,ORD002403,LIMIT,BUY,98.42,38
2404,ORD002403,CANCEL,,,
2405,ORD002405,MARKET,SELL,,31
2406,ORD002406,MARKET,BUY,,35
2407,ORD002407,LIMIT,BUY,99.97,6
2408,ORD002407,CANCEL,,,
2409,ORD002409,LIMIT,SELL,100.68,44
2410,ORD002409,CANCEL,,,
2411,ORD002411,LIMIT,SELL,101.54,47
2412,ORD002411,CANCEL,,,
2413,ORD002413,LIMIT,SELL,101.52,1
2414,ORD002413,CANCEL,,,
2415,ORD002415,MARKET,BUY,,16
2416,ORD002416,LIMIT,SELL,101.38,32
2417,ORD002416,CANCEL,,,
2418,ORD002418,MARKET,BUY,,82
2419,ORD002419,MARKET,SELL,,47
2420,ORD002420,LIMIT,SELL,100.08,63
2421,ORD002420,CANCEL,,,
2422,ORD002422,LIMIT,SELL,101.64,13
2423,ORD002423,LIMIT,SELL,101.28,67
2424,ORD002424,LIMIT,BUY,99.99,39
2425,ORD002425,LIMIT,SELL,100.62,15
2426,ORD002423,CANCEL,,,
2427,ORD002422,CANCEL,,,
2428,ORD002428,LIMIT,BUY,100.48,4
2429,ORD002425,CANCEL,,,
2430,ORD002430,LIMIT,SELL,100.14,61
2431,ORD002431,LIMIT,BUY,100.31,82
2432,ORD002432,LIMIT,BUY,98.83,29
2433,ORD002433,LIMIT,BUY,98.94,92
2434,ORD002434,LIMIT,SELL,101.46,56
2435,ORD002435,LIMIT,BUY,98.73,15
2436,ORD002431,CANCEL,,,
2437,ORD002437,LIMIT,BUY,98.32,41
2438,ORD002438,LIMIT,BUY,99.48,25
2439,ORD002439,LIMIT,SELL,100.41,87
2440,ORD002440,LIMIT,BUY,99.5,29
2441,ORD002424,CANCEL,,,
2442,ORD002438,CANCEL,,,
2443,ORD002434,CANCEL,,,
2444,ORD002444,LIMIT,SELL,99.87,37
2445,ORD002428,CANCEL,,,
2446,ORD002437,CANCEL,,,
2447,ORD002440,CANCEL,,,
2448,ORD002444,CANCEL,,,
2449,ORD002432,CANCEL,,,
2450,ORD002439,CANCEL,,,
2451,ORD002433,CANCEL,,,
2452,ORD002430,CANCEL,,,
2453,ORD002453,LIMIT,BUY,98.13,100
2454,ORD002453,CANCEL,,,
2455,ORD002455,LIMIT,SELL,101.15,21
2456,ORD002456,LIMIT,SELL,101.19,45
2457,ORD002457,LIMIT,SELL,101.32,37
2458,ORD002455,CANCEL,,,
2459,ORD002459,LIMIT,SELL,100.31,75
2460,ORD002460,LIMIT,BUY,99.77,59
2461,ORD002460,CANCEL,,,
2462,ORD002459,CANCEL,,,
2463,ORD002435,CANCEL,,,
2464,ORD002456,CANCEL,,,
2465,ORD002465,LIMIT,BUY,100.14,14
2466,ORD002457,CANCEL,,,
2467,ORD002465,CANCEL,,,
2468,ORD002468,LIMIT,BUY,98.24,61
2469,ORD002468,CANCEL,,,
2470,ORD002470,LIMIT,SELL,101.92,81
2471,ORD002471,MARKET,BUY,,31
2472,ORD002470,CANCEL,,,
2473,ORD002473,LIMIT,BUY,98.94,89
2474,ORD002474,LIMIT,BUY,100.16,84
2475,ORD002474,CANCEL,,,
2476,ORD002473,CANCEL,,,
2477,ORD002477,LIMIT,BUY,99.67,66
2478,ORD002477,CANCEL,,,
2479,ORD002479,LIMIT,BUY,98.45,62
2480,ORD002480,LIMIT,SELL,99.81,42
2481,ORD002479,CANCEL,,,
2482,ORD002480,CANCEL,,,
2483,ORD002483,LIMIT,SELL,101.59,69
2484,ORD002484,LIMIT,BUY,98.52,85
2485,ORD002485,LIMIT,BUY,99.74,1
2486,ORD002484,CANCEL,,,
2487,ORD002483,CANCEL,,,
2488,ORD002485,CANCEL,,,
2489,ORD002489,LIMIT,SELL,99.59,16
2490,ORD002489,CANCEL,,,
2491,ORD002491,LIMIT,BUY,100.36,1
2492,ORD002491,CANCEL,,,
2493,ORD002493,LIMIT,SELL,100.61,74
2494,ORD002493,CANCEL,,,
2495,ORD002495,LIMIT,SELL,100.78,89
2496,ORD002495,CANCEL,,,
2497,ORD002497,LIMIT,BUY,100.14,28
2498,ORD002498,LIMIT,BUY,98.69,94
2499,ORD002497,CANCEL,,,
2500,ORD002498,CANCEL,,,
2501,ORD002501,LIMIT,BUY,98.21,33
2502,ORD002501,CANCEL,,,
2503,ORD002503,LIMIT,BUY,98.67,82
2504,ORD002503,CANCEL,,,
2505,ORD002505,LIMIT,BUY,98.38,56
2506,ORD002505,CANCEL,,,
2507,ORD002507,LIMIT,BUY,99.71,53
2508,ORD002507,CANCEL,,,
2509,ORD002509,LIMIT,SELL,99.87,29
2510,ORD002509,CANCEL,,,
2511,ORD002511,LIMIT,BUY,98.26,16
2512,ORD002511,CANCEL,,,
2513,ORD002513,LIMIT,SELL,100.37,74
2514,ORD002514,LIMIT,SELL,101.74,22
2515,ORD002514,CANCEL,,,
2516,ORD002513,CANCEL,,,
2517,ORD002517,LIMIT,BUY,99.72,92
2518,ORD002517,CANCEL,,,
2519,ORD002519,LIMIT,SELL,101.31,48
2520,ORD002520,LIMIT,BUY,99.05,59
2521,ORD002520,CANCEL,,,
2522,ORD002522,LIMIT,SELL,100.57,92
2523,ORD002523,LIMIT,BUY,100.14,40
2524,ORD002522,CANCEL,,,
2525,ORD002525,LIMIT,BUY,98.6,12
2526,ORD002519,CANCEL,,,
2527,ORD002525,CANCEL,,,
2528,ORD002523,CANCEL,,,
2529,ORD002529,LIMIT,BUY,99.06,66
2530,ORD002530,LIMIT,BUY,99.29,87
2531,ORD002531,LIMIT,BUY,99.54,96
2532,ORD002530,CANCEL,,,
2533,ORD002533,LIMIT,SELL,101.35,68
2534,ORD002529,CANCEL,,,
2535,ORD002531,CANCEL,,,
2536,ORD002533,CANCEL,,,
2537,ORD002537,LIMIT,SELL,100.78,7
2538,ORD002537,CANCEL,,,
2539,ORD002539,LIMIT,BUY,99.7,70
2540,ORD002540,LIMIT,BUY,99.21,34
2541,ORD002540,CANCEL,,,
2542,ORD002539,CANCEL,,,
2543,ORD002543,LIMIT,BUY,100.23,63
2544,ORD002543,CANCEL,,,
2545,ORD002545,LIMIT,SELL,99.77,45
2546,ORD002546,LIMIT,BUY,98.02,56
2547,ORD002545,CANCEL,,,
2548,ORD002546,CANCEL,,,
2549,ORD002549,MARKET,SELL,,99
2550,ORD002550,LIMIT,BUY,98.94,47
2551,ORD002550,CANCEL,,,
2552,ORD002552,LIMIT,SELL,100.6,57
2553,ORD002552,CANCEL,,,
2554,ORD002554,LIMIT,BUY,100.18,26
2555,ORD002554,CANCEL,,,
2556,ORD002556,LIMIT,SELL,100.33,5
2557,ORD002556,CANCEL,,,
2558,ORD002558,LIMIT,SELL,100.72,64
2559,ORD002559,LIMIT,BUY,99.91,52
2560,ORD002559,CANCEL,,,
2561,ORD002558,CANCEL,,,
2562,ORD002562,LIMIT,BUY,99.25,99
2563,ORD002562,CANCEL,,,
2564,ORD002564,LIMIT,SELL,100.99,2
2565,ORD002564,CANCEL,,,
2566,ORD002566,LIMIT,BUY,98.62,20
2567,ORD002567,LIMIT,BUY,99.92,34
2568,ORD002568,LIMIT,BUY,99.07,61
2569,ORD002569,LIMIT,BUY,99.26,24
2570,ORD002567,CANCEL,,,
2571,ORD002566,CANCEL,,,
2572,ORD002569,CANCEL,,,
2573,ORD002573,LIMIT,BUY,99.54,12
2574,ORD002574,LIMIT,SELL,100.27,82
2575,ORD002575,LIMIT,BUY,99.2,66
2576,ORD002568,CANCEL,,,
2577,ORD002574,CANCEL,,,
2578,ORD002575,CANCEL,,,
2579,ORD002579,LIMIT,BUY,98.12,6
2580,ORD002579,CANCEL,,,
2581,ORD002573,CANCEL,,,
2582,ORD002582,LIMIT,BUY,98.63,63
2583,ORD002582,CANCEL,,,
2584,ORD002584,LIMIT,BUY,99.93,17
2585,ORD002584,CANCEL,,,
2586,ORD002586,LIMIT,SELL,100.19,75
2587,ORD002586,CANCEL,,,
2588,ORD002588,MARKET,BUY,,84
2589,ORD002589,LIMIT,BUY,100.31,10
2590,ORD002590,LIMIT,SELL,100.69,98
2591,ORD002589,CANCEL,,,
2592,ORD002590,CANCEL,,,
2593,ORD002593,LIMIT,SELL,101.4,72
2594,ORD002594,LIMIT,SELL,101.29,56
2595,ORD002594,CANCEL,,,
2596,ORD002593,CANCEL,,,
2597,ORD002597,LIMIT,SELL,99.82,6
2598,ORD002598,LIMIT,BUY,99.73,95
2599,ORD002599,LIMIT,SELL,101.68,10
2600,ORD002599,CANCEL,,,
2601,ORD002598,CANCEL,,,
2602,ORD002597,CANCEL,,,
2603,ORD002603,LIMIT,BUY,98.54,90
2604,ORD002603,CANCEL,,,
2605,ORD002605,LIMIT,SELL,100.05,91
2606,ORD002605,CANCEL,,,
2607,ORD002607,LIMIT,BUY,98.73,82
2608,ORD002607,CANCEL,,,
2609,ORD002609,LIMIT,SELL,99.63,32
2610,ORD002610,LIMIT,BUY,98.0,45
2611,ORD002610,CANCEL,,,
2612,ORD002609,CANCEL,,,
2613,ORD002613,LIMIT,SELL,100.24,8
2614,ORD002613,CANCEL,,,
2615,ORD002615,LIMIT,BUY,98.7,33
2616,ORD002616,LIMIT,BUY,99.72,84
2617,ORD002615,CANCEL,,,
2618,ORD002618,LIMIT,BUY,98.51,81
2619,ORD002619,LIMIT,SELL,100.08,93
2620,ORD002616,CANCEL,,,
2621,ORD002621,LIMIT,BUY,99.15,23
2622,ORD002619,CANCEL,,,
2623,ORD002623,LIMIT,BUY,98.05,21
2624,ORD002624,LIMIT,SELL,99.97,19
2625,ORD002621,CANCEL,,,
2626,ORD002624,CANCEL,,,
2627,ORD002627,LIMIT,BUY,98.34,97
2628,ORD002628,LIMIT,BUY,98.05,2
2629,ORD002629,LIMIT,BUY,99.93,35
2630,ORD002629,CANCEL,,,
2631,ORD002618,CANCEL,,,
2632,ORD002632,LIMIT,BUY,100.05,91
2633,ORD002627,CANCEL,,,
2634,ORD002632,CANCEL,,,
2635,ORD002635,LIMIT,BUY,99.2,32
2636,ORD002635,CANCEL,,,
2637,ORD002623,CANCEL,,,
2638,ORD002628,CANCEL,,,
2639,ORD002639,LIMIT,SELL,101.72,54
2640,ORD002639,CANCEL,,,
2641,ORD002641,LIMIT,SELL,100.38,37
2642,ORD002641,CANCEL,,,
2643,ORD002643,LIMIT,BUY,100.48,29
2644,ORD002643,CANCEL,,,
2645,ORD002645,LIMIT,SELL,101.81,11
2646,ORD002646,LIMIT,BUY,99.33,77
2647,ORD002646,CANCEL,,,
2648,ORD002645,CANCEL,,,
2649,ORD002649,LIMIT,SELL,99.76,64
2650,ORD002649,CANCEL,,,
2651,ORD002651,LIMIT,BUY,100.15,20
2652,ORD002652,LIMIT,BUY,98.98,93
2653,ORD002653,LIMIT,SELL,99.78,55
2654,ORD002654,LIMIT,SELL,100.31,17
2655,ORD002654,CANCEL,,,
2656,ORD002652,CANCEL,,,
2657,ORD002653,CANCEL,,,
2658,ORD002651,CANCEL,,,
2659,ORD002659,LIMIT,BUY,99.37,69
2660,ORD002659,CANCEL,,,
2661,ORD002661,LIMIT,SELL,101.44,96
2662,ORD002661,CANCEL,,,
2663,ORD002663,LIMIT,BUY,100.13,47
2664,ORD002663,CANCEL,,,
2665,ORD002665,LIMIT,BUY,98.9,100
2666,ORD002666,LIMIT,SELL,101.59,71
2667,ORD002667,LIMIT,SELL,101.57,8
2668,ORD002668,LIMIT,BUY,99.76,49
2669,ORD002669,LIMIT,SELL,101.25,85
2670,ORD002668,CANCEL,,,
2671,ORD002671,MARKET,BUY,,47
2672,ORD002666,CANCEL,,,
2673,ORD002669,CANCEL,,,
2674,ORD002674,LIMIT,SELL,99.96,96
2675,ORD002674,CANCEL,,,
2676,ORD002667,CANCEL,,,
2677,ORD002665,CANCEL,,,
2678,ORD002678,LIMIT,BUY,98.39,83
2679,ORD002678,CANCEL,,,
2680,ORD002680,LIMIT,BUY,99.06,59
2681,ORD002680,CANCEL,,,
2682,ORD002682,LIMIT,SELL,100.56,21
2683,ORD002682,CANCEL,,,
2684,ORD002684,LIMIT,BUY,99.0,8
2685,ORD002684,CANCEL,,,
2686,ORD002686,LIMIT,BUY,99.17,41
2687,ORD002686,CANCEL,,,
2688,ORD002688,LIMIT,BUY,98.93,55
2689,ORD002688,CANCEL,,,
2690,ORD002690,LIMIT,SELL,101.62,4
2691,ORD002690,CANCEL,,,
2692,ORD002692,LIMIT,BUY,98.03,40
2693,ORD002692,CANCEL,,,
2694,ORD002694,LIMIT,BUY,98.21,73
2695,ORD002694,CANCEL,,,
2696,ORD002696,LIMIT,SELL,100.27,46
2697,ORD002697,LIMIT,SELL,100.29,51
2698,ORD002698,LIMIT,BUY,98.24,53
2699,ORD002699,LIMIT,BUY,99.94,4
2700,ORD002699,CANCEL,,,
2701,ORD002696,CANCEL,,,
2702,ORD002697,CANCEL,,,
2703,ORD002698,CANCEL,,,
2704,ORD002704,LIMIT,BUY,98.58,28
2705,ORD002705,LIMIT,BUY,98.4,65
2706,ORD002705,CANCEL,,,
2707,ORD002704,CANCEL,,,
2708,ORD002708,LIMIT,SELL,101.85,6
2709,ORD002709,LIMIT,SELL,101.99,78
2710,ORD002708,CANCEL,,,
2711,ORD002709,CANCEL,,,
2712,ORD002712,LIMIT,BUY,100.18,71
2713,ORD002713,LIMIT,BUY,99.14,22
2714,ORD002714,LIMIT,BUY,99.44,46
2715,ORD002712,CANCEL,,,
2716,ORD002716,LIMIT,SELL,100.68,33
2717,ORD002717,LIMIT,SELL,99.85,16
2718,ORD002718,MARKET,SELL,,37
2719,ORD002714,CANCEL,,,
2720,ORD002717,CANCEL,,,
2721,ORD002721,LIMIT,SELL,101.21,65
2722,ORD002721,CANCEL,,,
2723,ORD002713,CANCEL,,,
2724,ORD002724,LIMIT,BUY,99.4,20
2725,ORD002725,LIMIT,SELL,100.93,10
2726,ORD002724,CANCEL,,,
2727,ORD002725,CANCEL,,,
2728,ORD002716,CANCEL,,,
2729,ORD002729,LIMIT,BUY,100.29,51
2730,ORD002730,LIMIT,BUY,98.16,44
2731,ORD002731,LIMIT,SELL,101.35,15
2732,ORD002729,CANCEL,,,
2733,ORD002731,CANCEL,,,
2734,ORD002730,CANCEL,,,
2735,ORD002735,LIMIT,BUY,99.94,8
2736,ORD002736,LIMIT,SELL,101.95,28
2737,ORD002735,CANCEL,,,
2738,ORD002738,LIMIT,SELL,101.09,11
2739,ORD002738,CANCEL,,,
2740,ORD002736,CANCEL,,,
2741,ORD002741,LIMIT,SELL,100.81,86
2742,ORD002742,LIMIT,BUY,98.23,55
2743,ORD002742,CANCEL,,,
2744,ORD002741,CANCEL,,,
2745,ORD002745,LIMIT,SELL,101.22,21
2746,ORD002746,LIMIT,SELL,101.23,50
2747,ORD002747,LIMIT,BUY,99.67,79
2748,ORD002747,CANCEL,,,
2749,ORD002749,MARKET,SELL,,59
2750,ORD002750,LIMIT,SELL,99.78,87
2751,ORD002750,CANCEL,,,
2752,ORD002752,LIMIT,SELL,101.64,82
2753,ORD002752,CANCEL,,,
2754,ORD002745,CANCEL,,,
2755,ORD002755,LIMIT,BUY,99.37,22
2756,ORD002746,CANCEL,,,
2757,ORD002755,CANCEL,,,
2758,ORD002758,LIMIT,BUY,98.91,39
2759,ORD002759,LIMIT,BUY,99.62,59
2760,ORD002759,CANCEL,,,
2761,ORD002758,CANCEL,,,
2762,ORD002762,LIMIT,SELL,99.94,55
2763,ORD002762,CANCEL,,,
2764,ORD002764,LIMIT,SELL,101.15,88
2765,ORD002764,CANCEL,,,
2766,ORD002766,LIMIT,BUY,100.01,14
2767,ORD002766,CANCEL,,,
2768,ORD002768,LIMIT,SELL,101.37,80
2769,ORD002769,LIMIT,BUY,99.26,5
2770,ORD002769,CANCEL,,,
2771,ORD002768,CANCEL,,,
2772,ORD002772,LIMIT,BUY,99.17,16
2773,ORD002772,CANCEL,,,
2774,ORD002774,MARKET,SELL,,48
2775,ORD002775,LIMIT,SELL,101.15,40
2776,ORD002776,LIMIT,SELL,99.51,54
2777,ORD002775,CANCEL,,,
2778,ORD002776,CANCEL,,,
2779,ORD002779,LIMIT,SELL,101.9,56
2780,ORD002779,CANCEL,,,
2781,ORD002781,LIMIT,SELL,101.5,74
2782,ORD002781,CANCEL,,,
2783,ORD002783,LIMIT,BUY,98.8,21
2784,ORD002783,CANCEL,,,
2785,ORD002785,LIMIT,BUY,99.58,51
2786,ORD002786,LIMIT,SELL,99.9,42
2787,ORD002785,CANCEL,,,
2788,ORD002786,CANCEL,,,
2789,ORD002789,MARKET,BUY,,91
2790,ORD002790,LIMIT,BUY,98.06,94
2791,ORD002790,CANCEL,,,
2792,ORD002792,LIMIT,SELL,101.13,29
2793,ORD002792,CANCEL,,,
2794,ORD002794,LIMIT,SELL,101.15,36
2795,ORD002794,CANCEL,,,
2796,ORD002796,LIMIT,BUY,100.32,16
2797,ORD002796,CANCEL,,,
2798,ORD002798,LIMIT,BUY,99.24,47
2799,ORD002799,LIMIT,BUY,99.23,3
2800,ORD002799,CANCEL,,,
2801,ORD002801,LIMIT,BUY,99.05,41
2802,ORD002801,CANCEL,,,
2803,ORD002803,LIMIT,BUY,100.26,85
2804,ORD002798,CANCEL,,,
2805,ORD002803,CANCEL,,,
2806,ORD002806,LIMIT,SELL,101.0,1
2807,ORD002806,CANCEL,,,
2808,ORD002808,LIMIT,BUY,99.34,67
2809,ORD002808,CANCEL,,,
2810,ORD002810,LIMIT,SELL,100.04,42
2811,ORD002810,CANCEL,,,
2812,ORD002812,LIMIT,BUY,99.2,12
2813,ORD002812,CANCEL,,,
2814,ORD002814,LIMIT,SELL,101.87,25
2815,ORD002814,CANCEL,,,
2816,ORD002816,LIMIT,SELL,99.76,99
2817,ORD002816,CANCEL,,,
2818,ORD002818,LIMIT,SELL,100.62,77
2819,ORD002819,LIMIT,SELL,101.02,55
2820,ORD002819,CANCEL,,,
2821,ORD002818,CANCEL,,,
2822,ORD002822,LIMIT,BUY,98.63,53
2823,ORD002822,CANCEL,,,
2824,ORD002824,LIMIT,BUY,98.81,24
2825,ORD002824,CANCEL,,,
2826,ORD002826,LIMIT,SELL,101.45,16
2827,ORD002826,CANCEL,,,
2828,ORD002828,LIMIT,BUY,99.99,30
2829,ORD002828,CANCEL,,,
2830,ORD002830,LIMIT,BUY,98.26,36
2831,ORD002831,LIMIT,BUY,99.62,88
2832,ORD002832,LIMIT,SELL,100.0,7
2833,ORD002833,MARKET,SELL,,36
2834,ORD002830,CANCEL,,,
2835,ORD002832,CANCEL,,,
2836,ORD002831,CANCEL,,,
2837,ORD002837,MARKET,SELL,,74
2838,ORD002838,LIMIT,SELL,101.6,52
2839,ORD002838,CANCEL,,,
2840,ORD002840,LIMIT,BUY,98.24,54
2841,ORD002841,LIMIT,SELL,100.36,11
2842,ORD002841,CANCEL,,,
2843,ORD002840,CANCEL,,,
2844,ORD002844,LIMIT,SELL,101.1,16
2845,ORD002845,MARKET,BUY,,7
2846,ORD002846,LIMIT,BUY,98.81,89
2847,ORD002847,LIMIT,BUY,98.48,48
2848,ORD002848,LIMIT,BUY,100.17,34
2849,ORD002849,LIMIT,BUY,100.37,10
2850,ORD002849,CANCEL,,,
2851,ORD002851,LIMIT,SELL,99.93,18
2852,ORD002844,CANCEL,,,
2853,ORD002846,CANCEL,,,
2854,ORD002854,LIMIT,SELL,101.17,67
2855,ORD002854,CANCEL,,,
2856,ORD002848,CANCEL,,,
2857,ORD002857,LIMIT,SELL,100.71,12
2858,ORD002857,CANCEL,,,
2859,ORD002859,LIMIT,SELL,101.68,85
2860,ORD002847,CANCEL,,,
2861,ORD002859,CANCEL,,,
2862,ORD002862,LIMIT,BUY,99.68,60
2863,ORD002863,LIMIT,BUY,98.85,76
2864,ORD002864,LIMIT,SELL,100.28,59
2865,ORD002864,CANCEL,,,
2866,ORD002862,CANCEL,,,
2867,ORD002863,CANCEL,,,
2868,ORD002868,LIMIT,SELL,100.78,100
2869,ORD002868,CANCEL,,,
2870,ORD002870,LIMIT,BUY,100.38,74
2871,ORD002870,CANCEL,,,
2872,ORD002872,LIMIT,BUY,98.6,59
2873,ORD002872,CANCEL,,,
2874,ORD002874,LIMIT,SELL,99.8,71
2875,ORD002874,CANCEL,,,
2876,ORD002876,LIMIT,SELL,100.77,7
2877,ORD002876,CANCEL,,,
2878,ORD002878,LIMIT,SELL,100.56,38
2879,ORD002878,CANCEL,,,
2880,ORD002880,LIMIT,SELL,99.77,7
2881,ORD002880,CANCEL,,,
2882,ORD002882,LIMIT,BUY,99.44,31
2883,ORD002882,CANCEL,,,
2884,ORD002884,LIMIT,SELL,99.75,94
2885,ORD002885,LIMIT,SELL,99.93,27
2886,ORD002885,CANCEL,,,
2887,ORD002887,LIMIT,SELL,99.74,65
2888,ORD002888,LIMIT,SELL,101.63,89
2889,ORD002887,CANCEL,,,
2890,ORD002884,CANCEL,,,
2891,ORD002888,CANCEL,,,
2892,ORD002892,LIMIT,BUY,99.07,3
2893,ORD002892,CANCEL,,,
2894,ORD002894,LIMIT,BUY,100.13,77
2895,ORD002894,CANCEL,,,
2896,ORD002896,LIMIT,SELL,100.68,6
2897,ORD002897,LIMIT,SELL,100.81,22
2898,ORD002898,LIMIT,BUY,100.01,43
2899,ORD002898,CANCEL,,,
2900,ORD002897,CANCEL,,,
2901,ORD002896,CANCEL,,,
2902,ORD002902,LIMIT,BUY,98.75,43
2903,ORD002903,LIMIT,SELL,101.21,94
2904,ORD002902,CANCEL,,,
2905,ORD002905,LIMIT,BUY,98.35,64
2906,ORD002905,CANCEL,,,
2907,ORD002903,CANCEL,,,
2908,ORD002908,LIMIT,SELL,101.91,81
2909,ORD002908,CANCEL,,,
2910,ORD002910,LIMIT,BUY,99.7,43
2911,ORD002910,CANCEL,,,
2912,ORD002912,LIMIT,SELL,99.6,67
2913,ORD002913,LIMIT,BUY,99.14,45
2914,ORD002912,CANCEL,,,
2915,ORD002913,CANCEL,,,
2916,ORD002916,LIMIT,BUY,98.72,72
2917,ORD002916,CANCEL,,,
2918,ORD002918,LIMIT,BUY,98.04,6
2919,ORD002918,CANCEL,,,
2920,ORD002920,MARKET,SELL,,46
2921,ORD002921,MARKET,BUY,,18
2922,ORD002922,LIMIT,SELL,100.75,99
2923,ORD002922,CANCEL,,,
2924,ORD002924,LIMIT,BUY,98.49,75
2925,ORD002925,LIMIT,SELL,100.68,46
2926,ORD002925,CANCEL,,,
2927,ORD002924,CANCEL,,,
2928,ORD002928,LIMIT,SELL,99.93,56
2929,ORD002928,CANCEL,,,
2930,ORD002930,LIMIT,BUY,98.5,18
2931,ORD002930,CANCEL,,,
2932,ORD002932,LIMIT,BUY,100.32,60
2933,ORD002932,CANCEL,,,
2934,ORD002934,LIMIT,SELL,100.82,89
2935,ORD002934,CANCEL,,,
2936,ORD002936,LIMIT,SELL,101.9,60
2937,ORD002936,CANCEL,,,
2938,ORD002938,LIMIT,SELL,99.85,39
2939,ORD002939,LIMIT,SELL,100.86,73
2940,ORD002940,LIMIT,BUY,98.98,52
2941,ORD002939,CANCEL,,,
2942,ORD002942,LIMIT,SELL,99.71,35
2943,ORD002943,LIMIT,BUY,98.24,38
2944,ORD002942,CANCEL,,,
2945,ORD002945,LIMIT,BUY,99.69,95
2946,ORD002946,LIMIT,BUY,99.41,64
2947,ORD002940,CANCEL,,,
2948,ORD002945,CANCEL,,,
2949,ORD002949,LIMIT,BUY,99.56,26
2950,ORD002938,CANCEL,,,
2951,ORD002943,CANCEL,,,
2952,ORD002946,CANCEL,,,
2953,ORD002949,CANCEL,,,
2954,ORD002954,LIMIT,SELL,101.82,39
2955,ORD002954,CANCEL,,,
2956,ORD002956,LIMIT,SELL,101.2,85
2957,ORD002956,CANCEL,,,
2958,ORD002958,LIMIT,BUY,100.05,85
2959,ORD002958,CANCEL,,,
2960,ORD002960,LIMIT,SELL,99.75,76
2961,ORD002960,CANCEL,,,
2962,ORD002962,LIMIT,BUY,100.03,19
2963,ORD002962,CANCEL,,,
2964,ORD002964,MARKET,SELL,,39
2965,ORD002965,MARKET,SELL,,46
2966,ORD002966,LIMIT,SELL,100.65,2
2967,ORD002967,LIMIT,SELL,101.65,27
2968,ORD002967,CANCEL,,,
2969,ORD002966,CANCEL,,,
2970,ORD002970,LIMIT,SELL,100.91,59
2971,ORD002971,LIMIT,BUY,99.91,39
2972,ORD002972,LIMIT,BUY,99.61,49
2973,ORD002973,LIMIT,BUY,100.32,100
2974,ORD002972,CANCEL,,,
2975,ORD002971,CANCEL,,,
2976,ORD002973,CANCEL,,,
2977,ORD002970,CANCEL,,,
2978,ORD002978,LIMIT,BUY,98.4,13
2979,ORD002978,CANCEL,,,
2980,ORD002980,LIMIT,SELL,100.08,99
2981,ORD002981,LIMIT,BUY,100.2,94
2982,ORD002982,LIMIT,SELL,99.65,33
2983,ORD002980,CANCEL,,,
2984,ORD002982,CANCEL,,,
2985,ORD002985,LIMIT,BUY,98.8,90
2986,ORD002985,CANCEL,,,
2987,ORD002987,LIMIT,BUY,99.23,87
2988,ORD002987,CANCEL,,,
2989,ORD002989,LIMIT,SELL,101.52,25
2990,ORD002989,CANCEL,,,
2991,ORD002991,LIMIT,BUY,100.03,1
2992,ORD002991,CANCEL,,,
2993,ORD002993,LIMIT,BUY,99.71,94
2994,ORD002993,CANCEL,,,
2995,ORD002995,LIMIT,BUY,99.18,46
2996,ORD002995,CANCEL,,,
2997,ORD002997,LIMIT,SELL,100.44,10
2998,ORD002997,CANCEL,,,
2999,ORD002999,LIMIT,SELL,100.75,7
3000,ORD002999,CANCEL,,,
3001,ORD003001,LIMIT,SELL,100.13,91
3002,ORD003001,CANCEL,,,
3003,ORD003003,LIMIT,BUY,98.6,67
3004,ORD003004,LIMIT,SELL,99.64,90
3005,ORD003005,LIMIT,SELL,101.96,84
3006,ORD003004,CANCEL,,,
3007,ORD003003,CANCEL,,,
3008,ORD003005,CANCEL,,,
3009,ORD003009,LIMIT,SELL,101.16,8
3010,ORD003009,CANCEL,,,
3011,ORD003011,LIMIT,BUY,98.18,54
3012,ORD003011,CANCEL,,,
3013,ORD003013,LIMIT,SELL,100.18,6
3014,ORD003013,CANCEL,,,
3015,ORD003015,LIMIT,SELL,100.26,30
3016,ORD003015,CANCEL,,,
3017,ORD003017,LIMIT,BUY,100.15,88
3018,ORD003017,CANCEL,,,
3019,ORD003019,LIMIT,BUY,98.94,17
3020,ORD003019,CANCEL,,,
3021,ORD003021,LIMIT,BUY,100.24,48
3022,ORD003021,CANCEL,,,
3023,ORD003023,LIMIT,BUY,98.23,2
3024,ORD003023,CANCEL,,,
3025,ORD003025,LIMIT,BUY,98.62,8
3026,ORD003025,CANCEL,,,
3027,ORD003027,MARKET,SELL,,45
3028,ORD003028,LIMIT,BUY,98.32,51
3029,ORD003028,CANCEL,,,
3030,ORD003030,LIMIT,BUY,99.36,64
3031,ORD003031,LIMIT,SELL,101.65,57
3032,ORD003032,LIMIT,SELL,100.23,84
3033,ORD003031,CANCEL,,,
3034,ORD003030,CANCEL,,,
3035,ORD003032,CANCEL,,,
3036,ORD003036,LIMIT,SELL,100.01,18
3037,ORD003037,LIMIT,BUY,99.38,16
3038,ORD003036,CANCEL,,,
3039,ORD003037,CANCEL,,,
3040,ORD003040,LIMIT,SELL,99.55,5
3041,ORD003040,CANCEL,,,
3042,ORD003042,LIMIT,BUY,100.14,50
3043,ORD003042,CANCEL,,,
3044,ORD003044,LIMIT,BUY,98.95,85
3045,ORD003044,CANCEL,,,
3046,ORD003046,LIMIT,BUY,98.87,4
3047,ORD003047,LIMIT,SELL,101.77,97
3048,ORD003046,CANCEL,,,
3049,ORD003047,CANCEL,,,
3050,ORD003050,LIMIT,BUY,99.38,93
3051,ORD003051,LIMIT,SELL,101.84,60
3052,ORD003051,CANCEL,,,
3053,ORD003050,CANCEL,,,
3054,ORD003054,LIMIT,BUY,98.04,88
3055,ORD003055,LIMIT,BUY,99.93,38
3056,ORD003055,CANCEL,,,
3057,ORD003054,CANCEL,,,
3058,ORD003058,LIMIT,SELL,101.53,78
3059,ORD003058,CANCEL,,,
3060,ORD003060,LIMIT,SELL,101.62,57
3061,ORD003060,CANCEL,,,
3062,ORD003062,LIMIT,BUY,99.2,72
3063,ORD003062,CANCEL,,,
3064,ORD003064,LIMIT,BUY,99.53,41
3065,ORD003065,LIMIT,SELL,101.41,36
3066,ORD003065,CANCEL,,,
3067,ORD003064,CANCEL,,,
3068,ORD003068,LIMIT,BUY,99.64,24
3069,ORD003068,CANCEL,,,
3070,ORD003070,LIMIT,BUY,98.57,92
3071,ORD003071,MARKET,SELL,,46
3072,ORD003070,CANCEL,,,
3073,ORD003073,LIMIT,SELL,100.77,15
3074,ORD003073,CANCEL,,,
3075,ORD003075,LIMIT,SELL,101.2,10
3076,ORD003075,CANCEL,,,
3077,ORD003077,LIMIT,SELL,100.4,53
3078,ORD003078,LIMIT,SELL,101.93,80
3079,ORD003078,CANCEL,,,
3080,ORD003077,CANCEL,,,
3081,ORD003081,LIMIT,BUY,98.53,41
3082,ORD003081,CANCEL,,,
3083,ORD003083,LIMIT,SELL,99.58,93
3084,ORD003083,CANCEL,,,
3085,ORD003085,LIMIT,BUY,100.49,81
3086,ORD003085,CANCEL,,,
3087,ORD003087,LIMIT,BUY,99.32,7
3088,ORD003087,CANCEL,,,
3089,ORD003089,LIMIT,BUY,98.73,32
3090,ORD003089,CANCEL,,,
3091,ORD003091,LIMIT,SELL,99.79,31
3092,ORD003091,CANCEL,,,
3093,ORD003093,LIMIT,SELL,99.69,47
3094,ORD003093,CANCEL,,,
3095,ORD003095,LIMIT,SELL,101.57,17
3096,ORD003096,LIMIT,BUY,99.02,75
3097,ORD003096,CANCEL,,,
3098,ORD003098,LIMIT,SELL,99.7,54
3099,ORD003095,CANCEL,,,
3100,ORD003098,CANCEL,,,
3101,ORD003101,MARKET,SELL,,16
3102,ORD003102,LIMIT,SELL,99.82,5
3103,ORD003103,LIMIT,BUY,100.47,17
3104,ORD003103,CANCEL,,,
3105,ORD003105,LIMIT,SELL,101.24,31
3106,ORD003106,LIMIT,BUY,100.06,44
3107,ORD003106,CANCEL,,,
3108,ORD003102,CANCEL,,,
3109,ORD003105,CANCEL,,,
3110,ORD003110,LIMIT,SELL,101.35,56
3111,ORD003110,CANCEL,,,
3112,ORD003112,LIMIT,BUY,99.47,66
3113,ORD003112,CANCEL,,,
3114,ORD003114,LIMIT,SELL,100.63,42
3115,ORD003114,CANCEL,,,
3116,ORD003116,LIMIT,BUY,99.23,7
3117,ORD003116,CANCEL,,,
3118,ORD003118,LIMIT,SELL,99.95,19
3119,ORD003118,CANCEL,,,
3120,ORD003120,LIMIT,SELL,101.04,13
3121,ORD003120,CANCEL,,,
3122,ORD003122,LIMIT,SELL,100.06,22
3123,ORD003122,CANCEL,,,
3124,ORD003124,LIMIT,BUY,99.67,19
3125,ORD003124,CANCEL,,,
3126,ORD003126,LIMIT,BUY,99.35,25
3127,ORD003126,CANCEL,,,
3128,ORD003128,LIMIT,SELL,100.93,94
3129,ORD003128,CANCEL,,,
3130,ORD003130,LIMIT,SELL,101.29,16
3131,ORD003130,CANCEL,,,
3132,ORD003132,LIMIT,BUY,100.48,94
3133,ORD003132,CANCEL,,,
3134,ORD003134,LIMIT,BUY,98.82,65
3135,ORD003134,CANCEL,,,
3136,ORD003136,LIMIT,BUY,98.79,5
3137,ORD003136,CANCEL,,,
3138,ORD003138,LIMIT,BUY,99.57,32
3139,ORD003138,CANCEL,,,
3140,ORD003140,LIMIT,BUY,98.66,20
3141,ORD003140,CANCEL,,,
3142,ORD003142,LIMIT,SELL,101.09,12
3143,ORD003143,MARKET,BUY,,9
3144,ORD003142,CANCEL,,,
3145,ORD003145,LIMIT,BUY,98.66,49
3146,ORD003145,CANCEL,,,
3147,ORD003147,LIMIT,SELL,101.89,39
3148,ORD003148,LIMIT,SELL,100.73,81
3149,ORD003148,CANCEL,,,
3150,ORD003147,CANCEL,,,
3151,ORD003151,LIMIT,BUY,100.24,98
3152,ORD003151,CANCEL,,,
3153,ORD003153,LIMIT,SELL,100.66,41
3154,ORD003153,CANCEL,,,
3155,ORD003155,LIMIT,BUY,99.21,63
3156,ORD003155,CANCEL,,,
3157,ORD003157,LIMIT,SELL,101.72,53
3158,ORD003157,CANCEL,,,
3159,ORD003159,LIMIT,SELL,101.52,55
3160,ORD003159,CANCEL,,,
3161,ORD003161,LIMIT,BUY,100.05,40
3162,ORD003161,CANCEL,,,
3163,ORD003163,LIMIT,BUY,99.95,15
3164,ORD003164,LIMIT,SELL,100.85,93
3165,ORD003164,CANCEL,,,
3166,ORD003163,CANCEL,,,
3167,ORD003167,LIMIT,BUY,99.3,47
3168,ORD003167,CANCEL,,,
3169,ORD003169,LIMIT,SELL,100.07,21
3170,ORD003170,LIMIT,SELL,100.88,32
3171,ORD003171,LIMIT,BUY,99.89,68
3172,ORD003170,CANCEL,,,
3173,ORD003173,LIMIT,BUY,98.75,30
3174,ORD003173,CANCEL,,,
3175,ORD003171,CANCEL,,,
3176,ORD003176,LIMIT,SELL,99.83,95
3177,ORD003177,LIMIT,BUY,99.26,91
3178,ORD003178,MARKET,SELL,,96
3179,ORD003179,LIMIT,BUY,99.47,51
3180,ORD003177,CANCEL,,,
3181,ORD003181,LIMIT,SELL,99.56,36
3182,ORD003169,CANCEL,,,
3183,ORD003181,CANCEL,,,
3184,ORD003179,CANCEL,,,
3185,ORD003176,CANCEL,,,
3186,ORD003186,LIMIT,SELL,100.71,90
3187,ORD003186,CANCEL,,,
3188,ORD003188,LIMIT,SELL,101.88,98
3189,ORD003188,CANCEL,,,
3190,ORD003190,LIMIT,BUY,98.58,48
3191,ORD003190,CANCEL,,,
3192,ORD003192,LIMIT,SELL,101.07,11
3193,ORD003192,CANCEL,,,
3194,ORD003194,LIMIT,SELL,99.71,52
3195,ORD003194,CANCEL,,,
3196,ORD003196,LIMIT,BUY,99.23,53
3197,ORD003196,CANCEL,,,
3198,ORD003198,LIMIT,BUY,99.41,53
3199,ORD003199,LIMIT,SELL,101.39,63
3200,ORD003199,CANCEL,,,
3201,ORD003201,LIMIT,BUY,99.77,66
3202,ORD003198,CANCEL,,,
3203,ORD003203,LIMIT,SELL,100.44,97
3204,ORD003201,CANCEL,,,
3205,ORD003203,CANCEL,,,
3206,ORD003206,MARKET,BUY,,55
3207,ORD003207,LIMIT,SELL,101.69,54
3208,ORD003207,CANCEL,,,
3209,ORD003209,LIMIT,SELL,101.7,35
3210,ORD003209,CANCEL,,,
3211,ORD003211,LIMIT,BUY,99.31,27
3212,ORD003212,LIMIT,SELL,100.13,60
3213,ORD003212,CANCEL,,,
3214,ORD003214,LIMIT,BUY,99.79,61
3215,ORD003214,CANCEL,,,
3216,ORD003211,CANCEL,,,
3217,ORD003217,LIMIT,BUY,98.47,89
3218,ORD003217,CANCEL,,,
3219,ORD003219,LIMIT,BUY,99.49,9
3220,ORD003219,CANCEL,,,
3221,ORD003221,LIMIT,BUY,98.69,55
3222,ORD003221,CANCEL,,,
3223,ORD003223,LIMIT,SELL,100.9,83
3224,ORD003223,CANCEL,,,
3225,ORD003225,LIMIT,BUY,98.7,34
3226,ORD003225,CANCEL,,,
3227,ORD003227,LIMIT,SELL,101.43,76
3228,ORD003227,CANCEL,,,
3229,ORD003229,LIMIT,BUY,100.47,12
3230,ORD003230,LIMIT,BUY,99.19,1
3231,ORD003229,CANCEL,,,
3232,ORD003230,CANCEL,,,
3233,ORD003233,LIMIT,SELL,100.75,16
3234,ORD003233,CANCEL,,,
3235,ORD003235,LIMIT,SELL,100.39,67
3236,ORD003235,CANCEL,,,
3237,ORD003237,LIMIT,BUY,100.36,36
3238,ORD003238,LIMIT,SELL,100.73,33
3239,ORD003238,CANCEL,,,
3240,ORD003237,CANCEL,,,
3241,ORD003241,LIMIT,SELL,101.43,45
3242,ORD003242,LIMIT,BUY,100.19,25
3243,ORD003241,CANCEL,,,
3244,ORD003244,LIMIT,BUY,98.9,25
3245,ORD003244,CANCEL,,,
3246,ORD003242,CANCEL,,,
3247,ORD003247,LIMIT,BUY,98.08,36
3248,ORD003247,CANCEL,,,
3249,ORD003249,LIMIT,SELL,99.64,74
3250,ORD003250,LIMIT,SELL,101.08,63
3251,ORD003249,CANCEL,,,
3252,ORD003250,CANCEL,,,
3253,ORD003253,LIMIT,BUY,98.44,17
3254,ORD003253,CANCEL,,,
3255,ORD003255,LIMIT,BUY,100.14,36
3256,ORD003256,LIMIT,BUY,99.84,43
3257,ORD003257,LIMIT,SELL,99.92,76
3258,ORD003258,LIMIT,SELL,101.85,52
3259,ORD003255,CANCEL,,,
3260,ORD003258,CANCEL,,,
3261,ORD003257,CANCEL,,,
3262,ORD003256,CANCEL,,,
3263,ORD003263,LIMIT,BUY,99.02,82
3264,ORD003264,LIMIT,BUY,99.4,16
3265,ORD003263,CANCEL,,,
3266,ORD003264,CANCEL,,,
3267,ORD003267,LIMIT,BUY,98.22,41
3268,ORD003267,CANCEL,,,
3269,ORD003269,LIMIT,BUY,98.94,11
3270,ORD003270,LIMIT,BUY,99.7,25
3271,ORD003271,LIMIT,BUY,98.95,37
3272,ORD003269,CANCEL,,,
3273,ORD003271,CANCEL,,,
3274,ORD003270,CANCEL,,,
3275,ORD003275,LIMIT,BUY,98.74,90
3276,ORD003275,CANCEL,,,
3277,ORD003277,LIMIT,SELL,101.1,58
3278,ORD003278,MARKET,BUY,,75
3279,ORD003277,CANCEL,,,
3280,ORD003280,LIMIT,SELL,101.53,37
3281,ORD003280,CANCEL,,,
3282,ORD003282,LIMIT,BUY,99.17,5
3283,ORD003283,LIMIT,BUY,99.17,42
3284,ORD003283,CANCEL,,,
3285,ORD003282,CANCEL,,,
3286,ORD003286,LIMIT,BUY,100.17,2
3287,ORD003286,CANCEL,,,
3288,ORD003288,LIMIT,BUY,98.9,21
3289,ORD003288,CANCEL,,,
3290,ORD003290,LIMIT,SELL,100.64,74
3291,ORD003290,CANCEL,,,
3292,ORD003292,LIMIT,BUY,98.93,44
3293,ORD003292,CANCEL,,,
3294,ORD003294,LIMIT,BUY,100.25,65
3295,ORD003294,CANCEL,,,
3296,ORD003296,LIMIT,SELL,99.91,22
3297,ORD003297,LIMIT,BUY,99.42,18
3298,ORD003297,CANCEL,,,
3299,ORD003299,LIMIT,BUY,98.77,99
3300,ORD003299,CANCEL,,,
3301,ORD003296,CANCEL,,,
3302,ORD003302,LIMIT,BUY,98.43,40
3303,ORD003302,CANCEL,,,
3304,ORD003304,LIMIT,SELL,100.11,88
3305,ORD003304,CANCEL,,,
3306,ORD003306,LIMIT,BUY,99.18,88
3307,ORD003306,CANCEL,,,
3308,ORD003308,LIMIT,SELL,101.27,98
3309,ORD003309,LIMIT,SELL,101.41,18
3310,ORD003309,CANCEL,,,
3311,ORD003311,LIMIT,SELL,100.84,45
3312,ORD003308,CANCEL,,,
3313,ORD003311,CANCEL,,,
3314,ORD003314,LIMIT,SELL,100.75,1
3315,ORD003314,CANCEL,,,
3316,ORD003316,LIMIT,BUY,98.47,28
3317,ORD003316,CANCEL,,,
3318,ORD003318,LIMIT,BUY,98.71,50
3319,ORD003318,CANCEL,,,
3320,ORD003320,LIMIT,SELL,100.5,67
3321,ORD003321,LIMIT,SELL,100.37,94
3322,ORD003321,CANCEL,,,
3323,ORD003323,LIMIT,BUY,98.32,65
3324,ORD003323,CANCEL,,,
3325,ORD003320,CANCEL,,,
3326,ORD003326,LIMIT,BUY,98.65,82
3327,ORD003326,CANCEL,,,
3328,ORD003328,LIMIT,SELL,101.61,47
3329,ORD003328,CANCEL,,,
3330,ORD003330,LIMIT,SELL,99.7,1
3331,ORD003330,CANCEL,,,
3332,ORD003332,LIMIT,SELL,100.66,6
3333,ORD003332,CANCEL,,,
3334,ORD003334,LIMIT,BUY,99.72,33
3335,ORD003334,CANCEL,,,
3336,ORD003336,LIMIT,BUY,98.45,46
3337,ORD003336,CANCEL,,,
3338,ORD003338,LIMIT,BUY,98.89,5
3339,ORD003338,CANCEL,,,
3340,ORD003340,LIMIT,BUY,98.32,19
3341,ORD003340,CANCEL,,,
3342,ORD003342,LIMIT,SELL,101.22,32
3343,ORD003343,MARKET,SELL,,42
3344,ORD003342,CANCEL,,,
3345,ORD003345,LIMIT,BUY,100.45,11
3346,ORD003345,CANCEL,,,
3347,ORD003347,LIMIT,BUY,99.87,93
3348,ORD003347,CANCEL,,,
3349,ORD003349,LIMIT,SELL,101.48,74
3350,ORD003349,CANCEL,,,
3351,ORD003351,LIMIT,BUY,98.12,74
3352,ORD003351,CANCEL,,,
3353,ORD003353,LIMIT,BUY,99.68,78
3354,ORD003353,CANCEL,,,
3355,ORD003355,MARKET,SELL,,27
3356,ORD003356,LIMIT,SELL,100.19,60
3357,ORD003356,CANCEL,,,
3358,ORD003358,MARKET,BUY,,42
3359,ORD003359,LIMIT,SELL,101.02,59
3360,ORD003359,CANCEL,,,
3361,ORD003361,LIMIT,SELL,99.53,44
3362,ORD003361,CANCEL,,,
3363,ORD003363,LIMIT,SELL,101.24,87
3364,ORD003363,CANCEL,,,
3365,ORD003365,LIMIT,BUY,99.4,45
3366,ORD003365,CANCEL,,,
3367,ORD003367,LIMIT,SELL,100.67,20
3368,ORD003367,CANCEL,,,
3369,ORD003369,LIMIT,SELL,101.41,97
3370,ORD003370,LIMIT,SELL,100.44,69
3371,ORD003369,CANCEL,,,
3372,ORD003370,CANCEL,,,
3373,ORD003373,LIMIT,BUY,98.45,21
3374,ORD003374,LIMIT,SELL,100.38,28
3375,ORD003374,CANCEL,,,
3376,ORD003373,CANCEL,,,
3377,ORD003377,LIMIT,SELL,100.83,29
3378,ORD003378,LIMIT,SELL,100.22,58
3379,ORD003377,CANCEL,,,
3380,ORD003378,CANCEL,,,
3381,ORD003381,LIMIT,SELL,101.14,88
3382,ORD003382,LIMIT,SELL,100.55,54
3383,ORD003381,CANCEL,,,
3384,ORD003382,CANCEL,,,
3385,ORD003385,LIMIT,BUY,99.83,3
3386,ORD003385,CANCEL,,,
3387,ORD003387,LIMIT,SELL,101.88,3
3388,ORD003388,LIMIT,SELL,101.66,21
3389,ORD003387,CANCEL,,,
3390,ORD003388,CANCEL,,,
3391,ORD003391,LIMIT,SELL,99.58,74
3392,ORD003391,CANCEL,,,
3393,ORD003393,LIMIT,SELL,101.49,60
3394,ORD003393,CANCEL,,,
3395,ORD003395,LIMIT,SELL,101.77,32
3396,ORD003395,CANCEL,,,
3397,ORD003397,LIMIT,BUY,99.02,67
3398,ORD003398,LIMIT,SELL,100.54,34
3399,ORD003399,LIMIT,BUY,99.52,69
3400,ORD003400,LIMIT,SELL,101.32,38
3401,ORD003401,LIMIT,BUY,99.79,66
3402,ORD003400,CANCEL,,,
3403,ORD003397,CANCEL,,,
3404,ORD003399,CANCEL,,,
3405,ORD003405,LIMIT,BUY,98.92,85
3406,ORD003398,CANCEL,,,
3407,ORD003407,LIMIT,BUY,98.83,89
3408,ORD003407,CANCEL,,,
3409,ORD003401,CANCEL,,,
3410,ORD003410,LIMIT,SELL,100.61,58
3411,ORD003410,CANCEL,,,
3412,ORD003405,CANCEL,,,
3413,ORD003413,MARKET,SELL,,48
3414,ORD003414,LIMIT,SELL,101.29,73
3415,ORD003414,CANCEL,,,
3416,ORD003416,LIMIT,SELL,101.51,17
3417,ORD003416,CANCEL,,,
3418,ORD003418,LIMIT,SELL,99.57,28
3419,ORD003418,CANCEL,,,
3420,ORD003420,LIMIT,SELL,100.77,67
3421,ORD003420,CANCEL,,,
3422,ORD003422,LIMIT,BUY,99.25,67
3423,ORD003422,CANCEL,,,
3424,ORD003424,LIMIT,SELL,101.74,2
3425,ORD003424,CANCEL,,,
3426,ORD003426,LIMIT,SELL,99.88,78
3427,ORD003427,LIMIT,BUY,98.89,59
3428,ORD003426,CANCEL,,,
3429,ORD003429,LIMIT,BUY,98.91,5
3430,ORD003427,CANCEL,,,
3431,ORD003431,LIMIT,BUY,100.4,95
3432,ORD003429,CANCEL,,,
3433,ORD003433,LIMIT,BUY,99.31,32
3434,ORD003431,CANCEL,,,
3435,ORD003433,CANCEL,,,
3436,ORD003436,LIMIT,SELL,101.95,35
3437,ORD003436,CANCEL,,,
3438,ORD003438,LIMIT,BUY,98.33,39
3439,ORD003438,CANCEL,,,
3440,ORD003440,LIMIT,SELL,100.84,7
3441,ORD003440,CANCEL,,,
3442,ORD003442,LIMIT,BUY,99.19,13
3443,ORD003442,CANCEL,,,
3444,ORD003444,LIMIT,SELL,100.95,15
3445,ORD003445,LIMIT,SELL,99.99,82
3446,ORD003445,CANCEL,,,
3447,ORD003447,LIMIT,SELL,101.0,64
3448,ORD003447,CANCEL,,,
3449,ORD003444,CANCEL,,,
3450,ORD003450,LIMIT,SELL,100.83,44
3451,ORD003450,CANCEL,,,
3452,ORD003452,LIMIT,BUY,100.36,63
3453,ORD003452,CANCEL,,,
3454,ORD003454,LIMIT,BUY,99.08,39
3455,ORD003454,CANCEL,,,
3456,ORD003456,LIMIT,BUY,98.27,30
3457,ORD003456,CANCEL,,,
3458,ORD003458,LIMIT,SELL,100.25,79
3459,ORD003458,CANCEL,,,
3460,ORD003460,LIMIT,BUY,99.96,21
3461,ORD003460,CANCEL,,,
3462,ORD003462,LIMIT,SELL,101.47,100
3463,ORD003463,LIMIT,BUY,99.18,39
3464,ORD003463,CANCEL,,,
3465,ORD003462,CANCEL,,,
3466,ORD003466,LIMIT,SELL,100.56,51
3467,ORD003467,LIMIT,BUY,99.01,53
3468,ORD003466,CANCEL,,,
3469,ORD003469,MARKET,SELL,,91
3470,ORD003467,CANCEL,,,
3471,ORD003471,MARKET,SELL,,55
3472,ORD003472,LIMIT,SELL,101.35,28
3473,ORD003472,CANCEL,,,
3474,ORD003474,LIMIT,BUY,98.4,93
3475,ORD003474,CANCEL,,,
3476,ORD003476,LIMIT,BUY,98.98,91
3477,ORD003476,CANCEL,,,
3478,ORD003478,LIMIT,SELL,99.64,44
3479,ORD003478,CANCEL,,,
3480,ORD003480,LIMIT,SELL,99.84,96
3481,ORD003480,CANCEL,,,
3482,ORD003482,LIMIT,BUY,99.44,72
3483,ORD003482,CANCEL,,,
3484,ORD003484,LIMIT,SELL,101.54,89
3485,ORD003484,CANCEL,,,
3486,ORD003486,LIMIT,SELL,100.4,99
3487,ORD003486,CANCEL,,,
3488,ORD003488,LIMIT,SELL,100.41,26
3489,ORD003488,CANCEL,,,
3490,ORD003490,LIMIT,BUY,99.61,55
3491,ORD003490,CANCEL,,,
3492,ORD003492,LIMIT,BUY,99.28,3
3493,ORD003492,CANCEL,,,
3494,ORD003494,LIMIT,SELL,100.73,74
3495,ORD003494,CANCEL,,,
3496,ORD003496,LIMIT,BUY,99.95,69
3497,ORD003496,CANCEL,,,
3498,ORD003498,LIMIT,SELL,101.98,97
3499,ORD003498,CANCEL,,,
3500,ORD003500,LIMIT,SELL,101.7,95
3501,ORD003500,CANCEL,,,
3502,ORD003502,LIMIT,SELL,101.45,95
3503,ORD003503,LIMIT,SELL,100.5,38
3504,ORD003503,CANCEL,,,
3505,ORD003502,CANCEL,,,
3506,ORD003506,LIMIT,BUY,98.56,87
3507,ORD003507,LIMIT,SELL,100.0,74
3508,ORD003508,LIMIT,BUY,98.37,40
3509,ORD003506,CANCEL,,,
3510,ORD003507,CANCEL,,,
3511,ORD003511,LIMIT,SELL,100.32,41
3512,ORD003512,LIMIT,BUY,98.41,35
3513,ORD003508,CANCEL,,,
3514,ORD003514,LIMIT,BUY,100.25,57
3515,ORD003512,CANCEL,,,
3516,ORD003511,CANCEL,,,
3517,ORD003514,CANCEL,,,
3518,ORD003518,LIMIT,BUY,98.95,16
3519,ORD003518,CANCEL,,,
3520,ORD003520,LIMIT,BUY,98.52,63
3521,ORD003521,LIMIT,SELL,100.29,25
3522,ORD003520,CANCEL,,,
3523,ORD003523,LIMIT,SELL,100.77,59
3524,ORD003523,CANCEL,,,
3525,ORD003525,LIMIT,SELL,99.75,47
3526,ORD003526,LIMIT,BUY,100.12,39
3527,ORD003521,CANCEL,,,
3528,ORD003525,CANCEL,,,
3529,ORD003529,LIMIT,BUY,98.69,83
3530,ORD003530,LIMIT,BUY,98.62,73
3531,ORD003529,CANCEL,,,
3532,ORD003530,CANCEL,,,
3533,ORD003533,LIMIT,BUY,98.52,95
3534,ORD003533,CANCEL,,,
3535,ORD003535,LIMIT,BUY,98.44,67
3536,ORD003536,LIMIT,BUY,100.31,21
3537,ORD003535,CANCEL,,,
3538,ORD003536,CANCEL,,,
3539,ORD003539,LIMIT,SELL,99.57,4
3540,ORD003539,CANCEL,,,
3541,ORD003541,LIMIT,BUY,98.12,49
3542,ORD003542,LIMIT,BUY,98.04,29
3543,ORD003541,CANCEL,,,
3544,ORD003542,CANCEL,,,
3545,ORD003545,LIMIT,SELL,100.84,18
3546,ORD003546,LIMIT,BUY,99.17,33
3547,ORD003546,CANCEL,,,
3548,ORD003548,LIMIT,BUY,99.87,74
3549,ORD003545,CANCEL,,,
3550,ORD003548,CANCEL,,,
3551,ORD003551,LIMIT,BUY,99.79,37
3552,ORD003552,LIMIT,BUY,98.63,94
3553,ORD003552,CANCEL,,,
3554,ORD003554,LIMIT,SELL,100.8,74
3555,ORD003555,LIMIT,SELL,99.83,55
3556,ORD003551,CANCEL,,,
3557,ORD003554,CANCEL,,,
3558,ORD003558,LIMIT,SELL,101.49,24
3559,ORD003555,CANCEL,,,
3560,ORD003560,LIMIT,BUY,98.81,74
3561,ORD003560,CANCEL,,,
3562,ORD003558,CANCEL,,,
3563,ORD003563,LIMIT,BUY,98.66,57
3564,ORD003563,CANCEL,,,
3565,ORD003565,LIMIT,SELL,101.73,33
3566,ORD003565,CANCEL,,,
3567,ORD003567,LIMIT,SELL,101.17,44
3568,ORD003568,LIMIT,SELL,100.41,83
3569,ORD003567,CANCEL,,,
3570,ORD003568,CANCEL,,,
3571,ORD003571,LIMIT,BUY,98.74,45
3572,ORD003571,CANCEL,,,
3573,ORD003573,LIMIT,BUY,100.43,24
3574,ORD003573,CANCEL,,,
3575,ORD003575,LIMIT,BUY,98.5,96
3576,ORD003575,CANCEL,,,
3577,ORD003577,LIMIT,BUY,98.91,30
3578,ORD003577,CANCEL,,,
3579,ORD003579,LIMIT,BUY,99.59,80
3580,ORD003579,CANCEL,,,
3581,ORD003581,LIMIT,SELL,100.2,52
3582,ORD003581,CANCEL,,,
3583,ORD003583,LIMIT,SELL,101.3,39
3584,ORD003583,CANCEL,,,
3585,ORD003585,LIMIT,SELL,101.33,77
3586,ORD003586,LIMIT,BUY,98.35,62
3587,ORD003587,LIMIT,BUY,98.4,54
3588,ORD003585,CANCEL,,,
3589,ORD003587,CANCEL,,,
3590,ORD003586,CANCEL,,,
3591,ORD003591,LIMIT,SELL,101.35,87
3592,ORD003591,CANCEL,,,
3593,ORD003593,LIMIT,SELL,99.53,16
3594,ORD003593,CANCEL,,,
3595,ORD003595,LIMIT,SELL,100.6,16
3596,ORD003595,CANCEL,,,
3597,ORD003597,LIMIT,SELL,101.87,6
3598,ORD003597,CANCEL,,,
3599,ORD003599,LIMIT,SELL,99.92,91
3600,ORD003599,CANCEL,,,
3601,ORD003601,LIMIT,BUY,98.22,94
3602,ORD003601,CANCEL,,,
3603,ORD003603,LIMIT,SELL,101.91,54
3604,ORD003603,CANCEL,,,
3605,ORD003605,LIMIT,SELL,101.33,33
3606,ORD003605,CANCEL,,,
3607,ORD003607,LIMIT,SELL,99.71,13
3608,ORD003608,LIMIT,SELL,100.74,76
3609,ORD003608,CANCEL,,,
3610,ORD003607,CANCEL,,,
3611,ORD003611,LIMIT,SELL,101.68,86
3612,ORD003611,CANCEL,,,
3613,ORD003613,LIMIT,BUY,98.29,98
3614,ORD003613,CANCEL,,,
3615,ORD003615,LIMIT,BUY,99.97,59
3616,ORD003615,CANCEL,,,
3617,ORD003617,LIMIT,SELL,99.56,73
3618,ORD003617,CANCEL,,,
3619,ORD003619,LIMIT,SELL,101.32,33
3620,ORD003619,CANCEL,,,
3621,ORD003621,LIMIT,BUY,99.96,42
3622,ORD003621,CANCEL,,,
3623,ORD003623,LIMIT,BUY,99.93,71
3624,ORD003623,CANCEL,,,
3625,ORD003625,LIMIT,BUY,100.14,43
3626,ORD003625,CANCEL,,,
3627,ORD003627,LIMIT,SELL,101.3,82
3628,ORD003627,CANCEL,,,
3629,ORD003629,LIMIT,SELL,101.64,63
3630,ORD003629,CANCEL,,,
3631,ORD003631,LIMIT,BUY,98.81,15
3632,ORD003631,CANCEL,,,
3633,ORD003633,LIMIT,SELL,100.85,51
3634,ORD003633,CANCEL,,,
3635,ORD003635,LIMIT,BUY,100.29,85
3636,ORD003635,CANCEL,,,
3637,ORD003637,LIMIT,SELL,100.49,50
3638,ORD003637,CANCEL,,,
3639,ORD003639,LIMIT,BUY,98.56,6
3640,ORD003639,CANCEL,,,
3641,ORD003641,MARKET,SELL,,29
3642,ORD003642,LIMIT,BUY,98.56,83
3643,ORD003643,MARKET,BUY,,32
3644,ORD003644,LIMIT,SELL,100.54,71
3645,ORD003645,LIMIT,BUY,100.12,75
3646,ORD003645,CANCEL,,,
3647,ORD003647,LIMIT,SELL,101.27,47
3648,ORD003648,LIMIT,SELL,100.41,31
3649,ORD003647,CANCEL,,,
3650,ORD003648,CANCEL,,,
3651,ORD003642,CANCEL,,,
3652,ORD003652,LIMIT,BUY,100.29,65
3653,ORD003653,LIMIT,SELL,101.57,30
3654,ORD003654,LIMIT,BUY,99.44,7
3655,ORD003654,CANCEL,,,
3656,ORD003652,CANCEL,,,
3657,ORD003644,CANCEL,,,
3658,ORD003653,CANCEL,,,
3659,ORD003659,LIMIT,BUY,99.19,91
3660,ORD003659,CANCEL,,,
3661,ORD003661,LIMIT,SELL,101.87,94
3662,ORD003661,CANCEL,,,
3663,ORD003663,LIMIT,BUY,98.54,58
3664,ORD003663,CANCEL,,,
3665,ORD003665,LIMIT,SELL,100.85,88
3666,ORD003665,CANCEL,,,
3667,ORD003667,LIMIT,BUY,98.9,16
3668,ORD003668,LIMIT,BUY,99.32,94
3669,ORD003667,CANCEL,,,
3670,ORD003668,CANCEL,,,
3671,ORD003671,LIMIT,BUY,99.24,16
3672,ORD003671,CANCEL,,,
3673,ORD003673,LIMIT,SELL,100.45,61
3674,ORD003673,CANCEL,,,
3675,ORD003675,LIMIT,SELL,101.27,33
3676,ORD003675,CANCEL,,,
3677,ORD003677,LIMIT,BUY,100.46,82
3678,ORD003677,CANCEL,,,
3679,ORD003679,MARKET,SELL,,78
3680,ORD003680,LIMIT,BUY,98.24,1
3681,ORD003681,MARKET,BUY,,50
3682,ORD003680,CANCEL,,,
3683,ORD003683,LIMIT,BUY,99.55,24
3684,ORD003683,CANCEL,,,
3685,ORD003685,LIMIT,BUY,99.43,57
3686,ORD003686,LIMIT,BUY,100.04,57
3687,ORD003685,CANCEL,,,
3688,ORD003688,LIMIT,BUY,98.78,38
3689,ORD003686,CANCEL,,,
3690,ORD003688,CANCEL,,,
3691,ORD003691,LIMIT,SELL,99.89,79
3692,ORD003692,LIMIT,SELL,100.87,50
3693,ORD003693,LIMIT,BUY,98.16,32
3694,ORD003691,CANCEL,,,
3695,ORD003695,LIMIT,SELL,100.51,46
3696,ORD003693,CANCEL,,,
3697,ORD003697,LIMIT,BUY,98.23,84
3698,ORD003697,CANCEL,,,
3699,ORD003695,CANCEL,,,
3700,ORD003700,LIMIT,BUY,98.34,98
3701,ORD003700,CANCEL,,,
3702,ORD003692,CANCEL,,,
3703,ORD003703,LIMIT,BUY,98.8,62
3704,ORD003703,CANCEL,,,
3705,ORD003705,LIMIT,SELL,101.25,68
3706,ORD003706,LIMIT,BUY,98.77,76
3707,ORD003707,LIMIT,BUY,99.85,69
3708,ORD003706,CANCEL,,,
3709,ORD003707,CANCEL,,,
3710,ORD003710,LIMIT,BUY,99.71,56
3711,ORD003711,LIMIT,BUY,99.7,6
3712,ORD003712,LIMIT,BUY,98.46,29
3713,ORD003713,LIMIT,BUY,99.24,74
3714,ORD003705,CANCEL,,,
3715,ORD003713,CANCEL,,,
3716,ORD003712,CANCEL,,,
3717,ORD003711,CANCEL,,,
3718,ORD003710,CANCEL,,,
3719,ORD003719,LIMIT,SELL,101.97,30
3720,ORD003719,CANCEL,,,
3721,ORD003721,LIMIT,BUY,99.55,34
3722,ORD003722,LIMIT,SELL,101.28,81
3723,ORD003722,CANCEL,,,
3724,ORD003721,CANCEL,,,
3725,ORD003725,LIMIT,SELL,101.61,25
3726,ORD003726,LIMIT,SELL,99.53,89
3727,ORD003726,CANCEL,,,
3728,ORD003725,CANCEL,,,
3729,ORD003729,LIMIT,BUY,100.26,63
3730,ORD003729,CANCEL,,,
3731,ORD003731,LIMIT,SELL,101.29,89
3732,ORD003731,CANCEL,,,
3733,ORD003733,LIMIT,SELL,99.8,26
3734,ORD003734,LIMIT,SELL,100.8,5
3735,ORD003733,CANCEL,,,
3736,ORD003734,CANCEL,,,
3737,ORD003737,LIMIT,BUY,99.73,9
3738,ORD003737,CANCEL,,,
3739,ORD003739,LIMIT,BUY,99.92,85
3740,ORD003740,LIMIT,BUY,99.81,6
3741,ORD003739,CANCEL,,,
3742,ORD003740,CANCEL,,,
3743,ORD003743,LIMIT,SELL,101.75,8
3744,ORD003743,CANCEL,,,
3745,ORD003745,LIMIT,BUY,99.57,43
3746,ORD003745,CANCEL,,,
3747,ORD003747,LIMIT,SELL,100.11,68
3748,ORD003747,CANCEL,,,
3749,ORD003749,LIMIT,SELL,101.21,53
3750,ORD003749,CANCEL,,,
3751,ORD003751,LIMIT,BUY,98.8,5
3752,ORD003751,CANCEL,,,
3753,ORD003753,LIMIT,BUY,99.41,50
3754,ORD003754,LIMIT,BUY,99.91,5
3755,ORD003753,CANCEL,,,
3756,ORD003754,CANCEL,,,
3757,ORD003757,LIMIT,SELL,101.04,58
3758,ORD003758,LIMIT,BUY,99.53,45
3759,ORD003759,LIMIT,SELL,101.75,59
3760,ORD003758,CANCEL,,,
3761,ORD003759,CANCEL,,,
3762,ORD003757,CANCEL,,,
3763,ORD003763,LIMIT,SELL,101.7,48
3764,ORD003764,LIMIT,SELL,99.86,59
3765,ORD003763,CANCEL,,,
3766,ORD003766,LIMIT,BUY,98.88,52
3767,ORD003766,CANCEL,,,
3768,ORD003764,CANCEL,,,
3769,ORD003769,LIMIT,SELL,100.34,86
3770,ORD003769,CANCEL,,,
3771,ORD003771,LIMIT,BUY,100.37,94
3772,ORD003771,CANCEL,,,
3773,ORD003773,LIMIT,SELL,100.27,51
3774,ORD003773,CANCEL,,,
3775,ORD003775,LIMIT,SELL,101.58,100
3776,ORD003776,LIMIT,SELL,100.04,71
3777,ORD003777,LIMIT,SELL,100.58,57
3778,ORD003775,CANCEL,,,
3779,ORD003776,CANCEL,,,
3780,ORD003777,CANCEL,,,
3781,ORD003781,LIMIT,BUY,98.79,32
3782,ORD003782,LIMIT,BUY,99.22,79
3783,ORD003783,LIMIT,BUY,99.97,11
3784,ORD003781,CANCEL,,,
3785,ORD003782,CANCEL,,,
3786,ORD003783,CANCEL,,,
3787,ORD003787,LIMIT,BUY,98.77,9
3788,ORD003787,CANCEL,,,
3789,ORD003789,LIMIT,SELL,101.26,38
3790,ORD003789,CANCEL,,,
3791,ORD003791,LIMIT,BUY,98.3,80
3792,ORD003791,CANCEL,,,
3793,ORD003793,LIMIT,SELL,101.76,15
3794,ORD003793,CANCEL,,,
3795,ORD003795,LIMIT,BUY,98.34,49
3796,ORD003795,CANCEL,,,
3797,ORD003797,LIMIT,BUY,100.47,47
3798,ORD003798,LIMIT,BUY,98.05,63
3799,ORD003799,LIMIT,SELL,101.97,48
3800,ORD003797,CANCEL,,,
3801,ORD003799,CANCEL,,,
3802,ORD003802,LIMIT,BUY,99.98,86
3803,ORD003802,CANCEL,,,
3804,ORD003798,CANCEL,,,
3805,ORD003805,MARKET,SELL,,76
3806,ORD003806,LIMIT,BUY,98.63,66
3807,ORD003806,CANCEL,,,
3808,ORD003808,LIMIT,BUY,98.6,40
3809,ORD003808,CANCEL,,,
3810,ORD003810,LIMIT,SELL,101.4,59
3811,ORD003810,CANCEL,,,
3812,ORD003812,LIMIT,BUY,100.32,2
3813,ORD003813,LIMIT,BUY,98.5,61
3814,ORD003812,CANCEL,,,
3815,ORD003813,CANCEL,,,
3816,ORD003816,LIMIT,SELL,100.78,55
3817,ORD003816,CANCEL,,,
3818,ORD003818,LIMIT,SELL,100.88,63
3819,ORD003818,CANCEL,,,
3820,ORD003820,LIMIT,BUY,100.28,66
3821,ORD003821,LIMIT,BUY,100.02,14
3822,ORD003820,CANCEL,,,
3823,ORD003821,CANCEL,,,
3824,ORD003824,LIMIT,BUY,100.16,2
3825,ORD003825,LIMIT,SELL,101.04,20
3826,ORD003825,CANCEL,,,
3827,ORD003824,CANCEL,,,
3828,ORD003828,LIMIT,BUY,98.14,18
3829,ORD003828,CANCEL,,,
3830,ORD003830,MARKET,BUY,,88
3831,ORD003831,LIMIT,BUY,98.97,81
3832,ORD003831,CANCEL,,,
3833,ORD003833,LIMIT,SELL,99.97,37
3834,ORD003834,LIMIT,BUY,99.27,11
3835,ORD003833,CANCEL,,,
3836,ORD003834,CANCEL,,,
3837,ORD003837,LIMIT,BUY,100.12,97
3838,ORD003838,LIMIT,BUY,100.09,38
3839,ORD003838,CANCEL,,,
3840,ORD003837,CANCEL,,,
3841,ORD003841,LIMIT,BUY,99.64,88
3842,ORD003841,CANCEL,,,
3843,ORD003843,LIMIT,BUY,100.26,8
3844,ORD003843,CANCEL,,,
3845,ORD003845,MARKET,SELL,,96
3846,ORD003846,LIMIT,SELL,101.79,47
3847,ORD003846,CANCEL,,,
3848,ORD003848,LIMIT,SELL,101.36,62
3849,ORD003848,CANCEL,,,
3850,ORD003850,LIMIT,SELL,101.36,30
3851,ORD003850,CANCEL,,,
3852,ORD003852,LIMIT,SELL,100.65,52
3853,ORD003852,CANCEL,,,
3854,ORD003854,LIMIT,BUY,98.96,4
3855,ORD003855,LIMIT,SELL,101.68,20
3856,ORD003854,CANCEL,,,
3857,ORD003855,CANCEL,,,
3858,ORD003858,LIMIT,BUY,98.04,61
3859,ORD003858,CANCEL,,,
3860,ORD003860,LIMIT,SELL,100.26,71
3861,ORD003860,CANCEL,,,
3862,ORD003862,LIMIT,SELL,101.87,21
3863,ORD003862,CANCEL,,,
3864,ORD003864,LIMIT,BUY,98.81,62
3865,ORD003864,CANCEL,,,
3866,ORD003866,LIMIT,SELL,100.54,2
3867,ORD003867,LIMIT,BUY,98.78,80
3868,ORD003866,CANCEL,,,
3869,ORD003867,CANCEL,,,
3870,ORD003870,LIMIT,SELL,101.66,48
3871,ORD003870,CANCEL,,,
3872,ORD003872,LIMIT,SELL,100.12,42
3873,ORD003872,CANCEL,,,
3874,ORD003874,LIMIT,SELL,100.89,74
3875,ORD003875,LIMIT,BUY,100.41,81
3876,ORD003874,CANCEL,,,
3877,ORD003877,LIMIT,BUY,98.62,73
3878,ORD003875,CANCEL,,,
3879,ORD003877,CANCEL,,,
3880,ORD003880,LIMIT,BUY,98.2,63
3881,ORD003880,CANCEL,,,
3882,ORD003882,LIMIT,SELL,101.48,36
3883,ORD003883,LIMIT,SELL,99.65,32
3884,ORD003882,CANCEL,,,
3885,ORD003883,CANCEL,,,
3886,ORD003886,LIMIT,SELL,100.71,41
3887,ORD003886,CANCEL,,,
3888,ORD003888,LIMIT,BUY,99.49,16
3889,ORD003888,CANCEL,,,
3890,ORD003890,LIMIT,BUY,99.26,32
3891,ORD003891,LIMIT,SELL,101.63,39
3892,ORD003890,CANCEL,,,
3893,ORD003891,CANCEL,,,
3894,ORD003894,LIMIT,SELL,100.66,19
3895,ORD003894,CANCEL,,,
3896,ORD003896,LIMIT,SELL,99.77,36
3897,ORD003896,CANCEL,,,
3898,ORD003898,LIMIT,SELL,100.97,42
3899,ORD003899,LIMIT,BUY,98.82,62
3900,ORD003899,CANCEL,,,
3901,ORD003901,LIMIT,SELL,101.07,83
3902,ORD003898,CANCEL,,,
3903,ORD003901,CANCEL,,,
3904,ORD003904,LIMIT,SELL,100.92,66
3905,ORD003904,CANCEL,,,
3906,ORD003906,LIMIT,BUY,98.26,21
3907,ORD003907,LIMIT,BUY,98.9,46
3908,ORD003907,CANCEL,,,
3909,ORD003906,CANCEL,,,
3910,ORD003910,LIMIT,BUY,99.6,51
3911,ORD003910,CANCEL,,,
3912,ORD003912,LIMIT,SELL,101.41,34
3913,ORD003912,CANCEL,,,
3914,ORD003914,LIMIT,BUY,100.11,29
3915,ORD003914,CANCEL,,,
3916,ORD003916,LIMIT,BUY,100.39,18
3917,ORD003916,CANCEL,,,
3918,ORD003918,MARKET,SELL,,98
3919,ORD003919,LIMIT,BUY,99.74,71
3920,ORD003919,CANCEL,,,
3921,ORD003921,LIMIT,BUY,99.23,45
3922,ORD003922,LIMIT,SELL,101.57,51
3923,ORD003921,CANCEL,,,
3924,ORD003924,LIMIT,SELL,100.44,50
3925,ORD003922,CANCEL,,,
3926,ORD003926,LIMIT,SELL,100.32,34
3927,ORD003926,CANCEL,,,
3928,ORD003924,CANCEL,,,
3929,ORD003929,LIMIT,SELL,99.78,50
3930,ORD003930,LIMIT,BUY,99.43,96
3931,ORD003929,CANCEL,,,
3932,ORD003932,LIMIT,SELL,99.64,81
3933,ORD003932,CANCEL,,,
3934,ORD003930,CANCEL,,,
3935,ORD003935,LIMIT,BUY,100.15,27
3936,ORD003935,CANCEL,,,
3937,ORD003937,LIMIT,SELL,101.0,22
3938,ORD003938,LIMIT,SELL,100.21,86
3939,ORD003939,LIMIT,BUY,98.27,1
3940,ORD003940,LIMIT,BUY,100.37,1
3941,ORD003938,CANCEL,,,
3942,ORD003942,LIMIT,BUY,98.92,83
3943,ORD003939,CANCEL,,,
3944,ORD003944,LIMIT,SELL,100.54,3
3945,ORD003937,CANCEL,,,
3946,ORD003946,LIMIT,SELL,100.64,27
3947,ORD003946,CANCEL,,,
3948,ORD003948,LIMIT,BUY,100.33,23
3949,ORD003942,CANCEL,,,
3950,ORD003950,LIMIT,SELL,100.95,72
3951,ORD003944,CANCEL,,,
3952,ORD003952,LIMIT,SELL,101.23,28
3953,ORD003952,CANCEL,,,
3954,ORD003948,CANCEL,,,
3955,ORD003950,CANCEL,,,
3956,ORD003956,LIMIT,BUY,98.11,9
3957,ORD003957,LIMIT,SELL,101.3,26
3958,ORD003958,LIMIT,BUY,100.41,25
3959,ORD003957,CANCEL,,,
3960,ORD003960,LIMIT,BUY,100.09,56
3961,ORD003960,CANCEL,,,
3962,ORD003956,CANCEL,,,
3963,ORD003963,LIMIT,BUY,98.22,48
3964,ORD003963,CANCEL,,,
3965,ORD003958,CANCEL,,,
3966,ORD003966,LIMIT,SELL,100.85,42
3967,ORD003967,LIMIT,SELL,100.95,48
3968,ORD003967,CANCEL,,,
3969,ORD003969,LIMIT,BUY,99.88,64
3970,ORD003969,CANCEL,,,
3971,ORD003966,CANCEL,,,
3972,ORD003972,LIMIT,SELL,100.33,46
3973,ORD003972,CANCEL,,,
3974,ORD003974,LIMIT,BUY,98.86,81
3975,ORD003974,CANCEL,,,
3976,ORD003976,LIMIT,BUY,99.43,27
3977,ORD003977,LIMIT,SELL,100.55,15
3978,ORD003978,LIMIT,BUY,99.44,33
3979,ORD003979,LIMIT,BUY,99.71,43
3980,ORD003978,CANCEL,,,
3981,ORD003981,LIMIT,SELL,100.49,85
3982,ORD003982,LIMIT,BUY,99.87,89
3983,ORD003983,LIMIT,BUY,99.61,20
3984,ORD003984,LIMIT,BUY,100.23,65
3985,ORD003985,LIMIT,SELL,99.68,40
3986,ORD003981,CANCEL,,,
3987,ORD003977,CANCEL,,,
3988,ORD003976,CANCEL,,,
3989,ORD003989,MARKET,BUY,,4
3990,ORD003982,CANCEL,,,
3991,ORD003984,CANCEL,,,
3992,ORD003983,CANCEL,,,
3993,ORD003979,CANCEL,,,
3994,ORD003994,LIMIT,SELL,99.53,77
3995,ORD003994,CANCEL,,,
3996,ORD003996,LIMIT,SELL,100.97,62
3997,ORD003996,CANCEL,,,
3998,ORD003998,LIMIT,BUY,98.88,33
3999,ORD003999,LIMIT,SELL,101.42,55
4000,ORD003999,CANCEL,,,
4001,ORD004001,LIMIT,SELL,100.45,63
4002,ORD004002,LIMIT,BUY,99.36,11
4003,ORD004002,CANCEL,,,
4004,ORD003998,CANCEL,,,
4005,ORD004001,CANCEL,,,
4006,ORD004006,MARKET,SELL,,40
4007,ORD004007,LIMIT,SELL,100.53,2
4008,ORD004007,CANCEL,,,
4009,ORD004009,LIMIT,SELL,99.95,36
4010,ORD004009,CANCEL,,,
4011,ORD004011,LIMIT,BUY,98.29,67
4012,ORD004011,CANCEL,,,
4013,ORD004013,MARKET,BUY,,77
4014,ORD004014,LIMIT,BUY,100.42,10
4015,ORD004014,CANCEL,,,
4016,ORD004016,LIMIT,SELL,101.52,23
4017,ORD004017,LIMIT,BUY,98.56,88
4018,ORD004017,CANCEL,,,
4019,ORD004016,CANCEL,,,
4020,ORD004020,LIMIT,BUY,98.35,95
4021,ORD004021,LIMIT,BUY,98.92,90
4022,ORD004021,CANCEL,,,
4023,ORD004020,CANCEL,,,
4024,ORD004024,LIMIT,BUY,99.39,55
4025,ORD004024,CANCEL,,,
4026,ORD004026,LIMIT,SELL,100.77,32
4027,ORD004027,LIMIT,BUY,98.4,74
4028,ORD004026,CANCEL,,,
4029,ORD004027,CANCEL,,,
4030,ORD004030,LIMIT,SELL,101.47,24
4031,ORD004030,CANCEL,,,
4032,ORD004032,LIMIT,BUY,98.75,96
4033,ORD004033,LIMIT,BUY,99.28,2
4034,ORD004033,CANCEL,,,
4035,ORD004032,CANCEL,,,
4036,ORD004036,LIMIT,BUY,98.61,62
4037,ORD004037,LIMIT,BUY,99.2,28
4038,ORD004037,CANCEL,,,
4039,ORD004036,CANCEL,,,
4040,ORD004040,LIMIT,BUY,98.36,98
4041,ORD004040,CANCEL,,,
4042,ORD004042,LIMIT,BUY,99.03,81
4043,ORD004042,CANCEL,,,
4044,ORD004044,LIMIT,SELL,100.58,42
4045,ORD004045,LIMIT,BUY,99.82,48
4046,ORD004044,CANCEL,,,
4047,ORD004047,LIMIT,BUY,100.37,66
4048,ORD004048,LIMIT,BUY,99.3,64
4049,ORD004049,LIMIT,SELL,100.54,72
4050,ORD004047,CANCEL,,,
4051,ORD004051,LIMIT,BUY,98.98,60
4052,ORD004049,CANCEL,,,
4053,ORD004051,CANCEL,,,
4054,ORD004048,CANCEL,,,
4055,ORD004055,LIMIT,SELL,100.47,89
4056,ORD004045,CANCEL,,,
4057,ORD004055,CANCEL,,,
4058,ORD004058,LIMIT,SELL,101.04,9
4059,ORD004058,CANCEL,,,
4060,ORD004060,LIMIT,SELL,100.07,42
4061,ORD004061,LIMIT,BUY,98.77,43
4062,ORD004061,CANCEL,,,
4063,ORD004060,CANCEL,,,
4064,ORD004064,LIMIT,BUY,100.23,18
4065,ORD004065,LIMIT,SELL,101.21,92
4066,ORD004065,CANCEL,,,
4067,ORD004064,CANCEL,,,
4068,ORD004068,LIMIT,BUY,99.81,38
4069,ORD004068,CANCEL,,,
4070,ORD004070,LIMIT,SELL,101.12,64
4071,ORD004070,CANCEL,,,
4072,ORD004072,LIMIT,SELL,100.65,44
4073,ORD004072,CANCEL,,,
4074,ORD004074,LIMIT,SELL,101.96,1
4075,ORD004074,CANCEL,,,
4076,ORD004076,LIMIT,SELL,100.88,36
4077,ORD004076,CANCEL,,,
4078,ORD004078,LIMIT,BUY,99.57,63
4079,ORD004078,CANCEL,,,
4080,ORD004080,LIMIT,SELL,99.95,47
4081,ORD004081,MARKET,BUY,,9
4082,ORD004080,CANCEL,,,
4083,ORD004083,LIMIT,BUY,99.72,27
4084,ORD004083,CANCEL,,,
4085,ORD004085,LIMIT,SELL,101.3,37
4086,ORD004085,CANCEL,,,
4087,ORD004087,LIMIT,SELL,100.38,31
4088,ORD004087,CANCEL,,,
4089,ORD004089,LIMIT,BUY,100.06,27
4090,ORD004089,CANCEL,,,
4091,ORD004091,LIMIT,BUY,99.54,35
4092,ORD004092,LIMIT,BUY,100.11,29
4093,ORD004091,CANCEL,,,
4094,ORD004094,LIMIT,BUY,98.01,86
4095,ORD004094,CANCEL,,,
4096,ORD004092,CANCEL,,,
4097,ORD004097,LIMIT,BUY,99.11,20
4098,ORD004098,LIMIT,SELL,101.38,3
4099,ORD004098,CANCEL,,,
4100,ORD004097,CANCEL,,,
4101,ORD004101,LIMIT,SELL,100.75,79
4102,ORD004101,CANCEL,,,
4103,ORD004103,LIMIT,SELL,99.69,90
4104,ORD004103,CANCEL,,,
4105,ORD004105,LIMIT,BUY,98.88,36
4106,ORD004105,CANCEL,,,
4107,ORD004107,LIMIT,SELL,100.67,4
4108,ORD004107,CANCEL,,,
4109,ORD004109,LIMIT,BUY,100.0,50
4110,ORD004109,CANCEL,,,
4111,ORD004111,LIMIT,SELL,100.61,55
4112,ORD004111,CANCEL,,,
4113,ORD004113,LIMIT,SELL,101.99,62
4114,ORD004113,CANCEL,,,
4115,ORD004115,LIMIT,BUY,100.45,47
4116,ORD004115,CANCEL,,,
4117,ORD004117,LIMIT,BUY,99.74,7
4118,ORD004117,CANCEL,,,
4119,ORD004119,LIMIT,SELL,100.59,24
4120,ORD004119,CANCEL,,,
4121,ORD004121,LIMIT,BUY,98.23,7
4122,ORD004121,CANCEL,,,
4123,ORD004123,LIMIT,SELL,101.74,31
4124,ORD004123,CANCEL,,,
4125,ORD004125,LIMIT,BUY,98.25,23
4126,ORD004125,CANCEL,,,
4127,ORD004127,LIMIT,SELL,99.88,24
4128,ORD004127,CANCEL,,,
4129,ORD004129,LIMIT,BUY,99.28,3
4130,ORD004129,CANCEL,,,
4131,ORD004131,MARKET,BUY,,20
4132,ORD004132,LIMIT,BUY,100.09,74
4133,ORD004133,LIMIT,SELL,99.94,15
4134,ORD004134,LIMIT,BUY,99.89,9
4135,ORD004135,MARKET,BUY,,59
4136,ORD004134,CANCEL,,,
4137,ORD004132,CANCEL,,,
4138,ORD004138,LIMIT,SELL,100.67,83
4139,ORD004139,LIMIT,SELL,100.94,96
4140,ORD004139,CANCEL,,,
4141,ORD004138,CANCEL,,,
4142,ORD004142,LIMIT,SELL,99.59,10
4143,ORD004142,CANCEL,,,
4144,ORD004144,LIMIT,BUY,99.03,49
4145,ORD004144,CANCEL,,,
4146,ORD004146,LIMIT,BUY,98.54,100
4147,ORD004146,CANCEL,,,
4148,ORD004148,LIMIT,BUY,98.75,32
4149,ORD004148,CANCEL,,,
4150,ORD004150,LIMIT,SELL,100.67,60
4151,ORD004150,CANCEL,,,
4152,ORD004152,LIMIT,SELL,100.11,19
4153,ORD004153,LIMIT,BUY,98.13,60
4154,ORD004154,LIMIT,SELL,100.23,66
4155,ORD004152,CANCEL,,,
4156,ORD004156,LIMIT,SELL,100.33,40
4157,ORD004157,MARKET,BUY,,13
4158,ORD004156,CANCEL,,,
4159,ORD004153,CANCEL,,,
4160,ORD004154,CANCEL,,,
4161,ORD004161,MARKET,SELL,,52
4162,ORD004162,LIMIT,SELL,100.32,48
4163,ORD004162,CANCEL,,,
4164,ORD004164,LIMIT,SELL,100.78,86
4165,ORD004165,LIMIT,BUY,98.38,49
4166,ORD004165,CANCEL,,,
4167,ORD004167,LIMIT,SELL,101.41,26
4168,ORD004167,CANCEL,,,
4169,ORD004164,CANCEL,,,
4170,ORD004170,MARKET,SELL,,18
4171,ORD004171,LIMIT,BUY,100.06,20
4172,ORD004171,CANCEL,,,
4173,ORD004173,MARKET,BUY,,9
4174,ORD004174,LIMIT,BUY,99.21,9
4175,ORD004174,CANCEL,,,
4176,ORD004176,LIMIT,SELL,101.17,44
4177,ORD004176,CANCEL,,,
4178,ORD004178,LIMIT,SELL,100.87,95
4179,ORD004178,CANCEL,,,
4180,ORD004180,LIMIT,SELL,101.45,32
4181,ORD004180,CANCEL,,,
4182,ORD004182,LIMIT,SELL,100.77,64
4183,ORD004183,LIMIT,SELL,100.98,33
4184,ORD004182,CANCEL,,,
4185,ORD004183,CANCEL,,,
4186,ORD004186,LIMIT,BUY,98.38,13
4187,ORD004186,CANCEL,,,
4188,ORD004188,LIMIT,SELL,100.33,11
4189,ORD004188,CANCEL,,,
4190,ORD004190,LIMIT,BUY,100.32,8
4191,ORD004190,CANCEL,,,
4192,ORD004192,LIMIT,SELL,100.33,48
4193,ORD004192,CANCEL,,,
4194,ORD004194,LIMIT,SELL,100.49,28
4195,ORD004194,CANCEL,,,
4196,ORD004196,LIMIT,BUY,99.49,76
4197,ORD004196,CANCEL,,,
4198,ORD004198,LIMIT,BUY,98.02,70
4199,ORD004198,CANCEL,,,
4200,ORD004200,LIMIT,BUY,98.01,23
4201,ORD004200,CANCEL,,,
4202,ORD004202,LIMIT,SELL,101.8,90
4203,ORD004202,CANCEL,,,
4204,ORD004204,LIMIT,SELL,99.6,75
4205,ORD004204,CANCEL,,,
4206,ORD004206,LIMIT,BUY,100.24,63
4207,ORD004206,CANCEL,,,
4208,ORD004208,LIMIT,BUY,98.71,9
4209,ORD004208,CANCEL,,,
4210,ORD004210,LIMIT,BUY,98.56,37
4211,ORD004210,CANCEL,,,
4212,ORD004212,LIMIT,SELL,100.4,66
4213,ORD004212,CANCEL,,,
4214,ORD004214,LIMIT,BUY,100.12,86
4215,ORD004214,CANCEL,,,
4216,ORD004216,MARKET,BUY,,8
4217,ORD004217,LIMIT,BUY,100.5,17
4218,ORD004217,CANCEL,,,
4219,ORD004219,LIMIT,SELL,100.95,92
4220,ORD004219,CANCEL,,,
4221,ORD004221,LIMIT,SELL,100.02,61
4222,ORD004221,CANCEL,,,
4223,ORD004223,LIMIT,BUY,98.12,33
4224,ORD004223,CANCEL,,,
4225,ORD004225,LIMIT,SELL,101.66,58
4226,ORD004225,CANCEL,,,
4227,ORD004227,LIMIT,SELL,101.9,97
4228,ORD004227,CANCEL,,,
4229,ORD004229,LIMIT,BUY,99.04,63
4230,ORD004230,LIMIT,SELL,101.71,31
4231,ORD004230,CANCEL,,,
4232,ORD004232,LIMIT,BUY,99.04,99
4233,ORD004232,CANCEL,,,
4234,ORD004234,LIMIT,SELL,99.76,99
4235,ORD004235,LIMIT,BUY,98.83,85
4236,ORD004236,LIMIT,SELL,101.72,76
4237,ORD004234,CANCEL,,,
4238,ORD004236,CANCEL,,,
4239,ORD004239,LIMIT,SELL,100.98,38
4240,ORD004235,CANCEL,,,
4241,ORD004239,CANCEL,,,
4242,ORD004229,CANCEL,,,
4243,ORD004243,LIMIT,SELL,101.79,78
4244,ORD004243,CANCEL,,,
4245,ORD004245,LIMIT,BUY,98.75,84
4246,ORD004246,LIMIT,BUY,99.45,51
4247,ORD004245,CANCEL,,,
4248,ORD004246,CANCEL,,,
4249,ORD004249,LIMIT,BUY,100.4,36
4250,ORD004249,CANCEL,,,
4251,ORD004251,LIMIT,SELL,101.16,64
4252,ORD004252,LIMIT,BUY,99.38,100
4253,ORD004251,CANCEL,,,
4254,ORD004254,LIMIT,SELL,100.32,70
4255,ORD004252,CANCEL,,,
4256,ORD004254,CANCEL,,,
4257,ORD004257,LIMIT,BUY,98.05,17
4258,ORD004258,LIMIT,SELL,100.23,33
4259,ORD004258,CANCEL,,,
4260,ORD004257,CANCEL,,,
4261,ORD004261,LIMIT,SELL,100.86,71
4262,ORD004261,CANCEL,,,
4263,ORD004263,LIMIT,BUY,98.01,31
4264,ORD004263,CANCEL,,,
4265,ORD004265,LIMIT,BUY,98.84,65
4266,ORD004266,LIMIT,SELL,100.7,79
4267,ORD004265,CANCEL,,,
4268,ORD004266,CANCEL,,,
4269,ORD004269,LIMIT,SELL,100.86,33
4270,ORD004270,LIMIT,BUY,98.41,44
4271,ORD004269,CANCEL,,,
4272,ORD004270,CANCEL,,,
4273,ORD004273,LIMIT,SELL,100.58,66
4274,ORD004274,LIMIT,SELL,99.98,82
4275,ORD004273,CANCEL,,,
4276,ORD004276,LIMIT,BUY,100.33,100
4277,ORD004276,CANCEL,,,
4278,ORD004274,CANCEL,,,
4279,ORD004279,MARKET,BUY,,25
4280,ORD004280,MARKET,SELL,,86
4281,ORD004281,LIMIT,SELL,101.59,41
4282,ORD004282,LIMIT,BUY,98.24,67
4283,ORD004281,CANCEL,,,
4284,ORD004282,CANCEL,,,
4285,ORD004285,LIMIT,SELL,101.53,82
4286,ORD004285,CANCEL,,,
4287,ORD004287,LIMIT,SELL,101.65,8
4288,ORD004288,LIMIT,BUY,100.04,20
4289,ORD004288,CANCEL,,,
4290,ORD004290,LIMIT,SELL,100.27,39
4291,ORD004287,CANCEL,,,
4292,ORD004292,LIMIT,SELL,99.73,18
4293,ORD004293,LIMIT,BUY,98.24,34
4294,ORD004294,LIMIT,SELL,99.96,28
4295,ORD004290,CANCEL,,,
4296,ORD004293,CANCEL,,,
4297,ORD004292,CANCEL,,,
4298,ORD004298,LIMIT,SELL,101.14,13
4299,ORD004299,LIMIT,BUY,100.19,12
4300,ORD004298,CANCEL,,,
4301,ORD004301,LIMIT,BUY,100.37,76
4302,ORD004301,CANCEL,,,
4303,ORD004294,CANCEL,,,
4304,ORD004304,LIMIT,BUY,99.48,72
4305,ORD004305,LIMIT,BUY,98.42,84
4306,ORD004306,LIMIT,BUY,98.04,28
4307,ORD004307,LIMIT,BUY,100.39,88
4308,ORD004307,CANCEL,,,
4309,ORD004306,CANCEL,,,
4310,ORD004310,LIMIT,BUY,98.59,56
4311,ORD004310,CANCEL,,,
4312,ORD004305,CANCEL,,,
4313,ORD004304,CANCEL,,,
4314,ORD004314,LIMIT,SELL,100.22,32
4315,ORD004314,CANCEL,,,
4316,ORD004316,LIMIT,SELL,100.74,15
4317,ORD004316,CANCEL,,,
4318,ORD004318,LIMIT,BUY,100.04,75
4319,ORD004318,CANCEL,,,
4320,ORD004320,LIMIT,BUY,98.62,6
4321,ORD004321,LIMIT,SELL,100.05,15
4322,ORD004320,CANCEL,,,
4323,ORD004323,LIMIT,BUY,98.85,58
4324,ORD004321,CANCEL,,,
4325,ORD004325,LIMIT,SELL,100.45,67
4326,ORD004325,CANCEL,,,
4327,ORD004323,CANCEL,,,
4328,ORD004328,LIMIT,SELL,101.16,85
4329,ORD004328,CANCEL,,,
4330,ORD004330,MARKET,SELL,,1
4331,ORD004331,LIMIT,BUY,100.22,8
4332,ORD004332,LIMIT,SELL,99.78,37
4333,ORD004332,CANCEL,,,
4334,ORD004331,CANCEL,,,
4335,ORD004335,LIMIT,BUY,98.87,83
4336,ORD004335,CANCEL,,,
4337,ORD004337,LIMIT,SELL,101.91,35
4338,ORD004337,CANCEL,,,
4339,ORD004339,MARKET,BUY,,31
4340,ORD004340,LIMIT,SELL,101.87,66
4341,ORD004340,CANCEL,,,
4342,ORD004342,LIMIT,SELL,101.22,35
4343,ORD004343,LIMIT,SELL,99.55,73
4344,ORD004344,LIMIT,BUY,98.71,32
4345,ORD004345,LIMIT,BUY,100.44,1
4346,ORD004342,CANCEL,,,
4347,ORD004344,CANCEL,,,
4348,ORD004343,CANCEL,,,
4349,ORD004349,LIMIT,BUY,98.77,98
4350,ORD004349,CANCEL,,,
4351,ORD004351,LIMIT,SELL,101.9,73
4352,ORD004351,CANCEL,,,
4353,ORD004353,LIMIT,BUY,98.81,44
4354,ORD004353,CANCEL,,,
4355,ORD004355,LIMIT,SELL,101.89,3
4356,ORD004355,CANCEL,,,
4357,ORD004357,LIMIT,BUY,100.17,27
4358,ORD004357,CANCEL,,,
4359,ORD004359,LIMIT,SELL,100.05,28
4360,ORD004359,CANCEL,,,
4361,ORD004361,LIMIT,BUY,99.02,36
4362,ORD004361,CANCEL,,,
4363,ORD004363,LIMIT,BUY,98.59,16
4364,ORD004363,CANCEL,,,
4365,ORD004365,MARKET,BUY,,89
4366,ORD004366,LIMIT,BUY,99.74,1
4367,ORD004367,LIMIT,SELL,100.04,53
4368,ORD004368,LIMIT,BUY,99.46,74
4369,ORD004367,CANCEL,,,
4370,ORD004368,CANCEL,,,
4371,ORD004371,MARKET,BUY,,13
4372,ORD004372,LIMIT,BUY,98.48,21
4373,ORD004366,CANCEL,,,
4374,ORD004374,LIMIT,BUY,98.49,38
4375,ORD004374,CANCEL,,,
4376,ORD004372,CANCEL,,,
4377,ORD004377,LIMIT,BUY,99.89,98
4378,ORD004377,CANCEL,,,
4379,ORD004379,LIMIT,BUY,98.4,49
4380,ORD004379,CANCEL,,,
4381,ORD004381,LIMIT,BUY,100.23,14
4382,ORD004381,CANCEL,,,
4383,ORD004383,LIMIT,BUY,99.09,90
4384,ORD004384,LIMIT,SELL,101.28,87
4385,ORD004384,CANCEL,,,
4386,ORD004386,LIMIT,BUY,99.49,85
4387,ORD004386,CANCEL,,,
4388,ORD004383,CANCEL,,,
4389,ORD004389,LIMIT,SELL,101.82,99
4390,ORD004390,LIMIT,BUY,98.94,69
4391,ORD004389,CANCEL,,,
4392,ORD004392,LIMIT,BUY,98.32,7
4393,ORD004390,CANCEL,,,
4394,ORD004392,CANCEL,,,
4395,ORD004395,LIMIT,BUY,98.45,30
4396,ORD004396,LIMIT,BUY,99.27,78
4397,ORD004395,CANCEL,,,
4398,ORD004396,CANCEL,,,
4399,ORD004399,LIMIT,BUY,98.83,18
4400,ORD004400,LIMIT,BUY,100.13,27
4401,ORD004399,CANCEL,,,
4402,ORD004400,CANCEL,,,
4403,ORD004403,LIMIT,SELL,101.3,70
4404,ORD004403,CANCEL,,,
4405,ORD004405,LIMIT,SELL,100.34,5
4406,ORD004406,LIMIT,BUY,99.73,93
4407,ORD004406,CANCEL,,,
4408,ORD004405,CANCEL,,,
4409,ORD004409,LIMIT,BUY,100.01,57
4410,ORD004410,LIMIT,SELL,101.08,78
4411,ORD004409,CANCEL,,,
4412,ORD004412,LIMIT,SELL,99.79,65
4413,ORD004412,CANCEL,,,
4414,ORD004410,CANCEL,,,
4415,ORD004415,LIMIT,BUY,99.44,62
4416,ORD004415,CANCEL,,,
4417,ORD004417,LIMIT,SELL,101.47,41
4418,ORD004417,CANCEL,,,
4419,ORD004419,MARKET,SELL,,77
4420,ORD004420,LIMIT,SELL,100.44,82
4421,ORD004420,CANCEL,,,
4422,ORD004422,LIMIT,SELL,100.51,73
4423,ORD004422,CANCEL,,,
4424,ORD004424,LIMIT,SELL,101.98,48
4425,ORD004424,CANCEL,,,
4426,ORD004426,LIMIT,BUY,98.94,6
4427,ORD004426,CANCEL,,,
4428,ORD004428,LIMIT,BUY,98.6,78
4429,ORD004429,LIMIT,SELL,101.47,3
4430,ORD004430,LIMIT,BUY,98.15,7
4431,ORD004431,LIMIT,SELL,100.82,72
4432,ORD004432,LIMIT,BUY,99.83,83
4433,ORD004431,CANCEL,,,
4434,ORD004429,CANCEL,,,
4435,ORD004430,CANCEL,,,
4436,ORD004436,LIMIT,BUY,98.16,35
4437,ORD004436,CANCEL,,,
4438,ORD004432,CANCEL,,,
4439,ORD004428,CANCEL,,,
4440,ORD004440,LIMIT,SELL,99.9,32
4441,ORD004441,LIMIT,BUY,99.81,68
4442,ORD004440,CANCEL,,,
4443,ORD004441,CANCEL,,,
4444,ORD004444,LIMIT,BUY,98.73,81
4445,ORD004444,CANCEL,,,
4446,ORD004446,LIMIT,SELL,101.67,6
4447,ORD004446,CANCEL,,,
4448,ORD004448,LIMIT,SELL,101.21,38
4449,ORD004448,CANCEL,,,
4450,ORD004450,LIMIT,SELL,100.53,36
4451,ORD004451,LIMIT,BUY,99.83,48
4452,ORD004450,CANCEL,,,
4453,ORD004453,LIMIT,SELL,101.93,60
4454,ORD004451,CANCEL,,,
4455,ORD004453,CANCEL,,,
4456,ORD004456,LIMIT,BUY,98.73,27
4457,ORD004457,LIMIT,BUY,100.06,25
4458,ORD004458,LIMIT,SELL,101.71,16
4459,ORD004456,CANCEL,,,
4460,ORD004460,LIMIT,BUY,99.78,59
4461,ORD004460,CANCEL,,,
4462,ORD004462,LIMIT,BUY,99.52,26
4463,ORD004457,CANCEL,,,
4464,ORD004458,CANCEL,,,
4465,ORD004462,CANCEL,,,
4466,ORD004466,LIMIT,SELL,99.6,53
4467,ORD004467,LIMIT,BUY,100.3,79
4468,ORD004468,LIMIT,SELL,100.32,50
4469,ORD004468,CANCEL,,,
4470,ORD004470,MARKET,BUY,,24
4471,ORD004466,CANCEL,,,
4472,ORD004472,LIMIT,BUY,98.84,54
4473,ORD004467,CANCEL,,,
4474,ORD004474,LIMIT,BUY,98.94,61
4475,ORD004474,CANCEL,,,
4476,ORD004472,CANCEL,,,
4477,ORD004477,LIMIT,BUY,100.27,1
4478,ORD004478,LIMIT,BUY,99.52,45
4479,ORD004477,CANCEL,,,
4480,ORD004478,CANCEL,,,
4481,ORD004481,LIMIT,SELL,100.23,30
4482,ORD004481,CANCEL,,,
4483,ORD004483,LIMIT,BUY,99.89,53
4484,ORD004483,CANCEL,,,
4485,ORD004485,LIMIT,BUY,99.13,43
4486,ORD004485,CANCEL,,,
4487,ORD004487,LIMIT,BUY,100.14,38
4488,ORD004487,CANCEL,,,
4489,ORD004489,LIMIT,BUY,99.58,100
4490,ORD004490,LIMIT,BUY,98.99,56
4491,ORD004491,LIMIT,BUY,98.24,96
4492,ORD004489,CANCEL,,,
4493,ORD004493,LIMIT,BUY,98.14,27
4494,ORD004491,CANCEL,,,
4495,ORD004495,LIMIT,BUY,99.91,50
4496,ORD004493,CANCEL,,,
4497,ORD004490,CANCEL,,,
4498,ORD004495,CANCEL,,,
4499,ORD004499,LIMIT,SELL,100.39,56
4500,ORD004499,CANCEL,,,
4501,ORD004501,LIMIT,BUY,100.12,55
4502,ORD004502,LIMIT,BUY,100.46,34
4503,ORD004501,CANCEL,,,
4504,ORD004502,CANCEL,,,
4505,ORD004505,LIMIT,BUY,100.46,100
4506,ORD004505,CANCEL,,,
4507,ORD004507,LIMIT,BUY,98.53,83
4508,ORD004507,CANCEL,,,
4509,ORD004509,LIMIT,SELL,101.23,78
4510,ORD004510,LIMIT,SELL,100.95,9
4511,ORD004511,LIMIT,SELL,101.84,92
4512,ORD004512,LIMIT,SELL,99.91,97
4513,ORD004512,CANCEL,,,
4514,ORD004514,LIMIT,SELL,101.14,71
4515,ORD004514,CANCEL,,,
4516,ORD004511,CANCEL,,,
4517,ORD004510,CANCEL,,,
4518,ORD004509,CANCEL,,,
4519,ORD004519,LIMIT,BUY,99.93,40
4520,ORD004519,CANCEL,,,
4521,ORD004521,LIMIT,BUY,100.1,29
4522,ORD004521,CANCEL,,,
4523,ORD004523,LIMIT,SELL,100.9,8
4524,ORD004523,CANCEL,,,
4525,ORD004525,LIMIT,SELL,101.1,59
4526,ORD004526,LIMIT,BUY,98.43,28
4527,ORD004525,CANCEL,,,
4528,ORD004526,CANCEL,,,
4529,ORD004529,LIMIT,SELL,101.75,67
4530,ORD004529,CANCEL,,,
4531,ORD004531,LIMIT,SELL,101.74,53
4532,ORD004532,LIMIT,BUY,100.26,73
4533,ORD004532,CANCEL,,,
4534,ORD004531,CANCEL,,,
4535,ORD004535,LIMIT,SELL,99.87,85
4536,ORD004535,CANCEL,,,
4537,ORD004537,LIMIT,SELL,99.68,28
4538,ORD004537,CANCEL,,,
4539,ORD004539,LIMIT,BUY,99.71,19
4540,ORD004540,LIMIT,SELL,101.95,97
4541,ORD004539,CANCEL,,,
4542,ORD004542,LIMIT,SELL,100.1,99
4543,ORD004542,CANCEL,,,
4544,ORD004540,CANCEL,,,
4545,ORD004545,LIMIT,BUY,98.56,1
4546,ORD004545,CANCEL,,,
4547,ORD004547,LIMIT,SELL,99.64,98
4548,ORD004547,CANCEL,,,
4549,ORD004549,LIMIT,BUY,98.84,4
4550,ORD004549,CANCEL,,,
4551,ORD004551,LIMIT,BUY,98.7,38
4552,ORD004551,CANCEL,,,
4553,ORD004553,LIMIT,SELL,100.52,23
4554,ORD004554,LIMIT,BUY,100.37,83
4555,ORD004553,CANCEL,,,
4556,ORD004554,CANCEL,,,
4557,ORD004557,LIMIT,SELL,101.74,57
4558,ORD004557,CANCEL,,,
4559,ORD004559,LIMIT,BUY,99.12,18
4560,ORD004560,LIMIT,SELL,100.99,45
4561,ORD004559,CANCEL,,,
4562,ORD004562,LIMIT,SELL,101.57,50
4563,ORD004563,LIMIT,BUY,100.33,9
4564,ORD004564,MARKET,SELL,,68
4565,ORD004562,CANCEL,,,
4566,ORD004560,CANCEL,,,
4567,ORD004563,CANCEL,,,
4568,ORD004568,LIMIT,BUY,98.79,92
4569,ORD004569,LIMIT,BUY,100.4,14
4570,ORD004568,CANCEL,,,
4571,ORD004569,CANCEL,,,
4572,ORD004572,LIMIT,BUY,98.2,21
4573,ORD004572,CANCEL,,,
4574,ORD004574,LIMIT,SELL,100.78,86
4575,ORD004574,CANCEL,,,
4576,ORD004576,LIMIT,SELL,99.98,58
4577,ORD004576,CANCEL,,,
4578,ORD004578,LIMIT,BUY,98.42,75
4579,ORD004578,CANCEL,,,
4580,ORD004580,LIMIT,SELL,101.93,13
4581,ORD004580,CANCEL,,,
4582,ORD004582,LIMIT,BUY,99.71,14
4583,ORD004582,CANCEL,,,
4584,ORD004584,LIMIT,SELL,100.75,66
4585,ORD004584,CANCEL,,,
4586,ORD004586,LIMIT,BUY,100.2,76
4587,ORD004586,CANCEL,,,
4588,ORD004588,LIMIT,BUY,100.33,54
4589,ORD004588,CANCEL,,,
4590,ORD004590,LIMIT,SELL,101.22,57
4591,ORD004590,CANCEL,,,
4592,ORD004592,LIMIT,BUY,99.35,15
4593,ORD004593,LIMIT,BUY,100.49,53
4594,ORD004592,CANCEL,,,
4595,ORD004593,CANCEL,,,
4596,ORD004596,LIMIT,BUY,99.76,70
4597,ORD004597,LIMIT,SELL,101.82,16
4598,ORD004596,CANCEL,,,
4599,ORD004597,CANCEL,,,
4600,ORD004600,LIMIT,SELL,101.52,2
4601,ORD004600,CANCEL,,,
4602,ORD004602,LIMIT,BUY,100.1,24
4603,ORD004602,CANCEL,,,
4604,ORD004604,LIMIT,BUY,98.98,85
4605,ORD004604,CANCEL,,,
4606,ORD004606,LIMIT,SELL,101.22,52
4607,ORD004606,CANCEL,,,
4608,ORD004608,LIMIT,BUY,99.43,42
4609,ORD004608,CANCEL,,,
4610,ORD004610,LIMIT,BUY,99.34,88
4611,ORD004610,CANCEL,,,
4612,ORD004612,LIMIT,SELL,101.67,21
4613,ORD004612,CANCEL,,,
4614,ORD004614,LIMIT,BUY,99.73,30
4615,ORD004614,CANCEL,,,
4616,ORD004616,LIMIT,SELL,100.23,17
4617,ORD004616,CANCEL,,,
4618,ORD004618,LIMIT,BUY,98.71,58
4619,ORD004618,CANCEL,,,
4620,ORD004620,LIMIT,BUY,99.1,46
4621,ORD004621,LIMIT,BUY,99.0,50
4622,ORD004620,CANCEL,,,
4623,ORD004621,CANCEL,,,
4624,ORD004624,LIMIT,BUY,98.16,81
4625,ORD004624,CANCEL,,,
4626,ORD004626,LIMIT,SELL,99.87,80
4627,ORD004626,CANCEL,,,
4628,ORD004628,LIMIT,BUY,98.32,67
4629,ORD004628,CANCEL,,,
4630,ORD004630,LIMIT,BUY,99.33,88
4631,ORD004630,CANCEL,,,
4632,ORD004632,LIMIT,BUY,99.74,4
4633,ORD004632,CANCEL,,,
4634,ORD004634,LIMIT,SELL,101.05,88
4635,ORD004634,CANCEL,,,
4636,ORD004636,LIMIT,BUY,100.25,23
4637,ORD004637,LIMIT,SELL,100.17,24
4638,ORD004638,LIMIT,SELL,100.49,18
4639,ORD004638,CANCEL,,,
4640,ORD004636,CANCEL,,,
4641,ORD004637,CANCEL,,,
4642,ORD004642,LIMIT,SELL,101.58,29
4643,ORD004643,LIMIT,BUY,100.25,74
4644,ORD004644,LIMIT,SELL,100.15,88
4645,ORD004643,CANCEL,,,
4646,ORD004644,CANCEL,,,
4647,ORD004647,LIMIT,SELL,101.86,50
4648,ORD004642,CANCEL,,,
4649,ORD004647,CANCEL,,,
4650,ORD004650,LIMIT,BUY,99.52,88
4651,ORD004650,CANCEL,,,
4652,ORD004652,LIMIT,BUY,98.98,47
4653,ORD004652,CANCEL,,,
4654,ORD004654,LIMIT,SELL,100.9,3
4655,ORD004654,CANCEL,,,
4656,ORD004656,LIMIT,SELL,100.06,25
4657,ORD004656,CANCEL,,,
4658,ORD004658,LIMIT,BUY,98.28,62
4659,ORD004658,CANCEL,,,
4660,ORD004660,LIMIT,SELL,100.17,5
4661,ORD004660,CANCEL,,,
4662,ORD004662,LIMIT,SELL,100.23,14
4663,ORD004662,CANCEL,,,
4664,ORD004664,LIMIT,BUY,98.92,28
4665,ORD004665,LIMIT,SELL,101.88,13
4666,ORD004665,CANCEL,,,
4667,ORD004664,CANCEL,,,
4668,ORD004668,LIMIT,SELL,99.87,83
4669,ORD004669,LIMIT,SELL,101.48,5
4670,ORD004670,LIMIT,BUY,99.54,16
4671,ORD004670,CANCEL,,,
4672,ORD004668,CANCEL,,,
4673,ORD004669,CANCEL,,,
4674,ORD004674,LIMIT,BUY,98.32,66
4675,ORD004674,CANCEL,,,
4676,ORD004676,LIMIT,BUY,99.39,100
4677,ORD004676,CANCEL,,,
4678,ORD004678,LIMIT,SELL,100.62,57
4679,ORD004678,CANCEL,,,
4680,ORD004680,LIMIT,SELL,101.96,86
4681,ORD004680,CANCEL,,,
4682,ORD004682,LIMIT,SELL,101.49,41
4683,ORD004683,LIMIT,SELL,99.82,79
4684,ORD004684,LIMIT,BUY,99.07,43
4685,ORD004682,CANCEL,,,
4686,ORD004686,LIMIT,BUY,98.77,82
4687,ORD004686,CANCEL,,,
4688,ORD004688,LIMIT,BUY,98.33,15
4689,ORD004689,LIMIT,SELL,99.51,44
4690,ORD004684,CANCEL,,,
4691,ORD004688,CANCEL,,,
4692,ORD004683,CANCEL,,,
4693,ORD004689,CANCEL,,,
4694,ORD004694,LIMIT,SELL,101.05,92
4695,ORD004694,CANCEL,,,
4696,ORD004696,LIMIT,BUY,100.25,57
4697,ORD004697,LIMIT,SELL,99.87,1
4698,ORD004696,CANCEL,,,
4699,ORD004699,LIMIT,SELL,101.9,68
4700,ORD004699,CANCEL,,,
4701,ORD004701,LIMIT,BUY,98.48,9
4702,ORD004701,CANCEL,,,
4703,ORD004703,LIMIT,BUY,99.56,8
4704,ORD004703,CANCEL,,,
4705,ORD004705,LIMIT,BUY,99.22,27
4706,ORD004706,LIMIT,SELL,100.83,99
4707,ORD004705,CANCEL,,,
4708,ORD004706,CANCEL,,,
4709,ORD004709,LIMIT,SELL,100.3,96
4710,ORD004710,LIMIT,SELL,100.45,74
4711,ORD004711,LIMIT,SELL,99.73,100
4712,ORD004712,LIMIT,SELL,101.14,31
4713,ORD004713,LIMIT,SELL,101.67,92
4714,ORD004709,CANCEL,,,
4715,ORD004711,CANCEL,,,
4716,ORD004713,CANCEL,,,
4717,ORD004712,CANCEL,,,
4718,ORD004718,LIMIT,BUY,99.64,24
4719,ORD004719,LIMIT,BUY,98.43,74
4720,ORD004720,LIMIT,BUY,100.2,13
4721,ORD004721,LIMIT,SELL,100.96,82
4722,ORD004721,CANCEL,,,
4723,ORD004718,CANCEL,,,
4724,ORD004724,LIMIT,SELL,101.26,32
4725,ORD004725,LIMIT,BUY,100.35,35
4726,ORD004724,CANCEL,,,
4727,ORD004727,LIMIT,SELL,101.71,29
4728,ORD004725,CANCEL,,,
4729,ORD004710,CANCEL,,,
4730,ORD004720,CANCEL,,,
4731,ORD004731,LIMIT,SELL,101.31,24
4732,ORD004732,MARKET,SELL,,74
4733,ORD004719,CANCEL,,,
4734,ORD004731,CANCEL,,,
4735,ORD004727,CANCEL,,,
4736,ORD004736,LIMIT,SELL,100.04,91
4737,ORD004737,LIMIT,SELL,101.88,67
4738,ORD004736,CANCEL,,,
4739,ORD004737,CANCEL,,,
4740,ORD004740,LIMIT,SELL,101.48,7
4741,ORD004740,CANCEL,,,
4742,ORD004742,LIMIT,BUY,99.39,78
4743,ORD004743,LIMIT,SELL,100.76,73
4744,ORD004742,CANCEL,,,
4745,ORD004743,CANCEL,,,
4746,ORD004746,LIMIT,SELL,101.09,51
4747,ORD004747,LIMIT,BUY,98.7,39
4748,ORD004747,CANCEL,,,
4749,ORD004746,CANCEL,,,
4750,ORD004750,LIMIT,BUY,100.18,27
4751,ORD004751,MARKET,BUY,,20
4752,ORD004750,CANCEL,,,
4753,ORD004753,LIMIT,SELL,99.73,26
4754,ORD004753,CANCEL,,,
4755,ORD004755,LIMIT,BUY,99.44,61
4756,ORD004755,CANCEL,,,
4757,ORD004757,LIMIT,BUY,98.12,20
4758,ORD004758,LIMIT,BUY,98.3,88
4759,ORD004759,LIMIT,SELL,101.38,18
4760,ORD004759,CANCEL,,,
4761,ORD004761,LIMIT,BUY,98.96,14
4762,ORD004757,CANCEL,,,
4763,ORD004758,CANCEL,,,
4764,ORD004761,CANCEL,,,
4765,ORD004765,LIMIT,SELL,99.99,80
4766,ORD004766,MARKET,BUY,,74
4767,ORD004765,CANCEL,,,
4768,ORD004768,LIMIT,BUY,99.14,86
4769,ORD004769,LIMIT,BUY,99.96,23
4770,ORD004769,CANCEL,,,
4771,ORD004768,CANCEL,,,
4772,ORD004772,LIMIT,BUY,100.15,74
4773,ORD004772,CANCEL,,,
4774,ORD004774,LIMIT,SELL,99.54,76
4775,ORD004774,CANCEL,,,
4776,ORD004776,LIMIT,SELL,101.6,9
4777,ORD004777,LIMIT,BUY,98.54,86
4778,ORD004777,CANCEL,,,
4779,ORD004776,CANCEL,,,
4780,ORD004780,LIMIT,BUY,99.13,19
4781,ORD004780,CANCEL,,,
4782,ORD004782,LIMIT,SELL,100.47,98
4783,ORD004783,LIMIT,BUY,98.65,10
4784,ORD004784,MARKET,BUY,,62
4785,ORD004785,LIMIT,SELL,101.04,62
4786,ORD004783,CANCEL,,,
4787,ORD004782,CANCEL,,,
4788,ORD004785,CANCEL,,,
4789,ORD004789,LIMIT,BUY,100.15,3
4790,ORD004789,CANCEL,,,
4791,ORD004791,LIMIT,SELL,101.86,14
4792,ORD004791,CANCEL,,,
4793,ORD004793,LIMIT,BUY,99.71,83
4794,ORD004793,CANCEL,,,
4795,ORD004795,LIMIT,BUY,99.54,52
4796,ORD004796,LIMIT,SELL,101.73,40
4797,ORD004796,CANCEL,,,
4798,ORD004795,CANCEL,,,
4799,ORD004799,LIMIT,SELL,101.86,33
4800,ORD004799,CANCEL,,,
4801,ORD004801,LIMIT,SELL,99.51,6
4802,ORD004801,CANCEL,,,
4803,ORD004803,MARKET,BUY,,4
4804,ORD004804,LIMIT,SELL,99.75,52
4805,ORD004804,CANCEL,,,
4806,ORD004806,LIMIT,SELL,100.86,67
4807,ORD004806,CANCEL,,,
4808,ORD004808,LIMIT,BUY,100.17,14
4809,ORD004809,LIMIT,BUY,98.49,6
4810,ORD004808,CANCEL,,,
4811,ORD004809,CANCEL,,,
4812,ORD004812,LIMIT,SELL,99.62,37
4813,ORD004812,CANCEL,,,
4814,ORD004814,LIMIT,BUY,98.44,91
4815,ORD004814,CANCEL,,,
4816,ORD004816,LIMIT,BUY,100.15,87
4817,ORD004816,CANCEL,,,
4818,ORD004818,LIMIT,SELL,100.01,72
4819,ORD004818,CANCEL,,,
4820,ORD004820,LIMIT,BUY,98.39,57
4821,ORD004821,LIMIT,SELL,100.59,20
4822,ORD004820,CANCEL,,,
4823,ORD004821,CANCEL,,,
4824,ORD004824,MARKET,SELL,,8
4825,ORD004825,LIMIT,SELL,99.75,43
4826,ORD004825,CANCEL,,,
4827,ORD004827,LIMIT,BUY,99.47,86
4828,ORD004827,CANCEL,,,
4829,ORD004829,LIMIT,SELL,100.86,71
4830,ORD004829,CANCEL,,,
4831,ORD004831,LIMIT,SELL,101.99,9
4832,ORD004831,CANCEL,,,
4833,ORD004833,LIMIT,BUY,98.74,77
4834,ORD004834,LIMIT,SELL,100.82,64
4835,ORD004833,CANCEL,,,
4836,ORD004834,CANCEL,,,
4837,ORD004837,LIMIT,SELL,100.89,38
4838,ORD004837,CANCEL,,,
4839,ORD004839,LIMIT,BUY,98.72,7
4840,ORD004839,CANCEL,,,
4841,ORD004841,LIMIT,BUY,99.09,27
4842,ORD004842,LIMIT,SELL,101.78,79
4843,ORD004841,CANCEL,,,
4844,ORD004842,CANCEL,,,
4845,ORD004845,LIMIT,SELL,101.89,18
4846,ORD004845,CANCEL,,,
4847,ORD004847,LIMIT,SELL,100.85,22
4848,ORD004847,CANCEL,,,
4849,ORD004849,LIMIT,BUY,99.65,81
4850,ORD004850,LIMIT,SELL,101.83,70
4851,ORD004851,LIMIT,BUY,99.71,97
4852,ORD004851,CANCEL,,,
4853,ORD004850,CANCEL,,,
4854,ORD004854,LIMIT,BUY,99.11,3
4855,ORD004855,LIMIT,SELL,100.77,10
4856,ORD004856,LIMIT,SELL,100.26,18
4857,ORD004849,CANCEL,,,
4858,ORD004855,CANCEL,,,
4859,ORD004854,CANCEL,,,
4860,ORD004856,CANCEL,,,
4861,ORD004861,LIMIT,SELL,99.53,23
4862,ORD004861,CANCEL,,,
4863,ORD004863,LIMIT,BUY,98.8,86
4864,ORD004863,CANCEL,,,
4865,ORD004865,LIMIT,SELL,100.25,52
4866,ORD004865,CANCEL,,,
4867,ORD004867,LIMIT,SELL,100.98,22
4868,ORD004867,CANCEL,,,
4869,ORD004869,LIMIT,BUY,99.88,75
4870,ORD004870,LIMIT,SELL,99.63,6
4871,ORD004869,CANCEL,,,
4872,ORD004872,LIMIT,SELL,99.72,75
4873,ORD004872,CANCEL,,,
4874,ORD004874,LIMIT,SELL,101.11,23
4875,ORD004874,CANCEL,,,
4876,ORD004876,LIMIT,SELL,101.45,59
4877,ORD004876,CANCEL,,,
4878,ORD004878,LIMIT,BUY,100.32,90
4879,ORD004878,CANCEL,,,
4880,ORD004880,LIMIT,BUY,100.34,55
4881,ORD004880,CANCEL,,,
4882,ORD004882,LIMIT,BUY,98.03,72
4883,ORD004882,CANCEL,,,
4884,ORD004884,LIMIT,SELL,100.11,81
4885,ORD004884,CANCEL,,,
4886,ORD004886,LIMIT,BUY,99.0,90
4887,ORD004886,CANCEL,,,
4888,ORD004888,LIMIT,BUY,98.99,20
4889,ORD004889,LIMIT,SELL,99.67,3
4890,ORD004888,CANCEL,,,
4891,ORD004889,CANCEL,,,
4892,ORD004892,LIMIT,BUY,99.89,93
4893,ORD004892,CANCEL,,,
4894,ORD004894,LIMIT,BUY,98.27,28
4895,ORD004894,CANCEL,,,
4896,ORD004896,LIMIT,SELL,100.12,33
4897,ORD004896,CANCEL,,,
4898,ORD004898,LIMIT,BUY,98.9,36
4899,ORD004899,LIMIT,SELL,99.81,13
4900,ORD004898,CANCEL,,,
4901,ORD004901,LIMIT,SELL,101.47,54
4902,ORD004899,CANCEL,,,
4903,ORD004901,CANCEL,,,
4904,ORD004904,LIMIT,BUY,98.32,34
4905,ORD004904,CANCEL,,,
4906,ORD004906,LIMIT,BUY,99.15,71
4907,ORD004906,CANCEL,,,
4908,ORD004908,LIMIT,SELL,101.62,14
4909,ORD004909,LIMIT,SELL,101.8,81
4910,ORD004909,CANCEL,,,
4911,ORD004908,CANCEL,,,
4912,ORD004912,LIMIT,SELL,100.87,40
4913,ORD004913,LIMIT,SELL,101.22,12
4914,ORD004913,CANCEL,,,
4915,ORD004915,LIMIT,BUY,99.53,93
4916,ORD004912,CANCEL,,,
4917,ORD004915,CANCEL,,,
4918,ORD004918,LIMIT,BUY,98.95,89
4919,ORD004918,CANCEL,,,
4920,ORD004920,LIMIT,BUY,99.82,30
4921,ORD004921,LIMIT,SELL,100.29,53
4922,ORD004922,LIMIT,BUY,99.45,42
4923,ORD004920,CANCEL,,,
4924,ORD004921,CANCEL,,,
4925,ORD004922,CANCEL,,,
4926,ORD004926,LIMIT,SELL,100.95,23
4927,ORD004926,CANCEL,,,
4928,ORD004928,LIMIT,SELL,101.35,72
4929,ORD004928,CANCEL,,,
4930,ORD004930,LIMIT,BUY,99.09,21
4931,ORD004930,CANCEL,,,
4932,ORD004932,LIMIT,SELL,100.61,69
4933,ORD004933,LIMIT,SELL,100.27,41
4934,ORD004934,LIMIT,BUY,100.01,4
4935,ORD004932,CANCEL,,,
4936,ORD004936,LIMIT,SELL,100.51,49
4937,ORD004937,LIMIT,BUY,98.84,38
4938,ORD004937,CANCEL,,,
4939,ORD004936,CANCEL,,,
4940,ORD004933,CANCEL,,,
4941,ORD004941,LIMIT,BUY,99.69,21
4942,ORD004942,LIMIT,BUY,98.74,98
4943,ORD004943,LIMIT,SELL,100.7,85
4944,ORD004943,CANCEL,,,
4945,ORD004941,CANCEL,,,
4946,ORD004942,CANCEL,,,
4947,ORD004934,CANCEL,,,
4948,ORD004948,LIMIT,BUY,100.28,65
4949,ORD004949,LIMIT,SELL,100.79,50
4950,ORD004950,LIMIT,BUY,100.45,2
4951,ORD004950,CANCEL,,,
4952,ORD004949,CANCEL,,,
4953,ORD004948,CANCEL,,,
4954,ORD004954,LIMIT,BUY,98.2,74
4955,ORD004954,CANCEL,,,
4956,ORD004956,LIMIT,BUY,98.68,18
4957,ORD004957,LIMIT,SELL,101.63,82
4958,ORD004958,LIMIT,BUY,98.28,22
4959,ORD004958,CANCEL,,,
4960,ORD004957,CANCEL,,,
4961,ORD004956,CANCEL,,,
4962,ORD004962,LIMIT,SELL,100.83,60
4963,ORD004962,CANCEL,,,
4964,ORD004964,LIMIT,SELL,99.94,17
4965,ORD004964,CANCEL,,,
4966,ORD004966,LIMIT,SELL,101.38,35
4967,ORD004966,CANCEL,,,
4968,ORD004968,LIMIT,SELL,100.67,95
4969,ORD004968,CANCEL,,,
4970,ORD004970,LIMIT,BUY,100.36,20
4971,ORD004971,LIMIT,SELL,100.84,98
4972,ORD004972,LIMIT,SELL,101.05,11
4973,ORD004971,CANCEL,,,
4974,ORD004974,LIMIT,BUY,99.61,87
4975,ORD004975,LIMIT,SELL,99.98,72
4976,ORD004972,CANCEL,,,
4977,ORD004977,LIMIT,SELL,99.53,70
4978,ORD004970,CANCEL,,,
4979,ORD004975,CANCEL,,,
4980,ORD004980,LIMIT,BUY,99.79,25
4981,ORD004974,CANCEL,,,
4982,ORD004980,CANCEL,,,
4983,ORD004983,LIMIT,BUY,98.57,40
4984,ORD004983,CANCEL,,,
4985,ORD004985,LIMIT,SELL,100.76,66
4986,ORD004986,LIMIT,SELL,99.93,33
4987,ORD004986,CANCEL,,,
4988,ORD004985,CANCEL,,,
4989,ORD004989,LIMIT,BUY,100.2,89
4990,ORD004989,CANCEL,,,
4991,ORD004991,MARKET,BUY,,88
4992,ORD004992,LIMIT,SELL,100.99,19
4993,ORD004992,CANCEL,,,
4994,ORD004994,LIMIT,SELL,100.92,55
4995,ORD004995,LIMIT,BUY,99.91,77
4996,ORD004995,CANCEL,,,
4997,ORD004994,CANCEL,,,
4998,ORD004998,LIMIT,BUY,99.12,18
4999,ORD004998,CANCEL,,,
5000,ORD005000,LIMIT,BUY,100.47,70
5001,ORD005001,LIMIT,SELL,99.94,17
5002,ORD005002,LIMIT,BUY,98.41,31
5003,ORD005000,CANCEL,,,
5004,ORD005002,CANCEL,,,
5005,ORD005005,MARKET,SELL,,21
5006,ORD005006,LIMIT,BUY,99.29,66
5007,ORD005007,LIMIT,BUY,98.3,15
5008,ORD005006,CANCEL,,,
5009,ORD005007,CANCEL,,,
5010,ORD005010,LIMIT,SELL,100.45,6
5011,ORD005011,LIMIT,SELL,99.8,71
5012,ORD005011,CANCEL,,,
5013,ORD005010,CANCEL,,,
5014,ORD005014,LIMIT,SELL,101.31,71
5015,ORD005014,CANCEL,,,
5016,ORD005016,LIMIT,BUY,99.89,62
5017,ORD005016,CANCEL,,,
5018,ORD005018,LIMIT,SELL,101.96,41
5019,ORD005019,MARKET,BUY,,26
5020,ORD005020,LIMIT,BUY,99.88,24
5021,ORD005020,CANCEL,,,
5022,ORD005022,LIMIT,SELL,99.69,3
5023,ORD005023,LIMIT,BUY,100.43,86
5024,ORD005022,CANCEL,,,
5025,ORD005018,CANCEL,,,
5026,ORD005026,LIMIT,SELL,100.25,12
5027,ORD005027,LIMIT,BUY,98.0,58
5028,ORD005023,CANCEL,,,
5029,ORD005027,CANCEL,,,
5030,ORD005030,MARKET,SELL,,79
5031,ORD005031,LIMIT,BUY,99.37,38
5032,ORD005031,CANCEL,,,
5033,ORD005033,LIMIT,SELL,101.02,2
5034,ORD005033,CANCEL,,,
5035,ORD005035,LIMIT,BUY,100.49,85
5036,ORD005035,CANCEL,,,
5037,ORD005037,LIMIT,SELL,100.57,47
5038,ORD005037,CANCEL,,,
5039,ORD005039,MARKET,SELL,,77
5040,ORD005040,LIMIT,BUY,98.33,90
5041,ORD005041,LIMIT,SELL,101.91,67
5042,ORD005040,CANCEL,,,
5043,ORD005041,CANCEL,,,
5044,ORD005044,LIMIT,BUY,100.45,74
5045,ORD005044,CANCEL,,,
5046,ORD005046,LIMIT,SELL,100.78,16
5047,ORD005046,CANCEL,,,
5048,ORD005048,LIMIT,BUY,98.34,38
5049,ORD005048,CANCEL,,,
5050,ORD005050,LIMIT,BUY,99.99,83
5051,ORD005050,CANCEL,,,
5052,ORD005052,LIMIT,SELL,100.59,23
5053,ORD005052,CANCEL,,,
5054,ORD005054,LIMIT,BUY,100.03,34
5055,ORD005055,LIMIT,SELL,99.83,71
5056,ORD005055,CANCEL,,,
5057,ORD005054,CANCEL,,,
5058,ORD005058,MARKET,BUY,,74
5059,ORD005059,LIMIT,SELL,99.5,74
5060,ORD005059,CANCEL,,,
5061,ORD005061,LIMIT,SELL,101.26,44
5062,ORD005061,CANCEL,,,
5063,ORD005063,LIMIT,BUY,98.7,61
5064,ORD005064,LIMIT,BUY,99.53,93
5065,ORD005065,MARKET,SELL,,12
5066,ORD005063,CANCEL,,,
5067,ORD005064,CANCEL,,,
5068,ORD005068,LIMIT,BUY,100.48,10
5069,ORD005068,CANCEL,,,
5070,ORD005070,LIMIT,BUY,98.88,72
5071,ORD005070,CANCEL,,,
5072,ORD005072,LIMIT,SELL,101.03,60
5073,ORD005073,LIMIT,BUY,99.64,41
5074,ORD005072,CANCEL,,,
5075,ORD005075,LIMIT,BUY,98.57,57
5076,ORD005073,CANCEL,,,
5077,ORD005075,CANCEL,,,
5078,ORD005078,LIMIT,SELL,101.2,1
5079,ORD005079,LIMIT,SELL,101.57,84
5080,ORD005079,CANCEL,,,
5081,ORD005078,CANCEL,,,
5082,ORD005082,LIMIT,BUY,98.35,73
5083,ORD005082,CANCEL,,,
5084,ORD005084,LIMIT,BUY,99.03,17
5085,ORD005084,CANCEL,,,
5086,ORD005086,LIMIT,BUY,99.83,80
5087,ORD005087,LIMIT,BUY,98.51,40
5088,ORD005088,LIMIT,BUY,99.93,100
5089,ORD005087,CANCEL,,,
5090,ORD005086,CANCEL,,,
5091,ORD005088,CANCEL,,,
5092,ORD005092,LIMIT,BUY,100.23,28
5093,ORD005093,LIMIT,SELL,100.81,31
5094,ORD005092,CANCEL,,,
5095,ORD005093,CANCEL,,,
5096,ORD005096,LIMIT,SELL,100.59,96
5097,ORD005096,CANCEL,,,
5098,ORD005098,LIMIT,BUY,100.49,39
5099,ORD005099,LIMIT,BUY,100.42,41
5100,ORD005100,LIMIT,SELL,101.49,81
5101,ORD005101,LIMIT,SELL,99.84,7
5102,ORD005098,CANCEL,,,
5103,ORD005100,CANCEL,,,
5104,ORD005104,LIMIT,BUY,99.12,43
5105,ORD005104,CANCEL,,,
5106,ORD005106,LIMIT,BUY,98.46,2
5107,ORD005106,CANCEL,,,
5108,ORD005108,LIMIT,SELL,100.73,90
5109,ORD005099,CANCEL,,,
5110,ORD005108,CANCEL,,,
5111,ORD005111,LIMIT,BUY,100.49,60
5112,ORD005112,LIMIT,SELL,101.97,3
5113,ORD005112,CANCEL,,,
5114,ORD005114,LIMIT,SELL,99.63,90
5115,ORD005111,CANCEL,,,
5116,ORD005114,CANCEL,,,
5117,ORD005117,LIMIT,SELL,101.83,90
5118,ORD005118,LIMIT,BUY,100.23,86
5119,ORD005118,CANCEL,,,
5120,ORD005120,LIMIT,SELL,99.65,21
5121,ORD005121,LIMIT,BUY,98.28,28
5122,ORD005122,LIMIT,BUY,98.87,84
5123,ORD005121,CANCEL,,,
5124,ORD005122,CANCEL,,,
5125,ORD005120,CANCEL,,,
5126,ORD005117,CANCEL,,,
5127,ORD005127,LIMIT,SELL,101.61,60
5128,ORD005127,CANCEL,,,
5129,ORD005129,LIMIT,SELL,101.78,86
5130,ORD005130,MARKET,BUY,,51
5131,ORD005129,CANCEL,,,
5132,ORD005132,LIMIT,BUY,100.24,16
5133,ORD005132,CANCEL,,,
5134,ORD005134,LIMIT,BUY,99.07,65
5135,ORD005134,CANCEL,,,
5136,ORD005136,LIMIT,SELL,101.77,29
5137,ORD005137,LIMIT,SELL,101.04,23
5138,ORD005138,LIMIT,SELL,101.38,48
5139,ORD005137,CANCEL,,,
5140,ORD005138,CANCEL,,,
5141,ORD005136,CANCEL,,,
5142,ORD005142,LIMIT,SELL,100.94,83
5143,ORD005142,CANCEL,,,
5144,ORD005144,LIMIT,BUY,98.97,57
5145,ORD005144,CANCEL,,,
5146,ORD005146,LIMIT,BUY,99.25,89
5147,ORD005146,CANCEL,,,
5148,ORD005148,LIMIT,SELL,101.25,48
5149,ORD005149,MARKET,BUY,,63
5150,ORD005148,CANCEL,,,
5151,ORD005151,LIMIT,BUY,99.58,2
5152,ORD005151,CANCEL,,,
5153,ORD005153,LIMIT,SELL,101.75,24
5154,ORD005153,CANCEL,,,
5155,ORD005155,LIMIT,BUY,99.57,85
5156,ORD005156,LIMIT,BUY,98.55,43
5157,ORD005157,MARKET,BUY,,5
5158,ORD005156,CANCEL,,,
5159,ORD005159,LIMIT,BUY,98.01,98
5160,ORD005160,LIMIT,SELL,100.11,20
5161,ORD005161,LIMIT,BUY,98.98,29
5162,ORD005162,LIMIT,BUY,99.7,59
5163,ORD005162,CANCEL,,,
5164,ORD005161,CANCEL,,,
5165,ORD005160,CANCEL,,,
5166,ORD005166,LIMIT,BUY,99.84,99
5167,ORD005155,CANCEL,,,
5168,ORD005159,CANCEL,,,
5169,ORD005169,LIMIT,BUY,100.01,23
5170,ORD005170,LIMIT,BUY,98.88,24
5171,ORD005169,CANCEL,,,
5172,ORD005172,LIMIT,BUY,98.32,57
5173,ORD005170,CANCEL,,,
5174,ORD005174,LIMIT,BUY,99.38,24
5175,ORD005174,CANCEL,,,
5176,ORD005176,LIMIT,BUY,99.52,85
5177,ORD005172,CANCEL,,,
5178,ORD005178,LIMIT,BUY,100.27,93
5179,ORD005176,CANCEL,,,
5180,ORD005178,CANCEL,,,
5181,ORD005166,CANCEL,,,
5182,ORD005182,LIMIT,BUY,98.83,71
5183,ORD005182,CANCEL,,,
5184,ORD005184,LIMIT,SELL,100.68,91
5185,ORD005184,CANCEL,,,
5186,ORD005186,LIMIT,BUY,99.88,99
5187,ORD005186,CANCEL,,,
5188,ORD005188,LIMIT,BUY,100.45,78
5189,ORD005189,LIMIT,SELL,101.51,36
5190,ORD005189,CANCEL,,,
5191,ORD005191,LIMIT,BUY,98.35,93
5192,ORD005192,MARKET,BUY,,23
5193,ORD005191,CANCEL,,,
5194,ORD005188,CANCEL,,,
5195,ORD005195,LIMIT,BUY,98.22,36
5196,ORD005195,CANCEL,,,
5197,ORD005197,LIMIT,BUY,100.15,96
5198,ORD005197,CANCEL,,,
5199,ORD005199,LIMIT,SELL,101.28,90
5200,ORD005199,CANCEL,,,
5201,ORD005201,LIMIT,BUY,99.59,7
5202,ORD005201,CANCEL,,,
5203,ORD005203,LIMIT,BUY,99.1,46
5204,ORD005204,LIMIT,BUY,98.26,48
5205,ORD005205,LIMIT,BUY,99.9,65
5206,ORD005204,CANCEL,,,
5207,ORD005207,LIMIT,SELL,99.99,88
5208,ORD005208,LIMIT,BUY,99.98,30
5209,ORD005209,LIMIT,SELL,100.39,75
5210,ORD005209,CANCEL,,,
5211,ORD005203,CANCEL,,,
5212,ORD005208,CANCEL,,,
5213,ORD005205,CANCEL,,,
5214,ORD005207,CANCEL,,,
5215,ORD005215,LIMIT,SELL,99.6,21
5216,ORD005215,CANCEL,,,
5217,ORD005217,LIMIT,BUY,100.11,95
5218,ORD005217,CANCEL,,,
5219,ORD005219,LIMIT,SELL,99.88,11
5220,ORD005220,LIMIT,BUY,99.05,2
5221,ORD005220,CANCEL,,,
5222,ORD005219,CANCEL,,,
5223,ORD005223,LIMIT,SELL,101.77,59
5224,ORD005224,LIMIT,BUY,99.75,20
5225,ORD005224,CANCEL,,,
5226,ORD005223,CANCEL,,,
5227,ORD005227,LIMIT,SELL,101.46,39
5228,ORD005227,CANCEL,,,
5229,ORD005229,LIMIT,SELL,101.21,78
5230,ORD005230,LIMIT,BUY,98.86,39
5231,ORD005230,CANCEL,,,
5232,ORD005229,CANCEL,,,
5233,ORD005233,LIMIT,BUY,99.08,16
5234,ORD005233,CANCEL,,,
5235,ORD005235,LIMIT,SELL,101.8,95
5236,ORD005235,CANCEL,,,
5237,ORD005237,LIMIT,BUY,99.29,66
5238,ORD005237,CANCEL,,,
5239,ORD005239,LIMIT,SELL,100.99,88
5240,ORD005239,CANCEL,,,
5241,ORD005241,LIMIT,BUY,100.27,92
5242,ORD005241,CANCEL,,,
5243,ORD005243,LIMIT,BUY,100.01,18
5244,ORD005244,LIMIT,SELL,101.94,24
5245,ORD005245,LIMIT,BUY,98.59,32
5246,ORD005243,CANCEL,,,
5247,ORD005247,LIMIT,BUY,98.6,11
5248,ORD005248,LIMIT,SELL,100.82,52
5249,ORD005247,CANCEL,,,
5250,ORD005245,CANCEL,,,
5251,ORD005251,LIMIT,SELL,100.91,35
5252,ORD005248,CANCEL,,,
5253,ORD005251,CANCEL,,,
5254,ORD005254,LIMIT,SELL,100.4,31
5255,ORD005254,CANCEL,,,
5256,ORD005256,LIMIT,SELL,101.83,77
5257,ORD005257,LIMIT,SELL,99.66,27
5258,ORD005258,LIMIT,BUY,98.86,48
5259,ORD005244,CANCEL,,,
5260,ORD005258,CANCEL,,,
5261,ORD005261,LIMIT,SELL,101.54,24
5262,ORD005262,LIMIT,BUY,100.35,74
5263,ORD005261,CANCEL,,,
5264,ORD005264,LIMIT,BUY,100.31,2
5265,ORD005262,CANCEL,,,
5266,ORD005257,CANCEL,,,
5267,ORD005267,LIMIT,BUY,98.96,37
5268,ORD005267,CANCEL,,,
5269,ORD005269,LIMIT,BUY,100.24,54
5270,ORD005270,LIMIT,SELL,101.72,28
5271,ORD005271,LIMIT,BUY,99.03,85
5272,ORD005272,LIMIT,BUY,100.27,3
5273,ORD005272,CANCEL,,,
5274,ORD005256,CANCEL,,,
5275,ORD005270,CANCEL,,,
5276,ORD005276,LIMIT,BUY,98.2,94
5277,ORD005264,CANCEL,,,
5278,ORD005278,LIMIT,SELL,100.02,85
5279,ORD005271,CANCEL,,,
5280,ORD005278,CANCEL,,,
5281,ORD005281,LIMIT,SELL,101.2,87
5282,ORD005269,CANCEL,,,
5283,ORD005276,CANCEL,,,
5284,ORD005284,LIMIT,BUY,99.03,44
5285,ORD005285,LIMIT,BUY,99.11,58
5286,ORD005284,CANCEL,,,
5287,ORD005285,CANCEL,,,
5288,ORD005281,CANCEL,,,
5289,ORD005289,LIMIT,BUY,98.15,6
5290,ORD005290,LIMIT,SELL,101.53,69
5291,ORD005290,CANCEL,,,
5292,ORD005289,CANCEL,,,
5293,ORD005293,LIMIT,BUY,99.71,94
5294,ORD005293,CANCEL,,,
5295,ORD005295,LIMIT,SELL,101.86,16
5296,ORD005295,CANCEL,,,
5297,ORD005297,LIMIT,BUY,98.54,51
5298,ORD005297,CANCEL,,,
5299,ORD005299,LIMIT,BUY,98.5,26
5300,ORD005299,CANCEL,,,
5301,ORD005301,LIMIT,BUY,98.98,93
5302,ORD005301,CANCEL,,,
5303,ORD005303,LIMIT,SELL,100.36,93
5304,ORD005303,CANCEL,,,
5305,ORD005305,LIMIT,BUY,98.37,20
5306,ORD005305,CANCEL,,,
5307,ORD005307,LIMIT,BUY,99.51,23
5308,ORD005307,CANCEL,,,
5309,ORD005309,LIMIT,BUY,98.56,30
5310,ORD005309,CANCEL,,,
5311,ORD005311,LIMIT,BUY,98.23,7
5312,ORD005311,CANCEL,,,
5313,ORD005313,LIMIT,BUY,99.24,16
5314,ORD005314,LIMIT,BUY,98.5,5
5315,ORD005314,CANCEL,,,
5316,ORD005313,CANCEL,,,
5317,ORD005317,LIMIT,BUY,99.4,72
5318,ORD005317,CANCEL,,,
5319,ORD005319,LIMIT,SELL,101.6,56
5320,ORD005320,LIMIT,SELL,100.15,52
5321,ORD005320,CANCEL,,,
5322,ORD005319,CANCEL,,,
5323,ORD005323,LIMIT,BUY,100.41,89
5324,ORD005324,LIMIT,BUY,100.3,66
5325,ORD005323,CANCEL,,,
5326,ORD005326,LIMIT,SELL,99.88,72
5327,ORD005327,LIMIT,BUY,99.66,88
5328,ORD005324,CANCEL,,,
5329,ORD005327,CANCEL,,,
5330,ORD005326,CANCEL,,,
5331,ORD005331,LIMIT,SELL,101.14,50
5332,ORD005331,CANCEL,,,
5333,ORD005333,LIMIT,BUY,99.62,69
5334,ORD005333,CANCEL,,,
5335,ORD005335,LIMIT,SELL,101.57,1
5336,ORD005335,CANCEL,,,
5337,ORD005337,LIMIT,SELL,101.13,42
5338,ORD005337,CANCEL,,,
5339,ORD005339,LIMIT,SELL,101.15,66
5340,ORD005340,LIMIT,SELL,101.57,61
5341,ORD005340,CANCEL,,,
5342,ORD005339,CANCEL,,,
5343,ORD005343,LIMIT,BUY,98.63,10
5344,ORD005344,LIMIT,BUY,99.07,93
5345,ORD005343,CANCEL,,,
5346,ORD005344,CANCEL,,,
5347,ORD005347,MARKET,SELL,,86
5348,ORD005348,LIMIT,SELL,100.03,42
5349,ORD005348,CANCEL,,,
5350,ORD005350,LIMIT,BUY,100.01,18
5351,ORD005350,CANCEL,,,
5352,ORD005352,LIMIT,BUY,98.18,84
5353,ORD005352,CANCEL,,,
5354,ORD005354,LIMIT,BUY,98.18,26
5355,ORD005354,CANCEL,,,
5356,ORD005356,LIMIT,SELL,100.92,59
5357,ORD005356,CANCEL,,,
5358,ORD005358,LIMIT,BUY,100.23,30
5359,ORD005358,CANCEL,,,
5360,ORD005360,LIMIT,SELL,99.57,44
5361,ORD005360,CANCEL,,,
5362,ORD005362,LIMIT,SELL,101.6,27
5363,ORD005363,LIMIT,SELL,101.01,81
5364,ORD005364,LIMIT,SELL,99.58,66
5365,ORD005364,CANCEL,,,
5366,ORD005362,CANCEL,,,
5367,ORD005363,CANCEL,,,
5368,ORD005368,LIMIT,BUY,98.88,4
5369,ORD005369,LIMIT,SELL,100.18,37
5370,ORD005369,CANCEL,,,
5371,ORD005371,LIMIT,SELL,101.28,1
5372,ORD005371,CANCEL,,,
5373,ORD005368,CANCEL,,,
5374,ORD005374,LIMIT,SELL,100.24,58
5375,ORD005374,CANCEL,,,
5376,ORD005376,LIMIT,BUY,98.5,45
5377,ORD005376,CANCEL,,,
5378,ORD005378,MARKET,SELL,,53
5379,ORD005379,LIMIT,SELL,100.68,5
5380,ORD005379,CANCEL,,,
5381,ORD005381,LIMIT,SELL,101.91,57
5382,ORD005381,CANCEL,,,
5383,ORD005383,LIMIT,SELL,100.01,89
5384,ORD005383,CANCEL,,,
5385,ORD005385,LIMIT,BUY,98.28,68
5386,ORD005385,CANCEL,,,
5387,ORD005387,LIMIT,SELL,101.97,41
5388,ORD005387,CANCEL,,,
5389,ORD005389,LIMIT,SELL,100.53,56
5390,ORD005389,CANCEL,,,
5391,ORD005391,LIMIT,SELL,100.27,33
5392,ORD005392,LIMIT,SELL,100.49,78
5393,ORD005391,CANCEL,,,
5394,ORD005394,LIMIT,SELL,100.63,29
5395,ORD005394,CANCEL,,,
5396,ORD005396,MARKET,SELL,,98
5397,ORD005392,CANCEL,,,
5398,ORD005398,LIMIT,BUY,99.25,17
5399,ORD005398,CANCEL,,,
5400,ORD005400,LIMIT,BUY,99.67,69
5401,ORD005400,CANCEL,,,
5402,ORD005402,LIMIT,BUY,98.02,98
5403,ORD005402,CANCEL,,,
5404,ORD005404,LIMIT,BUY,99.2,6
5405,ORD005404,CANCEL,,,
5406,ORD005406,LIMIT,SELL,101.08,53
5407,ORD005406,CANCEL,,,
5408,ORD005408,LIMIT,BUY,98.31,32
5409,ORD005408,CANCEL,,,
5410,ORD005410,LIMIT,SELL,100.45,9
5411,ORD005410,CANCEL,,,
5412,ORD005412,LIMIT,BUY,99.84,46
5413,ORD005412,CANCEL,,,
5414,ORD005414,LIMIT,SELL,100.48,46
5415,ORD005414,CANCEL,,,
5416,ORD005416,LIMIT,SELL,101.6,1
5417,ORD005416,CANCEL,,,
5418,ORD005418,LIMIT,BUY,99.52,9
5419,ORD005418,CANCEL,,,
5420,ORD005420,LIMIT,BUY,98.82,50
5421,ORD005420,CANCEL,,,
5422,ORD005422,MARKET,SELL,,27
5423,ORD005423,LIMIT,BUY,99.02,86
5424,ORD005424,LIMIT,BUY,98.49,59
5425,ORD005424,CANCEL,,,
5426,ORD005423,CANCEL,,,
5427,ORD005427,LIMIT,BUY,99.79,54
5428,ORD005427,CANCEL,,,
5429,ORD005429,MARKET,BUY,,84
5430,ORD005430,LIMIT,BUY,98.7,97
5431,ORD005430,CANCEL,,,
5432,ORD005432,LIMIT,BUY,100.43,57
5433,ORD005433,LIMIT,BUY,98.47,5
5434,ORD005433,CANCEL,,,
5435,ORD005432,CANCEL,,,
5436,ORD005436,LIMIT,SELL,99.91,72
5437,ORD005436,CANCEL,,,
5438,ORD005438,LIMIT,SELL,101.38,94
5439,ORD005439,LIMIT,BUY,98.33,20
5440,ORD005438,CANCEL,,,
5441,ORD005439,CANCEL,,,
5442,ORD005442,LIMIT,SELL,99.77,27
5443,ORD005443,MARKET,BUY,,26
5444,ORD005442,CANCEL,,,
5445,ORD005445,LIMIT,BUY,99.07,59
5446,ORD005445,CANCEL,,,
5447,ORD005447,LIMIT,SELL,100.7,79
5448,ORD005447,CANCEL,,,
5449,ORD005449,LIMIT,BUY,99.6,27
5450,ORD005449,CANCEL,,,
5451,ORD005451,LIMIT,SELL,99.93,4
5452,ORD005451,CANCEL,,,
5453,ORD005453,LIMIT,SELL,101.87,75
5454,ORD005454,LIMIT,BUY,99.79,21
5455,ORD005453,CANCEL,,,
5456,ORD005454,CANCEL,,,
5457,ORD005457,LIMIT,SELL,100.15,70
5458,ORD005457,CANCEL,,,
5459,ORD005459,LIMIT,SELL,101.23,42
5460,ORD005460,LIMIT,SELL,101.47,77
5461,ORD005461,LIMIT,BUY,98.13,47
5462,ORD005459,CANCEL,,,
5463,ORD005461,CANCEL,,,
5464,ORD005460,CANCEL,,,
5465,ORD005465,LIMIT,SELL,101.83,24
5466,ORD005465,CANCEL,,,
5467,ORD005467,LIMIT,SELL,101.4,37
5468,ORD005468,LIMIT,BUY,99.21,81
5469,ORD005467,CANCEL,,,
5470,ORD005470,LIMIT,BUY,98.21,7
5471,ORD005470,CANCEL,,,
5472,ORD005472,LIMIT,BUY,98.87,89
5473,ORD005468,CANCEL,,,
5474,ORD005472,CANCEL,,,
5475,ORD005475,LIMIT,BUY,99.21,89
5476,ORD005475,CANCEL,,,
5477,ORD005477,LIMIT,SELL,101.93,80
5478,ORD005477,CANCEL,,,
5479,ORD005479,LIMIT,SELL,101.74,15
5480,ORD005479,CANCEL,,,
5481,ORD005481,LIMIT,SELL,101.37,32
5482,ORD005481,CANCEL,,,
5483,ORD005483,LIMIT,BUY,98.72,19
5484,ORD005483,CANCEL,,,
5485,ORD005485,LIMIT,SELL,100.15,83
5486,ORD005485,CANCEL,,,
5487,ORD005487,LIMIT,BUY,100.04,26
5488,ORD005488,LIMIT,SELL,101.69,3
5489,ORD005488,CANCEL,,,
5490,ORD005487,CANCEL,,,
5491,ORD005491,MARKET,SELL,,22
5492,ORD005492,LIMIT,SELL,100.44,65
5493,ORD005492,CANCEL,,,
5494,ORD005494,LIMIT,SELL,101.2,64
5495,ORD005494,CANCEL,,,
5496,ORD005496,LIMIT,BUY,100.19,95
5497,ORD005496,CANCEL,,,
5498,ORD005498,LIMIT,SELL,100.69,22
5499,ORD005498,CANCEL,,,
5500,ORD005500,LIMIT,BUY,100.21,45
5501,ORD005500,CANCEL,,,
5502,ORD005502,MARKET,BUY,,48
5503,ORD005503,LIMIT,BUY,98.71,10
5504,ORD005503,CANCEL,,,
5505,ORD005505,LIMIT,BUY,98.79,86
5506,ORD005506,LIMIT,SELL,100.11,86
5507,ORD005507,LIMIT,BUY,98.43,80
5508,ORD005508,MARKET,BUY,,49
5509,ORD005507,CANCEL,,,
5510,ORD005505,CANCEL,,,
5511,ORD005506,CANCEL,,,
5512,ORD005512,LIMIT,BUY,98.56,69
5513,ORD005513,MARKET,BUY,,74
5514,ORD005512,CANCEL,,,
5515,ORD005515,LIMIT,BUY,99.61,23
5516,ORD005516,LIMIT,BUY,98.43,10
5517,ORD005516,CANCEL,,,
5518,ORD005515,CANCEL,,,
5519,ORD005519,LIMIT,BUY,99.36,69
5520,ORD005519,CANCEL,,,
5521,ORD005521,LIMIT,BUY,99.46,68
5522,ORD005521,CANCEL,,,
5523,ORD005523,LIMIT,SELL,101.59,87
5524,ORD005523,CANCEL,,,
5525,ORD005525,LIMIT,SELL,100.81,32
5526,ORD005526,LIMIT,SELL,101.9,82
5527,ORD005526,CANCEL,,,
5528,ORD005528,LIMIT,BUY,99.81,28
5529,ORD005525,CANCEL,,,
5530,ORD005528,CANCEL,,,
5531,ORD005531,LIMIT,SELL,99.95,25
5532,ORD005531,CANCEL,,,
5533,ORD005533,LIMIT,BUY,99.53,69
5534,ORD005533,CANCEL,,,
5535,ORD005535,LIMIT,SELL,101.79,73
5536,ORD005536,LIMIT,BUY,100.16,58
5537,ORD005536,CANCEL,,,
5538,ORD005535,CANCEL,,,
5539,ORD005539,LIMIT,BUY,99.28,26
5540,ORD005539,CANCEL,,,
5541,ORD005541,LIMIT,SELL,99.55,89
5542,ORD005542,LIMIT,BUY,98.87,26
5543,ORD005543,LIMIT,SELL,100.49,13
5544,ORD005543,CANCEL,,,
5545,ORD005541,CANCEL,,,
5546,ORD005542,CANCEL,,,
5547,ORD005547,LIMIT,BUY,99.38,21
5548,ORD005548,LIMIT,BUY,99.41,79
5549,ORD005548,CANCEL,,,
5550,ORD005547,CANCEL,,,
5551,ORD005551,LIMIT,SELL,101.83,30
5552,ORD005551,CANCEL,,,
5553,ORD005553,LIMIT,SELL,101.71,27
5554,ORD005553,CANCEL,,,
5555,ORD005555,LIMIT,BUY,99.59,81
5556,ORD005556,LIMIT,SELL,100.64,32
5557,ORD005556,CANCEL,,,
5558,ORD005558,MARKET,BUY,,10
5559,ORD005555,CANCEL,,,
5560,ORD005560,LIMIT,BUY,98.38,87
5561,ORD005560,CANCEL,,,
5562,ORD005562,LIMIT,BUY,99.5,9
5563,ORD005562,CANCEL,,,
5564,ORD005564,LIMIT,BUY,100.24,64
5565,ORD005564,CANCEL,,,
5566,ORD005566,LIMIT,SELL,99.92,82
5567,ORD005567,LIMIT,BUY,100.03,32
5568,ORD005568,LIMIT,BUY,99.11,53
5569,ORD005566,CANCEL,,,
5570,ORD005568,CANCEL,,,
5571,ORD005571,LIMIT,BUY,98.75,85
5572,ORD005571,CANCEL,,,
5573,ORD005573,LIMIT,BUY,98.94,90
5574,ORD005574,LIMIT,SELL,101.41,79
5575,ORD005575,LIMIT,BUY,99.12,40
5576,ORD005575,CANCEL,,,
5577,ORD005573,CANCEL,,,
5578,ORD005574,CANCEL,,,
5579,ORD005579,LIMIT,SELL,99.52,57
5580,ORD005580,LIMIT,BUY,99.52,57
5581,ORD005579,CANCEL,,,
5582,ORD005582,LIMIT,SELL,101.97,39
5583,ORD005582,CANCEL,,,
5584,ORD005584,LIMIT,SELL,100.91,71
5585,ORD005585,LIMIT,SELL,101.2,33
5586,ORD005585,CANCEL,,,
5587,ORD005584,CANCEL,,,
5588,ORD005588,LIMIT,BUY,100.0,39
5589,ORD005588,CANCEL,,,
5590,ORD005590,LIMIT,SELL,101.07,27
5591,ORD005590,CANCEL,,,
5592,ORD005592,LIMIT,SELL,100.83,34
5593,ORD005592,CANCEL,,,
5594,ORD005594,LIMIT,BUY,99.29,51
5595,ORD005595,LIMIT,SELL,99.8,5
5596,ORD005594,CANCEL,,,
5597,ORD005597,LIMIT,BUY,98.72,78
5598,ORD005598,LIMIT,BUY,98.45,69
5599,ORD005599,LIMIT,SELL,101.43,1
5600,ORD005597,CANCEL,,,
5601,ORD005601,LIMIT,BUY,98.76,70
5602,ORD005601,CANCEL,,,
5603,ORD005599,CANCEL,,,
5604,ORD005604,LIMIT,SELL,101.66,2
5605,ORD005598,CANCEL,,,
5606,ORD005606,MARKET,BUY,,28
5607,ORD005604,CANCEL,,,
5608,ORD005608,LIMIT,SELL,101.72,100
5609,ORD005595,CANCEL,,,
5610,ORD005608,CANCEL,,,
5611,ORD005611,LIMIT,BUY,99.92,25
5612,ORD005612,LIMIT,SELL,100.92,65
5613,ORD005613,LIMIT,BUY,99.33,21
5614,ORD005613,CANCEL,,,
5615,ORD005615,LIMIT,BUY,99.88,55
5616,ORD005615,CANCEL,,,
5617,ORD005611,CANCEL,,,
5618,ORD005612,CANCEL,,,
5619,ORD005619,LIMIT,SELL,100.99,6
5620,ORD005619,CANCEL,,,
5621,ORD005621,LIMIT,SELL,101.82,48
5622,ORD005621,CANCEL,,,
5623,ORD005623,LIMIT,BUY,100.28,79
5624,ORD005623,CANCEL,,,
5625,ORD005625,LIMIT,SELL,99.96,24
5626,ORD005625,CANCEL,,,
5627,ORD005627,LIMIT,BUY,99.62,38
5628,ORD005627,CANCEL,,,
5629,ORD005629,LIMIT,SELL,100.47,70
5630,ORD005629,CANCEL,,,
5631,ORD005631,LIMIT,BUY,98.82,13
5632,ORD005632,LIMIT,BUY,98.78,63
5633,ORD005633,LIMIT,BUY,99.82,28
5634,ORD005633,CANCEL,,,
5635,ORD005635,MARKET,BUY,,32
5636,ORD005631,CANCEL,,,
5637,ORD005637,LIMIT,BUY,99.95,31
5638,ORD005638,LIMIT,BUY,99.16,21
5639,ORD005637,CANCEL,,,
5640,ORD005632,CANCEL,,,
5641,ORD005638,CANCEL,,,
5642,ORD005642,LIMIT,SELL,99.93,75
5643,ORD005642,CANCEL,,,
5644,ORD005644,LIMIT,SELL,101.65,13
5645,ORD005644,CANCEL,,,
5646,ORD005646,LIMIT,BUY,98.14,7
5647,ORD005646,CANCEL,,,
5648,ORD005648,LIMIT,BUY,99.14,35
5649,ORD005648,CANCEL,,,
5650,ORD005650,LIMIT,SELL,100.24,68
5651,ORD005651,LIMIT,SELL,101.47,60
5652,ORD005651,CANCEL,,,
5653,ORD005653,LIMIT,SELL,100.22,78
5654,ORD005653,CANCEL,,,
5655,ORD005650,CANCEL,,,
5656,ORD005656,LIMIT,BUY,99.05,9
5657,ORD005656,CANCEL,,,
5658,ORD005658,LIMIT,BUY,98.09,61
5659,ORD005658,CANCEL,,,
5660,ORD005660,LIMIT,BUY,98.44,70
5661,ORD005660,CANCEL,,,
5662,ORD005662,LIMIT,SELL,101.21,41
5663,ORD005662,CANCEL,,,
5664,ORD005664,LIMIT,SELL,101.15,42
5665,ORD005665,LIMIT,SELL,101.46,7
5666,ORD005664,CANCEL,,,
5667,ORD005665,CANCEL,,,
5668,ORD005668,LIMIT,SELL,100.74,95
5669,ORD005668,CANCEL,,,
5670,ORD005670,LIMIT,SELL,99.66,40
5671,ORD005670,CANCEL,,,
5672,ORD005672,LIMIT,SELL,101.07,56
5673,ORD005672,CANCEL,,,
5674,ORD005674,LIMIT,BUY,98.28,69
5675,ORD005674,CANCEL,,,
5676,ORD005676,LIMIT,BUY,98.58,88
5677,ORD005677,LIMIT,BUY,98.21,77
5678,ORD005677,CANCEL,,,
5679,ORD005679,LIMIT,BUY,98.97,95
5680,ORD005680,LIMIT,SELL,101.85,86
5681,ORD005679,CANCEL,,,
5682,ORD005680,CANCEL,,,
5683,ORD005676,CANCEL,,,
5684,ORD005684,LIMIT,SELL,101.27,45
5685,ORD005685,LIMIT,BUY,99.85,76
5686,ORD005684,CANCEL,,,
5687,ORD005685,CANCEL,,,
5688,ORD005688,LIMIT,BUY,98.75,70
5689,ORD005688,CANCEL,,,
5690,ORD005690,MARKET,SELL,,43
5691,ORD005691,LIMIT,SELL,100.16,43
5692,ORD005692,LIMIT,SELL,100.02,64
5693,ORD005693,LIMIT,BUY,98.98,67
5694,ORD005691,CANCEL,,,
5695,ORD005695,LIMIT,BUY,99.26,97
5696,ORD005695,CANCEL,,,
5697,ORD005692,CANCEL,,,
5698,ORD005693,CANCEL,,,
5699,ORD005699,LIMIT,BUY,100.29,74
5700,ORD005699,CANCEL,,,
5701,ORD005701,LIMIT,BUY,99.11,74
5702,ORD005701,CANCEL,,,
5703,ORD005703,LIMIT,SELL,100.96,29
5704,ORD005704,LIMIT,SELL,101.57,41
5705,ORD005705,LIMIT,BUY,99.16,96
5706,ORD005705,CANCEL,,,
5707,ORD005703,CANCEL,,,
5708,ORD005704,CANCEL,,,
5709,ORD005709,LIMIT,BUY,98.6,75
5710,ORD005709,CANCEL,,,
5711,ORD005711,LIMIT,BUY,100.46,40
5712,ORD005711,CANCEL,,,
5713,ORD005713,LIMIT,BUY,98.11,8
5714,ORD005713,CANCEL,,,
5715,ORD005715,LIMIT,BUY,99.79,6
5716,ORD005715,CANCEL,,,
5717,ORD005717,LIMIT,SELL,100.65,52
5718,ORD005717,CANCEL,,,
5719,ORD005719,LIMIT,SELL,101.39,18
5720,ORD005720,LIMIT,BUY,98.87,93
5721,ORD005719,CANCEL,,,
5722,ORD005720,CANCEL,,,
5723,ORD005723,LIMIT,BUY,99.57,70
5724,ORD005723,CANCEL,,,
5725,ORD005725,LIMIT,SELL,100.12,84
5726,ORD005725,CANCEL,,,
5727,ORD005727,LIMIT,BUY,99.42,46
5728,ORD005727,CANCEL,,,
5729,ORD005729,LIMIT,SELL,101.89,79
5730,ORD005729,CANCEL,,,
5731,ORD005731,LIMIT,BUY,98.45,4
5732,ORD005732,LIMIT,SELL,101.13,53
5733,ORD005731,CANCEL,,,
5734,ORD005732,CANCEL,,,
5735,ORD005735,LIMIT,SELL,101.54,88
5736,ORD005735,CANCEL,,,
5737,ORD005737,LIMIT,SELL,100.31,27
5738,ORD005737,CANCEL,,,
5739,ORD005739,MARKET,SELL,,48
5740,ORD005740,LIMIT,BUY,99.4,1
5741,ORD005740,CANCEL,,,
5742,ORD005742,LIMIT,BUY,98.52,18
5743,ORD005743,LIMIT,BUY,98.65,35
5744,ORD005742,CANCEL,,,
5745,ORD005743,CANCEL,,,
5746,ORD005746,LIMIT,SELL,99.61,64
5747,ORD005746,CANCEL,,,
5748,ORD005748,LIMIT,BUY,99.91,36
5749,ORD005749,LIMIT,SELL,101.68,97
5750,ORD005750,LIMIT,BUY,98.59,99
5751,ORD005750,CANCEL,,,
5752,ORD005752,LIMIT,BUY,98.31,35
5753,ORD005753,LIMIT,BUY,99.06,71
5754,ORD005754,LIMIT,BUY,99.89,35
5755,ORD005755,LIMIT,BUY,100.37,76
5756,ORD005754,CANCEL,,,
5757,ORD005757,LIMIT,SELL,100.67,84
5758,ORD005758,LIMIT,BUY,98.54,37
5759,ORD005759,MARKET,SELL,,33
5760,ORD005757,CANCEL,,,
5761,ORD005748,CANCEL,,,
5762,ORD005749,CANCEL,,,
5763,ORD005763,LIMIT,SELL,101.56,54
5764,ORD005764,LIMIT,BUY,98.99,45
5765,ORD005753,CANCEL,,,
5766,ORD005766,LIMIT,SELL,101.62,30
5767,ORD005767,LIMIT,BUY,98.89,60
5768,ORD005758,CANCEL,,,
5769,ORD005769,MARKET,BUY,,91
5770,ORD005767,CANCEL,,,
5771,ORD005763,CANCEL,,,
5772,ORD005755,CANCEL,,,
5773,ORD005764,CANCEL,,,
5774,ORD005774,LIMIT,BUY,99.61,8
5775,ORD005774,CANCEL,,,
5776,ORD005752,CANCEL,,,
5777,ORD005777,LIMIT,BUY,98.69,60
5778,ORD005777,CANCEL,,,
5779,ORD005766,CANCEL,,,
5780,ORD005780,LIMIT,SELL,99.94,11
5781,ORD005781,LIMIT,SELL,99.96,2
5782,ORD005780,CANCEL,,,
5783,ORD005781,CANCEL,,,
5784,ORD005784,MARKET,BUY,,40
5785,ORD005785,LIMIT,SELL,100.45,7
5786,ORD005785,CANCEL,,,
5787,ORD005787,LIMIT,SELL,99.92,20
5788,ORD005788,LIMIT,BUY,99.95,31
5789,ORD005788,CANCEL,,,
5790,ORD005790,LIMIT,BUY,98.49,70
5791,ORD005787,CANCEL,,,
5792,ORD005790,CANCEL,,,
5793,ORD005793,LIMIT,BUY,99.24,18
5794,ORD005793,CANCEL,,,
5795,ORD005795,LIMIT,SELL,100.65,25
5796,ORD005796,LIMIT,BUY,98.43,12
5797,ORD005796,CANCEL,,,
5798,ORD005795,CANCEL,,,
5799,ORD005799,LIMIT,SELL,99.96,4
5800,ORD005800,LIMIT,SELL,101.81,100
5801,ORD005800,CANCEL,,,
5802,ORD005802,LIMIT,SELL,99.92,9
5803,ORD005799,CANCEL,,,
5804,ORD005802,CANCEL,,,
5805,ORD005805,LIMIT,BUY,98.36,29
5806,ORD005806,LIMIT,SELL,101.83,17
5807,ORD005805,CANCEL,,,
5808,ORD005806,CANCEL,,,
5809,ORD005809,LIMIT,SELL,101.78,35
5810,ORD005810,LIMIT,BUY,100.28,86
5811,ORD005811,LIMIT,SELL,101.56,61
5812,ORD005812,LIMIT,SELL,100.02,24
5813,ORD005811,CANCEL,,,
5814,ORD005809,CANCEL,,,
5815,ORD005810,CANCEL,,,
5816,ORD005816,LIMIT,BUY,99.51,39
5817,ORD005817,LIMIT,BUY,99.69,35
5818,ORD005818,LIMIT,SELL,100.38,49
5819,ORD005816,CANCEL,,,
5820,ORD005817,CANCEL,,,
5821,ORD005818,CANCEL,,,
5822,ORD005822,LIMIT,SELL,100.51,97
5823,ORD005823,LIMIT,SELL,100.89,66
5824,ORD005822,CANCEL,,,
5825,ORD005823,CANCEL,,,
5826,ORD005826,LIMIT,BUY,98.67,59
5827,ORD005826,CANCEL,,,
5828,ORD005828,LIMIT,BUY,98.27,5
5829,ORD005828,CANCEL,,,
5830,ORD005830,MARKET,SELL,,52
5831,ORD005831,LIMIT,BUY,100.4,81
5832,ORD005831,CANCEL,,,
5833,ORD005833,LIMIT,BUY,98.67,56
5834,ORD005833,CANCEL,,,
5835,ORD005835,LIMIT,BUY,100.41,53
5836,ORD005835,CANCEL,,,
5837,ORD005837,LIMIT,BUY,100.49,26
5838,ORD005838,LIMIT,SELL,101.36,2
5839,ORD005838,CANCEL,,,
5840,ORD005837,CANCEL,,,
5841,ORD005841,LIMIT,BUY,98.05,67
5842,ORD005841,CANCEL,,,
5843,ORD005843,LIMIT,SELL,100.98,79
5844,ORD005843,CANCEL,,,
5845,ORD005845,LIMIT,BUY,98.01,75
5846,ORD005846,LIMIT,BUY,99.88,81
5847,ORD005845,CANCEL,,,
5848,ORD005846,CANCEL,,,
5849,ORD005849,LIMIT,SELL,100.95,69
5850,ORD005850,LIMIT,SELL,101.04,50
5851,ORD005850,CANCEL,,,
5852,ORD005849,CANCEL,,,
5853,ORD005853,LIMIT,SELL,100.15,32
5854,ORD005853,CANCEL,,,
5855,ORD005855,LIMIT,SELL,100.12,16
5856,ORD005856,LIMIT,BUY,98.21,13
5857,ORD005855,CANCEL,,,
5858,ORD005856,CANCEL,,,
5859,ORD005859,LIMIT,SELL,101.4,40
5860,ORD005859,CANCEL,,,
5861,ORD005861,LIMIT,SELL,101.16,9
5862,ORD005861,CANCEL,,,
5863,ORD005863,LIMIT,SELL,99.57,42
5864,ORD005863,CANCEL,,,
5865,ORD005865,LIMIT,SELL,100.58,19
5866,ORD005866,LIMIT,BUY,98.34,83
5867,ORD005867,LIMIT,BUY,99.35,12
5868,ORD005865,CANCEL,,,
5869,ORD005869,LIMIT,BUY,99.49,99
5870,ORD005866,CANCEL,,,
5871,ORD005869,CANCEL,,,
5872,ORD005867,CANCEL,,,
5873,ORD005873,LIMIT,BUY,99.72,18
5874,ORD005873,CANCEL,,,
5875,ORD005875,LIMIT,BUY,98.4,29
5876,ORD005875,CANCEL,,,
5877,ORD005877,LIMIT,SELL,101.05,99
5878,ORD005877,CANCEL,,,
5879,ORD005879,LIMIT,SELL,99.79,54
5880,ORD005880,LIMIT,BUY,100.44,45
5881,ORD005879,CANCEL,,,
5882,ORD005882,LIMIT,SELL,99.58,60
5883,ORD005882,CANCEL,,,
5884,ORD005884,LIMIT,SELL,99.63,17
5885,ORD005884,CANCEL,,,
5886,ORD005886,LIMIT,BUY,100.2,23
5887,ORD005886,CANCEL,,,
5888,ORD005888,LIMIT,SELL,99.72,4
5889,ORD005888,CANCEL,,,
5890,ORD005890,MARKET,SELL,,95
5891,ORD005891,LIMIT,SELL,101.54,94
5892,ORD005892,LIMIT,SELL,101.31,40
5893,ORD005891,CANCEL,,,
5894,ORD005894,LIMIT,SELL,101.63,39
5895,ORD005892,CANCEL,,,
5896,ORD005894,CANCEL,,,
5897,ORD005897,LIMIT,BUY,99.8,81
5898,ORD005898,LIMIT,SELL,99.87,31
5899,ORD005898,CANCEL,,,
5900,ORD005897,CANCEL,,,
5901,ORD005901,LIMIT,BUY,99.89,96
5902,ORD005901,CANCEL,,,
5903,ORD005903,LIMIT,BUY,100.47,66
5904,ORD005903,CANCEL,,,
5905,ORD005905,LIMIT,SELL,101.83,52
5906,ORD005906,LIMIT,BUY,98.19,80
5907,ORD005907,LIMIT,SELL,100.6,35
5908,ORD005908,LIMIT,SELL,101.57,85
5909,ORD005905,CANCEL,,,
5910,ORD005907,CANCEL,,,
5911,ORD005908,CANCEL,,,
5912,ORD005912,LIMIT,BUY,98.76,73
5913,ORD005912,CANCEL,,,
5914,ORD005914,LIMIT,BUY,100.16,27
5915,ORD005914,CANCEL,,,
5916,ORD005916,LIMIT,SELL,101.87,20
5917,ORD005916,CANCEL,,,
5918,ORD005918,LIMIT,SELL,100.14,23
5919,ORD005918,CANCEL,,,
5920,ORD005906,CANCEL,,,
5921,ORD005921,LIMIT,BUY,98.25,91
5922,ORD005921,CANCEL,,,
5923,ORD005923,LIMIT,BUY,99.16,1
5924,ORD005924,LIMIT,SELL,100.06,87
5925,ORD005924,CANCEL,,,
5926,ORD005923,CANCEL,,,
5927,ORD005927,LIMIT,SELL,100.55,3
5928,ORD005928,LIMIT,SELL,101.44,45
5929,ORD005929,LIMIT,BUY,98.45,21
5930,ORD005930,LIMIT,SELL,101.14,36
5931,ORD005928,CANCEL,,,
5932,ORD005927,CANCEL,,,
5933,ORD005930,CANCEL,,,
5934,ORD005929,CANCEL,,,
5935,ORD005935,LIMIT,BUY,98.25,94
5936,ORD005935,CANCEL,,,
5937,ORD005937,LIMIT,BUY,98.16,90
5938,ORD005937,CANCEL,,,
5939,ORD005939,LIMIT,BUY,100.02,5
5940,ORD005940,LIMIT,BUY,100.34,15
5941,ORD005940,CANCEL,,,
5942,ORD005942,LIMIT,SELL,100.89,6
5943,ORD005943,LIMIT,BUY,99.89,20
5944,ORD005944,LIMIT,SELL,101.04,97
5945,ORD005945,LIMIT,SELL,101.12,82
5946,ORD005945,CANCEL,,,
5947,ORD005943,CANCEL,,,
5948,ORD005948,LIMIT,BUY,100.4,44
5949,ORD005942,CANCEL,,,
5950,ORD005950,LIMIT,BUY,98.42,68
5951,ORD005950,CANCEL,,,
5952,ORD005939,CANCEL,,,
5953,ORD005948,CANCEL,,,
5954,ORD005944,CANCEL,,,
5955,ORD005955,LIMIT,SELL,100.54,55
5956,ORD005955,CANCEL,,,
5957,ORD005957,LIMIT,SELL,99.89,26
5958,ORD005957,CANCEL,,,
5959,ORD005959,LIMIT,SELL,100.84,63
5960,ORD005959,CANCEL,,,
5961,ORD005961,LIMIT,SELL,99.77,1
5962,ORD005961,CANCEL,,,
5963,ORD005963,LIMIT,SELL,100.66,65
5964,ORD005963,CANCEL,,,
5965,ORD005965,LIMIT,SELL,101.42,28
5966,ORD005966,LIMIT,BUY,100.06,51
5967,ORD005966,CANCEL,,,
5968,ORD005965,CANCEL,,,
5969,ORD005969,LIMIT,SELL,101.17,3
5970,ORD005969,CANCEL,,,
5971,ORD005971,LIMIT,SELL,101.05,16
5972,ORD005971,CANCEL,,,
5973,ORD005973,LIMIT,BUY,98.14,15
5974,ORD005974,LIMIT,SELL,100.47,1
5975,ORD005973,CANCEL,,,
5976,ORD005974,CANCEL,,,
5977,ORD005977,LIMIT,SELL,99.89,28
5978,ORD005978,LIMIT,BUY,100.16,74
5979,ORD005978,CANCEL,,,
5980,ORD005977,CANCEL,,,
5981,ORD005981,LIMIT,SELL,101.35,77
5982,ORD005982,LIMIT,BUY,98.79,30
5983,ORD005981,CANCEL,,,
5984,ORD005982,CANCEL,,,
5985,ORD005985,LIMIT,SELL,101.29,50
5986,ORD005985,CANCEL,,,
5987,ORD005987,LIMIT,BUY,100.17,79
5988,ORD005988,LIMIT,BUY,98.23,1
5989,ORD005987,CANCEL,,,
5990,ORD005990,LIMIT,SELL,100.55,99
5991,ORD005991,LIMIT,SELL,101.52,55
5992,ORD005992,LIMIT,BUY,98.62,44
5993,ORD005988,CANCEL,,,
5994,ORD005990,CANCEL,,,
5995,ORD005995,LIMIT,SELL,99.75,30
5996,ORD005995,CANCEL,,,
5997,ORD005991,CANCEL,,,
5998,ORD005992,CANCEL,,,
5999,ORD005999,LIMIT,BUY,100.03,60
6000,ORD005999,CANCEL,,,
6001,ORD006001,LIMIT,SELL,100.59,95
6002,ORD006002,LIMIT,SELL,100.56,60
6003,ORD006001,CANCEL,,,
6004,ORD006002,CANCEL,,,
6005,ORD006005,LIMIT,SELL,101.57,60
6006,ORD006005,CANCEL,,,
6007,ORD006007,LIMIT,SELL,101.1,30
6008,ORD006007,CANCEL,,,
6009,ORD006009,LIMIT,SELL,101.95,68
6010,ORD006009,CANCEL,,,
6011,ORD006011,LIMIT,SELL,101.6,65
6012,ORD006012,LIMIT,SELL,100.46,21
6013,ORD006012,CANCEL,,,
6014,ORD006011,CANCEL,,,
6015,ORD006015,LIMIT,SELL,101.73,24
6016,ORD006015,CANCEL,,,
6017,ORD006017,LIMIT,SELL,100.13,2
6018,ORD006017,CANCEL,,,
6019,ORD006019,LIMIT,BUY,98.17,91
6020,ORD006019,CANCEL,,,
6021,ORD006021,LIMIT,SELL,101.23,46
6022,ORD006021,CANCEL,,,
6023,ORD006023,LIMIT,SELL,101.59,78
6024,ORD006023,CANCEL,,,
6025,ORD006025,LIMIT,SELL,100.08,8
6026,ORD006025,CANCEL,,,
6027,ORD006027,MARKET,SELL,,4
6028,ORD006028,LIMIT,BUY,99.44,96
6029,ORD006028,CANCEL,,,
6030,ORD006030,LIMIT,SELL,100.14,2
6031,ORD006030,CANCEL,,,
6032,ORD006032,LIMIT,BUY,99.25,60
6033,ORD006032,CANCEL,,,
6034,ORD006034,LIMIT,BUY,98.19,91
6035,ORD006035,LIMIT,BUY,99.32,19
6036,ORD006036,LIMIT,SELL,100.51,17
6037,ORD006034,CANCEL,,,
6038,ORD006035,CANCEL,,,
6039,ORD006036,CANCEL,,,
6040,ORD006040,LIMIT,BUY,100.09,48
6041,ORD006040,CANCEL,,,
6042,ORD006042,LIMIT,BUY,98.27,22
6043,ORD006042,CANCEL,,,
6044,ORD006044,LIMIT,SELL,100.17,71
6045,ORD006044,CANCEL,,,
6046,ORD006046,LIMIT,BUY,100.09,75
6047,ORD006046,CANCEL,,,
6048,ORD006048,LIMIT,BUY,100.49,73
6049,ORD006049,LIMIT,BUY,100.45,35
6050,ORD006049,CANCEL,,,
6051,ORD006048,CANCEL,,,
6052,ORD006052,LIMIT,BUY,99.13,98
6053,ORD006052,CANCEL,,,
6054,ORD006054,LIMIT,BUY,98.49,100
6055,ORD006054,CANCEL,,,
6056,ORD006056,LIMIT,BUY,98.5,24
6057,ORD006056,CANCEL,,,
6058,ORD006058,LIMIT,SELL,100.06,15
6059,ORD006059,LIMIT,SELL,100.2,57
6060,ORD006058,CANCEL,,,
6061,ORD006061,LIMIT,BUY,100.39,5
6062,ORD006062,LIMIT,SELL,99.89,45
6063,ORD006062,CANCEL,,,
6064,ORD006059,CANCEL,,,
6065,ORD006065,LIMIT,BUY,99.75,98
6066,ORD006065,CANCEL,,,
6067,ORD006067,LIMIT,BUY,98.56,84
6068,ORD006067,CANCEL,,,
6069,ORD006069,LIMIT,SELL,100.63,83
6070,ORD006069,CANCEL,,,
6071,ORD006071,LIMIT,BUY,98.76,27
6072,ORD006071,CANCEL,,,
6073,ORD006073,MARKET,SELL,,93
6074,ORD006074,LIMIT,SELL,99.51,96
6075,ORD006074,CANCEL,,,
6076,ORD006076,LIMIT,BUY,99.36,86
6077,ORD006077,LIMIT,BUY,100.11,22
6078,ORD006076,CANCEL,,,
6079,ORD006077,CANCEL,,,
6080,ORD006080,LIMIT,SELL,100.1,5
6081,ORD006080,CANCEL,,,
6082,ORD006082,LIMIT,BUY,98.87,25
6083,ORD006082,CANCEL,,,
6084,ORD006084,LIMIT,BUY,98.17,20
6085,ORD006085,LIMIT,SELL,101.93,15
6086,ORD006084,CANCEL,,,
6087,ORD006087,LIMIT,SELL,101.29,5
6088,ORD006087,CANCEL,,,
6089,ORD006085,CANCEL,,,
6090,ORD006090,LIMIT,BUY,99.89,32
6091,ORD006090,CANCEL,,,
6092,ORD006092,LIMIT,BUY,98.41,55
6093,ORD006092,CANCEL,,,
6094,ORD006094,LIMIT,BUY,100.08,35
6095,ORD006095,LIMIT,BUY,99.45,57
6096,ORD006096,LIMIT,SELL,101.69,77
6097,ORD006094,CANCEL,,,
6098,ORD006095,CANCEL,,,
6099,ORD006099,LIMIT,SELL,100.7,40
6100,ORD006099,CANCEL,,,
6101,ORD006096,CANCEL,,,
6102,ORD006102,LIMIT,SELL,100.92,58
6103,ORD006102,CANCEL,,,
6104,ORD006104,LIMIT,BUY,98.19,30
6105,ORD006104,CANCEL,,,
6106,ORD006106,LIMIT,SELL,100.56,36
6107,ORD006106,CANCEL,,,
6108,ORD006108,LIMIT,SELL,99.76,19
6109,ORD006109,LIMIT,SELL,101.52,30
6110,ORD006108,CANCEL,,,
6111,ORD006109,CANCEL,,,
6112,ORD006112,LIMIT,BUY,98.48,91
6113,ORD006112,CANCEL,,,
6114,ORD006114,LIMIT,SELL,100.29,35
6115,ORD006114,CANCEL,,,
6116,ORD006116,LIMIT,BUY,99.67,7
6117,ORD006116,CANCEL,,,
6118,ORD006118,LIMIT,SELL,100.15,78
6119,ORD006119,LIMIT,SELL,100.13,17
6120,ORD006118,CANCEL,,,
6121,ORD006119,CANCEL,,,
6122,ORD006122,LIMIT,SELL,101.19,90
6123,ORD006123,LIMIT,BUY,99.84,1
6124,ORD006123,CANCEL,,,
6125,ORD006122,CANCEL,,,
6126,ORD006126,LIMIT,SELL,100.0,27
6127,ORD006127,LIMIT,BUY,100.47,56
6128,ORD006127,CANCEL,,,
6129,ORD006129,LIMIT,BUY,99.17,70
6130,ORD006129,CANCEL,,,
6131,ORD006126,CANCEL,,,
6132,ORD006132,LIMIT,SELL,100.83,95
6133,ORD006132,CANCEL,,,
6134,ORD006134,LIMIT,SELL,101.47,3
6135,ORD006135,LIMIT,SELL,99.81,75
6136,ORD006136,LIMIT,SELL,100.04,100
6137,ORD006135,CANCEL,,,
6138,ORD006138,LIMIT,BUY,98.98,72
6139,ORD006134,CANCEL,,,
6140,ORD006140,LIMIT,BUY,99.33,46
6141,ORD006141,LIMIT,SELL,101.71,39
6142,ORD006141,CANCEL,,,
6143,ORD006138,CANCEL,,,
6144,ORD006144,LIMIT,BUY,100.36,21
6145,ORD006140,CANCEL,,,
6146,ORD006136,CANCEL,,,
6147,ORD006147,LIMIT,BUY,99.64,51
6148,ORD006147,CANCEL,,,
6149,ORD006149,LIMIT,SELL,100.16,44
6150,ORD006150,LIMIT,BUY,98.9,25
6151,ORD006150,CANCEL,,,
6152,ORD006152,MARKET,BUY,,30
6153,ORD006149,CANCEL,,,
6154,ORD006154,LIMIT,BUY,98.61,98
6155,ORD006154,CANCEL,,,
6156,ORD006156,LIMIT,SELL,99.73,76
6157,ORD006156,CANCEL,,,
6158,ORD006158,LIMIT,SELL,101.83,19
6159,ORD006158,CANCEL,,,
6160,ORD006160,LIMIT,SELL,101.81,96
6161,ORD006160,CANCEL,,,
6162,ORD006162,LIMIT,SELL,100.48,28
6163,ORD006163,MARKET,SELL,,74
6164,ORD006162,CANCEL,,,
6165,ORD006165,LIMIT,SELL,100.61,55
6166,ORD006165,CANCEL,,,
6167,ORD006167,LIMIT,BUY,100.22,53
6168,ORD006167,CANCEL,,,
6169,ORD006169,LIMIT,BUY,98.75,26
6170,ORD006170,LIMIT,SELL,101.75,37
6171,ORD006169,CANCEL,,,
6172,ORD006170,CANCEL,,,
6173,ORD006173,LIMIT,SELL,100.69,54
6174,ORD006174,LIMIT,BUY,99.73,33
6175,ORD006173,CANCEL,,,
6176,ORD006174,CANCEL,,,
6177,ORD006177,LIMIT,SELL,100.68,44
6178,ORD006177,CANCEL,,,
6179,ORD006179,LIMIT,BUY,99.24,79
6180,ORD006179,CANCEL,,,
6181,ORD006181,MARKET,BUY,,22
6182,ORD006182,LIMIT,BUY,98.67,35
6183,ORD006182,CANCEL,,,
6184,ORD006184,LIMIT,SELL,101.45,26
6185,ORD006184,CANCEL,,,
6186,ORD006186,LIMIT,SELL,101.99,22
6187,ORD006186,CANCEL,,,
6188,ORD006188,LIMIT,SELL,100.45,98
6189,ORD006188,CANCEL,,,
6190,ORD006190,LIMIT,SELL,100.79,94
6191,ORD006191,LIMIT,BUY,100.45,1
6192,ORD006190,CANCEL,,,
6193,ORD006191,CANCEL,,,
6194,ORD006194,LIMIT,SELL,101.86,23
6195,ORD006194,CANCEL,,,
6196,ORD006196,LIMIT,BUY,98.08,100
6197,ORD006196,CANCEL,,,
6198,ORD006198,MARKET,SELL,,63
6199,ORD006199,LIMIT,SELL,100.23,59
6200,ORD006199,CANCEL,,,
6201,ORD006201,LIMIT,SELL,101.32,11
6202,ORD006201,CANCEL,,,
6203,ORD006203,LIMIT,SELL,100.14,54
6204,ORD006204,LIMIT,BUY,98.97,30
6205,ORD006203,CANCEL,,,
6206,ORD006204,CANCEL,,,
6207,ORD006207,LIMIT,BUY,100.04,96
6208,ORD006207,CANCEL,,,
6209,ORD006209,LIMIT,BUY,100.31,22
6210,ORD006209,CANCEL,,,
6211,ORD006211,LIMIT,SELL,101.24,84
6212,ORD006212,MARKET,SELL,,31
6213,ORD006211,CANCEL,,,
6214,ORD006214,LIMIT,BUY,98.62,35
6215,ORD006215,LIMIT,BUY,98.99,83
6216,ORD006214,CANCEL,,,
6217,ORD006215,CANCEL,,,
6218,ORD006218,LIMIT,BUY,98.34,95
6219,ORD006218,CANCEL,,,
6220,ORD006220,LIMIT,SELL,101.11,100
6221,ORD006220,CANCEL,,,
6222,ORD006222,LIMIT,SELL,100.77,43
6223,ORD006222,CANCEL,,,
6224,ORD006224,LIMIT,BUY,99.88,74
6225,ORD006224,CANCEL,,,
6226,ORD006226,LIMIT,BUY,99.73,65
6227,ORD006227,MARKET,SELL,,41
6228,ORD006228,LIMIT,SELL,101.61,82
6229,ORD006226,CANCEL,,,
6230,ORD006228,CANCEL,,,
6231,ORD006231,LIMIT,BUY,100.14,55
6232,ORD006232,LIMIT,BUY,99.0,93
6233,ORD006232,CANCEL,,,
6234,ORD006231,CANCEL,,,
6235,ORD006235,LIMIT,BUY,98.41,87
6236,ORD006236,LIMIT,BUY,100.36,75
6237,ORD006235,CANCEL,,,
6238,ORD006236,CANCEL,,,
6239,ORD006239,LIMIT,BUY,98.81,99
6240,ORD006239,CANCEL,,,
6241,ORD006241,LIMIT,SELL,101.81,69
6242,ORD006241,CANCEL,,,
6243,ORD006243,LIMIT,BUY,98.73,4
6244,ORD006243,CANCEL,,,
6245,ORD006245,LIMIT,BUY,98.59,42
6246,ORD006245,CANCEL,,,
6247,ORD006247,LIMIT,SELL,101.03,54
6248,ORD006247,CANCEL,,,
6249,ORD006249,LIMIT,BUY,100.05,57
6250,ORD006249,CANCEL,,,
6251,ORD006251,LIMIT,BUY,98.68,72
6252,ORD006252,LIMIT,SELL,100.11,7
6253,ORD006251,CANCEL,,,
6254,ORD006252,CANCEL,,,
6255,ORD006255,LIMIT,BUY,98.94,83
6256,ORD006255,CANCEL,,,
6257,ORD006257,LIMIT,SELL,100.82,97
6258,ORD006258,LIMIT,BUY,99.63,33
6259,ORD006259,LIMIT,BUY,99.64,12
6260,ORD006257,CANCEL,,,
6261,ORD006261,LIMIT,BUY,98.14,77
6262,ORD006262,LIMIT,SELL,99.61,7
6263,ORD006261,CANCEL,,,
6264,ORD006258,CANCEL,,,
6265,ORD006259,CANCEL,,,
6266,ORD006266,LIMIT,SELL,99.91,54
6267,ORD006266,CANCEL,,,
6268,ORD006268,LIMIT,SELL,99.58,3
6269,ORD006268,CANCEL,,,
6270,ORD006270,LIMIT,BUY,99.17,36
6271,ORD006270,CANCEL,,,
6272,ORD006272,LIMIT,SELL,101.21,93
6273,ORD006272,CANCEL,,,
6274,ORD006274,LIMIT,BUY,99.02,17
6275,ORD006274,CANCEL,,,
6276,ORD006276,LIMIT,BUY,98.3,8
6277,ORD006276,CANCEL,,,
6278,ORD006278,LIMIT,SELL,101.75,34
6279,ORD006278,CANCEL,,,
6280,ORD006280,LIMIT,SELL,99.96,33
6281,ORD006280,CANCEL,,,
6282,ORD006282,LIMIT,BUY,99.84,38
6283,ORD006283,LIMIT,BUY,99.64,48
6284,ORD006282,CANCEL,,,
6285,ORD006283,CANCEL,,,
6286,ORD006286,LIMIT,SELL,99.52,71
6287,ORD006287,LIMIT,SELL,101.54,91
6288,ORD006287,CANCEL,,,
6289,ORD006286,CANCEL,,,
6290,ORD006290,LIMIT,SELL,100.3,98
6291,ORD006291,MARKET,SELL,,46
6292,ORD006290,CANCEL,,,
6293,ORD006293,LIMIT,BUY,100.04,48
6294,ORD006294,LIMIT,SELL,101.93,52
6295,ORD006295,LIMIT,SELL,101.75,70
6296,ORD006294,CANCEL,,,
6297,ORD006297,LIMIT,SELL,100.12,48
6298,ORD006297,CANCEL,,,
6299,ORD006293,CANCEL,,,
6300,ORD006300,LIMIT,BUY,98.1,52
6301,ORD006301,LIMIT,SELL,99.68,48
6302,ORD006301,CANCEL,,,
6303,ORD006303,LIMIT,BUY,98.13,33
6304,ORD006303,CANCEL,,,
6305,ORD006295,CANCEL,,,
6306,ORD006306,MARKET,BUY,,54
6307,ORD006300,CANCEL,,,
6308,ORD006308,LIMIT,SELL,101.73,49
6309,ORD006308,CANCEL,,,
6310,ORD006310,LIMIT,BUY,99.88,95
6311,ORD006310,CANCEL,,,
6312,ORD006312,LIMIT,SELL,100.63,24
6313,ORD006312,CANCEL,,,
6314,ORD006314,LIMIT,BUY,99.31,7
6315,ORD006314,CANCEL,,,
6316,ORD006316,LIMIT,BUY,98.5,68
6317,ORD006317,LIMIT,BUY,98.32,2
6318,ORD006316,CANCEL,,,
6319,ORD006317,CANCEL,,,
6320,ORD006320,LIMIT,SELL,99.87,79
6321,ORD006321,LIMIT,BUY,98.76,84
6322,ORD006320,CANCEL,,,
6323,ORD006323,LIMIT,BUY,98.3,27
6324,ORD006323,CANCEL,,,
6325,ORD006321,CANCEL,,,
6326,ORD006326,LIMIT,SELL,101.58,50
6327,ORD006326,CANCEL,,,
6328,ORD006328,LIMIT,BUY,100.42,84
6329,ORD006328,CANCEL,,,
6330,ORD006330,MARKET,BUY,,63
6331,ORD006331,LIMIT,SELL,101.5,80
6332,ORD006332,LIMIT,SELL,101.84,100
6333,ORD006331,CANCEL,,,
6334,ORD006332,CANCEL,,,
6335,ORD006335,LIMIT,BUY,98.21,85
6336,ORD006335,CANCEL,,,
6337,ORD006337,LIMIT,SELL,101.84,56
6338,ORD006337,CANCEL,,,
6339,ORD006339,LIMIT,SELL,99.52,32
6340,ORD006340,LIMIT,SELL,99.8,21
6341,ORD006339,CANCEL,,,
6342,ORD006340,CANCEL,,,
6343,ORD006343,LIMIT,SELL,99.74,7
6344,ORD006343,CANCEL,,,
6345,ORD006345,LIMIT,BUY,100.48,45
6346,ORD006345,CANCEL,,,
6347,ORD006347,LIMIT,BUY,98.37,43
6348,ORD006348,LIMIT,BUY,99.29,25
6349,ORD006347,CANCEL,,,
6350,ORD006348,CANCEL,,,
6351,ORD006351,LIMIT,SELL,100.62,71
6352,ORD006351,CANCEL,,,
6353,ORD006353,LIMIT,BUY,100.4,54
6354,ORD006354,LIMIT,BUY,98.16,1
6355,ORD006354,CANCEL,,,
6356,ORD006353,CANCEL,,,
6357,ORD006357,LIMIT,BUY,99.57,89
6358,ORD006357,CANCEL,,,
6359,ORD006359,LIMIT,BUY,98.42,69
6360,ORD006359,CANCEL,,,
6361,ORD006361,LIMIT,SELL,100.14,78
6362,ORD006362,LIMIT,SELL,100.36,70
6363,ORD006363,LIMIT,BUY,100.09,34
6364,ORD006363,CANCEL,,,
6365,ORD006362,CANCEL,,,
6366,ORD006361,CANCEL,,,
6367,ORD006367,LIMIT,BUY,100.05,1
6368,ORD006367,CANCEL,,,
6369,ORD006369,LIMIT,BUY,98.8,40
6370,ORD006369,CANCEL,,,
6371,ORD006371,LIMIT,BUY,99.97,70
6372,ORD006371,CANCEL,,,
6373,ORD006373,LIMIT,BUY,99.47,51
6374,ORD006374,LIMIT,BUY,98.93,70
6375,ORD006374,CANCEL,,,
6376,ORD006373,CANCEL,,,
6377,ORD006377,LIMIT,BUY,98.8,78
6378,ORD006377,CANCEL,,,
6379,ORD006379,LIMIT,SELL,100.59,77
6380,ORD006379,CANCEL,,,
6381,ORD006381,LIMIT,SELL,99.83,8
6382,ORD006382,LIMIT,SELL,101.63,65
6383,ORD006383,LIMIT,BUY,100.1,63
6384,ORD006383,CANCEL,,,
6385,ORD006385,LIMIT,SELL,99.61,22
6386,ORD006385,CANCEL,,,
6387,ORD006387,LIMIT,BUY,99.81,89
6388,ORD006382,CANCEL,,,
6389,ORD006389,LIMIT,BUY,99.7,19
6390,ORD006390,LIMIT,SELL,100.34,36
6391,ORD006381,CANCEL,,,
6392,ORD006389,CANCEL,,,
6393,ORD006387,CANCEL,,,
6394,ORD006390,CANCEL,,,
6395,ORD006395,LIMIT,SELL,101.18,21
6396,ORD006395,CANCEL,,,
6397,ORD006397,LIMIT,SELL,100.69,35
6398,ORD006397,CANCEL,,,
6399,ORD006399,LIMIT,BUY,99.7,87
6400,ORD006400,LIMIT,BUY,99.88,38
6401,ORD006399,CANCEL,,,
6402,ORD006402,LIMIT,SELL,100.94,54
6403,ORD006403,LIMIT,SELL,101.99,17
6404,ORD006404,LIMIT,BUY,99.76,74
6405,ORD006400,CANCEL,,,
6406,ORD006402,CANCEL,,,
6407,ORD006404,CANCEL,,,
6408,ORD006403,CANCEL,,,
6409,ORD006409,LIMIT,SELL,100.89,58
6410,ORD006409,CANCEL,,,
6411,ORD006411,LIMIT,BUY,100.03,51
6412,ORD006411,CANCEL,,,
6413,ORD006413,LIMIT,SELL,100.43,17
6414,ORD006414,LIMIT,BUY,99.07,2
6415,ORD006413,CANCEL,,,
6416,ORD006414,CANCEL,,,
6417,ORD006417,LIMIT,BUY,98.15,95
6418,ORD006417,CANCEL,,,
6419,ORD006419,MARKET,BUY,,34
6420,ORD006420,LIMIT,BUY,99.15,48
6421,ORD006420,CANCEL,,,
6422,ORD006422,LIMIT,BUY,100.06,51
6423,ORD006422,CANCEL,,,
6424,ORD006424,LIMIT,SELL,101.54,64
6425,ORD006425,LIMIT,SELL,100.18,81
6426,ORD006424,CANCEL,,,
6427,ORD006425,CANCEL,,,
6428,ORD006428,LIMIT,SELL,101.81,29
6429,ORD006428,CANCEL,,,
6430,ORD006430,LIMIT,BUY,99.49,45
6431,ORD006430,CANCEL,,,
6432,ORD006432,LIMIT,SELL,100.5,52
6433,ORD006432,CANCEL,,,
6434,ORD006434,LIMIT,SELL,100.73,64
6435,ORD006434,CANCEL,,,
6436,ORD006436,LIMIT,BUY,99.02,54
6437,ORD006437,LIMIT,SELL,99.58,2
6438,ORD006436,CANCEL,,,
6439,ORD006439,MARKET,SELL,,26
6440,ORD006437,CANCEL,,,
6441,ORD006441,MARKET,SELL,,48
6442,ORD006442,LIMIT,BUY,98.58,93
6443,ORD006442,CANCEL,,,
6444,ORD006444,LIMIT,BUY,98.13,68
6445,ORD006444,CANCEL,,,
6446,ORD006446,LIMIT,BUY,98.19,32
6447,ORD006446,CANCEL,,,
6448,ORD006448,LIMIT,SELL,100.44,34
6449,ORD006449,LIMIT,SELL,101.2,41
6450,ORD006449,CANCEL,,,
6451,ORD006448,CANCEL,,,
6452,ORD006452,LIMIT,BUY,99.84,98
6453,ORD006452,CANCEL,,,
6454,ORD006454,LIMIT,SELL,100.51,28
6455,ORD006454,CANCEL,,,
6456,ORD006456,LIMIT,BUY,98.81,78
6457,ORD006456,CANCEL,,,
6458,ORD006458,LIMIT,BUY,99.17,99
6459,ORD006458,CANCEL,,,
6460,ORD006460,LIMIT,SELL,101.5,12
6461,ORD006460,CANCEL,,,
6462,ORD006462,LIMIT,BUY,98.41,78
6463,ORD006462,CANCEL,,,
6464,ORD006464,LIMIT,BUY,98.36,91
6465,ORD006464,CANCEL,,,
6466,ORD006466,LIMIT,BUY,100.5,52
6467,ORD006466,CANCEL,,,
6468,ORD006468,LIMIT,BUY,99.91,51
6469,ORD006469,LIMIT,SELL,101.65,84
6470,ORD006468,CANCEL,,,
6471,ORD006469,CANCEL,,,
6472,ORD006472,LIMIT,BUY,99.34,44
6473,ORD006472,CANCEL,,,
6474,ORD006474,MARKET,BUY,,13
6475,ORD006475,LIMIT,BUY,99.54,30
6476,ORD006476,LIMIT,BUY,98.73,28
6477,ORD006477,LIMIT,SELL,101.01,68
6478,ORD006477,CANCEL,,,
6479,ORD006476,CANCEL,,,
6480,ORD006475,CANCEL,,,
6481,ORD006481,LIMIT,SELL,101.23,17
6482,ORD006482,LIMIT,BUY,99.11,56
6483,ORD006481,CANCEL,,,
6484,ORD006482,CANCEL,,,
6485,ORD006485,LIMIT,BUY,98.98,37
6486,ORD006486,LIMIT,BUY,98.46,98
6487,ORD006485,CANCEL,,,
6488,ORD006488,LIMIT,SELL,100.67,27
6489,ORD006489,LIMIT,SELL,100.77,5
6490,ORD006490,LIMIT,SELL,101.33,4
6491,ORD006491,MARKET,SELL,,72
6492,ORD006488,CANCEL,,,
6493,ORD006486,CANCEL,,,
6494,ORD006490,CANCEL,,,
6495,ORD006489,CANCEL,,,
6496,ORD006496,LIMIT,SELL,101.56,82
6497,ORD006496,CANCEL,,,
6498,ORD006498,LIMIT,BUY,98.68,87
6499,ORD006498,CANCEL,,,
6500,ORD006500,LIMIT,SELL,100.57,54
6501,ORD006500,CANCEL,,,
6502,ORD006502,LIMIT,SELL,99.53,6
6503,ORD006502,CANCEL,,,
6504,ORD006504,LIMIT,SELL,101.48,52
6505,ORD006505,LIMIT,SELL,101.32,37
6506,ORD006505,CANCEL,,,
6507,ORD006504,CANCEL,,,
6508,ORD006508,LIMIT,BUY,100.31,76
6509,ORD006508,CANCEL,,,
6510,ORD006510,LIMIT,SELL,101.0,10
6511,ORD006510,CANCEL,,,
6512,ORD006512,LIMIT,SELL,99.54,37
6513,ORD006512,CANCEL,,,
6514,ORD006514,LIMIT,SELL,100.59,28
6515,ORD006514,CANCEL,,,
6516,ORD006516,LIMIT,SELL,99.75,13
6517,ORD006516,CANCEL,,,
6518,ORD006518,LIMIT,BUY,98.72,44
6519,ORD006518,CANCEL,,,
6520,ORD006520,LIMIT,BUY,99.13,95
6521,ORD006520,CANCEL,,,
6522,ORD006522,LIMIT,BUY,100.43,91
6523,ORD006523,LIMIT,SELL,101.57,82
6524,ORD006523,CANCEL,,,
6525,ORD006525,LIMIT,SELL,100.78,65
6526,ORD006522,CANCEL,,,
6527,ORD006525,CANCEL,,,
6528,ORD006528,LIMIT,SELL,100.81,50
6529,ORD006528,CANCEL,,,
6530,ORD006530,LIMIT,SELL,100.43,40
6531,ORD006530,CANCEL,,,
6532,ORD006532,LIMIT,SELL,101.22,80
6533,ORD006532,CANCEL,,,
6534,ORD006534,LIMIT,BUY,100.14,57
6535,ORD006534,CANCEL,,,
6536,ORD006536,LIMIT,BUY,98.15,19
6537,ORD006536,CANCEL,,,
6538,ORD006538,LIMIT,BUY,98.81,41
6539,ORD006539,LIMIT,SELL,100.33,86
6540,ORD006540,LIMIT,SELL,101.38,46
6541,ORD006541,LIMIT,SELL,101.92,33
6542,ORD006540,CANCEL,,,
6543,ORD006538,CANCEL,,,
6544,ORD006541,CANCEL,,,
6545,ORD006539,CANCEL,,,
6546,ORD006546,LIMIT,BUY,98.14,10
6547,ORD006546,CANCEL,,,
6548,ORD006548,LIMIT,BUY,100.23,39
6549,ORD006548,CANCEL,,,
6550,ORD006550,LIMIT,BUY,100.12,26
6551,ORD006550,CANCEL,,,
6552,ORD006552,MARKET,SELL,,100
6553,ORD006553,LIMIT,SELL,101.67,94
6554,ORD006553,CANCEL,,,
6555,ORD006555,LIMIT,SELL,101.7,39
6556,ORD006556,LIMIT,SELL,100.03,83
6557,ORD006555,CANCEL,,,
6558,ORD006556,CANCEL,,,
6559,ORD006559,MARKET,BUY,,78
6560,ORD006560,LIMIT,SELL,100.03,86
6561,ORD006560,CANCEL,,,
6562,ORD006562,LIMIT,SELL,101.67,74
6563,ORD006563,LIMIT,BUY,98.84,20
6564,ORD006562,CANCEL,,,
6565,ORD006563,CANCEL,,,
6566,ORD006566,LIMIT,BUY,100.29,60
6567,ORD006566,CANCEL,,,
6568,ORD006568,LIMIT,SELL,100.77,2
6569,ORD006568,CANCEL,,,
6570,ORD006570,LIMIT,BUY,99.69,44
6571,ORD006570,CANCEL,,,
6572,ORD006572,MARKET,SELL,,92
6573,ORD006573,LIMIT,SELL,101.68,6
6574,ORD006574,LIMIT,BUY,99.33,98
6575,ORD006574,CANCEL,,,
6576,ORD006573,CANCEL,,,
6577,ORD006577,LIMIT,SELL,100.07,73
6578,ORD006578,LIMIT,SELL,100.83,59
6579,ORD006578,CANCEL,,,
6580,ORD006580,LIMIT,BUY,98.17,55
6581,ORD006581,LIMIT,BUY,99.25,97
6582,ORD006582,LIMIT,SELL,100.8,51
6583,ORD006581,CANCEL,,,
6584,ORD006580,CANCEL,,,
6585,ORD006577,CANCEL,,,
6586,ORD006582,CANCEL,,,
6587,ORD006587,LIMIT,SELL,100.44,80
6588,ORD006588,LIMIT,BUY,100.1,38
6589,ORD006589,LIMIT,BUY,100.46,25
6590,ORD006588,CANCEL,,,
6591,ORD006587,CANCEL,,,
6592,ORD006592,LIMIT,BUY,100.45,68
6593,ORD006593,LIMIT,BUY,99.25,38
6594,ORD006594,LIMIT,SELL,101.55,73
6595,ORD006594,CANCEL,,,
6596,ORD006592,CANCEL,,,
6597,ORD006597,LIMIT,BUY,99.15,19
6598,ORD006597,CANCEL,,,
6599,ORD006593,CANCEL,,,
6600,ORD006600,LIMIT,BUY,99.7,74
6601,ORD006600,CANCEL,,,
6602,ORD006602,LIMIT,SELL,101.29,81
6603,ORD006602,CANCEL,,,
6604,ORD006604,LIMIT,SELL,101.96,75
6605,ORD006604,CANCEL,,,
6606,ORD006606,LIMIT,SELL,100.28,26
6607,ORD006606,CANCEL,,,
6608,ORD006608,LIMIT,BUY,99.87,60
6609,ORD006608,CANCEL,,,
6610,ORD006610,LIMIT,SELL,99.65,75
6611,ORD006610,CANCEL,,,
6612,ORD006612,LIMIT,BUY,99.38,57
6613,ORD006612,CANCEL,,,
6614,ORD006614,LIMIT,BUY,99.0,20
6615,ORD006614,CANCEL,,,
6616,ORD006616,LIMIT,BUY,99.58,86
6617,ORD006616,CANCEL,,,
6618,ORD006618,LIMIT,BUY,99.42,70
6619,ORD006618,CANCEL,,,
6620,ORD006620,LIMIT,BUY,98.33,4
6621,ORD006620,CANCEL,,,
6622,ORD006622,LIMIT,SELL,101.4,77
6623,ORD006622,CANCEL,,,
6624,ORD006624,LIMIT,BUY,99.95,76
6625,ORD006624,CANCEL,,,
6626,ORD006626,LIMIT,BUY,100.26,66
6627,ORD006626,CANCEL,,,
6628,ORD006628,LIMIT,SELL,100.11,41
6629,ORD006628,CANCEL,,,
6630,ORD006630,LIMIT,SELL,101.46,29
6631,ORD006631,LIMIT,BUY,99.73,2
6632,ORD006632,LIMIT,SELL,99.75,22
6633,ORD006633,LIMIT,BUY,98.82,81
6634,ORD006632,CANCEL,,,
6635,ORD006630,CANCEL,,,
6636,ORD006631,CANCEL,,,
6637,ORD006633,CANCEL,,,
6638,ORD006638,LIMIT,SELL,100.28,66
6639,ORD006638,CANCEL,,,
6640,ORD006640,LIMIT,SELL,101.72,7
6641,ORD006640,CANCEL,,,
6642,ORD006642,LIMIT,BUY,99.98,7
6643,ORD006642,CANCEL,,,
6644,ORD006644,LIMIT,SELL,101.44,78
6645,ORD006644,CANCEL,,,
6646,ORD006646,LIMIT,SELL,100.63,58
6647,ORD006646,CANCEL,,,
6648,ORD006648,LIMIT,SELL,101.07,46
6649,ORD006648,CANCEL,,,
6650,ORD006650,LIMIT,SELL,100.23,98
6651,ORD006651,LIMIT,SELL,100.57,39
6652,ORD006652,LIMIT,BUY,100.34,79
6653,ORD006650,CANCEL,,,
6654,ORD006654,LIMIT,BUY,98.89,64
6655,ORD006651,CANCEL,,,
6656,ORD006654,CANCEL,,,
6657,ORD006657,LIMIT,BUY,98.98,72
6658,ORD006658,LIMIT,BUY,98.34,12
6659,ORD006658,CANCEL,,,
6660,ORD006660,LIMIT,SELL,101.99,30
6661,ORD006660,CANCEL,,,
6662,ORD006657,CANCEL,,,
6663,ORD006663,LIMIT,SELL,100.14,32
6664,ORD006663,CANCEL,,,
6665,ORD006665,LIMIT,SELL,100.25,50
6666,ORD006666,LIMIT,SELL,101.32,45
6667,ORD006667,LIMIT,SELL,101.13,81
6668,ORD006667,CANCEL,,,
6669,ORD006669,LIMIT,BUY,99.1,44
6670,ORD006665,CANCEL,,,
6671,ORD006671,LIMIT,BUY,98.24,73
6672,ORD006671,CANCEL,,,
6673,ORD006673,LIMIT,SELL,99.75,98
6674,ORD006669,CANCEL,,,
6675,ORD006673,CANCEL,,,
6676,ORD006666,CANCEL,,,
6677,ORD006677,LIMIT,SELL,100.01,63
6678,ORD006678,MARKET,SELL,,17
6679,ORD006677,CANCEL,,,
6680,ORD006680,LIMIT,SELL,101.99,26
6681,ORD006681,LIMIT,BUY,99.06,82
6682,ORD006680,CANCEL,,,
6683,ORD006681,CANCEL,,,
6684,ORD006684,LIMIT,BUY,100.23,54
6685,ORD006684,CANCEL,,,
6686,ORD006686,LIMIT,SELL,100.53,10
6687,ORD006686,CANCEL,,,
6688,ORD006688,LIMIT,BUY,100.03,5
6689,ORD006688,CANCEL,,,
6690,ORD006690,LIMIT,BUY,99.47,6
6691,ORD006690,CANCEL,,,
6692,ORD006692,LIMIT,SELL,101.73,63
6693,ORD006692,CANCEL,,,
6694,ORD006694,LIMIT,SELL,100.32,82
6695,ORD006694,CANCEL,,,
6696,ORD006696,MARKET,SELL,,22
6697,ORD006697,LIMIT,SELL,100.26,51
6698,ORD006698,LIMIT,SELL,99.85,49
6699,ORD006699,LIMIT,BUY,98.62,97
6700,ORD006697,CANCEL,,,
6701,ORD006699,CANCEL,,,
6702,ORD006702,LIMIT,SELL,101.08,46
6703,ORD006698,CANCEL,,,
6704,ORD006702,CANCEL,,,
6705,ORD006705,LIMIT,SELL,100.16,12
6706,ORD006705,CANCEL,,,
6707,ORD006707,MARKET,SELL,,23
6708,ORD006708,LIMIT,SELL,101.32,27
6709,ORD006709,LIMIT,SELL,101.81,33
6710,ORD006710,LIMIT,SELL,99.95,69
6711,ORD006708,CANCEL,,,
6712,ORD006709,CANCEL,,,
6713,ORD006713,LIMIT,BUY,98.9,49
6714,ORD006714,LIMIT,BUY,99.21,75
6715,ORD006715,LIMIT,BUY,98.29,90
6716,ORD006716,LIMIT,SELL,100.67,41
6717,ORD006713,CANCEL,,,
6718,ORD006718,LIMIT,BUY,99.46,37
6719,ORD006716,CANCEL,,,
6720,ORD006718,CANCEL,,,
6721,ORD006710,CANCEL,,,
6722,ORD006715,CANCEL,,,
6723,ORD006714,CANCEL,,,
6724,ORD006724,LIMIT,SELL,99.71,27
6725,ORD006724,CANCEL,,,
6726,ORD006726,LIMIT,BUY,99.08,69
6727,ORD006726,CANCEL,,,
6728,ORD006728,LIMIT,BUY,99.37,71
6729,ORD006728,CANCEL,,,
6730,ORD006730,LIMIT,SELL,100.3,39
6731,ORD006730,CANCEL,,,
6732,ORD006732,LIMIT,SELL,101.13,1
6733,ORD006732,CANCEL,,,
6734,ORD006734,LIMIT,BUY,100.02,10
6735,ORD006734,CANCEL,,,
6736,ORD006736,MARKET,BUY,,5
6737,ORD006737,LIMIT,BUY,100.4,56
6738,ORD006738,LIMIT,SELL,99.55,42
6739,ORD006739,LIMIT,BUY,99.85,13
6740,ORD006737,CANCEL,,,
6741,ORD006739,CANCEL,,,
6742,ORD006742,LIMIT,BUY,98.64,95
6743,ORD006742,CANCEL,,,
6744,ORD006744,LIMIT,SELL,100.12,95
6745,ORD006744,CANCEL,,,
6746,ORD006746,LIMIT,BUY,98.08,41
6747,ORD006746,CANCEL,,,
6748,ORD006748,MARKET,BUY,,49
6749,ORD006749,LIMIT,BUY,99.66,79
6750,ORD006750,LIMIT,BUY,98.52,69
6751,ORD006749,CANCEL,,,
6752,ORD006750,CANCEL,,,
6753,ORD006753,LIMIT,BUY,99.29,15
6754,ORD006754,LIMIT,BUY,99.49,43
6755,ORD006755,LIMIT,SELL,100.33,28
6756,ORD006755,CANCEL,,,
6757,ORD006754,CANCEL,,,
6758,ORD006753,CANCEL,,,
6759,ORD006759,LIMIT,BUY,99.28,55
6760,ORD006759,CANCEL,,,
6761,ORD006761,LIMIT,SELL,101.38,82
6762,ORD006761,CANCEL,,,
6763,ORD006763,LIMIT,SELL,100.68,30
6764,ORD006763,CANCEL,,,
6765,ORD006765,LIMIT,BUY,100.45,52
6766,ORD006765,CANCEL,,,
6767,ORD006767,LIMIT,BUY,99.91,50
6768,ORD006768,LIMIT,SELL,101.68,66
6769,ORD006768,CANCEL,,,
6770,ORD006767,CANCEL,,,
6771,ORD006771,LIMIT,SELL,100.51,75
6772,ORD006771,CANCEL,,,
6773,ORD006773,LIMIT,SELL,101.87,98
6774,ORD006773,CANCEL,,,
6775,ORD006775,LIMIT,SELL,100.95,89
6776,ORD006775,CANCEL,,,
6777,ORD006777,LIMIT,SELL,99.89,26
6778,ORD006778,LIMIT,SELL,100.98,39
6779,ORD006778,CANCEL,,,
6780,ORD006777,CANCEL,,,
6781,ORD006781,LIMIT,SELL,101.36,71
6782,ORD006782,LIMIT,SELL,101.85,37
6783,ORD006782,CANCEL,,,
6784,ORD006781,CANCEL,,,
6785,ORD006785,LIMIT,BUY,98.25,94
6786,ORD006785,CANCEL,,,
6787,ORD006787,LIMIT,BUY,99.88,98
6788,ORD006787,CANCEL,,,
6789,ORD006789,LIMIT,SELL,101.18,65
6790,ORD006789,CANCEL,,,
6791,ORD006791,LIMIT,BUY,98.22,32
6792,ORD006791,CANCEL,,,
6793,ORD006793,LIMIT,SELL,101.23,100
6794,ORD006794,LIMIT,BUY,98.68,79
6795,ORD006794,CANCEL,,,
6796,ORD006796,LIMIT,BUY,98.35,94
6797,ORD006793,CANCEL,,,
6798,ORD006796,CANCEL,,,
6799,ORD006799,LIMIT,SELL,100.98,39
6800,ORD006800,LIMIT,SELL,100.31,36
6801,ORD006801,LIMIT,BUY,99.76,45
6802,ORD006802,LIMIT,BUY,98.48,14
6803,ORD006801,CANCEL,,,
6804,ORD006800,CANCEL,,,
6805,ORD006805,LIMIT,SELL,101.16,86
6806,ORD006805,CANCEL,,,
6807,ORD006802,CANCEL,,,
6808,ORD006808,LIMIT,SELL,100.52,87
6809,ORD006799,CANCEL,,,
6810,ORD006808,CANCEL,,,
6811,ORD006811,LIMIT,BUY,98.97,22
6812,ORD006811,CANCEL,,,
6813,ORD006813,LIMIT,BUY,98.68,75
6814,ORD006813,CANCEL,,,
6815,ORD006815,LIMIT,BUY,98.68,61
6816,ORD006816,LIMIT,SELL,101.14,27
6817,ORD006817,LIMIT,SELL,99.75,6
6818,ORD006818,LIMIT,SELL,99.66,10
6819,ORD006819,LIMIT,SELL,99.59,33
6820,ORD006820,LIMIT,BUY,98.03,37
6821,ORD006820,CANCEL,,,
6822,ORD006815,CANCEL,,,
6823,ORD006823,LIMIT,BUY,99.64,21
6824,ORD006824,LIMIT,BUY,99.4,54
6825,ORD006825,LIMIT,BUY,99.36,5
6826,ORD006826,LIMIT,BUY,99.51,32
6827,ORD006816,CANCEL,,,
6828,ORD006828,LIMIT,BUY,100.24,43
6829,ORD006819,CANCEL,,,
6830,ORD006830,LIMIT,BUY,98.49,55
6831,ORD006825,CANCEL,,,
6832,ORD006830,CANCEL,,,
6833,ORD006828,CANCEL,,,
6834,ORD006826,CANCEL,,,
6835,ORD006818,CANCEL,,,
6836,ORD006836,LIMIT,BUY,100.21,64
6837,ORD006817,CANCEL,,,
6838,ORD006838,LIMIT,BUY,98.77,3
6839,ORD006839,LIMIT,SELL,101.17,1
6840,ORD006824,CANCEL,,,
6841,ORD006836,CANCEL,,,
6842,ORD006839,CANCEL,,,
6843,ORD006843,LIMIT,SELL,101.77,90
6844,ORD006838,CANCEL,,,
6845,ORD006845,LIMIT,SELL,100.42,49
6846,ORD006845,CANCEL,,,
6847,ORD006843,CANCEL,,,
6848,ORD006848,MARKET,BUY,,82
6849,ORD006849,LIMIT,BUY,98.95,74
6850,ORD006850,LIMIT,BUY,98.38,45
6851,ORD006849,CANCEL,,,
6852,ORD006850,CANCEL,,,
6853,ORD006853,LIMIT,SELL,99.63,77
6854,ORD006853,CANCEL,,,
6855,ORD006855,LIMIT,SELL,101.54,44
6856,ORD006855,CANCEL,,,
6857,ORD006857,LIMIT,SELL,101.73,1
6858,ORD006857,CANCEL,,,
6859,ORD006859,LIMIT,BUY,99.17,70
6860,ORD006859,CANCEL,,,
6861,ORD006861,LIMIT,SELL,101.01,65
6862,ORD006861,CANCEL,,,
6863,ORD006863,LIMIT,BUY,99.48,81
6864,ORD006864,LIMIT,SELL,100.37,85
6865,ORD006865,LIMIT,BUY,99.95,38
6866,ORD006866,LIMIT,BUY,99.81,59
6867,ORD006866,CANCEL,,,
6868,ORD006865,CANCEL,,,
6869,ORD006864,CANCEL,,,
6870,ORD006863,CANCEL,,,
6871,ORD006871,MARKET,SELL,,6
6872,ORD006872,LIMIT,SELL,100.06,49
6873,ORD006872,CANCEL,,,
6874,ORD006874,MARKET,SELL,,90
6875,ORD006875,LIMIT,BUY,98.01,82
6876,ORD006876,LIMIT,SELL,101.0,87
6877,ORD006875,CANCEL,,,
6878,ORD006876,CANCEL,,,
6879,ORD006879,LIMIT,SELL,100.75,15
6880,ORD006879,CANCEL,,,
6881,ORD006881,LIMIT,BUY,98.45,72
6882,ORD006881,CANCEL,,,
6883,ORD006883,LIMIT,SELL,99.89,25
6884,ORD006883,CANCEL,,,
6885,ORD006885,LIMIT,SELL,101.32,71
6886,ORD006885,CANCEL,,,
6887,ORD006887,LIMIT,BUY,100.34,45
6888,ORD006887,CANCEL,,,
6889,ORD006889,LIMIT,SELL,99.91,83
6890,ORD006889,CANCEL,,,
6891,ORD006891,LIMIT,BUY,99.09,16
6892,ORD006891,CANCEL,,,
6893,ORD006893,LIMIT,BUY,99.16,31
6894,ORD006893,CANCEL,,,
6895,ORD006895,LIMIT,BUY,98.26,37
6896,ORD006896,LIMIT,SELL,99.69,43
6897,ORD006897,LIMIT,BUY,99.28,13
6898,ORD006898,LIMIT,SELL,100.89,59
6899,ORD006896,CANCEL,,,
6900,ORD006895,CANCEL,,,
6901,ORD006897,CANCEL,,,
6902,ORD006898,CANCEL,,,
6903,ORD006903,LIMIT,SELL,100.9,91
6904,ORD006904,LIMIT,BUY,99.46,15
6905,ORD006903,CANCEL,,,
6906,ORD006904,CANCEL,,,
6907,ORD006907,LIMIT,BUY,99.01,74
6908,ORD006907,CANCEL,,,
6909,ORD006909,LIMIT,SELL,101.46,76
6910,ORD006909,CANCEL,,,
6911,ORD006911,LIMIT,SELL,101.74,1
6912,ORD006912,LIMIT,SELL,99.62,39
6913,ORD006911,CANCEL,,,
6914,ORD006912,CANCEL,,,
6915,ORD006915,LIMIT,BUY,98.97,54
6916,ORD006915,CANCEL,,,
6917,ORD006917,LIMIT,SELL,101.73,11
6918,ORD006917,CANCEL,,,
6919,ORD006919,LIMIT,BUY,99.05,72
6920,ORD006919,CANCEL,,,
6921,ORD006921,LIMIT,BUY,99.28,25
6922,ORD006921,CANCEL,,,
6923,ORD006923,LIMIT,BUY,100.12,38
6924,ORD006923,CANCEL,,,
6925,ORD006925,LIMIT,SELL,99.95,2
6926,ORD006925,CANCEL,,,
6927,ORD006927,LIMIT,BUY,98.44,39
6928,ORD006927,CANCEL,,,
6929,ORD006929,LIMIT,SELL,100.27,93
6930,ORD006929,CANCEL,,,
6931,ORD006931,LIMIT,SELL,100.32,44
6932,ORD006931,CANCEL,,,
6933,ORD006933,LIMIT,BUY,100.09,73
6934,ORD006934,LIMIT,BUY,98.41,58
6935,ORD006933,CANCEL,,,
6936,ORD006934,CANCEL,,,
6937,ORD006937,LIMIT,SELL,100.23,24
6938,ORD006938,LIMIT,BUY,99.34,18
6939,ORD006937,CANCEL,,,
6940,ORD006938,CANCEL,,,
6941,ORD006941,LIMIT,BUY,98.98,89
6942,ORD006941,CANCEL,,,
6943,ORD006943,LIMIT,BUY,100.38,77
6944,ORD006943,CANCEL,,,
6945,ORD006945,LIMIT,BUY,99.35,99
6946,ORD006945,CANCEL,,,
6947,ORD006947,LIMIT,BUY,100.25,49
6948,ORD006947,CANCEL,,,
6949,ORD006949,LIMIT,BUY,100.47,46
6950,ORD006950,LIMIT,BUY,98.58,21
6951,ORD006950,CANCEL,,,
6952,ORD006949,CANCEL,,,
6953,ORD006953,MARKET,BUY,,13
6954,ORD006954,LIMIT,BUY,98.6,32
6955,ORD006954,CANCEL,,,
6956,ORD006956,LIMIT,SELL,99.65,8
6957,ORD006956,CANCEL,,,
6958,ORD006958,LIMIT,SELL,100.44,24
6959,ORD006959,LIMIT,SELL,101.19,90
6960,ORD006959,CANCEL,,,
6961,ORD006958,CANCEL,,,
6962,ORD006962,LIMIT,SELL,101.05,19
6963,ORD006962,CANCEL,,,
6964,ORD006964,LIMIT,SELL,101.94,18
6965,ORD006965,LIMIT,BUY,99.63,60
6966,ORD006964,CANCEL,,,
6967,ORD006965,CANCEL,,,
6968,ORD006968,LIMIT,SELL,100.61,95
6969,ORD006968,CANCEL,,,
6970,ORD006970,LIMIT,SELL,101.04,14
6971,ORD006971,LIMIT,SELL,100.57,54
6972,ORD006972,LIMIT,SELL,99.94,61
6973,ORD006971,CANCEL,,,
6974,ORD006970,CANCEL,,,
6975,ORD006975,LIMIT,BUY,100.05,83
6976,ORD006972,CANCEL,,,
6977,ORD006975,CANCEL,,,
6978,ORD006978,LIMIT,BUY,98.61,87
6979,ORD006978,CANCEL,,,
6980,ORD006980,MARKET,SELL,,81
6981,ORD006981,LIMIT,SELL,100.12,20
6982,ORD006981,CANCEL,,,
6983,ORD006983,LIMIT,SELL,99.68,18
6984,ORD006983,CANCEL,,,
6985,ORD006985,LIMIT,SELL,101.78,11
6986,ORD006985,CANCEL,,,
6987,ORD006987,MARKET,BUY,,4
6988,ORD006988,LIMIT,BUY,98.84,32
6989,ORD006988,CANCEL,,,
6990,ORD006990,LIMIT,BUY,98.65,45
6991,ORD006990,CANCEL,,,
6992,ORD006992,LIMIT,BUY,99.2,69
6993,ORD006993,LIMIT,BUY,99.38,88
6994,ORD006993,CANCEL,,,
6995,ORD006992,CANCEL,,,
6996,ORD006996,MARKET,BUY,,13
6997,ORD006997,LIMIT,BUY,100.01,21
6998,ORD006998,LIMIT,SELL,100.58,29
6999,ORD006999,LIMIT,SELL,99.86,24
7000,ORD007000,LIMIT,SELL,100.05,32
7001,ORD006999,CANCEL,,,
7002,ORD006998,CANCEL,,,
7003,ORD007003,LIMIT,SELL,101.94,34
7004,ORD007003,CANCEL,,,
7005,ORD007000,CANCEL,,,
7006,ORD006997,CANCEL,,,
7007,ORD007007,LIMIT,SELL,101.58,3
7008,ORD007007,CANCEL,,,
7009,ORD007009,LIMIT,SELL,101.93,54
7010,ORD007009,CANCEL,,,
7011,ORD007011,LIMIT,BUY,98.14,54
7012,ORD007012,LIMIT,SELL,101.28,23
7013,ORD007011,CANCEL,,,
7014,ORD007014,LIMIT,BUY,99.46,28
7015,ORD007014,CANCEL,,,
7016,ORD007016,LIMIT,BUY,98.28,56
7017,ORD007017,LIMIT,SELL,99.97,26
7018,ORD007016,CANCEL,,,
7019,ORD007012,CANCEL,,,
7020,ORD007017,CANCEL,,,
7021,ORD007021,LIMIT,SELL,99.84,15
7022,ORD007022,LIMIT,SELL,99.63,4
7023,ORD007021,CANCEL,,,
7024,ORD007022,CANCEL,,,
7025,ORD007025,LIMIT,BUY,98.48,83
7026,ORD007026,LIMIT,BUY,100.32,90
7027,ORD007027,LIMIT,SELL,101.81,63
7028,ORD007027,CANCEL,,,
7029,ORD007026,CANCEL,,,
7030,ORD007025,CANCEL,,,
7031,ORD007031,LIMIT,SELL,99.78,18
7032,ORD007032,MARKET,BUY,,7
7033,ORD007033,LIMIT,SELL,100.17,50
7034,ORD007034,LIMIT,BUY,99.88,55
7035,ORD007035,MARKET,SELL,,66
7036,ORD007034,CANCEL,,,
7037,ORD007033,CANCEL,,,
7038,ORD007031,CANCEL,,,
7039,ORD007039,MARKET,SELL,,43
7040,ORD007040,LIMIT,SELL,100.22,56
7041,ORD007041,MARKET,BUY,,48
7042,ORD007042,LIMIT,SELL,101.58,15
7043,ORD007043,LIMIT,BUY,98.92,12
7044,ORD007044,LIMIT,BUY,100.06,1
7045,ORD007043,CANCEL,,,
7046,ORD007040,CANCEL,,,
7047,ORD007042,CANCEL,,,
7048,ORD007044,CANCEL,,,
7049,ORD007049,LIMIT,BUY,99.6,8
7050,ORD007049,CANCEL,,,
7051,ORD007051,LIMIT,SELL,101.73,44
7052,ORD007051,CANCEL,,,
7053,ORD007053,LIMIT,BUY,99.64,36
7054,ORD007053,CANCEL,,,
7055,ORD007055,LIMIT,SELL,100.76,26
7056,ORD007055,CANCEL,,,
7057,ORD007057,LIMIT,SELL,100.29,37
7058,ORD007057,CANCEL,,,
7059,ORD007059,LIMIT,SELL,99.59,78
7060,ORD007059,CANCEL,,,
7061,ORD007061,LIMIT,BUY,99.52,89
7062,ORD007061,CANCEL,,,
7063,ORD007063,LIMIT,BUY,98.27,67
7064,ORD007064,LIMIT,SELL,100.79,55
7065,ORD007064,CANCEL,,,
7066,ORD007066,LIMIT,SELL,100.95,92
7067,ORD007063,CANCEL,,,
7068,ORD007066,CANCEL,,,
7069,ORD007069,LIMIT,BUY,100.16,43
7070,ORD007070,LIMIT,BUY,98.64,83
7071,ORD007070,CANCEL,,,
7072,ORD007069,CANCEL,,,
7073,ORD007073,LIMIT,SELL,101.88,32
7074,ORD007073,CANCEL,,,
7075,ORD007075,LIMIT,SELL,99.86,60
7076,ORD007076,LIMIT,SELL,99.61,88
7077,ORD007076,CANCEL,,,
7078,ORD007078,LIMIT,SELL,101.01,27
7079,ORD007075,CANCEL,,,
7080,ORD007078,CANCEL,,,
7081,ORD007081,LIMIT,SELL,101.38,56
7082,ORD007081,CANCEL,,,
7083,ORD007083,LIMIT,BUY,100.03,91
7084,ORD007083,CANCEL,,,
7085,ORD007085,LIMIT,SELL,100.57,31
7086,ORD007085,CANCEL,,,
7087,ORD007087,LIMIT,BUY,99.41,61
7088,ORD007087,CANCEL,,,
7089,ORD007089,LIMIT,BUY,99.79,22
7090,ORD007090,LIMIT,SELL,101.8,97
7091,ORD007090,CANCEL,,,
7092,ORD007089,CANCEL,,,
7093,ORD007093,LIMIT,SELL,101.8,26
7094,ORD007093,CANCEL,,,
7095,ORD007095,LIMIT,BUY,98.12,19
7096,ORD007096,LIMIT,SELL,100.24,38
7097,ORD007095,CANCEL,,,
7098,ORD007096,CANCEL,,,
7099,ORD007099,LIMIT,SELL,99.73,80
7100,ORD007100,LIMIT,SELL,101.19,75
7101,ORD007099,CANCEL,,,
7102,ORD007100,CANCEL,,,
7103,ORD007103,LIMIT,SELL,100.64,38
7104,ORD007103,CANCEL,,,
7105,ORD007105,LIMIT,BUY,99.95,3
7106,ORD007105,CANCEL,,,
7107,ORD007107,LIMIT,SELL,101.97,49
7108,ORD007107,CANCEL,,,
7109,ORD007109,LIMIT,SELL,101.89,24
7110,ORD007109,CANCEL,,,
7111,ORD007111,LIMIT,SELL,101.06,2
7112,ORD007111,CANCEL,,,
7113,ORD007113,LIMIT,SELL,100.55,98
7114,ORD007113,CANCEL,,,
7115,ORD007115,LIMIT,BUY,100.36,5
7116,ORD007116,MARKET,BUY,,51
7117,ORD007117,LIMIT,BUY,98.08,5
7118,ORD007117,CANCEL,,,
7119,ORD007115,CANCEL,,,
7120,ORD007120,LIMIT,SELL,100.99,72
7121,ORD007121,LIMIT,BUY,98.72,65
7122,ORD007122,LIMIT,SELL,99.72,24
7123,ORD007122,CANCEL,,,
7124,ORD007120,CANCEL,,,
7125,ORD007125,LIMIT,SELL,101.74,65
7126,ORD007126,LIMIT,SELL,101.2,31
7127,ORD007127,LIMIT,BUY,98.23,64
7128,ORD007127,CANCEL,,,
7129,ORD007121,CANCEL,,,
7130,ORD007130,LIMIT,BUY,99.35,34
7131,ORD007131,LIMIT,BUY,99.25,17
7132,ORD007125,CANCEL,,,
7133,ORD007133,MARKET,BUY,,51
7134,ORD007126,CANCEL,,,
7135,ORD007131,CANCEL,,,
7136,ORD007136,LIMIT,SELL,99.56,99
7137,ORD007130,CANCEL,,,
7138,ORD007138,LIMIT,SELL,100.5,84
7139,ORD007136,CANCEL,,,
7140,ORD007140,LIMIT,BUY,98.8,54
7141,ORD007141,LIMIT,BUY,99.78,26
7142,ORD007142,LIMIT,BUY,98.14,5
7143,ORD007140,CANCEL,,,
7144,ORD007141,CANCEL,,,
7145,ORD007138,CANCEL,,,
7146,ORD007146,LIMIT,SELL,100.83,6
7147,ORD007142,CANCEL,,,
7148,ORD007146,CANCEL,,,
7149,ORD007149,LIMIT,BUY,98.13,95
7150,ORD007149,CANCEL,,,
7151,ORD007151,LIMIT,SELL,99.72,99
7152,ORD007151,CANCEL,,,
7153,ORD007153,LIMIT,BUY,100.03,18
7154,ORD007154,LIMIT,SELL,100.37,98
7155,ORD007154,CANCEL,,,
7156,ORD007156,LIMIT,SELL,101.62,45
7157,ORD007157,LIMIT,BUY,100.07,12
7158,ORD007156,CANCEL,,,
7159,ORD007153,CANCEL,,,
7160,ORD007157,CANCEL,,,
7161,ORD007161,LIMIT,SELL,100.01,58
7162,ORD007161,CANCEL,,,
7163,ORD007163,LIMIT,BUY,100.47,96
7164,ORD007163,CANCEL,,,
7165,ORD007165,LIMIT,SELL,101.33,46
7166,ORD007165,CANCEL,,,
7167,ORD007167,LIMIT,SELL,101.23,13
7168,ORD007167,CANCEL,,,
7169,ORD007169,LIMIT,BUY,99.36,28
7170,ORD007169,CANCEL,,,
7171,ORD007171,MARKET,SELL,,94
7172,ORD007172,LIMIT,BUY,99.0,76
7173,ORD007172,CANCEL,,,
7174,ORD007174,LIMIT,SELL,101.23,2
7175,ORD007174,CANCEL,,,
7176,ORD007176,LIMIT,SELL,100.49,42
7177,ORD007176,CANCEL,,,
7178,ORD007178,LIMIT,BUY,99.41,14
7179,ORD007178,CANCEL,,,
7180,ORD007180,LIMIT,SELL,100.58,78
7181,ORD007181,LIMIT,SELL,100.87,25
7182,ORD007182,LIMIT,SELL,100.83,41
7183,ORD007180,CANCEL,,,
7184,ORD007184,LIMIT,SELL,100.6,100
7185,ORD007182,CANCEL,,,
7186,ORD007181,CANCEL,,,
7187,ORD007184,CANCEL,,,
7188,ORD007188,LIMIT,SELL,100.38,12
7189,ORD007188,CANCEL,,,
7190,ORD007190,LIMIT,BUY,98.77,55
7191,ORD007190,CANCEL,,,
7192,ORD007192,LIMIT,BUY,98.46,35
7193,ORD007192,CANCEL,,,
7194,ORD007194,LIMIT,SELL,101.72,45
7195,ORD007194,CANCEL,,,
7196,ORD007196,LIMIT,BUY,99.47,3
7197,ORD007196,CANCEL,,,
7198,ORD007198,LIMIT,BUY,99.27,81
7199,ORD007198,CANCEL,,,
7200,ORD007200,LIMIT,BUY,99.61,45
7201,ORD007200,CANCEL,,,
7202,ORD007202,LIMIT,BUY,98.53,16
7203,ORD007202,CANCEL,,,
7204,ORD007204,MARKET,BUY,,64
7205,ORD007205,LIMIT,BUY,100.03,23
7206,ORD007206,LIMIT,SELL,101.25,74
7207,ORD007205,CANCEL,,,
7208,ORD007206,CANCEL,,,
7209,ORD007209,LIMIT,SELL,101.45,12
7210,ORD007210,LIMIT,SELL,101.87,77
7211,ORD007210,CANCEL,,,
7212,ORD007209,CANCEL,,,
7213,ORD007213,LIMIT,SELL,100.73,27
7214,ORD007213,CANCEL,,,
7215,ORD007215,LIMIT,SELL,100.33,9
7216,ORD007215,CANCEL,,,
7217,ORD007217,LIMIT,SELL,101.68,26
7218,ORD007217,CANCEL,,,
7219,ORD007219,LIMIT,SELL,101.64,85
7220,ORD007220,LIMIT,SELL,101.86,81
7221,ORD007220,CANCEL,,,
7222,ORD007222,LIMIT,BUY,98.98,39
7223,ORD007219,CANCEL,,,
7224,ORD007222,CANCEL,,,
7225,ORD007225,MARKET,SELL,,66
7226,ORD007226,LIMIT,SELL,101.43,84
7227,ORD007226,CANCEL,,,
7228,ORD007228,LIMIT,SELL,101.68,94
7229,ORD007228,CANCEL,,,
7230,ORD007230,LIMIT,BUY,99.91,40
7231,ORD007230,CANCEL,,,
7232,ORD007232,LIMIT,BUY,99.33,52
7233,ORD007232,CANCEL,,,
7234,ORD007234,LIMIT,BUY,100.29,98
7235,ORD007234,CANCEL,,,
7236,ORD007236,LIMIT,SELL,101.79,63
7237,ORD007237,LIMIT,SELL,101.47,45
7238,ORD007236,CANCEL,,,
7239,ORD007237,CANCEL,,,
7240,ORD007240,LIMIT,BUY,100.48,15
7241,ORD007240,CANCEL,,,
7242,ORD007242,LIMIT,BUY,98.86,85
7243,ORD007242,CANCEL,,,
7244,ORD007244,LIMIT,SELL,99.66,60
7245,ORD007244,CANCEL,,,
7246,ORD007246,LIMIT,SELL,101.58,43
7247,ORD007246,CANCEL,,,
7248,ORD007248,LIMIT,BUY,99.44,36
7249,ORD007249,LIMIT,BUY,98.46,59
7250,ORD007250,LIMIT,BUY,100.1,49
7251,ORD007251,LIMIT,SELL,99.63,47
7252,ORD007250,CANCEL,,,
7253,ORD007249,CANCEL,,,
7254,ORD007248,CANCEL,,,
7255,ORD007255,LIMIT,SELL,100.58,6
7256,ORD007256,LIMIT,BUY,98.81,11
7257,ORD007256,CANCEL,,,
7258,ORD007255,CANCEL,,,
7259,ORD007259,LIMIT,BUY,99.75,98
7260,ORD007259,CANCEL,,,
7261,ORD007261,LIMIT,BUY,98.5,57
7262,ORD007261,CANCEL,,,
7263,ORD007263,LIMIT,BUY,99.67,61
7264,ORD007263,CANCEL,,,
7265,ORD007265,LIMIT,BUY,98.64,13
7266,ORD007265,CANCEL,,,
7267,ORD007267,LIMIT,SELL,100.78,84
7268,ORD007267,CANCEL,,,
7269,ORD007269,LIMIT,BUY,98.59,78
7270,ORD007270,MARKET,BUY,,31
7271,ORD007271,LIMIT,SELL,100.59,64
7272,ORD007272,LIMIT,SELL,101.28,93
7273,ORD007272,CANCEL,,,
7274,ORD007269,CANCEL,,,
7275,ORD007275,LIMIT,SELL,101.19,13
7276,ORD007276,LIMIT,BUY,98.57,100
7277,ORD007276,CANCEL,,,
7278,ORD007271,CANCEL,,,
7279,ORD007275,CANCEL,,,
7280,ORD007280,LIMIT,BUY,99.63,8
7281,ORD007280,CANCEL,,,
7282,ORD007282,MARKET,SELL,,87
7283,ORD007283,LIMIT,BUY,98.59,32
7284,ORD007283,CANCEL,,,
7285,ORD007285,LIMIT,SELL,100.67,78
7286,ORD007285,CANCEL,,,
7287,ORD007287,LIMIT,SELL,101.37,81
7288,ORD007287,CANCEL,,,
7289,ORD007289,LIMIT,BUY,98.62,79
7290,ORD007289,CANCEL,,,
7291,ORD007291,LIMIT,BUY,99.46,62
7292,ORD007291,CANCEL,,,
7293,ORD007293,LIMIT,SELL,100.96,87
7294,ORD007294,LIMIT,BUY,99.96,44
7295,ORD007295,LIMIT,SELL,99.9,15
7296,ORD007296,LIMIT,BUY,98.21,7
7297,ORD007297,LIMIT,SELL,101.05,21
7298,ORD007294,CANCEL,,,
7299,ORD007293,CANCEL,,,
7300,ORD007300,LIMIT,SELL,100.65,100
7301,ORD007296,CANCEL,,,
7302,ORD007300,CANCEL,,,
7303,ORD007297,CANCEL,,,
7304,ORD007304,LIMIT,SELL,101.35,94
7305,ORD007304,CANCEL,,,
7306,ORD007306,LIMIT,SELL,99.53,23
7307,ORD007306,CANCEL,,,
7308,ORD007308,LIMIT,BUY,99.39,5
7309,ORD007309,LIMIT,SELL,101.7,22
7310,ORD007309,CANCEL,,,
7311,ORD007308,CANCEL,,,
7312,ORD007312,LIMIT,BUY,99.51,93
7313,ORD007313,LIMIT,SELL,101.22,87
7314,ORD007312,CANCEL,,,
7315,ORD007313,CANCEL,,,
7316,ORD007316,LIMIT,SELL,99.74,10
7317,ORD007317,LIMIT,BUY,98.18,97
7318,ORD007316,CANCEL,,,
7319,ORD007317,CANCEL,,,
7320,ORD007320,LIMIT,SELL,99.51,31
7321,ORD007320,CANCEL,,,
7322,ORD007322,LIMIT,BUY,99.93,95
7323,ORD007322,CANCEL,,,
7324,ORD007324,LIMIT,SELL,101.31,82
7325,ORD007324,CANCEL,,,
7326,ORD007326,LIMIT,BUY,99.69,88
7327,ORD007326,CANCEL,,,
7328,ORD007328,LIMIT,SELL,100.66,66
7329,ORD007328,CANCEL,,,
7330,ORD007330,LIMIT,SELL,99.62,3
7331,ORD007330,CANCEL,,,
7332,ORD007332,LIMIT,BUY,100.42,2
7333,ORD007332,CANCEL,,,
7334,ORD007334,LIMIT,SELL,99.57,84
7335,ORD007334,CANCEL,,,
7336,ORD007336,LIMIT,BUY,99.32,11
7337,ORD007337,LIMIT,BUY,100.0,39
7338,ORD007337,CANCEL,,,
7339,ORD007336,CANCEL,,,
7340,ORD007340,LIMIT,SELL,100.47,15
7341,ORD007340,CANCEL,,,
7342,ORD007342,LIMIT,BUY,99.12,88
7343,ORD007343,LIMIT,SELL,101.62,31
7344,ORD007343,CANCEL,,,
7345,ORD007342,CANCEL,,,
7346,ORD007346,LIMIT,SELL,100.6,29
7347,ORD007347,LIMIT,SELL,100.02,13
7348,ORD007347,CANCEL,,,
7349,ORD007349,LIMIT,BUY,98.35,88
7350,ORD007349,CANCEL,,,
7351,ORD007346,CANCEL,,,
7352,ORD007352,LIMIT,SELL,99.94,55
7353,ORD007352,CANCEL,,,
7354,ORD007354,LIMIT,BUY,99.14,100
7355,ORD007354,CANCEL,,,
7356,ORD007356,LIMIT,BUY,98.74,30
7357,ORD007356,CANCEL,,,
7358,ORD007358,LIMIT,SELL,101.81,34
7359,ORD007358,CANCEL,,,
7360,ORD007360,LIMIT,SELL,100.91,76
7361,ORD007360,CANCEL,,,
7362,ORD007362,LIMIT,BUY,99.4,30
7363,ORD007362,CANCEL,,,
7364,ORD007364,LIMIT,SELL,101.8,30
7365,ORD007364,CANCEL,,,
7366,ORD007366,LIMIT,BUY,99.44,24
7367,ORD007367,LIMIT,BUY,99.77,77
7368,ORD007366,CANCEL,,,
7369,ORD007367,CANCEL,,,
7370,ORD007370,LIMIT,BUY,98.11,34
7371,ORD007370,CANCEL,,,
7372,ORD007372,LIMIT,BUY,98.43,66
7373,ORD007372,CANCEL,,,
7374,ORD007374,MARKET,BUY,,69
7375,ORD007375,LIMIT,SELL,101.62,62
7376,ORD007375,CANCEL,,,
7377,ORD007377,LIMIT,SELL,100.69,37
7378,ORD007377,CANCEL,,,
7379,ORD007379,LIMIT,BUY,100.32,18
7380,ORD007379,CANCEL,,,
7381,ORD007381,LIMIT,SELL,101.97,46
7382,ORD007381,CANCEL,,,
7383,ORD007383,LIMIT,BUY,100.23,2
7384,ORD007383,CANCEL,,,
7385,ORD007385,LIMIT,SELL,100.11,53
7386,ORD007385,CANCEL,,,
7387,ORD007387,LIMIT,SELL,100.42,46
7388,ORD007387,CANCEL,,,
7389,ORD007389,LIMIT,SELL,100.99,78
7390,ORD007389,CANCEL,,,
7391,ORD007391,LIMIT,BUY,100.1,28
7392,ORD007391,CANCEL,,,
7393,ORD007393,LIMIT,BUY,98.28,27
7394,ORD007393,CANCEL,,,
7395,ORD007395,LIMIT,SELL,100.37,88
7396,ORD007395,CANCEL,,,
7397,ORD007397,LIMIT,BUY,98.3,31
7398,ORD007397,CANCEL,,,
7399,ORD007399,LIMIT,BUY,98.11,89
7400,ORD007399,CANCEL,,,
7401,ORD007401,LIMIT,BUY,99.87,48
7402,ORD007401,CANCEL,,,
7403,ORD007403,LIMIT,SELL,101.76,31
7404,ORD007403,CANCEL,,,
7405,ORD007405,LIMIT,SELL,100.04,81
7406,ORD007405,CANCEL,,,
7407,ORD007407,LIMIT,SELL,101.52,9
7408,ORD007408,LIMIT,BUY,100.2,9
7409,ORD007408,CANCEL,,,
7410,ORD007410,LIMIT,SELL,101.76,14
7411,ORD007411,LIMIT,BUY,99.01,5
7412,ORD007411,CANCEL,,,
7413,ORD007410,CANCEL,,,
7414,ORD007407,CANCEL,,,
7415,ORD007415,LIMIT,SELL,99.73,50
7416,ORD007415,CANCEL,,,
7417,ORD007417,LIMIT,BUY,100.0,77
7418,ORD007417,CANCEL,,,
7419,ORD007419,LIMIT,BUY,99.07,85
7420,ORD007419,CANCEL,,,
7421,ORD007421,LIMIT,SELL,99.58,96
7422,ORD007421,CANCEL,,,
7423,ORD007423,LIMIT,SELL,101.44,25
7424,ORD007423,CANCEL,,,
7425,ORD007425,LIMIT,BUY,98.52,80
7426,ORD007425,CANCEL,,,
7427,ORD007427,LIMIT,SELL,99.8,85
7428,ORD007427,CANCEL,,,
7429,ORD007429,LIMIT,BUY,99.63,83
7430,ORD007429,CANCEL,,,
7431,ORD007431,LIMIT,BUY,98.15,87
7432,ORD007432,LIMIT,BUY,99.08,40
7433,ORD007433,LIMIT,BUY,98.25,40
7434,ORD007431,CANCEL,,,
7435,ORD007433,CANCEL,,,
7436,ORD007432,CANCEL,,,
7437,ORD007437,LIMIT,SELL,101.59,48
7438,ORD007437,CANCEL,,,
7439,ORD007439,LIMIT,SELL,101.84,16
7440,ORD007439,CANCEL,,,
7441,ORD007441,LIMIT,SELL,100.18,79
7442,ORD007442,LIMIT,SELL,100.74,25
7443,ORD007441,CANCEL,,,
7444,ORD007444,MARKET,SELL,,40
7445,ORD007445,LIMIT,BUY,98.81,12
7446,ORD007442,CANCEL,,,
7447,ORD007445,CANCEL,,,
7448,ORD007448,LIMIT,BUY,100.05,10
7449,ORD007448,CANCEL,,,
7450,ORD007450,LIMIT,SELL,99.95,74
7451,ORD007450,CANCEL,,,
7452,ORD007452,LIMIT,BUY,98.96,49
7453,ORD007452,CANCEL,,,
7454,ORD007454,LIMIT,BUY,98.58,69
7455,ORD007454,CANCEL,,,
7456,ORD007456,LIMIT,BUY,99.35,97
7457,ORD007456,CANCEL,,,
7458,ORD007458,LIMIT,BUY,98.76,36
7459,ORD007458,CANCEL,,,
7460,ORD007460,LIMIT,SELL,99.94,96
7461,ORD007460,CANCEL,,,
7462,ORD007462,LIMIT,SELL,100.85,30
7463,ORD007463,LIMIT,SELL,100.43,95
7464,ORD007463,CANCEL,,,
7465,ORD007465,LIMIT,SELL,100.77,100
7466,ORD007466,LIMIT,SELL,100.12,72
7467,ORD007466,CANCEL,,,
7468,ORD007468,LIMIT,SELL,100.62,27
7469,ORD007462,CANCEL,,,
7470,ORD007468,CANCEL,,,
7471,ORD007465,CANCEL,,,
7472,ORD007472,LIMIT,SELL,101.66,32
7473,ORD007472,CANCEL,,,
7474,ORD007474,LIMIT,BUY,98.24,61
7475,ORD007474,CANCEL,,,
7476,ORD007476,LIMIT,BUY,99.31,1
7477,ORD007476,CANCEL,,,
7478,ORD007478,LIMIT,SELL,100.19,37
7479,ORD007479,LIMIT,SELL,100.79,56
7480,ORD007479,CANCEL,,,
7481,ORD007478,CANCEL,,,
7482,ORD007482,LIMIT,SELL,101.64,3
7483,ORD007483,LIMIT,SELL,99.71,34
7484,ORD007482,CANCEL,,,
7485,ORD007483,CANCEL,,,
7486,ORD007486,LIMIT,SELL,101.88,58
7487,ORD007486,CANCEL,,,
7488,ORD007488,LIMIT,SELL,101.32,1
7489,ORD007488,CANCEL,,,
7490,ORD007490,LIMIT,SELL,101.22,50
7491,ORD007490,CANCEL,,,
7492,ORD007492,LIMIT,BUY,99.74,48
7493,ORD007492,CANCEL,,,
7494,ORD007494,MARKET,SELL,,36
7495,ORD007495,LIMIT,BUY,99.95,53
7496,ORD007496,LIMIT,BUY,98.78,18
7497,ORD007497,LIMIT,SELL,101.49,56
7498,ORD007497,CANCEL,,,
7499,ORD007495,CANCEL,,,
7500,ORD007500,LIMIT,SELL,101.9,17
7501,ORD007496,CANCEL,,,
7502,ORD007500,CANCEL,,,
7503,ORD007503,LIMIT,BUY,100.19,39
7504,ORD007503,CANCEL,,,
7505,ORD007505,LIMIT,BUY,98.72,32
7506,ORD007506,LIMIT,SELL,101.67,86
7507,ORD007506,CANCEL,,,
7508,ORD007505,CANCEL,,,
7509,ORD007509,MARKET,BUY,,11
7510,ORD007510,LIMIT,BUY,99.45,77
7511,ORD007510,CANCEL,,,
7512,ORD007512,LIMIT,SELL,100.76,48
7513,ORD007512,CANCEL,,,
7514,ORD007514,LIMIT,SELL,99.62,28
7515,ORD007514,CANCEL,,,
7516,ORD007516,LIMIT,BUY,98.54,39
7517,ORD007516,CANCEL,,,
7518,ORD007518,LIMIT,SELL,101.45,49
7519,ORD007519,LIMIT,BUY,99.34,87
7520,ORD007520,LIMIT,BUY,99.1,54
7521,ORD007520,CANCEL,,,
7522,ORD007522,LIMIT,BUY,98.55,16
7523,ORD007523,LIMIT,SELL,100.39,60
7524,ORD007524,LIMIT,BUY,100.23,50
7525,ORD007523,CANCEL,,,
7526,ORD007522,CANCEL,,,
7527,ORD007524,CANCEL,,,
7528,ORD007519,CANCEL,,,
7529,ORD007529,LIMIT,SELL,101.92,48
7530,ORD007529,CANCEL,,,
7531,ORD007518,CANCEL,,,
7532,ORD007532,LIMIT,SELL,100.39,25
7533,ORD007532,CANCEL,,,
7534,ORD007534,LIMIT,BUY,99.96,61
7535,ORD007534,CANCEL,,,
7536,ORD007536,MARKET,SELL,,20
7537,ORD007537,LIMIT,SELL,100.39,40
7538,ORD007537,CANCEL,,,
7539,ORD007539,LIMIT,BUY,99.89,99
7540,ORD007539,CANCEL,,,
7541,ORD007541,LIMIT,BUY,99.61,6
7542,ORD007541,CANCEL,,,
7543,ORD007543,LIMIT,SELL,100.39,65
7544,ORD007543,CANCEL,,,
7545,ORD007545,LIMIT,SELL,101.96,43
7546,ORD007545,CANCEL,,,
7547,ORD007547,LIMIT,SELL,101.78,87
7548,ORD007547,CANCEL,,,
7549,ORD007549,LIMIT,BUY,100.29,86
7550,ORD007550,LIMIT,BUY,98.07,74
7551,ORD007551,LIMIT,BUY,98.61,40
7552,ORD007551,CANCEL,,,
7553,ORD007550,CANCEL,,,
7554,ORD007549,CANCEL,,,
7555,ORD007555,LIMIT,BUY,98.25,41
7556,ORD007555,CANCEL,,,
7557,ORD007557,LIMIT,SELL,99.69,94
7558,ORD007557,CANCEL,,,
7559,ORD007559,LIMIT,BUY,99.91,53
7560,ORD007559,CANCEL,,,
7561,ORD007561,LIMIT,SELL,100.53,86
7562,ORD007561,CANCEL,,,
7563,ORD007563,LIMIT,BUY,98.04,48
7564,ORD007564,LIMIT,SELL,101.94,76
7565,ORD007563,CANCEL,,,
7566,ORD007564,CANCEL,,,
7567,ORD007567,MARKET,BUY,,24
7568,ORD007568,LIMIT,BUY,100.27,3
7569,ORD007568,CANCEL,,,
7570,ORD007570,LIMIT,SELL,99.89,33
7571,ORD007570,CANCEL,,,
7572,ORD007572,LIMIT,BUY,98.94,40
7573,ORD007572,CANCEL,,,
7574,ORD007574,LIMIT,BUY,100.1,33
7575,ORD007574,CANCEL,,,
7576,ORD007576,LIMIT,SELL,100.26,17
7577,ORD007576,CANCEL,,,
7578,ORD007578,LIMIT,SELL,101.83,96
7579,ORD007579,LIMIT,BUY,98.56,65
7580,ORD007578,CANCEL,,,
7581,ORD007581,LIMIT,BUY,99.87,90
7582,ORD007582,LIMIT,SELL,101.81,64
7583,ORD007579,CANCEL,,,
7584,ORD007581,CANCEL,,,
7585,ORD007585,LIMIT,BUY,98.47,19
7586,ORD007585,CANCEL,,,
7587,ORD007582,CANCEL,,,
7588,ORD007588,LIMIT,BUY,100.38,68
7589,ORD007589,LIMIT,SELL,101.23,63
7590,ORD007589,CANCEL,,,
7591,ORD007588,CANCEL,,,
7592,ORD007592,LIMIT,SELL,101.19,10
7593,ORD007593,LIMIT,SELL,101.52,15
7594,ORD007593,CANCEL,,,
7595,ORD007595,LIMIT,BUY,98.51,13
7596,ORD007595,CANCEL,,,
7597,ORD007592,CANCEL,,,
7598,ORD007598,LIMIT,BUY,100.48,69
7599,ORD007598,CANCEL,,,
7600,ORD007600,LIMIT,BUY,99.76,23
7601,ORD007600,CANCEL,,,
7602,ORD007602,LIMIT,SELL,101.36,31
7603,ORD007603,LIMIT,BUY,99.84,14
7604,ORD007603,CANCEL,,,
7605,ORD007602,CANCEL,,,
7606,ORD007606,LIMIT,BUY,99.0,26
7607,ORD007606,CANCEL,,,
7608,ORD007608,LIMIT,SELL,101.62,9
7609,ORD007608,CANCEL,,,
7610,ORD007610,LIMIT,SELL,100.62,69
7611,ORD007610,CANCEL,,,
7612,ORD007612,LIMIT,SELL,100.87,85
7613,ORD007613,LIMIT,SELL,101.35,91
7614,ORD007613,CANCEL,,,
7615,ORD007612,CANCEL,,,
7616,ORD007616,LIMIT,BUY,98.25,53
7617,ORD007617,LIMIT,SELL,99.64,40
7618,ORD007616,CANCEL,,,
7619,ORD007617,CANCEL,,,
7620,ORD007620,LIMIT,SELL,100.45,79
7621,ORD007620,CANCEL,,,
7622,ORD007622,LIMIT,BUY,98.63,95
7623,ORD007622,CANCEL,,,
7624,ORD007624,LIMIT,BUY,98.21,64
7625,ORD007624,CANCEL,,,
7626,ORD007626,LIMIT,SELL,100.92,49
7627,ORD007627,LIMIT,BUY,99.58,64
7628,ORD007626,CANCEL,,,
7629,ORD007629,LIMIT,BUY,98.58,85
7630,ORD007630,LIMIT,SELL,101.4,71
7631,ORD007627,CANCEL,,,
7632,ORD007632,LIMIT,BUY,98.12,83
7633,ORD007630,CANCEL,,,
7634,ORD007632,CANCEL,,,
7635,ORD007635,LIMIT,SELL,100.89,16
7636,ORD007635,CANCEL,,,
7637,ORD007629,CANCEL,,,
7638,ORD007638,LIMIT,BUY,100.49,83
7639,ORD007638,CANCEL,,,
7640,ORD007640,MARKET,SELL,,49
7641,ORD007641,LIMIT,BUY,100.34,24
7642,ORD007641,CANCEL,,,
7643,ORD007643,LIMIT,SELL,100.16,52
7644,ORD007643,CANCEL,,,
7645,ORD007645,LIMIT,BUY,98.21,65
7646,ORD007646,LIMIT,SELL,101.91,34
7647,ORD007645,CANCEL,,,
7648,ORD007648,LIMIT,SELL,100.39,18
7649,ORD007648,CANCEL,,,
7650,ORD007646,CANCEL,,,
7651,ORD007651,LIMIT,SELL,101.24,79
7652,ORD007651,CANCEL,,,
7653,ORD007653,LIMIT,SELL,99.63,83
7654,ORD007653,CANCEL,,,
7655,ORD007655,LIMIT,BUY,100.48,94
7656,ORD007656,MARKET,SELL,,36
7657,ORD007655,CANCEL,,,
7658,ORD007658,LIMIT,SELL,99.7,74
7659,ORD007658,CANCEL,,,
7660,ORD007660,LIMIT,BUY,99.9,94
7661,ORD007660,CANCEL,,,
7662,ORD007662,LIMIT,BUY,99.42,40
7663,ORD007662,CANCEL,,,
7664,ORD007664,LIMIT,BUY,98.58,57
7665,ORD007664,CANCEL,,,
7666,ORD007666,LIMIT,BUY,99.02,28
7667,ORD007666,CANCEL,,,
7668,ORD007668,LIMIT,BUY,98.98,2
7669,ORD007669,LIMIT,SELL,101.4,52
7670,ORD007670,LIMIT,SELL,100.33,89
7671,ORD007670,CANCEL,,,
7672,ORD007672,LIMIT,SELL,101.85,69
7673,ORD007668,CANCEL,,,
7674,ORD007669,CANCEL,,,
7675,ORD007675,LIMIT,BUY,98.28,28
7676,ORD007675,CANCEL,,,
7677,ORD007672,CANCEL,,,
7678,ORD007678,LIMIT,SELL,101.32,88
7679,ORD007679,LIMIT,SELL,100.52,64
7680,ORD007679,CANCEL,,,
7681,ORD007678,CANCEL,,,
7682,ORD007682,LIMIT,SELL,100.94,74
7683,ORD007682,CANCEL,,,
7684,ORD007684,LIMIT,SELL,99.7,62
7685,ORD007684,CANCEL,,,
7686,ORD007686,LIMIT,SELL,99.9,65
7687,ORD007687,LIMIT,SELL,101.27,36
7688,ORD007686,CANCEL,,,
7689,ORD007689,LIMIT,SELL,100.46,21
7690,ORD007689,CANCEL,,,
7691,ORD007691,LIMIT,BUY,99.55,55
7692,ORD007687,CANCEL,,,
7693,ORD007691,CANCEL,,,
7694,ORD007694,LIMIT,SELL,100.4,83
7695,ORD007694,CANCEL,,,
7696,ORD007696,LIMIT,SELL,100.57,93
7697,ORD007696,CANCEL,,,
7698,ORD007698,LIMIT,BUY,99.26,24
7699,ORD007698,CANCEL,,,
7700,ORD007700,LIMIT,BUY,98.21,95
7701,ORD007700,CANCEL,,,
7702,ORD007702,LIMIT,BUY,98.7,17
7703,ORD007702,CANCEL,,,
7704,ORD007704,LIMIT,BUY,99.03,7
7705,ORD007704,CANCEL,,,
7706,ORD007706,LIMIT,BUY,100.01,65
7707,ORD007707,MARKET,SELL,,27
7708,ORD007706,CANCEL,,,
7709,ORD007709,LIMIT,BUY,98.83,29
7710,ORD007709,CANCEL,,,
7711,ORD007711,LIMIT,SELL,101.37,14
7712,ORD007712,LIMIT,SELL,100.54,3
7713,ORD007711,CANCEL,,,
7714,ORD007714,LIMIT,BUY,99.09,35
7715,ORD007715,LIMIT,SELL,99.84,18
7716,ORD007714,CANCEL,,,
7717,ORD007717,LIMIT,SELL,101.63,39
7718,ORD007712,CANCEL,,,
7719,ORD007715,CANCEL,,,
7720,ORD007720,LIMIT,SELL,101.35,88
7721,ORD007720,CANCEL,,,
7722,ORD007722,LIMIT,BUY,100.2,46
7723,ORD007723,LIMIT,BUY,100.15,87
7724,ORD007722,CANCEL,,,
7725,ORD007725,LIMIT,BUY,98.4,24
7726,ORD007717,CANCEL,,,
7727,ORD007727,LIMIT,SELL,101.1,35
7728,ORD007725,CANCEL,,,
7729,ORD007723,CANCEL,,,
7730,ORD007730,LIMIT,SELL,101.45,73
7731,ORD007727,CANCEL,,,
7732,ORD007730,CANCEL,,,
7733,ORD007733,LIMIT,SELL,99.88,87
7734,ORD007733,CANCEL,,,
7735,ORD007735,LIMIT,SELL,99.91,27
7736,ORD007735,CANCEL,,,
7737,ORD007737,LIMIT,BUY,99.68,32
7738,ORD007737,CANCEL,,,
7739,ORD007739,LIMIT,SELL,100.61,45
7740,ORD007739,CANCEL,,,
7741,ORD007741,LIMIT,BUY,98.9,39
7742,ORD007742,LIMIT,SELL,101.27,82
7743,ORD007743,LIMIT,BUY,99.08,61
7744,ORD007741,CANCEL,,,
7745,ORD007743,CANCEL,,,
7746,ORD007746,LIMIT,BUY,99.81,75
7747,ORD007742,CANCEL,,,
7748,ORD007746,CANCEL,,,
7749,ORD007749,LIMIT,BUY,98.9,60
7750,ORD007749,CANCEL,,,
7751,ORD007751,LIMIT,BUY,98.83,33
7752,ORD007751,CANCEL,,,
7753,ORD007753,LIMIT,SELL,99.68,85
7754,ORD007753,CANCEL,,,
7755,ORD007755,LIMIT,SELL,100.67,65
7756,ORD007755,CANCEL,,,
7757,ORD007757,LIMIT,SELL,101.92,82
7758,ORD007757,CANCEL,,,
7759,ORD007759,LIMIT,SELL,100.44,28
7760,ORD007759,CANCEL,,,
7761,ORD007761,LIMIT,BUY,100.42,45
7762,ORD007761,CANCEL,,,
7763,ORD007763,LIMIT,SELL,100.41,65
7764,ORD007763,CANCEL,,,
7765,ORD007765,LIMIT,BUY,100.27,99
7766,ORD007766,LIMIT,BUY,99.03,31
7767,ORD007766,CANCEL,,,
7768,ORD007765,CANCEL,,,
7769,ORD007769,LIMIT,BUY,100.02,57
7770,ORD007769,CANCEL,,,
7771,ORD007771,LIMIT,SELL,100.72,89
7772,ORD007771,CANCEL,,,
7773,ORD007773,LIMIT,SELL,100.93,6
7774,ORD007773,CANCEL,,,
7775,ORD007775,LIMIT,SELL,101.42,5
7776,ORD007775,CANCEL,,,
7777,ORD007777,LIMIT,SELL,99.69,45
7778,ORD007777,CANCEL,,,
7779,ORD007779,LIMIT,BUY,99.1,5
7780,ORD007780,LIMIT,SELL,101.12,74
7781,ORD007780,CANCEL,,,
7782,ORD007782,LIMIT,BUY,98.78,88
7783,ORD007779,CANCEL,,,
7784,ORD007782,CANCEL,,,
7785,ORD007785,LIMIT,BUY,99.93,75
7786,ORD007785,CANCEL,,,
7787,ORD007787,LIMIT,SELL,101.48,63
7788,ORD007788,LIMIT,SELL,101.49,91
7789,ORD007788,CANCEL,,,
7790,ORD007787,CANCEL,,,
7791,ORD007791,LIMIT,BUY,98.54,100
7792,ORD007791,CANCEL,,,
7793,ORD007793,LIMIT,SELL,101.38,79
7794,ORD007793,CANCEL,,,
7795,ORD007795,LIMIT,SELL,100.27,64
7796,ORD007795,CANCEL,,,
7797,ORD007797,LIMIT,BUY,99.78,94
7798,ORD007797,CANCEL,,,
7799,ORD007799,LIMIT,BUY,98.67,3
7800,ORD007799,CANCEL,,,
7801,ORD007801,LIMIT,SELL,100.07,47
7802,ORD007802,LIMIT,SELL,100.9,20
7803,ORD007801,CANCEL,,,
7804,ORD007802,CANCEL,,,
7805,ORD007805,LIMIT,SELL,101.32,76
7806,ORD007806,LIMIT,BUY,99.27,98
7807,ORD007806,CANCEL,,,
7808,ORD007808,LIMIT,BUY,98.32,17
7809,ORD007809,LIMIT,BUY,99.57,22
7810,ORD007805,CANCEL,,,
7811,ORD007811,LIMIT,BUY,99.46,83
7812,ORD007808,CANCEL,,,
7813,ORD007813,LIMIT,SELL,101.4,41
7814,ORD007811,CANCEL,,,
7815,ORD007813,CANCEL,,,
7816,ORD007809,CANCEL,,,
7817,ORD007817,LIMIT,BUY,100.05,36
7818,ORD007817,CANCEL,,,
7819,ORD007819,LIMIT,BUY,99.72,86
7820,ORD007820,LIMIT,SELL,100.46,58
7821,ORD007819,CANCEL,,,
7822,ORD007820,CANCEL,,,
7823,ORD007823,LIMIT,BUY,98.54,93
7824,ORD007823,CANCEL,,,
7825,ORD007825,LIMIT,SELL,101.85,34
7826,ORD007825,CANCEL,,,
7827,ORD007827,LIMIT,BUY,99.31,26
7828,ORD007827,CANCEL,,,
7829,ORD007829,LIMIT,BUY,99.11,70
7830,ORD007829,CANCEL,,,
7831,ORD007831,LIMIT,BUY,100.2,51
7832,ORD007832,LIMIT,SELL,99.62,74
7833,ORD007832,CANCEL,,,
7834,ORD007831,CANCEL,,,
7835,ORD007835,LIMIT,BUY,98.94,95
7836,ORD007835,CANCEL,,,
7837,ORD007837,LIMIT,SELL,99.66,54
7838,ORD007837,CANCEL,,,
7839,ORD007839,LIMIT,BUY,99.31,67
7840,ORD007839,CANCEL,,,
7841,ORD007841,LIMIT,BUY,100.03,29
7842,ORD007841,CANCEL,,,
7843,ORD007843,LIMIT,SELL,101.49,33
7844,ORD007843,CANCEL,,,
7845,ORD007845,LIMIT,BUY,98.81,88
7846,ORD007846,LIMIT,BUY,100.28,73
7847,ORD007846,CANCEL,,,
7848,ORD007845,CANCEL,,,
7849,ORD007849,LIMIT,SELL,102.0,91
7850,ORD007850,LIMIT,SELL,99.81,9
7851,ORD007851,LIMIT,SELL,99.75,51
7852,ORD007852,LIMIT,BUY,99.16,2
7853,ORD007850,CANCEL,,,
7854,ORD007851,CANCEL,,,
7855,ORD007855,LIMIT,BUY,99.59,51
7856,ORD007856,LIMIT,SELL,100.5,1
7857,ORD007849,CANCEL,,,
7858,ORD007856,CANCEL,,,
7859,ORD007859,LIMIT,BUY,99.28,47
7860,ORD007860,LIMIT,BUY,100.11,78
7861,ORD007859,CANCEL,,,
7862,ORD007860,CANCEL,,,
7863,ORD007863,LIMIT,BUY,99.55,11
7864,ORD007855,CANCEL,,,
7865,ORD007863,CANCEL,,,
7866,ORD007866,LIMIT,SELL,101.8,49
7867,ORD007866,CANCEL,,,
7868,ORD007852,CANCEL,,,
7869,ORD007869,MARKET,SELL,,98
7870,ORD007870,LIMIT,BUY,99.43,48
7871,ORD007870,CANCEL,,,
7872,ORD007872,LIMIT,BUY,98.85,98
7873,ORD007873,LIMIT,SELL,101.82,11
7874,ORD007874,LIMIT,BUY,98.86,65
7875,ORD007872,CANCEL,,,
7876,ORD007876,LIMIT,SELL,100.13,90
7877,ORD007874,CANCEL,,,
7878,ORD007876,CANCEL,,,
7879,ORD007873,CANCEL,,,
7880,ORD007880,LIMIT,SELL,100.62,72
7881,ORD007880,CANCEL,,,
7882,ORD007882,LIMIT,SELL,101.66,56
7883,ORD007883,LIMIT,BUY,98.56,42
7884,ORD007884,LIMIT,SELL,101.17,30
7885,ORD007885,LIMIT,SELL,99.61,29
7886,ORD007885,CANCEL,,,
7887,ORD007887,LIMIT,SELL,101.39,64
7888,ORD007888,LIMIT,SELL,100.35,100
7889,ORD007888,CANCEL,,,
7890,ORD007882,CANCEL,,,
7891,ORD007887,CANCEL,,,
7892,ORD007892,LIMIT,SELL,100.04,15
7893,ORD007884,CANCEL,,,
7894,ORD007892,CANCEL,,,
7895,ORD007895,LIMIT,BUY,99.14,100
7896,ORD007896,LIMIT,SELL,101.3,39
7897,ORD007897,LIMIT,SELL,99.76,7
7898,ORD007897,CANCEL,,,
7899,ORD007895,CANCEL,,,
7900,ORD007896,CANCEL,,,
7901,ORD007883,CANCEL,,,
7902,ORD007902,LIMIT,SELL,100.47,74
7903,ORD007902,CANCEL,,,
7904,ORD007904,LIMIT,BUY,99.45,78
7905,ORD007904,CANCEL,,,
7906,ORD007906,LIMIT,SELL,99.53,56
7907,ORD007906,CANCEL,,,
7908,ORD007908,LIMIT,SELL,100.8,53
7909,ORD007909,MARKET,SELL,,99
7910,ORD007910,LIMIT,SELL,100.6,48
7911,ORD007908,CANCEL,,,
7912,ORD007910,CANCEL,,,
7913,ORD007913,LIMIT,BUY,99.47,96
7914,ORD007914,LIMIT,SELL,101.46,8
7915,ORD007915,LIMIT,BUY,98.31,71
7916,ORD007913,CANCEL,,,
7917,ORD007914,CANCEL,,,
7918,ORD007915,CANCEL,,,
7919,ORD007919,LIMIT,BUY,99.71,100
7920,ORD007919,CANCEL,,,
7921,ORD007921,LIMIT,BUY,98.95,52
7922,ORD007922,LIMIT,BUY,100.38,49
7923,ORD007922,CANCEL,,,
7924,ORD007924,LIMIT,BUY,98.86,17
7925,ORD007924,CANCEL,,,
7926,ORD007921,CANCEL,,,
7927,ORD007927,LIMIT,BUY,98.23,65
7928,ORD007927,CANCEL,,,
7929,ORD007929,MARKET,BUY,,49
7930,ORD007930,LIMIT,SELL,101.71,72
7931,ORD007930,CANCEL,,,
7932,ORD007932,LIMIT,SELL,99.79,75
7933,ORD007932,CANCEL,,,
7934,ORD007934,LIMIT,SELL,100.28,19
7935,ORD007934,CANCEL,,,
7936,ORD007936,LIMIT,SELL,101.98,17
7937,ORD007936,CANCEL,,,
7938,ORD007938,LIMIT,SELL,101.09,58
7939,ORD007938,CANCEL,,,
7940,ORD007940,LIMIT,BUY,99.48,17
7941,ORD007940,CANCEL,,,
7942,ORD007942,MARKET,SELL,,12
7943,ORD007943,LIMIT,SELL,101.91,27
7944,ORD007944,LIMIT,BUY,99.18,68
7945,ORD007945,LIMIT,BUY,99.3,26
7946,ORD007946,LIMIT,BUY,98.39,40
7947,ORD007946,CANCEL,,,
7948,ORD007943,CANCEL,,,
7949,ORD007945,CANCEL,,,
7950,ORD007944,CANCEL,,,
7951,ORD007951,LIMIT,BUY,98.46,72
7952,ORD007951,CANCEL,,,
7953,ORD007953,LIMIT,SELL,99.6,68
7954,ORD007953,CANCEL,,,
7955,ORD007955,LIMIT,BUY,98.37,21
7956,ORD007956,LIMIT,BUY,100.22,47
7957,ORD007956,CANCEL,,,
7958,ORD007955,CANCEL,,,
7959,ORD007959,LIMIT,BUY,99.74,8
7960,ORD007960,LIMIT,SELL,99.83,60
7961,ORD007959,CANCEL,,,
7962,ORD007962,LIMIT,SELL,101.2,74
7963,ORD007962,CANCEL,,,
7964,ORD007960,CANCEL,,,
7965,ORD007965,LIMIT,SELL,100.84,99
7966,ORD007965,CANCEL,,,
7967,ORD007967,LIMIT,SELL,100.73,31
7968,ORD007967,CANCEL,,,
7969,ORD007969,LIMIT,BUY,99.99,34
7970,ORD007969,CANCEL,,,
7971,ORD007971,LIMIT,SELL,100.17,85
7972,ORD007971,CANCEL,,,
7973,ORD007973,MARKET,SELL,,47
7974,ORD007974,LIMIT,BUY,99.24,62
7975,ORD007974,CANCEL,,,
7976,ORD007976,LIMIT,SELL,99.83,16
7977,ORD007977,LIMIT,BUY,99.8,17
7978,ORD007976,CANCEL,,,
7979,ORD007979,LIMIT,SELL,101.58,74
7980,ORD007977,CANCEL,,,
7981,ORD007981,LIMIT,SELL,100.98,14
7982,ORD007981,CANCEL,,,
7983,ORD007983,LIMIT,BUY,100.11,78
7984,ORD007979,CANCEL,,,
7985,ORD007983,CANCEL,,,
7986,ORD007986,LIMIT,SELL,101.84,39
7987,ORD007986,CANCEL,,,
7988,ORD007988,LIMIT,SELL,100.25,60
7989,ORD007989,LIMIT,SELL,99.83,77
7990,ORD007988,CANCEL,,,
7991,ORD007989,CANCEL,,,
7992,ORD007992,LIMIT,SELL,100.09,83
7993,ORD007992,CANCEL,,,
7994,ORD007994,LIMIT,SELL,101.09,26
7995,ORD007994,CANCEL,,,
7996,ORD007996,LIMIT,SELL,99.91,49
7997,ORD007996,CANCEL,,,
7998,ORD007998,LIMIT,SELL,101.63,29
7999,ORD007999,LIMIT,BUY,99.53,74
8000,ORD007998,CANCEL,,,
8001,ORD007999,CANCEL,,,
8002,ORD008002,LIMIT,BUY,99.45,54
8003,ORD008003,LIMIT,BUY,99.42,2
8004,ORD008003,CANCEL,,,
8005,ORD008002,CANCEL,,,
8006,ORD008006,LIMIT,SELL,101.7,52
8007,ORD008006,CANCEL,,,
8008,ORD008008,LIMIT,SELL,101.81,29
8009,ORD008008,CANCEL,,,
8010,ORD008010,LIMIT,BUY,98.67,81
8011,ORD008011,LIMIT,BUY,98.37,31
8012,ORD008010,CANCEL,,,
8013,ORD008013,LIMIT,BUY,98.99,9
8014,ORD008013,CANCEL,,,
8015,ORD008011,CANCEL,,,
8016,ORD008016,LIMIT,BUY,98.31,79
8017,ORD008017,LIMIT,BUY,99.53,95
8018,ORD008017,CANCEL,,,
8019,ORD008016,CANCEL,,,
8020,ORD008020,LIMIT,SELL,101.21,89
8021,ORD008020,CANCEL,,,
8022,ORD008022,LIMIT,BUY,98.62,77
8023,ORD008022,CANCEL,,,
8024,ORD008024,LIMIT,BUY,99.16,100
8025,ORD008024,CANCEL,,,
8026,ORD008026,LIMIT,BUY,99.41,74
8027,ORD008026,CANCEL,,,
8028,ORD008028,LIMIT,SELL,101.66,83
8029,ORD008028,CANCEL,,,
8030,ORD008030,LIMIT,SELL,101.34,42
8031,ORD008030,CANCEL,,,
8032,ORD008032,LIMIT,SELL,100.12,52
8033,ORD008032,CANCEL,,,
8034,ORD008034,LIMIT,BUY,99.11,47
8035,ORD008035,LIMIT,SELL,100.06,26
8036,ORD008034,CANCEL,,,
8037,ORD008035,CANCEL,,,
8038,ORD008038,LIMIT,SELL,100.03,100
8039,ORD008038,CANCEL,,,
8040,ORD008040,LIMIT,SELL,100.67,89
8041,ORD008040,CANCEL,,,
8042,ORD008042,LIMIT,BUY,98.62,62
8043,ORD008042,CANCEL,,,
8044,ORD008044,LIMIT,BUY,100.46,55
8045,ORD008044,CANCEL,,,
8046,ORD008046,LIMIT,SELL,99.55,73
8047,ORD008046,CANCEL,,,
8048,ORD008048,LIMIT,SELL,100.1,45
8049,ORD008048,CANCEL,,,
8050,ORD008050,LIMIT,BUY,98.33,13
8051,ORD008051,LIMIT,SELL,100.41,46
8052,ORD008051,CANCEL,,,
8053,ORD008050,CANCEL,,,
8054,ORD008054,LIMIT,BUY,98.38,83
8055,ORD008055,LIMIT,SELL,100.48,10
8056,ORD008054,CANCEL,,,
8057,ORD008055,CANCEL,,,
8058,ORD008058,LIMIT,BUY,99.28,5
8059,ORD008059,LIMIT,BUY,100.11,94
8060,ORD008060,LIMIT,SELL,100.37,96
8061,ORD008060,CANCEL,,,
8062,ORD008059,CANCEL,,,
8063,ORD008063,LIMIT,BUY,100.19,15
8064,ORD008063,CANCEL,,,
8065,ORD008065,LIMIT,SELL,101.87,51
8066,ORD008058,CANCEL,,,
8067,ORD008065,CANCEL,,,
8068,ORD008068,LIMIT,SELL,101.6,56
8069,ORD008068,CANCEL,,,
8070,ORD008070,LIMIT,BUY,100.18,85
8071,ORD008070,CANCEL,,,
8072,ORD008072,MARKET,BUY,,100
8073,ORD008073,LIMIT,SELL,100.28,38
8074,ORD008073,CANCEL,,,
8075,ORD008075,LIMIT,SELL,100.4,84
8076,ORD008075,CANCEL,,,
8077,ORD008077,LIMIT,BUY,99.71,89
8078,ORD008078,LIMIT,BUY,99.26,96
8079,ORD008079,LIMIT,BUY,98.2,37
8080,ORD008080,LIMIT,SELL,101.62,94
8081,ORD008078,CANCEL,,,
8082,ORD008080,CANCEL,,,
8083,ORD008077,CANCEL,,,
8084,ORD008079,CANCEL,,,
8085,ORD008085,LIMIT,SELL,100.46,32
8086,ORD008085,CANCEL,,,
8087,ORD008087,LIMIT,SELL,101.33,12
8088,ORD008087,CANCEL,,,
8089,ORD008089,LIMIT,BUY,99.57,85
8090,ORD008089,CANCEL,,,
8091,ORD008091,LIMIT,BUY,98.44,5
8092,ORD008091,CANCEL,,,
8093,ORD008093,LIMIT,BUY,99.81,71
8094,ORD008093,CANCEL,,,
8095,ORD008095,LIMIT,BUY,98.88,37
8096,ORD008095,CANCEL,,,
8097,ORD008097,LIMIT,BUY,98.55,99
8098,ORD008097,CANCEL,,,
8099,ORD008099,LIMIT,SELL,100.14,37
8100,ORD008099,CANCEL,,,
8101,ORD008101,LIMIT,BUY,99.2,73
8102,ORD008101,CANCEL,,,
8103,ORD008103,LIMIT,SELL,99.67,72
8104,ORD008103,CANCEL,,,
8105,ORD008105,LIMIT,BUY,98.89,6
8106,ORD008105,CANCEL,,,
8107,ORD008107,LIMIT,BUY,98.62,97
8108,ORD008107,CANCEL,,,
8109,ORD008109,LIMIT,SELL,101.83,3
8110,ORD008110,LIMIT,BUY,100.09,45
8111,ORD008109,CANCEL,,,
8112,ORD008110,CANCEL,,,
8113,ORD008113,LIMIT,SELL,99.55,26
8114,ORD008113,CANCEL,,,
8115,ORD008115,LIMIT,SELL,101.46,54
8116,ORD008115,CANCEL,,,
8117,ORD008117,MARKET,BUY,,14
8118,ORD008118,LIMIT,BUY,98.94,38
8119,ORD008118,CANCEL,,,
8120,ORD008120,LIMIT,SELL,101.98,65
8121,ORD008121,LIMIT,BUY,99.47,71
8122,ORD008122,LIMIT,SELL,100.65,67
8123,ORD008120,CANCEL,,,
8124,ORD008121,CANCEL,,,
8125,ORD008122,CANCEL,,,
8126,ORD008126,LIMIT,SELL,100.05,86
8127,ORD008126,CANCEL,,,
8128,ORD008128,LIMIT,SELL,99.89,40
8129,ORD008128,CANCEL,,,
8130,ORD008130,LIMIT,SELL,101.28,14
8131,ORD008130,CANCEL,,,
8132,ORD008132,LIMIT,SELL,100.47,66
8133,ORD008132,CANCEL,,,
8134,ORD008134,LIMIT,SELL,100.34,58
8135,ORD008135,LIMIT,SELL,99.91,32
8136,ORD008134,CANCEL,,,
8137,ORD008137,MARKET,SELL,,49
8138,ORD008138,LIMIT,SELL,101.94,14
8139,ORD008135,CANCEL,,,
8140,ORD008138,CANCEL,,,
8141,ORD008141,LIMIT,BUY,100.13,22
8142,ORD008142,LIMIT,BUY,99.03,56
8143,ORD008141,CANCEL,,,
8144,ORD008144,LIMIT,BUY,99.22,71
8145,ORD008144,CANCEL,,,
8146,ORD008142,CANCEL,,,
8147,ORD008147,LIMIT,SELL,100.54,42
8148,ORD008147,CANCEL,,,
8149,ORD008149,LIMIT,SELL,99.89,19
8150,ORD008149,CANCEL,,,
8151,ORD008151,LIMIT,BUY,99.36,51
8152,ORD008151,CANCEL,,,
8153,ORD008153,LIMIT,SELL,99.69,47
8154,ORD008153,CANCEL,,,
8155,ORD008155,LIMIT,BUY,98.08,20
8156,ORD008155,CANCEL,,,
8157,ORD008157,LIMIT,BUY,99.97,78
8158,ORD008158,MARKET,SELL,,11
8159,ORD008157,CANCEL,,,
8160,ORD008160,LIMIT,BUY,99.42,96
8161,ORD008160,CANCEL,,,
8162,ORD008162,LIMIT,BUY,100.12,49
8163,ORD008163,LIMIT,BUY,99.82,53
8164,ORD008162,CANCEL,,,
8165,ORD008163,CANCEL,,,
8166,ORD008166,LIMIT,BUY,98.5,9
8167,ORD008166,CANCEL,,,
8168,ORD008168,LIMIT,BUY,100.37,44
8169,ORD008169,LIMIT,BUY,99.59,57
8170,ORD008170,LIMIT,BUY,99.13,65
8171,ORD008168,CANCEL,,,
8172,ORD008170,CANCEL,,,
8173,ORD008173,LIMIT,SELL,100.24,65
8174,ORD008169,CANCEL,,,
8175,ORD008173,CANCEL,,,
8176,ORD008176,LIMIT,SELL,100.47,41
8177,ORD008176,CANCEL,,,
8178,ORD008178,LIMIT,SELL,101.48,59
8179,ORD008179,LIMIT,BUY,100.14,58
8180,ORD008179,CANCEL,,,
8181,ORD008178,CANCEL,,,
8182,ORD008182,LIMIT,BUY,98.98,79
8183,ORD008182,CANCEL,,,
8184,ORD008184,LIMIT,SELL,99.68,50
8185,ORD008184,CANCEL,,,
8186,ORD008186,LIMIT,SELL,101.85,90
8187,ORD008186,CANCEL,,,
8188,ORD008188,LIMIT,SELL,101.21,5
8189,ORD008188,CANCEL,,,
8190,ORD008190,LIMIT,SELL,99.74,42
8191,ORD008190,CANCEL,,,
8192,ORD008192,MARKET,SELL,,36
8193,ORD008193,LIMIT,SELL,100.25,72
8194,ORD008193,CANCEL,,,
8195,ORD008195,LIMIT,BUY,100.25,32
8196,ORD008195,CANCEL,,,
8197,ORD008197,LIMIT,BUY,99.14,60
8198,ORD008197,CANCEL,,,
8199,ORD008199,LIMIT,BUY,98.78,40
8200,ORD008199,CANCEL,,,
8201,ORD008201,LIMIT,BUY,98.26,10
8202,ORD008201,CANCEL,,,
8203,ORD008203,LIMIT,BUY,98.06,12
8204,ORD008203,CANCEL,,,
8205,ORD008205,LIMIT,SELL,100.98,58
8206,ORD008205,CANCEL,,,
8207,ORD008207,LIMIT,SELL,101.33,90
8208,ORD008208,LIMIT,SELL,100.07,14
8209,ORD008207,CANCEL,,,
8210,ORD008210,LIMIT,BUY,100.27,97
8211,ORD008208,CANCEL,,,
8212,ORD008210,CANCEL,,,
8213,ORD008213,LIMIT,BUY,99.79,95
8214,ORD008213,CANCEL,,,
8215,ORD008215,LIMIT,SELL,100.92,39
8216,ORD008216,LIMIT,BUY,99.24,93
8217,ORD008215,CANCEL,,,
8218,ORD008218,LIMIT,SELL,100.44,43
8219,ORD008219,LIMIT,BUY,98.38,62
8220,ORD008218,CANCEL,,,
8221,ORD008216,CANCEL,,,
8222,ORD008219,CANCEL,,,
8223,ORD008223,LIMIT,BUY,98.5,16
8224,ORD008224,LIMIT,SELL,100.48,5
8225,ORD008224,CANCEL,,,
8226,ORD008223,CANCEL,,,
8227,ORD008227,LIMIT,BUY,99.16,17
8228,ORD008227,CANCEL,,,
8229,ORD008229,MARKET,SELL,,90
8230,ORD008230,LIMIT,BUY,98.93,34
8231,ORD008230,CANCEL,,,
8232,ORD008232,MARKET,SELL,,38
8233,ORD008233,LIMIT,SELL,99.51,30
8234,ORD008233,CANCEL,,,
8235,ORD008235,LIMIT,BUY,100.1,13
8236,ORD008236,LIMIT,SELL,101.37,20
8237,ORD008235,CANCEL,,,
8238,ORD008236,CANCEL,,,
8239,ORD008239,LIMIT,BUY,98.13,7
8240,ORD008239,CANCEL,,,
8241,ORD008241,LIMIT,BUY,98.82,10
8242,ORD008241,CANCEL,,,
8243,ORD008243,LIMIT,SELL,101.92,96
8244,ORD008243,CANCEL,,,
8245,ORD008245,LIMIT,BUY,98.0,87
8246,ORD008246,LIMIT,BUY,98.48,39
8247,ORD008246,CANCEL,,,
8248,ORD008248,LIMIT,BUY,99.72,91
8249,ORD008249,LIMIT,SELL,99.99,28
8250,ORD008248,CANCEL,,,
8251,ORD008245,CANCEL,,,
8252,ORD008249,CANCEL,,,
8253,ORD008253,LIMIT,BUY,99.03,47
8254,ORD008254,LIMIT,SELL,99.85,10
8255,ORD008255,LIMIT,BUY,98.05,28
8256,ORD008256,LIMIT,SELL,99.8,50
8257,ORD008254,CANCEL,,,
8258,ORD008258,LIMIT,BUY,98.65,15
8259,ORD008258,CANCEL,,,
8260,ORD008255,CANCEL,,,
8261,ORD008256,CANCEL,,,
8262,ORD008262,LIMIT,BUY,99.16,36
8263,ORD008253,CANCEL,,,
8264,ORD008262,CANCEL,,,
8265,ORD008265,LIMIT,BUY,100.44,18
8266,ORD008266,LIMIT,BUY,99.59,52
8267,ORD008267,LIMIT,BUY,100.22,31
8268,ORD008266,CANCEL,,,
8269,ORD008267,CANCEL,,,
8270,ORD008270,LIMIT,BUY,98.78,79
8271,ORD008270,CANCEL,,,
8272,ORD008265,CANCEL,,,
8273,ORD008273,LIMIT,BUY,99.87,55
8274,ORD008274,LIMIT,SELL,101.68,15
8275,ORD008273,CANCEL,,,
8276,ORD008274,CANCEL,,,
8277,ORD008277,LIMIT,BUY,99.25,11
8278,ORD008278,LIMIT,SELL,100.98,85
8279,ORD008279,LIMIT,BUY,100.27,90
8280,ORD008280,LIMIT,SELL,101.82,7
8281,ORD008279,CANCEL,,,
8282,ORD008280,CANCEL,,,
8283,ORD008278,CANCEL,,,
8284,ORD008284,LIMIT,BUY,98.29,23
8285,ORD008285,LIMIT,SELL,99.56,19
8286,ORD008285,CANCEL,,,
8287,ORD008277,CANCEL,,,
8288,ORD008284,CANCEL,,,
8289,ORD008289,LIMIT,SELL,100.07,59
8290,ORD008290,LIMIT,BUY,98.9,63
8291,ORD008291,LIMIT,SELL,99.67,83
8292,ORD008292,LIMIT,SELL,100.17,11
8293,ORD008292,CANCEL,,,
8294,ORD008290,CANCEL,,,
8295,ORD008295,MARKET,SELL,,91
8296,ORD008289,CANCEL,,,
8297,ORD008297,LIMIT,SELL,100.66,56
8298,ORD008291,CANCEL,,,
8299,ORD008297,CANCEL,,,
8300,ORD008300,LIMIT,BUY,98.08,2
8301,ORD008300,CANCEL,,,
8302,ORD008302,MARKET,BUY,,66
8303,ORD008303,LIMIT,BUY,100.49,72
8304,ORD008303,CANCEL,,,
8305,ORD008305,LIMIT,BUY,98.1,61
8306,ORD008305,CANCEL,,,
8307,ORD008307,LIMIT,SELL,100.57,46
8308,ORD008308,LIMIT,SELL,99.87,1
8309,ORD008307,CANCEL,,,
8310,ORD008308,CANCEL,,,
8311,ORD008311,LIMIT,SELL,100.67,87
8312,ORD008311,CANCEL,,,
8313,ORD008313,LIMIT,SELL,100.02,51
8314,ORD008313,CANCEL,,,
8315,ORD008315,LIMIT,SELL,99.73,91
8316,ORD008315,CANCEL,,,
8317,ORD008317,LIMIT,BUY,99.55,89
8318,ORD008317,CANCEL,,,
8319,ORD008319,LIMIT,BUY,98.43,89
8320,ORD008319,CANCEL,,,
8321,ORD008321,LIMIT,SELL,100.1,5
8322,ORD008321,CANCEL,,,
8323,ORD008323,LIMIT,BUY,99.71,82
8324,ORD008323,CANCEL,,,
8325,ORD008325,LIMIT,BUY,100.45,99
8326,ORD008325,CANCEL,,,
8327,ORD008327,LIMIT,BUY,99.77,29
8328,ORD008327,CANCEL,,,
8329,ORD008329,LIMIT,SELL,100.26,32
8330,ORD008329,CANCEL,,,
8331,ORD008331,LIMIT,SELL,99.66,3
8332,ORD008331,CANCEL,,,
8333,ORD008333,MARKET,SELL,,88
8334,ORD008334,LIMIT,SELL,100.33,4
8335,ORD008334,CANCEL,,,
8336,ORD008336,LIMIT,SELL,101.86,89
8337,ORD008336,CANCEL,,,
8338,ORD008338,LIMIT,SELL,100.4,41
8339,ORD008339,LIMIT,SELL,101.95,54
8340,ORD008338,CANCEL,,,
8341,ORD008339,CANCEL,,,
8342,ORD008342,LIMIT,SELL,100.11,21
8343,ORD008342,CANCEL,,,
8344,ORD008344,LIMIT,BUY,99.62,82
8345,ORD008344,CANCEL,,,
8346,ORD008346,LIMIT,BUY,100.13,40
8347,ORD008346,CANCEL,,,
8348,ORD008348,LIMIT,SELL,101.19,77
8349,ORD008348,CANCEL,,,
8350,ORD008350,LIMIT,SELL,101.54,41
8351,ORD008350,CANCEL,,,
8352,ORD008352,LIMIT,SELL,100.86,69
8353,ORD008352,CANCEL,,,
8354,ORD008354,LIMIT,SELL,100.97,31
8355,ORD008354,CANCEL,,,
8356,ORD008356,LIMIT,BUY,99.48,16
8357,ORD008357,LIMIT,SELL,101.72,40
8358,ORD008358,LIMIT,BUY,100.48,29
8359,ORD008358,CANCEL,,,
8360,ORD008357,CANCEL,,,
8361,ORD008356,CANCEL,,,
8362,ORD008362,MARKET,BUY,,95
8363,ORD008363,LIMIT,SELL,100.61,77
8364,ORD008363,CANCEL,,,
8365,ORD008365,LIMIT,BUY,100.47,71
8366,ORD008365,CANCEL,,,
8367,ORD008367,LIMIT,SELL,99.86,33
8368,ORD008367,CANCEL,,,
8369,ORD008369,MARKET,SELL,,73
8370,ORD008370,LIMIT,SELL,100.93,5
8371,ORD008371,LIMIT,BUY,99.65,22
8372,ORD008370,CANCEL,,,
8373,ORD008371,CANCEL,,,
8374,ORD008374,LIMIT,BUY,99.08,96
8375,ORD008374,CANCEL,,,
8376,ORD008376,LIMIT,SELL,101.76,95
8377,ORD008376,CANCEL,,,
8378,ORD008378,LIMIT,SELL,101.65,77
8379,ORD008378,CANCEL,,,
8380,ORD008380,LIMIT,SELL,101.84,29
8381,ORD008380,CANCEL,,,
8382,ORD008382,LIMIT,SELL,99.86,47
8383,ORD008383,LIMIT,SELL,99.76,99
8384,ORD008384,LIMIT,BUY,99.17,90
8385,ORD008384,CANCEL,,,
8386,ORD008386,LIMIT,BUY,99.18,64
8387,ORD008386,CANCEL,,,
8388,ORD008383,CANCEL,,,
8389,ORD008389,LIMIT,SELL,101.75,85
8390,ORD008389,CANCEL,,,
8391,ORD008382,CANCEL,,,
8392,ORD008392,LIMIT,BUY,98.34,82
8393,ORD008393,LIMIT,SELL,100.08,99
8394,ORD008393,CANCEL,,,
8395,ORD008395,LIMIT,BUY,98.08,94
8396,ORD008395,CANCEL,,,
8397,ORD008392,CANCEL,,,
8398,ORD008398,LIMIT,SELL,101.09,73
8399,ORD008399,LIMIT,SELL,101.26,74
8400,ORD008400,LIMIT,SELL,100.29,65
8401,ORD008401,LIMIT,SELL,101.16,71
8402,ORD008401,CANCEL,,,
8403,ORD008398,CANCEL,,,
8404,ORD008404,LIMIT,BUY,100.39,27
8405,ORD008400,CANCEL,,,
8406,ORD008399,CANCEL,,,
8407,ORD008407,LIMIT,SELL,100.47,88
8408,ORD008407,CANCEL,,,
8409,ORD008409,LIMIT,BUY,98.01,66
8410,ORD008409,CANCEL,,,
8411,ORD008411,LIMIT,BUY,99.79,65
8412,ORD008411,CANCEL,,,
8413,ORD008413,LIMIT,BUY,99.47,44
8414,ORD008413,CANCEL,,,
8415,ORD008415,LIMIT,BUY,98.56,98
8416,ORD008416,LIMIT,BUY,99.71,51
8417,ORD008415,CANCEL,,,
8418,ORD008416,CANCEL,,,
8419,ORD008419,LIMIT,SELL,100.21,58
8420,ORD008419,CANCEL,,,
8421,ORD008421,LIMIT,BUY,99.21,10
8422,ORD008421,CANCEL,,,
8423,ORD008423,LIMIT,BUY,98.78,45
8424,ORD008423,CANCEL,,,
8425,ORD008425,MARKET,BUY,,53
8426,ORD008426,LIMIT,SELL,100.55,40
8427,ORD008426,CANCEL,,,
8428,ORD008428,LIMIT,SELL,99.78,21
8429,ORD008428,CANCEL,,,
8430,ORD008430,LIMIT,BUY,98.37,87
8431,ORD008431,LIMIT,BUY,98.81,57
8432,ORD008432,LIMIT,BUY,98.42,20
8433,ORD008433,LIMIT,BUY,99.58,47
8434,ORD008432,CANCEL,,,
8435,ORD008433,CANCEL,,,
8436,ORD008430,CANCEL,,,
8437,ORD008437,LIMIT,SELL,101.53,44
8438,ORD008431,CANCEL,,,
8439,ORD008437,CANCEL,,,
8440,ORD008440,LIMIT,SELL,100.75,63
8441,ORD008441,LIMIT,SELL,100.04,83
8442,ORD008441,CANCEL,,,
8443,ORD008443,LIMIT,BUY,99.5,34
8444,ORD008443,CANCEL,,,
8445,ORD008440,CANCEL,,,
8446,ORD008446,LIMIT,BUY,98.94,85
8447,ORD008447,LIMIT,BUY,99.06,73
8448,ORD008446,CANCEL,,,
8449,ORD008447,CANCEL,,,
8450,ORD008450,LIMIT,SELL,100.5,59
8451,ORD008451,LIMIT,BUY,100.35,60
8452,ORD008450,CANCEL,,,
8453,ORD008453,LIMIT,BUY,98.14,75
8454,ORD008454,LIMIT,SELL,99.58,56
8455,ORD008451,CANCEL,,,
8456,ORD008456,LIMIT,SELL,99.68,84
8457,ORD008453,CANCEL,,,
8458,ORD008458,LIMIT,BUY,99.59,10
8459,ORD008459,LIMIT,BUY,98.94,84
8460,ORD008456,CANCEL,,,
8461,ORD008459,CANCEL,,,
8462,ORD008458,CANCEL,,,
8463,ORD008463,LIMIT,BUY,98.11,8
8464,ORD008464,LIMIT,BUY,99.28,84
8465,ORD008464,CANCEL,,,
8466,ORD008463,CANCEL,,,
8467,ORD008467,LIMIT,SELL,100.85,57
8468,ORD008468,LIMIT,BUY,98.48,21
8469,ORD008467,CANCEL,,,
8470,ORD008470,LIMIT,BUY,99.44,7
8471,ORD008471,LIMIT,SELL,100.55,65
8472,ORD008468,CANCEL,,,
8473,ORD008473,LIMIT,SELL,99.53,73
8474,ORD008473,CANCEL,,,
8475,ORD008475,LIMIT,SELL,101.88,57
8476,ORD008475,CANCEL,,,
8477,ORD008471,CANCEL,,,
8478,ORD008470,CANCEL,,,
8479,ORD008479,LIMIT,SELL,100.67,71
8480,ORD008480,MARKET,SELL,,1
8481,ORD008481,LIMIT,SELL,100.7,59
8482,ORD008482,LIMIT,BUY,98.22,79
8483,ORD008482,CANCEL,,,
8484,ORD008479,CANCEL,,,
8485,ORD008481,CANCEL,,,
8486,ORD008486,LIMIT,BUY,98.34,19
8487,ORD008487,LIMIT,BUY,99.89,33
8488,ORD008486,CANCEL,,,
8489,ORD008487,CANCEL,,,
8490,ORD008490,LIMIT,BUY,100.35,5
8491,ORD008490,CANCEL,,,
8492,ORD008492,LIMIT,BUY,98.19,83
8493,ORD008492,CANCEL,,,
8494,ORD008494,LIMIT,SELL,99.86,75
8495,ORD008494,CANCEL,,,
8496,ORD008496,LIMIT,SELL,101.21,31
8497,ORD008497,LIMIT,SELL,100.5,3
8498,ORD008496,CANCEL,,,
8499,ORD008499,LIMIT,SELL,100.81,1
8500,ORD008500,LIMIT,BUY,99.73,100
8501,ORD008501,LIMIT,SELL,101.75,47
8502,ORD008501,CANCEL,,,
8503,ORD008497,CANCEL,,,
8504,ORD008504,LIMIT,BUY,98.71,37
8505,ORD008500,CANCEL,,,
8506,ORD008506,LIMIT,SELL,100.99,58
8507,ORD008506,CANCEL,,,
8508,ORD008508,LIMIT,SELL,99.63,9
8509,ORD008508,CANCEL,,,
8510,ORD008510,LIMIT,BUY,98.13,14
8511,ORD008510,CANCEL,,,
8512,ORD008499,CANCEL,,,
8513,ORD008504,CANCEL,,,
8514,ORD008514,LIMIT,SELL,99.91,98
8515,ORD008515,LIMIT,BUY,99.54,5
8516,ORD008514,CANCEL,,,
8517,ORD008515,CANCEL,,,
8518,ORD008518,LIMIT,SELL,100.65,89
8519,ORD008518,CANCEL,,,
8520,ORD008520,LIMIT,SELL,101.67,58
8521,ORD008521,LIMIT,SELL,99.92,20
8522,ORD008521,CANCEL,,,
8523,ORD008520,CANCEL,,,
8524,ORD008524,LIMIT,BUY,98.28,100
8525,ORD008525,LIMIT,SELL,101.85,88
8526,ORD008526,LIMIT,BUY,100.49,31
8527,ORD008526,CANCEL,,,
8528,ORD008528,LIMIT,SELL,101.49,51
8529,ORD008529,LIMIT,SELL,99.79,87
8530,ORD008530,LIMIT,BUY,98.8,64
8531,ORD008531,LIMIT,SELL,101.14,47
8532,ORD008530,CANCEL,,,
8533,ORD008533,LIMIT,BUY,99.47,5
8534,ORD008525,CANCEL,,,
8535,ORD008535,LIMIT,SELL,99.93,95
8536,ORD008529,CANCEL,,,
8537,ORD008531,CANCEL,,,
8538,ORD008535,CANCEL,,,
8539,ORD008528,CANCEL,,,
8540,ORD008524,CANCEL,,,
8541,ORD008533,CANCEL,,,
8542,ORD008542,LIMIT,BUY,98.29,89
8543,ORD008543,LIMIT,SELL,101.65,69
8544,ORD008543,CANCEL,,,
8545,ORD008545,LIMIT,SELL,101.55,10
8546,ORD008545,CANCEL,,,
8547,ORD008542,CANCEL,,,
8548,ORD008548,LIMIT,SELL,100.0,36
8549,ORD008548,CANCEL,,,
8550,ORD008550,LIMIT,BUY,98.37,54
8551,ORD008550,CANCEL,,,
8552,ORD008552,LIMIT,SELL,99.84,43
8553,ORD008553,LIMIT,SELL,99.91,74
8554,ORD008553,CANCEL,,,
8555,ORD008555,LIMIT,BUY,98.35,9
8556,ORD008556,LIMIT,SELL,101.21,78
8557,ORD008557,LIMIT,SELL,100.47,38
8558,ORD008555,CANCEL,,,
8559,ORD008559,LIMIT,BUY,99.37,33
8560,ORD008556,CANCEL,,,
8561,ORD008557,CANCEL,,,
8562,ORD008552,CANCEL,,,
8563,ORD008559,CANCEL,,,
8564,ORD008564,LIMIT,SELL,101.05,24
8565,ORD008564,CANCEL,,,
8566,ORD008566,LIMIT,SELL,100.85,60
8567,ORD008567,LIMIT,SELL,100.32,34
8568,ORD008568,LIMIT,SELL,100.09,1
8569,ORD008568,CANCEL,,,
8570,ORD008570,LIMIT,BUY,99.45,89
8571,ORD008571,LIMIT,SELL,101.79,89
8572,ORD008571,CANCEL,,,
8573,ORD008567,CANCEL,,,
8574,ORD008566,CANCEL,,,
8575,ORD008575,LIMIT,BUY,100.24,67
8576,ORD008570,CANCEL,,,
8577,ORD008575,CANCEL,,,
8578,ORD008578,LIMIT,SELL,100.7,32
8579,ORD008578,CANCEL,,,
8580,ORD008580,LIMIT,BUY,99.02,52
8581,ORD008580,CANCEL,,,
8582,ORD008582,LIMIT,BUY,98.16,60
8583,ORD008582,CANCEL,,,
8584,ORD008584,LIMIT,SELL,101.67,30
8585,ORD008584,CANCEL,,,
8586,ORD008586,LIMIT,BUY,100.31,31
8587,ORD008586,CANCEL,,,
8588,ORD008588,LIMIT,BUY,100.28,92
8589,ORD008589,LIMIT,SELL,100.53,84
8590,ORD008589,CANCEL,,,
8591,ORD008588,CANCEL,,,
8592,ORD008592,LIMIT,BUY,98.26,81
8593,ORD008592,CANCEL,,,
8594,ORD008594,LIMIT,BUY,99.22,98
8595,ORD008595,LIMIT,SELL,100.3,39
8596,ORD008595,CANCEL,,,
8597,ORD008594,CANCEL,,,
8598,ORD008598,LIMIT,SELL,101.58,11
8599,ORD008598,CANCEL,,,
8600,ORD008600,LIMIT,BUY,98.19,22
8601,ORD008601,LIMIT,SELL,99.6,41
8602,ORD008602,LIMIT,SELL,101.81,78
8603,ORD008601,CANCEL,,,
8604,ORD008600,CANCEL,,,
8605,ORD008605,LIMIT,SELL,99.59,20
8606,ORD008602,CANCEL,,,
8607,ORD008605,CANCEL,,,
8608,ORD008608,LIMIT,SELL,101.33,22
8609,ORD008608,CANCEL,,,
8610,ORD008610,LIMIT,BUY,100.36,67
8611,ORD008610,CANCEL,,,
8612,ORD008612,LIMIT,SELL,101.37,70
8613,ORD008612,CANCEL,,,
8614,ORD008614,LIMIT,SELL,99.86,60
8615,ORD008615,LIMIT,BUY,98.37,65
8616,ORD008616,LIMIT,SELL,100.07,35
8617,ORD008614,CANCEL,,,
8618,ORD008618,LIMIT,BUY,99.66,30
8619,ORD008619,LIMIT,SELL,100.37,97
8620,ORD008620,LIMIT,SELL,100.36,55
8621,ORD008616,CANCEL,,,
8622,ORD008622,LIMIT,SELL,101.28,5
8623,ORD008619,CANCEL,,,
8624,ORD008620,CANCEL,,,
8625,ORD008625,LIMIT,SELL,101.85,100
8626,ORD008618,CANCEL,,,
8627,ORD008622,CANCEL,,,
8628,ORD008628,LIMIT,SELL,99.56,91
8629,ORD008625,CANCEL,,,
8630,ORD008615,CANCEL,,,
8631,ORD008628,CANCEL,,,
8632,ORD008632,LIMIT,SELL,101.32,90
8633,ORD008632,CANCEL,,,
8634,ORD008634,LIMIT,SELL,100.23,14
8635,ORD008634,CANCEL,,,
8636,ORD008636,LIMIT,SELL,101.66,52
8637,ORD008637,LIMIT,SELL,100.48,44
8638,ORD008636,CANCEL,,,
8639,ORD008637,CANCEL,,,
8640,ORD008640,LIMIT,SELL,100.58,96
8641,ORD008640,CANCEL,,,
8642,ORD008642,LIMIT,BUY,98.41,70
8643,ORD008642,CANCEL,,,
8644,ORD008644,MARKET,SELL,,85
8645,ORD008645,LIMIT,BUY,99.54,41
8646,ORD008645,CANCEL,,,
8647,ORD008647,LIMIT,SELL,100.72,4
8648,ORD008647,CANCEL,,,
8649,ORD008649,LIMIT,BUY,99.8,29
8650,ORD008650,LIMIT,BUY,98.07,16
8651,ORD008650,CANCEL,,,
8652,ORD008649,CANCEL,,,
8653,ORD008653,LIMIT,BUY,99.06,80
8654,ORD008653,CANCEL,,,
8655,ORD008655,LIMIT,BUY,98.91,28
8656,ORD008655,CANCEL,,,
8657,ORD008657,LIMIT,BUY,99.15,17
8658,ORD008657,CANCEL,,,
8659,ORD008659,LIMIT,SELL,100.3,49
8660,ORD008659,CANCEL,,,
8661,ORD008661,LIMIT,SELL,101.79,86
8662,ORD008662,LIMIT,SELL,100.35,44
8663,ORD008662,CANCEL,,,
8664,ORD008664,LIMIT,BUY,98.81,84
8665,ORD008664,CANCEL,,,
8666,ORD008661,CANCEL,,,
8667,ORD008667,LIMIT,SELL,101.69,37
8668,ORD008668,LIMIT,BUY,100.36,89
8669,ORD008668,CANCEL,,,
8670,ORD008667,CANCEL,,,
8671,ORD008671,LIMIT,BUY,98.19,84
8672,ORD008671,CANCEL,,,
8673,ORD008673,LIMIT,BUY,100.08,48
8674,ORD008673,CANCEL,,,
8675,ORD008675,LIMIT,BUY,98.1,86
8676,ORD008675,CANCEL,,,
8677,ORD008677,LIMIT,SELL,99.56,94
8678,ORD008678,LIMIT,BUY,98.14,94
8679,ORD008677,CANCEL,,,
8680,ORD008678,CANCEL,,,
8681,ORD008681,LIMIT,SELL,100.21,95
8682,ORD008682,LIMIT,BUY,99.09,38
8683,ORD008681,CANCEL,,,
8684,ORD008682,CANCEL,,,
8685,ORD008685,LIMIT,BUY,100.25,47
8686,ORD008686,LIMIT,BUY,99.43,75
8687,ORD008685,CANCEL,,,
8688,ORD008686,CANCEL,,,
8689,ORD008689,LIMIT,SELL,101.5,84
8690,ORD008689,CANCEL,,,
8691,ORD008691,MARKET,SELL,,71
8692,ORD008692,LIMIT,BUY,99.95,27
8693,ORD008693,LIMIT,BUY,99.26,47
8694,ORD008692,CANCEL,,,
8695,ORD008693,CANCEL,,,
8696,ORD008696,LIMIT,SELL,100.54,24
8697,ORD008696,CANCEL,,,
8698,ORD008698,LIMIT,BUY,98.38,99
8699,ORD008698,CANCEL,,,
8700,ORD008700,LIMIT,BUY,100.48,6
8701,ORD008700,CANCEL,,,
8702,ORD008702,LIMIT,BUY,100.38,7
8703,ORD008702,CANCEL,,,
8704,ORD008704,LIMIT,SELL,100.4,25
8705,ORD008704,CANCEL,,,
8706,ORD008706,LIMIT,BUY,98.18,28
8707,ORD008706,CANCEL,,,
8708,ORD008708,LIMIT,BUY,100.4,30
8709,ORD008709,LIMIT,SELL,101.98,92
8710,ORD008710,LIMIT,BUY,98.21,84
8711,ORD008710,CANCEL,,,
8712,ORD008712,LIMIT,BUY,100.22,98
8713,ORD008708,CANCEL,,,
8714,ORD008709,CANCEL,,,
8715,ORD008712,CANCEL,,,
8716,ORD008716,LIMIT,BUY,100.47,35
8717,ORD008717,LIMIT,SELL,100.57,64
8718,ORD008717,CANCEL,,,
8719,ORD008719,LIMIT,SELL,101.29,59
8720,ORD008716,CANCEL,,,
8721,ORD008719,CANCEL,,,
8722,ORD008722,LIMIT,BUY,99.89,27
8723,ORD008722,CANCEL,,,
8724,ORD008724,LIMIT,SELL,100.76,10
8725,ORD008724,CANCEL,,,
8726,ORD008726,LIMIT,SELL,101.93,25
8727,ORD008727,LIMIT,SELL,100.01,55
8728,ORD008727,CANCEL,,,
8729,ORD008726,CANCEL,,,
8730,ORD008730,LIMIT,SELL,100.99,51
8731,ORD008730,CANCEL,,,
8732,ORD008732,LIMIT,BUY,98.62,89
8733,ORD008732,CANCEL,,,
8734,ORD008734,LIMIT,SELL,99.52,4
8735,ORD008734,CANCEL,,,
8736,ORD008736,LIMIT,BUY,98.49,24
8737,ORD008736,CANCEL,,,
8738,ORD008738,LIMIT,SELL,100.84,63
8739,ORD008738,CANCEL,,,
8740,ORD008740,LIMIT,BUY,98.84,94
8741,ORD008740,CANCEL,,,
8742,ORD008742,LIMIT,SELL,101.6,19
8743,ORD008742,CANCEL,,,
8744,ORD008744,LIMIT,SELL,101.68,28
8745,ORD008744,CANCEL,,,
8746,ORD008746,LIMIT,SELL,101.91,40
8747,ORD008746,CANCEL,,,
8748,ORD008748,LIMIT,BUY,99.36,27
8749,ORD008748,CANCEL,,,
8750,ORD008750,LIMIT,BUY,98.6,3
8751,ORD008750,CANCEL,,,
8752,ORD008752,LIMIT,SELL,100.28,54
8753,ORD008753,LIMIT,SELL,101.35,92
8754,ORD008753,CANCEL,,,
8755,ORD008752,CANCEL,,,
8756,ORD008756,LIMIT,SELL,100.64,45
8757,ORD008757,LIMIT,SELL,99.59,34
8758,ORD008757,CANCEL,,,
8759,ORD008756,CANCEL,,,
8760,ORD008760,LIMIT,SELL,99.7,57
8761,ORD008760,CANCEL,,,
8762,ORD008762,LIMIT,BUY,100.23,10
8763,ORD008762,CANCEL,,,
8764,ORD008764,LIMIT,SELL,99.58,26
8765,ORD008765,LIMIT,BUY,99.52,52
8766,ORD008766,LIMIT,BUY,98.85,91
8767,ORD008765,CANCEL,,,
8768,ORD008768,LIMIT,SELL,100.5,32
8769,ORD008766,CANCEL,,,
8770,ORD008770,LIMIT,BUY,98.22,35
8771,ORD008771,LIMIT,BUY,100.0,35
8772,ORD008770,CANCEL,,,
8773,ORD008768,CANCEL,,,
8774,ORD008774,LIMIT,SELL,101.47,4
8775,ORD008764,CANCEL,,,
8776,ORD008776,LIMIT,BUY,99.03,18
8777,ORD008771,CANCEL,,,
8778,ORD008778,LIMIT,SELL,100.68,35
8779,ORD008778,CANCEL,,,
8780,ORD008776,CANCEL,,,
8781,ORD008781,LIMIT,BUY,99.33,69
8782,ORD008774,CANCEL,,,
8783,ORD008783,LIMIT,SELL,101.08,3
8784,ORD008784,LIMIT,BUY,99.95,78
8785,ORD008783,CANCEL,,,
8786,ORD008784,CANCEL,,,
8787,ORD008781,CANCEL,,,
8788,ORD008788,LIMIT,SELL,101.48,97
8789,ORD008789,LIMIT,BUY,100.04,81
8790,ORD008789,CANCEL,,,
8791,ORD008788,CANCEL,,,
8792,ORD008792,MARKET,BUY,,54
8793,ORD008793,LIMIT,SELL,100.33,85
8794,ORD008793,CANCEL,,,
8795,ORD008795,LIMIT,BUY,98.89,37
8796,ORD008795,CANCEL,,,
8797,ORD008797,LIMIT,SELL,101.59,95
8798,ORD008798,LIMIT,SELL,101.25,46
8799,ORD008799,LIMIT,BUY,98.42,1
8800,ORD008800,LIMIT,BUY,100.33,92
8801,ORD008801,LIMIT,SELL,100.27,75
8802,ORD008799,CANCEL,,,
8803,ORD008798,CANCEL,,,
8804,ORD008797,CANCEL,,,
8805,ORD008800,CANCEL,,,
8806,ORD008806,LIMIT,BUY,100.06,55
8807,ORD008806,CANCEL,,,
8808,ORD008808,LIMIT,BUY,99.11,60
8809,ORD008808,CANCEL,,,
8810,ORD008810,LIMIT,SELL,100.34,52
8811,ORD008811,MARKET,BUY,,35
8812,ORD008812,LIMIT,SELL,99.72,37
8813,ORD008810,CANCEL,,,
8814,ORD008812,CANCEL,,,
8815,ORD008815,LIMIT,BUY,99.21,87
8816,ORD008815,CANCEL,,,
8817,ORD008817,LIMIT,SELL,100.93,72
8818,ORD008817,CANCEL,,,
8819,ORD008819,LIMIT,BUY,98.81,36
8820,ORD008819,CANCEL,,,
8821,ORD008821,LIMIT,BUY,99.4,94
8822,ORD008822,LIMIT,BUY,100.16,60
8823,ORD008823,LIMIT,SELL,101.3,1
8824,ORD008823,CANCEL,,,
8825,ORD008822,CANCEL,,,
8826,ORD008821,CANCEL,,,
8827,ORD008827,LIMIT,SELL,101.28,11
8828,ORD008828,LIMIT,BUY,99.44,47
8829,ORD008829,LIMIT,BUY,98.75,63
8830,ORD008829,CANCEL,,,
8831,ORD008831,LIMIT,SELL,99.96,64
8832,ORD008832,LIMIT,SELL,100.9,94
8833,ORD008827,CANCEL,,,
8834,ORD008832,CANCEL,,,
8835,ORD008828,CANCEL,,,
8836,ORD008831,CANCEL,,,
8837,ORD008837,LIMIT,SELL,99.89,97
8838,ORD008837,CANCEL,,,
8839,ORD008839,LIMIT,BUY,99.02,74
8840,ORD008840,LIMIT,BUY,99.66,53
8841,ORD008841,LIMIT,BUY,98.9,93
8842,ORD008842,LIMIT,BUY,99.62,47
8843,ORD008842,CANCEL,,,
8844,ORD008841,CANCEL,,,
8845,ORD008839,CANCEL,,,
8846,ORD008846,LIMIT,BUY,98.47,96
8847,ORD008840,CANCEL,,,
8848,ORD008846,CANCEL,,,
8849,ORD008849,LIMIT,BUY,99.28,94
8850,ORD008849,CANCEL,,,
8851,ORD008851,LIMIT,BUY,99.25,97
8852,ORD008852,LIMIT,BUY,98.68,20
8853,ORD008852,CANCEL,,,
8854,ORD008851,CANCEL,,,
8855,ORD008855,LIMIT,SELL,99.94,53
8856,ORD008855,CANCEL,,,
8857,ORD008857,LIMIT,SELL,100.49,57
8858,ORD008857,CANCEL,,,
8859,ORD008859,LIMIT,SELL,101.0,21
8860,ORD008859,CANCEL,,,
8861,ORD008861,LIMIT,SELL,100.94,1
8862,ORD008862,LIMIT,BUY,98.83,17
8863,ORD008863,LIMIT,BUY,100.44,51
8864,ORD008861,CANCEL,,,
8865,ORD008862,CANCEL,,,
8866,ORD008866,LIMIT,SELL,101.76,45
8867,ORD008866,CANCEL,,,
8868,ORD008868,LIMIT,BUY,99.53,92
8869,ORD008869,LIMIT,SELL,101.55,100
8870,ORD008870,LIMIT,SELL,99.72,66
8871,ORD008868,CANCEL,,,
8872,ORD008869,CANCEL,,,
8873,ORD008873,LIMIT,SELL,100.36,72
8874,ORD008873,CANCEL,,,
8875,ORD008863,CANCEL,,,
8876,ORD008870,CANCEL,,,
8877,ORD008877,LIMIT,BUY,100.31,53
8878,ORD008877,CANCEL,,,
8879,ORD008879,LIMIT,SELL,100.04,34
8880,ORD008879,CANCEL,,,
8881,ORD008881,LIMIT,BUY,99.93,30
8882,ORD008881,CANCEL,,,
8883,ORD008883,LIMIT,BUY,99.88,27
8884,ORD008883,CANCEL,,,
8885,ORD008885,LIMIT,SELL,101.33,92
8886,ORD008886,LIMIT,BUY,99.46,19
8887,ORD008886,CANCEL,,,
8888,ORD008888,LIMIT,BUY,99.11,35
8889,ORD008885,CANCEL,,,
8890,ORD008890,LIMIT,BUY,99.58,69
8891,ORD008891,LIMIT,BUY,98.92,82
8892,ORD008892,LIMIT,BUY,99.61,71
8893,ORD008888,CANCEL,,,
8894,ORD008890,CANCEL,,,
8895,ORD008892,CANCEL,,,
8896,ORD008896,LIMIT,BUY,99.05,85
8897,ORD008891,CANCEL,,,
8898,ORD008898,LIMIT,SELL,101.61,46
8899,ORD008896,CANCEL,,,
8900,ORD008898,CANCEL,,,
8901,ORD008901,LIMIT,BUY,99.67,56
8902,ORD008901,CANCEL,,,
8903,ORD008903,LIMIT,BUY,99.13,83
8904,ORD008904,LIMIT,SELL,100.41,27
8905,ORD008903,CANCEL,,,
8906,ORD008904,CANCEL,,,
8907,ORD008907,LIMIT,BUY,99.14,78
8908,ORD008907,CANCEL,,,
8909,ORD008909,LIMIT,BUY,98.06,22
8910,ORD008909,CANCEL,,,
8911,ORD008911,LIMIT,SELL,101.49,100
8912,ORD008911,CANCEL,,,
8913,ORD008913,LIMIT,BUY,99.09,95
8914,ORD008913,CANCEL,,,
8915,ORD008915,LIMIT,BUY,99.14,39
8916,ORD008915,CANCEL,,,
8917,ORD008917,LIMIT,SELL,100.94,69
8918,ORD008917,CANCEL,,,
8919,ORD008919,LIMIT,SELL,99.72,94
8920,ORD008919,CANCEL,,,
8921,ORD008921,LIMIT,BUY,98.95,20
8922,ORD008921,CANCEL,,,
8923,ORD008923,LIMIT,SELL,101.19,38
8924,ORD008923,CANCEL,,,
8925,ORD008925,LIMIT,SELL,101.79,37
8926,ORD008925,CANCEL,,,
8927,ORD008927,LIMIT,SELL,100.59,85
8928,ORD008927,CANCEL,,,
8929,ORD008929,LIMIT,BUY,98.54,7
8930,ORD008929,CANCEL,,,
8931,ORD008931,LIMIT,BUY,100.36,27
8932,ORD008931,CANCEL,,,
8933,ORD008933,LIMIT,BUY,98.98,60
8934,ORD008933,CANCEL,,,
8935,ORD008935,LIMIT,BUY,99.26,35
8936,ORD008935,CANCEL,,,
8937,ORD008937,MARKET,SELL,,13
8938,ORD008938,LIMIT,BUY,98.76,67
8939,ORD008938,CANCEL,,,
8940,ORD008940,LIMIT,BUY,99.86,53
8941,ORD008940,CANCEL,,,
8942,ORD008942,LIMIT,BUY,99.29,79
8943,ORD008942,CANCEL,,,
8944,ORD008944,LIMIT,SELL,101.47,79
8945,ORD008944,CANCEL,,,
8946,ORD008946,LIMIT,SELL,101.84,91
8947,ORD008946,CANCEL,,,
8948,ORD008948,MARKET,BUY,,45
8949,ORD008949,LIMIT,BUY,99.05,74
8950,ORD008950,LIMIT,SELL,101.48,89
8951,ORD008951,LIMIT,BUY,99.92,8
8952,ORD008952,LIMIT,SELL,101.86,4
8953,ORD008952,CANCEL,,,
8954,ORD008949,CANCEL,,,
8955,ORD008951,CANCEL,,,
8956,ORD008950,CANCEL,,,
8957,ORD008957,LIMIT,SELL,100.82,97
8958,ORD008957,CANCEL,,,
8959,ORD008959,LIMIT,SELL,100.16,6
8960,ORD008959,CANCEL,,,
8961,ORD008961,LIMIT,BUY,98.99,96
8962,ORD008961,CANCEL,,,
8963,ORD008963,LIMIT,SELL,101.51,82
8964,ORD008963,CANCEL,,,
8965,ORD008965,LIMIT,BUY,99.32,77
8966,ORD008965,CANCEL,,,
8967,ORD008967,LIMIT,BUY,98.97,31
8968,ORD008967,CANCEL,,,
8969,ORD008969,LIMIT,BUY,100.17,54
8970,ORD008969,CANCEL,,,
8971,ORD008971,LIMIT,SELL,99.65,62
8972,ORD008971,CANCEL,,,
8973,ORD008973,LIMIT,SELL,100.96,85
8974,ORD008974,LIMIT,BUY,98.47,15
8975,ORD008975,LIMIT,BUY,98.59,74
8976,ORD008976,LIMIT,SELL,101.95,71
8977,ORD008977,LIMIT,BUY,100.26,6
8978,ORD008975,CANCEL,,,
8979,ORD008974,CANCEL,,,
8980,ORD008976,CANCEL,,,
8981,ORD008977,CANCEL,,,
8982,ORD008982,MARKET,SELL,,29
8983,ORD008973,CANCEL,,,
8984,ORD008984,LIMIT,BUY,98.85,62
8985,ORD008984,CANCEL,,,
8986,ORD008986,LIMIT,BUY,100.14,46
8987,ORD008987,LIMIT,BUY,98.23,48
8988,ORD008987,CANCEL,,,
8989,ORD008989,LIMIT,BUY,99.52,99
8990,ORD008986,CANCEL,,,
8991,ORD008991,MARKET,SELL,,46
8992,ORD008989,CANCEL,,,
8993,ORD008993,LIMIT,BUY,99.44,69
8994,ORD008993,CANCEL,,,
8995,ORD008995,LIMIT,SELL,99.52,2
8996,ORD008995,CANCEL,,,
8997,ORD008997,LIMIT,BUY,99.88,72
8998,ORD008998,MARKET,SELL,,90
8999,ORD008997,CANCEL,,,
9000,ORD009000,LIMIT,BUY,98.35,98
9001,ORD009000,CANCEL,,,
9002,ORD009002,MARKET,BUY,,99
9003,ORD009003,LIMIT,BUY,100.36,28
9004,ORD009003,CANCEL,,,
9005,ORD009005,LIMIT,SELL,100.81,45
9006,ORD009005,CANCEL,,,
9007,ORD009007,LIMIT,BUY,98.27,89
9008,ORD009008,LIMIT,BUY,99.97,95
9009,ORD009007,CANCEL,,,
9010,ORD009008,CANCEL,,,
9011,ORD009011,LIMIT,SELL,100.57,63
9012,ORD009011,CANCEL,,,
9013,ORD009013,MARKET,SELL,,83
9014,ORD009014,LIMIT,BUY,99.67,17
9015,ORD009015,LIMIT,BUY,99.54,78
9016,ORD009016,LIMIT,BUY,98.81,75
9017,ORD009017,LIMIT,SELL,101.79,8
9018,ORD009015,CANCEL,,,
9019,ORD009016,CANCEL,,,
9020,ORD009020,LIMIT,SELL,100.89,89
9021,ORD009020,CANCEL,,,
9022,ORD009022,LIMIT,BUY,100.2,91
9023,ORD009014,CANCEL,,,
9024,ORD009022,CANCEL,,,
9025,ORD009025,LIMIT,BUY,98.9,45
9026,ORD009017,CANCEL,,,
9027,ORD009025,CANCEL,,,
9028,ORD009028,MARKET,SELL,,16
9029,ORD009029,LIMIT,SELL,101.85,72
9030,ORD009030,LIMIT,SELL,101.49,53
9031,ORD009031,LIMIT,BUY,99.25,14
9032,ORD009031,CANCEL,,,
9033,ORD009033,LIMIT,SELL,100.31,36
9034,ORD009030,CANCEL,,,
9035,ORD009033,CANCEL,,,
9036,ORD009029,CANCEL,,,
9037,ORD009037,LIMIT,BUY,98.33,59
9038,ORD009037,CANCEL,,,
9039,ORD009039,LIMIT,BUY,99.59,45
9040,ORD009039,CANCEL,,,
9041,ORD009041,LIMIT,BUY,98.69,40
9042,ORD009041,CANCEL,,,
9043,ORD009043,LIMIT,SELL,101.65,84
9044,ORD009043,CANCEL,,,
9045,ORD009045,LIMIT,BUY,99.57,37
9046,ORD009045,CANCEL,,,
9047,ORD009047,LIMIT,SELL,99.74,37
9048,ORD009047,CANCEL,,,
9049,ORD009049,LIMIT,SELL,100.44,67
9050,ORD009049,CANCEL,,,
9051,ORD009051,LIMIT,SELL,101.52,50
9052,ORD009051,CANCEL,,,
9053,ORD009053,LIMIT,SELL,101.42,40
9054,ORD009053,CANCEL,,,
9055,ORD009055,LIMIT,SELL,100.99,81
9056,ORD009056,LIMIT,SELL,99.61,51
9057,ORD009055,CANCEL,,,
9058,ORD009058,LIMIT,SELL,100.24,21
9059,ORD009058,CANCEL,,,
9060,ORD009060,LIMIT,SELL,100.02,92
9061,ORD009061,LIMIT,SELL,99.95,26
9062,ORD009060,CANCEL,,,
9063,ORD009063,LIMIT,SELL,99.5,42
9064,ORD009064,LIMIT,SELL,101.7,58
9065,ORD009063,CANCEL,,,
9066,ORD009066,LIMIT,BUY,98.38,81
9067,ORD009061,CANCEL,,,
9068,ORD009056,CANCEL,,,
9069,ORD009064,CANCEL,,,
9070,ORD009066,CANCEL,,,
9071,ORD009071,LIMIT,BUY,100.4,80
9072,ORD009071,CANCEL,,,
9073,ORD009073,LIMIT,BUY,99.78,1
9074,ORD009073,CANCEL,,,
9075,ORD009075,LIMIT,SELL,101.72,29
9076,ORD009076,LIMIT,SELL,101.1,10
9077,ORD009075,CANCEL,,,
9078,ORD009078,LIMIT,SELL,100.16,26
9079,ORD009078,CANCEL,,,
9080,ORD009080,LIMIT,SELL,100.86,89
9081,ORD009081,LIMIT,BUY,98.24,15
9082,ORD009081,CANCEL,,,
9083,ORD009076,CANCEL,,,
9084,ORD009080,CANCEL,,,
9085,ORD009085,LIMIT,BUY,100.01,73
9086,ORD009085,CANCEL,,,
9087,ORD009087,LIMIT,SELL,100.66,99
9088,ORD009087,CANCEL,,,
9089,ORD009089,LIMIT,SELL,100.68,37
9090,ORD009090,LIMIT,SELL,100.54,99
9091,ORD009091,LIMIT,BUY,99.89,64
9092,ORD009092,LIMIT,BUY,98.74,24
9093,ORD009091,CANCEL,,,
9094,ORD009089,CANCEL,,,
9095,ORD009092,CANCEL,,,
9096,ORD009096,LIMIT,BUY,98.83,32
9097,ORD009096,CANCEL,,,
9098,ORD009090,CANCEL,,,
9099,ORD009099,LIMIT,SELL,101.97,57
9100,ORD009099,CANCEL,,,
9101,ORD009101,LIMIT,SELL,100.83,70
9102,ORD009101,CANCEL,,,
9103,ORD009103,LIMIT,SELL,101.16,8
9104,ORD009103,CANCEL,,,
9105,ORD009105,LIMIT,BUY,98.98,47
9106,ORD009105,CANCEL,,,
9107,ORD009107,LIMIT,BUY,98.24,84
9108,ORD009107,CANCEL,,,
9109,ORD009109,LIMIT,BUY,100.39,29
9110,ORD009109,CANCEL,,,
9111,ORD009111,LIMIT,SELL,101.8,46
9112,ORD009111,CANCEL,,,
9113,ORD009113,LIMIT,SELL,100.28,27
9114,ORD009113,CANCEL,,,
9115,ORD009115,LIMIT,BUY,98.91,30
9116,ORD009116,LIMIT,SELL,101.83,22
9117,ORD009116,CANCEL,,,
9118,ORD009115,CANCEL,,,
9119,ORD009119,LIMIT,BUY,98.76,38
9120,ORD009119,CANCEL,,,
9121,ORD009121,LIMIT,SELL,101.29,81
9122,ORD009121,CANCEL,,,
9123,ORD009123,LIMIT,SELL,99.63,91
9124,ORD009124,LIMIT,BUY,99.43,20
9125,ORD009124,CANCEL,,,
9126,ORD009123,CANCEL,,,
9127,ORD009127,LIMIT,BUY,99.23,37
9128,ORD009127,CANCEL,,,
9129,ORD009129,LIMIT,BUY,98.4,24
9130,ORD009129,CANCEL,,,
9131,ORD009131,LIMIT,BUY,99.1,38
9132,ORD009131,CANCEL,,,
9133,ORD009133,LIMIT,BUY,99.39,40
9134,ORD009133,CANCEL,,,
9135,ORD009135,MARKET,SELL,,52
9136,ORD009136,LIMIT,SELL,99.51,58
9137,ORD009136,CANCEL,,,
9138,ORD009138,LIMIT,BUY,100.42,88
9139,ORD009138,CANCEL,,,
9140,ORD009140,LIMIT,BUY,99.26,69
9141,ORD009140,CANCEL,,,
9142,ORD009142,LIMIT,BUY,99.77,28
9143,ORD009142,CANCEL,,,
9144,ORD009144,LIMIT,SELL,100.4,76
9145,ORD009145,LIMIT,SELL,101.16,5
9146,ORD009146,LIMIT,SELL,100.49,35
9147,ORD009144,CANCEL,,,
9148,ORD009145,CANCEL,,,
9149,ORD009146,CANCEL,,,
9150,ORD009150,LIMIT,SELL,101.32,75
9151,ORD009151,LIMIT,BUY,99.3,40
9152,ORD009152,LIMIT,SELL,99.89,34
9153,ORD009150,CANCEL,,,
9154,ORD009154,LIMIT,BUY,99.71,61
9155,ORD009155,LIMIT,BUY,99.78,29
9156,ORD009156,LIMIT,SELL,100.82,11
9157,ORD009154,CANCEL,,,
9158,ORD009155,CANCEL,,,
9159,ORD009159,LIMIT,SELL,100.15,10
9160,ORD009159,CANCEL,,,
9161,ORD009151,CANCEL,,,
9162,ORD009162,LIMIT,BUY,99.03,89
9163,ORD009162,CANCEL,,,
9164,ORD009156,CANCEL,,,
9165,ORD009152,CANCEL,,,
9166,ORD009166,LIMIT,SELL,100.92,47
9167,ORD009167,LIMIT,SELL,101.58,40
9168,ORD009167,CANCEL,,,
9169,ORD009169,LIMIT,BUY,98.55,72
9170,ORD009169,CANCEL,,,
9171,ORD009166,CANCEL,,,
9172,ORD009172,LIMIT,BUY,99.52,87
9173,ORD009173,LIMIT,SELL,101.66,5
9174,ORD009172,CANCEL,,,
9175,ORD009173,CANCEL,,,
9176,ORD009176,LIMIT,BUY,98.46,26
9177,ORD009176,CANCEL,,,
9178,ORD009178,LIMIT,BUY,98.65,75
9179,ORD009178,CANCEL,,,
9180,ORD009180,LIMIT,SELL,101.83,100
9181,ORD009181,LIMIT,SELL,101.26,3
9182,ORD009180,CANCEL,,,
9183,ORD009181,CANCEL,,,
9184,ORD009184,LIMIT,BUY,99.53,74
9185,ORD009184,CANCEL,,,
9186,ORD009186,LIMIT,BUY,99.46,51
9187,ORD009186,CANCEL,,,
9188,ORD009188,LIMIT,SELL,100.26,87
9189,ORD009188,CANCEL,,,
9190,ORD009190,LIMIT,SELL,100.6,21
9191,ORD009191,LIMIT,SELL,100.67,86
9192,ORD009192,LIMIT,SELL,101.21,80
9193,ORD009191,CANCEL,,,
9194,ORD009190,CANCEL,,,
9195,ORD009192,CANCEL,,,
9196,ORD009196,LIMIT,BUY,99.17,64
9197,ORD009196,CANCEL,,,
9198,ORD009198,MARKET,SELL,,76
9199,ORD009199,LIMIT,SELL,100.88,69
9200,ORD009200,LIMIT,SELL,99.59,97
9201,ORD009200,CANCEL,,,
9202,ORD009199,CANCEL,,,
9203,ORD009203,LIMIT,SELL,101.54,76
9204,ORD009203,CANCEL,,,
9205,ORD009205,LIMIT,BUY,99.03,35
9206,ORD009206,LIMIT,BUY,98.5,63
9207,ORD009206,CANCEL,,,
9208,ORD009205,CANCEL,,,
9209,ORD009209,LIMIT,SELL,100.8,84
9210,ORD009210,LIMIT,SELL,101.55,82
9211,ORD009210,CANCEL,,,
9212,ORD009212,LIMIT,SELL,101.07,95
9213,ORD009212,CANCEL,,,
9214,ORD009214,LIMIT,SELL,101.29,17
9215,ORD009214,CANCEL,,,
9216,ORD009209,CANCEL,,,
9217,ORD009217,LIMIT,BUY,98.68,96
9218,ORD009217,CANCEL,,,
9219,ORD009219,LIMIT,BUY,98.65,4
9220,ORD009219,CANCEL,,,
9221,ORD009221,LIMIT,BUY,99.21,1
9222,ORD009221,CANCEL,,,
9223,ORD009223,LIMIT,SELL,100.95,24
9224,ORD009224,LIMIT,BUY,99.5,39
9225,ORD009225,LIMIT,BUY,98.69,100
9226,ORD009223,CANCEL,,,
9227,ORD009224,CANCEL,,,
9228,ORD009228,LIMIT,SELL,99.5,50
9229,ORD009228,CANCEL,,,
9230,ORD009230,LIMIT,SELL,101.51,19
9231,ORD009225,CANCEL,,,
9232,ORD009232,LIMIT,SELL,100.58,26
9233,ORD009233,LIMIT,SELL,101.12,35
9234,ORD009232,CANCEL,,,
9235,ORD009235,LIMIT,BUY,100.13,18
9236,ORD009236,LIMIT,BUY,99.43,61
9237,ORD009235,CANCEL,,,
9238,ORD009230,CANCEL,,,
9239,ORD009239,LIMIT,SELL,99.67,12
9240,ORD009239,CANCEL,,,
9241,ORD009233,CANCEL,,,
9242,ORD009236,CANCEL,,,
9243,ORD009243,LIMIT,SELL,100.25,67
9244,ORD009243,CANCEL,,,
9245,ORD009245,LIMIT,SELL,99.99,31
9246,ORD009246,LIMIT,BUY,98.66,28
9247,ORD009247,LIMIT,SELL,100.43,91
9248,ORD009248,LIMIT,BUY,98.06,45
9249,ORD009246,CANCEL,,,
9250,ORD009245,CANCEL,,,
9251,ORD009251,LIMIT,BUY,100.15,61
9252,ORD009248,CANCEL,,,
9253,ORD009247,CANCEL,,,
9254,ORD009251,CANCEL,,,
9255,ORD009255,LIMIT,BUY,99.8,13
9256,ORD009256,LIMIT,BUY,99.23,33
9257,ORD009256,CANCEL,,,
9258,ORD009258,LIMIT,BUY,100.42,32
9259,ORD009258,CANCEL,,,
9260,ORD009255,CANCEL,,,
9261,ORD009261,LIMIT,BUY,99.57,97
9262,ORD009261,CANCEL,,,
9263,ORD009263,LIMIT,BUY,98.67,64
9264,ORD009263,CANCEL,,,
9265,ORD009265,LIMIT,SELL,101.33,66
9266,ORD009266,LIMIT,BUY,99.29,99
9267,ORD009265,CANCEL,,,
9268,ORD009266,CANCEL,,,
9269,ORD009269,LIMIT,BUY,100.19,80
9270,ORD009269,CANCEL,,,
9271,ORD009271,LIMIT,BUY,100.17,71
9272,ORD009272,LIMIT,BUY,99.96,33
9273,ORD009271,CANCEL,,,
9274,ORD009272,CANCEL,,,
9275,ORD009275,LIMIT,SELL,101.98,6
9276,ORD009275,CANCEL,,,
9277,ORD009277,MARKET,BUY,,24
9278,ORD009278,LIMIT,BUY,100.22,56
9279,ORD009278,CANCEL,,,
9280,ORD009280,LIMIT,BUY,98.9,27
9281,ORD009281,LIMIT,BUY,99.52,77
9282,ORD009281,CANCEL,,,
9283,ORD009280,CANCEL,,,
9284,ORD009284,LIMIT,BUY,98.9,52
9285,ORD009284,CANCEL,,,
9286,ORD009286,LIMIT,BUY,99.61,16
9287,ORD009287,LIMIT,SELL,101.6,24
9288,ORD009286,CANCEL,,,
9289,ORD009289,LIMIT,BUY,100.17,81
9290,ORD009287,CANCEL,,,
9291,ORD009289,CANCEL,,,
9292,ORD009292,LIMIT,SELL,99.7,69
9293,ORD009292,CANCEL,,,
9294,ORD009294,LIMIT,SELL,99.82,8
9295,ORD009294,CANCEL,,,
9296,ORD009296,LIMIT,BUY,100.28,8
9297,ORD009297,LIMIT,SELL,100.22,58
9298,ORD009297,CANCEL,,,
9299,ORD009296,CANCEL,,,
9300,ORD009300,LIMIT,BUY,99.31,96
9301,ORD009300,CANCEL,,,
9302,ORD009302,LIMIT,SELL,101.57,48
9303,ORD009303,LIMIT,BUY,100.15,25
9304,ORD009304,LIMIT,BUY,98.69,17
9305,ORD009302,CANCEL,,,
9306,ORD009303,CANCEL,,,
9307,ORD009307,LIMIT,SELL,101.21,100
9308,ORD009304,CANCEL,,,
9309,ORD009307,CANCEL,,,
9310,ORD009310,LIMIT,BUY,99.28,74
9311,ORD009310,CANCEL,,,
9312,ORD009312,LIMIT,SELL,100.63,14
9313,ORD009312,CANCEL,,,
9314,ORD009314,LIMIT,SELL,100.2,95
9315,ORD009314,CANCEL,,,
9316,ORD009316,LIMIT,BUY,98.72,92
9317,ORD009316,CANCEL,,,
9318,ORD009318,LIMIT,BUY,100.13,77
9319,ORD009319,LIMIT,SELL,101.0,100
9320,ORD009320,LIMIT,SELL,100.77,10
9321,ORD009321,LIMIT,BUY,99.12,100
9322,ORD009321,CANCEL,,,
9323,ORD009323,LIMIT,SELL,101.83,35
9324,ORD009319,CANCEL,,,
9325,ORD009323,CANCEL,,,
9326,ORD009318,CANCEL,,,
9327,ORD009320,CANCEL,,,
9328,ORD009328,LIMIT,BUY,99.17,5
9329,ORD009328,CANCEL,,,
9330,ORD009330,LIMIT,SELL,101.0,37
9331,ORD009330,CANCEL,,,
9332,ORD009332,LIMIT,SELL,100.16,93
9333,ORD009333,LIMIT,BUY,98.33,87
9334,ORD009333,CANCEL,,,
9335,ORD009332,CANCEL,,,
9336,ORD009336,LIMIT,SELL,100.05,4
9337,ORD009337,LIMIT,SELL,100.16,94
9338,ORD009338,LIMIT,SELL,101.46,100
9339,ORD009339,LIMIT,SELL,100.71,47
9340,ORD009336,CANCEL,,,
9341,ORD009341,LIMIT,SELL,101.23,26
9342,ORD009341,CANCEL,,,
9343,ORD009343,LIMIT,BUY,98.71,47
9344,ORD009338,CANCEL,,,
9345,ORD009345,LIMIT,SELL,101.91,47
9346,ORD009346,LIMIT,BUY,99.06,72
9347,ORD009347,LIMIT,BUY,99.99,85
9348,ORD009345,CANCEL,,,
9349,ORD009337,CANCEL,,,
9350,ORD009346,CANCEL,,,
9351,ORD009351,LIMIT,SELL,101.36,12
9352,ORD009351,CANCEL,,,
9353,ORD009353,LIMIT,BUY,98.2,12
9354,ORD009347,CANCEL,,,
9355,ORD009353,CANCEL,,,
9356,ORD009339,CANCEL,,,
9357,ORD009343,CANCEL,,,
9358,ORD009358,LIMIT,BUY,98.96,6
9359,ORD009359,LIMIT,BUY,99.67,54
9360,ORD009359,CANCEL,,,
9361,ORD009358,CANCEL,,,
9362,ORD009362,LIMIT,BUY,99.98,71
9363,ORD009362,CANCEL,,,
9364,ORD009364,LIMIT,SELL,99.93,21
9365,ORD009364,CANCEL,,,
9366,ORD009366,LIMIT,BUY,99.83,91
9367,ORD009366,CANCEL,,,
9368,ORD009368,LIMIT,BUY,98.01,86
9369,ORD009369,LIMIT,SELL,101.86,9
9370,ORD009368,CANCEL,,,
9371,ORD009369,CANCEL,,,
9372,ORD009372,LIMIT,SELL,101.38,53
9373,ORD009373,LIMIT,SELL,101.37,35
9374,ORD009374,LIMIT,BUY,99.36,39
9375,ORD009372,CANCEL,,,
9376,ORD009373,CANCEL,,,
9377,ORD009377,LIMIT,SELL,100.7,20
9378,ORD009378,LIMIT,SELL,101.62,33
9379,ORD009378,CANCEL,,,
9380,ORD009374,CANCEL,,,
9381,ORD009381,LIMIT,SELL,100.61,84
9382,ORD009377,CANCEL,,,
9383,ORD009381,CANCEL,,,
9384,ORD009384,LIMIT,SELL,100.92,40
9385,ORD009384,CANCEL,,,
9386,ORD009386,LIMIT,SELL,100.14,79
9387,ORD009386,CANCEL,,,
9388,ORD009388,LIMIT,SELL,100.59,40
9389,ORD009388,CANCEL,,,
9390,ORD009390,LIMIT,BUY,99.57,75
9391,ORD009391,LIMIT,SELL,101.89,50
9392,ORD009390,CANCEL,,,
9393,ORD009393,LIMIT,BUY,99.34,18
9394,ORD009391,CANCEL,,,
9395,ORD009393,CANCEL,,,
9396,ORD009396,LIMIT,SELL,101.76,29
9397,ORD009396,CANCEL,,,
9398,ORD009398,LIMIT,SELL,100.47,92
9399,ORD009398,CANCEL,,,
9400,ORD009400,LIMIT,SELL,101.97,42
9401,ORD009400,CANCEL,,,
9402,ORD009402,LIMIT,SELL,100.32,50
9403,ORD009402,CANCEL,,,
9404,ORD009404,LIMIT,SELL,101.13,86
9405,ORD009405,LIMIT,SELL,100.65,50
9406,ORD009404,CANCEL,,,
9407,ORD009405,CANCEL,,,
9408,ORD009408,LIMIT,BUY,99.59,62
9409,ORD009408,CANCEL,,,
9410,ORD009410,LIMIT,SELL,100.54,29
9411,ORD009410,CANCEL,,,
9412,ORD009412,LIMIT,BUY,99.09,25
9413,ORD009413,LIMIT,SELL,99.65,20
9414,ORD009413,CANCEL,,,
9415,ORD009412,CANCEL,,,
9416,ORD009416,LIMIT,SELL,100.12,11
9417,ORD009416,CANCEL,,,
9418,ORD009418,LIMIT,SELL,101.14,44
9419,ORD009418,CANCEL,,,
9420,ORD009420,LIMIT,SELL,100.87,7
9421,ORD009420,CANCEL,,,
9422,ORD009422,LIMIT,BUY,99.77,65
9423,ORD009423,LIMIT,SELL,100.53,27
9424,ORD009423,CANCEL,,,
9425,ORD009422,CANCEL,,,
9426,ORD009426,LIMIT,BUY,99.37,1
9427,ORD009426,CANCEL,,,
9428,ORD009428,MARKET,SELL,,47
9429,ORD009429,LIMIT,BUY,98.87,84
9430,ORD009430,LIMIT,SELL,101.42,47
9431,ORD009429,CANCEL,,,
9432,ORD009430,CANCEL,,,
9433,ORD009433,LIMIT,BUY,99.55,13
9434,ORD009434,LIMIT,SELL,101.76,65
9435,ORD009435,LIMIT,BUY,100.17,81
9436,ORD009435,CANCEL,,,
9437,ORD009437,LIMIT,SELL,99.6,10
9438,ORD009433,CANCEL,,,
9439,ORD009439,LIMIT,BUY,99.37,59
9440,ORD009434,CANCEL,,,
9441,ORD009441,LIMIT,BUY,99.12,20
9442,ORD009437,CANCEL,,,
9443,ORD009439,CANCEL,,,
9444,ORD009441,CANCEL,,,
9445,ORD009445,LIMIT,BUY,99.03,51
9446,ORD009446,LIMIT,BUY,99.0,53
9447,ORD009447,LIMIT,SELL,100.55,19
9448,ORD009446,CANCEL,,,
9449,ORD009445,CANCEL,,,
9450,ORD009447,CANCEL,,,
9451,ORD009451,LIMIT,BUY,100.23,96
9452,ORD009451,CANCEL,,,
9453,ORD009453,MARKET,BUY,,46
9454,ORD009454,LIMIT,SELL,99.6,75
9455,ORD009454,CANCEL,,,
9456,ORD009456,LIMIT,BUY,98.21,67
9457,ORD009456,CANCEL,,,
9458,ORD009458,LIMIT,BUY,100.43,47
9459,ORD009459,LIMIT,BUY,98.57,90
9460,ORD009460,LIMIT,BUY,98.93,68
9461,ORD009460,CANCEL,,,
9462,ORD009462,LIMIT,BUY,99.05,61
9463,ORD009463,LIMIT,SELL,99.97,14
9464,ORD009464,MARKET,BUY,,35
9465,ORD009462,CANCEL,,,
9466,ORD009459,CANCEL,,,
9467,ORD009458,CANCEL,,,
9468,ORD009468,LIMIT,BUY,98.09,9
9469,ORD009469,LIMIT,BUY,98.76,65
9470,ORD009469,CANCEL,,,
9471,ORD009468,CANCEL,,,
9472,ORD009472,LIMIT,SELL,101.31,29
9473,ORD009473,LIMIT,BUY,98.02,62
9474,ORD009474,LIMIT,SELL,99.98,90
9475,ORD009475,LIMIT,BUY,99.35,37
9476,ORD009474,CANCEL,,,
9477,ORD009473,CANCEL,,,
9478,ORD009472,CANCEL,,,
9479,ORD009475,CANCEL,,,
9480,ORD009480,LIMIT,SELL,99.78,24
9481,ORD009480,CANCEL,,,
9482,ORD009482,LIMIT,BUY,100.3,81
9483,ORD009483,LIMIT,SELL,101.1,70
9484,ORD009482,CANCEL,,,
9485,ORD009483,CANCEL,,,
9486,ORD009486,LIMIT,SELL,100.73,95
9487,ORD009486,CANCEL,,,
9488,ORD009488,LIMIT,BUY,99.71,93
9489,ORD009488,CANCEL,,,
9490,ORD009490,LIMIT,BUY,99.63,63
9491,ORD009490,CANCEL,,,
9492,ORD009492,MARKET,SELL,,78
9493,ORD009493,LIMIT,SELL,99.61,45
9494,ORD009494,LIMIT,SELL,101.68,20
9495,ORD009495,LIMIT,SELL,101.83,48
9496,ORD009495,CANCEL,,,
9497,ORD009494,CANCEL,,,
9498,ORD009498,LIMIT,BUY,98.98,2
9499,ORD009498,CANCEL,,,
9500,ORD009493,CANCEL,,,
9501,ORD009501,LIMIT,BUY,99.9,81
9502,ORD009501,CANCEL,,,
9503,ORD009503,LIMIT,SELL,101.66,95
9504,ORD009503,CANCEL,,,
9505,ORD009505,LIMIT,BUY,98.17,36
9506,ORD009506,LIMIT,BUY,98.17,60
9507,ORD009505,CANCEL,,,
9508,ORD009508,LIMIT,SELL,101.17,68
9509,ORD009508,CANCEL,,,
9510,ORD009506,CANCEL,,,
9511,ORD009511,LIMIT,BUY,99.68,60
9512,ORD009511,CANCEL,,,
9513,ORD009513,LIMIT,BUY,98.84,83
9514,ORD009513,CANCEL,,,
9515,ORD009515,LIMIT,BUY,99.12,82
9516,ORD009515,CANCEL,,,
9517,ORD009517,LIMIT,BUY,100.04,20
9518,ORD009517,CANCEL,,,
9519,ORD009519,LIMIT,SELL,101.64,94
9520,ORD009520,LIMIT,SELL,101.33,86
9521,ORD009520,CANCEL,,,
9522,ORD009519,CANCEL,,,
9523,ORD009523,LIMIT,SELL,100.16,93
9524,ORD009523,CANCEL,,,
9525,ORD009525,LIMIT,BUY,99.83,63
9526,ORD009526,LIMIT,SELL,101.86,37
9527,ORD009525,CANCEL,,,
9528,ORD009526,CANCEL,,,
9529,ORD009529,LIMIT,SELL,100.09,50
9530,ORD009529,CANCEL,,,
9531,ORD009531,LIMIT,BUY,99.93,11
9532,ORD009531,CANCEL,,,
9533,ORD009533,LIMIT,SELL,100.94,20
9534,ORD009533,CANCEL,,,
9535,ORD009535,LIMIT,BUY,100.41,74
9536,ORD009535,CANCEL,,,
9537,ORD009537,LIMIT,BUY,98.19,98
9538,ORD009537,CANCEL,,,
9539,ORD009539,LIMIT,SELL,100.79,95
9540,ORD009540,LIMIT,SELL,100.09,43
9541,ORD009539,CANCEL,,,
9542,ORD009540,CANCEL,,,
9543,ORD009543,LIMIT,SELL,100.76,15
9544,ORD009543,CANCEL,,,
9545,ORD009545,LIMIT,BUY,98.92,58
9546,ORD009545,CANCEL,,,
9547,ORD009547,LIMIT,BUY,98.21,83
9548,ORD009547,CANCEL,,,
9549,ORD009549,LIMIT,BUY,99.42,36
9550,ORD009549,CANCEL,,,
9551,ORD009551,LIMIT,BUY,100.41,89
9552,ORD009551,CANCEL,,,
9553,ORD009553,LIMIT,BUY,98.51,17
9554,ORD009553,CANCEL,,,
9555,ORD009555,LIMIT,SELL,100.12,90
9556,ORD009555,CANCEL,,,
9557,ORD009557,LIMIT,BUY,98.35,59
9558,ORD009557,CANCEL,,,
9559,ORD009559,LIMIT,BUY,99.75,48
9560,ORD009559,CANCEL,,,
9561,ORD009561,LIMIT,BUY,98.64,26
9562,ORD009561,CANCEL,,,
9563,ORD009563,LIMIT,SELL,101.52,69
9564,ORD009563,CANCEL,,,
9565,ORD009565,LIMIT,SELL,101.81,83
9566,ORD009566,LIMIT,SELL,99.65,92
9567,ORD009566,CANCEL,,,
9568,ORD009565,CANCEL,,,
9569,ORD009569,LIMIT,SELL,99.98,36
9570,ORD009570,LIMIT,BUY,100.39,14
9571,ORD009571,LIMIT,BUY,100.19,79
9572,ORD009569,CANCEL,,,
9573,ORD009571,CANCEL,,,
9574,ORD009574,LIMIT,BUY,100.43,42
9575,ORD009574,CANCEL,,,
9576,ORD009576,LIMIT,BUY,98.81,64
9577,ORD009576,CANCEL,,,
9578,ORD009578,LIMIT,SELL,101.11,53
9579,ORD009578,CANCEL,,,
9580,ORD009580,LIMIT,SELL,100.34,42
9581,ORD009580,CANCEL,,,
9582,ORD009582,LIMIT,BUY,100.08,44
9583,ORD009583,LIMIT,SELL,101.24,19
9584,ORD009583,CANCEL,,,
9585,ORD009582,CANCEL,,,
9586,ORD009586,LIMIT,BUY,98.57,50
9587,ORD009586,CANCEL,,,
9588,ORD009588,LIMIT,SELL,100.15,88
9589,ORD009588,CANCEL,,,
9590,ORD009590,LIMIT,BUY,99.31,10
9591,ORD009590,CANCEL,,,
9592,ORD009592,LIMIT,BUY,98.19,81
9593,ORD009593,LIMIT,BUY,98.0,22
9594,ORD009592,CANCEL,,,
9595,ORD009593,CANCEL,,,
9596,ORD009596,LIMIT,BUY,98.84,33
9597,ORD009596,CANCEL,,,
9598,ORD009598,LIMIT,SELL,99.98,87
9599,ORD009598,CANCEL,,,
9600,ORD009600,LIMIT,BUY,98.85,77
9601,ORD009601,LIMIT,BUY,99.08,98
9602,ORD009602,LIMIT,BUY,99.53,86
9603,ORD009601,CANCEL,,,
9604,ORD009600,CANCEL,,,
9605,ORD009605,LIMIT,BUY,98.76,23
9606,ORD009602,CANCEL,,,
9607,ORD009605,CANCEL,,,
9608,ORD009608,LIMIT,BUY,100.28,35
9609,ORD009608,CANCEL,,,
9610,ORD009610,LIMIT,BUY,98.54,66
9611,ORD009611,LIMIT,SELL,100.95,75
9612,ORD009610,CANCEL,,,
9613,ORD009611,CANCEL,,,
9614,ORD009614,LIMIT,BUY,100.05,4
9615,ORD009614,CANCEL,,,
9616,ORD009616,LIMIT,BUY,100.26,83
9617,ORD009616,CANCEL,,,
9618,ORD009618,LIMIT,SELL,101.06,70
9619,ORD009618,CANCEL,,,
9620,ORD009620,LIMIT,BUY,98.96,86
9621,ORD009620,CANCEL,,,
9622,ORD009622,LIMIT,SELL,101.23,74
9623,ORD009622,CANCEL,,,
9624,ORD009624,LIMIT,BUY,99.4,4
9625,ORD009625,LIMIT,BUY,99.29,18
9626,ORD009625,CANCEL,,,
9627,ORD009624,CANCEL,,,
9628,ORD009628,LIMIT,BUY,99.36,92
9629,ORD009629,LIMIT,BUY,99.82,95
9630,ORD009630,LIMIT,SELL,100.48,11
9631,ORD009628,CANCEL,,,
9632,ORD009629,CANCEL,,,
9633,ORD009630,CANCEL,,,
9634,ORD009634,LIMIT,SELL,99.6,58
9635,ORD009634,CANCEL,,,
9636,ORD009636,LIMIT,BUY,99.83,84
9637,ORD009637,LIMIT,SELL,101.77,55
9638,ORD009638,LIMIT,SELL,101.93,90
9639,ORD009639,LIMIT,SELL,99.84,6
9640,ORD009638,CANCEL,,,
9641,ORD009637,CANCEL,,,
9642,ORD009642,MARKET,BUY,,28
9643,ORD009639,CANCEL,,,
9644,ORD009644,LIMIT,BUY,100.04,97
9645,ORD009644,CANCEL,,,
9646,ORD009646,LIMIT,BUY,99.15,18
9647,ORD009636,CANCEL,,,
9648,ORD009646,CANCEL,,,
9649,ORD009649,LIMIT,SELL,101.17,69
9650,ORD009649,CANCEL,,,
9651,ORD009651,LIMIT,SELL,100.59,93
9652,ORD009652,LIMIT,BUY,98.8,24
9653,ORD009651,CANCEL,,,
9654,ORD009654,LIMIT,BUY,99.28,25
9655,ORD009655,LIMIT,BUY,99.57,100
9656,ORD009656,LIMIT,SELL,100.7,95
9657,ORD009657,LIMIT,SELL,101.69,46
9658,ORD009658,LIMIT,SELL,100.08,67
9659,ORD009655,CANCEL,,,
9660,ORD009652,CANCEL,,,
9661,ORD009661,LIMIT,SELL,100.98,87
9662,ORD009656,CANCEL,,,
9663,ORD009658,CANCEL,,,
9664,ORD009664,LIMIT,BUY,100.04,84
9665,ORD009664,CANCEL,,,
9666,ORD009661,CANCEL,,,
9667,ORD009657,CANCEL,,,
9668,ORD009654,CANCEL,,,
9669,ORD009669,LIMIT,SELL,100.76,91
9670,ORD009670,LIMIT,BUY,98.59,2
9671,ORD009671,LIMIT,SELL,101.45,33
9672,ORD009671,CANCEL,,,
9673,ORD009669,CANCEL,,,
9674,ORD009670,CANCEL,,,
9675,ORD009675,LIMIT,SELL,101.54,25
9676,ORD009676,LIMIT,SELL,100.38,13
9677,ORD009675,CANCEL,,,
9678,ORD009676,CANCEL,,,
9679,ORD009679,MARKET,BUY,,53
9680,ORD009680,LIMIT,SELL,100.08,55
9681,ORD009680,CANCEL,,,
9682,ORD009682,LIMIT,BUY,98.84,4
9683,ORD009682,CANCEL,,,
9684,ORD009684,LIMIT,BUY,98.65,54
9685,ORD009685,LIMIT,SELL,101.47,60
9686,ORD009686,LIMIT,BUY,98.5,87
9687,ORD009686,CANCEL,,,
9688,ORD009688,LIMIT,BUY,98.2,9
9689,ORD009689,LIMIT,BUY,100.15,87
9690,ORD009688,CANCEL,,,
9691,ORD009691,LIMIT,BUY,98.4,96
9692,ORD009691,CANCEL,,,
9693,ORD009685,CANCEL,,,
9694,ORD009694,LIMIT,BUY,98.76,27
9695,ORD009684,CANCEL,,,
9696,ORD009696,LIMIT,SELL,100.1,56
9697,ORD009697,LIMIT,SELL,100.95,34
9698,ORD009689,CANCEL,,,
9699,ORD009694,CANCEL,,,
9700,ORD009697,CANCEL,,,
9701,ORD009701,LIMIT,SELL,101.88,92
9702,ORD009701,CANCEL,,,
9703,ORD009703,LIMIT,BUY,98.38,10
9704,ORD009704,LIMIT,BUY,99.12,18
9705,ORD009704,CANCEL,,,
9706,ORD009703,CANCEL,,,
9707,ORD009707,LIMIT,BUY,98.16,73
9708,ORD009707,CANCEL,,,
9709,ORD009709,LIMIT,BUY,98.32,3
9710,ORD009709,CANCEL,,,
9711,ORD009711,LIMIT,SELL,100.01,40
9712,ORD009711,CANCEL,,,
9713,ORD009713,LIMIT,BUY,100.01,38
9714,ORD009714,LIMIT,BUY,99.57,15
9715,ORD009713,CANCEL,,,
9716,ORD009714,CANCEL,,,
9717,ORD009717,LIMIT,SELL,99.83,93
9718,ORD009717,CANCEL,,,
9719,ORD009719,LIMIT,BUY,99.49,46
9720,ORD009719,CANCEL,,,
9721,ORD009721,LIMIT,BUY,99.99,10
9722,ORD009722,LIMIT,SELL,101.77,59
9723,ORD009722,CANCEL,,,
9724,ORD009724,LIMIT,SELL,100.04,62
9725,ORD009721,CANCEL,,,
9726,ORD009724,CANCEL,,,
9727,ORD009727,LIMIT,BUY,99.43,79
9728,ORD009727,CANCEL,,,
9729,ORD009729,LIMIT,SELL,100.19,15
9730,ORD009729,CANCEL,,,
9731,ORD009731,LIMIT,SELL,101.52,11
9732,ORD009731,CANCEL,,,
9733,ORD009733,LIMIT,BUY,99.35,88
9734,ORD009733,CANCEL,,,
9735,ORD009735,LIMIT,BUY,99.58,14
9736,ORD009735,CANCEL,,,
9737,ORD009737,LIMIT,SELL,101.77,14
9738,ORD009738,LIMIT,SELL,100.48,18
9739,ORD009738,CANCEL,,,
9740,ORD009740,LIMIT,BUY,99.46,58
9741,ORD009740,CANCEL,,,
9742,ORD009737,CANCEL,,,
9743,ORD009743,LIMIT,SELL,101.74,2
9744,ORD009743,CANCEL,,,
9745,ORD009745,LIMIT,BUY,98.49,72
9746,ORD009745,CANCEL,,,
9747,ORD009747,LIMIT,SELL,101.12,93
9748,ORD009747,CANCEL,,,
9749,ORD009749,LIMIT,SELL,101.4,5
9750,ORD009749,CANCEL,,,
9751,ORD009751,LIMIT,BUY,100.24,18
9752,ORD009752,LIMIT,BUY,98.08,5
9753,ORD009751,CANCEL,,,
9754,ORD009752,CANCEL,,,
9755,ORD009755,LIMIT,BUY,99.55,64
9756,ORD009756,LIMIT,BUY,99.96,38
9757,ORD009756,CANCEL,,,
9758,ORD009755,CANCEL,,,
9759,ORD009759,LIMIT,BUY,98.7,3
9760,ORD009760,LIMIT,SELL,100.52,11
9761,ORD009760,CANCEL,,,
9762,ORD009762,LIMIT,BUY,98.32,38
9763,ORD009762,CANCEL,,,
9764,ORD009759,CANCEL,,,
9765,ORD009765,LIMIT,SELL,99.79,3
9766,ORD009766,LIMIT,SELL,99.53,32
9767,ORD009766,CANCEL,,,
9768,ORD009768,LIMIT,SELL,100.06,97
9769,ORD009765,CANCEL,,,
9770,ORD009768,CANCEL,,,
9771,ORD009771,LIMIT,SELL,100.14,87
9772,ORD009771,CANCEL,,,
9773,ORD009773,LIMIT,BUY,100.4,66
9774,ORD009774,LIMIT,SELL,100.99,95
9775,ORD009773,CANCEL,,,
9776,ORD009774,CANCEL,,,
9777,ORD009777,LIMIT,BUY,99.32,14
9778,ORD009778,LIMIT,BUY,99.28,99
9779,ORD009779,LIMIT,BUY,98.21,34
9780,ORD009780,LIMIT,SELL,99.74,16
9781,ORD009779,CANCEL,,,
9782,ORD009778,CANCEL,,,
9783,ORD009777,CANCEL,,,
9784,ORD009780,CANCEL,,,
9785,ORD009785,LIMIT,BUY,98.95,88
9786,ORD009785,CANCEL,,,
9787,ORD009787,LIMIT,SELL,99.85,12
9788,ORD009788,LIMIT,BUY,98.18,44
9789,ORD009787,CANCEL,,,
9790,ORD009788,CANCEL,,,
9791,ORD009791,LIMIT,BUY,99.22,32
9792,ORD009792,LIMIT,BUY,98.08,17
9793,ORD009792,CANCEL,,,
9794,ORD009791,CANCEL,,,
9795,ORD009795,LIMIT,SELL,101.87,96
9796,ORD009796,LIMIT,BUY,99.67,41
9797,ORD009797,LIMIT,BUY,99.02,88
9798,ORD009797,CANCEL,,,
9799,ORD009796,CANCEL,,,
9800,ORD009795,CANCEL,,,
9801,ORD009801,LIMIT,BUY,100.13,43
9802,ORD009801,CANCEL,,,
9803,ORD009803,LIMIT,SELL,99.89,68
9804,ORD009803,CANCEL,,,
9805,ORD009805,LIMIT,BUY,99.53,85
9806,ORD009805,CANCEL,,,
9807,ORD009807,LIMIT,BUY,98.87,48
9808,ORD009807,CANCEL,,,
9809,ORD009809,LIMIT,BUY,99.84,81
9810,ORD009809,CANCEL,,,
9811,ORD009811,LIMIT,BUY,100.32,64
9812,ORD009811,CANCEL,,,
9813,ORD009813,LIMIT,BUY,100.21,81
9814,ORD009814,LIMIT,BUY,99.97,38
9815,ORD009815,LIMIT,SELL,101.26,61
9816,ORD009814,CANCEL,,,
9817,ORD009815,CANCEL,,,
9818,ORD009813,CANCEL,,,
9819,ORD009819,MARKET,BUY,,55
9820,ORD009820,MARKET,BUY,,2
9821,ORD009821,LIMIT,BUY,99.37,17
9822,ORD009822,LIMIT,SELL,100.41,27
9823,ORD009821,CANCEL,,,
9824,ORD009824,LIMIT,SELL,101.66,84
9825,ORD009825,LIMIT,BUY,98.35,3
9826,ORD009826,MARKET,SELL,,21
9827,ORD009827,LIMIT,SELL,100.39,26
9828,ORD009822,CANCEL,,,
9829,ORD009825,CANCEL,,,
9830,ORD009824,CANCEL,,,
9831,ORD009827,CANCEL,,,
9832,ORD009832,LIMIT,SELL,100.49,18
9833,ORD009832,CANCEL,,,
9834,ORD009834,LIMIT,SELL,101.21,100
9835,ORD009834,CANCEL,,,
9836,ORD009836,LIMIT,BUY,100.45,100
9837,ORD009836,CANCEL,,,
9838,ORD009838,LIMIT,SELL,101.84,59
9839,ORD009838,CANCEL,,,
9840,ORD009840,LIMIT,BUY,99.97,64
9841,ORD009840,CANCEL,,,
9842,ORD009842,LIMIT,SELL,101.5,78
9843,ORD009842,CANCEL,,,
9844,ORD009844,LIMIT,SELL,101.33,15
9845,ORD009844,CANCEL,,,
9846,ORD009846,LIMIT,SELL,100.22,94
9847,ORD009847,LIMIT,BUY,98.27,30
9848,ORD009846,CANCEL,,,
9849,ORD009849,LIMIT,SELL,99.9,77
9850,ORD009850,LIMIT,SELL,101.79,61
9851,ORD009849,CANCEL,,,
9852,ORD009850,CANCEL,,,
9853,ORD009853,LIMIT,SELL,100.2,50
9854,ORD009853,CANCEL,,,
9855,ORD009847,CANCEL,,,
9856,ORD009856,LIMIT,BUY,100.39,3
9857,ORD009856,CANCEL,,,
9858,ORD009858,LIMIT,BUY,99.51,5
9859,ORD009858,CANCEL,,,
9860,ORD009860,LIMIT,SELL,99.92,68
9861,ORD009861,LIMIT,BUY,100.33,54
9862,ORD009860,CANCEL,,,
9863,ORD009863,LIMIT,BUY,98.66,97
9864,ORD009863,CANCEL,,,
9865,ORD009865,LIMIT,BUY,99.3,28
9866,ORD009865,CANCEL,,,
9867,ORD009867,LIMIT,SELL,99.53,49
9868,ORD009867,CANCEL,,,
9869,ORD009869,LIMIT,BUY,100.24,81
9870,ORD009869,CANCEL,,,
9871,ORD009871,LIMIT,SELL,101.82,44
9872,ORD009871,CANCEL,,,
9873,ORD009873,LIMIT,SELL,99.78,4
9874,ORD009873,CANCEL,,,
9875,ORD009875,LIMIT,BUY,99.13,4
9876,ORD009875,CANCEL,,,
9877,ORD009877,LIMIT,BUY,99.17,30
9878,ORD009877,CANCEL,,,
9879,ORD009879,LIMIT,BUY,98.69,11
9880,ORD009880,LIMIT,SELL,101.95,21
9881,ORD009880,CANCEL,,,
9882,ORD009879,CANCEL,,,
9883,ORD009883,LIMIT,BUY,99.03,92
9884,ORD009883,CANCEL,,,
9885,ORD009885,MARKET,BUY,,84
9886,ORD009886,LIMIT,BUY,100.36,16
9887,ORD009886,CANCEL,,,
9888,ORD009888,LIMIT,BUY,99.61,42
9889,ORD009888,CANCEL,,,
9890,ORD009890,LIMIT,BUY,98.82,80
9891,ORD009891,LIMIT,SELL,99.79,47
9892,ORD009890,CANCEL,,,
9893,ORD009891,CANCEL,,,
9894,ORD009894,LIMIT,BUY,100.16,78
9895,ORD009894,CANCEL,,,
9896,ORD009896,LIMIT,BUY,99.99,36
9897,ORD009896,CANCEL,,,
9898,ORD009898,LIMIT,BUY,99.56,55
9899,ORD009898,CANCEL,,,
9900,ORD009900,LIMIT,SELL,101.21,44
9901,ORD009901,LIMIT,BUY,99.44,13
9902,ORD009900,CANCEL,,,
9903,ORD009901,CANCEL,,,
9904,ORD009904,LIMIT,BUY,99.56,87
9905,ORD009904,CANCEL,,,
9906,ORD009906,LIMIT,SELL,99.76,16
9907,ORD009906,CANCEL,,,
9908,ORD009908,LIMIT,BUY,98.68,85
9909,ORD009908,CANCEL,,,
9910,ORD009910,LIMIT,SELL,99.87,63
9911,ORD009911,LIMIT,SELL,101.82,78
9912,ORD009912,LIMIT,SELL,101.46,92
9913,ORD009913,LIMIT,SELL,101.92,57
9914,ORD009913,CANCEL,,,
9915,ORD009912,CANCEL,,,
9916,ORD009916,LIMIT,SELL,100.62,80
9917,ORD009910,CANCEL,,,
9918,ORD009916,CANCEL,,,
9919,ORD009911,CANCEL,,,
9920,ORD009920,LIMIT,SELL,100.76,80
9921,ORD009920,CANCEL,,,
9922,ORD009922,LIMIT,SELL,100.68,10
9923,ORD009923,LIMIT,SELL,101.7,15
9924,ORD009923,CANCEL,,,
9925,ORD009922,CANCEL,,,
9926,ORD009926,LIMIT,SELL,101.97,57
9927,ORD009926,CANCEL,,,
9928,ORD009928,MARKET,SELL,,81
9929,ORD009929,LIMIT,SELL,101.5,58
9930,ORD009929,CANCEL,,,
9931,ORD009931,LIMIT,BUY,100.08,100
9932,ORD009932,LIMIT,BUY,100.37,21
9933,ORD009931,CANCEL,,,
9934,ORD009934,LIMIT,SELL,100.41,62
9935,ORD009935,LIMIT,BUY,98.62,4
9936,ORD009934,CANCEL,,,
9937,ORD009935,CANCEL,,,
9938,ORD009938,LIMIT,BUY,98.35,40
9939,ORD009938,CANCEL,,,
9940,ORD009932,CANCEL,,,
9941,ORD009941,LIMIT,BUY,98.83,63
9942,ORD009942,LIMIT,BUY,99.51,90
9943,ORD009943,LIMIT,BUY,100.28,10
9944,ORD009944,LIMIT,BUY,99.01,84
9945,ORD009943,CANCEL,,,
9946,ORD009944,CANCEL,,,
9947,ORD009942,CANCEL,,,
9948,ORD009948,LIMIT,SELL,99.57,64
9949,ORD009949,MARKET,SELL,,64
9950,ORD009948,CANCEL,,,
9951,ORD009941,CANCEL,,,
9952,ORD009952,LIMIT,BUY,98.08,7
9953,ORD009953,LIMIT,BUY,99.65,40
9954,ORD009954,LIMIT,SELL,100.9,11
9955,ORD009954,CANCEL,,,
9956,ORD009956,LIMIT,SELL,101.78,59
9957,ORD009952,CANCEL,,,
9958,ORD009958,LIMIT,SELL,101.5,1
9959,ORD009959,LIMIT,SELL,101.58,56
9960,ORD009956,CANCEL,,,
9961,ORD009959,CANCEL,,,
9962,ORD009962,LIMIT,SELL,99.93,65
9963,ORD009953,CANCEL,,,
9964,ORD009962,CANCEL,,,
9965,ORD009958,CANCEL,,,
9966,ORD009966,LIMIT,BUY,99.72,23
9967,ORD009966,CANCEL,,,
9968,ORD009968,LIMIT,BUY,99.46,68
9969,ORD009969,LIMIT,BUY,99.41,4
9970,ORD009968,CANCEL,,,
9971,ORD009969,CANCEL,,,
9972,ORD009972,LIMIT,BUY,98.68,66
9973,ORD009972,CANCEL,,,
9974,ORD009974,LIMIT,SELL,101.58,86
9975,ORD009974,CANCEL,,,
9976,ORD009976,LIMIT,SELL,100.24,54
9977,ORD009976,CANCEL,,,
9978,ORD009978,LIMIT,BUY,100.05,40
9979,ORD009978,CANCEL,,,
9980,ORD009980,LIMIT,SELL,100.5,48
9981,ORD009981,LIMIT,SELL,101.65,62
9982,ORD009982,LIMIT,BUY,98.31,65
9983,ORD009981,CANCEL,,,
9984,ORD009984,LIMIT,BUY,98.78,42
9985,ORD009985,LIMIT,BUY,98.16,74
9986,ORD009985,CANCEL,,,
9987,ORD009984,CANCEL,,,
9988,ORD009982,CANCEL,,,
9989,ORD009989,LIMIT,SELL,101.35,19
9990,ORD009989,CANCEL,,,
9991,ORD009980,CANCEL,,,
9992,ORD009992,LIMIT,SELL,99.93,69
9993,ORD009992,CANCEL,,,
9994,ORD009994,LIMIT,SELL,100.19,8
9995,ORD009994,CANCEL,,,
9996,ORD009996,LIMIT,SELL,100.58,75
9997,ORD009996,CANCEL,,,
9998,ORD009998,LIMIT,BUY,98.14,12
9999,ORD009998,CANCEL,,,
10000,ORD010000,LIMIT,BUY,98.05,11
10001,ORD010000,CANCEL,,,
10002,ORD010002,LIMIT,SELL,100.5,33
10003,ORD010002,CANCEL,,,
10004,ORD010004,LIMIT,SELL,99.83,38
10005,ORD010004,CANCEL,,,
10006,ORD010006,LIMIT,BUY,99.03,59
10007,ORD010007,LIMIT,SELL,101.88,28
10008,ORD010007,CANCEL,,,
10009,ORD010009,LIMIT,BUY,99.14,12
10010,ORD010009,CANCEL,,,
10011,ORD010006,CANCEL,,,
10012,ORD010012,LIMIT,SELL,100.12,27
10013,ORD010013,LIMIT,SELL,101.36,56
10014,ORD010012,CANCEL,,,
10015,ORD010013,CANCEL,,,
10016,ORD010016,LIMIT,SELL,101.23,77
10017,ORD010016,CANCEL,,,
10018,ORD010018,LIMIT,SELL,101.65,78
10019,ORD010018,CANCEL,,,
10020,ORD010020,LIMIT,BUY,98.98,88
10021,ORD010021,LIMIT,SELL,100.81,47
10022,ORD010022,LIMIT,SELL,100.64,56
10023,ORD010022,CANCEL,,,
10024,ORD010024,LIMIT,BUY,100.19,17
10025,ORD010021,CANCEL,,,
10026,ORD010026,LIMIT,BUY,100.49,41
10027,ORD010027,LIMIT,BUY,98.47,85
10028,ORD010020,CANCEL,,,
10029,ORD010029,LIMIT,BUY,100.0,82
10030,ORD010024,CANCEL,,,
10031,ORD010027,CANCEL,,,
10032,ORD010032,LIMIT,SELL,100.26,93
10033,ORD010032,CANCEL,,,
10034,ORD010026,CANCEL,,,
10035,ORD010029,CANCEL,,,
10036,ORD010036,LIMIT,BUY,98.59,28
10037,ORD010037,MARKET,SELL,,20
10038,ORD010036,CANCEL,,,
10039,ORD010039,LIMIT,SELL,100.85,36
10040,ORD010039,CANCEL,,,
10041,ORD010041,LIMIT,SELL,101.64,97
10042,ORD010041,CANCEL,,,
10043,ORD010043,LIMIT,SELL,99.65,37
10044,ORD010043,CANCEL,,,
10045,ORD010045,MARKET,SELL,,36
10046,ORD010046,LIMIT,BUY,98.62,24
10047,ORD010046,CANCEL,,,
10048,ORD010048,LIMIT,SELL,100.26,26
10049,ORD010048,CANCEL,,,
10050,ORD010050,LIMIT,BUY,98.43,87
10051,ORD010050,CANCEL,,,
10052,ORD010052,LIMIT,BUY,99.22,81
10053,ORD010052,CANCEL,,,
10054,ORD010054,LIMIT,SELL,100.49,57
10055,ORD010054,CANCEL,,,
10056,ORD010056,LIMIT,BUY,98.77,14
10057,ORD010056,CANCEL,,,
10058,ORD010058,LIMIT,SELL,99.76,88
10059,ORD010058,CANCEL,,,
10060,ORD010060,LIMIT,BUY,98.45,91
10061,ORD010060,CANCEL,,,
10062,ORD010062,LIMIT,SELL,101.1,27
10063,ORD010063,LIMIT,BUY,99.42,56
10064,ORD010063,CANCEL,,,
10065,ORD010062,CANCEL,,,
10066,ORD010066,LIMIT,SELL,101.26,73
10067,ORD010066,CANCEL,,,
10068,ORD010068,LIMIT,BUY,100.3,89
10069,ORD010068,CANCEL,,,
10070,ORD010070,LIMIT,SELL,100.92,47
10071,ORD010070,CANCEL,,,
10072,ORD010072,LIMIT,BUY,99.85,54
10073,ORD010073,LIMIT,BUY,98.08,91
10074,ORD010073,CANCEL,,,
10075,ORD010072,CANCEL,,,
10076,ORD010076,LIMIT,SELL,99.97,33
10077,ORD010077,LIMIT,SELL,100.13,21
10078,ORD010078,LIMIT,SELL,100.13,21
10079,ORD010078,CANCEL,,,
10080,ORD010076,CANCEL,,,
10081,ORD010077,CANCEL,,,
10082,ORD010082,LIMIT,SELL,100.75,41
10083,ORD010082,CANCEL,,,
10084,ORD010084,LIMIT,SELL,100.3,62
10085,ORD010084,CANCEL,,,
10086,ORD010086,LIMIT,SELL,99.54,76
10087,ORD010086,CANCEL,,,
10088,ORD010088,LIMIT,BUY,98.35,66
10089,ORD010089,LIMIT,SELL,100.69,58
10090,ORD010090,LIMIT,SELL,100.88,16
10091,ORD010090,CANCEL,,,
10092,ORD010089,CANCEL,,,
10093,ORD010088,CANCEL,,,
10094,ORD010094,LIMIT,SELL,100.05,92
10095,ORD010094,CANCEL,,,
10096,ORD010096,LIMIT,SELL,100.82,99
10097,ORD010096,CANCEL,,,
10098,ORD010098,LIMIT,BUY,99.16,64
10099,ORD010098,CANCEL,,,
10100,ORD010100,LIMIT,SELL,101.32,64
10101,ORD010100,CANCEL,,,
10102,ORD010102,LIMIT,SELL,100.52,53
10103,ORD010102,CANCEL,,,
10104,ORD010104,LIMIT,SELL,99.88,73
10105,ORD010105,LIMIT,SELL,101.09,12
10106,ORD010104,CANCEL,,,
10107,ORD010105,CANCEL,,,
10108,ORD010108,LIMIT,SELL,100.7,76
10109,ORD010108,CANCEL,,,
10110,ORD010110,LIMIT,BUY,98.99,6
10111,ORD010110,CANCEL,,,
10112,ORD010112,LIMIT,SELL,99.64,80
10113,ORD010113,LIMIT,BUY,98.55,63
10114,ORD010112,CANCEL,,,
10115,ORD010113,CANCEL,,,
10116,ORD010116,LIMIT,BUY,100.45,25
10117,ORD010116,CANCEL,,,
10118,ORD010118,MARKET,SELL,,92
10119,ORD010119,LIMIT,SELL,101.74,72
10120,ORD010119,CANCEL,,,
10121,ORD010121,LIMIT,SELL,99.64,70
10122,ORD010121,CANCEL,,,
10123,ORD010123,LIMIT,SELL,100.51,88
10124,ORD010123,CANCEL,,,
10125,ORD010125,LIMIT,SELL,100.28,52
10126,ORD010125,CANCEL,,,
10127,ORD010127,LIMIT,SELL,100.05,88
10128,ORD010128,LIMIT,SELL,100.52,21
10129,ORD010129,LIMIT,SELL,99.54,42
10130,ORD010127,CANCEL,,,
10131,ORD010129,CANCEL,,,
10132,ORD010128,CANCEL,,,
10133,ORD010133,LIMIT,SELL,101.38,19
10134,ORD010133,CANCEL,,,
10135,ORD010135,LIMIT,BUY,99.58,39
10136,ORD010136,LIMIT,SELL,101.55,78
10137,ORD010137,LIMIT,SELL,101.32,35
10138,ORD010135,CANCEL,,,
10139,ORD010139,LIMIT,BUY,98.63,56
10140,ORD010136,CANCEL,,,
10141,ORD010137,CANCEL,,,
10142,ORD010142,LIMIT,SELL,101.36,12
10143,ORD010142,CANCEL,,,
10144,ORD010144,LIMIT,SELL,101.53,50
10145,ORD010145,LIMIT,SELL,101.04,22
10146,ORD010144,CANCEL,,,
10147,ORD010145,CANCEL,,,
10148,ORD010148,LIMIT,BUY,99.99,84
10149,ORD010148,CANCEL,,,
10150,ORD010139,CANCEL,,,
10151,ORD010151,LIMIT,SELL,99.72,86
10152,ORD010151,CANCEL,,,
10153,ORD010153,LIMIT,BUY,98.59,13
10154,ORD010153,CANCEL,,,
10155,ORD010155,LIMIT,BUY,99.05,9
10156,ORD010156,LIMIT,BUY,99.23,32
10157,ORD010155,CANCEL,,,
10158,ORD010156,CANCEL,,,
10159,ORD010159,LIMIT,BUY,98.54,65
10160,ORD010160,MARKET,BUY,,81
10161,ORD010159,CANCEL,,,
10162,ORD010162,LIMIT,BUY,98.49,51
10163,ORD010162,CANCEL,,,
10164,ORD010164,LIMIT,SELL,100.98,23
10165,ORD010164,CANCEL,,,
10166,ORD010166,LIMIT,BUY,99.49,55
10167,ORD010166,CANCEL,,,
10168,ORD010168,LIMIT,BUY,99.51,32
10169,ORD010168,CANCEL,,,
10170,ORD010170,LIMIT,SELL,100.94,89
10171,ORD010170,CANCEL,,,
10172,ORD010172,LIMIT,BUY,98.94,44
10173,ORD010173,LIMIT,BUY,98.44,38
10174,ORD010174,LIMIT,BUY,98.55,66
10175,ORD010175,LIMIT,SELL,101.78,41
10176,ORD010175,CANCEL,,,
10177,ORD010174,CANCEL,,,
10178,ORD010173,CANCEL,,,
10179,ORD010179,LIMIT,BUY,99.72,58
10180,ORD010179,CANCEL,,,
10181,ORD010172,CANCEL,,,
10182,ORD010182,LIMIT,SELL,101.06,85
10183,ORD010183,LIMIT,BUY,99.36,94
10184,ORD010182,CANCEL,,,
10185,ORD010183,CANCEL,,,
10186,ORD010186,LIMIT,SELL,99.53,48
10187,ORD010187,LIMIT,BUY,99.74,70
10188,ORD010187,CANCEL,,,
10189,ORD010186,CANCEL,,,
10190,ORD010190,LIMIT,SELL,101.67,21
10191,ORD010190,CANCEL,,,
10192,ORD010192,LIMIT,SELL,101.31,22
10193,ORD010192,CANCEL,,,
10194,ORD010194,LIMIT,SELL,99.57,96
10195,ORD010195,LIMIT,SELL,99.78,56
10196,ORD010196,LIMIT,SELL,101.35,53
10197,ORD010197,LIMIT,BUY,98.24,25
10198,ORD010196,CANCEL,,,
10199,ORD010199,LIMIT,SELL,101.45,22
10200,ORD010197,CANCEL,,,
10201,ORD010199,CANCEL,,,
10202,ORD010202,LIMIT,SELL,101.64,37
10203,ORD010203,LIMIT,BUY,98.49,78
10204,ORD010194,CANCEL,,,
10205,ORD010202,CANCEL,,,
10206,ORD010203,CANCEL,,,
10207,ORD010207,LIMIT,BUY,99.25,21
10208,ORD010207,CANCEL,,,
10209,ORD010209,LIMIT,SELL,101.45,65
10210,ORD010209,CANCEL,,,
10211,ORD010195,CANCEL,,,
10212,ORD010212,LIMIT,BUY,99.63,51
10213,ORD010212,CANCEL,,,
10214,ORD010214,LIMIT,SELL,100.08,42
10215,ORD010215,LIMIT,BUY,100.26,57
10216,ORD010215,CANCEL,,,
10217,ORD010214,CANCEL,,,
10218,ORD010218,LIMIT,BUY,99.72,31
10219,ORD010218,CANCEL,,,
10220,ORD010220,LIMIT,BUY,98.48,4
10221,ORD010220,CANCEL,,,
10222,ORD010222,LIMIT,BUY,99.54,6
10223,ORD010222,CANCEL,,,
10224,ORD010224,LIMIT,SELL,99.67,61
10225,ORD010224,CANCEL,,,
10226,ORD010226,LIMIT,SELL,101.3,59
10227,ORD010226,CANCEL,,,
10228,ORD010228,LIMIT,SELL,101.64,73
10229,ORD010228,CANCEL,,,
10230,ORD010230,LIMIT,BUY,100.39,33
10231,ORD010231,LIMIT,SELL,101.01,40
10232,ORD010230,CANCEL,,,
10233,ORD010233,LIMIT,BUY,100.28,13
10234,ORD010234,LIMIT,SELL,100.34,53
10235,ORD010234,CANCEL,,,
10236,ORD010233,CANCEL,,,
10237,ORD010231,CANCEL,,,
10238,ORD010238,LIMIT,SELL,100.91,95
10239,ORD010238,CANCEL,,,
10240,ORD010240,LIMIT,BUY,99.12,40
10241,ORD010240,CANCEL,,,
10242,ORD010242,LIMIT,SELL,99.6,20
10243,ORD010242,CANCEL,,,
10244,ORD010244,LIMIT,SELL,100.26,65
10245,ORD010245,LIMIT,SELL,99.84,25
10246,ORD010246,LIMIT,BUY,98.88,76
10247,ORD010244,CANCEL,,,
10248,ORD010246,CANCEL,,,
10249,ORD010249,LIMIT,SELL,100.75,59
10250,ORD010250,LIMIT,BUY,99.81,90
10251,ORD010250,CANCEL,,,
10252,ORD010245,CANCEL,,,
10253,ORD010253,MARKET,SELL,,79
10254,ORD010249,CANCEL,,,
10255,ORD010255,LIMIT,BUY,100.0,40
10256,ORD010256,LIMIT,SELL,100.17,87
10257,ORD010255,CANCEL,,,
10258,ORD010256,CANCEL,,,
10259,ORD010259,LIMIT,SELL,100.1,10
10260,ORD010259,CANCEL,,,
10261,ORD010261,LIMIT,SELL,101.93,61
10262,ORD010261,CANCEL,,,
10263,ORD010263,LIMIT,SELL,101.85,81
10264,ORD010263,CANCEL,,,
10265,ORD010265,LIMIT,BUY,99.95,15
10266,ORD010265,CANCEL,,,
10267,ORD010267,LIMIT,SELL,100.14,89
10268,ORD010268,LIMIT,BUY,99.04,52
10269,ORD010268,CANCEL,,,
10270,ORD010267,CANCEL,,,
10271,ORD010271,MARKET,SELL,,36
10272,ORD010272,LIMIT,SELL,99.79,84
10273,ORD010273,LIMIT,BUY,98.73,19
10274,ORD010272,CANCEL,,,
10275,ORD010273,CANCEL,,,
10276,ORD010276,LIMIT,SELL,100.92,62
10277,ORD010276,CANCEL,,,
10278,ORD010278,LIMIT,BUY,99.33,39
10279,ORD010278,CANCEL,,,
10280,ORD010280,LIMIT,BUY,98.19,80
10281,ORD010280,CANCEL,,,
10282,ORD010282,LIMIT,SELL,99.93,33
10283,ORD010282,CANCEL,,,
10284,ORD010284,LIMIT,SELL,100.6,27
10285,ORD010284,CANCEL,,,
10286,ORD010286,LIMIT,BUY,100.14,8
10287,ORD010286,CANCEL,,,
10288,ORD010288,LIMIT,BUY,98.55,36
10289,ORD010288,CANCEL,,,
10290,ORD010290,MARKET,BUY,,60
10291,ORD010291,LIMIT,BUY,99.85,10
10292,ORD010291,CANCEL,,,
10293,ORD010293,LIMIT,SELL,101.76,31
10294,ORD010294,LIMIT,SELL,100.27,96
10295,ORD010293,CANCEL,,,
10296,ORD010296,MARKET,SELL,,54
10297,ORD010297,LIMIT,SELL,99.57,77
10298,ORD010294,CANCEL,,,
10299,ORD010299,LIMIT,SELL,101.7,19
10300,ORD010300,LIMIT,BUY,99.23,90
10301,ORD010299,CANCEL,,,
10302,ORD010300,CANCEL,,,
10303,ORD010297,CANCEL,,,
10304,ORD010304,LIMIT,SELL,99.76,22
10305,ORD010304,CANCEL,,,
10306,ORD010306,LIMIT,BUY,98.11,33
10307,ORD010307,LIMIT,BUY,99.2,72
10308,ORD010308,LIMIT,SELL,101.91,66
10309,ORD010309,LIMIT,BUY,98.43,71
10310,ORD010306,CANCEL,,,
10311,ORD010309,CANCEL,,,
10312,ORD010308,CANCEL,,,
10313,ORD010307,CANCEL,,,
10314,ORD010314,LIMIT,SELL,101.04,82
10315,ORD010315,LIMIT,SELL,100.15,5
10316,ORD010316,LIMIT,BUY,98.7,35
10317,ORD010315,CANCEL,,,
10318,ORD010316,CANCEL,,,
10319,ORD010314,CANCEL,,,
10320,ORD010320,LIMIT,SELL,101.95,75
10321,ORD010320,CANCEL,,,
10322,ORD010322,LIMIT,SELL,100.31,61
10323,ORD010322,CANCEL,,,
10324,ORD010324,LIMIT,SELL,101.02,22
10325,ORD010324,CANCEL,,,
10326,ORD010326,LIMIT,SELL,100.67,77
10327,ORD010326,CANCEL,,,
10328,ORD010328,MARKET,SELL,,40
10329,ORD010329,MARKET,BUY,,76
10330,ORD010330,LIMIT,SELL,100.84,41
10331,ORD010330,CANCEL,,,
10332,ORD010332,LIMIT,BUY,100.44,44
10333,ORD010333,LIMIT,SELL,101.69,68
10334,ORD010333,CANCEL,,,
10335,ORD010332,CANCEL,,,
10336,ORD010336,LIMIT,BUY,99.05,46
10337,ORD010336,CANCEL,,,
10338,ORD010338,MARKET,SELL,,63
10339,ORD010339,LIMIT,BUY,98.22,12
10340,ORD010339,CANCEL,,,
10341,ORD010341,LIMIT,BUY,100.1,37
10342,ORD010342,LIMIT,BUY,98.33,36
10343,ORD010342,CANCEL,,,
10344,ORD010341,CANCEL,,,
10345,ORD010345,LIMIT,BUY,98.93,44
10346,ORD010345,CANCEL,,,
10347,ORD010347,LIMIT,SELL,101.41,76
10348,ORD010347,CANCEL,,,
10349,ORD010349,LIMIT,SELL,101.82,100
10350,ORD010350,LIMIT,SELL,100.71,33
10351,ORD010350,CANCEL,,,
10352,ORD010352,LIMIT,BUY,98.43,43
10353,ORD010353,LIMIT,SELL,101.48,82
10354,ORD010353,CANCEL,,,
10355,ORD010352,CANCEL,,,
10356,ORD010356,LIMIT,BUY,99.47,82
10357,ORD010357,LIMIT,SELL,101.4,55
10358,ORD010349,CANCEL,,,
10359,ORD010357,CANCEL,,,
10360,ORD010356,CANCEL,,,
10361,ORD010361,LIMIT,BUY,98.85,5
10362,ORD010361,CANCEL,,,
10363,ORD010363,LIMIT,BUY,99.79,17
10364,ORD010363,CANCEL,,,
10365,ORD010365,LIMIT,SELL,100.3,89
10366,ORD010365,CANCEL,,,
10367,ORD010367,LIMIT,BUY,99.52,62
10368,ORD010367,CANCEL,,,
10369,ORD010369,LIMIT,SELL,100.28,93
10370,ORD010369,CANCEL,,,
10371,ORD010371,LIMIT,BUY,98.35,51
10372,ORD010372,LIMIT,BUY,99.02,9
10373,ORD010372,CANCEL,,,
10374,ORD010371,CANCEL,,,
10375,ORD010375,LIMIT,BUY,100.25,78
10376,ORD010376,LIMIT,BUY,99.73,6
10377,ORD010375,CANCEL,,,
10378,ORD010376,CANCEL,,,
10379,ORD010379,LIMIT,BUY,100.07,87
10380,ORD010379,CANCEL,,,
10381,ORD010381,LIMIT,BUY,98.75,54
10382,ORD010381,CANCEL,,,
10383,ORD010383,LIMIT,BUY,99.58,26
10384,ORD010383,CANCEL,,,
10385,ORD010385,LIMIT,BUY,99.71,9
10386,ORD010385,CANCEL,,,
10387,ORD010387,LIMIT,SELL,101.31,53
10388,ORD010387,CANCEL,,,
10389,ORD010389,LIMIT,SELL,100.54,98
10390,ORD010390,LIMIT,SELL,100.37,43
10391,ORD010389,CANCEL,,,
10392,ORD010390,CANCEL,,,
10393,ORD010393,LIMIT,SELL,101.43,93
10394,ORD010393,CANCEL,,,
10395,ORD010395,LIMIT,BUY,98.93,31
10396,ORD010396,LIMIT,BUY,98.62,84
10397,ORD010397,LIMIT,BUY,99.7,9
10398,ORD010397,CANCEL,,,
10399,ORD010396,CANCEL,,,
10400,ORD010400,LIMIT,BUY,98.36,33
10401,ORD010395,CANCEL,,,
10402,ORD010402,MARKET,SELL,,57
10403,ORD010400,CANCEL,,,
10404,ORD010404,LIMIT,BUY,98.74,65
10405,ORD010404,CANCEL,,,
10406,ORD010406,LIMIT,SELL,100.91,32
10407,ORD010407,LIMIT,SELL,100.63,75
10408,ORD010406,CANCEL,,,
10409,ORD010407,CANCEL,,,
10410,ORD010410,LIMIT,SELL,101.8,45
10411,ORD010410,CANCEL,,,
10412,ORD010412,LIMIT,SELL,100.02,60
10413,ORD010413,LIMIT,BUY,98.45,34
10414,ORD010412,CANCEL,,,
10415,ORD010413,CANCEL,,,
10416,ORD010416,LIMIT,SELL,100.46,93
10417,ORD010416,CANCEL,,,
10418,ORD010418,LIMIT,SELL,101.54,85
10419,ORD010419,LIMIT,SELL,101.42,19
10420,ORD010418,CANCEL,,,
10421,ORD010419,CANCEL,,,
10422,ORD010422,LIMIT,BUY,98.39,95
10423,ORD010422,CANCEL,,,
10424,ORD010424,LIMIT,SELL,101.73,9
10425,ORD010424,CANCEL,,,
10426,ORD010426,LIMIT,SELL,99.81,88
10427,ORD010426,CANCEL,,,
10428,ORD010428,LIMIT,BUY,98.36,83
10429,ORD010429,LIMIT,BUY,100.27,90
10430,ORD010429,CANCEL,,,
10431,ORD010428,CANCEL,,,
10432,ORD010432,LIMIT,BUY,99.24,35
10433,ORD010433,MARKET,SELL,,32
10434,ORD010432,CANCEL,,,
10435,ORD010435,MARKET,SELL,,63
10436,ORD010436,LIMIT,BUY,99.86,50
10437,ORD010437,LIMIT,SELL,101.61,63
10438,ORD010436,CANCEL,,,
10439,ORD010439,LIMIT,BUY,99.9,97
10440,ORD010439,CANCEL,,,
10441,ORD010441,LIMIT,SELL,100.56,51
10442,ORD010437,CANCEL,,,
10443,ORD010441,CANCEL,,,
10444,ORD010444,LIMIT,SELL,100.54,54
10445,ORD010444,CANCEL,,,
10446,ORD010446,LIMIT,SELL,100.91,54
10447,ORD010447,LIMIT,BUY,99.02,2
10448,ORD010447,CANCEL,,,
10449,ORD010446,CANCEL,,,
10450,ORD010450,LIMIT,BUY,99.47,54
10451,ORD010451,LIMIT,BUY,100.27,10
10452,ORD010451,CANCEL,,,
10453,ORD010450,CANCEL,,,
10454,ORD010454,LIMIT,BUY,98.36,91
10455,ORD010454,CANCEL,,,
10456,ORD010456,LIMIT,SELL,101.4,50
10457,ORD010456,CANCEL,,,
10458,ORD010458,LIMIT,SELL,99.71,55
10459,ORD010459,LIMIT,BUY,99.24,7
10460,ORD010458,CANCEL,,,
10461,ORD010459,CANCEL,,,
10462,ORD010462,LIMIT,SELL,101.33,55
10463,ORD010462,CANCEL,,,
10464,ORD010464,LIMIT,BUY,98.7,76
10465,ORD010465,LIMIT,BUY,98.98,14
10466,ORD010466,LIMIT,BUY,99.26,55
10467,ORD010466,CANCEL,,,
10468,ORD010465,CANCEL,,,
10469,ORD010464,CANCEL,,,
10470,ORD010470,LIMIT,BUY,98.37,25
10471,ORD010470,CANCEL,,,
10472,ORD010472,LIMIT,SELL,101.34,63
10473,ORD010472,CANCEL,,,
10474,ORD010474,LIMIT,SELL,101.02,40
10475,ORD010475,LIMIT,BUY,100.2,91
10476,ORD010474,CANCEL,,,
10477,ORD010475,CANCEL,,,
10478,ORD010478,LIMIT,BUY,99.31,91
10479,ORD010478,CANCEL,,,
10480,ORD010480,LIMIT,SELL,101.31,44
10481,ORD010481,LIMIT,BUY,99.29,97
10482,ORD010480,CANCEL,,,
10483,ORD010483,LIMIT,BUY,99.07,87
10484,ORD010484,LIMIT,SELL,101.96,18
10485,ORD010484,CANCEL,,,
10486,ORD010481,CANCEL,,,
10487,ORD010487,LIMIT,BUY,98.41,98
10488,ORD010487,CANCEL,,,
10489,ORD010489,LIMIT,BUY,98.52,51
10490,ORD010489,CANCEL,,,
10491,ORD010483,CANCEL,,,
10492,ORD010492,LIMIT,BUY,98.4,42
10493,ORD010492,CANCEL,,,
10494,ORD010494,LIMIT,BUY,99.71,79
10495,ORD010494,CANCEL,,,
10496,ORD010496,LIMIT,SELL,99.58,29
10497,ORD010496,CANCEL,,,
10498,ORD010498,LIMIT,BUY,98.27,26
10499,ORD010498,CANCEL,,,
10500,ORD010500,LIMIT,BUY,99.12,89
10501,ORD010500,CANCEL,,,
10502,ORD010502,MARKET,SELL,,94
10503,ORD010503,LIMIT,SELL,100.64,8
10504,ORD010503,CANCEL,,,
10505,ORD010505,LIMIT,SELL,100.21,80
10506,ORD010505,CANCEL,,,
10507,ORD010507,LIMIT,BUY,99.5,65
10508,ORD010507,CANCEL,,,
10509,ORD010509,LIMIT,BUY,98.69,60
10510,ORD010509,CANCEL,,,
10511,ORD010511,LIMIT,BUY,99.81,53
10512,ORD010512,LIMIT,SELL,100.37,66
10513,ORD010513,LIMIT,BUY,99.76,97
10514,ORD010513,CANCEL,,,
10515,ORD010512,CANCEL,,,
10516,ORD010516,LIMIT,BUY,100.39,73
10517,ORD010516,CANCEL,,,
10518,ORD010511,CANCEL,,,
10519,ORD010519,LIMIT,SELL,100.3,62
10520,ORD010520,LIMIT,SELL,99.69,31
10521,ORD010521,LIMIT,SELL,100.35,100
10522,ORD010522,LIMIT,BUY,99.46,12
10523,ORD010521,CANCEL,,,
10524,ORD010524,LIMIT,SELL,99.85,27
10525,ORD010522,CANCEL,,,
10526,ORD010526,LIMIT,BUY,98.04,15
10527,ORD010524,CANCEL,,,
10528,ORD010526,CANCEL,,,
10529,ORD010520,CANCEL,,,
10530,ORD010519,CANCEL,,,
10531,ORD010531,MARKET,SELL,,68
10532,ORD010532,LIMIT,BUY,99.1,1
10533,ORD010532,CANCEL,,,
10534,ORD010534,LIMIT,BUY,99.78,71
10535,ORD010535,LIMIT,BUY,98.39,98
10536,ORD010536,LIMIT,SELL,100.69,29
10537,ORD010534,CANCEL,,,
10538,ORD010536,CANCEL,,,
10539,ORD010535,CANCEL,,,
10540,ORD010540,LIMIT,SELL,100.71,59
10541,ORD010540,CANCEL,,,
10542,ORD010542,LIMIT,SELL,100.22,25
10543,ORD010542,CANCEL,,,
10544,ORD010544,LIMIT,SELL,101.55,26
10545,ORD010544,CANCEL,,,
10546,ORD010546,LIMIT,BUY,99.86,44
10547,ORD010546,CANCEL,,,
10548,ORD010548,LIMIT,SELL,100.1,85
10549,ORD010548,CANCEL,,,
10550,ORD010550,LIMIT,SELL,99.65,21
10551,ORD010550,CANCEL,,,
10552,ORD010552,LIMIT,BUY,100.21,17
10553,ORD010552,CANCEL,,,
10554,ORD010554,LIMIT,BUY,99.41,67
10555,ORD010554,CANCEL,,,
10556,ORD010556,LIMIT,SELL,101.58,78
10557,ORD010557,MARKET,BUY,,10
10558,ORD010558,LIMIT,BUY,100.31,58
10559,ORD010558,CANCEL,,,
10560,ORD010556,CANCEL,,,
10561,ORD010561,LIMIT,BUY,99.82,37
10562,ORD010561,CANCEL,,,
10563,ORD010563,LIMIT,BUY,99.59,5
10564,ORD010563,CANCEL,,,
10565,ORD010565,LIMIT,BUY,98.79,74
10566,ORD010565,CANCEL,,,
10567,ORD010567,LIMIT,BUY,100.4,45
10568,ORD010567,CANCEL,,,
10569,ORD010569,LIMIT,BUY,98.17,12
10570,ORD010570,LIMIT,BUY,98.88,39
10571,ORD010571,LIMIT,BUY,98.42,74
10572,ORD010569,CANCEL,,,
10573,ORD010571,CANCEL,,,
10574,ORD010570,CANCEL,,,
10575,ORD010575,LIMIT,BUY,98.35,72
10576,ORD010575,CANCEL,,,
10577,ORD010577,LIMIT,SELL,100.58,81
10578,ORD010577,CANCEL,,,
10579,ORD010579,LIMIT,SELL,101.59,26
10580,ORD010580,MARKET,SELL,,28
10581,ORD010579,CANCEL,,,
10582,ORD010582,LIMIT,SELL,101.17,84
10583,ORD010582,CANCEL,,,
10584,ORD010584,LIMIT,SELL,101.23,73
10585,ORD010584,CANCEL,,,
10586,ORD010586,LIMIT,BUY,98.95,66
10587,ORD010586,CANCEL,,,
10588,ORD010588,LIMIT,SELL,100.9,71
10589,ORD010588,CANCEL,,,
10590,ORD010590,LIMIT,BUY,99.17,54
10591,ORD010590,CANCEL,,,
10592,ORD010592,LIMIT,SELL,100.73,76
10593,ORD010592,CANCEL,,,
10594,ORD010594,LIMIT,BUY,98.39,57
10595,ORD010594,CANCEL,,,
10596,ORD010596,LIMIT,SELL,101.38,24
10597,ORD010596,CANCEL,,,
10598,ORD010598,LIMIT,BUY,99.22,62
10599,ORD010598,CANCEL,,,
10600,ORD010600,LIMIT,SELL,99.94,42
10601,ORD010600,CANCEL,,,
10602,ORD010602,LIMIT,SELL,101.6,62
10603,ORD010603,LIMIT,SELL,101.36,41
10604,ORD010603,CANCEL,,,
10605,ORD010605,LIMIT,SELL,100.25,39
10606,ORD010602,CANCEL,,,
10607,ORD010607,LIMIT,SELL,100.55,78
10608,ORD010605,CANCEL,,,
10609,ORD010609,LIMIT,SELL,101.4,14
10610,ORD010610,LIMIT,SELL,100.69,32
10611,ORD010611,LIMIT,SELL,100.65,37
10612,ORD010612,LIMIT,SELL,101.12,8
10613,ORD010612,CANCEL,,,
10614,ORD010609,CANCEL,,,
10615,ORD010607,CANCEL,,,
10616,ORD010616,LIMIT,BUY,98.81,8
10617,ORD010611,CANCEL,,,
10618,ORD010616,CANCEL,,,
10619,ORD010610,CANCEL,,,
10620,ORD010620,LIMIT,SELL,101.22,27
10621,ORD010621,LIMIT,BUY,99.56,47
10622,ORD010621,CANCEL,,,
10623,ORD010620,CANCEL,,,
10624,ORD010624,LIMIT,SELL,101.63,82
10625,ORD010624,CANCEL,,,
10626,ORD010626,LIMIT,BUY,98.51,22
10627,ORD010627,LIMIT,BUY,98.94,86
10628,ORD010627,CANCEL,,,
10629,ORD010629,LIMIT,SELL,100.66,95
10630,ORD010629,CANCEL,,,
10631,ORD010631,LIMIT,BUY,100.49,81
10632,ORD010626,CANCEL,,,
10633,ORD010631,CANCEL,,,
10634,ORD010634,LIMIT,SELL,101.39,97
10635,ORD010635,LIMIT,BUY,98.24,25
10636,ORD010636,LIMIT,BUY,99.43,36
10637,ORD010636,CANCEL,,,
10638,ORD010638,LIMIT,BUY,99.88,1
10639,ORD010639,LIMIT,SELL,100.1,75
10640,ORD010634,CANCEL,,,
10641,ORD010641,LIMIT,SELL,100.42,9
10642,ORD010642,LIMIT,BUY,100.24,31
10643,ORD010635,CANCEL,,,
10644,ORD010638,CANCEL,,,
10645,ORD010639,CANCEL,,,
10646,ORD010641,CANCEL,,,
10647,ORD010647,LIMIT,SELL,100.32,39
10648,ORD010648,LIMIT,BUY,99.12,97
10649,ORD010648,CANCEL,,,
10650,ORD010647,CANCEL,,,
10651,ORD010651,LIMIT,SELL,99.73,19
10652,ORD010652,LIMIT,SELL,100.54,70
10653,ORD010652,CANCEL,,,
10654,ORD010651,CANCEL,,,
10655,ORD010655,LIMIT,SELL,101.2,69
10656,ORD010655,CANCEL,,,
10657,ORD010657,LIMIT,SELL,99.94,77
10658,ORD010658,LIMIT,SELL,101.83,86
10659,ORD010657,CANCEL,,,
10660,ORD010658,CANCEL,,,
10661,ORD010661,LIMIT,SELL,99.76,21
10662,ORD010662,LIMIT,BUY,98.04,27
10663,ORD010663,LIMIT,SELL,99.62,37
10664,ORD010664,LIMIT,SELL,99.7,12
10665,ORD010662,CANCEL,,,
10666,ORD010664,CANCEL,,,
10667,ORD010667,LIMIT,BUY,98.24,92
10668,ORD010668,LIMIT,BUY,98.59,49
10669,ORD010663,CANCEL,,,
10670,ORD010667,CANCEL,,,
10671,ORD010671,LIMIT,SELL,101.38,69
10672,ORD010668,CANCEL,,,
10673,ORD010671,CANCEL,,,
10674,ORD010661,CANCEL,,,
10675,ORD010675,LIMIT,BUY,99.28,68
10676,ORD010675,CANCEL,,,
10677,ORD010677,LIMIT,SELL,101.35,8
10678,ORD010677,CANCEL,,,
10679,ORD010679,LIMIT,SELL,99.54,14
10680,ORD010679,CANCEL,,,
10681,ORD010681,LIMIT,BUY,99.8,18
10682,ORD010682,LIMIT,SELL,99.56,50
10683,ORD010682,CANCEL,,,
10684,ORD010681,CANCEL,,,
10685,ORD010685,LIMIT,BUY,98.37,10
10686,ORD010685,CANCEL,,,
10687,ORD010687,LIMIT,SELL,100.03,68
10688,ORD010687,CANCEL,,,
10689,ORD010689,LIMIT,SELL,99.53,10
10690,ORD010690,LIMIT,BUY,99.89,79
10691,ORD010689,CANCEL,,,
10692,ORD010690,CANCEL,,,
10693,ORD010693,LIMIT,BUY,99.08,13
10694,ORD010693,CANCEL,,,
10695,ORD010695,LIMIT,BUY,99.94,64
10696,ORD010696,LIMIT,SELL,101.4,46
10697,ORD010695,CANCEL,,,
10698,ORD010696,CANCEL,,,
10699,ORD010699,LIMIT,BUY,100.05,24
10700,ORD010699,CANCEL,,,
10701,ORD010701,MARKET,BUY,,76
10702,ORD010702,LIMIT,SELL,101.61,51
10703,ORD010702,CANCEL,,,
10704,ORD010704,LIMIT,BUY,99.08,43
10705,ORD010705,LIMIT,SELL,100.69,30
10706,ORD010706,LIMIT,BUY,100.3,9
10707,ORD010706,CANCEL,,,
10708,ORD010704,CANCEL,,,
10709,ORD010705,CANCEL,,,
10710,ORD010710,LIMIT,BUY,99.5,20
10711,ORD010711,LIMIT,BUY,99.26,37
10712,ORD010710,CANCEL,,,
10713,ORD010711,CANCEL,,,
10714,ORD010714,LIMIT,BUY,99.48,20
10715,ORD010715,LIMIT,SELL,99.55,29
10716,ORD010716,LIMIT,SELL,101.55,37
10717,ORD010716,CANCEL,,,
10718,ORD010714,CANCEL,,,
10719,ORD010715,CANCEL,,,
10720,ORD010720,LIMIT,BUY,98.14,35
10721,ORD010721,LIMIT,SELL,100.34,4
10722,ORD010722,LIMIT,BUY,100.28,60
10723,ORD010720,CANCEL,,,
10724,ORD010721,CANCEL,,,
10725,ORD010722,CANCEL,,,
10726,ORD010726,LIMIT,BUY,99.73,61
10727,ORD010726,CANCEL,,,
10728,ORD010728,MARKET,BUY,,91
10729,ORD010729,LIMIT,SELL,101.72,89
10730,ORD010729,CANCEL,,,
10731,ORD010731,LIMIT,SELL,100.7,100
10732,ORD010731,CANCEL,,,
10733,ORD010733,LIMIT,BUY,98.55,49
10734,ORD010734,LIMIT,SELL,101.49,34
10735,ORD010733,CANCEL,,,
10736,ORD010734,CANCEL,,,
10737,ORD010737,LIMIT,BUY,98.38,17
10738,ORD010738,MARKET,SELL,,28
10739,ORD010737,CANCEL,,,
10740,ORD010740,LIMIT,BUY,99.52,91
10741,ORD010740,CANCEL,,,
10742,ORD010742,LIMIT,SELL,100.22,72
10743,ORD010743,LIMIT,BUY,98.25,26
10744,ORD010742,CANCEL,,,
10745,ORD010743,CANCEL,,,
10746,ORD010746,LIMIT,BUY,98.61,50
10747,ORD010747,LIMIT,BUY,100.2,66
10748,ORD010746,CANCEL,,,
10749,ORD010747,CANCEL,,,
10750,ORD010750,LIMIT,SELL,101.25,51
10751,ORD010750,CANCEL,,,
10752,ORD010752,LIMIT,SELL,100.23,4
10753,ORD010752,CANCEL,,,
10754,ORD010754,LIMIT,SELL,100.26,43
10755,ORD010754,CANCEL,,,
10756,ORD010756,LIMIT,SELL,99.59,98
10757,ORD010756,CANCEL,,,
10758,ORD010758,LIMIT,SELL,99.67,40
10759,ORD010758,CANCEL,,,
10760,ORD010760,LIMIT,SELL,101.86,30
10761,ORD010760,CANCEL,,,
10762,ORD010762,LIMIT,BUY,99.93,33
10763,ORD010762,CANCEL,,,
10764,ORD010764,LIMIT,SELL,101.62,75
10765,ORD010764,CANCEL,,,
10766,ORD010766,LIMIT,BUY,98.27,87
10767,ORD010766,CANCEL,,,
10768,ORD010768,LIMIT,SELL,99.58,92
10769,ORD010769,LIMIT,BUY,99.26,65
10770,ORD010769,CANCEL,,,
10771,ORD010771,LIMIT,SELL,100.94,13
10772,ORD010771,CANCEL,,,
10773,ORD010768,CANCEL,,,
10774,ORD010774,LIMIT,BUY,98.66,43
10775,ORD010774,CANCEL,,,
10776,ORD010776,LIMIT,BUY,98.96,62
10777,ORD010776,CANCEL,,,
10778,ORD010778,LIMIT,BUY,99.47,16
10779,ORD010778,CANCEL,,,
10780,ORD010780,LIMIT,SELL,99.91,74
10781,ORD010781,LIMIT,BUY,99.01,82
10782,ORD010780,CANCEL,,,
10783,ORD010783,LIMIT,SELL,100.9,43
10784,ORD010784,LIMIT,BUY,98.57,91
10785,ORD010785,LIMIT,BUY,99.04,16
10786,ORD010784,CANCEL,,,
10787,ORD010783,CANCEL,,,
10788,ORD010781,CANCEL,,,
10789,ORD010785,CANCEL,,,
10790,ORD010790,LIMIT,BUY,98.76,1
10791,ORD010790,CANCEL,,,
10792,ORD010792,LIMIT,SELL,99.61,31
10793,ORD010793,LIMIT,BUY,99.06,100
10794,ORD010793,CANCEL,,,
10795,ORD010792,CANCEL,,,
10796,ORD010796,LIMIT,BUY,99.4,85
10797,ORD010797,LIMIT,SELL,101.81,96
10798,ORD010797,CANCEL,,,
10799,ORD010796,CANCEL,,,
10800,ORD010800,LIMIT,SELL,101.63,77
10801,ORD010800,CANCEL,,,
10802,ORD010802,LIMIT,SELL,101.69,36
10803,ORD010802,CANCEL,,,
10804,ORD010804,LIMIT,SELL,101.26,86
10805,ORD010805,LIMIT,BUY,99.21,9
10806,ORD010806,LIMIT,SELL,100.97,90
10807,ORD010806,CANCEL,,,
10808,ORD010808,LIMIT,BUY,99.73,64
10809,ORD010808,CANCEL,,,
10810,ORD010805,CANCEL,,,
10811,ORD010804,CANCEL,,,
10812,ORD010812,LIMIT,BUY,98.64,21
10813,ORD010812,CANCEL,,,
10814,ORD010814,LIMIT,BUY,98.25,88
10815,ORD010814,CANCEL,,,
10816,ORD010816,LIMIT,BUY,100.5,57
10817,ORD010816,CANCEL,,,
10818,ORD010818,LIMIT,SELL,100.57,95
10819,ORD010819,LIMIT,BUY,99.99,38
10820,ORD010819,CANCEL,,,
10821,ORD010818,CANCEL,,,
10822,ORD010822,LIMIT,BUY,99.57,63
10823,ORD010823,LIMIT,SELL,99.84,22
10824,ORD010824,MARKET,SELL,,95
10825,ORD010822,CANCEL,,,
10826,ORD010826,LIMIT,SELL,101.98,74
10827,ORD010826,CANCEL,,,
10828,ORD010828,LIMIT,SELL,99.82,54
10829,ORD010828,CANCEL,,,
10830,ORD010823,CANCEL,,,
10831,ORD010831,LIMIT,BUY,98.11,27
10832,ORD010831,CANCEL,,,
10833,ORD010833,LIMIT,BUY,99.99,45
10834,ORD010833,CANCEL,,,
10835,ORD010835,LIMIT,BUY,98.07,80
10836,ORD010836,LIMIT,SELL,101.66,20
10837,ORD010837,LIMIT,BUY,99.78,50
10838,ORD010836,CANCEL,,,
10839,ORD010839,LIMIT,SELL,100.31,95
10840,ORD010837,CANCEL,,,
10841,ORD010835,CANCEL,,,
10842,ORD010839,CANCEL,,,
10843,ORD010843,LIMIT,SELL,100.06,22
10844,ORD010844,LIMIT,SELL,100.67,86
10845,ORD010843,CANCEL,,,
10846,ORD010844,CANCEL,,,
10847,ORD010847,LIMIT,SELL,99.79,49
10848,ORD010848,LIMIT,SELL,101.39,84
10849,ORD010848,CANCEL,,,
10850,ORD010847,CANCEL,,,
10851,ORD010851,LIMIT,BUY,98.08,2
10852,ORD010852,LIMIT,SELL,101.95,2
10853,ORD010851,CANCEL,,,
10854,ORD010852,CANCEL,,,
10855,ORD010855,LIMIT,SELL,101.72,35
10856,ORD010855,CANCEL,,,
10857,ORD010857,LIMIT,SELL,100.97,90
10858,ORD010857,CANCEL,,,
10859,ORD010859,LIMIT,SELL,100.99,52
10860,ORD010859,CANCEL,,,
10861,ORD010861,LIMIT,SELL,100.34,45
10862,ORD010861,CANCEL,,,
10863,ORD010863,LIMIT,SELL,100.41,75
10864,ORD010863,CANCEL,,,
10865,ORD010865,LIMIT,BUY,100.45,59
10866,ORD010866,LIMIT,SELL,100.13,43
10867,ORD010865,CANCEL,,,
10868,ORD010868,LIMIT,SELL,99.9,26
10869,ORD010869,LIMIT,SELL,100.49,88
10870,ORD010869,CANCEL,,,
10871,ORD010868,CANCEL,,,
10872,ORD010872,LIMIT,BUY,98.35,87
10873,ORD010873,MARKET,SELL,,87
10874,ORD010872,CANCEL,,,
10875,ORD010875,LIMIT,BUY,99.8,10
10876,ORD010875,CANCEL,,,
10877,ORD010877,LIMIT,SELL,101.42,39
10878,ORD010877,CANCEL,,,
10879,ORD010879,LIMIT,SELL,100.72,77
10880,ORD010879,CANCEL,,,
10881,ORD010881,LIMIT,BUY,99.35,76
10882,ORD010881,CANCEL,,,
10883,ORD010883,LIMIT,BUY,98.67,25
10884,ORD010883,CANCEL,,,
10885,ORD010885,LIMIT,BUY,99.85,89
10886,ORD010886,LIMIT,BUY,100.45,91
10887,ORD010886,CANCEL,,,
10888,ORD010888,LIMIT,BUY,100.4,100
10889,ORD010885,CANCEL,,,
10890,ORD010888,CANCEL,,,
10891,ORD010891,MARKET,SELL,,18
10892,ORD010892,LIMIT,BUY,100.39,38
10893,ORD010893,LIMIT,SELL,101.44,19
10894,ORD010892,CANCEL,,,
10895,ORD010895,LIMIT,SELL,101.66,51
10896,ORD010896,LIMIT,BUY,100.02,80
10897,ORD010896,CANCEL,,,
10898,ORD010898,LIMIT,SELL,101.23,42
10899,ORD010893,CANCEL,,,
10900,ORD010895,CANCEL,,,
10901,ORD010898,CANCEL,,,
10902,ORD010902,LIMIT,SELL,100.42,88
10903,ORD010902,CANCEL,,,
10904,ORD010904,LIMIT,SELL,101.63,66
10905,ORD010904,CANCEL,,,
10906,ORD010906,LIMIT,SELL,100.26,65
10907,ORD010906,CANCEL,,,
10908,ORD010908,LIMIT,BUY,98.88,68
10909,ORD010908,CANCEL,,,
10910,ORD010910,LIMIT,BUY,100.12,3
10911,ORD010910,CANCEL,,,
10912,ORD010912,LIMIT,SELL,99.74,24
10913,ORD010912,CANCEL,,,
10914,ORD010914,LIMIT,SELL,101.83,47
10915,ORD010914,CANCEL,,,
10916,ORD010916,LIMIT,BUY,98.03,42
10917,ORD010917,LIMIT,BUY,98.78,5
10918,ORD010917,CANCEL,,,
10919,ORD010916,CANCEL,,,
10920,ORD010920,LIMIT,SELL,100.38,70
10921,ORD010921,LIMIT,BUY,98.04,79
10922,ORD010921,CANCEL,,,
10923,ORD010920,CANCEL,,,
10924,ORD010924,LIMIT,SELL,101.88,56
10925,ORD010924,CANCEL,,,
10926,ORD010926,LIMIT,BUY,98.44,44
10927,ORD010926,CANCEL,,,
10928,ORD010928,LIMIT,BUY,99.52,97
10929,ORD010929,LIMIT,SELL,100.68,72
10930,ORD010930,LIMIT,BUY,100.4,18
10931,ORD010931,LIMIT,BUY,99.14,11
10932,ORD010928,CANCEL,,,
10933,ORD010931,CANCEL,,,
10934,ORD010929,CANCEL,,,
10935,ORD010930,CANCEL,,,
10936,ORD010936,LIMIT,SELL,100.06,47
10937,ORD010936,CANCEL,,,
10938,ORD010938,LIMIT,SELL,101.05,4
10939,ORD010939,LIMIT,BUY,99.84,16
10940,ORD010940,LIMIT,SELL,101.37,60
10941,ORD010941,LIMIT,BUY,99.06,63
10942,ORD010942,LIMIT,SELL,101.11,18
10943,ORD010943,LIMIT,BUY,100.18,38
10944,ORD010939,CANCEL,,,
10945,ORD010940,CANCEL,,,
10946,ORD010946,LIMIT,BUY,99.98,83
10947,ORD010943,CANCEL,,,
10948,ORD010948,LIMIT,SELL,99.97,96
10949,ORD010949,LIMIT,BUY,98.53,29
10950,ORD010950,LIMIT,BUY,98.32,98
10951,ORD010946,CANCEL,,,
10952,ORD010952,LIMIT,SELL,100.41,87
10953,ORD010941,CANCEL,,,
10954,ORD010954,LIMIT,SELL,99.75,37
10955,ORD010949,CANCEL,,,
10956,ORD010956,LIMIT,BUY,98.47,30
10957,ORD010950,CANCEL,,,
10958,ORD010958,LIMIT,SELL,100.76,39
10959,ORD010958,CANCEL,,,
10960,ORD010956,CANCEL,,,
10961,ORD010961,LIMIT,SELL,101.75,81
10962,ORD010954,CANCEL,,,
10963,ORD010963,LIMIT,BUY,99.26,77
10964,ORD010952,CANCEL,,,
10965,ORD010961,CANCEL,,,
10966,ORD010942,CANCEL,,,
10967,ORD010938,CANCEL,,,
10968,ORD010948,CANCEL,,,
10969,ORD010963,CANCEL,,,
10970,ORD010970,LIMIT,SELL,99.7,54
10971,ORD010971,LIMIT,SELL,100.22,96
10972,ORD010972,LIMIT,SELL,101.48,67
10973,ORD010973,LIMIT,SELL,100.54,11
10974,ORD010974,LIMIT,SELL,100.23,82
10975,ORD010974,CANCEL,,,
10976,ORD010970,CANCEL,,,
10977,ORD010973,CANCEL,,,
10978,ORD010972,CANCEL,,,
10979,ORD010971,CANCEL,,,
10980,ORD010980,LIMIT,BUY,98.7,28
10981,ORD010980,CANCEL,,,
10982,ORD010982,LIMIT,BUY,99.95,49
10983,ORD010983,LIMIT,SELL,101.9,80
10984,ORD010984,LIMIT,SELL,101.27,71
10985,ORD010982,CANCEL,,,
10986,ORD010986,MARKET,BUY,,71
10987,ORD010987,MARKET,BUY,,4
10988,ORD010984,CANCEL,,,
10989,ORD010983,CANCEL,,,
10990,ORD010990,LIMIT,BUY,98.8,42
10991,ORD010990,CANCEL,,,
10992,ORD010992,LIMIT,BUY,98.99,13
10993,ORD010992,CANCEL,,,
10994,ORD010994,MARKET,BUY,,34
10995,ORD010995,LIMIT,SELL,100.71,24
10996,ORD010995,CANCEL,,,
10997,ORD010997,LIMIT,SELL,101.3,76
10998,ORD010998,LIMIT,SELL,101.15,80
10999,ORD010997,CANCEL,,,
11000,ORD011000,LIMIT,SELL,99.81,60
11001,ORD011000,CANCEL,,,
11002,ORD010998,CANCEL,,,
11003,ORD011003,LIMIT,SELL,101.86,42
11004,ORD011003,CANCEL,,,
11005,ORD011005,LIMIT,SELL,100.74,28
11006,ORD011005,CANCEL,,,
11007,ORD011007,LIMIT,SELL,100.71,7
11008,ORD011007,CANCEL,,,
11009,ORD011009,LIMIT,SELL,100.14,61
11010,ORD011010,LIMIT,BUY,99.71,24
11011,ORD011011,LIMIT,BUY,99.03,85
11012,ORD011012,LIMIT,BUY,98.66,51
11013,ORD011012,CANCEL,,,
11014,ORD011010,CANCEL,,,
11015,ORD011015,LIMIT,SELL,101.48,96
11016,ORD011009,CANCEL,,,
11017,ORD011017,LIMIT,BUY,98.58,50
11018,ORD011017,CANCEL,,,
11019,ORD011019,LIMIT,BUY,98.87,26
11020,ORD011019,CANCEL,,,
11021,ORD011011,CANCEL,,,
11022,ORD011022,LIMIT,SELL,101.32,49
11023,ORD011022,CANCEL,,,
11024,ORD011024,LIMIT,SELL,101.4,96
11025,ORD011024,CANCEL,,,
11026,ORD011015,CANCEL,,,
11027,ORD011027,LIMIT,SELL,101.6,35
11028,ORD011028,LIMIT,SELL,101.91,10
11029,ORD011028,CANCEL,,,
11030,ORD011027,CANCEL,,,
11031,ORD011031,LIMIT,BUY,99.43,23
11032,ORD011032,LIMIT,SELL,101.25,33
11033,ORD011031,CANCEL,,,
11034,ORD011032,CANCEL,,,
11035,ORD011035,LIMIT,SELL,101.98,28
11036,ORD011036,LIMIT,BUY,98.5,19
11037,ORD011037,LIMIT,BUY,98.13,87
11038,ORD011036,CANCEL,,,
11039,ORD011037,CANCEL,,,
11040,ORD011040,LIMIT,BUY,100.1,65
11041,ORD011035,CANCEL,,,
11042,ORD011042,LIMIT,SELL,101.73,26
11043,ORD011043,LIMIT,SELL,101.98,81
11044,ORD011042,CANCEL,,,
11045,ORD011040,CANCEL,,,
11046,ORD011043,CANCEL,,,
11047,ORD011047,LIMIT,SELL,100.86,57
11048,ORD011047,CANCEL,,,
11049,ORD011049,LIMIT,SELL,100.96,99
11050,ORD011049,CANCEL,,,
11051,ORD011051,LIMIT,SELL,101.0,13
11052,ORD011051,CANCEL,,,
11053,ORD011053,MARKET,SELL,,85
11054,ORD011054,LIMIT,BUY,99.74,14
11055,ORD011054,CANCEL,,,
11056,ORD011056,LIMIT,BUY,98.65,3
11057,ORD011056,CANCEL,,,
11058,ORD011058,LIMIT,SELL,100.75,11
11059,ORD011058,CANCEL,,,
11060,ORD011060,LIMIT,BUY,99.62,9
11061,ORD011061,LIMIT,SELL,101.38,61
11062,ORD011061,CANCEL,,,
11063,ORD011060,CANCEL,,,
11064,ORD011064,LIMIT,SELL,99.82,70
11065,ORD011064,CANCEL,,,
11066,ORD011066,LIMIT,SELL,101.46,20
11067,ORD011067,LIMIT,BUY,98.56,31
11068,ORD011066,CANCEL,,,
11069,ORD011067,CANCEL,,,
11070,ORD011070,LIMIT,SELL,101.32,25
11071,ORD011070,CANCEL,,,
11072,ORD011072,LIMIT,BUY,99.66,95
11073,ORD011072,CANCEL,,,
11074,ORD011074,LIMIT,SELL,100.64,20
11075,ORD011075,LIMIT,BUY,98.02,16
11076,ORD011076,LIMIT,SELL,99.62,70
11077,ORD011076,CANCEL,,,
11078,ORD011075,CANCEL,,,
11079,ORD011079,LIMIT,SELL,101.37,44
11080,ORD011074,CANCEL,,,
11081,ORD011079,CANCEL,,,
11082,ORD011082,LIMIT,SELL,100.73,34
11083,ORD011082,CANCEL,,,
11084,ORD011084,LIMIT,BUY,100.03,94
11085,ORD011084,CANCEL,,,
11086,ORD011086,LIMIT,SELL,100.24,98
11087,ORD011086,CANCEL,,,
11088,ORD011088,LIMIT,SELL,101.36,53
11089,ORD011089,LIMIT,BUY,99.44,19
11090,ORD011089,CANCEL,,,
11091,ORD011091,LIMIT,BUY,99.54,10
11092,ORD011088,CANCEL,,,
11093,ORD011091,CANCEL,,,
11094,ORD011094,LIMIT,SELL,101.97,7
11095,ORD011094,CANCEL,,,
11096,ORD011096,MARKET,SELL,,82
11097,ORD011097,LIMIT,SELL,100.54,80
11098,ORD011097,CANCEL,,,
11099,ORD011099,LIMIT,BUY,100.37,63
11100,ORD011099,CANCEL,,,
11101,ORD011101,LIMIT,SELL,101.02,12
11102,ORD011101,CANCEL,,,
11103,ORD011103,LIMIT,BUY,98.91,79
11104,ORD011103,CANCEL,,,
11105,ORD011105,LIMIT,SELL,100.99,88
11106,ORD011105,CANCEL,,,
11107,ORD011107,LIMIT,BUY,99.58,69
11108,ORD011107,CANCEL,,,
11109,ORD011109,LIMIT,SELL,100.59,73
11110,ORD011109,CANCEL,,,
11111,ORD011111,LIMIT,SELL,100.19,57
11112,ORD011111,CANCEL,,,
11113,ORD011113,LIMIT,SELL,100.61,50
11114,ORD011114,LIMIT,BUY,100.29,11
11115,ORD011115,LIMIT,SELL,100.73,86
11116,ORD011113,CANCEL,,,
11117,ORD011114,CANCEL,,,
11118,ORD011118,LIMIT,BUY,98.07,8
11119,ORD011115,CANCEL,,,
11120,ORD011118,CANCEL,,,
11121,ORD011121,LIMIT,SELL,100.31,47
11122,ORD011121,CANCEL,,,
11123,ORD011123,LIMIT,BUY,98.69,24
11124,ORD011123,CANCEL,,,
11125,ORD011125,LIMIT,SELL,99.84,79
11126,ORD011125,CANCEL,,,
11127,ORD011127,LIMIT,SELL,100.01,25
11128,ORD011128,LIMIT,SELL,100.68,75
11129,ORD011127,CANCEL,,,
11130,ORD011128,CANCEL,,,
11131,ORD011131,LIMIT,BUY,100.29,68
11132,ORD011131,CANCEL,,,
11133,ORD011133,LIMIT,SELL,100.76,71
11134,ORD011133,CANCEL,,,
11135,ORD011135,LIMIT,SELL,100.56,7
11136,ORD011135,CANCEL,,,
11137,ORD011137,LIMIT,BUY,100.11,53
11138,ORD011137,CANCEL,,,
11139,ORD011139,LIMIT,SELL,100.31,43
11140,ORD011140,LIMIT,BUY,98.73,47
11141,ORD011140,CANCEL,,,
11142,ORD011142,LIMIT,SELL,101.02,94
11143,ORD011143,LIMIT,BUY,98.04,57
11144,ORD011143,CANCEL,,,
11145,ORD011139,CANCEL,,,
11146,ORD011142,CANCEL,,,
11147,ORD011147,LIMIT,BUY,98.96,3
11148,ORD011147,CANCEL,,,
11149,ORD011149,LIMIT,SELL,99.8,59
11150,ORD011149,CANCEL,,,
11151,ORD011151,LIMIT,SELL,101.5,41
11152,ORD011151,CANCEL,,,
11153,ORD011153,MARKET,SELL,,43
11154,ORD011154,LIMIT,BUY,100.02,47
11155,ORD011154,CANCEL,,,
11156,ORD011156,LIMIT,SELL,100.8,80
11157,ORD011157,LIMIT,BUY,99.85,4
11158,ORD011156,CANCEL,,,
11159,ORD011159,LIMIT,SELL,100.62,9
11160,ORD011160,LIMIT,BUY,99.37,71
11161,ORD011157,CANCEL,,,
11162,ORD011162,LIMIT,BUY,100.36,43
11163,ORD011162,CANCEL,,,
11164,ORD011164,LIMIT,BUY,100.45,93
11165,ORD011160,CANCEL,,,
11166,ORD011164,CANCEL,,,
11167,ORD011159,CANCEL,,,
11168,ORD011168,LIMIT,SELL,100.92,68
11169,ORD011168,CANCEL,,,
11170,ORD011170,LIMIT,SELL,100.75,55
11171,ORD011171,LIMIT,BUY,98.4,69
11172,ORD011171,CANCEL,,,
11173,ORD011170,CANCEL,,,
11174,ORD011174,LIMIT,SELL,101.99,45
11175,ORD011174,CANCEL,,,
11176,ORD011176,LIMIT,SELL,101.53,41
11177,ORD011177,LIMIT,SELL,101.15,46
11178,ORD011178,MARKET,SELL,,43
11179,ORD011176,CANCEL,,,
11180,ORD011177,CANCEL,,,
11181,ORD011181,LIMIT,SELL,100.36,65
11182,ORD011181,CANCEL,,,
11183,ORD011183,MARKET,BUY,,3
11184,ORD011184,MARKET,BUY,,37
11185,ORD011185,LIMIT,BUY,99.84,98
11186,ORD011185,CANCEL,,,
11187,ORD011187,MARKET,SELL,,86
11188,ORD011188,LIMIT,BUY,99.59,81
11189,ORD011188,CANCEL,,,
11190,ORD011190,MARKET,SELL,,36
11191,ORD011191,MARKET,SELL,,6
11192,ORD011192,LIMIT,SELL,100.25,83
11193,ORD011192,CANCEL,,,
11194,ORD011194,MARKET,SELL,,74
11195,ORD011195,LIMIT,BUY,98.96,78
11196,ORD011196,LIMIT,BUY,99.62,95
11197,ORD011195,CANCEL,,,
11198,ORD011198,LIMIT,BUY,98.98,72
11199,ORD011198,CANCEL,,,
11200,ORD011196,CANCEL,,,
11201,ORD011201,LIMIT,SELL,101.79,13
11202,ORD011201,CANCEL,,,
11203,ORD011203,LIMIT,BUY,99.93,83
11204,ORD011203,CANCEL,,,
11205,ORD011205,LIMIT,SELL,100.12,78
11206,ORD011205,CANCEL,,,
11207,ORD011207,LIMIT,SELL,100.98,91
11208,ORD011207,CANCEL,,,
11209,ORD011209,LIMIT,SELL,99.91,41
11210,ORD011209,CANCEL,,,
11211,ORD011211,LIMIT,SELL,100.59,73
11212,ORD011211,CANCEL,,,
11213,ORD011213,LIMIT,SELL,101.88,65
11214,ORD011214,LIMIT,SELL,101.9,72
11215,ORD011213,CANCEL,,,
11216,ORD011214,CANCEL,,,
11217,ORD011217,LIMIT,BUY,99.37,47
11218,ORD011217,CANCEL,,,
11219,ORD011219,LIMIT,SELL,100.46,20
11220,ORD011219,CANCEL,,,
11221,ORD011221,LIMIT,SELL,99.77,57
11222,ORD011221,CANCEL,,,
11223,ORD011223,LIMIT,BUY,100.36,75
11224,ORD011223,CANCEL,,,
11225,ORD011225,LIMIT,SELL,100.41,72
11226,ORD011225,CANCEL,,,
11227,ORD011227,LIMIT,BUY,98.22,44
11228,ORD011228,LIMIT,BUY,98.09,36
11229,ORD011227,CANCEL,,,
11230,ORD011228,CANCEL,,,
11231,ORD011231,LIMIT,SELL,101.62,34
11232,ORD011232,LIMIT,SELL,100.15,45
11233,ORD011231,CANCEL,,,
11234,ORD011232,CANCEL,,,
11235,ORD011235,LIMIT,SELL,100.42,12
11236,ORD011235,CANCEL,,,
11237,ORD011237,LIMIT,SELL,100.14,65
11238,ORD011237,CANCEL,,,
11239,ORD011239,LIMIT,BUY,100.02,57
11240,ORD011239,CANCEL,,,
11241,ORD011241,LIMIT,BUY,98.43,61
11242,ORD011241,CANCEL,,,
11243,ORD011243,LIMIT,SELL,101.19,40
11244,ORD011243,CANCEL,,,
11245,ORD011245,LIMIT,BUY,98.31,46
11246,ORD011245,CANCEL,,,
11247,ORD011247,LIMIT,SELL,100.89,19
11248,ORD011248,LIMIT,SELL,101.58,27
11249,ORD011247,CANCEL,,,
11250,ORD011250,LIMIT,SELL,101.61,74
11251,ORD011250,CANCEL,,,
11252,ORD011252,LIMIT,SELL,101.67,44
11253,ORD011252,CANCEL,,,
11254,ORD011254,LIMIT,BUY,98.68,68
11255,ORD011255,LIMIT,BUY,99.18,20
11256,ORD011248,CANCEL,,,
11257,ORD011254,CANCEL,,,
11258,ORD011255,CANCEL,,,
11259,ORD011259,LIMIT,BUY,98.62,53
11260,ORD011259,CANCEL,,,
11261,ORD011261,LIMIT,BUY,98.31,58
11262,ORD011262,LIMIT,SELL,100.59,79
11263,ORD011261,CANCEL,,,
11264,ORD011262,CANCEL,,,
11265,ORD011265,LIMIT,SELL,100.64,38
11266,ORD011265,CANCEL,,,
11267,ORD011267,LIMIT,SELL,101.03,10
11268,ORD011267,CANCEL,,,
11269,ORD011269,LIMIT,SELL,101.67,94
11270,ORD011270,LIMIT,SELL,100.15,78
11271,ORD011271,LIMIT,BUY,98.83,52
11272,ORD011270,CANCEL,,,
11273,ORD011269,CANCEL,,,
11274,ORD011274,LIMIT,BUY,98.99,92
11275,ORD011275,LIMIT,BUY,99.21,77
11276,ORD011271,CANCEL,,,
11277,ORD011274,CANCEL,,,
11278,ORD011275,CANCEL,,,
11279,ORD011279,LIMIT,BUY,99.99,86
11280,ORD011280,LIMIT,BUY,98.26,52
11281,ORD011279,CANCEL,,,
11282,ORD011280,CANCEL,,,
11283,ORD011283,LIMIT,BUY,100.18,29
11284,ORD011283,CANCEL,,,
11285,ORD011285,LIMIT,BUY,98.69,86
11286,ORD011286,LIMIT,SELL,99.74,63
11287,ORD011285,CANCEL,,,
11288,ORD011288,MARKET,BUY,,49
11289,ORD011289,LIMIT,BUY,100.12,31
11290,ORD011290,LIMIT,SELL,100.49,19
11291,ORD011290,CANCEL,,,
11292,ORD011286,CANCEL,,,
11293,ORD011289,CANCEL,,,
11294,ORD011294,LIMIT,BUY,100.31,44
11295,ORD011294,CANCEL,,,
11296,ORD011296,LIMIT,SELL,99.75,100
11297,ORD011296,CANCEL,,,
11298,ORD011298,LIMIT,BUY,99.32,5
11299,ORD011298,CANCEL,,,
11300,ORD011300,LIMIT,SELL,99.54,18
11301,ORD011301,MARKET,BUY,,79
11302,ORD011300,CANCEL,,,
11303,ORD011303,LIMIT,SELL,100.55,48
11304,ORD011303,CANCEL,,,
11305,ORD011305,LIMIT,BUY,99.39,87
11306,ORD011306,LIMIT,BUY,99.11,29
11307,ORD011305,CANCEL,,,
11308,ORD011306,CANCEL,,,
11309,ORD011309,LIMIT,SELL,100.95,25
11310,ORD011309,CANCEL,,,
11311,ORD011311,LIMIT,BUY,99.98,86
11312,ORD011311,CANCEL,,,
11313,ORD011313,MARKET,SELL,,23
11314,ORD011314,LIMIT,SELL,100.78,42
11315,ORD011315,LIMIT,SELL,101.29,68
11316,ORD011314,CANCEL,,,
11317,ORD011315,CANCEL,,,
11318,ORD011318,LIMIT,BUY,100.35,20
11319,ORD011318,CANCEL,,,
11320,ORD011320,LIMIT,SELL,99.94,99
11321,ORD011320,CANCEL,,,
11322,ORD011322,LIMIT,BUY,100.38,38
11323,ORD011322,CANCEL,,,
11324,ORD011324,LIMIT,BUY,99.0,40
11325,ORD011324,CANCEL,,,
11326,ORD011326,LIMIT,BUY,100.03,74
11327,ORD011326,CANCEL,,,
11328,ORD011328,LIMIT,BUY,100.47,67
11329,ORD011328,CANCEL,,,
11330,ORD011330,LIMIT,SELL,100.2,44
11331,ORD011330,CANCEL,,,
11332,ORD011332,LIMIT,BUY,99.25,60
11333,ORD011333,LIMIT,BUY,98.29,19
11334,ORD011332,CANCEL,,,
11335,ORD011335,LIMIT,SELL,101.27,1
11336,ORD011333,CANCEL,,,
11337,ORD011335,CANCEL,,,
11338,ORD011338,LIMIT,SELL,99.79,11
11339,ORD011338,CANCEL,,,
11340,ORD011340,LIMIT,BUY,100.3,42
11341,ORD011340,CANCEL,,,
11342,ORD011342,LIMIT,BUY,98.96,88
11343,ORD011342,CANCEL,,,
11344,ORD011344,LIMIT,SELL,100.47,30
11345,ORD011344,CANCEL,,,
11346,ORD011346,LIMIT,BUY,100.38,25
11347,ORD011346,CANCEL,,,
11348,ORD011348,LIMIT,SELL,101.48,38
11349,ORD011348,CANCEL,,,
11350,ORD011350,LIMIT,BUY,99.59,47
11351,ORD011350,CANCEL,,,
11352,ORD011352,MARKET,BUY,,97
11353,ORD011353,LIMIT,SELL,101.49,30
11354,ORD011353,CANCEL,,,
11355,ORD011355,LIMIT,BUY,98.92,61
11356,ORD011356,LIMIT,BUY,98.66,31
11357,ORD011355,CANCEL,,,
11358,ORD011356,CANCEL,,,
11359,ORD011359,LIMIT,SELL,99.74,51
11360,ORD011359,CANCEL,,,
11361,ORD011361,LIMIT,SELL,101.92,47
11362,ORD011362,LIMIT,SELL,99.7,39
11363,ORD011362,CANCEL,,,
11364,ORD011361,CANCEL,,,
11365,ORD011365,LIMIT,BUY,99.24,88
11366,ORD011365,CANCEL,,,
11367,ORD011367,LIMIT,SELL,101.96,41
11368,ORD011367,CANCEL,,,
11369,ORD011369,LIMIT,BUY,100.43,41
11370,ORD011370,LIMIT,BUY,98.65,93
11371,ORD011369,CANCEL,,,
11372,ORD011370,CANCEL,,,
11373,ORD011373,LIMIT,SELL,100.6,10
11374,ORD011374,LIMIT,BUY,100.31,61
11375,ORD011375,LIMIT,SELL,101.73,1
11376,ORD011374,CANCEL,,,
11377,ORD011375,CANCEL,,,
11378,ORD011378,LIMIT,SELL,100.86,61
11379,ORD011379,LIMIT,BUY,98.02,16
11380,ORD011373,CANCEL,,,
11381,ORD011381,LIMIT,SELL,99.72,4
11382,ORD011378,CANCEL,,,
11383,ORD011379,CANCEL,,,
11384,ORD011381,CANCEL,,,
11385,ORD011385,LIMIT,BUY,99.66,67
11386,ORD011385,CANCEL,,,
11387,ORD011387,LIMIT,BUY,100.41,61
11388,ORD011387,CANCEL,,,
11389,ORD011389,LIMIT,SELL,99.58,73
11390,ORD011389,CANCEL,,,
11391,ORD011391,LIMIT,BUY,99.81,91
11392,ORD011392,LIMIT,SELL,101.9,38
11393,ORD011392,CANCEL,,,
11394,ORD011394,LIMIT,BUY,99.72,39
11395,ORD011395,LIMIT,BUY,98.63,61
11396,ORD011394,CANCEL,,,
11397,ORD011395,CANCEL,,,
11398,ORD011391,CANCEL,,,
11399,ORD011399,LIMIT,BUY,100.24,38
11400,ORD011399,CANCEL,,,
11401,ORD011401,LIMIT,SELL,100.15,8
11402,ORD011401,CANCEL,,,
11403,ORD011403,LIMIT,SELL,100.1,89
11404,ORD011403,CANCEL,,,
11405,ORD011405,LIMIT,SELL,100.14,25
11406,ORD011406,LIMIT,BUY,99.08,35
11407,ORD011406,CANCEL,,,
11408,ORD011405,CANCEL,,,
11409,ORD011409,LIMIT,SELL,101.23,28
11410,ORD011409,CANCEL,,,
11411,ORD011411,LIMIT,SELL,101.36,31
11412,ORD011411,CANCEL,,,
11413,ORD011413,LIMIT,BUY,99.34,74
11414,ORD011414,LIMIT,SELL,100.44,15
11415,ORD011413,CANCEL,,,
11416,ORD011416,LIMIT,SELL,101.18,82
11417,ORD011417,LIMIT,SELL,100.72,64
11418,ORD011416,CANCEL,,,
11419,ORD011419,LIMIT,SELL,101.57,78
11420,ORD011417,CANCEL,,,
11421,ORD011421,MARKET,SELL,,86
11422,ORD011419,CANCEL,,,
11423,ORD011414,CANCEL,,,
11424,ORD011424,LIMIT,BUY,100.1,62
11425,ORD011425,MARKET,SELL,,1
11426,ORD011426,LIMIT,BUY,98.21,96
11427,ORD011426,CANCEL,,,
11428,ORD011424,CANCEL,,,
11429,ORD011429,LIMIT,BUY,98.9,73
11430,ORD011429,CANCEL,,,
11431,ORD011431,LIMIT,SELL,100.93,65
11432,ORD011431,CANCEL,,,
11433,ORD011433,LIMIT,BUY,99.26,51
11434,ORD011434,LIMIT,BUY,99.07,82
11435,ORD011434,CANCEL,,,
11436,ORD011436,LIMIT,BUY,99.8,82
11437,ORD011437,LIMIT,SELL,100.72,83
11438,ORD011438,LIMIT,BUY,99.33,95
11439,ORD011439,LIMIT,BUY,100.0,12
11440,ORD011440,LIMIT,BUY,100.05,59
11441,ORD011441,LIMIT,SELL,101.7,20
11442,ORD011442,LIMIT,BUY,100.39,24
11443,ORD011442,CANCEL,,,
11444,ORD011437,CANCEL,,,
11445,ORD011441,CANCEL,,,
11446,ORD011446,LIMIT,BUY,98.86,97
11447,ORD011447,LIMIT,BUY,99.72,90
11448,ORD011438,CANCEL,,,
11449,ORD011439,CANCEL,,,
11450,ORD011450,LIMIT,SELL,100.74,19
11451,ORD011450,CANCEL,,,
11452,ORD011446,CANCEL,,,
11453,ORD011453,LIMIT,BUY,98.25,40
11454,ORD011454,LIMIT,BUY,98.46,57
11455,ORD011447,CANCEL,,,
11456,ORD011440,CANCEL,,,
11457,ORD011454,CANCEL,,,
11458,ORD011453,CANCEL,,,
11459,ORD011433,CANCEL,,,
11460,ORD011436,CANCEL,,,
11461,ORD011461,LIMIT,BUY,100.12,43
11462,ORD011461,CANCEL,,,
11463,ORD011463,LIMIT,SELL,101.62,88
11464,ORD011463,CANCEL,,,
11465,ORD011465,LIMIT,BUY,99.68,24
11466,ORD011465,CANCEL,,,
11467,ORD011467,LIMIT,SELL,100.8,81
11468,ORD011467,CANCEL,,,
11469,ORD011469,LIMIT,BUY,98.8,14
11470,ORD011469,CANCEL,,,
11471,ORD011471,LIMIT,BUY,98.07,43
11472,ORD011471,CANCEL,,,
11473,ORD011473,LIMIT,SELL,100.94,68
11474,ORD011474,LIMIT,SELL,101.69,22
11475,ORD011473,CANCEL,,,
11476,ORD011474,CANCEL,,,
11477,ORD011477,LIMIT,SELL,100.81,42
11478,ORD011478,LIMIT,SELL,101.42,98
11479,ORD011479,LIMIT,SELL,101.58,14
11480,ORD011477,CANCEL,,,
11481,ORD011481,LIMIT,SELL,100.6,67
11482,ORD011481,CANCEL,,,
11483,ORD011478,CANCEL,,,
11484,ORD011484,LIMIT,BUY,100.37,71
11485,ORD011484,CANCEL,,,
11486,ORD011479,CANCEL,,,
11487,ORD011487,LIMIT,BUY,98.93,80
11488,ORD011487,CANCEL,,,
11489,ORD011489,LIMIT,SELL,101.0,72
11490,ORD011490,LIMIT,BUY,98.49,82
11491,ORD011490,CANCEL,,,
11492,ORD011492,LIMIT,BUY,98.24,27
11493,ORD011492,CANCEL,,,
11494,ORD011489,CANCEL,,,
11495,ORD011495,LIMIT,SELL,99.58,63
11496,ORD011496,MARKET,BUY,,30
11497,ORD011497,LIMIT,SELL,100.77,17
11498,ORD011498,LIMIT,SELL,99.75,16
11499,ORD011499,LIMIT,BUY,100.03,73
11500,ORD011497,CANCEL,,,
11501,ORD011498,CANCEL,,,
11502,ORD011495,CANCEL,,,
11503,ORD011503,LIMIT,SELL,100.98,71
11504,ORD011504,LIMIT,SELL,101.34,29
11505,ORD011503,CANCEL,,,
11506,ORD011504,CANCEL,,,
11507,ORD011499,CANCEL,,,
11508,ORD011508,LIMIT,BUY,98.04,53
11509,ORD011508,CANCEL,,,
11510,ORD011510,LIMIT,SELL,101.76,12
11511,ORD011510,CANCEL,,,
11512,ORD011512,LIMIT,BUY,100.47,76
11513,ORD011512,CANCEL,,,
11514,ORD011514,LIMIT,BUY,99.82,25
11515,ORD011514,CANCEL,,,
11516,ORD011516,LIMIT,SELL,101.93,2
11517,ORD011517,LIMIT,BUY,99.58,28
11518,ORD011516,CANCEL,,,
11519,ORD011519,LIMIT,BUY,100.24,37
11520,ORD011520,LIMIT,SELL,99.61,19
11521,ORD011521,LIMIT,SELL,100.18,89
11522,ORD011519,CANCEL,,,
11523,ORD011521,CANCEL,,,
11524,ORD011524,LIMIT,BUY,100.2,42
11525,ORD011524,CANCEL,,,
11526,ORD011526,LIMIT,BUY,99.51,43
11527,ORD011527,LIMIT,BUY,100.29,57
11528,ORD011517,CANCEL,,,
11529,ORD011527,CANCEL,,,
11530,ORD011530,LIMIT,BUY,99.19,85
11531,ORD011531,LIMIT,BUY,98.78,90
11532,ORD011531,CANCEL,,,
11533,ORD011530,CANCEL,,,
11534,ORD011526,CANCEL,,,
11535,ORD011535,LIMIT,SELL,101.26,96
11536,ORD011535,CANCEL,,,
11537,ORD011537,LIMIT,SELL,101.99,5
11538,ORD011538,LIMIT,SELL,101.89,47
11539,ORD011539,LIMIT,SELL,101.16,54
11540,ORD011538,CANCEL,,,
11541,ORD011537,CANCEL,,,
11542,ORD011539,CANCEL,,,
11543,ORD011543,LIMIT,SELL,100.99,32
11544,ORD011543,CANCEL,,,
11545,ORD011545,LIMIT,SELL,99.7,5
11546,ORD011545,CANCEL,,,
11547,ORD011547,MARKET,SELL,,10
11548,ORD011548,LIMIT,SELL,100.4,67
11549,ORD011548,CANCEL,,,
11550,ORD011550,MARKET,SELL,,38
11551,ORD011551,LIMIT,SELL,100.13,60
11552,ORD011551,CANCEL,,,
11553,ORD011553,LIMIT,SELL,100.4,3
11554,ORD011553,CANCEL,,,
11555,ORD011555,LIMIT,SELL,100.29,55
11556,ORD011555,CANCEL,,,
11557,ORD011557,LIMIT,SELL,101.35,12
11558,ORD011558,LIMIT,BUY,100.23,50
11559,ORD011558,CANCEL,,,
11560,ORD011557,CANCEL,,,
11561,ORD011561,LIMIT,SELL,100.27,14
11562,ORD011561,CANCEL,,,
11563,ORD011563,LIMIT,BUY,98.64,81
11564,ORD011563,CANCEL,,,
11565,ORD011565,LIMIT,SELL,101.93,85
11566,ORD011565,CANCEL,,,
11567,ORD011567,LIMIT,BUY,99.73,30
11568,ORD011568,LIMIT,BUY,98.3,59
11569,ORD011567,CANCEL,,,
11570,ORD011568,CANCEL,,,
11571,ORD011571,LIMIT,BUY,98.63,38
11572,ORD011571,CANCEL,,,
11573,ORD011573,LIMIT,BUY,98.77,86
11574,ORD011573,CANCEL,,,
11575,ORD011575,LIMIT,BUY,100.14,31
11576,ORD011576,LIMIT,BUY,99.86,88
11577,ORD011576,CANCEL,,,
11578,ORD011578,LIMIT,BUY,99.14,92
11579,ORD011575,CANCEL,,,
11580,ORD011580,LIMIT,SELL,100.25,68
11581,ORD011581,MARKET,SELL,,1
11582,ORD011580,CANCEL,,,
11583,ORD011578,CANCEL,,,
11584,ORD011584,LIMIT,BUY,99.99,20
11585,ORD011584,CANCEL,,,
11586,ORD011586,LIMIT,SELL,101.11,62
11587,ORD011587,LIMIT,SELL,101.1,62
11588,ORD011587,CANCEL,,,
11589,ORD011589,LIMIT,SELL,100.63,6
11590,ORD011589,CANCEL,,,
11591,ORD011591,LIMIT,SELL,99.75,69
11592,ORD011591,CANCEL,,,
11593,ORD011586,CANCEL,,,
11594,ORD011594,LIMIT,SELL,100.58,89
11595,ORD011595,LIMIT,BUY,98.2,16
11596,ORD011595,CANCEL,,,
11597,ORD011594,CANCEL,,,
11598,ORD011598,LIMIT,BUY,99.09,75
11599,ORD011598,CANCEL,,,
11600,ORD011600,LIMIT,SELL,101.64,41
11601,ORD011600,CANCEL,,,
11602,ORD011602,LIMIT,SELL,100.03,94
11603,ORD011602,CANCEL,,,
11604,ORD011604,LIMIT,SELL,101.46,62
11605,ORD011605,LIMIT,BUY,98.89,58
11606,ORD011606,LIMIT,SELL,99.64,47
11607,ORD011607,LIMIT,BUY,98.9,37
11608,ORD011606,CANCEL,,,
11609,ORD011607,CANCEL,,,
11610,ORD011605,CANCEL,,,
11611,ORD011604,CANCEL,,,
11612,ORD011612,LIMIT,SELL,100.04,34
11613,ORD011613,LIMIT,SELL,100.87,46
11614,ORD011613,CANCEL,,,
11615,ORD011615,LIMIT,SELL,101.58,97
11616,ORD011612,CANCEL,,,
11617,ORD011615,CANCEL,,,
11618,ORD011618,MARKET,BUY,,43
11619,ORD011619,LIMIT,SELL,101.45,88
11620,ORD011619,CANCEL,,,
11621,ORD011621,LIMIT,SELL,101.06,90
11622,ORD011622,LIMIT,SELL,100.32,65
11623,ORD011623,LIMIT,SELL,101.29,75
11624,ORD011624,LIMIT,BUY,99.61,55
11625,ORD011625,LIMIT,BUY,100.31,79
11626,ORD011622,CANCEL,,,
11627,ORD011627,LIMIT,SELL,100.27,70
11628,ORD011624,CANCEL,,,
11629,ORD011623,CANCEL,,,
11630,ORD011625,CANCEL,,,
11631,ORD011621,CANCEL,,,
11632,ORD011632,LIMIT,SELL,100.7,100
11633,ORD011632,CANCEL,,,
11634,ORD011634,LIMIT,SELL,101.98,73
11635,ORD011635,LIMIT,BUY,100.36,55
11636,ORD011634,CANCEL,,,
11637,ORD011637,LIMIT,SELL,100.36,23
11638,ORD011635,CANCEL,,,
11639,ORD011639,LIMIT,BUY,99.53,68
11640,ORD011639,CANCEL,,,
11641,ORD011641,LIMIT,SELL,99.55,9
11642,ORD011641,CANCEL,,,
11643,ORD011643,LIMIT,BUY,100.37,62
11644,ORD011643,CANCEL,,,
11645,ORD011645,LIMIT,SELL,101.29,98
11646,ORD011646,LIMIT,SELL,99.51,90
11647,ORD011646,CANCEL,,,
11648,ORD011648,LIMIT,BUY,99.74,74
11649,ORD011649,LIMIT,SELL,99.6,9
11650,ORD011650,LIMIT,BUY,100.48,13
11651,ORD011648,CANCEL,,,
11652,ORD011645,CANCEL,,,
11653,ORD011653,MARKET,BUY,,25
11654,ORD011654,LIMIT,BUY,99.51,50
11655,ORD011655,LIMIT,SELL,100.13,28
11656,ORD011654,CANCEL,,,
11657,ORD011657,LIMIT,BUY,98.89,87
11658,ORD011658,LIMIT,SELL,100.82,39
11659,ORD011658,CANCEL,,,
11660,ORD011660,LIMIT,BUY,99.37,100
11661,ORD011655,CANCEL,,,
11662,ORD011660,CANCEL,,,
11663,ORD011657,CANCEL,,,
11664,ORD011650,CANCEL,,,
11665,ORD011665,LIMIT,BUY,99.44,10
11666,ORD011665,CANCEL,,,
11667,ORD011667,LIMIT,SELL,99.89,57
11668,ORD011667,CANCEL,,,
11669,ORD011669,LIMIT,SELL,101.26,32
11670,ORD011669,CANCEL,,,
11671,ORD011671,LIMIT,SELL,100.72,31
11672,ORD011672,LIMIT,SELL,99.7,22
11673,ORD011673,LIMIT,SELL,100.77,62
11674,ORD011673,CANCEL,,,
11675,ORD011671,CANCEL,,,
11676,ORD011672,CANCEL,,,
11677,ORD011677,LIMIT,BUY,100.17,49
11678,ORD011677,CANCEL,,,
11679,ORD011679,LIMIT,SELL,99.69,66
11680,ORD011679,CANCEL,,,
11681,ORD011681,LIMIT,SELL,101.74,59
11682,ORD011682,LIMIT,BUY,99.94,36
11683,ORD011681,CANCEL,,,
11684,ORD011682,CANCEL,,,
11685,ORD011685,LIMIT,SELL,99.75,80
11686,ORD011685,CANCEL,,,
11687,ORD011687,LIMIT,BUY,98.93,9
11688,ORD011687,CANCEL,,,
11689,ORD011689,LIMIT,SELL,100.42,57
11690,ORD011690,LIMIT,BUY,99.19,89
11691,ORD011689,CANCEL,,,
11692,ORD011692,LIMIT,SELL,99.98,58
11693,ORD011690,CANCEL,,,
11694,ORD011694,MARKET,BUY,,14
11695,ORD011695,LIMIT,SELL,100.03,77
11696,ORD011692,CANCEL,,,
11697,ORD011695,CANCEL,,,
11698,ORD011698,LIMIT,SELL,100.53,10
11699,ORD011699,LIMIT,BUY,98.4,93
11700,ORD011699,CANCEL,,,
11701,ORD011698,CANCEL,,,
11702,ORD011702,LIMIT,BUY,98.84,89
11703,ORD011702,CANCEL,,,
11704,ORD011704,LIMIT,SELL,101.94,35
11705,ORD011704,CANCEL,,,
11706,ORD011706,LIMIT,SELL,101.58,92
11707,ORD011707,LIMIT,BUY,98.85,11
11708,ORD011708,LIMIT,BUY,99.77,74
11709,ORD011709,LIMIT,SELL,101.91,62
11710,ORD011707,CANCEL,,,
11711,ORD011711,LIMIT,SELL,101.95,64
11712,ORD011712,LIMIT,SELL,101.62,33
11713,ORD011713,LIMIT,SELL,100.29,45
11714,ORD011709,CANCEL,,,
11715,ORD011711,CANCEL,,,
11716,ORD011712,CANCEL,,,
11717,ORD011717,LIMIT,SELL,100.16,96
11718,ORD011717,CANCEL,,,
11719,ORD011719,LIMIT,SELL,100.14,14
11720,ORD011720,LIMIT,BUY,99.25,15
11721,ORD011720,CANCEL,,,
11722,ORD011722,LIMIT,BUY,98.92,72
11723,ORD011706,CANCEL,,,
11724,ORD011719,CANCEL,,,
11725,ORD011713,CANCEL,,,
11726,ORD011708,CANCEL,,,
11727,ORD011722,CANCEL,,,
11728,ORD011728,LIMIT,SELL,100.16,94
11729,ORD011728,CANCEL,,,
11730,ORD011730,LIMIT,SELL,101.06,34
11731,ORD011731,LIMIT,SELL,101.07,68
11732,ORD011731,CANCEL,,,
11733,ORD011733,LIMIT,BUY,98.31,57
11734,ORD011733,CANCEL,,,
11735,ORD011735,LIMIT,BUY,98.63,80
11736,ORD011736,MARKET,SELL,,19
11737,ORD011735,CANCEL,,,
11738,ORD011738,LIMIT,BUY,100.19,1
11739,ORD011738,CANCEL,,,
11740,ORD011730,CANCEL,,,
11741,ORD011741,MARKET,BUY,,69
11742,ORD011742,LIMIT,SELL,100.4,61
11743,ORD011742,CANCEL,,,
11744,ORD011744,LIMIT,SELL,101.34,88
11745,ORD011744,CANCEL,,,
11746,ORD011746,LIMIT,SELL,100.31,4
11747,ORD011747,MARKET,SELL,,89
11748,ORD011748,LIMIT,SELL,101.9,91
11749,ORD011749,MARKET,BUY,,58
11750,ORD011750,LIMIT,SELL,100.21,48
11751,ORD011748,CANCEL,,,
11752,ORD011750,CANCEL,,,
11753,ORD011753,LIMIT,SELL,100.58,63
11754,ORD011746,CANCEL,,,
11755,ORD011753,CANCEL,,,
11756,ORD011756,LIMIT,BUY,98.58,76
11757,ORD011757,LIMIT,SELL,101.88,76
11758,ORD011758,LIMIT,BUY,99.13,23
11759,ORD011759,LIMIT,SELL,99.99,60
11760,ORD011760,LIMIT,SELL,99.64,68
11761,ORD011756,CANCEL,,,
11762,ORD011757,CANCEL,,,
11763,ORD011760,CANCEL,,,
11764,ORD011764,LIMIT,SELL,101.07,99
11765,ORD011764,CANCEL,,,
11766,ORD011766,LIMIT,BUY,99.68,22
11767,ORD011759,CANCEL,,,
11768,ORD011768,LIMIT,BUY,99.04,96
11769,ORD011768,CANCEL,,,
11770,ORD011758,CANCEL,,,
11771,ORD011766,CANCEL,,,
11772,ORD011772,LIMIT,SELL,99.92,7
11773,ORD011773,LIMIT,SELL,100.64,29
11774,ORD011774,LIMIT,SELL,101.71,80
11775,ORD011772,CANCEL,,,
11776,ORD011774,CANCEL,,,
11777,ORD011777,LIMIT,SELL,99.88,74
11778,ORD011777,CANCEL,,,
11779,ORD011773,CANCEL,,,
11780,ORD011780,LIMIT,BUY,100.47,17
11781,ORD011781,LIMIT,BUY,98.94,63
11782,ORD011780,CANCEL,,,
11783,ORD011783,LIMIT,BUY,100.18,47
11784,ORD011781,CANCEL,,,
11785,ORD011783,CANCEL,,,
11786,ORD011786,LIMIT,SELL,101.83,27
11787,ORD011787,LIMIT,SELL,101.54,69
11788,ORD011788,LIMIT,SELL,101.39,7
11789,ORD011787,CANCEL,,,
11790,ORD011788,CANCEL,,,
11791,ORD011786,CANCEL,,,
11792,ORD011792,LIMIT,BUY,99.89,36
11793,ORD011792,CANCEL,,,
11794,ORD011794,LIMIT,SELL,101.29,1
11795,ORD011795,LIMIT,SELL,100.46,73
11796,ORD011796,LIMIT,BUY,99.56,1
11797,ORD011795,CANCEL,,,
11798,ORD011798,LIMIT,BUY,100.37,96
11799,ORD011794,CANCEL,,,
11800,ORD011798,CANCEL,,,
11801,ORD011796,CANCEL,,,
11802,ORD011802,LIMIT,BUY,99.14,34
11803,ORD011802,CANCEL,,,
11804,ORD011804,LIMIT,BUY,99.58,7
11805,ORD011805,LIMIT,BUY,99.36,42
11806,ORD011806,LIMIT,SELL,100.02,70
11807,ORD011804,CANCEL,,,
11808,ORD011805,CANCEL,,,
11809,ORD011806,CANCEL,,,
11810,ORD011810,LIMIT,BUY,99.96,57
11811,ORD011810,CANCEL,,,
11812,ORD011812,LIMIT,BUY,98.35,69
11813,ORD011812,CANCEL,,,
11814,ORD011814,LIMIT,BUY,98.82,33
11815,ORD011814,CANCEL,,,
11816,ORD011816,LIMIT,SELL,101.95,45
11817,ORD011816,CANCEL,,,
11818,ORD011818,LIMIT,BUY,99.59,12
11819,ORD011818,CANCEL,,,
11820,ORD011820,LIMIT,SELL,99.56,92
11821,ORD011821,LIMIT,BUY,99.58,6
11822,ORD011822,LIMIT,SELL,100.57,78
11823,ORD011823,LIMIT,BUY,99.93,61
11824,ORD011820,CANCEL,,,
11825,ORD011825,LIMIT,SELL,101.73,75
11826,ORD011822,CANCEL,,,
11827,ORD011825,CANCEL,,,
11828,ORD011828,LIMIT,BUY,98.45,27
11829,ORD011828,CANCEL,,,
11830,ORD011830,LIMIT,SELL,100.53,6
11831,ORD011830,CANCEL,,,
11832,ORD011832,LIMIT,BUY,98.51,39
11833,ORD011832,CANCEL,,,
11834,ORD011834,LIMIT,BUY,100.23,50
11835,ORD011834,CANCEL,,,
11836,ORD011836,LIMIT,BUY,98.87,89
11837,ORD011836,CANCEL,,,
11838,ORD011838,LIMIT,SELL,100.99,36
11839,ORD011838,CANCEL,,,
11840,ORD011840,LIMIT,BUY,99.89,75
11841,ORD011840,CANCEL,,,
11842,ORD011842,LIMIT,SELL,101.47,14
11843,ORD011842,CANCEL,,,
11844,ORD011844,LIMIT,BUY,99.68,6
11845,ORD011844,CANCEL,,,
11846,ORD011846,LIMIT,BUY,98.56,67
11847,ORD011846,CANCEL,,,
11848,ORD011848,MARKET,SELL,,19
11849,ORD011849,LIMIT,BUY,98.65,4
11850,ORD011850,LIMIT,BUY,99.37,56
11851,ORD011851,LIMIT,SELL,100.67,64
11852,ORD011850,CANCEL,,,
11853,ORD011849,CANCEL,,,
11854,ORD011851,CANCEL,,,
11855,ORD011855,LIMIT,SELL,100.01,65
11856,ORD011855,CANCEL,,,
11857,ORD011857,LIMIT,SELL,99.64,72
11858,ORD011858,LIMIT,BUY,100.21,6
11859,ORD011857,CANCEL,,,
11860,ORD011860,LIMIT,BUY,99.25,81
11861,ORD011860,CANCEL,,,
11862,ORD011862,LIMIT,SELL,99.51,65
11863,ORD011862,CANCEL,,,
11864,ORD011864,LIMIT,SELL,101.84,88
11865,ORD011864,CANCEL,,,
11866,ORD011866,MARKET,SELL,,49
11867,ORD011867,LIMIT,SELL,100.76,68
11868,ORD011867,CANCEL,,,
11869,ORD011869,LIMIT,BUY,100.16,48
11870,ORD011869,CANCEL,,,
11871,ORD011871,LIMIT,BUY,99.94,87
11872,ORD011871,CANCEL,,,
11873,ORD011873,LIMIT,SELL,101.03,59
11874,ORD011874,MARKET,SELL,,16
11875,ORD011873,CANCEL,,,
11876,ORD011876,LIMIT,SELL,99.51,70
11877,ORD011877,LIMIT,SELL,100.15,68
11878,ORD011878,LIMIT,BUY,100.0,35
11879,ORD011879,LIMIT,BUY,99.04,41
11880,ORD011879,CANCEL,,,
11881,ORD011876,CANCEL,,,
11882,ORD011877,CANCEL,,,
11883,ORD011883,LIMIT,BUY,99.26,4
11884,ORD011883,CANCEL,,,
11885,ORD011885,LIMIT,SELL,100.3,82
11886,ORD011885,CANCEL,,,
11887,ORD011887,LIMIT,SELL,99.56,64
11888,ORD011888,LIMIT,BUY,98.53,68
11889,ORD011888,CANCEL,,,
11890,ORD011890,LIMIT,BUY,98.32,95
11891,ORD011891,MARKET,SELL,,11
11892,ORD011890,CANCEL,,,
11893,ORD011887,CANCEL,,,
11894,ORD011894,LIMIT,SELL,99.69,22
11895,ORD011895,LIMIT,BUY,99.67,50
11896,ORD011896,LIMIT,SELL,101.01,93
11897,ORD011894,CANCEL,,,
11898,ORD011898,LIMIT,SELL,99.9,29
11899,ORD011899,LIMIT,BUY,100.16,62
11900,ORD011896,CANCEL,,,
11901,ORD011898,CANCEL,,,
11902,ORD011902,LIMIT,SELL,101.29,52
11903,ORD011895,CANCEL,,,
11904,ORD011904,LIMIT,SELL,100.24,50
11905,ORD011904,CANCEL,,,
11906,ORD011902,CANCEL,,,
11907,ORD011899,CANCEL,,,
11908,ORD011908,LIMIT,SELL,100.29,44
11909,ORD011908,CANCEL,,,
11910,ORD011910,LIMIT,SELL,100.55,59
11911,ORD011910,CANCEL,,,
11912,ORD011912,LIMIT,BUY,98.41,92
11913,ORD011912,CANCEL,,,
11914,ORD011914,LIMIT,BUY,100.47,34
11915,ORD011914,CANCEL,,,
11916,ORD011916,LIMIT,BUY,99.68,68
11917,ORD011916,CANCEL,,,
11918,ORD011918,LIMIT,BUY,99.67,78
11919,ORD011918,CANCEL,,,
11920,ORD011920,LIMIT,SELL,100.75,54
11921,ORD011920,CANCEL,,,
11922,ORD011922,LIMIT,BUY,98.9,48
11923,ORD011922,CANCEL,,,
11924,ORD011924,LIMIT,SELL,101.13,11
11925,ORD011925,LIMIT,BUY,99.2,81
11926,ORD011925,CANCEL,,,
11927,ORD011924,CANCEL,,,
11928,ORD011928,LIMIT,SELL,100.21,50
11929,ORD011928,CANCEL,,,
11930,ORD011930,LIMIT,SELL,101.01,5
11931,ORD011930,CANCEL,,,
11932,ORD011932,LIMIT,BUY,98.89,86
11933,ORD011932,CANCEL,,,
11934,ORD011934,LIMIT,SELL,100.12,7
11935,ORD011934,CANCEL,,,
11936,ORD011936,LIMIT,BUY,100.17,94
11937,ORD011936,CANCEL,,,
11938,ORD011938,LIMIT,BUY,98.79,92
11939,ORD011938,CANCEL,,,
11940,ORD011940,LIMIT,BUY,99.93,26
11941,ORD011940,CANCEL,,,
11942,ORD011942,LIMIT,SELL,101.75,73
11943,ORD011943,LIMIT,BUY,98.15,69
11944,ORD011943,CANCEL,,,
11945,ORD011945,LIMIT,BUY,100.03,12
11946,ORD011945,CANCEL,,,
11947,ORD011942,CANCEL,,,
11948,ORD011948,LIMIT,BUY,98.44,59
11949,ORD011949,LIMIT,SELL,101.58,83
11950,ORD011949,CANCEL,,,
11951,ORD011948,CANCEL,,,
11952,ORD011952,LIMIT,SELL,100.3,25
11953,ORD011952,CANCEL,,,
11954,ORD011954,LIMIT,SELL,101.99,2
11955,ORD011954,CANCEL,,,
11956,ORD011956,LIMIT,SELL,101.6,71
11957,ORD011956,CANCEL,,,
11958,ORD011958,LIMIT,SELL,100.91,95
11959,ORD011958,CANCEL,,,
11960,ORD011960,LIMIT,SELL,99.91,68
11961,ORD011961,LIMIT,BUY,98.12,13
11962,ORD011961,CANCEL,,,
11963,ORD011963,LIMIT,BUY,98.62,18
11964,ORD011963,CANCEL,,,
11965,ORD011960,CANCEL,,,
11966,ORD011966,LIMIT,SELL,101.44,19
11967,ORD011966,CANCEL,,,
11968,ORD011968,LIMIT,SELL,101.87,64
11969,ORD011968,CANCEL,,,
11970,ORD011970,LIMIT,BUY,100.14,61
11971,ORD011971,LIMIT,BUY,99.59,51
11972,ORD011972,LIMIT,SELL,101.67,95
11973,ORD011973,LIMIT,BUY,98.74,73
11974,ORD011974,LIMIT,SELL,101.74,85
11975,ORD011975,MARKET,BUY,,74
11976,ORD011972,CANCEL,,,
11977,ORD011971,CANCEL,,,
11978,ORD011970,CANCEL,,,
11979,ORD011973,CANCEL,,,
11980,ORD011974,CANCEL,,,
11981,ORD011981,LIMIT,BUY,99.06,65
11982,ORD011981,CANCEL,,,
11983,ORD011983,LIMIT,BUY,100.17,24
11984,ORD011983,CANCEL,,,
11985,ORD011985,LIMIT,SELL,100.93,12
11986,ORD011985,CANCEL,,,
11987,ORD011987,LIMIT,SELL,100.38,15
11988,ORD011987,CANCEL,,,
11989,ORD011989,LIMIT,SELL,101.29,60
11990,ORD011989,CANCEL,,,
11991,ORD011991,LIMIT,BUY,99.83,76
11992,ORD011991,CANCEL,,,
11993,ORD011993,LIMIT,SELL,101.46,35
11994,ORD011994,LIMIT,BUY,98.52,89
11995,ORD011995,LIMIT,BUY,98.41,82
11996,ORD011993,CANCEL,,,
11997,ORD011995,CANCEL,,,
11998,ORD011994,CANCEL,,,
11999,ORD011999,LIMIT,BUY,98.66,64
12000,ORD012000,LIMIT,BUY,99.59,59
12001,ORD011999,CANCEL,,,
12002,ORD012000,CANCEL,,,
12003,ORD012003,LIMIT,SELL,101.3,82
12004,ORD012003,CANCEL,,,
12005,ORD012005,LIMIT,BUY,99.01,33
12006,ORD012006,LIMIT,BUY,98.84,20
12007,ORD012006,CANCEL,,,
12008,ORD012005,CANCEL,,,
12009,ORD012009,MARKET,SELL,,66
12010,ORD012010,LIMIT,BUY,100.31,64
12011,ORD012010,CANCEL,,,
12012,ORD012012,LIMIT,BUY,99.55,25
12013,ORD012012,CANCEL,,,
12014,ORD012014,LIMIT,SELL,100.17,87
12015,ORD012015,LIMIT,BUY,100.29,58
12016,ORD012016,LIMIT,BUY,99.0,19
12017,ORD012017,LIMIT,BUY,100.01,46
12018,ORD012017,CANCEL,,,
12019,ORD012019,LIMIT,SELL,101.82,58
12020,ORD012020,LIMIT,SELL,100.4,43
12021,ORD012021,LIMIT,BUY,98.18,83
12022,ORD012016,CANCEL,,,
12023,ORD012019,CANCEL,,,
12024,ORD012020,CANCEL,,,
12025,ORD012021,CANCEL,,,
12026,ORD012026,LIMIT,SELL,101.65,49
12027,ORD012014,CANCEL,,,
12028,ORD012026,CANCEL,,,
12029,ORD012029,LIMIT,BUY,99.32,40
12030,ORD012029,CANCEL,,,
12031,ORD012031,LIMIT,SELL,99.51,16
12032,ORD012031,CANCEL,,,
12033,ORD012033,LIMIT,BUY,99.96,25
12034,ORD012033,CANCEL,,,
12035,ORD012035,LIMIT,BUY,100.09,50
12036,ORD012036,LIMIT,BUY,99.39,82
12037,ORD012035,CANCEL,,,
12038,ORD012038,LIMIT,SELL,101.61,50
12039,ORD012039,LIMIT,BUY,99.29,79
12040,ORD012036,CANCEL,,,
12041,ORD012039,CANCEL,,,
12042,ORD012038,CANCEL,,,
12043,ORD012043,LIMIT,BUY,98.33,85
12044,ORD012043,CANCEL,,,
12045,ORD012045,LIMIT,BUY,98.78,84
12046,ORD012045,CANCEL,,,
12047,ORD012047,LIMIT,BUY,99.41,85
12048,ORD012047,CANCEL,,,
12049,ORD012049,LIMIT,SELL,100.88,1
12050,ORD012050,LIMIT,BUY,99.12,86
12051,ORD012050,CANCEL,,,
12052,ORD012049,CANCEL,,,
12053,ORD012053,LIMIT,SELL,99.51,57
12054,ORD012053,CANCEL,,,
12055,ORD012055,LIMIT,BUY,99.62,16
12056,ORD012056,LIMIT,BUY,99.33,58
12057,ORD012055,CANCEL,,,
12058,ORD012056,CANCEL,,,
12059,ORD012059,LIMIT,SELL,101.88,10
12060,ORD012059,CANCEL,,,
12061,ORD012061,LIMIT,SELL,101.92,93
12062,ORD012061,CANCEL,,,
12063,ORD012063,LIMIT,BUY,98.0,24
12064,ORD012063,CANCEL,,,
12065,ORD012065,LIMIT,SELL,100.65,54
12066,ORD012066,LIMIT,SELL,100.64,25
12067,ORD012067,LIMIT,SELL,100.25,98
12068,ORD012065,CANCEL,,,
12069,ORD012067,CANCEL,,,
12070,ORD012066,CANCEL,,,
12071,ORD012071,LIMIT,BUY,98.74,55
12072,ORD012072,LIMIT,BUY,99.76,82
12073,ORD012072,CANCEL,,,
12074,ORD012074,LIMIT,SELL,100.34,60
12075,ORD012071,CANCEL,,,
12076,ORD012074,CANCEL,,,
12077,ORD012077,LIMIT,BUY,99.77,9
12078,ORD012077,CANCEL,,,
12079,ORD012079,LIMIT,BUY,99.44,84
12080,ORD012079,CANCEL,,,
12081,ORD012081,LIMIT,SELL,101.61,56
12082,ORD012081,CANCEL,,,
12083,ORD012083,LIMIT,BUY,100.18,8
12084,ORD012083,CANCEL,,,
12085,ORD012085,LIMIT,BUY,100.1,82
12086,ORD012086,LIMIT,SELL,100.58,26
12087,ORD012086,CANCEL,,,
12088,ORD012085,CANCEL,,,
12089,ORD012089,LIMIT,SELL,100.87,35
12090,ORD012089,CANCEL,,,
12091,ORD012091,LIMIT,BUY,100.33,29
12092,ORD012091,CANCEL,,,
12093,ORD012093,LIMIT,SELL,100.63,73
12094,ORD012093,CANCEL,,,
12095,ORD012095,LIMIT,BUY,99.55,68
12096,ORD012096,LIMIT,SELL,100.62,33
12097,ORD012097,LIMIT,BUY,98.59,100
12098,ORD012098,LIMIT,SELL,100.31,63
12099,ORD012099,MARKET,SELL,,25
12100,ORD012100,LIMIT,BUY,100.14,94
12101,ORD012095,CANCEL,,,
12102,ORD012102,LIMIT,SELL,101.33,9
12103,ORD012102,CANCEL,,,
12104,ORD012097,CANCEL,,,
12105,ORD012105,LIMIT,SELL,101.02,16
12106,ORD012105,CANCEL,,,
12107,ORD012098,CANCEL,,,
12108,ORD012100,CANCEL,,,
12109,ORD012096,CANCEL,,,
12110,ORD012110,LIMIT,BUY,98.93,73
12111,ORD012110,CANCEL,,,
12112,ORD012112,LIMIT,BUY,98.3,84
12113,ORD012113,LIMIT,BUY,99.28,10
12114,ORD012114,LIMIT,SELL,101.51,4
12115,ORD012113,CANCEL,,,
12116,ORD012114,CANCEL,,,
12117,ORD012112,CANCEL,,,
12118,ORD012118,LIMIT,SELL,100.37,70
12119,ORD012118,CANCEL,,,
12120,ORD012120,LIMIT,BUY,100.27,64
12121,ORD012120,CANCEL,,,
12122,ORD012122,LIMIT,BUY,99.71,56
12123,ORD012123,MARKET,BUY,,65
12124,ORD012124,LIMIT,SELL,99.62,55
12125,ORD012125,LIMIT,BUY,100.08,40
12126,ORD012126,LIMIT,SELL,100.57,93
12127,ORD012122,CANCEL,,,
12128,ORD012126,CANCEL,,,
12129,ORD012125,CANCEL,,,
12130,ORD012130,LIMIT,BUY,100.16,7
12131,ORD012130,CANCEL,,,
12132,ORD012132,LIMIT,SELL,100.2,87
12133,ORD012132,CANCEL,,,
12134,ORD012134,LIMIT,SELL,99.94,1
12135,ORD012134,CANCEL,,,
12136,ORD012136,LIMIT,SELL,101.47,53
12137,ORD012136,CANCEL,,,
12138,ORD012138,LIMIT,SELL,99.88,40
12139,ORD012138,CANCEL,,,
12140,ORD012140,LIMIT,BUY,99.47,45
12141,ORD012141,LIMIT,BUY,98.91,77
12142,ORD012140,CANCEL,,,
12143,ORD012141,CANCEL,,,
12144,ORD012144,LIMIT,SELL,101.59,19
12145,ORD012144,CANCEL,,,
12146,ORD012146,LIMIT,SELL,100.32,40
12147,ORD012147,LIMIT,BUY,98.43,79
12148,ORD012147,CANCEL,,,
12149,ORD012149,LIMIT,SELL,100.2,69
12150,ORD012150,LIMIT,BUY,99.58,16
12151,ORD012150,CANCEL,,,
12152,ORD012152,LIMIT,SELL,100.19,13
12153,ORD012149,CANCEL,,,
12154,ORD012154,LIMIT,BUY,99.36,47
12155,ORD012155,LIMIT,BUY,100.34,61
12156,ORD012152,CANCEL,,,
12157,ORD012146,CANCEL,,,
12158,ORD012155,CANCEL,,,
12159,ORD012159,LIMIT,SELL,101.95,29
12160,ORD012154,CANCEL,,,
12161,ORD012159,CANCEL,,,
12162,ORD012162,LIMIT,BUY,99.99,62
12163,ORD012163,LIMIT,SELL,100.59,71
12164,ORD012162,CANCEL,,,
12165,ORD012165,MARKET,SELL,,54
12166,ORD012166,LIMIT,SELL,101.3,6
12167,ORD012167,LIMIT,SELL,99.93,38
12168,ORD012167,CANCEL,,,
12169,ORD012166,CANCEL,,,
12170,ORD012163,CANCEL,,,
12171,ORD012171,LIMIT,BUY,100.17,96
12172,ORD012171,CANCEL,,,
12173,ORD012173,LIMIT,BUY,98.9,65
12174,ORD012174,LIMIT,BUY,99.31,48
12175,ORD012173,CANCEL,,,
12176,ORD012176,LIMIT,BUY,99.89,91
12177,ORD012176,CANCEL,,,
12178,ORD012178,LIMIT,SELL,99.66,48
12179,ORD012174,CANCEL,,,
12180,ORD012178,CANCEL,,,
12181,ORD012181,LIMIT,BUY,99.92,37
12182,ORD012182,LIMIT,SELL,100.34,49
12183,ORD012183,LIMIT,SELL,100.72,31
12184,ORD012184,MARKET,SELL,,4
12185,ORD012185,LIMIT,SELL,99.96,75
12186,ORD012181,CANCEL,,,
12187,ORD012187,LIMIT,BUY,99.94,85
12188,ORD012188,LIMIT,SELL,100.33,89
12189,ORD012189,LIMIT,BUY,99.22,98
12190,ORD012185,CANCEL,,,
12191,ORD012183,CANCEL,,,
12192,ORD012189,CANCEL,,,
12193,ORD012182,CANCEL,,,
12194,ORD012187,CANCEL,,,
12195,ORD012195,LIMIT,SELL,101.19,17
12196,ORD012195,CANCEL,,,
12197,ORD012188,CANCEL,,,
12198,ORD012198,MARKET,SELL,,94
12199,ORD012199,LIMIT,BUY,98.66,10
12200,ORD012199,CANCEL,,,
12201,ORD012201,LIMIT,BUY,98.38,19
12202,ORD012201,CANCEL,,,
12203,ORD012203,MARKET,SELL,,89
12204,ORD012204,LIMIT,SELL,101.49,14
12205,ORD012205,LIMIT,BUY,98.48,2
12206,ORD012205,CANCEL,,,
12207,ORD012204,CANCEL,,,
12208,ORD012208,LIMIT,SELL,101.22,50
12209,ORD012208,CANCEL,,,
12210,ORD012210,LIMIT,SELL,100.82,79
12211,ORD012210,CANCEL,,,
12212,ORD012212,LIMIT,SELL,100.81,12
12213,ORD012213,LIMIT,BUY,98.71,96
12214,ORD012212,CANCEL,,,
12215,ORD012215,LIMIT,BUY,100.43,66
12216,ORD012215,CANCEL,,,
12217,ORD012217,LIMIT,SELL,101.42,27
12218,ORD012218,LIMIT,SELL,99.78,26
12219,ORD012218,CANCEL,,,
12220,ORD012220,LIMIT,SELL,100.03,72
12221,ORD012221,LIMIT,BUY,98.18,76
12222,ORD012213,CANCEL,,,
12223,ORD012223,LIMIT,BUY,98.74,31
12224,ORD012223,CANCEL,,,
12225,ORD012220,CANCEL,,,
12226,ORD012221,CANCEL,,,
12227,ORD012217,CANCEL,,,
12228,ORD012228,LIMIT,BUY,100.4,9
12229,ORD012229,LIMIT,SELL,99.92,12
12230,ORD012230,LIMIT,BUY,98.4,50
12231,ORD012230,CANCEL,,,
12232,ORD012229,CANCEL,,,
12233,ORD012228,CANCEL,,,
12234,ORD012234,LIMIT,BUY,98.18,68
12235,ORD012234,CANCEL,,,
12236,ORD012236,LIMIT,BUY,99.23,41
12237,ORD012236,CANCEL,,,
12238,ORD012238,LIMIT,SELL,99.92,54
12239,ORD012238,CANCEL,,,
12240,ORD012240,LIMIT,SELL,100.63,51
12241,ORD012240,CANCEL,,,
12242,ORD012242,LIMIT,SELL,101.84,3
12243,ORD012243,LIMIT,BUY,99.65,24
12244,ORD012244,LIMIT,BUY,100.17,22
12245,ORD012244,CANCEL,,,
12246,ORD012242,CANCEL,,,
12247,ORD012243,CANCEL,,,
12248,ORD012248,MARKET,BUY,,73
12249,ORD012249,LIMIT,BUY,98.78,10
12250,ORD012250,LIMIT,SELL,100.47,91
12251,ORD012250,CANCEL,,,
12252,ORD012249,CANCEL,,,
12253,ORD012253,LIMIT,SELL,101.08,37
12254,ORD012253,CANCEL,,,
12255,ORD012255,LIMIT,BUY,100.22,45
12256,ORD012255,CANCEL,,,
12257,ORD012257,LIMIT,BUY,99.78,54
12258,ORD012257,CANCEL,,,
12259,ORD012259,LIMIT,SELL,99.8,32
12260,ORD012259,CANCEL,,,
12261,ORD012261,LIMIT,SELL,100.05,17
12262,ORD012261,CANCEL,,,
12263,ORD012263,LIMIT,BUY,100.34,20
12264,ORD012263,CANCEL,,,
12265,ORD012265,LIMIT,BUY,98.5,73
12266,ORD012265,CANCEL,,,
12267,ORD012267,LIMIT,BUY,98.12,50
12268,ORD012267,CANCEL,,,
12269,ORD012269,LIMIT,BUY,98.25,41
12270,ORD012270,LIMIT,BUY,98.07,71
12271,ORD012270,CANCEL,,,
12272,ORD012269,CANCEL,,,
12273,ORD012273,LIMIT,BUY,98.78,67
12274,ORD012273,CANCEL,,,
12275,ORD012275,MARKET,SELL,,3
12276,ORD012276,LIMIT,SELL,101.76,48
12277,ORD012277,LIMIT,SELL,101.19,92
12278,ORD012278,LIMIT,SELL,100.22,21
12279,ORD012278,CANCEL,,,
12280,ORD012276,CANCEL,,,
12281,ORD012277,CANCEL,,,
12282,ORD012282,LIMIT,SELL,99.76,67
12283,ORD012282,CANCEL,,,
12284,ORD012284,LIMIT,BUY,98.28,63
12285,ORD012285,LIMIT,BUY,98.86,96
12286,ORD012284,CANCEL,,,
12287,ORD012285,CANCEL,,,
12288,ORD012288,LIMIT,SELL,100.2,13
12289,ORD012289,LIMIT,BUY,99.68,66
12290,ORD012289,CANCEL,,,
12291,ORD012291,LIMIT,SELL,100.84,96
12292,ORD012292,LIMIT,SELL,99.91,19
12293,ORD012293,LIMIT,SELL,101.86,63
12294,ORD012288,CANCEL,,,
12295,ORD012295,LIMIT,SELL,100.35,37
12296,ORD012293,CANCEL,,,
12297,ORD012292,CANCEL,,,
12298,ORD012298,LIMIT,SELL,101.77,57
12299,ORD012299,LIMIT,SELL,101.66,47
12300,ORD012298,CANCEL,,,
12301,ORD012299,CANCEL,,,
12302,ORD012302,LIMIT,BUY,99.54,3
12303,ORD012303,LIMIT,SELL,99.99,41
12304,ORD012302,CANCEL,,,
12305,ORD012295,CANCEL,,,
12306,ORD012303,CANCEL,,,
12307,ORD012291,CANCEL,,,
12308,ORD012308,LIMIT,BUY,100.35,34
12309,ORD012308,CANCEL,,,
12310,ORD012310,LIMIT,SELL,100.6,20
12311,ORD012311,MARKET,SELL,,38
12312,ORD012310,CANCEL,,,
12313,ORD012313,LIMIT,BUY,98.91,43
12314,ORD012313,CANCEL,,,
12315,ORD012315,LIMIT,BUY,99.86,58
12316,ORD012315,CANCEL,,,
12317,ORD012317,LIMIT,SELL,99.67,48
12318,ORD012317,CANCEL,,,
12319,ORD012319,LIMIT,BUY,99.12,5
12320,ORD012319,CANCEL,,,
12321,ORD012321,LIMIT,BUY,99.53,28
12322,ORD012322,LIMIT,SELL,101.76,4
12323,ORD012323,LIMIT,BUY,99.06,85
12324,ORD012324,LIMIT,SELL,99.84,8
12325,ORD012325,LIMIT,SELL,100.19,53
12326,ORD012326,LIMIT,SELL,100.66,46
12327,ORD012323,CANCEL,,,
12328,ORD012328,LIMIT,SELL,99.64,88
12329,ORD012324,CANCEL,,,
12330,ORD012328,CANCEL,,,
12331,ORD012322,CANCEL,,,
12332,ORD012321,CANCEL,,,
12333,ORD012333,LIMIT,BUY,98.3,19
12334,ORD012333,CANCEL,,,
12335,ORD012325,CANCEL,,,
12336,ORD012326,CANCEL,,,
12337,ORD012337,LIMIT,SELL,100.12,87
12338,ORD012338,LIMIT,SELL,100.91,69
12339,ORD012339,LIMIT,BUY,99.41,68
12340,ORD012338,CANCEL,,,
12341,ORD012337,CANCEL,,,
12342,ORD012342,LIMIT,BUY,98.85,2
12343,ORD012343,LIMIT,SELL,99.54,86
12344,ORD012339,CANCEL,,,
12345,ORD012343,CANCEL,,,
12346,ORD012342,CANCEL,,,
12347,ORD012347,LIMIT,SELL,100.98,90
12348,ORD012347,CANCEL,,,
12349,ORD012349,LIMIT,BUY,98.82,63
12350,ORD012350,MARKET,SELL,,46
12351,ORD012351,LIMIT,SELL,101.4,45
12352,ORD012352,MARKET,SELL,,56
12353,ORD012349,CANCEL,,,
12354,ORD012354,LIMIT,BUY,100.0,61
12355,ORD012354,CANCEL,,,
12356,ORD012351,CANCEL,,,
12357,ORD012357,LIMIT,SELL,100.56,41
12358,ORD012357,CANCEL,,,
12359,ORD012359,LIMIT,SELL,100.52,22
12360,ORD012360,LIMIT,BUY,98.66,30
12361,ORD012359,CANCEL,,,
12362,ORD012360,CANCEL,,,
12363,ORD012363,LIMIT,BUY,99.01,42
12364,ORD012363,CANCEL,,,
12365,ORD012365,LIMIT,SELL,100.08,25
12366,ORD012365,CANCEL,,,
12367,ORD012367,LIMIT,BUY,99.44,65
12368,ORD012367,CANCEL,,,
12369,ORD012369,MARKET,SELL,,46
12370,ORD012370,LIMIT,BUY,99.18,1
12371,ORD012370,CANCEL,,,
12372,ORD012372,LIMIT,BUY,98.6,33
12373,ORD012373,LIMIT,BUY,99.34,9
12374,ORD012372,CANCEL,,,
12375,ORD012373,CANCEL,,,
12376,ORD012376,LIMIT,BUY,100.15,62
12377,ORD012377,LIMIT,SELL,99.86,16
12378,ORD012376,CANCEL,,,
12379,ORD012379,MARKET,BUY,,27
12380,ORD012380,LIMIT,SELL,101.38,94
12381,ORD012380,CANCEL,,,
12382,ORD012382,LIMIT,SELL,101.48,54
12383,ORD012383,LIMIT,SELL,101.97,9
12384,ORD012383,CANCEL,,,
12385,ORD012382,CANCEL,,,
12386,ORD012386,LIMIT,SELL,100.68,93
12387,ORD012386,CANCEL,,,
12388,ORD012388,MARKET,BUY,,39
12389,ORD012389,LIMIT,SELL,101.34,14
12390,ORD012389,CANCEL,,,
12391,ORD012391,LIMIT,BUY,99.98,34
12392,ORD012392,LIMIT,BUY,99.68,37
12393,ORD012392,CANCEL,,,
12394,ORD012394,LIMIT,BUY,99.95,56
12395,ORD012391,CANCEL,,,
12396,ORD012394,CANCEL,,,
12397,ORD012397,LIMIT,SELL,101.52,26
12398,ORD012397,CANCEL,,,
12399,ORD012399,LIMIT,BUY,100.28,98
12400,ORD012399,CANCEL,,,
12401,ORD012401,LIMIT,BUY,98.02,30
12402,ORD012401,CANCEL,,,
12403,ORD012403,LIMIT,BUY,99.0,63
12404,ORD012403,CANCEL,,,
12405,ORD012405,LIMIT,BUY,100.43,72
12406,ORD012406,LIMIT,BUY,100.31,61
12407,ORD012405,CANCEL,,,
12408,ORD012406,CANCEL,,,
12409,ORD012409,LIMIT,SELL,100.02,75
12410,ORD012409,CANCEL,,,
12411,ORD012411,LIMIT,BUY,98.99,9
12412,ORD012411,CANCEL,,,
12413,ORD012413,LIMIT,SELL,101.31,98
12414,ORD012413,CANCEL,,,
12415,ORD012415,LIMIT,SELL,101.99,61
12416,ORD012415,CANCEL,,,
12417,ORD012417,MARKET,BUY,,89
12418,ORD012418,LIMIT,BUY,99.34,23
12419,ORD012418,CANCEL,,,
12420,ORD012420,LIMIT,BUY,99.35,82
12421,ORD012420,CANCEL,,,
12422,ORD012422,LIMIT,BUY,99.98,58
12423,ORD012422,CANCEL,,,
12424,ORD012424,LIMIT,SELL,100.29,100
12425,ORD012424,CANCEL,,,
12426,ORD012426,MARKET,BUY,,22
12427,ORD012427,LIMIT,SELL,101.2,44
12428,ORD012427,CANCEL,,,
12429,ORD012429,LIMIT,BUY,98.97,71
12430,ORD012429,CANCEL,,,
12431,ORD012431,LIMIT,BUY,98.69,10
12432,ORD012432,LIMIT,BUY,99.09,21
12433,ORD012431,CANCEL,,,
12434,ORD012434,LIMIT,BUY,99.12,65
12435,ORD012432,CANCEL,,,
12436,ORD012434,CANCEL,,,
12437,ORD012437,LIMIT,SELL,100.7,29
12438,ORD012438,LIMIT,BUY,99.15,53
12439,ORD012438,CANCEL,,,
12440,ORD012440,LIMIT,BUY,99.63,43
12441,ORD012437,CANCEL,,,
12442,ORD012440,CANCEL,,,
12443,ORD012443,LIMIT,SELL,101.25,76
12444,ORD012443,CANCEL,,,
12445,ORD012445,LIMIT,SELL,101.27,87
12446,ORD012445,CANCEL,,,
12447,ORD012447,LIMIT,BUY,99.27,46
12448,ORD012447,CANCEL,,,
12449,ORD012449,LIMIT,SELL,100.41,18
12450,ORD012449,CANCEL,,,
12451,ORD012451,LIMIT,BUY,99.34,88
12452,ORD012452,LIMIT,BUY,98.78,73
12453,ORD012453,LIMIT,BUY,100.22,49
12454,ORD012451,CANCEL,,,
12455,ORD012453,CANCEL,,,
12456,ORD012452,CANCEL,,,
12457,ORD012457,LIMIT,SELL,99.66,16
12458,ORD012458,LIMIT,BUY,99.97,76
12459,ORD012457,CANCEL,,,
12460,ORD012460,LIMIT,BUY,100.41,57
12461,ORD012461,LIMIT,BUY,99.47,1
12462,ORD012461,CANCEL,,,
12463,ORD012463,LIMIT,BUY,99.23,12
12464,ORD012460,CANCEL,,,
12465,ORD012458,CANCEL,,,
12466,ORD012463,CANCEL,,,
12467,ORD012467,MARKET,BUY,,53
12468,ORD012468,LIMIT,BUY,99.48,1
12469,ORD012469,LIMIT,BUY,98.52,11
12470,ORD012469,CANCEL,,,
12471,ORD012468,CANCEL,,,
12472,ORD012472,LIMIT,SELL,101.75,9
12473,ORD012473,LIMIT,SELL,100.41,41
12474,ORD012473,CANCEL,,,
12475,ORD012472,CANCEL,,,
12476,ORD012476,LIMIT,BUY,99.67,86
12477,ORD012477,LIMIT,BUY,98.99,44
12478,ORD012478,LIMIT,SELL,101.29,98
12479,ORD012479,LIMIT,SELL,100.93,1
12480,ORD012480,LIMIT,SELL,101.57,53
12481,ORD012481,LIMIT,BUY,98.48,11
12482,ORD012479,CANCEL,,,
12483,ORD012477,CANCEL,,,
12484,ORD012480,CANCEL,,,
12485,ORD012478,CANCEL,,,
12486,ORD012486,LIMIT,BUY,98.73,30
12487,ORD012487,LIMIT,SELL,101.94,43
12488,ORD012486,CANCEL,,,
12489,ORD012476,CANCEL,,,
12490,ORD012481,CANCEL,,,
12491,ORD012487,CANCEL,,,
12492,ORD012492,LIMIT,SELL,101.68,70
12493,ORD012492,CANCEL,,,
12494,ORD012494,LIMIT,SELL,100.44,7
12495,ORD012494,CANCEL,,,
12496,ORD012496,LIMIT,SELL,99.59,14
12497,ORD012496,CANCEL,,,
12498,ORD012498,LIMIT,BUY,99.32,34
12499,ORD012498,CANCEL,,,
12500,ORD012500,LIMIT,SELL,100.91,31
12501,ORD012501,LIMIT,BUY,98.4,96
12502,ORD012502,LIMIT,BUY,99.5,89
12503,ORD012500,CANCEL,,,
12504,ORD012504,LIMIT,BUY,98.21,26
12505,ORD012504,CANCEL,,,
12506,ORD012502,CANCEL,,,
12507,ORD012501,CANCEL,,,
12508,ORD012508,LIMIT,SELL,100.5,97
12509,ORD012508,CANCEL,,,
12510,ORD012510,LIMIT,BUY,98.52,54
12511,ORD012510,CANCEL,,,
12512,ORD012512,LIMIT,BUY,98.93,7
12513,ORD012512,CANCEL,,,
12514,ORD012514,LIMIT,SELL,100.45,63
12515,ORD012514,CANCEL,,,
12516,ORD012516,LIMIT,BUY,99.5,62
12517,ORD012516,CANCEL,,,
12518,ORD012518,LIMIT,SELL,101.45,75
12519,ORD012519,MARKET,BUY,,78
12520,ORD012518,CANCEL,,,
12521,ORD012521,LIMIT,BUY,99.56,89
12522,ORD012521,CANCEL,,,
12523,ORD012523,LIMIT,BUY,99.47,52
12524,ORD012523,CANCEL,,,
12525,ORD012525,LIMIT,SELL,100.17,70
12526,ORD012525,CANCEL,,,
12527,ORD012527,LIMIT,BUY,99.2,55
12528,ORD012527,CANCEL,,,
12529,ORD012529,LIMIT,SELL,101.23,42
12530,ORD012529,CANCEL,,,
12531,ORD012531,LIMIT,SELL,100.15,36
12532,ORD012531,CANCEL,,,
12533,ORD012533,LIMIT,SELL,100.36,20
12534,ORD012533,CANCEL,,,
12535,ORD012535,LIMIT,SELL,101.57,21
12536,ORD012535,CANCEL,,,
12537,ORD012537,LIMIT,SELL,99.73,79
12538,ORD012537,CANCEL,,,
12539,ORD012539,LIMIT,SELL,100.1,70
12540,ORD012539,CANCEL,,,
12541,ORD012541,LIMIT,SELL,101.0,89
12542,ORD012541,CANCEL,,,
12543,ORD012543,LIMIT,SELL,100.7,1
12544,ORD012544,LIMIT,SELL,99.77,74
12545,ORD012543,CANCEL,,,
12546,ORD012546,LIMIT,BUY,98.98,58
12547,ORD012547,LIMIT,SELL,100.26,87
12548,ORD012548,LIMIT,BUY,100.46,100
12549,ORD012547,CANCEL,,,
12550,ORD012546,CANCEL,,,
12551,ORD012544,CANCEL,,,
12552,ORD012552,LIMIT,SELL,101.76,29
12553,ORD012553,LIMIT,SELL,100.84,31
12554,ORD012552,CANCEL,,,
12555,ORD012553,CANCEL,,,
12556,ORD012556,LIMIT,SELL,101.03,52
12557,ORD012556,CANCEL,,,
12558,ORD012558,MARKET,SELL,,41
12559,ORD012559,LIMIT,SELL,101.89,32
12560,ORD012560,LIMIT,SELL,99.83,84
12561,ORD012559,CANCEL,,,
12562,ORD012560,CANCEL,,,
12563,ORD012563,LIMIT,BUY,99.54,33
12564,ORD012564,LIMIT,BUY,100.29,87
12565,ORD012563,CANCEL,,,
12566,ORD012564,CANCEL,,,
12567,ORD012567,LIMIT,SELL,100.5,55
12568,ORD012567,CANCEL,,,
12569,ORD012569,LIMIT,BUY,100.19,25
12570,ORD012569,CANCEL,,,
12571,ORD012571,MARKET,SELL,,35
12572,ORD012572,LIMIT,BUY,99.59,42
12573,ORD012572,CANCEL,,,
12574,ORD012574,LIMIT,BUY,99.29,12
12575,ORD012574,CANCEL,,,
12576,ORD012576,LIMIT,BUY,98.57,43
12577,ORD012576,CANCEL,,,
12578,ORD012578,LIMIT,BUY,98.67,42
12579,ORD012578,CANCEL,,,
12580,ORD012580,LIMIT,BUY,100.1,92
12581,ORD012581,LIMIT,BUY,98.7,2
12582,ORD012581,CANCEL,,,
12583,ORD012580,CANCEL,,,
12584,ORD012584,LIMIT,BUY,98.92,18
12585,ORD012584,CANCEL,,,
12586,ORD012586,LIMIT,SELL,101.37,17
12587,ORD012587,LIMIT,BUY,99.9,36
12588,ORD012588,LIMIT,SELL,99.93,34
12589,ORD012586,CANCEL,,,
12590,ORD012587,CANCEL,,,
12591,ORD012591,LIMIT,BUY,99.7,43
12592,ORD012592,LIMIT,SELL,101.1,24
12593,ORD012592,CANCEL,,,
12594,ORD012594,LIMIT,SELL,101.96,86
12595,ORD012595,LIMIT,BUY,100.47,11
12596,ORD012596,LIMIT,BUY,100.5,37
12597,ORD012597,LIMIT,SELL,101.62,32
12598,ORD012598,LIMIT,SELL,100.66,35
12599,ORD012597,CANCEL,,,
12600,ORD012600,MARKET,SELL,,90
12601,ORD012601,LIMIT,BUY,98.13,45
12602,ORD012594,CANCEL,,,
12603,ORD012603,LIMIT,SELL,99.7,8
12604,ORD012588,CANCEL,,,
12605,ORD012601,CANCEL,,,
12606,ORD012598,CANCEL,,,
12607,ORD012607,LIMIT,SELL,100.6,43
12608,ORD012591,CANCEL,,,
12609,ORD012603,CANCEL,,,
12610,ORD012607,CANCEL,,,
12611,ORD012596,CANCEL,,,
12612,ORD012612,LIMIT,BUY,99.72,33
12613,ORD012612,CANCEL,,,
12614,ORD012614,LIMIT,BUY,99.83,27
12615,ORD012614,CANCEL,,,
12616,ORD012616,LIMIT,BUY,99.4,32
12617,ORD012616,CANCEL,,,
12618,ORD012618,LIMIT,BUY,98.6,35
12619,ORD012618,CANCEL,,,
12620,ORD012620,LIMIT,BUY,98.36,43
12621,ORD012620,CANCEL,,,
12622,ORD012622,LIMIT,SELL,101.72,39
12623,ORD012622,CANCEL,,,
12624,ORD012624,LIMIT,SELL,100.61,89
12625,ORD012624,CANCEL,,,
12626,ORD012626,LIMIT,SELL,99.57,88
12627,ORD012626,CANCEL,,,
12628,ORD012628,LIMIT,SELL,99.97,68
12629,ORD012629,LIMIT,BUY,99.41,62
12630,ORD012628,CANCEL,,,
12631,ORD012629,CANCEL,,,
12632,ORD012632,LIMIT,BUY,99.41,47
12633,ORD012632,CANCEL,,,
12634,ORD012634,LIMIT,BUY,99.88,44
12635,ORD012635,LIMIT,BUY,99.7,49
12636,ORD012634,CANCEL,,,
12637,ORD012637,LIMIT,BUY,100.35,82
12638,ORD012637,CANCEL,,,
12639,ORD012635,CANCEL,,,
12640,ORD012640,LIMIT,BUY,98.09,44
12641,ORD012641,MARKET,BUY,,52
12642,ORD012642,LIMIT,BUY,100.45,27
12643,ORD012642,CANCEL,,,
12644,ORD012644,LIMIT,SELL,100.74,79
12645,ORD012640,CANCEL,,,
12646,ORD012644,CANCEL,,,
12647,ORD012647,MARKET,SELL,,62
12648,ORD012648,LIMIT,BUY,98.2,70
12649,ORD012648,CANCEL,,,
12650,ORD012650,LIMIT,BUY,98.49,51
12651,ORD012650,CANCEL,,,
12652,ORD012652,LIMIT,BUY,99.55,81
12653,ORD012652,CANCEL,,,
12654,ORD012654,LIMIT,BUY,99.94,51
12655,ORD012654,CANCEL,,,
12656,ORD012656,LIMIT,BUY,99.22,74
12657,ORD012656,CANCEL,,,
12658,ORD012658,LIMIT,SELL,101.97,91
12659,ORD012658,CANCEL,,,
12660,ORD012660,MARKET,BUY,,1
12661,ORD012661,LIMIT,SELL,101.66,29
12662,ORD012661,CANCEL,,,
12663,ORD012663,LIMIT,BUY,100.39,38
12664,ORD012663,CANCEL,,,
12665,ORD012665,LIMIT,SELL,99.59,49
12666,ORD012665,CANCEL,,,
12667,ORD012667,LIMIT,BUY,99.23,28
12668,ORD012667,CANCEL,,,
12669,ORD012669,LIMIT,SELL,100.69,5
12670,ORD012669,CANCEL,,,
12671,ORD012671,LIMIT,SELL,100.09,59
12672,ORD012671,CANCEL,,,
12673,ORD012673,LIMIT,BUY,98.1,59
12674,ORD012673,CANCEL,,,
12675,ORD012675,LIMIT,SELL,101.52,69
12676,ORD012676,LIMIT,BUY,99.14,95
12677,ORD012676,CANCEL,,,
12678,ORD012675,CANCEL,,,
12679,ORD012679,LIMIT,SELL,100.41,76
12680,ORD012679,CANCEL,,,
12681,ORD012681,LIMIT,BUY,99.15,94
12682,ORD012681,CANCEL,,,
12683,ORD012683,LIMIT,BUY,98.05,75
12684,ORD012684,LIMIT,BUY,100.35,68
12685,ORD012684,CANCEL,,,
12686,ORD012683,CANCEL,,,
12687,ORD012687,LIMIT,BUY,100.1,25
12688,ORD012687,CANCEL,,,
12689,ORD012689,MARKET,BUY,,60
12690,ORD012690,MARKET,BUY,,51
12691,ORD012691,LIMIT,SELL,100.15,45
12692,ORD012691,CANCEL,,,
12693,ORD012693,LIMIT,BUY,98.53,18
12694,ORD012693,CANCEL,,,
12695,ORD012695,LIMIT,BUY,99.59,7
12696,ORD012695,CANCEL,,,
12697,ORD012697,LIMIT,BUY,100.39,50
12698,ORD012698,LIMIT,BUY,99.36,7
12699,ORD012699,LIMIT,SELL,101.93,82
12700,ORD012700,LIMIT,BUY,99.73,92
12701,ORD012697,CANCEL,,,
12702,ORD012699,CANCEL,,,
12703,ORD012700,CANCEL,,,
12704,ORD012698,CANCEL,,,
12705,ORD012705,LIMIT,SELL,101.45,62
12706,ORD012705,CANCEL,,,
12707,ORD012707,LIMIT,BUY,99.29,1
12708,ORD012707,CANCEL,,,
12709,ORD012709,LIMIT,SELL,101.75,30
12710,ORD012710,LIMIT,BUY,98.38,54
12711,ORD012710,CANCEL,,,
12712,ORD012709,CANCEL,,,
12713,ORD012713,LIMIT,BUY,99.34,68
12714,ORD012713,CANCEL,,,
12715,ORD012715,LIMIT,SELL,100.68,31
12716,ORD012715,CANCEL,,,
12717,ORD012717,LIMIT,SELL,100.67,24
12718,ORD012717,CANCEL,,,
12719,ORD012719,LIMIT,SELL,101.59,82
12720,ORD012719,CANCEL,,,
12721,ORD012721,LIMIT,BUY,99.43,12
12722,ORD012721,CANCEL,,,
12723,ORD012723,LIMIT,BUY,99.63,85
12724,ORD012723,CANCEL,,,
12725,ORD012725,LIMIT,BUY,98.88,83
12726,ORD012726,LIMIT,SELL,101.53,45
12727,ORD012725,CANCEL,,,
12728,ORD012726,CANCEL,,,
12729,ORD012729,LIMIT,BUY,98.14,40
12730,ORD012729,CANCEL,,,
12731,ORD012731,LIMIT,SELL,99.73,82
12732,ORD012732,LIMIT,SELL,101.07,30
12733,ORD012732,CANCEL,,,
12734,ORD012731,CANCEL,,,
12735,ORD012735,LIMIT,BUY,99.37,98
12736,ORD012735,CANCEL,,,
12737,ORD012737,LIMIT,SELL,101.15,25
12738,ORD012737,CANCEL,,,
12739,ORD012739,LIMIT,BUY,98.54,26
12740,ORD012739,CANCEL,,,
12741,ORD012741,LIMIT,SELL,99.65,67
12742,ORD012741,CANCEL,,,
12743,ORD012743,LIMIT,BUY,99.75,13
12744,ORD012744,LIMIT,SELL,99.74,69
12745,ORD012744,CANCEL,,,
12746,ORD012743,CANCEL,,,
12747,ORD012747,LIMIT,SELL,101.1,18
12748,ORD012747,CANCEL,,,
12749,ORD012749,MARKET,SELL,,93
12750,ORD012750,LIMIT,BUY,98.84,54
12751,ORD012750,CANCEL,,,
12752,ORD012752,LIMIT,SELL,101.47,49
12753,ORD012752,CANCEL,,,
12754,ORD012754,LIMIT,BUY,100.31,44
12755,ORD012754,CANCEL,,,
12756,ORD012756,LIMIT,SELL,100.51,35
12757,ORD012756,CANCEL,,,
12758,ORD012758,LIMIT,SELL,101.97,55
12759,ORD012758,CANCEL,,,
12760,ORD012760,LIMIT,BUY,100.11,52
12761,ORD012760,CANCEL,,,
12762,ORD012762,LIMIT,BUY,98.44,62
12763,ORD012762,CANCEL,,,
12764,ORD012764,LIMIT,SELL,99.86,71
12765,ORD012764,CANCEL,,,
12766,ORD012766,LIMIT,BUY,100.09,1
12767,ORD012766,CANCEL,,,
12768,ORD012768,LIMIT,SELL,100.33,68
12769,ORD012769,LIMIT,SELL,100.28,59
12770,ORD012768,CANCEL,,,
12771,ORD012769,CANCEL,,,
12772,ORD012772,LIMIT,SELL,100.74,99
12773,ORD012772,CANCEL,,,
12774,ORD012774,LIMIT,BUY,100.18,17
12775,ORD012775,LIMIT,SELL,101.57,97
12776,ORD012774,CANCEL,,,
12777,ORD012775,CANCEL,,,
12778,ORD012778,LIMIT,SELL,100.27,63
12779,ORD012778,CANCEL,,,
12780,ORD012780,LIMIT,BUY,98.25,83
12781,ORD012781,MARKET,BUY,,13
12782,ORD012780,CANCEL,,,
12783,ORD012783,LIMIT,BUY,100.07,65
12784,ORD012784,LIMIT,BUY,98.78,33
12785,ORD012783,CANCEL,,,
12786,ORD012784,CANCEL,,,
12787,ORD012787,LIMIT,BUY,99.11,63
12788,ORD012787,CANCEL,,,
12789,ORD012789,LIMIT,SELL,101.58,1
12790,ORD012790,LIMIT,BUY,98.7,63
12791,ORD012790,CANCEL,,,
12792,ORD012789,CANCEL,,,
12793,ORD012793,LIMIT,BUY,100.43,97
12794,ORD012793,CANCEL,,,
12795,ORD012795,LIMIT,BUY,98.65,13
12796,ORD012795,CANCEL,,,
12797,ORD012797,MARKET,SELL,,89
12798,ORD012798,LIMIT,SELL,100.3,54
12799,ORD012798,CANCEL,,,
12800,ORD012800,LIMIT,BUY,98.6,50
12801,ORD012800,CANCEL,,,
12802,ORD012802,LIMIT,BUY,99.39,47
12803,ORD012802,CANCEL,,,
12804,ORD012804,LIMIT,BUY,99.92,66
12805,ORD012804,CANCEL,,,
12806,ORD012806,LIMIT,SELL,100.64,20
12807,ORD012806,CANCEL,,,
12808,ORD012808,LIMIT,SELL,101.46,84
12809,ORD012809,LIMIT,BUY,99.89,25
12810,ORD012808,CANCEL,,,
12811,ORD012809,CANCEL,,,
12812,ORD012812,LIMIT,SELL,99.93,22
12813,ORD012812,CANCEL,,,
12814,ORD012814,LIMIT,SELL,100.42,9
12815,ORD012814,CANCEL,,,
12816,ORD012816,LIMIT,BUY,100.1,87
12817,ORD012817,LIMIT,SELL,101.05,22
12818,ORD012818,LIMIT,SELL,101.83,85
12819,ORD012816,CANCEL,,,
12820,ORD012817,CANCEL,,,
12821,ORD012818,CANCEL,,,
12822,ORD012822,LIMIT,SELL,100.96,82
12823,ORD012823,LIMIT,SELL,100.17,42
12824,ORD012822,CANCEL,,,
12825,ORD012823,CANCEL,,,
12826,ORD012826,LIMIT,BUY,98.9,68
12827,ORD012826,CANCEL,,,
12828,ORD012828,LIMIT,BUY,99.62,34
12829,ORD012828,CANCEL,,,
12830,ORD012830,LIMIT,BUY,98.2,77
12831,ORD012830,CANCEL,,,
12832,ORD012832,LIMIT,SELL,99.55,82
12833,ORD012832,CANCEL,,,
12834,ORD012834,LIMIT,BUY,100.19,79
12835,ORD012834,CANCEL,,,
12836,ORD012836,LIMIT,SELL,99.89,6
12837,ORD012836,CANCEL,,,
12838,ORD012838,LIMIT,SELL,99.7,10
12839,ORD012838,CANCEL,,,
12840,ORD012840,LIMIT,BUY,98.84,67
12841,ORD012840,CANCEL,,,
12842,ORD012842,MARKET,SELL,,6
12843,ORD012843,LIMIT,BUY,99.38,100
12844,ORD012843,CANCEL,,,
12845,ORD012845,LIMIT,BUY,99.23,24
12846,ORD012846,LIMIT,BUY,99.66,46
12847,ORD012845,CANCEL,,,
12848,ORD012846,CANCEL,,,
12849,ORD012849,LIMIT,BUY,99.64,42
12850,ORD012849,CANCEL,,,
12851,ORD012851,LIMIT,BUY,100.49,90
12852,ORD012852,LIMIT,SELL,101.26,71
12853,ORD012851,CANCEL,,,
12854,ORD012852,CANCEL,,,
12855,ORD012855,LIMIT,BUY,98.53,20
12856,ORD012855,CANCEL,,,
12857,ORD012857,LIMIT,SELL,101.2,1
12858,ORD012857,CANCEL,,,
12859,ORD012859,LIMIT,BUY,99.63,18
12860,ORD012859,CANCEL,,,
12861,ORD012861,LIMIT,BUY,98.9,61
12862,ORD012861,CANCEL,,,
12863,ORD012863,LIMIT,SELL,100.65,32
12864,ORD012864,LIMIT,BUY,99.33,43
12865,ORD012863,CANCEL,,,
12866,ORD012866,LIMIT,BUY,99.69,5
12867,ORD012867,LIMIT,SELL,101.1,40
12868,ORD012867,CANCEL,,,
12869,ORD012864,CANCEL,,,
12870,ORD012870,MARKET,BUY,,20
12871,ORD012866,CANCEL,,,
12872,ORD012872,LIMIT,SELL,100.64,28
12873,ORD012873,LIMIT,SELL,101.44,97
12874,ORD012873,CANCEL,,,
12875,ORD012872,CANCEL,,,
12876,ORD012876,LIMIT,SELL,100.33,53
12877,ORD012876,CANCEL,,,
12878,ORD012878,MARKET,SELL,,55
12879,ORD012879,LIMIT,SELL,100.75,68
12880,ORD012879,CANCEL,,,
12881,ORD012881,LIMIT,SELL,99.61,7
12882,ORD012881,CANCEL,,,
12883,ORD012883,LIMIT,SELL,100.12,37
12884,ORD012883,CANCEL,,,
12885,ORD012885,LIMIT,SELL,101.94,37
12886,ORD012885,CANCEL,,,
12887,ORD012887,LIMIT,BUY,98.78,5
12888,ORD012887,CANCEL,,,
12889,ORD012889,LIMIT,BUY,99.07,43
12890,ORD012889,CANCEL,,,
12891,ORD012891,LIMIT,SELL,99.99,83
12892,ORD012891,CANCEL,,,
12893,ORD012893,LIMIT,SELL,100.2,23
12894,ORD012893,CANCEL,,,
12895,ORD012895,LIMIT,BUY,99.62,37
12896,ORD012895,CANCEL,,,
12897,ORD012897,LIMIT,SELL,99.7,1
12898,ORD012898,LIMIT,SELL,101.46,38
12899,ORD012899,LIMIT,BUY,100.07,70
12900,ORD012897,CANCEL,,,
12901,ORD012901,LIMIT,SELL,100.6,34
12902,ORD012899,CANCEL,,,
12903,ORD012901,CANCEL,,,
12904,ORD012898,CANCEL,,,
12905,ORD012905,LIMIT,SELL,100.48,67
12906,ORD012905,CANCEL,,,
12907,ORD012907,LIMIT,SELL,101.08,12
12908,ORD012908,LIMIT,SELL,100.46,94
12909,ORD012907,CANCEL,,,
12910,ORD012908,CANCEL,,,
12911,ORD012911,LIMIT,SELL,99.91,9
12912,ORD012912,LIMIT,SELL,101.34,82
12913,ORD012913,LIMIT,SELL,99.66,54
12914,ORD012912,CANCEL,,,
12915,ORD012913,CANCEL,,,
12916,ORD012911,CANCEL,,,
12917,ORD012917,LIMIT,SELL,101.05,69
12918,ORD012918,LIMIT,SELL,100.3,73
12919,ORD012919,LIMIT,BUY,99.04,12
12920,ORD012918,CANCEL,,,
12921,ORD012919,CANCEL,,,
12922,ORD012922,LIMIT,BUY,99.74,31
12923,ORD012922,CANCEL,,,
12924,ORD012917,CANCEL,,,
12925,ORD012925,LIMIT,SELL,101.29,26
12926,ORD012925,CANCEL,,,
12927,ORD012927,LIMIT,BUY,98.45,45
12928,ORD012927,CANCEL,,,
12929,ORD012929,LIMIT,BUY,100.48,90
12930,ORD012929,CANCEL,,,
12931,ORD012931,LIMIT,SELL,100.79,53
12932,ORD012931,CANCEL,,,
12933,ORD012933,LIMIT,BUY,99.16,82
12934,ORD012934,LIMIT,BUY,99.86,6
12935,ORD012935,LIMIT,BUY,100.13,50
12936,ORD012934,CANCEL,,,
12937,ORD012933,CANCEL,,,
12938,ORD012935,CANCEL,,,
12939,ORD012939,LIMIT,SELL,100.02,93
12940,ORD012939,CANCEL,,,
12941,ORD012941,LIMIT,SELL,100.98,71
12942,ORD012941,CANCEL,,,
12943,ORD012943,LIMIT,BUY,98.24,93
12944,ORD012944,LIMIT,BUY,99.6,94
12945,ORD012944,CANCEL,,,
12946,ORD012946,LIMIT,BUY,99.62,86
12947,ORD012946,CANCEL,,,
12948,ORD012943,CANCEL,,,
12949,ORD012949,LIMIT,BUY,99.58,97
12950,ORD012949,CANCEL,,,
12951,ORD012951,LIMIT,SELL,99.92,5
12952,ORD012952,LIMIT,SELL,101.74,6
12953,ORD012953,LIMIT,BUY,100.48,79
12954,ORD012952,CANCEL,,,
12955,ORD012951,CANCEL,,,
12956,ORD012953,CANCEL,,,
12957,ORD012957,LIMIT,BUY,98.09,48
12958,ORD012957,CANCEL,,,
12959,ORD012959,LIMIT,SELL,100.5,66
12960,ORD012959,CANCEL,,,
12961,ORD012961,LIMIT,BUY,100.21,79
12962,ORD012961,CANCEL,,,
12963,ORD012963,LIMIT,SELL,99.61,45
12964,ORD012964,LIMIT,SELL,100.02,26
12965,ORD012965,LIMIT,BUY,100.43,17
12966,ORD012964,CANCEL,,,
12967,ORD012963,CANCEL,,,
12968,ORD012968,LIMIT,SELL,101.77,4
12969,ORD012968,CANCEL,,,
12970,ORD012970,LIMIT,SELL,100.48,42
12971,ORD012970,CANCEL,,,
12972,ORD012972,LIMIT,SELL,100.49,76
12973,ORD012972,CANCEL,,,
12974,ORD012974,LIMIT,BUY,98.11,31
12975,ORD012974,CANCEL,,,
12976,ORD012976,LIMIT,BUY,100.17,55
12977,ORD012977,LIMIT,SELL,99.75,32
12978,ORD012976,CANCEL,,,
12979,ORD012979,LIMIT,BUY,99.99,12
12980,ORD012980,LIMIT,BUY,100.44,20
12981,ORD012979,CANCEL,,,
12982,ORD012980,CANCEL,,,
12983,ORD012983,LIMIT,SELL,101.79,98
12984,ORD012983,CANCEL,,,
12985,ORD012985,LIMIT,BUY,100.32,39
12986,ORD012985,CANCEL,,,
12987,ORD012987,LIMIT,BUY,98.6,20
12988,ORD012987,CANCEL,,,
12989,ORD012989,MARKET,BUY,,13
12990,ORD012990,LIMIT,SELL,101.01,70
12991,ORD012990,CANCEL,,,
12992,ORD012992,LIMIT,BUY,99.6,63
12993,ORD012992,CANCEL,,,
12994,ORD012994,LIMIT,BUY,100.43,15
12995,ORD012994,CANCEL,,,
12996,ORD012996,LIMIT,BUY,100.24,90
12997,ORD012996,CANCEL,,,
12998,ORD012998,LIMIT,SELL,101.75,69
12999,ORD012999,LIMIT,SELL,101.83,28
13000,ORD012999,CANCEL,,,
13001,ORD012998,CANCEL,,,
13002,ORD013002,MARKET,SELL,,7
13003,ORD013003,LIMIT,BUY,98.32,25
13004,ORD013004,LIMIT,SELL,101.6,21
13005,ORD013004,CANCEL,,,
13006,ORD013006,LIMIT,BUY,99.47,38
13007,ORD013006,CANCEL,,,
13008,ORD013008,LIMIT,SELL,101.32,24
13009,ORD013003,CANCEL,,,
13010,ORD013010,LIMIT,BUY,99.08,77
13011,ORD013008,CANCEL,,,
13012,ORD013012,LIMIT,BUY,99.8,11
13013,ORD013012,CANCEL,,,
13014,ORD013010,CANCEL,,,
13015,ORD013015,LIMIT,BUY,99.21,4
13016,ORD013016,LIMIT,SELL,101.55,6
13017,ORD013017,LIMIT,BUY,98.75,22
13018,ORD013015,CANCEL,,,
13019,ORD013016,CANCEL,,,
13020,ORD013017,CANCEL,,,
13021,ORD013021,LIMIT,BUY,100.06,73
13022,ORD013021,CANCEL,,,
13023,ORD013023,MARKET,SELL,,54
13024,ORD013024,LIMIT,BUY,100.39,36
13025,ORD013024,CANCEL,,,
13026,ORD013026,LIMIT,BUY,99.31,66
13027,ORD013026,CANCEL,,,
13028,ORD013028,LIMIT,BUY,100.02,79
13029,ORD013028,CANCEL,,,
13030,ORD013030,LIMIT,SELL,100.71,74
13031,ORD013030,CANCEL,,,
13032,ORD013032,LIMIT,SELL,99.95,90
13033,ORD013032,CANCEL,,,
13034,ORD013034,LIMIT,BUY,100.18,9
13035,ORD013034,CANCEL,,,
13036,ORD013036,LIMIT,SELL,100.64,60
13037,ORD013037,LIMIT,SELL,101.05,35
13038,ORD013037,CANCEL,,,
13039,ORD013039,LIMIT,SELL,99.6,82
13040,ORD013040,LIMIT,BUY,98.35,85
13041,ORD013036,CANCEL,,,
13042,ORD013039,CANCEL,,,
13043,ORD013040,CANCEL,,,
13044,ORD013044,LIMIT,SELL,99.76,15
13045,ORD013045,LIMIT,BUY,100.19,46
13046,ORD013046,LIMIT,BUY,100.45,19
13047,ORD013045,CANCEL,,,
13048,ORD013044,CANCEL,,,
13049,ORD013049,LIMIT,SELL,101.35,73
13050,ORD013049,CANCEL,,,
13051,ORD013046,CANCEL,,,
13052,ORD013052,LIMIT,SELL,100.22,99
13053,ORD013052,CANCEL,,,
13054,ORD013054,MARKET,BUY,,41
13055,ORD013055,LIMIT,BUY,99.02,9
13056,ORD013055,CANCEL,,,
13057,ORD013057,LIMIT,BUY,100.26,99
13058,ORD013058,LIMIT,BUY,98.86,92
13059,ORD013057,CANCEL,,,
13060,ORD013058,CANCEL,,,
13061,ORD013061,LIMIT,SELL,101.13,4
13062,ORD013061,CANCEL,,,
13063,ORD013063,LIMIT,BUY,98.47,47
13064,ORD013063,CANCEL,,,
13065,ORD013065,LIMIT,SELL,100.87,8
13066,ORD013065,CANCEL,,,
13067,ORD013067,LIMIT,BUY,99.57,30
13068,ORD013067,CANCEL,,,
13069,ORD013069,LIMIT,BUY,99.83,94
13070,ORD013069,CANCEL,,,
13071,ORD013071,LIMIT,SELL,99.52,51
13072,ORD013071,CANCEL,,,
13073,ORD013073,LIMIT,BUY,99.27,40
13074,ORD013074,MARKET,BUY,,33
13075,ORD013073,CANCEL,,,
13076,ORD013076,LIMIT,BUY,99.75,89
13077,ORD013076,CANCEL,,,
13078,ORD013078,LIMIT,BUY,98.71,77
13079,ORD013078,CANCEL,,,
13080,ORD013080,LIMIT,SELL,99.68,59
13081,ORD013080,CANCEL,,,
13082,ORD013082,LIMIT,BUY,100.0,48
13083,ORD013083,LIMIT,BUY,99.82,66
13084,ORD013083,CANCEL,,,
13085,ORD013082,CANCEL,,,
13086,ORD013086,LIMIT,SELL,101.52,83
13087,ORD013086,CANCEL,,,
13088,ORD013088,LIMIT,BUY,98.18,52
13089,ORD013088,CANCEL,,,
13090,ORD013090,LIMIT,BUY,99.19,88
13091,ORD013090,CANCEL,,,
13092,ORD013092,LIMIT,SELL,101.91,16
13093,ORD013092,CANCEL,,,
13094,ORD013094,LIMIT,SELL,100.14,97
13095,ORD013094,CANCEL,,,
13096,ORD013096,LIMIT,BUY,99.62,54
13097,ORD013097,LIMIT,BUY,100.38,64
13098,ORD013097,CANCEL,,,
13099,ORD013096,CANCEL,,,
13100,ORD013100,LIMIT,BUY,99.25,10
13101,ORD013100,CANCEL,,,
13102,ORD013102,LIMIT,SELL,100.86,40
13103,ORD013102,CANCEL,,,
13104,ORD013104,LIMIT,BUY,99.09,5
13105,ORD013105,LIMIT,SELL,99.82,99
13106,ORD013106,LIMIT,BUY,98.25,2
13107,ORD013107,LIMIT,BUY,100.08,76
13108,ORD013108,LIMIT,SELL,99.56,77
13109,ORD013104,CANCEL,,,
13110,ORD013108,CANCEL,,,
13111,ORD013111,LIMIT,SELL,99.78,76
13112,ORD013111,CANCEL,,,
13113,ORD013113,LIMIT,BUY,99.12,40
13114,ORD013114,LIMIT,SELL,101.66,33
13115,ORD013113,CANCEL,,,
13116,ORD013105,CANCEL,,,
13117,ORD013114,CANCEL,,,
13118,ORD013118,LIMIT,BUY,98.65,23
13119,ORD013118,CANCEL,,,
13120,ORD013106,CANCEL,,,
13121,ORD013121,LIMIT,SELL,101.7,5
13122,ORD013121,CANCEL,,,
13123,ORD013123,LIMIT,BUY,99.17,35
13124,ORD013123,CANCEL,,,
13125,ORD013125,LIMIT,SELL,100.08,50
13126,ORD013125,CANCEL,,,
13127,ORD013127,LIMIT,BUY,100.23,33
13128,ORD013128,LIMIT,BUY,98.21,89
13129,ORD013129,LIMIT,BUY,99.9,46
13130,ORD013127,CANCEL,,,
13131,ORD013128,CANCEL,,,
13132,ORD013129,CANCEL,,,
13133,ORD013133,LIMIT,SELL,99.54,58
13134,ORD013134,LIMIT,BUY,100.42,94
13135,ORD013133,CANCEL,,,
13136,ORD013134,CANCEL,,,
13137,ORD013137,LIMIT,SELL,100.56,15
13138,ORD013138,LIMIT,BUY,98.0,31
13139,ORD013137,CANCEL,,,
13140,ORD013138,CANCEL,,,
13141,ORD013141,LIMIT,SELL,100.53,100
13142,ORD013141,CANCEL,,,
13143,ORD013143,LIMIT,BUY,99.46,83
13144,ORD013144,LIMIT,BUY,99.76,83
13145,ORD013145,MARKET,SELL,,92
13146,ORD013143,CANCEL,,,
13147,ORD013144,CANCEL,,,
13148,ORD013148,LIMIT,SELL,99.62,78
13149,ORD013148,CANCEL,,,
13150,ORD013150,LIMIT,BUY,99.73,76
13151,ORD013151,LIMIT,BUY,100.44,48
13152,ORD013152,LIMIT,SELL,99.69,74
13153,ORD013153,LIMIT,BUY,98.65,54
13154,ORD013150,CANCEL,,,
13155,ORD013151,CANCEL,,,
13156,ORD013153,CANCEL,,,
13157,ORD013157,LIMIT,BUY,99.91,65
13158,ORD013157,CANCEL,,,
13159,ORD013159,LIMIT,BUY,99.3,79
13160,ORD013159,CANCEL,,,
13161,ORD013161,LIMIT,BUY,98.7,90
13162,ORD013161,CANCEL,,,
13163,ORD013163,LIMIT,SELL,100.43,89
13164,ORD013164,LIMIT,BUY,100.06,44
13165,ORD013163,CANCEL,,,
13166,ORD013166,LIMIT,BUY,99.11,83
13167,ORD013167,LIMIT,BUY,99.55,7
13168,ORD013168,LIMIT,BUY,98.98,26
13169,ORD013169,LIMIT,BUY,99.24,72
13170,ORD013167,CANCEL,,,
13171,ORD013171,LIMIT,SELL,101.63,99
13172,ORD013172,LIMIT,BUY,98.62,85
13173,ORD013169,CANCEL,,,
13174,ORD013172,CANCEL,,,
13175,ORD013175,MARKET,SELL,,14
13176,ORD013171,CANCEL,,,
13177,ORD013168,CANCEL,,,
13178,ORD013166,CANCEL,,,
13179,ORD013164,CANCEL,,,
13180,ORD013180,LIMIT,BUY,100.01,1
13181,ORD013180,CANCEL,,,
13182,ORD013182,LIMIT,BUY,99.01,77
13183,ORD013182,CANCEL,,,
13184,ORD013184,LIMIT,SELL,100.8,46
13185,ORD013184,CANCEL,,,
13186,ORD013186,LIMIT,BUY,98.99,40
13187,ORD013186,CANCEL,,,
13188,ORD013188,LIMIT,SELL,101.27,52
13189,ORD013189,LIMIT,SELL,99.85,89
13190,ORD013189,CANCEL,,,
13191,ORD013188,CANCEL,,,
13192,ORD013192,MARKET,BUY,,35
13193,ORD013193,LIMIT,BUY,98.95,96
13194,ORD013194,LIMIT,SELL,100.53,93
13195,ORD013193,CANCEL,,,
13196,ORD013196,LIMIT,SELL,100.77,52
13197,ORD013197,LIMIT,BUY,99.67,58
13198,ORD013198,LIMIT,SELL,101.02,9
13199,ORD013196,CANCEL,,,
13200,ORD013197,CANCEL,,,
13201,ORD013198,CANCEL,,,
13202,ORD013194,CANCEL,,,
13203,ORD013203,LIMIT,BUY,100.12,86
13204,ORD013203,CANCEL,,,
13205,ORD013205,LIMIT,SELL,101.11,80
13206,ORD013206,LIMIT,BUY,99.1,29
13207,ORD013207,LIMIT,SELL,100.61,97
13208,ORD013207,CANCEL,,,
13209,ORD013209,LIMIT,SELL,100.93,2
13210,ORD013209,CANCEL,,,
13211,ORD013206,CANCEL,,,
13212,ORD013205,CANCEL,,,
13213,ORD013213,LIMIT,BUY,99.81,85
13214,ORD013213,CANCEL,,,
13215,ORD013215,LIMIT,BUY,100.04,63
13216,ORD013215,CANCEL,,,
13217,ORD013217,MARKET,SELL,,3
13218,ORD013218,LIMIT,SELL,100.76,80
13219,ORD013218,CANCEL,,,
13220,ORD013220,LIMIT,BUY,100.12,47
13221,ORD013220,CANCEL,,,
13222,ORD013222,LIMIT,SELL,101.1,6
13223,ORD013222,CANCEL,,,
13224,ORD013224,MARKET,SELL,,30
13225,ORD013225,LIMIT,SELL,101.71,26
13226,ORD013226,LIMIT,SELL,101.98,78
13227,ORD013227,LIMIT,BUY,98.74,68
13228,ORD013225,CANCEL,,,
13229,ORD013227,CANCEL,,,
13230,ORD013230,LIMIT,BUY,99.39,29
13231,ORD013231,LIMIT,SELL,100.0,62
13232,ORD013231,CANCEL,,,
13233,ORD013233,LIMIT,BUY,99.99,91
13234,ORD013230,CANCEL,,,
13235,ORD013226,CANCEL,,,
13236,ORD013233,CANCEL,,,
13237,ORD013237,LIMIT,BUY,98.6,36
13238,ORD013238,LIMIT,BUY,99.32,78
13239,ORD013239,LIMIT,SELL,101.38,66
13240,ORD013238,CANCEL,,,
13241,ORD013237,CANCEL,,,
13242,ORD013239,CANCEL,,,
13243,ORD013243,LIMIT,SELL,100.38,59
13244,ORD013244,LIMIT,SELL,101.61,6
13245,ORD013245,LIMIT,SELL,99.65,92
13246,ORD013246,LIMIT,SELL,100.62,43
13247,ORD013243,CANCEL,,,
13248,ORD013248,LIMIT,BUY,98.8,82
13249,ORD013248,CANCEL,,,
13250,ORD013250,LIMIT,BUY,99.13,28
13251,ORD013251,LIMIT,BUY,100.43,61
13252,ORD013246,CANCEL,,,
13253,ORD013253,LIMIT,BUY,99.84,20
13254,ORD013245,CANCEL,,,
13255,ORD013244,CANCEL,,,
13256,ORD013250,CANCEL,,,
13257,ORD013257,LIMIT,SELL,100.54,70
13258,ORD013257,CANCEL,,,
13259,ORD013259,LIMIT,SELL,101.36,61
13260,ORD013259,CANCEL,,,
13261,ORD013261,MARKET,SELL,,64
13262,ORD013262,LIMIT,BUY,98.77,93
13263,ORD013262,CANCEL,,,
13264,ORD013264,LIMIT,BUY,99.69,77
13265,ORD013264,CANCEL,,,
13266,ORD013266,LIMIT,SELL,101.06,72
13267,ORD013266,CANCEL,,,
13268,ORD013268,MARKET,SELL,,29
13269,ORD013269,LIMIT,SELL,100.21,15
13270,ORD013270,LIMIT,SELL,101.7,100
13271,ORD013269,CANCEL,,,
13272,ORD013270,CANCEL,,,
13273,ORD013273,LIMIT,SELL,99.95,29
13274,ORD013274,LIMIT,SELL,100.47,59
13275,ORD013274,CANCEL,,,
13276,ORD013273,CANCEL,,,
13277,ORD013277,LIMIT,SELL,101.92,97
13278,ORD013278,LIMIT,BUY,98.9,46
13279,ORD013278,CANCEL,,,
13280,ORD013277,CANCEL,,,
13281,ORD013281,LIMIT,BUY,98.66,5
13282,ORD013281,CANCEL,,,
13283,ORD013283,LIMIT,SELL,101.69,90
13284,ORD013283,CANCEL,,,
13285,ORD013285,LIMIT,SELL,101.23,78
13286,ORD013285,CANCEL,,,
13287,ORD013287,LIMIT,BUY,98.83,93
13288,ORD013287,CANCEL,,,
13289,ORD013289,LIMIT,SELL,100.79,35
13290,ORD013289,CANCEL,,,
13291,ORD013291,LIMIT,BUY,99.55,85
13292,ORD013291,CANCEL,,,
13293,ORD013293,LIMIT,SELL,101.62,36
13294,ORD013293,CANCEL,,,
13295,ORD013295,LIMIT,BUY,99.06,68
13296,ORD013295,CANCEL,,,
13297,ORD013297,LIMIT,SELL,101.72,33
13298,ORD013298,LIMIT,BUY,98.77,60
13299,ORD013298,CANCEL,,,
13300,ORD013297,CANCEL,,,
13301,ORD013301,LIMIT,BUY,99.02,52
13302,ORD013301,CANCEL,,,
13303,ORD013303,LIMIT,SELL,100.09,68
13304,ORD013304,LIMIT,BUY,98.05,82
13305,ORD013305,LIMIT,BUY,100.11,51
13306,ORD013303,CANCEL,,,
13307,ORD013304,CANCEL,,,
13308,ORD013308,LIMIT,SELL,100.86,93
13309,ORD013308,CANCEL,,,
13310,ORD013310,LIMIT,SELL,101.34,65
13311,ORD013310,CANCEL,,,
13312,ORD013312,LIMIT,BUY,99.24,84
13313,ORD013313,LIMIT,SELL,101.97,59
13314,ORD013313,CANCEL,,,
13315,ORD013312,CANCEL,,,
13316,ORD013316,LIMIT,SELL,99.85,59
13317,ORD013316,CANCEL,,,
13318,ORD013318,LIMIT,SELL,100.99,8
13319,ORD013319,LIMIT,BUY,98.47,98
13320,ORD013319,CANCEL,,,
13321,ORD013318,CANCEL,,,
13322,ORD013322,LIMIT,SELL,101.68,97
13323,ORD013322,CANCEL,,,
13324,ORD013324,LIMIT,SELL,99.96,24
13325,ORD013325,LIMIT,BUY,98.83,57
13326,ORD013324,CANCEL,,,
13327,ORD013325,CANCEL,,,
13328,ORD013328,LIMIT,SELL,101.94,78
13329,ORD013328,CANCEL,,,
13330,ORD013330,LIMIT,SELL,100.24,32
13331,ORD013330,CANCEL,,,
13332,ORD013332,LIMIT,SELL,100.31,2
13333,ORD013333,LIMIT,SELL,101.24,95
13334,ORD013334,LIMIT,BUY,98.22,13
13335,ORD013333,CANCEL,,,
13336,ORD013334,CANCEL,,,
13337,ORD013332,CANCEL,,,
13338,ORD013338,LIMIT,SELL,101.41,97
13339,ORD013338,CANCEL,,,
13340,ORD013340,MARKET,SELL,,55
13341,ORD013341,LIMIT,BUY,98.49,6
13342,ORD013341,CANCEL,,,
13343,ORD013343,LIMIT,BUY,98.93,25
13344,ORD013344,LIMIT,SELL,100.79,30
13345,ORD013344,CANCEL,,,
13346,ORD013343,CANCEL,,,
13347,ORD013347,LIMIT,SELL,101.74,65
13348,ORD013348,LIMIT,BUY,100.33,25
13349,ORD013349,LIMIT,SELL,101.4,73
13350,ORD013347,CANCEL,,,
13351,ORD013348,CANCEL,,,
13352,ORD013349,CANCEL,,,
13353,ORD013353,LIMIT,BUY,98.22,23
13354,ORD013353,CANCEL,,,
13355,ORD013355,LIMIT,SELL,101.01,62
13356,ORD013355,CANCEL,,,
13357,ORD013357,LIMIT,BUY,98.34,16
13358,ORD013357,CANCEL,,,
13359,ORD013359,LIMIT,BUY,99.54,25
13360,ORD013359,CANCEL,,,
13361,ORD013361,LIMIT,BUY,100.38,87
13362,ORD013362,LIMIT,SELL,100.73,55
13363,ORD013361,CANCEL,,,
13364,ORD013364,LIMIT,SELL,101.88,5
13365,ORD013362,CANCEL,,,
13366,ORD013364,CANCEL,,,
13367,ORD013367,LIMIT,SELL,100.8,11
13368,ORD013368,LIMIT,BUY,100.17,36
13369,ORD013367,CANCEL,,,
13370,ORD013368,CANCEL,,,
13371,ORD013371,LIMIT,BUY,99.84,14
13372,ORD013371,CANCEL,,,
13373,ORD013373,LIMIT,SELL,101.35,83
13374,ORD013373,CANCEL,,,
13375,ORD013375,LIMIT,SELL,101.92,77
13376,ORD013375,CANCEL,,,
13377,ORD013377,LIMIT,BUY,98.73,63
13378,ORD013377,CANCEL,,,
13379,ORD013379,MARKET,BUY,,48
13380,ORD013380,LIMIT,SELL,100.01,51
13381,ORD013380,CANCEL,,,
13382,ORD013382,LIMIT,BUY,99.3,14
13383,ORD013383,LIMIT,SELL,101.56,28
13384,ORD013384,MARKET,SELL,,50
13385,ORD013383,CANCEL,,,
13386,ORD013382,CANCEL,,,
13387,ORD013387,LIMIT,SELL,99.65,75
13388,ORD013387,CANCEL,,,
13389,ORD013389,LIMIT,SELL,101.08,4
13390,ORD013389,CANCEL,,,
13391,ORD013391,LIMIT,SELL,101.36,40
13392,ORD013391,CANCEL,,,
13393,ORD013393,LIMIT,SELL,100.74,34
13394,ORD013393,CANCEL,,,
13395,ORD013395,LIMIT,BUY,99.43,27
13396,ORD013395,CANCEL,,,
13397,ORD013397,LIMIT,SELL,101.1,58
13398,ORD013398,LIMIT,SELL,101.78,73
13399,ORD013397,CANCEL,,,
13400,ORD013398,CANCEL,,,
13401,ORD013401,LIMIT,BUY,100.04,52
13402,ORD013401,CANCEL,,,
13403,ORD013403,LIMIT,SELL,101.96,43
13404,ORD013403,CANCEL,,,
13405,ORD013405,LIMIT,BUY,100.49,78
13406,ORD013405,CANCEL,,,
13407,ORD013407,LIMIT,BUY,100.28,70
13408,ORD013408,LIMIT,SELL,101.48,78
13409,ORD013409,LIMIT,BUY,98.06,58
13410,ORD013407,CANCEL,,,
13411,ORD013409,CANCEL,,,
13412,ORD013412,LIMIT,SELL,101.22,67
13413,ORD013408,CANCEL,,,
13414,ORD013412,CANCEL,,,
13415,ORD013415,LIMIT,BUY,98.64,3
13416,ORD013416,LIMIT,SELL,99.79,36
13417,ORD013415,CANCEL,,,
13418,ORD013418,LIMIT,BUY,100.11,50
13419,ORD013416,CANCEL,,,
13420,ORD013418,CANCEL,,,
13421,ORD013421,LIMIT,SELL,101.14,93
13422,ORD013422,LIMIT,BUY,99.66,65
13423,ORD013423,LIMIT,BUY,99.46,87
13424,ORD013422,CANCEL,,,
13425,ORD013421,CANCEL,,,
13426,ORD013423,CANCEL,,,
13427,ORD013427,LIMIT,SELL,100.18,13
13428,ORD013428,LIMIT,SELL,101.78,8
13429,ORD013427,CANCEL,,,
13430,ORD013428,CANCEL,,,
13431,ORD013431,LIMIT,BUY,99.08,15
13432,ORD013431,CANCEL,,,
13433,ORD013433,LIMIT,BUY,99.88,5
13434,ORD013433,CANCEL,,,
13435,ORD013435,LIMIT,BUY,99.03,10
13436,ORD013435,CANCEL,,,
13437,ORD013437,LIMIT,SELL,100.91,67
13438,ORD013437,CANCEL,,,
13439,ORD013439,LIMIT,BUY,98.52,90
13440,ORD013439,CANCEL,,,
13441,ORD013441,LIMIT,SELL,100.42,50
13442,ORD013441,CANCEL,,,
13443,ORD013443,LIMIT,BUY,98.77,38
13444,ORD013443,CANCEL,,,
13445,ORD013445,LIMIT,BUY,99.26,96
13446,ORD013445,CANCEL,,,
13447,ORD013447,LIMIT,BUY,100.49,94
13448,ORD013447,CANCEL,,,
13449,ORD013449,MARKET,SELL,,98
13450,ORD013450,LIMIT,SELL,101.1,56
13451,ORD013450,CANCEL,,,
13452,ORD013452,LIMIT,SELL,99.71,90
13453,ORD013452,CANCEL,,,
13454,ORD013454,LIMIT,BUY,100.08,48
13455,ORD013454,CANCEL,,,
13456,ORD013456,LIMIT,BUY,98.84,71
13457,ORD013456,CANCEL,,,
13458,ORD013458,LIMIT,SELL,100.56,32
13459,ORD013458,CANCEL,,,
13460,ORD013460,LIMIT,SELL,100.88,19
13461,ORD013460,CANCEL,,,
13462,ORD013462,LIMIT,BUY,98.15,21
13463,ORD013462,CANCEL,,,
13464,ORD013464,LIMIT,SELL,100.46,100
13465,ORD013464,CANCEL,,,
13466,ORD013466,MARKET,BUY,,81
13467,ORD013467,LIMIT,SELL,99.78,32
13468,ORD013467,CANCEL,,,
13469,ORD013469,LIMIT,SELL,100.43,8
13470,ORD013469,CANCEL,,,
13471,ORD013471,LIMIT,BUY,98.04,15
13472,ORD013471,CANCEL,,,
13473,ORD013473,LIMIT,SELL,100.2,60
13474,ORD013473,CANCEL,,,
13475,ORD013475,LIMIT,SELL,101.77,18
13476,ORD013476,LIMIT,SELL,99.56,85
13477,ORD013475,CANCEL,,,
13478,ORD013478,LIMIT,SELL,101.84,61
13479,ORD013478,CANCEL,,,
13480,ORD013476,CANCEL,,,
13481,ORD013481,LIMIT,SELL,100.26,9
13482,ORD013481,CANCEL,,,
13483,ORD013483,LIMIT,SELL,101.05,49
13484,ORD013483,CANCEL,,,
13485,ORD013485,LIMIT,BUY,99.03,4
13486,ORD013486,LIMIT,SELL,99.76,37
13487,ORD013485,CANCEL,,,
13488,ORD013486,CANCEL,,,
13489,ORD013489,MARKET,BUY,,9
13490,ORD013490,LIMIT,SELL,101.93,94
13491,ORD013490,CANCEL,,,
13492,ORD013492,LIMIT,SELL,101.31,31
13493,ORD013492,CANCEL,,,
13494,ORD013494,LIMIT,BUY,98.58,15
13495,ORD013494,CANCEL,,,
13496,ORD013496,LIMIT,SELL,101.05,86
13497,ORD013496,CANCEL,,,
13498,ORD013498,LIMIT,SELL,99.6,15
13499,ORD013498,CANCEL,,,
13500,ORD013500,LIMIT,BUY,99.24,59
13501,ORD013500,CANCEL,,,
13502,ORD013502,LIMIT,SELL,101.12,67
13503,ORD013502,CANCEL,,,
13504,ORD013504,LIMIT,BUY,100.18,93
13505,ORD013505,LIMIT,SELL,100.84,37
13506,ORD013506,LIMIT,BUY,100.03,60
13507,ORD013505,CANCEL,,,
13508,ORD013504,CANCEL,,,
13509,ORD013506,CANCEL,,,
13510,ORD013510,LIMIT,SELL,99.67,64
13511,ORD013510,CANCEL,,,
13512,ORD013512,LIMIT,BUY,99.22,34
13513,ORD013513,LIMIT,SELL,100.27,30
13514,ORD013512,CANCEL,,,
13515,ORD013513,CANCEL,,,
13516,ORD013516,LIMIT,SELL,101.39,95
13517,ORD013516,CANCEL,,,
13518,ORD013518,LIMIT,BUY,99.32,95
13519,ORD013518,CANCEL,,,
13520,ORD013520,LIMIT,SELL,100.66,76
13521,ORD013520,CANCEL,,,
13522,ORD013522,LIMIT,BUY,98.59,32
13523,ORD013522,CANCEL,,,
13524,ORD013524,LIMIT,BUY,99.24,37
13525,ORD013524,CANCEL,,,
13526,ORD013526,LIMIT,SELL,101.69,46
13527,ORD013526,CANCEL,,,
13528,ORD013528,LIMIT,BUY,99.5,93
13529,ORD013528,CANCEL,,,
13530,ORD013530,LIMIT,SELL,100.43,27
13531,ORD013530,CANCEL,,,
13532,ORD013532,LIMIT,BUY,100.32,14
13533,ORD013532,CANCEL,,,
13534,ORD013534,LIMIT,BUY,98.46,81
13535,ORD013534,CANCEL,,,
13536,ORD013536,LIMIT,BUY,98.92,44
13537,ORD013537,LIMIT,BUY,100.1,64
13538,ORD013537,CANCEL,,,
13539,ORD013536,CANCEL,,,
13540,ORD013540,LIMIT,SELL,99.89,96
13541,ORD013540,CANCEL,,,
13542,ORD013542,LIMIT,BUY,98.06,17
13543,ORD013542,CANCEL,,,
13544,ORD013544,LIMIT,SELL,100.51,59
13545,ORD013544,CANCEL,,,
13546,ORD013546,LIMIT,BUY,100.19,14
13547,ORD013547,LIMIT,SELL,101.06,58
13548,ORD013548,LIMIT,SELL,99.58,74
13549,ORD013546,CANCEL,,,
13550,ORD013550,LIMIT,SELL,101.6,80
13551,ORD013547,CANCEL,,,
13552,ORD013548,CANCEL,,,
13553,ORD013550,CANCEL,,,
13554,ORD013554,LIMIT,SELL,99.78,93
13555,ORD013555,LIMIT,SELL,100.8,35
13556,ORD013554,CANCEL,,,
13557,ORD013555,CANCEL,,,
13558,ORD013558,LIMIT,SELL,101.76,4
13559,ORD013559,MARKET,BUY,,73
13560,ORD013558,CANCEL,,,
13561,ORD013561,LIMIT,SELL,101.47,19
13562,ORD013561,CANCEL,,,
13563,ORD013563,LIMIT,SELL,101.91,60
13564,ORD013563,CANCEL,,,
13565,ORD013565,LIMIT,BUY,99.02,44
13566,ORD013565,CANCEL,,,
13567,ORD013567,LIMIT,SELL,100.03,23
13568,ORD013567,CANCEL,,,
13569,ORD013569,LIMIT,SELL,101.48,6
13570,ORD013570,LIMIT,SELL,99.86,60
13571,ORD013570,CANCEL,,,
13572,ORD013572,LIMIT,BUY,99.22,38
13573,ORD013572,CANCEL,,,
13574,ORD013569,CANCEL,,,
13575,ORD013575,LIMIT,SELL,100.82,28
13576,ORD013576,LIMIT,BUY,98.16,27
13577,ORD013576,CANCEL,,,
13578,ORD013575,CANCEL,,,
13579,ORD013579,LIMIT,BUY,100.41,19
13580,ORD013579,CANCEL,,,
13581,ORD013581,LIMIT,SELL,100.81,4
13582,ORD013581,CANCEL,,,
13583,ORD013583,LIMIT,SELL,101.2,52
13584,ORD013583,CANCEL,,,
13585,ORD013585,LIMIT,BUY,99.78,54
13586,ORD013585,CANCEL,,,
13587,ORD013587,LIMIT,SELL,100.96,26
13588,ORD013587,CANCEL,,,
13589,ORD013589,LIMIT,BUY,98.74,49
13590,ORD013589,CANCEL,,,
13591,ORD013591,LIMIT,BUY,99.67,10
13592,ORD013591,CANCEL,,,
13593,ORD013593,LIMIT,SELL,99.71,96
13594,ORD013593,CANCEL,,,
13595,ORD013595,LIMIT,SELL,99.92,85
13596,ORD013595,CANCEL,,,
13597,ORD013597,LIMIT,BUY,99.95,22
13598,ORD013597,CANCEL,,,
13599,ORD013599,LIMIT,SELL,100.17,42
13600,ORD013600,MARKET,SELL,,69
13601,ORD013601,LIMIT,SELL,99.71,76
13602,ORD013601,CANCEL,,,
13603,ORD013599,CANCEL,,,
13604,ORD013604,LIMIT,BUY,99.68,63
13605,ORD013604,CANCEL,,,
13606,ORD013606,LIMIT,SELL,99.79,45
13607,ORD013606,CANCEL,,,
13608,ORD013608,LIMIT,BUY,99.45,52
13609,ORD013608,CANCEL,,,
13610,ORD013610,LIMIT,BUY,99.52,45
13611,ORD013610,CANCEL,,,
13612,ORD013612,LIMIT,SELL,101.65,50
13613,ORD013612,CANCEL,,,
13614,ORD013614,LIMIT,SELL,101.17,47
13615,ORD013615,LIMIT,BUY,98.04,75
13616,ORD013614,CANCEL,,,
13617,ORD013617,MARKET,SELL,,26
13618,ORD013618,LIMIT,BUY,98.55,82
13619,ORD013615,CANCEL,,,
13620,ORD013620,LIMIT,SELL,100.46,67
13621,ORD013618,CANCEL,,,
13622,ORD013620,CANCEL,,,
13623,ORD013623,LIMIT,BUY,98.12,19
13624,ORD013623,CANCEL,,,
13625,ORD013625,LIMIT,BUY,99.65,3
13626,ORD013625,CANCEL,,,
13627,ORD013627,LIMIT,BUY,98.56,12
13628,ORD013627,CANCEL,,,
13629,ORD013629,LIMIT,SELL,101.56,64
13630,ORD013630,LIMIT,BUY,99.58,88
13631,ORD013630,CANCEL,,,
13632,ORD013632,LIMIT,SELL,100.75,54
13633,ORD013633,LIMIT,BUY,99.82,98
13634,ORD013632,CANCEL,,,
13635,ORD013635,LIMIT,BUY,98.77,87
13636,ORD013635,CANCEL,,,
13637,ORD013633,CANCEL,,,
13638,ORD013629,CANCEL,,,
13639,ORD013639,LIMIT,SELL,101.16,4
13640,ORD013639,CANCEL,,,
13641,ORD013641,LIMIT,BUY,99.56,30
13642,ORD013641,CANCEL,,,
13643,ORD013643,LIMIT,SELL,100.32,17
13644,ORD013643,CANCEL,,,
13645,ORD013645,LIMIT,BUY,98.58,18
13646,ORD013645,CANCEL,,,
13647,ORD013647,LIMIT,BUY,98.79,45
13648,ORD013647,CANCEL,,,
13649,ORD013649,LIMIT,BUY,100.16,25
13650,ORD013650,LIMIT,BUY,100.27,33
13651,ORD013649,CANCEL,,,
13652,ORD013652,LIMIT,SELL,101.26,100
13653,ORD013653,MARKET,SELL,,52
13654,ORD013652,CANCEL,,,
13655,ORD013655,LIMIT,SELL,100.06,75
13656,ORD013650,CANCEL,,,
13657,ORD013657,LIMIT,SELL,100.31,20
13658,ORD013657,CANCEL,,,
13659,ORD013655,CANCEL,,,
13660,ORD013660,LIMIT,SELL,101.2,66
13661,ORD013660,CANCEL,,,
13662,ORD013662,LIMIT,SELL,101.34,16
13663,ORD013662,CANCEL,,,
13664,ORD013664,LIMIT,SELL,100.41,7
13665,ORD013665,LIMIT,BUY,99.74,66
13666,ORD013664,CANCEL,,,
13667,ORD013667,LIMIT,SELL,101.68,84
13668,ORD013668,LIMIT,SELL,101.85,75
13669,ORD013668,CANCEL,,,
13670,ORD013667,CANCEL,,,
13671,ORD013665,CANCEL,,,
13672,ORD013672,LIMIT,BUY,98.95,40
13673,ORD013672,CANCEL,,,
13674,ORD013674,LIMIT,SELL,101.17,95
13675,ORD013674,CANCEL,,,
13676,ORD013676,LIMIT,SELL,101.63,20
13677,ORD013676,CANCEL,,,
13678,ORD013678,LIMIT,SELL,101.27,35
13679,ORD013678,CANCEL,,,
13680,ORD013680,LIMIT,BUY,98.33,83
13681,ORD013680,CANCEL,,,
13682,ORD013682,LIMIT,BUY,100.18,88
13683,ORD013682,CANCEL,,,
13684,ORD013684,LIMIT,BUY,98.82,5
13685,ORD013684,CANCEL,,,
13686,ORD013686,MARKET,SELL,,95
13687,ORD013687,LIMIT,BUY,98.06,41
13688,ORD013687,CANCEL,,,
13689,ORD013689,LIMIT,BUY,99.07,26
13690,ORD013690,LIMIT,SELL,99.66,57
13691,ORD013691,LIMIT,BUY,98.95,26
13692,ORD013692,LIMIT,SELL,99.71,46
13693,ORD013693,LIMIT,BUY,99.6,65
13694,ORD013694,LIMIT,BUY,98.27,53
13695,ORD013690,CANCEL,,,
13696,ORD013691,CANCEL,,,
13697,ORD013692,CANCEL,,,
13698,ORD013694,CANCEL,,,
13699,ORD013693,CANCEL,,,
13700,ORD013689,CANCEL,,,
13701,ORD013701,LIMIT,SELL,99.8,72
13702,ORD013701,CANCEL,,,
13703,ORD013703,LIMIT,BUY,98.44,38
13704,ORD013703,CANCEL,,,
13705,ORD013705,LIMIT,SELL,101.32,44
13706,ORD013705,CANCEL,,,
13707,ORD013707,LIMIT,SELL,100.06,60
13708,ORD013707,CANCEL,,,
13709,ORD013709,LIMIT,BUY,98.03,35
13710,ORD013709,CANCEL,,,
13711,ORD013711,LIMIT,SELL,101.48,31
13712,ORD013711,CANCEL,,,
13713,ORD013713,LIMIT,SELL,100.54,97
13714,ORD013714,LIMIT,SELL,101.51,23
13715,ORD013714,CANCEL,,,
13716,ORD013716,LIMIT,SELL,100.63,77
13717,ORD013713,CANCEL,,,
13718,ORD013718,LIMIT,SELL,100.58,79
13719,ORD013716,CANCEL,,,
13720,ORD013718,CANCEL,,,
13721,ORD013721,LIMIT,SELL,101.22,72
13722,ORD013721,CANCEL,,,
13723,ORD013723,MARKET,SELL,,100
13724,ORD013724,LIMIT,BUY,98.86,16
13725,ORD013724,CANCEL,,,
13726,ORD013726,LIMIT,BUY,100.09,56
13727,ORD013726,CANCEL,,,
13728,ORD013728,MARKET,SELL,,78
13729,ORD013729,LIMIT,BUY,99.19,37
13730,ORD013729,CANCEL,,,
13731,ORD013731,LIMIT,BUY,98.22,17
13732,ORD013731,CANCEL,,,
13733,ORD013733,LIMIT,SELL,101.19,8
13734,ORD013733,CANCEL,,,
13735,ORD013735,LIMIT,BUY,99.31,25
13736,ORD013735,CANCEL,,,
13737,ORD013737,LIMIT,SELL,100.04,40
13738,ORD013737,CANCEL,,,
13739,ORD013739,LIMIT,SELL,99.77,78
13740,ORD013739,CANCEL,,,
13741,ORD013741,LIMIT,SELL,100.48,85
13742,ORD013741,CANCEL,,,
13743,ORD013743,LIMIT,SELL,101.23,26
13744,ORD013743,CANCEL,,,
13745,ORD013745,LIMIT,BUY,100.03,56
13746,ORD013745,CANCEL,,,
13747,ORD013747,LIMIT,SELL,100.33,25
13748,ORD013747,CANCEL,,,
13749,ORD013749,LIMIT,SELL,100.8,44
13750,ORD013749,CANCEL,,,
13751,ORD013751,LIMIT,SELL,101.51,78
13752,ORD013751,CANCEL,,,
13753,ORD013753,LIMIT,SELL,101.07,16
13754,ORD013753,CANCEL,,,
13755,ORD013755,LIMIT,SELL,99.71,73
13756,ORD013756,LIMIT,SELL,99.68,33
13757,ORD013755,CANCEL,,,
13758,ORD013756,CANCEL,,,
13759,ORD013759,LIMIT,BUY,98.36,47
13760,ORD013759,CANCEL,,,
13761,ORD013761,LIMIT,SELL,101.17,63
13762,ORD013761,CANCEL,,,
13763,ORD013763,LIMIT,BUY,98.63,60
13764,ORD013763,CANCEL,,,
13765,ORD013765,LIMIT,SELL,101.15,57
13766,ORD013765,CANCEL,,,
13767,ORD013767,LIMIT,BUY,98.99,84
13768,ORD013767,CANCEL,,,
13769,ORD013769,MARKET,SELL,,22
13770,ORD013770,LIMIT,BUY,100.01,14
13771,ORD013770,CANCEL,,,
13772,ORD013772,LIMIT,BUY,99.28,73
13773,ORD013772,CANCEL,,,
13774,ORD013774,LIMIT,SELL,101.25,80
13775,ORD013774,CANCEL,,,
13776,ORD013776,MARKET,SELL,,95
13777,ORD013777,LIMIT,SELL,101.19,58
13778,ORD013777,CANCEL,,,
13779,ORD013779,LIMIT,SELL,100.1,65
13780,ORD013779,CANCEL,,,
13781,ORD013781,LIMIT,SELL,101.26,38
13782,ORD013781,CANCEL,,,
13783,ORD013783,LIMIT,SELL,100.03,32
13784,ORD013784,LIMIT,SELL,101.67,44
13785,ORD013783,CANCEL,,,
13786,ORD013784,CANCEL,,,
13787,ORD013787,LIMIT,BUY,98.74,27
13788,ORD013787,CANCEL,,,
13789,ORD013789,LIMIT,SELL,101.47,85
13790,ORD013790,LIMIT,SELL,99.6,47
13791,ORD013789,CANCEL,,,
13792,ORD013792,LIMIT,SELL,99.8,63
13793,ORD013790,CANCEL,,,
13794,ORD013792,CANCEL,,,
13795,ORD013795,LIMIT,BUY,99.76,59
13796,ORD013795,CANCEL,,,
13797,ORD013797,LIMIT,BUY,99.33,12
13798,ORD013798,LIMIT,BUY,99.66,73
13799,ORD013797,CANCEL,,,
13800,ORD013798,CANCEL,,,
13801,ORD013801,LIMIT,BUY,99.65,4
13802,ORD013801,CANCEL,,,
13803,ORD013803,LIMIT,BUY,99.39,52
13804,ORD013804,LIMIT,SELL,101.43,18
13805,ORD013805,LIMIT,SELL,101.71,31
13806,ORD013806,LIMIT,SELL,101.15,9
13807,ORD013804,CANCEL,,,
13808,ORD013805,CANCEL,,,
13809,ORD013806,CANCEL,,,
13810,ORD013803,CANCEL,,,
13811,ORD013811,LIMIT,BUY,98.58,90
13812,ORD013811,CANCEL,,,
13813,ORD013813,LIMIT,BUY,98.86,10
13814,ORD013813,CANCEL,,,
13815,ORD013815,LIMIT,BUY,99.56,47
13816,ORD013816,LIMIT,BUY,98.94,31
13817,ORD013815,CANCEL,,,
13818,ORD013816,CANCEL,,,
13819,ORD013819,LIMIT,SELL,100.03,67
13820,ORD013819,CANCEL,,,
13821,ORD013821,LIMIT,SELL,101.87,38
13822,ORD013821,CANCEL,,,
13823,ORD013823,LIMIT,SELL,100.48,79
13824,ORD013823,CANCEL,,,
13825,ORD013825,LIMIT,SELL,101.31,95
13826,ORD013825,CANCEL,,,
13827,ORD013827,LIMIT,BUY,99.75,89
13828,ORD013828,LIMIT,SELL,100.26,40
13829,ORD013828,CANCEL,,,
13830,ORD013827,CANCEL,,,
13831,ORD013831,LIMIT,SELL,99.76,94
13832,ORD013832,MARKET,SELL,,25
13833,ORD013831,CANCEL,,,
13834,ORD013834,LIMIT,SELL,101.04,7
13835,ORD013834,CANCEL,,,
13836,ORD013836,LIMIT,BUY,98.07,27
13837,ORD013836,CANCEL,,,
13838,ORD013838,LIMIT,BUY,99.22,66
13839,ORD013839,LIMIT,BUY,100.27,77
13840,ORD013839,CANCEL,,,
13841,ORD013841,LIMIT,SELL,100.39,15
13842,ORD013838,CANCEL,,,
13843,ORD013841,CANCEL,,,
13844,ORD013844,LIMIT,SELL,101.83,96
13845,ORD013844,CANCEL,,,
13846,ORD013846,LIMIT,BUY,99.17,55
13847,ORD013846,CANCEL,,,
13848,ORD013848,LIMIT,BUY,99.04,13
13849,ORD013849,LIMIT,BUY,99.44,92
13850,ORD013848,CANCEL,,,
13851,ORD013849,CANCEL,,,
13852,ORD013852,LIMIT,SELL,99.66,22
13853,ORD013852,CANCEL,,,
13854,ORD013854,LIMIT,BUY,99.83,39
13855,ORD013855,LIMIT,BUY,99.25,27
13856,ORD013856,LIMIT,SELL,101.39,98
13857,ORD013856,CANCEL,,,
13858,ORD013858,LIMIT,BUY,99.04,38
13859,ORD013859,LIMIT,SELL,101.77,64
13860,ORD013858,CANCEL,,,
13861,ORD013861,LIMIT,SELL,100.72,1
13862,ORD013861,CANCEL,,,
13863,ORD013863,LIMIT,BUY,99.5,100
13864,ORD013859,CANCEL,,,
13865,ORD013865,LIMIT,BUY,99.46,1
13866,ORD013855,CANCEL,,,
13867,ORD013867,LIMIT,SELL,100.64,40
13868,ORD013868,LIMIT,SELL,101.89,64
13869,ORD013854,CANCEL,,,
13870,ORD013870,LIMIT,BUY,98.75,51
13871,ORD013863,CANCEL,,,
13872,ORD013870,CANCEL,,,
13873,ORD013868,CANCEL,,,
13874,ORD013874,LIMIT,BUY,98.08,38
13875,ORD013865,CANCEL,,,
13876,ORD013876,MARKET,SELL,,81
13877,ORD013867,CANCEL,,,
13878,ORD013874,CANCEL,,,
13879,ORD013879,LIMIT,BUY,99.91,29
13880,ORD013879,CANCEL,,,
13881,ORD013881,LIMIT,SELL,101.55,18
13882,ORD013882,LIMIT,SELL,101.89,13
13883,ORD013883,LIMIT,SELL,100.16,61
13884,ORD013882,CANCEL,,,
13885,ORD013881,CANCEL,,,
13886,ORD013883,CANCEL,,,
13887,ORD013887,LIMIT,BUY,99.37,29
13888,ORD013888,LIMIT,BUY,100.16,38
13889,ORD013887,CANCEL,,,
13890,ORD013888,CANCEL,,,
13891,ORD013891,LIMIT,SELL,101.11,77
13892,ORD013892,LIMIT,BUY,99.79,84
13893,ORD013891,CANCEL,,,
13894,ORD013892,CANCEL,,,
13895,ORD013895,LIMIT,BUY,98.22,86
13896,ORD013895,CANCEL,,,
13897,ORD013897,LIMIT,BUY,98.72,78
13898,ORD013897,CANCEL,,,
13899,ORD013899,LIMIT,BUY,99.53,13
13900,ORD013900,LIMIT,BUY,98.01,87
13901,ORD013901,LIMIT,SELL,100.47,14
13902,ORD013900,CANCEL,,,
13903,ORD013903,LIMIT,SELL,101.62,47
13904,ORD013901,CANCEL,,,
13905,ORD013905,LIMIT,BUY,99.68,38
13906,ORD013905,CANCEL,,,
13907,ORD013899,CANCEL,,,
13908,ORD013903,CANCEL,,,
13909,ORD013909,LIMIT,SELL,101.69,24
13910,ORD013909,CANCEL,,,
13911,ORD013911,LIMIT,BUY,99.37,23
13912,ORD013911,CANCEL,,,
13913,ORD013913,LIMIT,SELL,101.98,16
13914,ORD013913,CANCEL,,,
13915,ORD013915,LIMIT,SELL,101.95,57
13916,ORD013916,LIMIT,SELL,99.57,88
13917,ORD013916,CANCEL,,,
13918,ORD013915,CANCEL,,,
13919,ORD013919,LIMIT,SELL,99.93,70
13920,ORD013919,CANCEL,,,
13921,ORD013921,LIMIT,SELL,101.46,76
13922,ORD013922,LIMIT,BUY,99.84,89
13923,ORD013921,CANCEL,,,
13924,ORD013924,LIMIT,SELL,101.14,48
13925,ORD013924,CANCEL,,,
13926,ORD013922,CANCEL,,,
13927,ORD013927,LIMIT,BUY,98.31,2
13928,ORD013927,CANCEL,,,
13929,ORD013929,LIMIT,BUY,98.07,80
13930,ORD013930,LIMIT,SELL,100.97,100
13931,ORD013929,CANCEL,,,
13932,ORD013930,CANCEL,,,
13933,ORD013933,LIMIT,SELL,101.7,72
13934,ORD013933,CANCEL,,,
13935,ORD013935,LIMIT,SELL,101.67,89
13936,ORD013936,LIMIT,BUY,99.35,61
13937,ORD013937,LIMIT,SELL,99.78,67
13938,ORD013937,CANCEL,,,
13939,ORD013935,CANCEL,,,
13940,ORD013936,CANCEL,,,
13941,ORD013941,LIMIT,SELL,101.69,21
13942,ORD013941,CANCEL,,,
13943,ORD013943,LIMIT,BUY,99.57,57
13944,ORD013943,CANCEL,,,
13945,ORD013945,LIMIT,BUY,99.26,99
13946,ORD013945,CANCEL,,,
13947,ORD013947,LIMIT,SELL,101.04,6
13948,ORD013948,LIMIT,BUY,100.37,23
13949,ORD013949,LIMIT,BUY,98.14,37
13950,ORD013949,CANCEL,,,
13951,ORD013951,LIMIT,BUY,98.28,63
13952,ORD013951,CANCEL,,,
13953,ORD013948,CANCEL,,,
13954,ORD013947,CANCEL,,,
13955,ORD013955,LIMIT,BUY,100.43,86
13956,ORD013956,MARKET,BUY,,81
13957,ORD013955,CANCEL,,,
13958,ORD013958,LIMIT,SELL,100.75,91
13959,ORD013958,CANCEL,,,
13960,ORD013960,LIMIT,BUY,99.23,36
13961,ORD013960,CANCEL,,,
13962,ORD013962,LIMIT,BUY,99.85,61
13963,ORD013962,CANCEL,,,
13964,ORD013964,LIMIT,BUY,98.56,45
13965,ORD013964,CANCEL,,,
13966,ORD013966,LIMIT,BUY,98.12,81
13967,ORD013967,LIMIT,BUY,100.32,63
13968,ORD013967,CANCEL,,,
13969,ORD013969,LIMIT,SELL,99.73,58
13970,ORD013966,CANCEL,,,
13971,ORD013969,CANCEL,,,
13972,ORD013972,LIMIT,BUY,98.67,59
13973,ORD013973,LIMIT,SELL,101.3,82
13974,ORD013972,CANCEL,,,
13975,ORD013973,CANCEL,,,
13976,ORD013976,LIMIT,BUY,98.83,82
13977,ORD013977,LIMIT,BUY,98.64,78
13978,ORD013977,CANCEL,,,
13979,ORD013976,CANCEL,,,
13980,ORD013980,LIMIT,BUY,99.32,66
13981,ORD013981,LIMIT,SELL,101.17,93
13982,ORD013981,CANCEL,,,
13983,ORD013980,CANCEL,,,
13984,ORD013984,LIMIT,BUY,99.91,37
13985,ORD013984,CANCEL,,,
13986,ORD013986,LIMIT,BUY,98.9,30
13987,ORD013986,CANCEL,,,
13988,ORD013988,LIMIT,SELL,101.68,39
13989,ORD013988,CANCEL,,,
13990,ORD013990,LIMIT,SELL,100.79,38
13991,ORD013991,LIMIT,BUY,99.76,66
13992,ORD013992,LIMIT,SELL,100.3,3
13993,ORD013993,LIMIT,BUY,98.63,11
13994,ORD013992,CANCEL,,,
13995,ORD013990,CANCEL,,,
13996,ORD013996,LIMIT,BUY,99.09,78
13997,ORD013993,CANCEL,,,
13998,ORD013991,CANCEL,,,
13999,ORD013996,CANCEL,,,
14000,ORD014000,LIMIT,BUY,100.49,95
14001,ORD014000,CANCEL,,,
14002,ORD014002,LIMIT,BUY,98.29,41
14003,ORD014003,LIMIT,BUY,100.13,87
14004,ORD014002,CANCEL,,,
14005,ORD014003,CANCEL,,,
14006,ORD014006,LIMIT,BUY,100.14,19
14007,ORD014006,CANCEL,,,
14008,ORD014008,LIMIT,SELL,101.56,7
14009,ORD014009,LIMIT,BUY,98.59,31
14010,ORD014009,CANCEL,,,
14011,ORD014011,LIMIT,BUY,98.93,13
14012,ORD014012,LIMIT,SELL,99.97,82
14013,ORD014011,CANCEL,,,
14014,ORD014008,CANCEL,,,
14015,ORD014015,LIMIT,BUY,98.22,78
14016,ORD014015,CANCEL,,,
14017,ORD014017,LIMIT,BUY,98.87,65
14018,ORD014012,CANCEL,,,
14019,ORD014017,CANCEL,,,
14020,ORD014020,LIMIT,SELL,99.8,91
14021,ORD014020,CANCEL,,,
14022,ORD014022,LIMIT,BUY,98.47,85
14023,ORD014023,LIMIT,SELL,101.53,26
14024,ORD014023,CANCEL,,,
14025,ORD014025,LIMIT,SELL,99.53,7
14026,ORD014026,LIMIT,BUY,98.37,100
14027,ORD014026,CANCEL,,,
14028,ORD014028,LIMIT,BUY,99.53,11
14029,ORD014025,CANCEL,,,
14030,ORD014028,CANCEL,,,
14031,ORD014022,CANCEL,,,
14032,ORD014032,MARKET,BUY,,67
14033,ORD014033,LIMIT,SELL,99.93,33
14034,ORD014033,CANCEL,,,
14035,ORD014035,LIMIT,BUY,98.3,18
14036,ORD014035,CANCEL,,,
14037,ORD014037,LIMIT,SELL,101.96,7
14038,ORD014037,CANCEL,,,
14039,ORD014039,LIMIT,BUY,98.41,36
14040,ORD014039,CANCEL,,,
14041,ORD014041,LIMIT,BUY,99.43,81
14042,ORD014042,LIMIT,SELL,101.77,27
14043,ORD014042,CANCEL,,,
14044,ORD014041,CANCEL,,,
14045,ORD014045,LIMIT,SELL,101.79,14
14046,ORD014046,LIMIT,BUY,98.69,3
14047,ORD014047,LIMIT,SELL,99.65,86
14048,ORD014048,LIMIT,BUY,98.34,61
14049,ORD014045,CANCEL,,,
14050,ORD014050,LIMIT,BUY,100.15,97
14051,ORD014050,CANCEL,,,
14052,ORD014052,LIMIT,BUY,100.33,61
14053,ORD014053,LIMIT,BUY,100.14,58
14054,ORD014054,LIMIT,BUY,99.37,47
14055,ORD014052,CANCEL,,,
14056,ORD014046,CANCEL,,,
14057,ORD014057,LIMIT,BUY,100.01,69
14058,ORD014054,CANCEL,,,
14059,ORD014057,CANCEL,,,
14060,ORD014060,LIMIT,SELL,99.73,77
14061,ORD014047,CANCEL,,,
14062,ORD014062,LIMIT,BUY,99.8,7
14063,ORD014048,CANCEL,,,
14064,ORD014053,CANCEL,,,
14065,ORD014060,CANCEL,,,
14066,ORD014066,LIMIT,SELL,101.83,87
14067,ORD014066,CANCEL,,,
14068,ORD014068,LIMIT,SELL,101.72,51
14069,ORD014068,CANCEL,,,
14070,ORD014070,LIMIT,BUY,99.08,12
14071,ORD014070,CANCEL,,,
14072,ORD014072,LIMIT,BUY,98.85,46
14073,ORD014073,LIMIT,SELL,101.83,57
14074,ORD014073,CANCEL,,,
14075,ORD014072,CANCEL,,,
14076,ORD014076,LIMIT,BUY,100.28,62
14077,ORD014076,CANCEL,,,
14078,ORD014078,LIMIT,SELL,100.19,46
14079,ORD014079,LIMIT,SELL,101.39,38
14080,ORD014080,LIMIT,BUY,98.9,55
14081,ORD014078,CANCEL,,,
14082,ORD014080,CANCEL,,,
14083,ORD014079,CANCEL,,,
14084,ORD014084,LIMIT,SELL,101.6,84
14085,ORD014085,LIMIT,BUY,98.47,97
14086,ORD014086,LIMIT,SELL,100.06,14
14087,ORD014084,CANCEL,,,
14088,ORD014086,CANCEL,,,
14089,ORD014085,CANCEL,,,
14090,ORD014090,LIMIT,BUY,99.86,94
14091,ORD014091,LIMIT,SELL,99.96,1
14092,ORD014090,CANCEL,,,
14093,ORD014091,CANCEL,,,
14094,ORD014094,LIMIT,SELL,101.47,91
14095,ORD014094,CANCEL,,,
14096,ORD014096,LIMIT,BUY,99.8,48
14097,ORD014097,LIMIT,BUY,98.8,82
14098,ORD014097,CANCEL,,,
14099,ORD014099,LIMIT,SELL,101.43,92
14100,ORD014096,CANCEL,,,
14101,ORD014099,CANCEL,,,
14102,ORD014102,LIMIT,BUY,100.12,28
14103,ORD014102,CANCEL,,,
14104,ORD014104,LIMIT,SELL,100.14,64
14105,ORD014105,LIMIT,SELL,101.23,58
14106,ORD014105,CANCEL,,,
14107,ORD014107,LIMIT,SELL,101.41,30
14108,ORD014104,CANCEL,,,
14109,ORD014107,CANCEL,,,
14110,ORD014110,LIMIT,SELL,100.81,100
14111,ORD014111,LIMIT,SELL,99.77,78
14112,ORD014112,LIMIT,BUY,99.03,10
14113,ORD014112,CANCEL,,,
14114,ORD014110,CANCEL,,,
14115,ORD014111,CANCEL,,,
14116,ORD014116,MARKET,BUY,,2
14117,ORD014117,LIMIT,SELL,101.1,25
14118,ORD014117,CANCEL,,,
14119,ORD014119,LIMIT,BUY,100.04,6
14120,ORD014119,CANCEL,,,
14121,ORD014121,LIMIT,BUY,98.05,37
14122,ORD014121,CANCEL,,,
14123,ORD014123,LIMIT,BUY,99.21,91
14124,ORD014123,CANCEL,,,
14125,ORD014125,LIMIT,BUY,99.23,68
14126,ORD014126,LIMIT,SELL,101.3,20
14127,ORD014127,MARKET,SELL,,12
14128,ORD014125,CANCEL,,,
14129,ORD014129,LIMIT,BUY,99.21,80
14130,ORD014129,CANCEL,,,
14131,ORD014126,CANCEL,,,
14132,ORD014132,LIMIT,SELL,101.25,61
14133,ORD014132,CANCEL,,,
14134,ORD014134,LIMIT,BUY,99.52,63
14135,ORD014134,CANCEL,,,
14136,ORD014136,LIMIT,BUY,99.59,84
14137,ORD014137,LIMIT,SELL,99.5,89
14138,ORD014136,CANCEL,,,
14139,ORD014137,CANCEL,,,
14140,ORD014140,LIMIT,SELL,101.67,70
14141,ORD014140,CANCEL,,,
14142,ORD014142,LIMIT,SELL,101.53,6
14143,ORD014142,CANCEL,,,
14144,ORD014144,MARKET,BUY,,20
14145,ORD014145,LIMIT,BUY,98.42,51
14146,ORD014145,CANCEL,,,
14147,ORD014147,LIMIT,BUY,100.11,5
14148,ORD014147,CANCEL,,,
14149,ORD014149,LIMIT,BUY,99.42,35
14150,ORD014150,MARKET,BUY,,49
14151,ORD014151,LIMIT,SELL,101.75,9
14152,ORD014149,CANCEL,,,
14153,ORD014151,CANCEL,,,
14154,ORD014154,LIMIT,SELL,99.95,20
14155,ORD014155,LIMIT,SELL,100.45,99
14156,ORD014155,CANCEL,,,
14157,ORD014154,CANCEL,,,
14158,ORD014158,LIMIT,SELL,99.66,63
14159,ORD014158,CANCEL,,,
14160,ORD014160,LIMIT,SELL,101.47,77
14161,ORD014160,CANCEL,,,
14162,ORD014162,LIMIT,BUY,100.31,21
14163,ORD014163,LIMIT,BUY,99.66,19
14164,ORD014164,LIMIT,SELL,99.63,90
14165,ORD014163,CANCEL,,,
14166,ORD014164,CANCEL,,,
14167,ORD014162,CANCEL,,,
14168,ORD014168,LIMIT,SELL,99.85,28
14169,ORD014168,CANCEL,,,
14170,ORD014170,LIMIT,BUY,99.57,37
14171,ORD014170,CANCEL,,,
14172,ORD014172,LIMIT,BUY,98.39,52
14173,ORD014172,CANCEL,,,
14174,ORD014174,MARKET,BUY,,14
14175,ORD014175,LIMIT,SELL,101.58,60
14176,ORD014175,CANCEL,,,
14177,ORD014177,LIMIT,SELL,100.75,25
14178,ORD014177,CANCEL,,,
14179,ORD014179,LIMIT,SELL,100.08,90
14180,ORD014179,CANCEL,,,
14181,ORD014181,LIMIT,SELL,100.59,73
14182,ORD014181,CANCEL,,,
14183,ORD014183,LIMIT,SELL,100.28,79
14184,ORD014183,CANCEL,,,
14185,ORD014185,LIMIT,SELL,100.54,77
14186,ORD014185,CANCEL,,,
14187,ORD014187,LIMIT,SELL,101.62,94
14188,ORD014187,CANCEL,,,
14189,ORD014189,LIMIT,SELL,99.8,89
14190,ORD014190,LIMIT,SELL,99.99,22
14191,ORD014189,CANCEL,,,
14192,ORD014190,CANCEL,,,
14193,ORD014193,LIMIT,SELL,99.87,100
14194,ORD014193,CANCEL,,,
14195,ORD014195,LIMIT,SELL,100.14,94
14196,ORD014195,CANCEL,,,
14197,ORD014197,LIMIT,SELL,101.43,38
14198,ORD014198,LIMIT,SELL,100.19,8
14199,ORD014197,CANCEL,,,
14200,ORD014200,LIMIT,BUY,100.12,30
14201,ORD014200,CANCEL,,,
14202,ORD014202,LIMIT,SELL,101.79,71
14203,ORD014203,LIMIT,BUY,98.54,32
14204,ORD014202,CANCEL,,,
14205,ORD014205,LIMIT,BUY,99.04,21
14206,ORD014206,LIMIT,SELL,101.43,86
14207,ORD014203,CANCEL,,,
14208,ORD014198,CANCEL,,,
14209,ORD014209,LIMIT,BUY,98.58,82
14210,ORD014206,CANCEL,,,
14211,ORD014205,CANCEL,,,
14212,ORD014212,LIMIT,SELL,99.52,40
14213,ORD014213,LIMIT,BUY,98.89,99
14214,ORD014213,CANCEL,,,
14215,ORD014209,CANCEL,,,
14216,ORD014212,CANCEL,,,
14217,ORD014217,LIMIT,SELL,99.68,46
14218,ORD014217,CANCEL,,,
14219,ORD014219,LIMIT,BUY,100.25,58
14220,ORD014220,MARKET,SELL,,57
14221,ORD014221,LIMIT,BUY,100.01,9
14222,ORD014219,CANCEL,,,
14223,ORD014221,CANCEL,,,
14224,ORD014224,MARKET,BUY,,59
14225,ORD014225,LIMIT,BUY,99.69,43
14226,ORD014225,CANCEL,,,
14227,ORD014227,LIMIT,SELL,100.88,82
14228,ORD014227,CANCEL,,,
14229,ORD014229,LIMIT,BUY,100.02,54
14230,ORD014230,LIMIT,BUY,98.62,96
14231,ORD014230,CANCEL,,,
14232,ORD014229,CANCEL,,,
14233,ORD014233,LIMIT,SELL,101.63,24
14234,ORD014233,CANCEL,,,
14235,ORD014235,MARKET,BUY,,49
14236,ORD014236,LIMIT,SELL,101.72,37
14237,ORD014237,LIMIT,BUY,99.82,96
14238,ORD014237,CANCEL,,,
14239,ORD014236,CANCEL,,,
14240,ORD014240,LIMIT,SELL,101.68,46
14241,ORD014240,CANCEL,,,
14242,ORD014242,LIMIT,SELL,100.34,66
14243,ORD014243,LIMIT,SELL,99.9,40
14244,ORD014243,CANCEL,,,
14245,ORD014245,LIMIT,BUY,99.99,44
14246,ORD014245,CANCEL,,,
14247,ORD014242,CANCEL,,,
14248,ORD014248,MARKET,BUY,,39
14249,ORD014249,LIMIT,SELL,101.4,61
14250,ORD014249,CANCEL,,,
14251,ORD014251,LIMIT,SELL,101.35,84
14252,ORD014251,CANCEL,,,
14253,ORD014253,LIMIT,SELL,99.82,96
14254,ORD014253,CANCEL,,,
14255,ORD014255,LIMIT,BUY,98.85,31
14256,ORD014256,MARKET,BUY,,86
14257,ORD014255,CANCEL,,,
14258,ORD014258,LIMIT,SELL,100.99,85
14259,ORD014258,CANCEL,,,
14260,ORD014260,LIMIT,BUY,100.06,86
14261,ORD014261,LIMIT,BUY,98.9,40
14262,ORD014261,CANCEL,,,
14263,ORD014263,LIMIT,BUY,98.24,15
14264,ORD014263,CANCEL,,,
14265,ORD014260,CANCEL,,,
14266,ORD014266,LIMIT,SELL,100.53,38
14267,ORD014267,LIMIT,BUY,98.22,55
14268,ORD014267,CANCEL,,,
14269,ORD014266,CANCEL,,,
14270,ORD014270,LIMIT,SELL,101.83,30
14271,ORD014270,CANCEL,,,
14272,ORD014272,LIMIT,BUY,100.28,36
14273,ORD014272,CANCEL,,,
14274,ORD014274,LIMIT,BUY,99.21,79
14275,ORD014274,CANCEL,,,
14276,ORD014276,LIMIT,BUY,99.08,99
14277,ORD014276,CANCEL,,,
14278,ORD014278,LIMIT,SELL,101.15,91
14279,ORD014278,CANCEL,,,
14280,ORD014280,LIMIT,SELL,99.76,29
14281,ORD014280,CANCEL,,,
14282,ORD014282,LIMIT,BUY,99.1,96
14283,ORD014283,LIMIT,BUY,98.94,76
14284,ORD014282,CANCEL,,,
14285,ORD014285,LIMIT,SELL,101.35,67
14286,ORD014285,CANCEL,,,
14287,ORD014283,CANCEL,,,
14288,ORD014288,LIMIT,BUY,99.91,11
14289,ORD014288,CANCEL,,,
14290,ORD014290,LIMIT,SELL,99.57,50
14291,ORD014291,LIMIT,BUY,98.1,92
14292,ORD014290,CANCEL,,,
14293,ORD014293,LIMIT,SELL,100.08,48
14294,ORD014294,LIMIT,SELL,99.86,85
14295,ORD014293,CANCEL,,,
14296,ORD014291,CANCEL,,,
14297,ORD014294,CANCEL,,,
14298,ORD014298,LIMIT,BUY,99.29,57
14299,ORD014298,CANCEL,,,
14300,ORD014300,LIMIT,SELL,100.27,26
14301,ORD014300,CANCEL,,,
14302,ORD014302,LIMIT,SELL,101.41,58
14303,ORD014303,LIMIT,SELL,99.8,38
14304,ORD014304,LIMIT,SELL,100.75,13
14305,ORD014302,CANCEL,,,
14306,ORD014306,LIMIT,SELL,101.46,32
14307,ORD014307,MARKET,BUY,,59
14308,ORD014308,LIMIT,SELL,101.53,52
14309,ORD014309,LIMIT,SELL,99.97,44
14310,ORD014308,CANCEL,,,
14311,ORD014303,CANCEL,,,
14312,ORD014312,MARKET,SELL,,47
14313,ORD014313,LIMIT,SELL,99.62,66
14314,ORD014309,CANCEL,,,
14315,ORD014313,CANCEL,,,
14316,ORD014306,CANCEL,,,
14317,ORD014317,LIMIT,SELL,101.66,84
14318,ORD014318,LIMIT,BUY,98.68,87
14319,ORD014319,LIMIT,SELL,100.59,37
14320,ORD014317,CANCEL,,,
14321,ORD014318,CANCEL,,,
14322,ORD014304,CANCEL,,,
14323,ORD014323,MARKET,BUY,,66
14324,ORD014319,CANCEL,,,
14325,ORD014325,LIMIT,BUY,99.78,75
14326,ORD014325,CANCEL,,,
14327,ORD014327,LIMIT,BUY,99.44,29
14328,ORD014327,CANCEL,,,
14329,ORD014329,LIMIT,SELL,99.82,53
14330,ORD014329,CANCEL,,,
14331,ORD014331,LIMIT,BUY,98.91,54
14332,ORD014332,LIMIT,BUY,100.41,56
14333,ORD014333,LIMIT,SELL,99.82,17
14334,ORD014331,CANCEL,,,
14335,ORD014332,CANCEL,,,
14336,ORD014336,LIMIT,BUY,100.47,52
14337,ORD014337,LIMIT,SELL,99.7,63
14338,ORD014336,CANCEL,,,
14339,ORD014337,CANCEL,,,
14340,ORD014340,LIMIT,BUY,98.82,92
14341,ORD014341,LIMIT,SELL,100.57,24
14342,ORD014342,LIMIT,SELL,100.12,63
14343,ORD014341,CANCEL,,,
14344,ORD014340,CANCEL,,,
14345,ORD014342,CANCEL,,,
14346,ORD014346,LIMIT,SELL,100.04,15
14347,ORD014346,CANCEL,,,
14348,ORD014348,LIMIT,SELL,101.23,53
14349,ORD014348,CANCEL,,,
14350,ORD014350,LIMIT,BUY,98.59,43
14351,ORD014350,CANCEL,,,
14352,ORD014352,LIMIT,BUY,98.78,76
14353,ORD014352,CANCEL,,,
14354,ORD014354,LIMIT,SELL,100.24,90
14355,ORD014354,CANCEL,,,
14356,ORD014356,LIMIT,BUY,100.22,63
14357,ORD014356,CANCEL,,,
14358,ORD014358,LIMIT,BUY,100.26,66
14359,ORD014358,CANCEL,,,
14360,ORD014360,LIMIT,SELL,101.75,45
14361,ORD014360,CANCEL,,,
14362,ORD014362,LIMIT,BUY,99.66,48
14363,ORD014362,CANCEL,,,
14364,ORD014364,LIMIT,SELL,101.8,89
14365,ORD014365,LIMIT,SELL,100.23,63
14366,ORD014365,CANCEL,,,
14367,ORD014364,CANCEL,,,
14368,ORD014368,LIMIT,BUY,100.08,4
14369,ORD014368,CANCEL,,,
14370,ORD014370,LIMIT,BUY,99.81,80
14371,ORD014371,LIMIT,SELL,100.42,98
14372,ORD014370,CANCEL,,,
14373,ORD014373,LIMIT,SELL,101.67,78
14374,ORD014373,CANCEL,,,
14375,ORD014371,CANCEL,,,
14376,ORD014376,LIMIT,SELL,99.58,95
14377,ORD014377,LIMIT,SELL,100.67,16
14378,ORD014378,LIMIT,BUY,100.47,8
14379,ORD014379,LIMIT,BUY,100.29,5
14380,ORD014376,CANCEL,,,
14381,ORD014377,CANCEL,,,
14382,ORD014382,LIMIT,BUY,99.21,88
14383,ORD014383,LIMIT,BUY,100.29,28
14384,ORD014382,CANCEL,,,
14385,ORD014383,CANCEL,,,
14386,ORD014386,LIMIT,SELL,99.74,65
14387,ORD014387,LIMIT,SELL,100.77,92
14388,ORD014388,LIMIT,SELL,100.78,39
14389,ORD014388,CANCEL,,,
14390,ORD014387,CANCEL,,,
14391,ORD014386,CANCEL,,,
14392,ORD014392,LIMIT,SELL,100.23,77
14393,ORD014392,CANCEL,,,
14394,ORD014394,LIMIT,BUY,99.47,23
14395,ORD014395,LIMIT,SELL,100.85,84
14396,ORD014396,LIMIT,BUY,99.9,86
14397,ORD014395,CANCEL,,,
14398,ORD014396,CANCEL,,,
14399,ORD014394,CANCEL,,,
14400,ORD014400,LIMIT,BUY,100.36,43
14401,ORD014400,CANCEL,,,
14402,ORD014402,LIMIT,SELL,100.15,13
14403,ORD014402,CANCEL,,,
14404,ORD014404,LIMIT,SELL,100.43,13
14405,ORD014405,LIMIT,BUY,98.44,73
14406,ORD014405,CANCEL,,,
14407,ORD014404,CANCEL,,,
14408,ORD014408,LIMIT,SELL,99.68,4
14409,ORD014408,CANCEL,,,
14410,ORD014410,LIMIT,SELL,101.43,27
14411,ORD014410,CANCEL,,,
14412,ORD014412,LIMIT,SELL,101.24,73
14413,ORD014412,CANCEL,,,
14414,ORD014414,LIMIT,BUY,100.35,26
14415,ORD014414,CANCEL,,,
14416,ORD014416,LIMIT,BUY,99.8,16
14417,ORD014416,CANCEL,,,
14418,ORD014418,LIMIT,BUY,98.76,83
14419,ORD014418,CANCEL,,,
14420,ORD014420,LIMIT,BUY,100.46,7
14421,ORD014420,CANCEL,,,
14422,ORD014422,LIMIT,BUY,100.43,4
14423,ORD014423,LIMIT,SELL,101.19,5
14424,ORD014423,CANCEL,,,
14425,ORD014422,CANCEL,,,
14426,ORD014426,LIMIT,BUY,98.51,82
14427,ORD014426,CANCEL,,,
14428,ORD014428,LIMIT,SELL,100.78,62
14429,ORD014429,LIMIT,SELL,99.69,62
14430,ORD014430,LIMIT,SELL,101.82,94
14431,ORD014431,LIMIT,SELL,101.9,83
14432,ORD014428,CANCEL,,,
14433,ORD014429,CANCEL,,,
14434,ORD014431,CANCEL,,,
14435,ORD014435,LIMIT,BUY,98.85,12
14436,ORD014436,LIMIT,SELL,101.33,63
14437,ORD014435,CANCEL,,,
14438,ORD014430,CANCEL,,,
14439,ORD014436,CANCEL,,,
14440,ORD014440,LIMIT,SELL,101.54,80
14441,ORD014441,LIMIT,SELL,100.49,22
14442,ORD014441,CANCEL,,,
14443,ORD014440,CANCEL,,,
14444,ORD014444,LIMIT,SELL,100.83,89
14445,ORD014444,CANCEL,,,
14446,ORD014446,LIMIT,BUY,98.93,97
14447,ORD014446,CANCEL,,,
14448,ORD014448,LIMIT,SELL,99.66,76
14449,ORD014448,CANCEL,,,
14450,ORD014450,LIMIT,BUY,99.8,62
14451,ORD014450,CANCEL,,,
14452,ORD014452,LIMIT,BUY,99.62,74
14453,ORD014453,LIMIT,BUY,98.77,24
14454,ORD014453,CANCEL,,,
14455,ORD014455,LIMIT,BUY,98.03,78
14456,ORD014452,CANCEL,,,
14457,ORD014455,CANCEL,,,
14458,ORD014458,LIMIT,SELL,100.27,77
14459,ORD014458,CANCEL,,,
14460,ORD014460,LIMIT,SELL,100.78,90
14461,ORD014460,CANCEL,,,
14462,ORD014462,LIMIT,BUY,99.45,22
14463,ORD014462,CANCEL,,,
14464,ORD014464,LIMIT,BUY,98.52,47
14465,ORD014464,CANCEL,,,
14466,ORD014466,LIMIT,SELL,101.26,50
14467,ORD014467,MARKET,BUY,,19
14468,ORD014466,CANCEL,,,
14469,ORD014469,LIMIT,BUY,98.28,17
14470,ORD014469,CANCEL,,,
14471,ORD014471,MARKET,SELL,,10
14472,ORD014472,LIMIT,SELL,101.38,89
14473,ORD014473,LIMIT,BUY,100.1,41
14474,ORD014473,CANCEL,,,
14475,ORD014472,CANCEL,,,
14476,ORD014476,LIMIT,BUY,99.06,23
14477,ORD014476,CANCEL,,,
14478,ORD014478,MARKET,SELL,,72
14479,ORD014479,LIMIT,BUY,98.18,7
14480,ORD014479,CANCEL,,,
14481,ORD014481,LIMIT,SELL,101.07,84
14482,ORD014481,CANCEL,,,
14483,ORD014483,LIMIT,BUY,99.89,82
14484,ORD014483,CANCEL,,,
14485,ORD014485,LIMIT,BUY,99.32,55
14486,ORD014485,CANCEL,,,
14487,ORD014487,LIMIT,SELL,101.48,20
14488,ORD014487,CANCEL,,,
14489,ORD014489,LIMIT,BUY,99.8,69
14490,ORD014489,CANCEL,,,
14491,ORD014491,LIMIT,BUY,98.09,82
14492,ORD014491,CANCEL,,,
14493,ORD014493,LIMIT,SELL,101.08,18
14494,ORD014493,CANCEL,,,
14495,ORD014495,LIMIT,SELL,100.99,4
14496,ORD014495,CANCEL,,,
14497,ORD014497,LIMIT,BUY,100.09,79
14498,ORD014498,LIMIT,BUY,99.16,93
14499,ORD014498,CANCEL,,,
14500,ORD014497,CANCEL,,,
14501,ORD014501,LIMIT,SELL,100.64,57
14502,ORD014502,LIMIT,SELL,101.18,30
14503,ORD014503,LIMIT,SELL,101.99,78
14504,ORD014503,CANCEL,,,
14505,ORD014502,CANCEL,,,
14506,ORD014506,LIMIT,BUY,98.9,89
14507,ORD014501,CANCEL,,,
14508,ORD014506,CANCEL,,,
14509,ORD014509,LIMIT,BUY,98.14,31
14510,ORD014509,CANCEL,,,
14511,ORD014511,LIMIT,SELL,100.47,14
14512,ORD014511,CANCEL,,,
14513,ORD014513,LIMIT,BUY,100.06,97
14514,ORD014513,CANCEL,,,
14515,ORD014515,MARKET,SELL,,31
14516,ORD014516,LIMIT,SELL,100.67,27
14517,ORD014516,CANCEL,,,
14518,ORD014518,LIMIT,BUY,99.65,67
14519,ORD014518,CANCEL,,,
14520,ORD014520,LIMIT,SELL,100.77,92
14521,ORD014520,CANCEL,,,
14522,ORD014522,LIMIT,SELL,101.22,90
14523,ORD014522,CANCEL,,,
14524,ORD014524,LIMIT,SELL,101.82,9
14525,ORD014525,LIMIT,BUY,99.89,96
14526,ORD014525,CANCEL,,,
14527,ORD014524,CANCEL,,,
14528,ORD014528,LIMIT,SELL,100.45,38
14529,ORD014528,CANCEL,,,
14530,ORD014530,LIMIT,BUY,99.8,74
14531,ORD014530,CANCEL,,,
14532,ORD014532,LIMIT,BUY,99.74,40
14533,ORD014533,LIMIT,SELL,99.71,42
14534,ORD014534,LIMIT,BUY,98.03,64
14535,ORD014533,CANCEL,,,
14536,ORD014536,LIMIT,BUY,99.19,54
14537,ORD014537,LIMIT,SELL,101.23,89
14538,ORD014532,CANCEL,,,
14539,ORD014539,LIMIT,BUY,98.6,71
14540,ORD014534,CANCEL,,,
14541,ORD014537,CANCEL,,,
14542,ORD014536,CANCEL,,,
14543,ORD014539,CANCEL,,,
14544,ORD014544,LIMIT,BUY,99.01,99
14545,ORD014545,LIMIT,BUY,98.91,45
14546,ORD014546,LIMIT,BUY,100.23,21
14547,ORD014547,LIMIT,SELL,100.39,56
14548,ORD014545,CANCEL,,,
14549,ORD014544,CANCEL,,,
14550,ORD014547,CANCEL,,,
14551,ORD014546,CANCEL,,,
14552,ORD014552,LIMIT,SELL,101.77,52
14553,ORD014552,CANCEL,,,
14554,ORD014554,LIMIT,BUY,98.2,56
14555,ORD014554,CANCEL,,,
14556,ORD014556,LIMIT,SELL,101.18,56
14557,ORD014556,CANCEL,,,
14558,ORD014558,LIMIT,SELL,100.02,15
14559,ORD014558,CANCEL,,,
14560,ORD014560,LIMIT,SELL,101.26,65
14561,ORD014560,CANCEL,,,
14562,ORD014562,LIMIT,BUY,99.72,74
14563,ORD014563,LIMIT,BUY,98.36,36
14564,ORD014563,CANCEL,,,
14565,ORD014565,LIMIT,SELL,100.94,31
14566,ORD014562,CANCEL,,,
14567,ORD014565,CANCEL,,,
14568,ORD014568,LIMIT,BUY,98.12,50
14569,ORD014569,LIMIT,BUY,99.43,20
14570,ORD014568,CANCEL,,,
14571,ORD014569,CANCEL,,,
14572,ORD014572,LIMIT,SELL,101.03,71
14573,ORD014572,CANCEL,,,
14574,ORD014574,LIMIT,BUY,98.6,55
14575,ORD014574,CANCEL,,,
14576,ORD014576,LIMIT,BUY,99.6,7
14577,ORD014576,CANCEL,,,
14578,ORD014578,LIMIT,SELL,100.68,44
14579,ORD014578,CANCEL,,,
14580,ORD014580,LIMIT,BUY,98.98,1
14581,ORD014580,CANCEL,,,
14582,ORD014582,LIMIT,SELL,100.4,13
14583,ORD014582,CANCEL,,,
14584,ORD014584,LIMIT,BUY,99.57,49
14585,ORD014584,CANCEL,,,
14586,ORD014586,MARKET,SELL,,45
14587,ORD014587,LIMIT,SELL,101.24,55
14588,ORD014587,CANCEL,,,
14589,ORD014589,LIMIT,SELL,101.92,75
14590,ORD014589,CANCEL,,,
14591,ORD014591,LIMIT,BUY,100.19,76
14592,ORD014591,CANCEL,,,
14593,ORD014593,LIMIT,BUY,99.98,100
14594,ORD014593,CANCEL,,,
14595,ORD014595,LIMIT,BUY,98.07,59
14596,ORD014595,CANCEL,,,
14597,ORD014597,LIMIT,SELL,101.19,30
14598,ORD014597,CANCEL,,,
14599,ORD014599,LIMIT,BUY,99.62,98
14600,ORD014599,CANCEL,,,
14601,ORD014601,LIMIT,BUY,100.33,14
14602,ORD014602,MARKET,BUY,,69
14603,ORD014601,CANCEL,,,
14604,ORD014604,LIMIT,BUY,99.34,99
14605,ORD014605,LIMIT,BUY,98.54,26
14606,ORD014606,LIMIT,BUY,98.66,20
14607,ORD014607,LIMIT,SELL,101.91,71
14608,ORD014604,CANCEL,,,
14609,ORD014609,LIMIT,SELL,99.6,7
14610,ORD014610,LIMIT,SELL,101.25,28
14611,ORD014607,CANCEL,,,
14612,ORD014609,CANCEL,,,
14613,ORD014613,LIMIT,BUY,100.13,35
14614,ORD014610,CANCEL,,,
14615,ORD014605,CANCEL,,,
14616,ORD014606,CANCEL,,,
14617,ORD014617,LIMIT,SELL,101.78,36
14618,ORD014613,CANCEL,,,
14619,ORD014619,LIMIT,BUY,99.89,82
14620,ORD014620,LIMIT,BUY,98.68,53
14621,ORD014620,CANCEL,,,
14622,ORD014619,CANCEL,,,
14623,ORD014617,CANCEL,,,
14624,ORD014624,LIMIT,BUY,99.02,47
14625,ORD014624,CANCEL,,,
14626,ORD014626,LIMIT,SELL,100.88,38
14627,ORD014627,LIMIT,SELL,100.09,82
14628,ORD014626,CANCEL,,,
14629,ORD014627,CANCEL,,,
14630,ORD014630,LIMIT,SELL,101.72,80
14631,ORD014630,CANCEL,,,
14632,ORD014632,LIMIT,SELL,101.43,17
14633,ORD014632,CANCEL,,,
14634,ORD014634,LIMIT,BUY,99.07,35
14635,ORD014634,CANCEL,,,
14636,ORD014636,LIMIT,BUY,98.98,40
14637,ORD014636,CANCEL,,,
14638,ORD014638,LIMIT,BUY,99.78,69
14639,ORD014639,LIMIT,SELL,100.0,85
14640,ORD014638,CANCEL,,,
14641,ORD014639,CANCEL,,,
14642,ORD014642,LIMIT,BUY,100.37,1
14643,ORD014642,CANCEL,,,
14644,ORD014644,LIMIT,SELL,101.95,74
14645,ORD014645,LIMIT,SELL,99.94,99
14646,ORD014644,CANCEL,,,
14647,ORD014645,CANCEL,,,
14648,ORD014648,LIMIT,SELL,101.7,45
14649,ORD014648,CANCEL,,,
14650,ORD014650,LIMIT,SELL,99.8,82
14651,ORD014651,LIMIT,SELL,101.2,39
14652,ORD014651,CANCEL,,,
14653,ORD014650,CANCEL,,,
14654,ORD014654,LIMIT,SELL,100.69,74
14655,ORD014654,CANCEL,,,
14656,ORD014656,LIMIT,SELL,100.6,76
14657,ORD014656,CANCEL,,,
14658,ORD014658,LIMIT,BUY,98.66,43
14659,ORD014658,CANCEL,,,
14660,ORD014660,LIMIT,SELL,99.69,85
14661,ORD014660,CANCEL,,,
14662,ORD014662,LIMIT,BUY,99.08,40
14663,ORD014662,CANCEL,,,
14664,ORD014664,LIMIT,SELL,99.72,58
14665,ORD014664,CANCEL,,,
14666,ORD014666,LIMIT,BUY,98.81,32
14667,ORD014666,CANCEL,,,
14668,ORD014668,LIMIT,BUY,98.9,79
14669,ORD014668,CANCEL,,,
14670,ORD014670,LIMIT,BUY,100.36,10
14671,ORD014670,CANCEL,,,
14672,ORD014672,LIMIT,SELL,101.93,35
14673,ORD014672,CANCEL,,,
14674,ORD014674,LIMIT,BUY,99.27,2
14675,ORD014674,CANCEL,,,
14676,ORD014676,LIMIT,SELL,99.76,39
14677,ORD014677,LIMIT,BUY,98.9,36
14678,ORD014677,CANCEL,,,
14679,ORD014676,CANCEL,,,
14680,ORD014680,LIMIT,BUY,98.09,60
14681,ORD014680,CANCEL,,,
14682,ORD014682,LIMIT,BUY,99.29,69
14683,ORD014682,CANCEL,,,
14684,ORD014684,LIMIT,SELL,101.64,92
14685,ORD014684,CANCEL,,,
14686,ORD014686,LIMIT,BUY,99.51,59
14687,ORD014687,LIMIT,SELL,100.46,33
14688,ORD014686,CANCEL,,,
14689,ORD014687,CANCEL,,,
14690,ORD014690,LIMIT,BUY,99.78,16
14691,ORD014690,CANCEL,,,
14692,ORD014692,LIMIT,SELL,99.63,23
14693,ORD014692,CANCEL,,,
14694,ORD014694,LIMIT,BUY,99.14,22
14695,ORD014694,CANCEL,,,
14696,ORD014696,LIMIT,SELL,100.31,34
14697,ORD014697,LIMIT,BUY,98.96,6
14698,ORD014696,CANCEL,,,
14699,ORD014697,CANCEL,,,
14700,ORD014700,LIMIT,SELL,99.91,97
14701,ORD014701,LIMIT,SELL,100.02,98
14702,ORD014700,CANCEL,,,
14703,ORD014703,LIMIT,SELL,101.42,48
14704,ORD014703,CANCEL,,,
14705,ORD014705,LIMIT,SELL,100.55,82
14706,ORD014701,CANCEL,,,
14707,ORD014707,LIMIT,SELL,100.14,2
14708,ORD014708,LIMIT,BUY,99.75,15
14709,ORD014709,LIMIT,SELL,101.48,78
14710,ORD014705,CANCEL,,,
14711,ORD014711,LIMIT,SELL,100.28,7
14712,ORD014712,LIMIT,BUY,100.31,23
14713,ORD014707,CANCEL,,,
14714,ORD014709,CANCEL,,,
14715,ORD014712,CANCEL,,,
14716,ORD014711,CANCEL,,,
14717,ORD014717,LIMIT,BUY,99.49,74
14718,ORD014708,CANCEL,,,
14719,ORD014717,CANCEL,,,
14720,ORD014720,LIMIT,SELL,100.31,77
14721,ORD014720,CANCEL,,,
14722,ORD014722,LIMIT,SELL,99.76,66
14723,ORD014723,LIMIT,SELL,100.0,25
14724,ORD014723,CANCEL,,,
14725,ORD014722,CANCEL,,,
14726,ORD014726,LIMIT,BUY,98.2,17
14727,ORD014726,CANCEL,,,
14728,ORD014728,LIMIT,SELL,100.03,100
14729,ORD014728,CANCEL,,,
14730,ORD014730,LIMIT,SELL,100.78,43
14731,ORD014730,CANCEL,,,
14732,ORD014732,LIMIT,SELL,100.77,92
14733,ORD014732,CANCEL,,,
14734,ORD014734,LIMIT,BUY,98.32,20
14735,ORD014734,CANCEL,,,
14736,ORD014736,LIMIT,BUY,99.72,97
14737,ORD014736,CANCEL,,,
14738,ORD014738,LIMIT,SELL,101.96,49
14739,ORD014738,CANCEL,,,
14740,ORD014740,LIMIT,SELL,101.31,82
14741,ORD014740,CANCEL,,,
14742,ORD014742,LIMIT,SELL,101.91,61
14743,ORD014743,LIMIT,SELL,99.54,6
14744,ORD014742,CANCEL,,,
14745,ORD014743,CANCEL,,,
14746,ORD014746,LIMIT,BUY,98.26,18
14747,ORD014746,CANCEL,,,
14748,ORD014748,LIMIT,BUY,100.15,54
14749,ORD014748,CANCEL,,,
14750,ORD014750,LIMIT,BUY,100.28,13
14751,ORD014750,CANCEL,,,
14752,ORD014752,LIMIT,SELL,101.07,53
14753,ORD014753,LIMIT,BUY,98.66,26
14754,ORD014754,LIMIT,BUY,98.09,42
14755,ORD014754,CANCEL,,,
14756,ORD014753,CANCEL,,,
14757,ORD014752,CANCEL,,,
14758,ORD014758,LIMIT,BUY,99.6,98
14759,ORD014758,CANCEL,,,
14760,ORD014760,LIMIT,SELL,101.77,91
14761,ORD014760,CANCEL,,,
14762,ORD014762,LIMIT,SELL,101.2,27
14763,ORD014762,CANCEL,,,
14764,ORD014764,LIMIT,BUY,100.19,44
14765,ORD014764,CANCEL,,,
14766,ORD014766,LIMIT,BUY,98.25,38
14767,ORD014766,CANCEL,,,
14768,ORD014768,LIMIT,SELL,101.45,81
14769,ORD014768,CANCEL,,,
14770,ORD014770,LIMIT,SELL,99.55,87
14771,ORD014770,CANCEL,,,
14772,ORD014772,LIMIT,SELL,101.95,77
14773,ORD014773,LIMIT,BUY,99.4,64
14774,ORD014774,LIMIT,SELL,101.02,28
14775,ORD014772,CANCEL,,,
14776,ORD014776,LIMIT,BUY,99.57,38
14777,ORD014776,CANCEL,,,
14778,ORD014774,CANCEL,,,
14779,ORD014773,CANCEL,,,
14780,ORD014780,LIMIT,BUY,99.66,5
14781,ORD014780,CANCEL,,,
14782,ORD014782,LIMIT,BUY,100.28,67
14783,ORD014783,LIMIT,BUY,100.3,27
14784,ORD014782,CANCEL,,,
14785,ORD014783,CANCEL,,,
14786,ORD014786,LIMIT,SELL,100.59,56
14787,ORD014787,LIMIT,SELL,101.58,35
14788,ORD014786,CANCEL,,,
14789,ORD014787,CANCEL,,,
14790,ORD014790,LIMIT,SELL,101.62,11
14791,ORD014790,CANCEL,,,
14792,ORD014792,LIMIT,BUY,100.34,94
14793,ORD014792,CANCEL,,,
14794,ORD014794,MARKET,BUY,,46
14795,ORD014795,LIMIT,BUY,100.33,88
14796,ORD014795,CANCEL,,,
14797,ORD014797,MARKET,SELL,,81
14798,ORD014798,LIMIT,SELL,101.02,78
14799,ORD014798,CANCEL,,,
14800,ORD014800,LIMIT,SELL,101.75,25
14801,ORD014800,CANCEL,,,
14802,ORD014802,LIMIT,BUY,98.42,91
14803,ORD014803,MARKET,SELL,,18
14804,ORD014802,CANCEL,,,
14805,ORD014805,LIMIT,BUY,99.71,7
14806,ORD014805,CANCEL,,,
14807,ORD014807,LIMIT,SELL,100.23,46
14808,ORD014808,MARKET,SELL,,11
14809,ORD014809,LIMIT,SELL,100.18,21
14810,ORD014810,LIMIT,SELL,101.46,33
14811,ORD014807,CANCEL,,,
14812,ORD014810,CANCEL,,,
14813,ORD014809,CANCEL,,,
14814,ORD014814,LIMIT,SELL,101.25,95
14815,ORD014815,LIMIT,SELL,101.0,93
14816,ORD014815,CANCEL,,,
14817,ORD014814,CANCEL,,,
14818,ORD014818,LIMIT,BUY,99.77,36
14819,ORD014818,CANCEL,,,
14820,ORD014820,LIMIT,SELL,100.34,81
14821,ORD014820,CANCEL,,,
14822,ORD014822,MARKET,BUY,,13
14823,ORD014823,LIMIT,BUY,98.77,99
14824,ORD014823,CANCEL,,,
14825,ORD014825,LIMIT,BUY,99.34,78
14826,ORD014826,LIMIT,BUY,99.52,60
14827,ORD014825,CANCEL,,,
14828,ORD014826,CANCEL,,,
14829,ORD014829,LIMIT,BUY,99.72,80
14830,ORD014829,CANCEL,,,
14831,ORD014831,LIMIT,BUY,99.1,18
14832,ORD014831,CANCEL,,,
14833,ORD014833,LIMIT,BUY,99.18,69
14834,ORD014833,CANCEL,,,
14835,ORD014835,LIMIT,BUY,99.2,45
14836,ORD014835,CANCEL,,,
14837,ORD014837,LIMIT,BUY,99.23,5
14838,ORD014837,CANCEL,,,
14839,ORD014839,MARKET,BUY,,26
14840,ORD014840,LIMIT,BUY,98.96,54
14841,ORD014840,CANCEL,,,
14842,ORD014842,LIMIT,BUY,100.27,9
14843,ORD014843,LIMIT,SELL,100.54,30
14844,ORD014843,CANCEL,,,
14845,ORD014842,CANCEL,,,
14846,ORD014846,LIMIT,BUY,98.76,28
14847,ORD014846,CANCEL,,,
14848,ORD014848,LIMIT,SELL,99.79,10
14849,ORD014848,CANCEL,,,
14850,ORD014850,LIMIT,BUY,99.77,56
14851,ORD014850,CANCEL,,,
14852,ORD014852,LIMIT,SELL,101.26,43
14853,ORD014852,CANCEL,,,
14854,ORD014854,LIMIT,BUY,99.6,28
14855,ORD014854,CANCEL,,,
14856,ORD014856,LIMIT,SELL,100.3,24
14857,ORD014857,LIMIT,SELL,100.92,92
14858,ORD014857,CANCEL,,,
14859,ORD014856,CANCEL,,,
14860,ORD014860,LIMIT,BUY,98.55,23
14861,ORD014860,CANCEL,,,
14862,ORD014862,LIMIT,SELL,101.89,37
14863,ORD014862,CANCEL,,,
14864,ORD014864,LIMIT,BUY,98.1,40
14865,ORD014864,CANCEL,,,
14866,ORD014866,LIMIT,BUY,99.13,43
14867,ORD014866,CANCEL,,,
14868,ORD014868,LIMIT,SELL,101.9,84
14869,ORD014868,CANCEL,,,
14870,ORD014870,LIMIT,BUY,98.31,78
14871,ORD014870,CANCEL,,,
14872,ORD014872,LIMIT,SELL,99.92,20
14873,ORD014873,LIMIT,BUY,99.02,34
14874,ORD014873,CANCEL,,,
14875,ORD014872,CANCEL,,,
14876,ORD014876,LIMIT,SELL,100.58,85
14877,ORD014876,CANCEL,,,
14878,ORD014878,LIMIT,BUY,99.28,91
14879,ORD014878,CANCEL,,,
14880,ORD014880,LIMIT,BUY,99.22,100
14881,ORD014880,CANCEL,,,
14882,ORD014882,MARKET,SELL,,83
14883,ORD014883,LIMIT,SELL,100.92,10
14884,ORD014883,CANCEL,,,
14885,ORD014885,LIMIT,SELL,101.34,46
14886,ORD014885,CANCEL,,,
14887,ORD014887,LIMIT,BUY,99.36,75
14888,ORD014888,LIMIT,BUY,100.05,66
14889,ORD014889,LIMIT,BUY,99.15,41
14890,ORD014890,LIMIT,BUY,98.21,2
14891,ORD014890,CANCEL,,,
14892,ORD014889,CANCEL,,,
14893,ORD014893,LIMIT,BUY,98.47,94
14894,ORD014888,CANCEL,,,
14895,ORD014887,CANCEL,,,
14896,ORD014896,LIMIT,SELL,99.61,73
14897,ORD014893,CANCEL,,,
14898,ORD014898,LIMIT,BUY,99.87,62
14899,ORD014899,LIMIT,BUY,98.12,61
14900,ORD014896,CANCEL,,,
14901,ORD014901,LIMIT,SELL,101.58,90
14902,ORD014902,LIMIT,BUY,98.35,81
14903,ORD014899,CANCEL,,,
14904,ORD014901,CANCEL,,,
14905,ORD014902,CANCEL,,,
14906,ORD014906,LIMIT,BUY,99.44,80
14907,ORD014906,CANCEL,,,
14908,ORD014908,LIMIT,BUY,99.57,80
14909,ORD014908,CANCEL,,,
14910,ORD014910,LIMIT,BUY,99.65,78
14911,ORD014910,CANCEL,,,
14912,ORD014912,LIMIT,SELL,101.55,32
14913,ORD014912,CANCEL,,,
14914,ORD014914,LIMIT,SELL,101.39,53
14915,ORD014914,CANCEL,,,
14916,ORD014916,LIMIT,SELL,100.44,59
14917,ORD014916,CANCEL,,,
14918,ORD014918,LIMIT,BUY,98.96,9
14919,ORD014918,CANCEL,,,
14920,ORD014920,LIMIT,BUY,99.76,19
14921,ORD014920,CANCEL,,,
14922,ORD014922,LIMIT,BUY,99.29,31
14923,ORD014923,LIMIT,BUY,100.5,11
14924,ORD014922,CANCEL,,,
14925,ORD014925,LIMIT,BUY,99.58,76
14926,ORD014923,CANCEL,,,
14927,ORD014925,CANCEL,,,
14928,ORD014928,LIMIT,SELL,100.2,44
14929,ORD014928,CANCEL,,,
14930,ORD014930,LIMIT,BUY,100.06,76
14931,ORD014930,CANCEL,,,
14932,ORD014932,LIMIT,SELL,101.12,98
14933,ORD014933,LIMIT,SELL,100.44,28
14934,ORD014934,LIMIT,SELL,100.18,8
14935,ORD014934,CANCEL,,,
14936,ORD014936,LIMIT,BUY,99.64,55
14937,ORD014932,CANCEL,,,
14938,ORD014933,CANCEL,,,
14939,ORD014936,CANCEL,,,
14940,ORD014940,LIMIT,SELL,100.11,53
14941,ORD014941,LIMIT,BUY,99.82,77
14942,ORD014941,CANCEL,,,
14943,ORD014940,CANCEL,,,
14944,ORD014944,LIMIT,BUY,98.59,64
14945,ORD014944,CANCEL,,,
14946,ORD014946,LIMIT,SELL,100.53,65
14947,ORD014946,CANCEL,,,
14948,ORD014948,LIMIT,BUY,100.28,8
14949,ORD014949,LIMIT,BUY,100.22,78
14950,ORD014949,CANCEL,,,
14951,ORD014948,CANCEL,,,
14952,ORD014952,LIMIT,BUY,99.31,16
14953,ORD014953,LIMIT,BUY,98.96,17
14954,ORD014953,CANCEL,,,
14955,ORD014952,CANCEL,,,
14956,ORD014956,LIMIT,SELL,100.78,2
14957,ORD014956,CANCEL,,,
14958,ORD014958,LIMIT,BUY,99.73,44
14959,ORD014958,CANCEL,,,
14960,ORD014960,LIMIT,SELL,99.86,13
14961,ORD014960,CANCEL,,,
14962,ORD014962,LIMIT,SELL,100.78,88
14963,ORD014963,LIMIT,BUY,100.13,26
14964,ORD014964,LIMIT,BUY,99.67,57
14965,ORD014965,LIMIT,SELL,99.53,98
14966,ORD014966,LIMIT,SELL,101.98,81
14967,ORD014963,CANCEL,,,
14968,ORD014968,LIMIT,BUY,98.54,91
14969,ORD014965,CANCEL,,,
14970,ORD014970,LIMIT,BUY,100.21,12
14971,ORD014971,LIMIT,SELL,99.55,98
14972,ORD014968,CANCEL,,,
14973,ORD014971,CANCEL,,,
14974,ORD014966,CANCEL,,,
14975,ORD014964,CANCEL,,,
14976,ORD014962,CANCEL,,,
14977,ORD014970,CANCEL,,,
14978,ORD014978,LIMIT,BUY,99.05,93
14979,ORD014979,LIMIT,BUY,98.9,8
14980,ORD014979,CANCEL,,,
14981,ORD014978,CANCEL,,,
14982,ORD014982,LIMIT,BUY,99.11,50
14983,ORD014983,LIMIT,BUY,98.97,14
14984,ORD014983,CANCEL,,,
14985,ORD014982,CANCEL,,,
14986,ORD014986,LIMIT,SELL,100.85,18
14987,ORD014987,LIMIT,BUY,99.31,17
14988,ORD014986,CANCEL,,,
14989,ORD014987,CANCEL,,,
14990,ORD014990,LIMIT,BUY,98.7,33
14991,ORD014990,CANCEL,,,
14992,ORD014992,LIMIT,SELL,100.65,11
14993,ORD014993,LIMIT,SELL,101.13,52
14994,ORD014992,CANCEL,,,
14995,ORD014993,CANCEL,,,
14996,ORD014996,LIMIT,SELL,100.69,90
14997,ORD014996,CANCEL,,,
14998,ORD014998,LIMIT,BUY,98.14,50
14999,ORD014998,CANCEL,,,
15000,ORD015000,LIMIT,SELL,101.24,47
15001,ORD015001,LIMIT,BUY,99.28,33
15002,ORD015002,LIMIT,BUY,98.76,6
15003,ORD015003,LIMIT,SELL,99.72,21
15004,ORD015004,LIMIT,SELL,100.37,89
15005,ORD015003,CANCEL,,,
15006,ORD015004,CANCEL,,,
15007,ORD015000,CANCEL,,,
15008,ORD015001,CANCEL,,,
15009,ORD015009,LIMIT,BUY,100.34,3
15010,ORD015002,CANCEL,,,
15011,ORD015009,CANCEL,,,
15012,ORD015012,LIMIT,SELL,100.97,24
15013,ORD015013,LIMIT,SELL,101.3,44
15014,ORD015013,CANCEL,,,
15015,ORD015012,CANCEL,,,
15016,ORD015016,LIMIT,BUY,100.18,78
15017,ORD015017,LIMIT,SELL,101.6,54
15018,ORD015017,CANCEL,,,
15019,ORD015016,CANCEL,,,
15020,ORD015020,LIMIT,SELL,101.88,21
15021,ORD015020,CANCEL,,,
15022,ORD015022,LIMIT,BUY,100.17,89
15023,ORD015022,CANCEL,,,
15024,ORD015024,LIMIT,BUY,99.36,28
15025,ORD015024,CANCEL,,,
15026,ORD015026,LIMIT,BUY,100.33,54
15027,ORD015026,CANCEL,,,
15028,ORD015028,LIMIT,BUY,98.76,44
15029,ORD015028,CANCEL,,,
15030,ORD015030,LIMIT,SELL,100.72,87
15031,ORD015031,LIMIT,BUY,99.53,19
15032,ORD015031,CANCEL,,,
15033,ORD015033,LIMIT,BUY,98.48,78
15034,ORD015034,LIMIT,BUY,98.48,67
15035,ORD015033,CANCEL,,,
15036,ORD015030,CANCEL,,,
15037,ORD015034,CANCEL,,,
15038,ORD015038,LIMIT,SELL,101.25,50
15039,ORD015039,LIMIT,SELL,100.64,91
15040,ORD015038,CANCEL,,,
15041,ORD015039,CANCEL,,,
15042,ORD015042,LIMIT,BUY,99.56,46
15043,ORD015043,LIMIT,SELL,100.86,12
15044,ORD015043,CANCEL,,,
15045,ORD015042,CANCEL,,,
15046,ORD015046,LIMIT,BUY,99.88,61
15047,ORD015046,CANCEL,,,
15048,ORD015048,LIMIT,SELL,100.34,42
15049,ORD015048,CANCEL,,,
15050,ORD015050,LIMIT,BUY,100.38,96
15051,ORD015051,LIMIT,SELL,101.9,92
15052,ORD015050,CANCEL,,,
15053,ORD015051,CANCEL,,,
15054,ORD015054,LIMIT,BUY,98.16,36
15055,ORD015055,LIMIT,BUY,98.42,13
15056,ORD015055,CANCEL,,,
15057,ORD015054,CANCEL,,,
15058,ORD015058,LIMIT,BUY,98.78,38
15059,ORD015058,CANCEL,,,
15060,ORD015060,LIMIT,SELL,99.99,46
15061,ORD015061,LIMIT,BUY,99.66,62
15062,ORD015062,MARKET,BUY,,85
15063,ORD015060,CANCEL,,,
15064,ORD015061,CANCEL,,,
15065,ORD015065,LIMIT,SELL,100.12,98
15066,ORD015065,CANCEL,,,
15067,ORD015067,LIMIT,BUY,99.48,38
15068,ORD015068,LIMIT,SELL,99.75,59
15069,ORD015069,LIMIT,BUY,100.26,73
15070,ORD015070,LIMIT,BUY,99.8,79
15071,ORD015069,CANCEL,,,
15072,ORD015068,CANCEL,,,
15073,ORD015067,CANCEL,,,
15074,ORD015070,CANCEL,,,
15075,ORD015075,LIMIT,BUY,100.1,52
15076,ORD015076,LIMIT,BUY,99.73,18
15077,ORD015075,CANCEL,,,
15078,ORD015076,CANCEL,,,
15079,ORD015079,LIMIT,SELL,99.56,8
15080,ORD015080,LIMIT,SELL,100.36,99
15081,ORD015079,CANCEL,,,
15082,ORD015080,CANCEL,,,
15083,ORD015083,LIMIT,BUY,99.08,24
15084,ORD015083,CANCEL,,,
15085,ORD015085,LIMIT,BUY,99.4,73
15086,ORD015086,LIMIT,SELL,99.57,96
15087,ORD015086,CANCEL,,,
15088,ORD015088,LIMIT,BUY,99.66,24
15089,ORD015085,CANCEL,,,
15090,ORD015088,CANCEL,,,
15091,ORD015091,LIMIT,BUY,98.35,83
15092,ORD015091,CANCEL,,,
15093,ORD015093,LIMIT,SELL,101.03,35
15094,ORD015094,LIMIT,SELL,100.31,24
15095,ORD015094,CANCEL,,,
15096,ORD015093,CANCEL,,,
15097,ORD015097,LIMIT,BUY,99.1,61
15098,ORD015098,LIMIT,SELL,100.36,44
15099,ORD015098,CANCEL,,,
15100,ORD015097,CANCEL,,,
15101,ORD015101,LIMIT,SELL,101.24,23
15102,ORD015101,CANCEL,,,
15103,ORD015103,LIMIT,SELL,101.2,84
15104,ORD015103,CANCEL,,,
15105,ORD015105,LIMIT,SELL,101.17,63
15106,ORD015106,LIMIT,BUY,98.22,60
15107,ORD015106,CANCEL,,,
15108,ORD015105,CANCEL,,,
15109,ORD015109,LIMIT,SELL,100.6,57
15110,ORD015110,LIMIT,BUY,99.65,10
15111,ORD015111,LIMIT,BUY,99.31,57
15112,ORD015112,LIMIT,BUY,100.18,54
15113,ORD015113,LIMIT,SELL,100.76,67
15114,ORD015112,CANCEL,,,
15115,ORD015111,CANCEL,,,
15116,ORD015116,LIMIT,BUY,98.83,90
15117,ORD015113,CANCEL,,,
15118,ORD015110,CANCEL,,,
15119,ORD015109,CANCEL,,,
15120,ORD015120,LIMIT,SELL,101.43,43
15121,ORD015120,CANCEL,,,
15122,ORD015122,LIMIT,BUY,98.21,9
15123,ORD015116,CANCEL,,,
15124,ORD015122,CANCEL,,,
15125,ORD015125,LIMIT,BUY,99.25,62
15126,ORD015125,CANCEL,,,
15127,ORD015127,LIMIT,SELL,99.77,82
15128,ORD015127,CANCEL,,,
15129,ORD015129,LIMIT,BUY,100.0,95
15130,ORD015129,CANCEL,,,
15131,ORD015131,MARKET,SELL,,89
15132,ORD015132,LIMIT,BUY,98.77,95
15133,ORD015132,CANCEL,,,
15134,ORD015134,LIMIT,SELL,101.22,95
15135,ORD015134,CANCEL,,,
15136,ORD015136,LIMIT,BUY,98.29,70
15137,ORD015136,CANCEL,,,
15138,ORD015138,LIMIT,BUY,100.21,92
15139,ORD015138,CANCEL,,,
15140,ORD015140,LIMIT,BUY,98.21,36
15141,ORD015140,CANCEL,,,
15142,ORD015142,LIMIT,SELL,101.21,43
15143,ORD015142,CANCEL,,,
15144,ORD015144,LIMIT,BUY,98.45,78
15145,ORD015144,CANCEL,,,
15146,ORD015146,LIMIT,BUY,100.06,31
15147,ORD015146,CANCEL,,,
15148,ORD015148,LIMIT,BUY,99.28,2
15149,ORD015148,CANCEL,,,
15150,ORD015150,LIMIT,SELL,100.94,59
15151,ORD015151,LIMIT,SELL,100.57,61
15152,ORD015150,CANCEL,,,
15153,ORD015151,CANCEL,,,
15154,ORD015154,LIMIT,SELL,101.03,36
15155,ORD015154,CANCEL,,,
15156,ORD015156,LIMIT,SELL,101.53,74
15157,ORD015156,CANCEL,,,
15158,ORD015158,LIMIT,SELL,101.61,38
15159,ORD015158,CANCEL,,,
15160,ORD015160,LIMIT,SELL,100.17,98
15161,ORD015160,CANCEL,,,
15162,ORD015162,LIMIT,SELL,101.22,6
15163,ORD015162,CANCEL,,,
15164,ORD015164,LIMIT,BUY,100.07,76
15165,ORD015164,CANCEL,,,
15166,ORD015166,LIMIT,BUY,99.88,44
15167,ORD015166,CANCEL,,,
15168,ORD015168,LIMIT,SELL,100.46,36
15169,ORD015168,CANCEL,,,
15170,ORD015170,LIMIT,SELL,99.91,30
15171,ORD015170,CANCEL,,,
15172,ORD015172,LIMIT,SELL,100.43,79
15173,ORD015172,CANCEL,,,
15174,ORD015174,LIMIT,BUY,99.08,61
15175,ORD015174,CANCEL,,,
15176,ORD015176,LIMIT,SELL,100.57,33
15177,ORD015177,LIMIT,SELL,101.99,29
15178,ORD015176,CANCEL,,,
15179,ORD015179,LIMIT,BUY,100.46,70
15180,ORD015180,LIMIT,SELL,100.11,92
15181,ORD015179,CANCEL,,,
15182,ORD015180,CANCEL,,,
15183,ORD015177,CANCEL,,,
15184,ORD015184,LIMIT,SELL,100.19,44
15185,ORD015184,CANCEL,,,
15186,ORD015186,LIMIT,BUY,98.23,18
15187,ORD015186,CANCEL,,,
15188,ORD015188,LIMIT,SELL,100.75,67
15189,ORD015188,CANCEL,,,
15190,ORD015190,LIMIT,BUY,98.3,15
15191,ORD015190,CANCEL,,,
15192,ORD015192,LIMIT,SELL,99.65,64
15193,ORD015193,LIMIT,BUY,98.75,92
15194,ORD015194,LIMIT,SELL,101.87,42
15195,ORD015193,CANCEL,,,
15196,ORD015192,CANCEL,,,
15197,ORD015197,LIMIT,SELL,101.23,54
15198,ORD015198,LIMIT,SELL,101.18,17
15199,ORD015197,CANCEL,,,
15200,ORD015200,LIMIT,SELL,101.51,30
15201,ORD015198,CANCEL,,,
15202,ORD015202,LIMIT,SELL,100.03,13
15203,ORD015203,LIMIT,BUY,98.87,87
15204,ORD015203,CANCEL,,,
15205,ORD015194,CANCEL,,,
15206,ORD015202,CANCEL,,,
15207,ORD015200,CANCEL,,,
15208,ORD015208,LIMIT,BUY,98.97,24
15209,ORD015208,CANCEL,,,
15210,ORD015210,LIMIT,SELL,101.82,67
15211,ORD015211,LIMIT,BUY,99.09,54
15212,ORD015212,LIMIT,SELL,100.73,49
15213,ORD015211,CANCEL,,,
15214,ORD015210,CANCEL,,,
15215,ORD015215,LIMIT,BUY,99.01,81
15216,ORD015216,LIMIT,BUY,100.49,31
15217,ORD015212,CANCEL,,,
15218,ORD015216,CANCEL,,,
15219,ORD015219,LIMIT,BUY,98.19,16
15220,ORD015220,MARKET,SELL,,6
15221,ORD015221,LIMIT,BUY,98.35,17
15222,ORD015222,LIMIT,SELL,101.37,6
15223,ORD015219,CANCEL,,,
15224,ORD015221,CANCEL,,,
15225,ORD015215,CANCEL,,,
15226,ORD015222,CANCEL,,,
15227,ORD015227,LIMIT,SELL,100.62,2
15228,ORD015228,LIMIT,SELL,100.84,34
15229,ORD015229,LIMIT,SELL,101.03,13
15230,ORD015230,LIMIT,SELL,99.61,51
15231,ORD015227,CANCEL,,,
15232,ORD015232,LIMIT,SELL,100.57,5
15233,ORD015229,CANCEL,,,
15234,ORD015228,CANCEL,,,
15235,ORD015232,CANCEL,,,
15236,ORD015230,CANCEL,,,
15237,ORD015237,MARKET,SELL,,26
15238,ORD015238,LIMIT,SELL,101.88,89
15239,ORD015238,CANCEL,,,
15240,ORD015240,LIMIT,SELL,101.15,55
15241,ORD015240,CANCEL,,,
15242,ORD015242,LIMIT,SELL,100.25,69
15243,ORD015242,CANCEL,,,
15244,ORD015244,LIMIT,SELL,101.64,16
15245,ORD015244,CANCEL,,,
15246,ORD015246,LIMIT,BUY,100.09,90
15247,ORD015246,CANCEL,,,
15248,ORD015248,LIMIT,SELL,100.72,13
15249,ORD015248,CANCEL,,,
15250,ORD015250,LIMIT,BUY,98.45,42
15251,ORD015251,LIMIT,BUY,99.07,99
15252,ORD015252,LIMIT,BUY,98.52,31
15253,ORD015250,CANCEL,,,
15254,ORD015252,CANCEL,,,
15255,ORD015251,CANCEL,,,
15256,ORD015256,LIMIT,SELL,100.55,56
15257,ORD015256,CANCEL,,,
15258,ORD015258,LIMIT,SELL,101.63,16
15259,ORD015258,CANCEL,,,
15260,ORD015260,LIMIT,SELL,101.38,80
15261,ORD015260,CANCEL,,,
15262,ORD015262,LIMIT,BUY,98.32,76
15263,ORD015262,CANCEL,,,
15264,ORD015264,LIMIT,BUY,98.8,90
15265,ORD015264,CANCEL,,,
15266,ORD015266,LIMIT,BUY,99.26,48
15267,ORD015266,CANCEL,,,
15268,ORD015268,LIMIT,BUY,98.53,66
15269,ORD015269,LIMIT,BUY,99.38,25
15270,ORD015269,CANCEL,,,
15271,ORD015268,CANCEL,,,
15272,ORD015272,MARKET,SELL,,86
15273,ORD015273,LIMIT,BUY,98.92,87
15274,ORD015273,CANCEL,,,
15275,ORD015275,LIMIT,SELL,100.06,52
15276,ORD015276,LIMIT,SELL,99.66,58
15277,ORD015276,CANCEL,,,
15278,ORD015275,CANCEL,,,
15279,ORD015279,LIMIT,SELL,99.61,38
15280,ORD015280,LIMIT,SELL,100.68,30
15281,ORD015279,CANCEL,,,
15282,ORD015280,CANCEL,,,
15283,ORD015283,LIMIT,SELL,100.55,100
15284,ORD015284,LIMIT,BUY,98.06,15
15285,ORD015284,CANCEL,,,
15286,ORD015283,CANCEL,,,
15287,ORD015287,LIMIT,BUY,99.84,72
15288,ORD015287,CANCEL,,,
15289,ORD015289,LIMIT,BUY,98.78,56
15290,ORD015289,CANCEL,,,
15291,ORD015291,MARKET,BUY,,64
15292,ORD015292,LIMIT,BUY,98.5,34
15293,ORD015292,CANCEL,,,
15294,ORD015294,LIMIT,SELL,99.74,88
15295,ORD015294,CANCEL,,,
15296,ORD015296,LIMIT,SELL,100.04,41
15297,ORD015296,CANCEL,,,
15298,ORD015298,LIMIT,BUY,99.04,99
15299,ORD015298,CANCEL,,,
15300,ORD015300,LIMIT,SELL,100.1,2
15301,ORD015300,CANCEL,,,
15302,ORD015302,LIMIT,SELL,101.07,32
15303,ORD015302,CANCEL,,,
15304,ORD015304,LIMIT,BUY,98.87,30
15305,ORD015304,CANCEL,,,
15306,ORD015306,LIMIT,BUY,100.47,58
15307,ORD015307,LIMIT,SELL,100.02,7
15308,ORD015306,CANCEL,,,
15309,ORD015309,LIMIT,BUY,98.22,85
15310,ORD015309,CANCEL,,,
15311,ORD015311,LIMIT,BUY,98.56,6
15312,ORD015311,CANCEL,,,
15313,ORD015313,LIMIT,SELL,100.28,59
15314,ORD015314,LIMIT,SELL,101.07,9
15315,ORD015313,CANCEL,,,
15316,ORD015314,CANCEL,,,
15317,ORD015317,LIMIT,BUY,98.23,31
15318,ORD015317,CANCEL,,,
15319,ORD015319,LIMIT,SELL,100.97,33
15320,ORD015320,LIMIT,BUY,100.05,32
15321,ORD015321,LIMIT,BUY,99.65,72
15322,ORD015322,LIMIT,BUY,99.17,63
15323,ORD015323,LIMIT,SELL,101.11,91
15324,ORD015321,CANCEL,,,
15325,ORD015319,CANCEL,,,
15326,ORD015323,CANCEL,,,
15327,ORD015327,LIMIT,SELL,100.93,13
15328,ORD015327,CANCEL,,,
15329,ORD015320,CANCEL,,,
15330,ORD015322,CANCEL,,,
15331,ORD015331,LIMIT,SELL,101.71,81
15332,ORD015332,LIMIT,BUY,99.15,89
15333,ORD015331,CANCEL,,,
15334,ORD015332,CANCEL,,,
15335,ORD015335,LIMIT,BUY,99.31,17
15336,ORD015336,LIMIT,SELL,99.8,61
15337,ORD015336,CANCEL,,,
15338,ORD015335,CANCEL,,,
15339,ORD015339,LIMIT,SELL,101.04,16
15340,ORD015339,CANCEL,,,
15341,ORD015341,LIMIT,SELL,101.19,87
15342,ORD015342,LIMIT,SELL,100.44,59
15343,ORD015343,LIMIT,SELL,101.33,48
15344,ORD015344,LIMIT,SELL,101.88,77
15345,ORD015345,LIMIT,SELL,100.71,89
15346,ORD015345,CANCEL,,,
15347,ORD015344,CANCEL,,,
15348,ORD015343,CANCEL,,,
15349,ORD015349,LIMIT,BUY,99.83,100
15350,ORD015341,CANCEL,,,
15351,ORD015349,CANCEL,,,
15352,ORD015342,CANCEL,,,
15353,ORD015353,LIMIT,BUY,99.41,52
15354,ORD015354,LIMIT,SELL,100.11,70
15355,ORD015355,LIMIT,SELL,100.51,96
15356,ORD015356,LIMIT,SELL,101.93,27
15357,ORD015354,CANCEL,,,
15358,ORD015356,CANCEL,,,
15359,ORD015355,CANCEL,,,
15360,ORD015353,CANCEL,,,
15361,ORD015361,LIMIT,BUY,100.46,100
15362,ORD015361,CANCEL,,,
15363,ORD015363,LIMIT,SELL,101.38,64
15364,ORD015363,CANCEL,,,
15365,ORD015365,LIMIT,BUY,99.71,57
15366,ORD015365,CANCEL,,,
15367,ORD015367,LIMIT,BUY,98.47,85
15368,ORD015367,CANCEL,,,
15369,ORD015369,LIMIT,BUY,98.73,11
15370,ORD015369,CANCEL,,,
15371,ORD015371,MARKET,SELL,,70
15372,ORD015372,LIMIT,SELL,100.49,16
15373,ORD015372,CANCEL,,,
15374,ORD015374,LIMIT,BUY,99.32,41
15375,ORD015375,LIMIT,SELL,100.01,48
15376,ORD015376,LIMIT,BUY,98.63,54
15377,ORD015377,LIMIT,SELL,99.95,2
15378,ORD015377,CANCEL,,,
15379,ORD015376,CANCEL,,,
15380,ORD015374,CANCEL,,,
15381,ORD015381,LIMIT,BUY,98.25,51
15382,ORD015375,CANCEL,,,
15383,ORD015381,CANCEL,,,
15384,ORD015384,LIMIT,BUY,98.02,43
15385,ORD015385,LIMIT,BUY,98.11,11
15386,ORD015386,LIMIT,BUY,98.2,14
15387,ORD015387,MARKET,SELL,,5
15388,ORD015385,CANCEL,,,
15389,ORD015384,CANCEL,,,
15390,ORD015386,CANCEL,,,
15391,ORD015391,LIMIT,SELL,100.14,12
15392,ORD015391,CANCEL,,,
15393,ORD015393,LIMIT,SELL,101.97,32
15394,ORD015394,LIMIT,SELL,99.69,97
15395,ORD015393,CANCEL,,,
15396,ORD015394,CANCEL,,,
15397,ORD015397,LIMIT,BUY,98.95,30
15398,ORD015397,CANCEL,,,
15399,ORD015399,MARKET,SELL,,58
15400,ORD015400,LIMIT,SELL,99.95,41
15401,ORD015401,LIMIT,BUY,99.42,53
15402,ORD015401,CANCEL,,,
15403,ORD015400,CANCEL,,,
15404,ORD015404,LIMIT,SELL,101.61,81
15405,ORD015405,LIMIT,SELL,101.06,27
15406,ORD015405,CANCEL,,,
15407,ORD015407,LIMIT,BUY,100.14,71
15408,ORD015408,LIMIT,SELL,99.66,41
15409,ORD015404,CANCEL,,,
15410,ORD015407,CANCEL,,,
15411,ORD015411,LIMIT,SELL,99.69,67
15412,ORD015411,CANCEL,,,
15413,ORD015413,LIMIT,BUY,98.64,94
15414,ORD015413,CANCEL,,,
15415,ORD015415,LIMIT,BUY,99.14,7
15416,ORD015415,CANCEL,,,
15417,ORD015417,LIMIT,SELL,101.98,100
15418,ORD015417,CANCEL,,,
15419,ORD015419,LIMIT,SELL,101.28,94
15420,ORD015419,CANCEL,,,
15421,ORD015421,LIMIT,BUY,98.91,78
15422,ORD015421,CANCEL,,,
15423,ORD015423,LIMIT,BUY,99.84,20
15424,ORD015423,CANCEL,,,
15425,ORD015425,LIMIT,BUY,99.38,47
15426,ORD015425,CANCEL,,,
15427,ORD015427,LIMIT,BUY,100.45,96
15428,ORD015427,CANCEL,,,
15429,ORD015429,LIMIT,BUY,100.18,98
15430,ORD015429,CANCEL,,,
15431,ORD015431,LIMIT,BUY,98.29,64
15432,ORD015431,CANCEL,,,
15433,ORD015433,LIMIT,BUY,99.43,2
15434,ORD015433,CANCEL,,,
15435,ORD015435,LIMIT,BUY,100.29,20
15436,ORD015435,CANCEL,,,
15437,ORD015437,LIMIT,BUY,98.9,11
15438,ORD015438,LIMIT,BUY,98.42,97
15439,ORD015438,CANCEL,,,
15440,ORD015440,LIMIT,SELL,101.25,82
15441,ORD015440,CANCEL,,,
15442,ORD015442,LIMIT,BUY,98.26,58
15443,ORD015437,CANCEL,,,
15444,ORD015444,LIMIT,SELL,100.83,79
15445,ORD015442,CANCEL,,,
15446,ORD015444,CANCEL,,,
15447,ORD015447,LIMIT,SELL,101.53,13
15448,ORD015447,CANCEL,,,
15449,ORD015449,MARKET,SELL,,67
15450,ORD015450,LIMIT,SELL,101.24,85
15451,ORD015450,CANCEL,,,
15452,ORD015452,LIMIT,BUY,98.41,18
15453,ORD015453,LIMIT,SELL,100.58,58
15454,ORD015454,LIMIT,BUY,99.87,21
15455,ORD015452,CANCEL,,,
15456,ORD015453,CANCEL,,,
15457,ORD015457,LIMIT,SELL,100.85,62
15458,ORD015454,CANCEL,,,
15459,ORD015457,CANCEL,,,
15460,ORD015460,LIMIT,BUY,98.78,35
15461,ORD015460,CANCEL,,,
15462,ORD015462,LIMIT,SELL,99.58,89
15463,ORD015462,CANCEL,,,
15464,ORD015464,LIMIT,BUY,98.67,35
15465,ORD015464,CANCEL,,,
15466,ORD015466,LIMIT,SELL,101.88,48
15467,ORD015466,CANCEL,,,
15468,ORD015468,LIMIT,SELL,101.81,34
15469,ORD015468,CANCEL,,,
15470,ORD015470,MARKET,SELL,,55
15471,ORD015471,LIMIT,SELL,99.5,91
15472,ORD015471,CANCEL,,,
15473,ORD015473,LIMIT,SELL,101.58,57
15474,ORD015474,LIMIT,SELL,100.21,61
15475,ORD015474,CANCEL,,,
15476,ORD015473,CANCEL,,,
15477,ORD015477,LIMIT,SELL,100.8,97
15478,ORD015477,CANCEL,,,
15479,ORD015479,LIMIT,SELL,101.32,72
15480,ORD015480,MARKET,BUY,,61
15481,ORD015479,CANCEL,,,
15482,ORD015482,LIMIT,BUY,98.09,17
15483,ORD015482,CANCEL,,,
15484,ORD015484,LIMIT,SELL,99.99,45
15485,ORD015484,CANCEL,,,
15486,ORD015486,MARKET,BUY,,21
15487,ORD015487,LIMIT,BUY,100.4,2
15488,ORD015487,CANCEL,,,
15489,ORD015489,LIMIT,BUY,99.49,18
15490,ORD015490,LIMIT,SELL,101.47,66
15491,ORD015491,LIMIT,BUY,99.53,95
15492,ORD015489,CANCEL,,,
15493,ORD015490,CANCEL,,,
15494,ORD015491,CANCEL,,,
15495,ORD015495,LIMIT,BUY,99.17,83
15496,ORD015495,CANCEL,,,
15497,ORD015497,LIMIT,BUY,99.97,7
15498,ORD015498,LIMIT,SELL,100.45,65
15499,ORD015498,CANCEL,,,
15500,ORD015500,LIMIT,BUY,98.12,42
15501,ORD015500,CANCEL,,,
15502,ORD015497,CANCEL,,,
15503,ORD015503,LIMIT,SELL,101.91,3
15504,ORD015504,LIMIT,SELL,100.22,36
15505,ORD015505,LIMIT,BUY,98.27,75
15506,ORD015506,LIMIT,BUY,100.08,65
15507,ORD015507,LIMIT,BUY,99.74,79
15508,ORD015503,CANCEL,,,
15509,ORD015509,LIMIT,BUY,99.44,65
15510,ORD015505,CANCEL,,,
15511,ORD015506,CANCEL,,,
15512,ORD015509,CANCEL,,,
15513,ORD015513,LIMIT,SELL,101.15,81
15514,ORD015507,CANCEL,,,
15515,ORD015504,CANCEL,,,
15516,ORD015516,LIMIT,SELL,101.81,77
15517,ORD015517,LIMIT,SELL,99.7,75
15518,ORD015517,CANCEL,,,
15519,ORD015519,LIMIT,SELL,100.67,12
15520,ORD015513,CANCEL,,,
15521,ORD015521,LIMIT,BUY,98.47,52
15522,ORD015522,LIMIT,SELL,99.79,61
15523,ORD015521,CANCEL,,,
15524,ORD015519,CANCEL,,,
15525,ORD015525,LIMIT,BUY,99.33,93
15526,ORD015526,LIMIT,SELL,101.55,15
15527,ORD015527,LIMIT,SELL,100.85,8
15528,ORD015516,CANCEL,,,
15529,ORD015525,CANCEL,,,
15530,ORD015530,LIMIT,BUY,100.25,67
15531,ORD015531,LIMIT,SELL,100.99,15
15532,ORD015530,CANCEL,,,
15533,ORD015527,CANCEL,,,
15534,ORD015522,CANCEL,,,
15535,ORD015531,CANCEL,,,
15536,ORD015526,CANCEL,,,
15537,ORD015537,LIMIT,BUY,99.13,34
15538,ORD015537,CANCEL,,,
15539,ORD015539,LIMIT,BUY,100.06,1
15540,ORD015540,LIMIT,BUY,98.45,35
15541,ORD015540,CANCEL,,,
15542,ORD015539,CANCEL,,,
15543,ORD015543,LIMIT,SELL,100.78,81
15544,ORD015543,CANCEL,,,
15545,ORD015545,LIMIT,SELL,101.16,42
15546,ORD015545,CANCEL,,,
15547,ORD015547,LIMIT,SELL,100.1,75
15548,ORD015547,CANCEL,,,
15549,ORD015549,LIMIT,BUY,99.51,33
15550,ORD015549,CANCEL,,,
15551,ORD015551,LIMIT,SELL,99.62,6
15552,ORD015551,CANCEL,,,
15553,ORD015553,LIMIT,BUY,98.81,79
15554,ORD015553,CANCEL,,,
15555,ORD015555,LIMIT,BUY,99.18,98
15556,ORD015555,CANCEL,,,
15557,ORD015557,LIMIT,BUY,99.12,1
15558,ORD015557,CANCEL,,,
15559,ORD015559,LIMIT,SELL,100.79,8
15560,ORD015559,CANCEL,,,
15561,ORD015561,LIMIT,BUY,98.94,13
15562,ORD015561,CANCEL,,,
15563,ORD015563,LIMIT,BUY,98.82,93
15564,ORD015563,CANCEL,,,
15565,ORD015565,LIMIT,SELL,99.99,25
15566,ORD015565,CANCEL,,,
15567,ORD015567,LIMIT,SELL,101.29,33
15568,ORD015568,LIMIT,BUY,99.16,66
15569,ORD015567,CANCEL,,,
15570,ORD015570,LIMIT,SELL,100.78,16
15571,ORD015570,CANCEL,,,
15572,ORD015572,LIMIT,BUY,98.2,60
15573,ORD015568,CANCEL,,,
15574,ORD015572,CANCEL,,,
15575,ORD015575,LIMIT,SELL,101.91,23
15576,ORD015575,CANCEL,,,
15577,ORD015577,LIMIT,BUY,99.1,54
15578,ORD015577,CANCEL,,,
15579,ORD015579,LIMIT,BUY,99.26,35
15580,ORD015579,CANCEL,,,
15581,ORD015581,LIMIT,SELL,101.49,3
15582,ORD015581,CANCEL,,,
15583,ORD015583,LIMIT,SELL,101.7,41
15584,ORD015583,CANCEL,,,
15585,ORD015585,LIMIT,SELL,100.86,57
15586,ORD015585,CANCEL,,,
15587,ORD015587,LIMIT,SELL,100.93,79
15588,ORD015587,CANCEL,,,
15589,ORD015589,MARKET,SELL,,76
15590,ORD015590,LIMIT,SELL,101.11,40
15591,ORD015591,LIMIT,SELL,101.36,48
15592,ORD015590,CANCEL,,,
15593,ORD015591,CANCEL,,,
15594,ORD015594,LIMIT,SELL,101.88,95
15595,ORD015594,CANCEL,,,
15596,ORD015596,LIMIT,SELL,100.51,46
15597,ORD015597,LIMIT,SELL,99.95,31
15598,ORD015597,CANCEL,,,
15599,ORD015596,CANCEL,,,
15600,ORD015600,LIMIT,SELL,99.66,17
15601,ORD015600,CANCEL,,,
15602,ORD015602,LIMIT,SELL,100.59,42
15603,ORD015602,CANCEL,,,
15604,ORD015604,LIMIT,BUY,99.42,19
15605,ORD015604,CANCEL,,,
15606,ORD015606,LIMIT,BUY,99.52,30
15607,ORD015606,CANCEL,,,
15608,ORD015608,LIMIT,SELL,101.9,23
15609,ORD015609,LIMIT,SELL,99.67,27
15610,ORD015609,CANCEL,,,
15611,ORD015608,CANCEL,,,
15612,ORD015612,LIMIT,SELL,101.56,1
15613,ORD015612,CANCEL,,,
15614,ORD015614,LIMIT,BUY,100.27,7
15615,ORD015614,CANCEL,,,
15616,ORD015616,LIMIT,SELL,100.27,100
15617,ORD015616,CANCEL,,,
15618,ORD015618,LIMIT,BUY,98.85,38
15619,ORD015618,CANCEL,,,
15620,ORD015620,LIMIT,SELL,101.6,95
15621,ORD015620,CANCEL,,,
15622,ORD015622,LIMIT,BUY,98.65,31
15623,ORD015622,CANCEL,,,
15624,ORD015624,LIMIT,BUY,100.05,76
15625,ORD015624,CANCEL,,,
15626,ORD015626,LIMIT,SELL,100.45,25
15627,ORD015626,CANCEL,,,
15628,ORD015628,LIMIT,BUY,98.4,56
15629,ORD015629,LIMIT,BUY,98.24,20
15630,ORD015630,LIMIT,BUY,100.06,43
15631,ORD015629,CANCEL,,,
15632,ORD015632,LIMIT,BUY,100.37,97
15633,ORD015628,CANCEL,,,
15634,ORD015630,CANCEL,,,
15635,ORD015635,LIMIT,BUY,100.14,10
15636,ORD015632,CANCEL,,,
15637,ORD015635,CANCEL,,,
15638,ORD015638,LIMIT,SELL,101.71,56
15639,ORD015639,LIMIT,SELL,100.0,58
15640,ORD015640,LIMIT,BUY,99.87,6
15641,ORD015639,CANCEL,,,
15642,ORD015640,CANCEL,,,
15643,ORD015638,CANCEL,,,
15644,ORD015644,LIMIT,SELL,100.36,80
15645,ORD015645,LIMIT,BUY,98.01,17
15646,ORD015644,CANCEL,,,
15647,ORD015645,CANCEL,,,
15648,ORD015648,LIMIT,SELL,101.97,85
15649,ORD015649,LIMIT,SELL,101.53,80
15650,ORD015648,CANCEL,,,
15651,ORD015651,LIMIT,BUY,98.33,79
15652,ORD015649,CANCEL,,,
15653,ORD015653,LIMIT,BUY,99.05,61
15654,ORD015653,CANCEL,,,
15655,ORD015651,CANCEL,,,
15656,ORD015656,LIMIT,BUY,99.9,89
15657,ORD015657,LIMIT,BUY,98.19,79
15658,ORD015658,LIMIT,BUY,99.91,51
15659,ORD015657,CANCEL,,,
15660,ORD015656,CANCEL,,,
15661,ORD015658,CANCEL,,,
15662,ORD015662,LIMIT,SELL,100.5,45
15663,ORD015662,CANCEL,,,
15664,ORD015664,LIMIT,SELL,101.21,24
15665,ORD015664,CANCEL,,,
15666,ORD015666,LIMIT,BUY,98.02,44
15667,ORD015667,LIMIT,BUY,99.32,70
15668,ORD015668,LIMIT,BUY,100.49,77
15669,ORD015669,LIMIT,SELL,100.68,52
15670,ORD015667,CANCEL,,,
15671,ORD015669,CANCEL,,,
15672,ORD015672,LIMIT,BUY,98.59,10
15673,ORD015672,CANCEL,,,
15674,ORD015674,LIMIT,SELL,100.15,34
15675,ORD015666,CANCEL,,,
15676,ORD015676,MARKET,SELL,,66
15677,ORD015668,CANCEL,,,
15678,ORD015678,LIMIT,BUY,98.36,28
15679,ORD015678,CANCEL,,,
15680,ORD015680,LIMIT,SELL,101.47,86
15681,ORD015681,LIMIT,SELL,101.46,51
15682,ORD015682,LIMIT,SELL,100.32,90
15683,ORD015680,CANCEL,,,
15684,ORD015682,CANCEL,,,
15685,ORD015681,CANCEL,,,
15686,ORD015686,LIMIT,SELL,100.7,29
15687,ORD015686,CANCEL,,,
15688,ORD015688,LIMIT,BUY,99.96,85
15689,ORD015688,CANCEL,,,
15690,ORD015690,LIMIT,SELL,100.42,82
15691,ORD015691,LIMIT,SELL,101.45,27
15692,ORD015690,CANCEL,,,
15693,ORD015693,LIMIT,SELL,101.65,28
15694,ORD015693,CANCEL,,,
15695,ORD015691,CANCEL,,,
15696,ORD015696,LIMIT,BUY,99.4,21
15697,ORD015696,CANCEL,,,
15698,ORD015698,LIMIT,BUY,100.04,12
15699,ORD015699,LIMIT,BUY,98.4,88
15700,ORD015698,CANCEL,,,
15701,ORD015699,CANCEL,,,
15702,ORD015702,MARKET,SELL,,31
15703,ORD015703,LIMIT,SELL,101.85,44
15704,ORD015703,CANCEL,,,
15705,ORD015705,LIMIT,BUY,99.71,34
15706,ORD015705,CANCEL,,,
15707,ORD015707,LIMIT,SELL,101.95,53
15708,ORD015707,CANCEL,,,
15709,ORD015709,LIMIT,SELL,101.19,92
15710,ORD015709,CANCEL,,,
15711,ORD015711,LIMIT,BUY,98.76,47
15712,ORD015711,CANCEL,,,
15713,ORD015713,LIMIT,SELL,100.63,27
15714,ORD015713,CANCEL,,,
15715,ORD015715,LIMIT,SELL,100.11,34
15716,ORD015715,CANCEL,,,
15717,ORD015717,LIMIT,BUY,99.64,18
15718,ORD015717,CANCEL,,,
15719,ORD015719,LIMIT,BUY,100.43,46
15720,ORD015720,LIMIT,BUY,99.43,80
15721,ORD015721,LIMIT,BUY,99.75,84
15722,ORD015722,LIMIT,BUY,98.41,40
15723,ORD015723,LIMIT,SELL,101.79,76
15724,ORD015722,CANCEL,,,
15725,ORD015725,LIMIT,BUY,98.4,22
15726,ORD015723,CANCEL,,,
15727,ORD015719,CANCEL,,,
15728,ORD015720,CANCEL,,,
15729,ORD015725,CANCEL,,,
15730,ORD015721,CANCEL,,,
15731,ORD015731,LIMIT,SELL,100.52,47
15732,ORD015731,CANCEL,,,
15733,ORD015733,LIMIT,BUY,98.54,43
15734,ORD015734,LIMIT,BUY,98.85,33
15735,ORD015733,CANCEL,,,
15736,ORD015734,CANCEL,,,
15737,ORD015737,LIMIT,BUY,99.07,82
15738,ORD015737,CANCEL,,,
15739,ORD015739,LIMIT,BUY,98.22,66
15740,ORD015739,CANCEL,,,
15741,ORD015741,LIMIT,SELL,100.33,97
15742,ORD015741,CANCEL,,,
15743,ORD015743,LIMIT,SELL,101.95,21
15744,ORD015743,CANCEL,,,
15745,ORD015745,LIMIT,SELL,99.89,77
15746,ORD015745,CANCEL,,,
15747,ORD015747,LIMIT,BUY,98.13,21
15748,ORD015747,CANCEL,,,
15749,ORD015749,LIMIT,BUY,99.45,94
15750,ORD015750,LIMIT,SELL,100.76,68
15751,ORD015749,CANCEL,,,
15752,ORD015750,CANCEL,,,
15753,ORD015753,LIMIT,BUY,98.71,40
15754,ORD015754,LIMIT,BUY,99.65,96
15755,ORD015755,LIMIT,BUY,100.17,98
15756,ORD015753,CANCEL,,,
15757,ORD015754,CANCEL,,,
15758,ORD015755,CANCEL,,,
15759,ORD015759,LIMIT,SELL,101.74,6
15760,ORD015760,LIMIT,SELL,101.12,38
15761,ORD015761,LIMIT,BUY,99.11,79
15762,ORD015762,LIMIT,SELL,100.9,11
15763,ORD015761,CANCEL,,,
15764,ORD015762,CANCEL,,,
15765,ORD015760,CANCEL,,,
15766,ORD015766,LIMIT,BUY,100.16,22
15767,ORD015767,LIMIT,SELL,100.62,37
15768,ORD015766,CANCEL,,,
15769,ORD015767,CANCEL,,,
15770,ORD015759,CANCEL,,,
15771,ORD015771,LIMIT,SELL,100.94,45
15772,ORD015772,LIMIT,BUY,100.35,79
15773,ORD015771,CANCEL,,,
15774,ORD015772,CANCEL,,,
15775,ORD015775,LIMIT,BUY,99.92,5
15776,ORD015775,CANCEL,,,
15777,ORD015777,LIMIT,SELL,100.27,62
15778,ORD015778,LIMIT,BUY,99.95,89
15779,ORD015779,LIMIT,SELL,101.1,13
15780,ORD015778,CANCEL,,,
15781,ORD015777,CANCEL,,,
15782,ORD015782,LIMIT,SELL,101.7,49
15783,ORD015782,CANCEL,,,
15784,ORD015779,CANCEL,,,
15785,ORD015785,LIMIT,SELL,100.52,49
15786,ORD015786,LIMIT,SELL,101.57,27
15787,ORD015785,CANCEL,,,
15788,ORD015786,CANCEL,,,
15789,ORD015789,LIMIT,BUY,99.01,67
15790,ORD015789,CANCEL,,,
15791,ORD015791,LIMIT,BUY,100.26,16
15792,ORD015791,CANCEL,,,
15793,ORD015793,LIMIT,BUY,99.6,35
15794,ORD015794,LIMIT,BUY,98.22,16
15795,ORD015795,LIMIT,BUY,100.31,72
15796,ORD015795,CANCEL,,,
15797,ORD015794,CANCEL,,,
15798,ORD015793,CANCEL,,,
15799,ORD015799,LIMIT,BUY,99.85,6
15800,ORD015800,LIMIT,SELL,100.67,90
15801,ORD015800,CANCEL,,,
15802,ORD015799,CANCEL,,,
15803,ORD015803,LIMIT,SELL,99.97,65
15804,ORD015803,CANCEL,,,
15805,ORD015805,LIMIT,SELL,100.85,34
15806,ORD015806,LIMIT,SELL,100.77,4
15807,ORD015807,LIMIT,BUY,99.15,83
15808,ORD015808,LIMIT,SELL,99.98,89
15809,ORD015807,CANCEL,,,
15810,ORD015808,CANCEL,,,
15811,ORD015806,CANCEL,,,
15812,ORD015805,CANCEL,,,
15813,ORD015813,LIMIT,BUY,100.06,85
15814,ORD015813,CANCEL,,,
15815,ORD015815,LIMIT,BUY,98.0,100
15816,ORD015815,CANCEL,,,
15817,ORD015817,LIMIT,BUY,99.8,67
15818,ORD015817,CANCEL,,,
15819,ORD015819,LIMIT,SELL,100.1,39
15820,ORD015820,LIMIT,SELL,100.96,47
15821,ORD015821,LIMIT,BUY,99.42,84
15822,ORD015819,CANCEL,,,
15823,ORD015823,LIMIT,SELL,101.64,65
15824,ORD015820,CANCEL,,,
15825,ORD015823,CANCEL,,,
15826,ORD015821,CANCEL,,,
15827,ORD015827,LIMIT,BUY,98.33,49
15828,ORD015827,CANCEL,,,
15829,ORD015829,LIMIT,SELL,101.69,38
15830,ORD015830,LIMIT,SELL,100.16,59
15831,ORD015830,CANCEL,,,
15832,ORD015829,CANCEL,,,
15833,ORD015833,LIMIT,BUY,99.6,98
15834,ORD015833,CANCEL,,,
15835,ORD015835,MARKET,BUY,,88
15836,ORD015836,LIMIT,BUY,99.34,54
15837,ORD015836,CANCEL,,,
15838,ORD015838,LIMIT,SELL,100.28,1
15839,ORD015838,CANCEL,,,
15840,ORD015840,LIMIT,BUY,99.29,14
15841,ORD015840,CANCEL,,,
15842,ORD015842,LIMIT,SELL,101.55,100
15843,ORD015843,LIMIT,BUY,98.37,22
15844,ORD015842,CANCEL,,,
15845,ORD015843,CANCEL,,,
15846,ORD015846,LIMIT,SELL,100.79,72
15847,ORD015846,CANCEL,,,
15848,ORD015848,LIMIT,SELL,101.17,86
15849,ORD015848,CANCEL,,,
15850,ORD015850,LIMIT,SELL,101.64,51
15851,ORD015850,CANCEL,,,
15852,ORD015852,LIMIT,BUY,99.0,19
15853,ORD015853,LIMIT,BUY,98.57,97
15854,ORD015852,CANCEL,,,
15855,ORD015853,CANCEL,,,
15856,ORD015856,LIMIT,SELL,100.14,17
15857,ORD015856,CANCEL,,,
15858,ORD015858,LIMIT,SELL,101.77,88
15859,ORD015858,CANCEL,,,
15860,ORD015860,LIMIT,SELL,99.94,44
15861,ORD015860,CANCEL,,,
15862,ORD015862,LIMIT,BUY,99.29,47
15863,ORD015862,CANCEL,,,
15864,ORD015864,LIMIT,SELL,101.62,19
15865,ORD015865,LIMIT,BUY,98.01,83
15866,ORD015866,MARKET,BUY,,59
15867,ORD015865,CANCEL,,,
15868,ORD015868,LIMIT,SELL,100.41,65
15869,ORD015868,CANCEL,,,
15870,ORD015870,LIMIT,BUY,100.28,41
15871,ORD015864,CANCEL,,,
15872,ORD015870,CANCEL,,,
15873,ORD015873,LIMIT,BUY,100.43,5
15874,ORD015873,CANCEL,,,
15875,ORD015875,LIMIT,BUY,99.49,38
15876,ORD015875,CANCEL,,,
15877,ORD015877,LIMIT,BUY,98.42,95
15878,ORD015878,LIMIT,BUY,99.69,6
15879,ORD015878,CANCEL,,,
15880,ORD015877,CANCEL,,,
15881,ORD015881,LIMIT,SELL,100.16,18
15882,ORD015882,LIMIT,SELL,101.68,92
15883,ORD015882,CANCEL,,,
15884,ORD015881,CANCEL,,,
15885,ORD015885,LIMIT,BUY,99.12,82
15886,ORD015885,CANCEL,,,
15887,ORD015887,LIMIT,SELL,100.42,6
15888,ORD015888,LIMIT,SELL,101.67,34
15889,ORD015887,CANCEL,,,
15890,ORD015890,LIMIT,SELL,101.25,63
15891,ORD015888,CANCEL,,,
15892,ORD015890,CANCEL,,,
15893,ORD015893,LIMIT,BUY,99.69,1
15894,ORD015894,LIMIT,BUY,98.56,16
15895,ORD015895,LIMIT,SELL,99.8,41
15896,ORD015896,LIMIT,BUY,98.49,81
15897,ORD015894,CANCEL,,,
15898,ORD015893,CANCEL,,,
15899,ORD015896,CANCEL,,,
15900,ORD015895,CANCEL,,,
15901,ORD015901,LIMIT,BUY,98.55,20
15902,ORD015902,LIMIT,SELL,99.57,100
15903,ORD015901,CANCEL,,,
15904,ORD015904,LIMIT,SELL,100.91,73
15905,ORD015902,CANCEL,,,
15906,ORD015904,CANCEL,,,
15907,ORD015907,LIMIT,SELL,101.05,19
15908,ORD015908,LIMIT,BUY,99.75,74
15909,ORD015909,LIMIT,SELL,100.94,81
15910,ORD015907,CANCEL,,,
15911,ORD015909,CANCEL,,,
15912,ORD015912,LIMIT,SELL,101.77,99
15913,ORD015908,CANCEL,,,
15914,ORD015914,LIMIT,BUY,99.89,70
15915,ORD015912,CANCEL,,,
15916,ORD015914,CANCEL,,,
15917,ORD015917,LIMIT,SELL,101.55,35
15918,ORD015918,LIMIT,BUY,98.88,6
15919,ORD015918,CANCEL,,,
15920,ORD015917,CANCEL,,,
15921,ORD015921,LIMIT,BUY,100.22,30
15922,ORD015921,CANCEL,,,
15923,ORD015923,LIMIT,BUY,98.34,65
15924,ORD015923,CANCEL,,,
15925,ORD015925,LIMIT,BUY,99.19,24
15926,ORD015925,CANCEL,,,
15927,ORD015927,LIMIT,SELL,99.92,100
15928,ORD015928,LIMIT,BUY,100.16,90
15929,ORD015927,CANCEL,,,
15930,ORD015930,LIMIT,SELL,101.66,70
15931,ORD015930,CANCEL,,,
15932,ORD015932,LIMIT,SELL,100.6,60
15933,ORD015932,CANCEL,,,
15934,ORD015934,LIMIT,SELL,100.38,90
15935,ORD015935,LIMIT,SELL,100.33,57
15936,ORD015934,CANCEL,,,
15937,ORD015935,CANCEL,,,
15938,ORD015938,LIMIT,SELL,100.99,63
15939,ORD015938,CANCEL,,,
15940,ORD015940,LIMIT,SELL,101.04,73
15941,ORD015940,CANCEL,,,
15942,ORD015942,LIMIT,BUY,98.05,31
15943,ORD015943,LIMIT,BUY,100.47,9
15944,ORD015942,CANCEL,,,
15945,ORD015943,CANCEL,,,
15946,ORD015946,LIMIT,SELL,101.93,15
15947,ORD015947,LIMIT,BUY,98.51,82
15948,ORD015947,CANCEL,,,
15949,ORD015946,CANCEL,,,
15950,ORD015950,LIMIT,BUY,98.14,66
15951,ORD015950,CANCEL,,,
15952,ORD015952,LIMIT,BUY,100.43,34
15953,ORD015952,CANCEL,,,
15954,ORD015954,LIMIT,SELL,100.21,37
15955,ORD015955,LIMIT,BUY,100.28,91
15956,ORD015954,CANCEL,,,
15957,ORD015955,CANCEL,,,
15958,ORD015958,LIMIT,SELL,99.69,40
15959,ORD015958,CANCEL,,,
15960,ORD015960,LIMIT,SELL,100.94,34
15961,ORD015960,CANCEL,,,
15962,ORD015962,LIMIT,SELL,100.68,78
15963,ORD015963,LIMIT,BUY,98.94,72
15964,ORD015962,CANCEL,,,
15965,ORD015965,LIMIT,SELL,101.43,73
15966,ORD015963,CANCEL,,,
15967,ORD015965,CANCEL,,,
15968,ORD015968,LIMIT,BUY,100.25,28
15969,ORD015968,CANCEL,,,
15970,ORD015970,LIMIT,SELL,99.93,50
15971,ORD015970,CANCEL,,,
15972,ORD015972,LIMIT,BUY,98.48,54
15973,ORD015972,CANCEL,,,
15974,ORD015974,LIMIT,SELL,101.49,24
15975,ORD015975,MARKET,SELL,,13
15976,ORD015976,LIMIT,SELL,99.83,6
15977,ORD015974,CANCEL,,,
15978,ORD015976,CANCEL,,,
15979,ORD015979,LIMIT,BUY,99.2,80
15980,ORD015979,CANCEL,,,
15981,ORD015981,LIMIT,SELL,99.57,13
15982,ORD015981,CANCEL,,,
15983,ORD015983,LIMIT,BUY,99.19,11
15984,ORD015983,CANCEL,,,
15985,ORD015985,LIMIT,SELL,100.26,84
15986,ORD015985,CANCEL,,,
15987,ORD015987,LIMIT,BUY,100.03,9
15988,ORD015987,CANCEL,,,
15989,ORD015989,LIMIT,SELL,101.37,45
15990,ORD015989,CANCEL,,,
15991,ORD015991,MARKET,SELL,,52
15992,ORD015992,LIMIT,SELL,101.78,28
15993,ORD015992,CANCEL,,,
15994,ORD015994,MARKET,BUY,,60
15995,ORD015995,LIMIT,BUY,99.77,78
15996,ORD015995,CANCEL,,,
15997,ORD015997,LIMIT,SELL,101.32,91
15998,ORD015997,CANCEL,,,
15999,ORD015999,LIMIT,SELL,101.74,16
16000,ORD015999,CANCEL,,,
16001,ORD016001,LIMIT,BUY,100.2,87
16002,ORD016002,LIMIT,SELL,101.06,32
16003,ORD016002,CANCEL,,,
16004,ORD016001,CANCEL,,,
16005,ORD016005,LIMIT,SELL,100.6,31
16006,ORD016005,CANCEL,,,
16007,ORD016007,LIMIT,BUY,100.4,41
16008,ORD016008,LIMIT,SELL,99.51,55
16009,ORD016008,CANCEL,,,
16010,ORD016007,CANCEL,,,
16011,ORD016011,LIMIT,BUY,99.17,18
16012,ORD016011,CANCEL,,,
16013,ORD016013,LIMIT,SELL,100.04,9
16014,ORD016013,CANCEL,,,
16015,ORD016015,LIMIT,BUY,98.46,11
16016,ORD016016,LIMIT,SELL,99.55,42
16017,ORD016017,LIMIT,SELL,99.68,82
16018,ORD016015,CANCEL,,,
16019,ORD016019,LIMIT,BUY,99.78,5
16020,ORD016020,LIMIT,BUY,98.59,46
16021,ORD016021,LIMIT,BUY,99.93,66
16022,ORD016016,CANCEL,,,
16023,ORD016017,CANCEL,,,
16024,ORD016024,LIMIT,BUY,98.63,5
16025,ORD016024,CANCEL,,,
16026,ORD016020,CANCEL,,,
16027,ORD016027,LIMIT,BUY,98.4,9
16028,ORD016028,LIMIT,BUY,100.06,42
16029,ORD016027,CANCEL,,,
16030,ORD016030,LIMIT,SELL,100.98,51
16031,ORD016028,CANCEL,,,
16032,ORD016030,CANCEL,,,
16033,ORD016033,LIMIT,SELL,100.34,41
16034,ORD016033,CANCEL,,,
16035,ORD016035,LIMIT,SELL,101.83,11
16036,ORD016035,CANCEL,,,
16037,ORD016037,LIMIT,BUY,98.83,14
16038,ORD016037,CANCEL,,,
16039,ORD016039,LIMIT,SELL,99.99,24
16040,ORD016039,CANCEL,,,
16041,ORD016041,LIMIT,SELL,100.65,62
16042,ORD016042,MARKET,SELL,,6
16043,ORD016041,CANCEL,,,
16044,ORD016044,LIMIT,BUY,99.98,54
16045,ORD016044,CANCEL,,,
16046,ORD016046,LIMIT,SELL,100.27,10
16047,ORD016047,LIMIT,SELL,99.88,59
16048,ORD016046,CANCEL,,,
16049,ORD016049,LIMIT,SELL,101.96,21
16050,ORD016047,CANCEL,,,
16051,ORD016049,CANCEL,,,
16052,ORD016052,MARKET,BUY,,72
16053,ORD016053,LIMIT,SELL,99.75,93
16054,ORD016054,LIMIT,SELL,101.82,6
16055,ORD016054,CANCEL,,,
16056,ORD016053,CANCEL,,,
16057,ORD016057,LIMIT,BUY,98.82,69
16058,ORD016057,CANCEL,,,
16059,ORD016059,LIMIT,BUY,98.22,75
16060,ORD016059,CANCEL,,,
16061,ORD016061,LIMIT,SELL,101.83,88
16062,ORD016061,CANCEL,,,
16063,ORD016063,LIMIT,SELL,100.3,34
16064,ORD016063,CANCEL,,,
16065,ORD016065,MARKET,BUY,,3
16066,ORD016066,MARKET,BUY,,3
16067,ORD016067,LIMIT,BUY,99.0,12
16068,ORD016067,CANCEL,,,
16069,ORD016069,LIMIT,SELL,100.27,80
16070,ORD016070,LIMIT,BUY,100.43,64
16071,ORD016069,CANCEL,,,
16072,ORD016072,LIMIT,BUY,99.52,38
16073,ORD016073,LIMIT,BUY,99.89,20
16074,ORD016072,CANCEL,,,
16075,ORD016073,CANCEL,,,
16076,ORD016076,LIMIT,SELL,100.96,21
16077,ORD016077,LIMIT,BUY,99.16,51
16078,ORD016078,LIMIT,BUY,98.72,78
16079,ORD016079,LIMIT,BUY,98.06,86
16080,ORD016079,CANCEL,,,
16081,ORD016081,LIMIT,BUY,99.15,38
16082,ORD016076,CANCEL,,,
16083,ORD016078,CANCEL,,,
16084,ORD016084,LIMIT,SELL,99.79,96
16085,ORD016081,CANCEL,,,
16086,ORD016077,CANCEL,,,
16087,ORD016084,CANCEL,,,
16088,ORD016088,LIMIT,BUY,98.8,88
16089,ORD016088,CANCEL,,,
16090,ORD016090,LIMIT,BUY,98.72,82
16091,ORD016090,CANCEL,,,
16092,ORD016092,LIMIT,BUY,98.95,72
16093,ORD016093,LIMIT,SELL,100.82,74
16094,ORD016092,CANCEL,,,
16095,ORD016093,CANCEL,,,
16096,ORD016096,LIMIT,BUY,98.33,68
16097,ORD016096,CANCEL,,,
16098,ORD016098,LIMIT,SELL,101.85,100
16099,ORD016099,LIMIT,BUY,98.92,46
16100,ORD016098,CANCEL,,,
16101,ORD016099,CANCEL,,,
16102,ORD016102,LIMIT,BUY,99.69,92
16103,ORD016102,CANCEL,,,
16104,ORD016104,LIMIT,SELL,100.09,1
16105,ORD016104,CANCEL,,,
16106,ORD016106,LIMIT,SELL,101.48,80
16107,ORD016107,LIMIT,SELL,101.16,73
16108,ORD016107,CANCEL,,,
16109,ORD016106,CANCEL,,,
16110,ORD016110,LIMIT,BUY,98.51,70
16111,ORD016110,CANCEL,,,
16112,ORD016112,LIMIT,BUY,99.86,55
16113,ORD016112,CANCEL,,,
16114,ORD016114,LIMIT,BUY,100.29,1
16115,ORD016114,CANCEL,,,
16116,ORD016116,LIMIT,SELL,99.7,8
16117,ORD016116,CANCEL,,,
16118,ORD016118,LIMIT,BUY,100.35,91
16119,ORD016118,CANCEL,,,
16120,ORD016120,LIMIT,BUY,98.14,96
16121,ORD016120,CANCEL,,,
16122,ORD016122,LIMIT,BUY,98.04,49
16123,ORD016122,CANCEL,,,
16124,ORD016124,LIMIT,SELL,101.59,60
16125,ORD016125,LIMIT,SELL,100.79,64
16126,ORD016124,CANCEL,,,
16127,ORD016125,CANCEL,,,
16128,ORD016128,LIMIT,SELL,101.69,82
16129,ORD016128,CANCEL,,,
16130,ORD016130,MARKET,BUY,,67
16131,ORD016131,LIMIT,BUY,99.12,17
16132,ORD016131,CANCEL,,,
16133,ORD016133,LIMIT,SELL,100.87,59
16134,ORD016134,LIMIT,SELL,100.09,90
16135,ORD016135,LIMIT,BUY,98.84,55
16136,ORD016136,LIMIT,BUY,98.53,31
16137,ORD016137,LIMIT,BUY,98.58,1
16138,ORD016136,CANCEL,,,
16139,ORD016137,CANCEL,,,
16140,ORD016133,CANCEL,,,
16141,ORD016134,CANCEL,,,
16142,ORD016142,LIMIT,SELL,101.75,11
16143,ORD016135,CANCEL,,,
16144,ORD016142,CANCEL,,,
16145,ORD016145,LIMIT,BUY,98.3,3
16146,ORD016145,CANCEL,,,
16147,ORD016147,LIMIT,BUY,98.11,70
16148,ORD016147,CANCEL,,,
16149,ORD016149,LIMIT,BUY,100.1,90
16150,ORD016149,CANCEL,,,
16151,ORD016151,LIMIT,SELL,101.17,51
16152,ORD016151,CANCEL,,,
16153,ORD016153,LIMIT,SELL,100.66,50
16154,ORD016153,CANCEL,,,
16155,ORD016155,LIMIT,SELL,101.72,40
16156,ORD016156,LIMIT,BUY,98.85,12
16157,ORD016155,CANCEL,,,
16158,ORD016158,LIMIT,BUY,100.06,40
16159,ORD016156,CANCEL,,,
16160,ORD016160,LIMIT,BUY,98.96,79
16161,ORD016161,LIMIT,SELL,100.77,14
16162,ORD016162,LIMIT,SELL,100.22,96
16163,ORD016160,CANCEL,,,
16164,ORD016161,CANCEL,,,
16165,ORD016165,LIMIT,SELL,99.8,33
16166,ORD016158,CANCEL,,,
16167,ORD016162,CANCEL,,,
16168,ORD016168,LIMIT,BUY,100.3,44
16169,ORD016168,CANCEL,,,
16170,ORD016170,LIMIT,SELL,100.24,62
16171,ORD016171,LIMIT,SELL,101.68,92
16172,ORD016172,LIMIT,SELL,100.39,19
16173,ORD016171,CANCEL,,,
16174,ORD016174,LIMIT,SELL,101.07,50
16175,ORD016175,LIMIT,BUY,99.59,71
16176,ORD016172,CANCEL,,,
16177,ORD016175,CANCEL,,,
16178,ORD016174,CANCEL,,,
16179,ORD016179,LIMIT,SELL,101.83,35
16180,ORD016179,CANCEL,,,
16181,ORD016170,CANCEL,,,
16182,ORD016182,LIMIT,BUY,99.17,15
16183,ORD016182,CANCEL,,,
16184,ORD016184,LIMIT,SELL,99.75,92
16185,ORD016184,CANCEL,,,
16186,ORD016186,MARKET,BUY,,39
16187,ORD016187,LIMIT,BUY,99.0,97
16188,ORD016187,CANCEL,,,
16189,ORD016189,LIMIT,BUY,99.32,4
16190,ORD016189,CANCEL,,,
16191,ORD016191,LIMIT,SELL,100.98,2
16192,ORD016192,LIMIT,BUY,99.27,83
16193,ORD016192,CANCEL,,,
16194,ORD016191,CANCEL,,,
16195,ORD016195,MARKET,SELL,,82
16196,ORD016196,LIMIT,BUY,99.01,99
16197,ORD016197,LIMIT,SELL,100.36,32
16198,ORD016196,CANCEL,,,
16199,ORD016199,LIMIT,BUY,99.94,78
16200,ORD016200,LIMIT,SELL,99.71,94
16201,ORD016197,CANCEL,,,
16202,ORD016199,CANCEL,,,
16203,ORD016200,CANCEL,,,
16204,ORD016204,LIMIT,SELL,99.82,58
16205,ORD016204,CANCEL,,,
16206,ORD016206,LIMIT,BUY,98.09,26
16207,ORD016207,LIMIT,BUY,99.78,27
16208,ORD016208,LIMIT,BUY,99.94,11
16209,ORD016209,LIMIT,SELL,100.49,99
16210,ORD016210,LIMIT,BUY,98.97,94
16211,ORD016206,CANCEL,,,
16212,ORD016210,CANCEL,,,
16213,ORD016207,CANCEL,,,
16214,ORD016209,CANCEL,,,
16215,ORD016208,CANCEL,,,
16216,ORD016216,LIMIT,BUY,98.27,13
16217,ORD016216,CANCEL,,,
16218,ORD016218,LIMIT,BUY,99.44,64
16219,ORD016218,CANCEL,,,
16220,ORD016220,LIMIT,BUY,98.7,1
16221,ORD016220,CANCEL,,,
16222,ORD016222,LIMIT,SELL,100.89,88
16223,ORD016222,CANCEL,,,
16224,ORD016224,LIMIT,SELL,100.87,15
16225,ORD016224,CANCEL,,,
16226,ORD016226,LIMIT,BUY,98.7,84
16227,ORD016226,CANCEL,,,
16228,ORD016228,LIMIT,BUY,99.1,69
16229,ORD016229,LIMIT,SELL,100.8,43
16230,ORD016228,CANCEL,,,
16231,ORD016229,CANCEL,,,
16232,ORD016232,LIMIT,SELL,101.21,17
16233,ORD016232,CANCEL,,,
16234,ORD016234,LIMIT,SELL,99.82,23
16235,ORD016234,CANCEL,,,
16236,ORD016236,LIMIT,SELL,100.18,16
16237,ORD016237,LIMIT,BUY,99.22,83
16238,ORD016236,CANCEL,,,
16239,ORD016239,MARKET,BUY,,27
16240,ORD016240,LIMIT,SELL,101.32,14
16241,ORD016240,CANCEL,,,
16242,ORD016237,CANCEL,,,
16243,ORD016243,LIMIT,SELL,99.96,30
16244,ORD016243,CANCEL,,,
16245,ORD016245,LIMIT,SELL,100.64,40
16246,ORD016246,LIMIT,SELL,101.92,84
16247,ORD016245,CANCEL,,,
16248,ORD016246,CANCEL,,,
16249,ORD016249,LIMIT,BUY,98.46,24
16250,ORD016249,CANCEL,,,
16251,ORD016251,LIMIT,SELL,99.52,30
16252,ORD016251,CANCEL,,,
16253,ORD016253,LIMIT,BUY,100.22,44
16254,ORD016253,CANCEL,,,
16255,ORD016255,LIMIT,SELL,99.85,24
16256,ORD016256,LIMIT,BUY,100.27,5
16257,ORD016257,LIMIT,BUY,98.54,36
16258,ORD016255,CANCEL,,,
16259,ORD016257,CANCEL,,,
16260,ORD016260,LIMIT,SELL,101.42,27
16261,ORD016260,CANCEL,,,
16262,ORD016262,LIMIT,BUY,99.66,53
16263,ORD016262,CANCEL,,,
16264,ORD016264,LIMIT,SELL,101.1,25
16265,ORD016264,CANCEL,,,
16266,ORD016266,LIMIT,SELL,101.01,62
16267,ORD016266,CANCEL,,,
16268,ORD016268,LIMIT,BUY,99.77,40
16269,ORD016268,CANCEL,,,
16270,ORD016270,LIMIT,BUY,99.49,64
16271,ORD016270,CANCEL,,,
16272,ORD016272,LIMIT,SELL,99.89,27
16273,ORD016272,CANCEL,,,
16274,ORD016274,LIMIT,SELL,100.11,39
16275,ORD016274,CANCEL,,,
16276,ORD016276,LIMIT,BUY,99.83,49
16277,ORD016276,CANCEL,,,
16278,ORD016278,LIMIT,SELL,101.39,87
16279,ORD016279,LIMIT,BUY,99.69,87
16280,ORD016278,CANCEL,,,
16281,ORD016281,LIMIT,SELL,100.18,64
16282,ORD016279,CANCEL,,,
16283,ORD016283,LIMIT,SELL,101.1,84
16284,ORD016284,LIMIT,BUY,100.01,45
16285,ORD016284,CANCEL,,,
16286,ORD016283,CANCEL,,,
16287,ORD016281,CANCEL,,,
16288,ORD016288,LIMIT,SELL,100.33,43
16289,ORD016288,CANCEL,,,
16290,ORD016290,LIMIT,BUY,99.48,39
16291,ORD016290,CANCEL,,,
16292,ORD016292,LIMIT,SELL,101.95,47
16293,ORD016292,CANCEL,,,
16294,ORD016294,LIMIT,SELL,100.87,28
16295,ORD016294,CANCEL,,,
16296,ORD016296,LIMIT,SELL,101.5,50
16297,ORD016296,CANCEL,,,
16298,ORD016298,LIMIT,BUY,98.41,79
16299,ORD016298,CANCEL,,,
16300,ORD016300,LIMIT,BUY,100.39,97
16301,ORD016300,CANCEL,,,
16302,ORD016302,LIMIT,BUY,99.83,90
16303,ORD016302,CANCEL,,,
16304,ORD016304,LIMIT,SELL,100.16,58
16305,ORD016304,CANCEL,,,
16306,ORD016306,LIMIT,SELL,99.51,9
16307,ORD016306,CANCEL,,,
16308,ORD016308,LIMIT,SELL,99.79,71
16309,ORD016309,LIMIT,SELL,100.75,86
16310,ORD016309,CANCEL,,,
16311,ORD016308,CANCEL,,,
16312,ORD016312,LIMIT,SELL,101.55,45
16313,ORD016313,LIMIT,BUY,99.46,98
16314,ORD016313,CANCEL,,,
16315,ORD016315,LIMIT,SELL,99.8,16
16316,ORD016316,LIMIT,SELL,99.7,17
16317,ORD016315,CANCEL,,,
16318,ORD016316,CANCEL,,,
16319,ORD016312,CANCEL,,,
16320,ORD016320,LIMIT,SELL,101.62,65
16321,ORD016320,CANCEL,,,
16322,ORD016322,LIMIT,BUY,98.12,31
16323,ORD016322,CANCEL,,,
16324,ORD016324,LIMIT,BUY,100.45,5
16325,ORD016324,CANCEL,,,
16326,ORD016326,LIMIT,BUY,98.3,20
16327,ORD016326,CANCEL,,,
16328,ORD016328,LIMIT,SELL,100.5,30
16329,ORD016328,CANCEL,,,
16330,ORD016330,MARKET,BUY,,56
16331,ORD016331,LIMIT,BUY,99.69,17
16332,ORD016332,LIMIT,SELL,100.62,3
16333,ORD016333,LIMIT,SELL,99.62,50
16334,ORD016333,CANCEL,,,
16335,ORD016331,CANCEL,,,
16336,ORD016332,CANCEL,,,
16337,ORD016337,LIMIT,SELL,100.76,63
16338,ORD016337,CANCEL,,,
16339,ORD016339,LIMIT,SELL,101.41,67
16340,ORD016339,CANCEL,,,
16341,ORD016341,LIMIT,BUY,98.59,73
16342,ORD016341,CANCEL,,,
16343,ORD016343,LIMIT,BUY,98.11,51
16344,ORD016343,CANCEL,,,
16345,ORD016345,LIMIT,BUY,99.78,27
16346,ORD016345,CANCEL,,,
16347,ORD016347,LIMIT,SELL,100.3,14
16348,ORD016348,LIMIT,SELL,101.05,36
16349,ORD016348,CANCEL,,,
16350,ORD016350,LIMIT,SELL,101.35,7
16351,ORD016350,CANCEL,,,
16352,ORD016347,CANCEL,,,
16353,ORD016353,LIMIT,SELL,101.96,66
16354,ORD016354,LIMIT,SELL,99.61,56
16355,ORD016355,LIMIT,SELL,101.4,59
16356,ORD016356,LIMIT,SELL,100.33,94
16357,ORD016356,CANCEL,,,
16358,ORD016358,LIMIT,BUY,98.1,83
16359,ORD016353,CANCEL,,,
16360,ORD016360,LIMIT,BUY,99.83,32
16361,ORD016361,LIMIT,SELL,101.08,93
16362,ORD016358,CANCEL,,,
16363,ORD016363,LIMIT,BUY,99.34,58
16364,ORD016364,LIMIT,BUY,99.13,60
16365,ORD016363,CANCEL,,,
16366,ORD016354,CANCEL,,,
16367,ORD016361,CANCEL,,,
16368,ORD016368,MARKET,BUY,,53
16369,ORD016364,CANCEL,,,
16370,ORD016355,CANCEL,,,
16371,ORD016371,LIMIT,SELL,100.02,25
16372,ORD016372,LIMIT,BUY,99.55,85
16373,ORD016373,LIMIT,BUY,98.15,37
16374,ORD016374,LIMIT,BUY,98.58,77
16375,ORD016375,LIMIT,BUY,98.76,69
16376,ORD016372,CANCEL,,,
16377,ORD016371,CANCEL,,,
16378,ORD016378,LIMIT,BUY,98.5,99
16379,ORD016374,CANCEL,,,
16380,ORD016380,LIMIT,SELL,100.37,1
16381,ORD016375,CANCEL,,,
16382,ORD016380,CANCEL,,,
16383,ORD016373,CANCEL,,,
16384,ORD016384,LIMIT,BUY,99.11,96
16385,ORD016384,CANCEL,,,
16386,ORD016386,LIMIT,BUY,100.22,7
16387,ORD016387,LIMIT,SELL,101.0,11
16388,ORD016388,LIMIT,BUY,99.51,69
16389,ORD016388,CANCEL,,,
16390,ORD016387,CANCEL,,,
16391,ORD016378,CANCEL,,,
16392,ORD016386,CANCEL,,,
16393,ORD016393,LIMIT,BUY,99.37,89
16394,ORD016393,CANCEL,,,
16395,ORD016395,LIMIT,BUY,100.29,96
16396,ORD016395,CANCEL,,,
16397,ORD016397,LIMIT,SELL,101.3,8
16398,ORD016397,CANCEL,,,
16399,ORD016399,LIMIT,SELL,101.72,54
16400,ORD016399,CANCEL,,,
16401,ORD016401,LIMIT,BUY,98.03,90
16402,ORD016402,LIMIT,SELL,99.88,75
16403,ORD016401,CANCEL,,,
16404,ORD016402,CANCEL,,,
16405,ORD016405,LIMIT,SELL,100.81,75
16406,ORD016405,CANCEL,,,
16407,ORD016407,LIMIT,BUY,99.4,67
16408,ORD016407,CANCEL,,,
16409,ORD016409,LIMIT,BUY,99.99,84
16410,ORD016410,LIMIT,SELL,101.35,67
16411,ORD016409,CANCEL,,,
16412,ORD016410,CANCEL,,,
16413,ORD016413,LIMIT,BUY,99.34,40
16414,ORD016414,LIMIT,SELL,100.35,63
16415,ORD016414,CANCEL,,,
16416,ORD016413,CANCEL,,,
16417,ORD016417,LIMIT,SELL,100.87,61
16418,ORD016418,LIMIT,BUY,99.46,65
16419,ORD016417,CANCEL,,,
16420,ORD016418,CANCEL,,,
16421,ORD016421,LIMIT,BUY,98.23,38
16422,ORD016421,CANCEL,,,
16423,ORD016423,LIMIT,BUY,98.6,40
16424,ORD016424,LIMIT,BUY,100.16,39
16425,ORD016423,CANCEL,,,
16426,ORD016424,CANCEL,,,
16427,ORD016427,LIMIT,BUY,99.91,55
16428,ORD016428,LIMIT,SELL,99.67,71
16429,ORD016428,CANCEL,,,
16430,ORD016430,LIMIT,SELL,100.67,55
16431,ORD016430,CANCEL,,,
16432,ORD016432,LIMIT,SELL,101.67,39
16433,ORD016432,CANCEL,,,
16434,ORD016427,CANCEL,,,
16435,ORD016435,LIMIT,BUY,100.23,9
16436,ORD016435,CANCEL,,,
16437,ORD016437,LIMIT,BUY,99.48,23
16438,ORD016437,CANCEL,,,
16439,ORD016439,LIMIT,BUY,99.39,42
16440,ORD016440,LIMIT,SELL,101.73,65
16441,ORD016439,CANCEL,,,
16442,ORD016440,CANCEL,,,
16443,ORD016443,LIMIT,SELL,100.91,48
16444,ORD016444,LIMIT,SELL,100.97,43
16445,ORD016443,CANCEL,,,
16446,ORD016444,CANCEL,,,
16447,ORD016447,LIMIT,BUY,99.9,62
16448,ORD016447,CANCEL,,,
16449,ORD016449,LIMIT,SELL,101.55,43
16450,ORD016450,LIMIT,SELL,99.91,96
16451,ORD016450,CANCEL,,,
16452,ORD016449,CANCEL,,,
16453,ORD016453,LIMIT,BUY,99.63,23
16454,ORD016453,CANCEL,,,
16455,ORD016455,LIMIT,SELL,99.54,19
16456,ORD016455,CANCEL,,,
16457,ORD016457,LIMIT,BUY,100.01,4
16458,ORD016457,CANCEL,,,
16459,ORD016459,LIMIT,BUY,100.08,48
16460,ORD016459,CANCEL,,,
16461,ORD016461,LIMIT,BUY,100.49,5
16462,ORD016461,CANCEL,,,
16463,ORD016463,LIMIT,BUY,98.7,92
16464,ORD016463,CANCEL,,,
16465,ORD016465,LIMIT,BUY,100.06,86
16466,ORD016465,CANCEL,,,
16467,ORD016467,LIMIT,SELL,99.99,30
16468,ORD016467,CANCEL,,,
16469,ORD016469,LIMIT,BUY,100.11,90
16470,ORD016469,CANCEL,,,
16471,ORD016471,LIMIT,SELL,101.96,31
16472,ORD016471,CANCEL,,,
16473,ORD016473,LIMIT,BUY,100.1,85
16474,ORD016473,CANCEL,,,
16475,ORD016475,LIMIT,SELL,100.61,26
16476,ORD016475,CANCEL,,,
16477,ORD016477,LIMIT,BUY,98.95,46
16478,ORD016477,CANCEL,,,
16479,ORD016479,LIMIT,BUY,100.23,2
16480,ORD016479,CANCEL,,,
16481,ORD016481,LIMIT,SELL,101.88,87
16482,ORD016481,CANCEL,,,
16483,ORD016483,LIMIT,SELL,101.65,100
16484,ORD016484,LIMIT,SELL,100.87,88
16485,ORD016483,CANCEL,,,
16486,ORD016484,CANCEL,,,
16487,ORD016487,LIMIT,BUY,98.66,94
16488,ORD016487,CANCEL,,,
16489,ORD016489,LIMIT,BUY,99.11,10
16490,ORD016490,LIMIT,SELL,99.75,4
16491,ORD016489,CANCEL,,,
16492,ORD016492,LIMIT,SELL,100.27,78
16493,ORD016493,LIMIT,SELL,99.74,47
16494,ORD016490,CANCEL,,,
16495,ORD016495,LIMIT,SELL,100.3,14
16496,ORD016493,CANCEL,,,
16497,ORD016495,CANCEL,,,
16498,ORD016492,CANCEL,,,
16499,ORD016499,LIMIT,BUY,98.06,83
16500,ORD016499,CANCEL,,,
16501,ORD016501,LIMIT,BUY,99.77,70
16502,ORD016501,CANCEL,,,
16503,ORD016503,LIMIT,BUY,99.4,96
16504,ORD016503,CANCEL,,,
16505,ORD016505,LIMIT,SELL,100.79,34
16506,ORD016506,LIMIT,BUY,99.57,87
16507,ORD016505,CANCEL,,,
16508,ORD016508,LIMIT,SELL,101.09,75
16509,ORD016508,CANCEL,,,
16510,ORD016506,CANCEL,,,
16511,ORD016511,LIMIT,SELL,100.73,84
16512,ORD016511,CANCEL,,,
16513,ORD016513,LIMIT,SELL,101.6,96
16514,ORD016514,MARKET,BUY,,48
16515,ORD016515,LIMIT,SELL,100.66,33
16516,ORD016516,LIMIT,BUY,98.58,38
16517,ORD016516,CANCEL,,,
16518,ORD016513,CANCEL,,,
16519,ORD016515,CANCEL,,,
16520,ORD016520,LIMIT,SELL,100.05,87
16521,ORD016520,CANCEL,,,
16522,ORD016522,LIMIT,SELL,99.53,78
16523,ORD016522,CANCEL,,,
16524,ORD016524,LIMIT,BUY,99.99,29
16525,ORD016524,CANCEL,,,
16526,ORD016526,MARKET,SELL,,45
16527,ORD016527,LIMIT,SELL,100.59,10
16528,ORD016528,LIMIT,BUY,98.76,95
16529,ORD016529,LIMIT,BUY,98.83,39
16530,ORD016530,LIMIT,SELL,101.73,3
16531,ORD016531,LIMIT,BUY,99.39,68
16532,ORD016531,CANCEL,,,
16533,ORD016530,CANCEL,,,
16534,ORD016528,CANCEL,,,
16535,ORD016529,CANCEL,,,
16536,ORD016527,CANCEL,,,
16537,ORD016537,LIMIT,BUY,98.31,49
16538,ORD016537,CANCEL,,,
16539,ORD016539,LIMIT,SELL,100.8,54
16540,ORD016539,CANCEL,,,
16541,ORD016541,LIMIT,BUY,98.42,68
16542,ORD016541,CANCEL,,,
16543,ORD016543,LIMIT,SELL,101.02,31
16544,ORD016544,LIMIT,BUY,99.74,4
16545,ORD016544,CANCEL,,,
16546,ORD016543,CANCEL,,,
16547,ORD016547,LIMIT,SELL,101.82,22
16548,ORD016547,CANCEL,,,
16549,ORD016549,LIMIT,BUY,99.62,93
16550,ORD016549,CANCEL,,,
16551,ORD016551,LIMIT,BUY,99.65,67
16552,ORD016552,LIMIT,SELL,101.09,35
16553,ORD016553,LIMIT,BUY,98.65,36
16554,ORD016551,CANCEL,,,
16555,ORD016552,CANCEL,,,
16556,ORD016556,LIMIT,BUY,98.1,20
16557,ORD016557,LIMIT,SELL,99.74,28
16558,ORD016556,CANCEL,,,
16559,ORD016553,CANCEL,,,
16560,ORD016557,CANCEL,,,
16561,ORD016561,LIMIT,SELL,101.39,97
16562,ORD016561,CANCEL,,,
16563,ORD016563,LIMIT,BUY,98.29,83
16564,ORD016563,CANCEL,,,
16565,ORD016565,LIMIT,BUY,100.29,73
16566,ORD016565,CANCEL,,,
16567,ORD016567,LIMIT,SELL,99.84,82
16568,ORD016567,CANCEL,,,
16569,ORD016569,LIMIT,BUY,99.28,24
16570,ORD016570,LIMIT,SELL,101.14,36
16571,ORD016570,CANCEL,,,
16572,ORD016572,LIMIT,BUY,98.04,55
16573,ORD016573,LIMIT,BUY,99.72,30
16574,ORD016569,CANCEL,,,
16575,ORD016572,CANCEL,,,
16576,ORD016573,CANCEL,,,
16577,ORD016577,LIMIT,SELL,100.75,84
16578,ORD016578,LIMIT,SELL,101.51,33
16579,ORD016578,CANCEL,,,
16580,ORD016577,CANCEL,,,
16581,ORD016581,LIMIT,BUY,99.72,64
16582,ORD016581,CANCEL,,,
16583,ORD016583,LIMIT,BUY,99.23,42
16584,ORD016584,LIMIT,BUY,99.3,39
16585,ORD016584,CANCEL,,,
16586,ORD016586,LIMIT,BUY,99.91,88
16587,ORD016586,CANCEL,,,
16588,ORD016588,LIMIT,SELL,101.51,77
16589,ORD016589,LIMIT,SELL,101.28,44
16590,ORD016590,LIMIT,BUY,99.85,38
16591,ORD016590,CANCEL,,,
16592,ORD016588,CANCEL,,,
16593,ORD016583,CANCEL,,,
16594,ORD016594,LIMIT,BUY,99.84,8
16595,ORD016594,CANCEL,,,
16596,ORD016589,CANCEL,,,
16597,ORD016597,LIMIT,SELL,101.48,16
16598,ORD016598,LIMIT,SELL,101.79,45
16599,ORD016597,CANCEL,,,
16600,ORD016598,CANCEL,,,
16601,ORD016601,MARKET,BUY,,36
16602,ORD016602,LIMIT,BUY,99.11,50
16603,ORD016602,CANCEL,,,
16604,ORD016604,LIMIT,SELL,100.5,35
16605,ORD016604,CANCEL,,,
16606,ORD016606,LIMIT,BUY,98.55,5
16607,ORD016607,LIMIT,BUY,98.54,99
16608,ORD016608,LIMIT,BUY,99.23,27
16609,ORD016607,CANCEL,,,
16610,ORD016610,LIMIT,BUY,98.19,65
16611,ORD016611,LIMIT,BUY,98.35,83
16612,ORD016612,LIMIT,SELL,100.32,87
16613,ORD016606,CANCEL,,,
16614,ORD016612,CANCEL,,,
16615,ORD016610,CANCEL,,,
16616,ORD016616,LIMIT,SELL,101.51,1
16617,ORD016611,CANCEL,,,
16618,ORD016616,CANCEL,,,
16619,ORD016608,CANCEL,,,
16620,ORD016620,LIMIT,SELL,101.83,84
16621,ORD016620,CANCEL,,,
16622,ORD016622,LIMIT,BUY,99.43,17
16623,ORD016622,CANCEL,,,
16624,ORD016624,LIMIT,SELL,100.72,55
16625,ORD016624,CANCEL,,,
16626,ORD016626,LIMIT,SELL,100.1,2
16627,ORD016626,CANCEL,,,
16628,ORD016628,LIMIT,BUY,99.63,36
16629,ORD016628,CANCEL,,,
16630,ORD016630,LIMIT,BUY,99.43,13
16631,ORD016630,CANCEL,,,
16632,ORD016632,MARKET,BUY,,83
16633,ORD016633,LIMIT,BUY,99.21,83
16634,ORD016634,LIMIT,SELL,100.79,48
16635,ORD016633,CANCEL,,,
16636,ORD016634,CANCEL,,,
16637,ORD016637,LIMIT,BUY,98.01,72
16638,ORD016637,CANCEL,,,
16639,ORD016639,LIMIT,BUY,98.74,50
16640,ORD016639,CANCEL,,,
16641,ORD016641,LIMIT,SELL,100.4,56
16642,ORD016641,CANCEL,,,
16643,ORD016643,LIMIT,SELL,101.54,39
16644,ORD016644,LIMIT,BUY,99.43,26
16645,ORD016645,MARKET,SELL,,74
16646,ORD016646,LIMIT,BUY,100.23,10
16647,ORD016644,CANCEL,,,
16648,ORD016646,CANCEL,,,
16649,ORD016643,CANCEL,,,
16650,ORD016650,LIMIT,BUY,99.42,34
16651,ORD016651,MARKET,SELL,,42
16652,ORD016650,CANCEL,,,
16653,ORD016653,LIMIT,BUY,100.12,50
16654,ORD016653,CANCEL,,,
16655,ORD016655,LIMIT,SELL,100.99,33
16656,ORD016656,LIMIT,BUY,100.1,10
16657,ORD016657,LIMIT,SELL,100.73,92
16658,ORD016655,CANCEL,,,
16659,ORD016656,CANCEL,,,
16660,ORD016660,LIMIT,SELL,100.46,86
16661,ORD016657,CANCEL,,,
16662,ORD016660,CANCEL,,,
16663,ORD016663,LIMIT,BUY,99.08,99
16664,ORD016663,CANCEL,,,
16665,ORD016665,LIMIT,SELL,99.85,78
16666,ORD016665,CANCEL,,,
16667,ORD016667,LIMIT,SELL,100.5,82
16668,ORD016667,CANCEL,,,
16669,ORD016669,LIMIT,BUY,98.64,83
16670,ORD016670,LIMIT,SELL,101.71,73
16671,ORD016671,LIMIT,SELL,99.9,89
16672,ORD016670,CANCEL,,,
16673,ORD016673,LIMIT,SELL,101.03,29
16674,ORD016673,CANCEL,,,
16675,ORD016675,LIMIT,BUY,99.64,23
16676,ORD016675,CANCEL,,,
16677,ORD016677,LIMIT,SELL,101.93,20
16678,ORD016677,CANCEL,,,
16679,ORD016669,CANCEL,,,
16680,ORD016680,LIMIT,BUY,98.49,2
16681,ORD016680,CANCEL,,,
16682,ORD016671,CANCEL,,,
16683,ORD016683,LIMIT,SELL,100.94,38
16684,ORD016683,CANCEL,,,
16685,ORD016685,LIMIT,BUY,98.32,61
16686,ORD016685,CANCEL,,,
16687,ORD016687,LIMIT,BUY,99.64,29
16688,ORD016687,CANCEL,,,
16689,ORD016689,LIMIT,BUY,98.96,69
16690,ORD016690,LIMIT,SELL,100.85,4
16691,ORD016689,CANCEL,,,
16692,ORD016690,CANCEL,,,
16693,ORD016693,LIMIT,SELL,99.59,25
16694,ORD016694,LIMIT,SELL,101.3,65
16695,ORD016694,CANCEL,,,
16696,ORD016693,CANCEL,,,
16697,ORD016697,LIMIT,SELL,99.63,73
16698,ORD016698,LIMIT,SELL,101.46,26
16699,ORD016697,CANCEL,,,
16700,ORD016700,LIMIT,SELL,100.14,25
16701,ORD016700,CANCEL,,,
16702,ORD016702,LIMIT,SELL,99.81,2
16703,ORD016703,LIMIT,BUY,100.04,2
16704,ORD016702,CANCEL,,,
16705,ORD016698,CANCEL,,,
16706,ORD016706,LIMIT,BUY,98.65,63
16707,ORD016706,CANCEL,,,
16708,ORD016708,LIMIT,BUY,98.16,37
16709,ORD016708,CANCEL,,,
16710,ORD016710,LIMIT,SELL,100.72,22
16711,ORD016711,LIMIT,BUY,98.63,43
16712,ORD016712,LIMIT,BUY,98.47,12
16713,ORD016710,CANCEL,,,
16714,ORD016712,CANCEL,,,
16715,ORD016711,CANCEL,,,
16716,ORD016716,LIMIT,SELL,101.25,15
16717,ORD016716,CANCEL,,,
16718,ORD016718,LIMIT,BUY,98.1,43
16719,ORD016719,LIMIT,SELL,100.62,63
16720,ORD016718,CANCEL,,,
16721,ORD016719,CANCEL,,,
16722,ORD016722,LIMIT,SELL,101.97,24
16723,ORD016722,CANCEL,,,
16724,ORD016724,LIMIT,BUY,100.08,8
16725,ORD016725,LIMIT,BUY,99.26,6
16726,ORD016724,CANCEL,,,
16727,ORD016725,CANCEL,,,
16728,ORD016728,MARKET,SELL,,86
16729,ORD016729,LIMIT,BUY,100.49,53
16730,ORD016730,LIMIT,SELL,100.25,5
16731,ORD016729,CANCEL,,,
16732,ORD016732,LIMIT,SELL,99.85,48
16733,ORD016733,LIMIT,SELL,101.99,69
16734,ORD016734,LIMIT,SELL,100.75,93
16735,ORD016733,CANCEL,,,
16736,ORD016736,LIMIT,BUY,98.39,66
16737,ORD016736,CANCEL,,,
16738,ORD016738,LIMIT,SELL,101.45,47
16739,ORD016739,LIMIT,BUY,100.1,53
16740,ORD016738,CANCEL,,,
16741,ORD016741,LIMIT,BUY,98.26,90
16742,ORD016742,LIMIT,SELL,100.49,15
16743,ORD016741,CANCEL,,,
16744,ORD016739,CANCEL,,,
16745,ORD016732,CANCEL,,,
16746,ORD016734,CANCEL,,,
16747,ORD016742,CANCEL,,,
16748,ORD016748,MARKET,BUY,,22
16749,ORD016749,LIMIT,SELL,100.13,80
16750,ORD016749,CANCEL,,,
16751,ORD016751,MARKET,SELL,,65
16752,ORD016752,LIMIT,SELL,101.71,77
16753,ORD016752,CANCEL,,,
16754,ORD016754,LIMIT,BUY,99.45,71
16755,ORD016754,CANCEL,,,
16756,ORD016756,LIMIT,SELL,101.61,51
16757,ORD016756,CANCEL,,,
16758,ORD016758,LIMIT,BUY,98.91,40
16759,ORD016758,CANCEL,,,
16760,ORD016760,LIMIT,BUY,98.0,99
16761,ORD016760,CANCEL,,,
16762,ORD016762,LIMIT,BUY,98.05,75
16763,ORD016762,CANCEL,,,
16764,ORD016764,LIMIT,SELL,100.36,73
16765,ORD016764,CANCEL,,,
16766,ORD016766,LIMIT,SELL,101.45,90
16767,ORD016766,CANCEL,,,
16768,ORD016768,LIMIT,BUY,100.3,18
16769,ORD016769,LIMIT,SELL,101.45,89
16770,ORD016768,CANCEL,,,
16771,ORD016769,CANCEL,,,
16772,ORD016772,LIMIT,BUY,99.68,15
16773,ORD016772,CANCEL,,,
16774,ORD016774,LIMIT,SELL,101.8,97
16775,ORD016774,CANCEL,,,
16776,ORD016776,LIMIT,SELL,99.55,89
16777,ORD016776,CANCEL,,,
16778,ORD016778,LIMIT,SELL,101.73,63
16779,ORD016778,CANCEL,,,
16780,ORD016780,LIMIT,SELL,101.26,82
16781,ORD016781,MARKET,SELL,,25
16782,ORD016782,LIMIT,BUY,98.1,82
16783,ORD016782,CANCEL,,,
16784,ORD016780,CANCEL,,,
16785,ORD016785,LIMIT,BUY,99.11,44
16786,ORD016786,LIMIT,BUY,99.89,26
16787,ORD016786,CANCEL,,,
16788,ORD016785,CANCEL,,,
16789,ORD016789,LIMIT,BUY,98.21,21
16790,ORD016789,CANCEL,,,
16791,ORD016791,LIMIT,SELL,100.6,50
16792,ORD016791,CANCEL,,,
16793,ORD016793,LIMIT,BUY,98.38,73
16794,ORD016793,CANCEL,,,
16795,ORD016795,LIMIT,SELL,101.71,75
16796,ORD016795,CANCEL,,,
16797,ORD016797,LIMIT,SELL,101.53,9
16798,ORD016798,LIMIT,SELL,100.79,8
16799,ORD016799,LIMIT,BUY,100.05,80
16800,ORD016798,CANCEL,,,
16801,ORD016797,CANCEL,,,
16802,ORD016799,CANCEL,,,
16803,ORD016803,LIMIT,SELL,100.77,67
16804,ORD016804,LIMIT,BUY,98.66,26
16805,ORD016804,CANCEL,,,
16806,ORD016806,LIMIT,SELL,101.18,87
16807,ORD016807,LIMIT,BUY,98.62,21
16808,ORD016807,CANCEL,,,
16809,ORD016809,LIMIT,BUY,99.62,32
16810,ORD016806,CANCEL,,,
16811,ORD016811,LIMIT,SELL,100.51,79
16812,ORD016809,CANCEL,,,
16813,ORD016811,CANCEL,,,
16814,ORD016803,CANCEL,,,
16815,ORD016815,LIMIT,SELL,99.57,47
16816,ORD016816,LIMIT,SELL,101.17,22
16817,ORD016816,CANCEL,,,
16818,ORD016818,LIMIT,BUY,100.42,81
16819,ORD016819,LIMIT,BUY,98.85,7
16820,ORD016818,CANCEL,,,
16821,ORD016819,CANCEL,,,
16822,ORD016815,CANCEL,,,
16823,ORD016823,LIMIT,SELL,99.87,14
16824,ORD016823,CANCEL,,,
16825,ORD016825,LIMIT,BUY,100.18,8
16826,ORD016825,CANCEL,,,
16827,ORD016827,LIMIT,BUY,98.76,51
16828,ORD016828,LIMIT,BUY,98.89,92
16829,ORD016827,CANCEL,,,
16830,ORD016828,CANCEL,,,
16831,ORD016831,LIMIT,BUY,99.19,49
16832,ORD016832,LIMIT,BUY,99.82,24
16833,ORD016831,CANCEL,,,
16834,ORD016834,LIMIT,BUY,98.78,89
16835,ORD016834,CANCEL,,,
16836,ORD016832,CANCEL,,,
16837,ORD016837,LIMIT,BUY,98.26,36
16838,ORD016838,LIMIT,SELL,100.92,37
16839,ORD016837,CANCEL,,,
16840,ORD016838,CANCEL,,,
16841,ORD016841,LIMIT,BUY,99.15,52
16842,ORD016842,LIMIT,BUY,98.09,55
16843,ORD016841,CANCEL,,,
16844,ORD016842,CANCEL,,,
16845,ORD016845,LIMIT,SELL,99.58,21
16846,ORD016845,CANCEL,,,
16847,ORD016847,LIMIT,SELL,100.48,25
16848,ORD016847,CANCEL,,,
16849,ORD016849,LIMIT,BUY,98.06,34
16850,ORD016849,CANCEL,,,
16851,ORD016851,LIMIT,SELL,101.7,39
16852,ORD016851,CANCEL,,,
16853,ORD016853,LIMIT,SELL,100.44,18
16854,ORD016854,LIMIT,BUY,98.48,17
16855,ORD016853,CANCEL,,,
16856,ORD016854,CANCEL,,,
16857,ORD016857,LIMIT,BUY,99.18,76
16858,ORD016857,CANCEL,,,
16859,ORD016859,LIMIT,BUY,100.16,47
16860,ORD016859,CANCEL,,,
16861,ORD016861,LIMIT,BUY,99.36,73
16862,ORD016862,LIMIT,BUY,98.89,78
16863,ORD016863,LIMIT,BUY,100.15,44
16864,ORD016864,LIMIT,BUY,98.79,12
16865,ORD016865,LIMIT,BUY,99.61,98
16866,ORD016863,CANCEL,,,
16867,ORD016861,CANCEL,,,
16868,ORD016865,CANCEL,,,
16869,ORD016864,CANCEL,,,
16870,ORD016862,CANCEL,,,
16871,ORD016871,LIMIT,BUY,100.37,63
16872,ORD016871,CANCEL,,,
16873,ORD016873,LIMIT,SELL,101.16,6
16874,ORD016873,CANCEL,,,
16875,ORD016875,LIMIT,BUY,99.26,51
16876,ORD016876,LIMIT,SELL,100.97,13
16877,ORD016877,LIMIT,SELL,101.89,47
16878,ORD016878,LIMIT,BUY,100.01,95
16879,ORD016879,LIMIT,SELL,100.05,49
16880,ORD016877,CANCEL,,,
16881,ORD016876,CANCEL,,,
16882,ORD016879,CANCEL,,,
16883,ORD016875,CANCEL,,,
16884,ORD016878,CANCEL,,,
16885,ORD016885,LIMIT,SELL,101.44,44
16886,ORD016886,LIMIT,SELL,101.67,14
16887,ORD016887,LIMIT,SELL,101.11,53
16888,ORD016888,LIMIT,SELL,99.64,57
16889,ORD016888,CANCEL,,,
16890,ORD016887,CANCEL,,,
16891,ORD016891,LIMIT,SELL,99.89,80
16892,ORD016885,CANCEL,,,
16893,ORD016893,LIMIT,SELL,100.68,3
16894,ORD016893,CANCEL,,,
16895,ORD016895,LIMIT,BUY,99.25,92
16896,ORD016891,CANCEL,,,
16897,ORD016886,CANCEL,,,
16898,ORD016898,LIMIT,SELL,101.67,40
16899,ORD016898,CANCEL,,,
16900,ORD016900,LIMIT,BUY,98.73,48
16901,ORD016900,CANCEL,,,
16902,ORD016895,CANCEL,,,
16903,ORD016903,LIMIT,SELL,101.57,29
16904,ORD016903,CANCEL,,,
16905,ORD016905,LIMIT,SELL,100.26,60
16906,ORD016906,LIMIT,SELL,101.87,93
16907,ORD016907,LIMIT,SELL,101.66,44
16908,ORD016907,CANCEL,,,
16909,ORD016906,CANCEL,,,
16910,ORD016905,CANCEL,,,
16911,ORD016911,LIMIT,SELL,101.12,17
16912,ORD016912,LIMIT,BUY,99.96,52
16913,ORD016911,CANCEL,,,
16914,ORD016912,CANCEL,,,
16915,ORD016915,LIMIT,SELL,101.43,74
16916,ORD016915,CANCEL,,,
16917,ORD016917,LIMIT,SELL,101.77,38
16918,ORD016918,LIMIT,SELL,101.48,11
16919,ORD016918,CANCEL,,,
16920,ORD016917,CANCEL,,,
16921,ORD016921,LIMIT,SELL,101.08,82
16922,ORD016921,CANCEL,,,
16923,ORD016923,LIMIT,SELL,101.88,37
16924,ORD016924,LIMIT,BUY,98.38,5
16925,ORD016924,CANCEL,,,
16926,ORD016926,LIMIT,BUY,99.04,54
16927,ORD016927,LIMIT,BUY,99.14,65
16928,ORD016923,CANCEL,,,
16929,ORD016926,CANCEL,,,
16930,ORD016927,CANCEL,,,
16931,ORD016931,LIMIT,BUY,99.03,67
16932,ORD016931,CANCEL,,,
16933,ORD016933,LIMIT,BUY,100.22,6
16934,ORD016933,CANCEL,,,
16935,ORD016935,LIMIT,SELL,100.43,55
16936,ORD016935,CANCEL,,,
16937,ORD016937,LIMIT,SELL,99.54,21
16938,ORD016937,CANCEL,,,
16939,ORD016939,LIMIT,SELL,100.23,49
16940,ORD016939,CANCEL,,,
16941,ORD016941,LIMIT,BUY,98.0,82
16942,ORD016941,CANCEL,,,
16943,ORD016943,LIMIT,BUY,100.26,7
16944,ORD016943,CANCEL,,,
16945,ORD016945,LIMIT,SELL,101.5,80
16946,ORD016945,CANCEL,,,
16947,ORD016947,MARKET,BUY,,50
16948,ORD016948,LIMIT,SELL,101.06,62
16949,ORD016948,CANCEL,,,
16950,ORD016950,LIMIT,SELL,101.1,11
16951,ORD016950,CANCEL,,,
16952,ORD016952,LIMIT,SELL,99.5,49
16953,ORD016953,LIMIT,SELL,99.93,64
16954,ORD016953,CANCEL,,,
16955,ORD016952,CANCEL,,,
16956,ORD016956,LIMIT,BUY,100.01,86
16957,ORD016956,CANCEL,,,
16958,ORD016958,LIMIT,BUY,100.39,62
16959,ORD016958,CANCEL,,,
16960,ORD016960,LIMIT,SELL,100.77,51
16961,ORD016961,LIMIT,BUY,99.69,93
16962,ORD016961,CANCEL,,,
16963,ORD016960,CANCEL,,,
16964,ORD016964,LIMIT,SELL,101.26,22
16965,ORD016965,LIMIT,BUY,100.15,5
16966,ORD016964,CANCEL,,,
16967,ORD016965,CANCEL,,,
16968,ORD016968,LIMIT,BUY,98.91,74
16969,ORD016969,LIMIT,BUY,98.65,71
16970,ORD016969,CANCEL,,,
16971,ORD016968,CANCEL,,,
16972,ORD016972,MARKET,SELL,,87
16973,ORD016973,LIMIT,BUY,99.11,2
16974,ORD016974,LIMIT,SELL,101.64,27
16975,ORD016974,CANCEL,,,
16976,ORD016976,LIMIT,SELL,100.44,50
16977,ORD016976,CANCEL,,,
16978,ORD016973,CANCEL,,,
16979,ORD016979,LIMIT,BUY,98.45,48
16980,ORD016979,CANCEL,,,
16981,ORD016981,MARKET,BUY,,25
16982,ORD016982,LIMIT,BUY,100.13,65
16983,ORD016983,LIMIT,SELL,101.17,87
16984,ORD016983,CANCEL,,,
16985,ORD016982,CANCEL,,,
16986,ORD016986,LIMIT,BUY,98.15,3
16987,ORD016986,CANCEL,,,
16988,ORD016988,LIMIT,SELL,101.0,11
16989,ORD016988,CANCEL,,,
16990,ORD016990,LIMIT,BUY,98.08,72
16991,ORD016990,CANCEL,,,
16992,ORD016992,LIMIT,BUY,98.28,98
16993,ORD016992,CANCEL,,,
16994,ORD016994,LIMIT,SELL,99.96,36
16995,ORD016994,CANCEL,,,
16996,ORD016996,LIMIT,BUY,100.4,67
16997,ORD016996,CANCEL,,,
16998,ORD016998,LIMIT,SELL,100.95,78
16999,ORD016998,CANCEL,,,
17000,ORD017000,LIMIT,SELL,101.23,35
17001,ORD017000,CANCEL,,,
17002,ORD017002,LIMIT,SELL,101.76,11
17003,ORD017003,LIMIT,BUY,98.34,76
17004,ORD017003,CANCEL,,,
17005,ORD017005,LIMIT,SELL,100.47,71
17006,ORD017002,CANCEL,,,
17007,ORD017005,CANCEL,,,
17008,ORD017008,LIMIT,BUY,98.44,10
17009,ORD017009,LIMIT,SELL,100.38,95
17010,ORD017009,CANCEL,,,
17011,ORD017008,CANCEL,,,
17012,ORD017012,LIMIT,BUY,98.28,58
17013,ORD017013,LIMIT,BUY,100.3,26
17014,ORD017013,CANCEL,,,
17015,ORD017012,CANCEL,,,
17016,ORD017016,LIMIT,SELL,99.65,89
17017,ORD017017,LIMIT,SELL,100.06,47
17018,ORD017017,CANCEL,,,
17019,ORD017016,CANCEL,,,
17020,ORD017020,LIMIT,SELL,101.47,62
17021,ORD017021,LIMIT,BUY,99.75,91
17022,ORD017020,CANCEL,,,
17023,ORD017023,LIMIT,BUY,98.36,11
17024,ORD017021,CANCEL,,,
17025,ORD017023,CANCEL,,,
17026,ORD017026,LIMIT,BUY,98.23,89
17027,ORD017026,CANCEL,,,
17028,ORD017028,LIMIT,BUY,98.2,22
17029,ORD017028,CANCEL,,,
17030,ORD017030,MARKET,BUY,,27
17031,ORD017031,LIMIT,BUY,100.41,75
17032,ORD017031,CANCEL,,,
17033,ORD017033,LIMIT,BUY,100.08,33
17034,ORD017034,LIMIT,SELL,100.12,12
17035,ORD017033,CANCEL,,,
17036,ORD017034,CANCEL,,,
17037,ORD017037,LIMIT,BUY,99.16,73
17038,ORD017037,CANCEL,,,
17039,ORD017039,LIMIT,SELL,99.68,96
17040,ORD017039,CANCEL,,,
17041,ORD017041,LIMIT,SELL,100.76,3
17042,ORD017042,MARKET,BUY,,62
17043,ORD017043,LIMIT,SELL,100.2,92
17044,ORD017043,CANCEL,,,
17045,ORD017045,LIMIT,SELL,100.42,48
17046,ORD017041,CANCEL,,,
17047,ORD017045,CANCEL,,,
17048,ORD017048,LIMIT,BUY,100.15,59
17049,ORD017048,CANCEL,,,
17050,ORD017050,LIMIT,SELL,99.8,75
17051,ORD017050,CANCEL,,,
17052,ORD017052,LIMIT,BUY,98.64,23
17053,ORD017052,CANCEL,,,
17054,ORD017054,MARKET,BUY,,68
17055,ORD017055,LIMIT,BUY,100.49,67
17056,ORD017055,CANCEL,,,
17057,ORD017057,LIMIT,BUY,99.5,81
17058,ORD017058,LIMIT,SELL,101.56,90
17059,ORD017058,CANCEL,,,
17060,ORD017057,CANCEL,,,
17061,ORD017061,LIMIT,SELL,100.33,66
17062,ORD017062,LIMIT,BUY,99.98,69
17063,ORD017061,CANCEL,,,
17064,ORD017062,CANCEL,,,
17065,ORD017065,MARKET,BUY,,85
17066,ORD017066,LIMIT,SELL,101.94,67
17067,ORD017066,CANCEL,,,
17068,ORD017068,LIMIT,SELL,101.42,26
17069,ORD017068,CANCEL,,,
17070,ORD017070,LIMIT,SELL,99.68,37
17071,ORD017070,CANCEL,,,
17072,ORD017072,LIMIT,SELL,100.35,77
17073,ORD017072,CANCEL,,,
17074,ORD017074,LIMIT,BUY,98.06,89
17075,ORD017075,LIMIT,BUY,100.36,2
17076,ORD017075,CANCEL,,,
17077,ORD017077,LIMIT,SELL,100.3,35
17078,ORD017078,LIMIT,SELL,100.05,49
17079,ORD017079,LIMIT,SELL,100.72,26
17080,ORD017074,CANCEL,,,
17081,ORD017081,LIMIT,SELL,100.35,84
17082,ORD017078,CANCEL,,,
17083,ORD017079,CANCEL,,,
17084,ORD017084,LIMIT,SELL,101.82,93
17085,ORD017085,LIMIT,SELL,101.94,15
17086,ORD017081,CANCEL,,,
17087,ORD017085,CANCEL,,,
17088,ORD017088,LIMIT,SELL,99.99,32
17089,ORD017084,CANCEL,,,
17090,ORD017088,CANCEL,,,
17091,ORD017077,CANCEL,,,
17092,ORD017092,LIMIT,BUY,99.24,61
17093,ORD017092,CANCEL,,,
17094,ORD017094,LIMIT,SELL,100.91,64
17095,ORD017095,LIMIT,SELL,101.61,95
17096,ORD017095,CANCEL,,,
17097,ORD017094,CANCEL,,,
17098,ORD017098,LIMIT,SELL,101.47,21
17099,ORD017098,CANCEL,,,
17100,ORD017100,LIMIT,SELL,101.84,52
17101,ORD017100,CANCEL,,,
17102,ORD017102,MARKET,SELL,,51
17103,ORD017103,LIMIT,SELL,100.04,66
17104,ORD017103,CANCEL,,,
17105,ORD017105,LIMIT,BUY,99.62,70
17106,ORD017105,CANCEL,,,
17107,ORD017107,LIMIT,BUY,100.3,5
17108,ORD017107,CANCEL,,,
17109,ORD017109,LIMIT,SELL,101.57,86
17110,ORD017109,CANCEL,,,
17111,ORD017111,LIMIT,SELL,99.69,55
17112,ORD017111,CANCEL,,,
17113,ORD017113,LIMIT,BUY,99.92,97
17114,ORD017114,LIMIT,SELL,101.94,89
17115,ORD017114,CANCEL,,,
17116,ORD017116,LIMIT,BUY,98.9,10
17117,ORD017116,CANCEL,,,
17118,ORD017113,CANCEL,,,
17119,ORD017119,LIMIT,BUY,98.59,16
17120,ORD017119,CANCEL,,,
17121,ORD017121,LIMIT,SELL,100.06,22
17122,ORD017122,LIMIT,SELL,101.64,29
17123,ORD017123,LIMIT,BUY,100.06,85
17124,ORD017121,CANCEL,,,
17125,ORD017122,CANCEL,,,
17126,ORD017126,LIMIT,BUY,99.43,18
17127,ORD017127,LIMIT,BUY,99.4,69
17128,ORD017123,CANCEL,,,
17129,ORD017127,CANCEL,,,
17130,ORD017126,CANCEL,,,
17131,ORD017131,LIMIT,BUY,99.6,12
17132,ORD017131,CANCEL,,,
17133,ORD017133,LIMIT,SELL,100.11,28
17134,ORD017133,CANCEL,,,
17135,ORD017135,LIMIT,SELL,100.79,44
17136,ORD017136,LIMIT,BUY,99.61,36
17137,ORD017135,CANCEL,,,
17138,ORD017136,CANCEL,,,
17139,ORD017139,LIMIT,BUY,100.12,27
17140,ORD017139,CANCEL,,,
17141,ORD017141,LIMIT,BUY,98.25,86
17142,ORD017141,CANCEL,,,
17143,ORD017143,LIMIT,BUY,99.86,6
17144,ORD017144,LIMIT,BUY,100.02,12
17145,ORD017143,CANCEL,,,
17146,ORD017146,LIMIT,BUY,99.47,18
17147,ORD017144,CANCEL,,,
17148,ORD017146,CANCEL,,,
17149,ORD017149,LIMIT,SELL,101.57,84
17150,ORD017149,CANCEL,,,
17151,ORD017151,LIMIT,SELL,100.09,85
17152,ORD017151,CANCEL,,,
17153,ORD017153,LIMIT,BUY,98.93,31
17154,ORD017154,LIMIT,SELL,100.57,22
17155,ORD017154,CANCEL,,,
17156,ORD017153,CANCEL,,,
17157,ORD017157,LIMIT,BUY,98.77,100
17158,ORD017157,CANCEL,,,
17159,ORD017159,LIMIT,SELL,100.07,72
17160,ORD017159,CANCEL,,,
17161,ORD017161,LIMIT,SELL,101.8,8
17162,ORD017161,CANCEL,,,
17163,ORD017163,LIMIT,BUY,98.97,48
17164,ORD017163,CANCEL,,,
17165,ORD017165,LIMIT,SELL,101.36,73
17166,ORD017166,LIMIT,SELL,100.57,98
17167,ORD017165,CANCEL,,,
17168,ORD017166,CANCEL,,,
17169,ORD017169,LIMIT,SELL,101.03,38
17170,ORD017169,CANCEL,,,
17171,ORD017171,LIMIT,SELL,100.98,35
17172,ORD017171,CANCEL,,,
17173,ORD017173,LIMIT,BUY,99.94,6
17174,ORD017173,CANCEL,,,
17175,ORD017175,MARKET,BUY,,18
17176,ORD017176,LIMIT,BUY,99.37,47
17177,ORD017176,CANCEL,,,
17178,ORD017178,LIMIT,BUY,98.6,58
17179,ORD017178,CANCEL,,,
17180,ORD017180,LIMIT,SELL,100.73,82
17181,ORD017180,CANCEL,,,
17182,ORD017182,LIMIT,SELL,100.74,76
17183,ORD017182,CANCEL,,,
17184,ORD017184,LIMIT,BUY,98.8,32
17185,ORD017185,LIMIT,SELL,101.05,44
17186,ORD017185,CANCEL,,,
17187,ORD017184,CANCEL,,,
17188,ORD017188,LIMIT,BUY,99.37,17
17189,ORD017189,MARKET,BUY,,70
17190,ORD017188,CANCEL,,,
17191,ORD017191,LIMIT,SELL,101.13,39
17192,ORD017191,CANCEL,,,
17193,ORD017193,LIMIT,BUY,99.69,75
17194,ORD017193,CANCEL,,,
17195,ORD017195,LIMIT,SELL,99.62,42
17196,ORD017196,LIMIT,BUY,98.0,55
17197,ORD017196,CANCEL,,,
17198,ORD017195,CANCEL,,,
17199,ORD017199,LIMIT,BUY,100.24,85
17200,ORD017199,CANCEL,,,
17201,ORD017201,MARKET,SELL,,33
17202,ORD017202,LIMIT,BUY,98.89,51
17203,ORD017202,CANCEL,,,
17204,ORD017204,LIMIT,BUY,98.59,40
17205,ORD017205,LIMIT,BUY,98.91,82
17206,ORD017204,CANCEL,,,
17207,ORD017205,CANCEL,,,
17208,ORD017208,MARKET,SELL,,81
17209,ORD017209,LIMIT,BUY,98.56,5
17210,ORD017209,CANCEL,,,
17211,ORD017211,LIMIT,SELL,101.38,67
17212,ORD017211,CANCEL,,,
17213,ORD017213,LIMIT,SELL,101.77,82
17214,ORD017213,CANCEL,,,
17215,ORD017215,LIMIT,SELL,101.78,26
17216,ORD017215,CANCEL,,,
17217,ORD017217,LIMIT,BUY,98.81,58
17218,ORD017218,LIMIT,BUY,98.84,38
17219,ORD017217,CANCEL,,,
17220,ORD017220,LIMIT,BUY,100.47,28
17221,ORD017218,CANCEL,,,
17222,ORD017220,CANCEL,,,
17223,ORD017223,LIMIT,BUY,100.5,28
17224,ORD017223,CANCEL,,,
17225,ORD017225,LIMIT,BUY,100.37,95
17226,ORD017225,CANCEL,,,
17227,ORD017227,LIMIT,SELL,101.81,2
17228,ORD017227,CANCEL,,,
17229,ORD017229,LIMIT,SELL,100.77,26
17230,ORD017230,LIMIT,BUY,98.08,70
17231,ORD017229,CANCEL,,,
17232,ORD017230,CANCEL,,,
17233,ORD017233,LIMIT,SELL,99.61,35
17234,ORD017233,CANCEL,,,
17235,ORD017235,LIMIT,BUY,100.41,67
17236,ORD017235,CANCEL,,,
17237,ORD017237,LIMIT,BUY,98.7,76
17238,ORD017237,CANCEL,,,
17239,ORD017239,LIMIT,BUY,99.8,2
17240,ORD017239,CANCEL,,,
17241,ORD017241,LIMIT,SELL,100.93,20
17242,ORD017242,LIMIT,BUY,100.1,5
17243,ORD017241,CANCEL,,,
17244,ORD017244,LIMIT,BUY,99.34,52
17245,ORD017242,CANCEL,,,
17246,ORD017244,CANCEL,,,
17247,ORD017247,LIMIT,SELL,99.62,13
17248,ORD017247,CANCEL,,,
17249,ORD017249,LIMIT,SELL,101.81,12
17250,ORD017249,CANCEL,,,
17251,ORD017251,LIMIT,BUY,98.57,64
17252,ORD017251,CANCEL,,,
17253,ORD017253,LIMIT,BUY,99.25,7
17254,ORD017253,CANCEL,,,
17255,ORD017255,LIMIT,SELL,101.04,26
17256,ORD017256,LIMIT,SELL,101.88,68
17257,ORD017256,CANCEL,,,
17258,ORD017255,CANCEL,,,
17259,ORD017259,LIMIT,SELL,99.73,63
17260,ORD017260,MARKET,BUY,,100
17261,ORD017259,CANCEL,,,
17262,ORD017262,LIMIT,SELL,100.06,27
17263,ORD017262,CANCEL,,,
17264,ORD017264,LIMIT,SELL,101.02,80
17265,ORD017264,CANCEL,,,
17266,ORD017266,LIMIT,BUY,98.06,10
17267,ORD017267,LIMIT,SELL,101.48,50
17268,ORD017268,LIMIT,BUY,99.46,98
17269,ORD017267,CANCEL,,,
17270,ORD017266,CANCEL,,,
17271,ORD017268,CANCEL,,,
17272,ORD017272,LIMIT,BUY,100.43,23
17273,ORD017273,LIMIT,SELL,101.75,81
17274,ORD017273,CANCEL,,,
17275,ORD017272,CANCEL,,,
17276,ORD017276,LIMIT,SELL,100.91,86
17277,ORD017276,CANCEL,,,
17278,ORD017278,LIMIT,SELL,100.54,38
17279,ORD017279,LIMIT,BUY,98.96,31
17280,ORD017278,CANCEL,,,
17281,ORD017279,CANCEL,,,
17282,ORD017282,LIMIT,SELL,101.47,1
17283,ORD017282,CANCEL,,,
17284,ORD017284,LIMIT,BUY,98.11,67
17285,ORD017284,CANCEL,,,
17286,ORD017286,LIMIT,BUY,100.1,76
17287,ORD017286,CANCEL,,,
17288,ORD017288,LIMIT,SELL,101.07,30
17289,ORD017288,CANCEL,,,
17290,ORD017290,LIMIT,SELL,101.51,38
17291,ORD017290,CANCEL,,,
17292,ORD017292,LIMIT,SELL,100.92,32
17293,ORD017292,CANCEL,,,
17294,ORD017294,LIMIT,SELL,99.91,10
17295,ORD017295,LIMIT,BUY,99.89,46
17296,ORD017296,LIMIT,BUY,99.06,94
17297,ORD017295,CANCEL,,,
17298,ORD017294,CANCEL,,,
17299,ORD017296,CANCEL,,,
17300,ORD017300,LIMIT,BUY,99.64,43
17301,ORD017301,LIMIT,BUY,98.66,88
17302,ORD017302,LIMIT,SELL,100.02,61
17303,ORD017302,CANCEL,,,
17304,ORD017300,CANCEL,,,
17305,ORD017305,LIMIT,BUY,98.7,7
17306,ORD017306,LIMIT,BUY,98.25,11
17307,ORD017301,CANCEL,,,
17308,ORD017306,CANCEL,,,
17309,ORD017309,LIMIT,SELL,101.98,98
17310,ORD017305,CANCEL,,,
17311,ORD017311,LIMIT,SELL,100.08,83
17312,ORD017309,CANCEL,,,
17313,ORD017311,CANCEL,,,
17314,ORD017314,LIMIT,SELL,100.62,12
17315,ORD017315,LIMIT,SELL,99.68,51
17316,ORD017316,LIMIT,SELL,101.18,12
17317,ORD017317,LIMIT,BUY,98.97,20
17318,ORD017315,CANCEL,,,
17319,ORD017314,CANCEL,,,
17320,ORD017316,CANCEL,,,
17321,ORD017317,CANCEL,,,
17322,ORD017322,LIMIT,BUY,98.43,87
17323,ORD017322,CANCEL,,,
17324,ORD017324,LIMIT,BUY,99.77,41
17325,ORD017324,CANCEL,,,
17326,ORD017326,LIMIT,BUY,98.04,43
17327,ORD017326,CANCEL,,,
17328,ORD017328,LIMIT,SELL,100.79,2
17329,ORD017328,CANCEL,,,
17330,ORD017330,LIMIT,BUY,100.19,98
17331,ORD017330,CANCEL,,,
17332,ORD017332,LIMIT,BUY,99.54,76
17333,ORD017332,CANCEL,,,
17334,ORD017334,LIMIT,BUY,98.26,64
17335,ORD017334,CANCEL,,,
17336,ORD017336,LIMIT,BUY,100.27,89
17337,ORD017336,CANCEL,,,
17338,ORD017338,LIMIT,SELL,101.7,56
17339,ORD017338,CANCEL,,,
17340,ORD017340,LIMIT,SELL,100.56,23
17341,ORD017340,CANCEL,,,
17342,ORD017342,LIMIT,SELL,100.25,8
17343,ORD017342,CANCEL,,,
17344,ORD017344,LIMIT,SELL,99.71,48
17345,ORD017345,LIMIT,SELL,100.96,44
17346,ORD017344,CANCEL,,,
17347,ORD017345,CANCEL,,,
17348,ORD017348,LIMIT,SELL,100.78,8
17349,ORD017348,CANCEL,,,
17350,ORD017350,LIMIT,SELL,100.51,53
17351,ORD017350,CANCEL,,,
17352,ORD017352,LIMIT,SELL,100.23,18
17353,ORD017352,CANCEL,,,
17354,ORD017354,LIMIT,SELL,101.22,72
17355,ORD017354,CANCEL,,,
17356,ORD017356,LIMIT,SELL,101.91,82
17357,ORD017356,CANCEL,,,
17358,ORD017358,LIMIT,BUY,99.37,38
17359,ORD017358,CANCEL,,,
17360,ORD017360,LIMIT,SELL,101.85,23
17361,ORD017360,CANCEL,,,
17362,ORD017362,MARKET,BUY,,69
17363,ORD017363,LIMIT,SELL,100.48,7
17364,ORD017363,CANCEL,,,
17365,ORD017365,LIMIT,BUY,99.06,73
17366,ORD017366,LIMIT,BUY,100.37,92
17367,ORD017366,CANCEL,,,
17368,ORD017365,CANCEL,,,
17369,ORD017369,LIMIT,SELL,101.29,17
17370,ORD017369,CANCEL,,,
17371,ORD017371,LIMIT,BUY,99.16,36
17372,ORD017372,LIMIT,BUY,99.44,28
17373,ORD017373,LIMIT,BUY,99.67,61
17374,ORD017374,LIMIT,SELL,101.57,8
17375,ORD017375,MARKET,BUY,,52
17376,ORD017372,CANCEL,,,
17377,ORD017374,CANCEL,,,
17378,ORD017373,CANCEL,,,
17379,ORD017379,LIMIT,BUY,99.45,54
17380,ORD017379,CANCEL,,,
17381,ORD017371,CANCEL,,,
17382,ORD017382,LIMIT,BUY,100.37,28
17383,ORD017382,CANCEL,,,
17384,ORD017384,LIMIT,SELL,99.92,94
17385,ORD017384,CANCEL,,,
17386,ORD017386,LIMIT,SELL,101.66,63
17387,ORD017386,CANCEL,,,
17388,ORD017388,LIMIT,BUY,98.42,96
17389,ORD017388,CANCEL,,,
17390,ORD017390,LIMIT,SELL,99.61,17
17391,ORD017390,CANCEL,,,
17392,ORD017392,MARKET,BUY,,28
17393,ORD017393,LIMIT,SELL,100.16,5
17394,ORD017393,CANCEL,,,
17395,ORD017395,LIMIT,SELL,101.17,34
17396,ORD017395,CANCEL,,,
17397,ORD017397,LIMIT,BUY,100.16,16
17398,ORD017398,LIMIT,BUY,98.7,4
17399,ORD017399,LIMIT,BUY,99.35,71
17400,ORD017397,CANCEL,,,
17401,ORD017401,LIMIT,SELL,101.47,71
17402,ORD017399,CANCEL,,,
17403,ORD017401,CANCEL,,,
17404,ORD017398,CANCEL,,,
17405,ORD017405,LIMIT,SELL,100.88,90
17406,ORD017406,LIMIT,SELL,100.15,20
17407,ORD017405,CANCEL,,,
17408,ORD017408,LIMIT,SELL,100.13,43
17409,ORD017408,CANCEL,,,
17410,ORD017406,CANCEL,,,
17411,ORD017411,LIMIT,SELL,100.47,70
17412,ORD017411,CANCEL,,,
17413,ORD017413,LIMIT,SELL,99.71,20
17414,ORD017413,CANCEL,,,
17415,ORD017415,LIMIT,SELL,101.53,21
17416,ORD017416,LIMIT,SELL,101.98,71
17417,ORD017416,CANCEL,,,
17418,ORD017415,CANCEL,,,
17419,ORD017419,MARKET,BUY,,52
17420,ORD017420,LIMIT,BUY,98.45,49
17421,ORD017420,CANCEL,,,
17422,ORD017422,LIMIT,BUY,98.95,9
17423,ORD017423,LIMIT,BUY,100.29,17
17424,ORD017422,CANCEL,,,
17425,ORD017423,CANCEL,,,
17426,ORD017426,MARKET,SELL,,45
17427,ORD017427,LIMIT,SELL,101.87,51
17428,ORD017428,LIMIT,SELL,100.19,98
17429,ORD017427,CANCEL,,,
17430,ORD017430,LIMIT,BUY,100.15,73
17431,ORD017430,CANCEL,,,
17432,ORD017432,LIMIT,SELL,99.86,27
17433,ORD017432,CANCEL,,,
17434,ORD017434,LIMIT,SELL,101.06,86
17435,ORD017434,CANCEL,,,
17436,ORD017428,CANCEL,,,
17437,ORD017437,LIMIT,BUY,100.38,13
17438,ORD017437,CANCEL,,,
17439,ORD017439,LIMIT,BUY,100.41,85
17440,ORD017439,CANCEL,,,
17441,ORD017441,LIMIT,BUY,98.48,29
17442,ORD017442,LIMIT,SELL,99.79,96
17443,ORD017442,CANCEL,,,
17444,ORD017441,CANCEL,,,
17445,ORD017445,LIMIT,SELL,100.92,17
17446,ORD017446,LIMIT,SELL,101.5,98
17447,ORD017446,CANCEL,,,
17448,ORD017445,CANCEL,,,
17449,ORD017449,LIMIT,SELL,100.16,35
17450,ORD017449,CANCEL,,,
17451,ORD017451,LIMIT,SELL,100.52,51
17452,ORD017451,CANCEL,,,
17453,ORD017453,LIMIT,BUY,98.35,6
17454,ORD017453,CANCEL,,,
17455,ORD017455,LIMIT,SELL,100.95,92
17456,ORD017455,CANCEL,,,
17457,ORD017457,LIMIT,SELL,100.65,54
17458,ORD017457,CANCEL,,,
17459,ORD017459,LIMIT,SELL,101.51,74
17460,ORD017460,LIMIT,BUY,99.28,51
17461,ORD017461,LIMIT,SELL,100.03,39
17462,ORD017462,LIMIT,BUY,100.48,33
17463,ORD017463,LIMIT,BUY,100.18,37
17464,ORD017464,LIMIT,SELL,99.83,40
17465,ORD017459,CANCEL,,,
17466,ORD017461,CANCEL,,,
17467,ORD017464,CANCEL,,,
17468,ORD017460,CANCEL,,,
17469,ORD017463,CANCEL,,,
17470,ORD017470,LIMIT,BUY,98.19,38
17471,ORD017470,CANCEL,,,
17472,ORD017472,LIMIT,BUY,98.57,53
17473,ORD017472,CANCEL,,,
17474,ORD017474,MARKET,BUY,,59
17475,ORD017475,LIMIT,BUY,98.23,70
17476,ORD017475,CANCEL,,,
17477,ORD017477,LIMIT,SELL,101.83,28
17478,ORD017478,LIMIT,SELL,100.43,27
17479,ORD017479,MARKET,SELL,,93
17480,ORD017478,CANCEL,,,
17481,ORD017477,CANCEL,,,
17482,ORD017482,LIMIT,BUY,99.4,75
17483,ORD017482,CANCEL,,,
17484,ORD017484,LIMIT,BUY,99.89,13
17485,ORD017484,CANCEL,,,
17486,ORD017486,LIMIT,SELL,99.93,35
17487,ORD017486,CANCEL,,,
17488,ORD017488,LIMIT,SELL,101.77,28
17489,ORD017488,CANCEL,,,
17490,ORD017490,LIMIT,BUY,99.18,1
17491,ORD017490,CANCEL,,,
17492,ORD017492,LIMIT,BUY,98.5,26
17493,ORD017492,CANCEL,,,
17494,ORD017494,LIMIT,BUY,98.39,10
17495,ORD017494,CANCEL,,,
17496,ORD017496,LIMIT,BUY,98.25,38
17497,ORD017497,LIMIT,SELL,101.88,49
17498,ORD017497,CANCEL,,,
17499,ORD017496,CANCEL,,,
17500,ORD017500,LIMIT,SELL,101.58,33
17501,ORD017500,CANCEL,,,
17502,ORD017502,LIMIT,SELL,100.06,26
17503,ORD017502,CANCEL,,,
17504,ORD017504,LIMIT,BUY,100.24,24
17505,ORD017504,CANCEL,,,
17506,ORD017506,LIMIT,SELL,100.47,78
17507,ORD017506,CANCEL,,,
17508,ORD017508,LIMIT,SELL,99.7,30
17509,ORD017508,CANCEL,,,
17510,ORD017510,MARKET,SELL,,38
17511,ORD017511,LIMIT,BUY,98.02,92
17512,ORD017512,LIMIT,SELL,100.2,58
17513,ORD017511,CANCEL,,,
17514,ORD017512,CANCEL,,,
17515,ORD017515,LIMIT,SELL,101.8,88
17516,ORD017515,CANCEL,,,
17517,ORD017517,LIMIT,BUY,100.27,36
17518,ORD017517,CANCEL,,,
17519,ORD017519,LIMIT,BUY,99.12,45
17520,ORD017519,CANCEL,,,
17521,ORD017521,LIMIT,SELL,101.34,65
17522,ORD017521,CANCEL,,,
17523,ORD017523,LIMIT,BUY,99.7,99
17524,ORD017523,CANCEL,,,
17525,ORD017525,LIMIT,BUY,98.51,90
17526,ORD017526,LIMIT,BUY,98.32,33
17527,ORD017527,LIMIT,SELL,101.49,50
17528,ORD017526,CANCEL,,,
17529,ORD017525,CANCEL,,,
17530,ORD017530,LIMIT,SELL,101.22,51
17531,ORD017530,CANCEL,,,
17532,ORD017527,CANCEL,,,
17533,ORD017533,LIMIT,BUY,98.72,91
17534,ORD017533,CANCEL,,,
17535,ORD017535,LIMIT,BUY,98.4,57
17536,ORD017536,LIMIT,BUY,99.33,66
17537,ORD017536,CANCEL,,,
17538,ORD017538,LIMIT,SELL,101.4,49
17539,ORD017535,CANCEL,,,
17540,ORD017538,CANCEL,,,
17541,ORD017541,LIMIT,SELL,99.55,36
17542,ORD017541,CANCEL,,,
17543,ORD017543,LIMIT,SELL,101.84,80
17544,ORD017544,LIMIT,BUY,99.87,17
17545,ORD017544,CANCEL,,,
17546,ORD017546,LIMIT,SELL,100.28,97
17547,ORD017543,CANCEL,,,
17548,ORD017546,CANCEL,,,
17549,ORD017549,LIMIT,BUY,98.49,91
17550,ORD017549,CANCEL,,,
17551,ORD017551,LIMIT,SELL,101.25,65
17552,ORD017551,CANCEL,,,
17553,ORD017553,LIMIT,SELL,100.55,88
17554,ORD017554,LIMIT,BUY,99.66,84
17555,ORD017554,CANCEL,,,
17556,ORD017553,CANCEL,,,
17557,ORD017557,LIMIT,BUY,100.07,40
17558,ORD017558,LIMIT,BUY,98.44,83
17559,ORD017558,CANCEL,,,
17560,ORD017560,LIMIT,SELL,101.97,17
17561,ORD017557,CANCEL,,,
17562,ORD017560,CANCEL,,,
17563,ORD017563,LIMIT,BUY,99.47,15
17564,ORD017564,LIMIT,BUY,98.78,58
17565,ORD017563,CANCEL,,,
17566,ORD017564,CANCEL,,,
17567,ORD017567,LIMIT,BUY,98.29,33
17568,ORD017567,CANCEL,,,
17569,ORD017569,LIMIT,BUY,99.48,49
17570,ORD017569,CANCEL,,,
17571,ORD017571,LIMIT,BUY,99.29,89
17572,ORD017571,CANCEL,,,
17573,ORD017573,LIMIT,BUY,99.27,4
17574,ORD017573,CANCEL,,,
17575,ORD017575,LIMIT,BUY,100.32,78
17576,ORD017575,CANCEL,,,
17577,ORD017577,LIMIT,SELL,101.38,82
17578,ORD017578,LIMIT,SELL,101.89,97
17579,ORD017579,LIMIT,BUY,98.31,65
17580,ORD017578,CANCEL,,,
17581,ORD017579,CANCEL,,,
17582,ORD017577,CANCEL,,,
17583,ORD017583,LIMIT,SELL,101.14,21
17584,ORD017583,CANCEL,,,
17585,ORD017585,LIMIT,BUY,100.39,1
17586,ORD017586,LIMIT,BUY,100.46,66
17587,ORD017585,CANCEL,,,
17588,ORD017588,LIMIT,SELL,101.05,43
17589,ORD017588,CANCEL,,,
17590,ORD017586,CANCEL,,,
17591,ORD017591,MARKET,SELL,,47
17592,ORD017592,LIMIT,SELL,101.55,47
17593,ORD017592,CANCEL,,,
17594,ORD017594,LIMIT,SELL,99.92,20
17595,ORD017594,CANCEL,,,
17596,ORD017596,LIMIT,BUY,99.46,71
17597,ORD017596,CANCEL,,,
17598,ORD017598,LIMIT,SELL,101.6,42
17599,ORD017598,CANCEL,,,
17600,ORD017600,LIMIT,BUY,99.26,89
17601,ORD017601,LIMIT,SELL,100.12,47
17602,ORD017600,CANCEL,,,
17603,ORD017601,CANCEL,,,
17604,ORD017604,LIMIT,BUY,98.01,10
17605,ORD017604,CANCEL,,,
17606,ORD017606,LIMIT,SELL,100.69,56
17607,ORD017606,CANCEL,,,
17608,ORD017608,LIMIT,BUY,99.03,10
17609,ORD017609,LIMIT,SELL,101.59,35
17610,ORD017610,LIMIT,SELL,100.21,63
17611,ORD017610,CANCEL,,,
17612,ORD017609,CANCEL,,,
17613,ORD017608,CANCEL,,,
17614,ORD017614,LIMIT,BUY,99.57,59
17615,ORD017615,LIMIT,SELL,100.76,3
17616,ORD017614,CANCEL,,,
17617,ORD017615,CANCEL,,,
17618,ORD017618,LIMIT,SELL,100.77,82
17619,ORD017618,CANCEL,,,
17620,ORD017620,LIMIT,SELL,100.54,2
17621,ORD017620,CANCEL,,,
17622,ORD017622,LIMIT,SELL,101.86,72
17623,ORD017622,CANCEL,,,
17624,ORD017624,LIMIT,BUY,99.19,76
17625,ORD017624,CANCEL,,,
17626,ORD017626,LIMIT,BUY,100.47,78
17627,ORD017626,CANCEL,,,
17628,ORD017628,LIMIT,SELL,101.91,61
17629,ORD017628,CANCEL,,,
17630,ORD017630,LIMIT,SELL,100.22,54
17631,ORD017630,CANCEL,,,
17632,ORD017632,LIMIT,SELL,99.96,34
17633,ORD017632,CANCEL,,,
17634,ORD017634,LIMIT,BUY,98.9,9
17635,ORD017634,CANCEL,,,
17636,ORD017636,LIMIT,BUY,98.48,10
17637,ORD017637,LIMIT,SELL,101.6,16
17638,ORD017636,CANCEL,,,
17639,ORD017637,CANCEL,,,
17640,ORD017640,LIMIT,BUY,99.38,55
17641,ORD017640,CANCEL,,,
17642,ORD017642,LIMIT,BUY,100.38,50
17643,ORD017642,CANCEL,,,
17644,ORD017644,LIMIT,BUY,98.02,7
17645,ORD017645,LIMIT,BUY,98.72,46
17646,ORD017644,CANCEL,,,
17647,ORD017645,CANCEL,,,
17648,ORD017648,LIMIT,BUY,99.81,6
17649,ORD017648,CANCEL,,,
17650,ORD017650,LIMIT,BUY,98.25,25
17651,ORD017651,LIMIT,SELL,100.38,86
17652,ORD017650,CANCEL,,,
17653,ORD017651,CANCEL,,,
17654,ORD017654,LIMIT,SELL,101.7,14
17655,ORD017654,CANCEL,,,
17656,ORD017656,LIMIT,SELL,101.24,42
17657,ORD017657,LIMIT,BUY,99.34,93
17658,ORD017657,CANCEL,,,
17659,ORD017659,LIMIT,SELL,101.29,53
17660,ORD017660,LIMIT,SELL,100.51,81
17661,ORD017661,LIMIT,SELL,101.02,28
17662,ORD017662,LIMIT,SELL,101.16,55
17663,ORD017656,CANCEL,,,
17664,ORD017660,CANCEL,,,
17665,ORD017661,CANCEL,,,
17666,ORD017666,LIMIT,SELL,99.51,84
17667,ORD017662,CANCEL,,,
17668,ORD017666,CANCEL,,,
17669,ORD017659,CANCEL,,,
17670,ORD017670,LIMIT,BUY,98.58,62
17671,ORD017671,LIMIT,SELL,101.99,40
17672,ORD017671,CANCEL,,,
17673,ORD017673,LIMIT,BUY,99.69,20
17674,ORD017670,CANCEL,,,
17675,ORD017675,LIMIT,BUY,99.11,79
17676,ORD017676,LIMIT,BUY,99.96,70
17677,ORD017677,LIMIT,BUY,99.89,61
17678,ORD017673,CANCEL,,,
17679,ORD017676,CANCEL,,,
17680,ORD017677,CANCEL,,,
17681,ORD017675,CANCEL,,,
17682,ORD017682,LIMIT,BUY,100.11,18
17683,ORD017682,CANCEL,,,
17684,ORD017684,LIMIT,BUY,99.96,10
17685,ORD017685,MARKET,BUY,,35
17686,ORD017684,CANCEL,,,
17687,ORD017687,LIMIT,BUY,98.85,12
17688,ORD017687,CANCEL,,,
17689,ORD017689,LIMIT,BUY,98.02,66
17690,ORD017689,CANCEL,,,
17691,ORD017691,LIMIT,SELL,99.77,31
17692,ORD017691,CANCEL,,,
17693,ORD017693,LIMIT,BUY,98.81,55
17694,ORD017694,LIMIT,BUY,99.89,73
17695,ORD017694,CANCEL,,,
17696,ORD017693,CANCEL,,,
17697,ORD017697,LIMIT,SELL,100.66,92
17698,ORD017698,LIMIT,BUY,100.39,58
17699,ORD017697,CANCEL,,,
17700,ORD017698,CANCEL,,,
17701,ORD017701,LIMIT,SELL,99.98,59
17702,ORD017702,LIMIT,SELL,100.95,27
17703,ORD017702,CANCEL,,,
17704,ORD017701,CANCEL,,,
17705,ORD017705,LIMIT,SELL,99.6,3
17706,ORD017705,CANCEL,,,
17707,ORD017707,LIMIT,SELL,100.97,99
17708,ORD017707,CANCEL,,,
17709,ORD017709,LIMIT,BUY,100.33,97
17710,ORD017709,CANCEL,,,
17711,ORD017711,LIMIT,BUY,100.45,74
17712,ORD017712,LIMIT,SELL,101.08,88
17713,ORD017711,CANCEL,,,
17714,ORD017712,CANCEL,,,
17715,ORD017715,LIMIT,SELL,100.52,92
17716,ORD017716,LIMIT,SELL,99.83,48
17717,ORD017717,LIMIT,SELL,101.75,63
17718,ORD017718,LIMIT,BUY,99.17,97
17719,ORD017719,LIMIT,BUY,98.07,59
17720,ORD017716,CANCEL,,,
17721,ORD017719,CANCEL,,,
17722,ORD017717,CANCEL,,,
17723,ORD017718,CANCEL,,,
17724,ORD017715,CANCEL,,,
17725,ORD017725,LIMIT,SELL,100.91,8
17726,ORD017725,CANCEL,,,
17727,ORD017727,LIMIT,SELL,100.23,51
17728,ORD017728,LIMIT,SELL,100.82,43
17729,ORD017729,LIMIT,BUY,98.18,10
17730,ORD017729,CANCEL,,,
17731,ORD017727,CANCEL,,,
17732,ORD017732,LIMIT,SELL,100.7,42
17733,ORD017733,LIMIT,SELL,100.83,45
17734,ORD017732,CANCEL,,,
17735,ORD017735,LIMIT,SELL,99.92,4
17736,ORD017736,LIMIT,SELL,101.39,84
17737,ORD017728,CANCEL,,,
17738,ORD017733,CANCEL,,,
17739,ORD017736,CANCEL,,,
17740,ORD017740,LIMIT,SELL,100.72,7
17741,ORD017735,CANCEL,,,
17742,ORD017740,CANCEL,,,
17743,ORD017743,LIMIT,SELL,99.81,17
17744,ORD017744,LIMIT,BUY,100.18,51
17745,ORD017743,CANCEL,,,
17746,ORD017744,CANCEL,,,
17747,ORD017747,LIMIT,BUY,99.81,86
17748,ORD017747,CANCEL,,,
17749,ORD017749,LIMIT,BUY,98.35,20
17750,ORD017750,LIMIT,SELL,99.54,97
17751,ORD017750,CANCEL,,,
17752,ORD017752,LIMIT,BUY,100.09,55
17753,ORD017753,LIMIT,SELL,100.06,80
17754,ORD017753,CANCEL,,,
17755,ORD017752,CANCEL,,,
17756,ORD017756,LIMIT,BUY,99.79,6
17757,ORD017756,CANCEL,,,
17758,ORD017758,LIMIT,BUY,99.72,45
17759,ORD017758,CANCEL,,,
17760,ORD017760,LIMIT,BUY,98.36,9
17761,ORD017761,LIMIT,SELL,99.73,16
17762,ORD017760,CANCEL,,,
17763,ORD017761,CANCEL,,,
17764,ORD017749,CANCEL,,,
17765,ORD017765,LIMIT,BUY,99.93,33
17766,ORD017765,CANCEL,,,
17767,ORD017767,LIMIT,SELL,100.05,86
17768,ORD017767,CANCEL,,,
17769,ORD017769,LIMIT,SELL,100.89,12
17770,ORD017769,CANCEL,,,
17771,ORD017771,LIMIT,BUY,100.2,48
17772,ORD017771,CANCEL,,,
17773,ORD017773,LIMIT,SELL,101.37,94
17774,ORD017773,CANCEL,,,
17775,ORD017775,LIMIT,BUY,99.25,49
17776,ORD017775,CANCEL,,,
17777,ORD017777,LIMIT,SELL,99.57,9
17778,ORD017777,CANCEL,,,
17779,ORD017779,LIMIT,BUY,98.23,79
17780,ORD017779,CANCEL,,,
17781,ORD017781,LIMIT,SELL,101.99,50
17782,ORD017782,LIMIT,SELL,101.18,71
17783,ORD017782,CANCEL,,,
17784,ORD017781,CANCEL,,,
17785,ORD017785,LIMIT,SELL,101.28,50
17786,ORD017785,CANCEL,,,
17787,ORD017787,LIMIT,SELL,101.15,92
17788,ORD017787,CANCEL,,,
17789,ORD017789,LIMIT,BUY,98.16,92
17790,ORD017789,CANCEL,,,
17791,ORD017791,LIMIT,BUY,98.53,59
17792,ORD017791,CANCEL,,,
17793,ORD017793,LIMIT,BUY,99.62,65
17794,ORD017793,CANCEL,,,
17795,ORD017795,LIMIT,BUY,100.42,48
17796,ORD017795,CANCEL,,,
17797,ORD017797,LIMIT,BUY,100.14,48
17798,ORD017797,CANCEL,,,
17799,ORD017799,LIMIT,SELL,100.18,1
17800,ORD017799,CANCEL,,,
17801,ORD017801,LIMIT,SELL,99.98,31
17802,ORD017802,LIMIT,SELL,100.4,92
17803,ORD017803,LIMIT,SELL,101.9,80
17804,ORD017804,LIMIT,BUY,98.85,10
17805,ORD017802,CANCEL,,,
17806,ORD017806,LIMIT,BUY,100.2,68
17807,ORD017807,LIMIT,BUY,99.84,84
17808,ORD017804,CANCEL,,,
17809,ORD017803,CANCEL,,,
17810,ORD017801,CANCEL,,,
17811,ORD017806,CANCEL,,,
17812,ORD017807,CANCEL,,,
17813,ORD017813,LIMIT,SELL,101.22,7
17814,ORD017813,CANCEL,,,
17815,ORD017815,LIMIT,SELL,99.94,20
17816,ORD017815,CANCEL,,,
17817,ORD017817,LIMIT,BUY,99.37,85
17818,ORD017818,LIMIT,SELL,100.03,29
17819,ORD017817,CANCEL,,,
17820,ORD017818,CANCEL,,,
17821,ORD017821,LIMIT,SELL,99.55,3
17822,ORD017822,LIMIT,BUY,99.02,85
17823,ORD017823,LIMIT,BUY,98.66,27
17824,ORD017824,LIMIT,SELL,100.86,48
17825,ORD017821,CANCEL,,,
17826,ORD017824,CANCEL,,,
17827,ORD017823,CANCEL,,,
17828,ORD017822,CANCEL,,,
17829,ORD017829,LIMIT,SELL,100.74,7
17830,ORD017829,CANCEL,,,
17831,ORD017831,LIMIT,SELL,100.0,45
17832,ORD017832,LIMIT,SELL,100.18,89
17833,ORD017833,LIMIT,BUY,99.18,19
17834,ORD017832,CANCEL,,,
17835,ORD017835,LIMIT,SELL,101.49,20
17836,ORD017836,LIMIT,SELL,100.88,12
17837,ORD017836,CANCEL,,,
17838,ORD017835,CANCEL,,,
17839,ORD017839,LIMIT,BUY,98.48,87
17840,ORD017831,CANCEL,,,
17841,ORD017839,CANCEL,,,
17842,ORD017833,CANCEL,,,
17843,ORD017843,LIMIT,BUY,99.95,35
17844,ORD017843,CANCEL,,,
17845,ORD017845,LIMIT,SELL,100.55,73
17846,ORD017846,LIMIT,BUY,98.43,54
17847,ORD017846,CANCEL,,,
17848,ORD017845,CANCEL,,,
17849,ORD017849,LIMIT,BUY,99.18,76
17850,ORD017849,CANCEL,,,
17851,ORD017851,LIMIT,SELL,100.56,48
17852,ORD017851,CANCEL,,,
17853,ORD017853,LIMIT,BUY,99.52,92
17854,ORD017853,CANCEL,,,
17855,ORD017855,LIMIT,BUY,98.24,2
17856,ORD017856,LIMIT,BUY,100.07,44
17857,ORD017857,MARKET,SELL,,45
17858,ORD017856,CANCEL,,,
17859,ORD017855,CANCEL,,,
17860,ORD017860,LIMIT,SELL,100.59,95
17861,ORD017860,CANCEL,,,
17862,ORD017862,LIMIT,SELL,99.67,14
17863,ORD017862,CANCEL,,,
17864,ORD017864,LIMIT,SELL,100.81,17
17865,ORD017864,CANCEL,,,
17866,ORD017866,LIMIT,BUY,100.28,75
17867,ORD017866,CANCEL,,,
17868,ORD017868,LIMIT,BUY,98.89,79
17869,ORD017868,CANCEL,,,
17870,ORD017870,LIMIT,SELL,101.52,33
17871,ORD017870,CANCEL,,,
17872,ORD017872,LIMIT,SELL,100.34,4
17873,ORD017872,CANCEL,,,
17874,ORD017874,LIMIT,SELL,102.0,96
17875,ORD017874,CANCEL,,,
17876,ORD017876,LIMIT,SELL,101.06,55
17877,ORD017876,CANCEL,,,
17878,ORD017878,LIMIT,SELL,100.14,98
17879,ORD017878,CANCEL,,,
17880,ORD017880,LIMIT,BUY,99.86,41
17881,ORD017881,LIMIT,BUY,100.26,27
17882,ORD017882,LIMIT,BUY,100.39,67
17883,ORD017883,LIMIT,SELL,100.79,71
17884,ORD017881,CANCEL,,,
17885,ORD017885,LIMIT,SELL,99.84,96
17886,ORD017880,CANCEL,,,
17887,ORD017883,CANCEL,,,
17888,ORD017888,LIMIT,BUY,99.0,96
17889,ORD017882,CANCEL,,,
17890,ORD017890,LIMIT,BUY,99.1,92
17891,ORD017890,CANCEL,,,
17892,ORD017888,CANCEL,,,
17893,ORD017893,LIMIT,BUY,99.62,96
17894,ORD017894,LIMIT,BUY,99.47,68
17895,ORD017893,CANCEL,,,
17896,ORD017894,CANCEL,,,
17897,ORD017897,LIMIT,SELL,100.43,94
17898,ORD017897,CANCEL,,,
17899,ORD017899,LIMIT,BUY,98.7,30
17900,ORD017900,LIMIT,SELL,99.78,89
17901,ORD017901,LIMIT,SELL,100.16,87
17902,ORD017902,LIMIT,BUY,99.72,77
17903,ORD017902,CANCEL,,,
17904,ORD017899,CANCEL,,,
17905,ORD017901,CANCEL,,,
17906,ORD017900,CANCEL,,,
17907,ORD017907,LIMIT,SELL,101.84,98
17908,ORD017907,CANCEL,,,
17909,ORD017909,LIMIT,SELL,101.25,3
17910,ORD017909,CANCEL,,,
17911,ORD017911,LIMIT,SELL,100.85,53
17912,ORD017911,CANCEL,,,
17913,ORD017913,LIMIT,BUY,99.41,5
17914,ORD017913,CANCEL,,,
17915,ORD017915,LIMIT,SELL,101.39,34
17916,ORD017916,MARKET,SELL,,2
17917,ORD017915,CANCEL,,,
17918,ORD017918,LIMIT,SELL,100.8,43
17919,ORD017918,CANCEL,,,
17920,ORD017920,LIMIT,SELL,101.78,50
17921,ORD017920,CANCEL,,,
17922,ORD017922,LIMIT,BUY,99.34,25
17923,ORD017922,CANCEL,,,
17924,ORD017924,LIMIT,SELL,100.99,92
17925,ORD017925,LIMIT,SELL,101.84,77
17926,ORD017924,CANCEL,,,
17927,ORD017925,CANCEL,,,
17928,ORD017928,LIMIT,BUY,100.2,14
17929,ORD017929,LIMIT,BUY,98.33,1
17930,ORD017928,CANCEL,,,
17931,ORD017929,CANCEL,,,
17932,ORD017932,LIMIT,BUY,99.77,34
17933,ORD017933,LIMIT,SELL,100.13,42
17934,ORD017932,CANCEL,,,
17935,ORD017935,LIMIT,BUY,99.61,95
17936,ORD017935,CANCEL,,,
17937,ORD017933,CANCEL,,,
17938,ORD017938,LIMIT,SELL,100.89,2
17939,ORD017939,LIMIT,SELL,100.16,37
17940,ORD017938,CANCEL,,,
17941,ORD017939,CANCEL,,,
17942,ORD017942,LIMIT,BUY,100.16,13
17943,ORD017943,LIMIT,BUY,98.71,87
17944,ORD017942,CANCEL,,,
17945,ORD017945,LIMIT,BUY,99.15,23
17946,ORD017943,CANCEL,,,
17947,ORD017945,CANCEL,,,
17948,ORD017948,LIMIT,SELL,100.55,63
17949,ORD017948,CANCEL,,,
17950,ORD017950,LIMIT,SELL,101.85,23
17951,ORD017951,LIMIT,BUY,98.21,41
17952,ORD017952,LIMIT,BUY,98.01,24
17953,ORD017951,CANCEL,,,
17954,ORD017950,CANCEL,,,
17955,ORD017952,CANCEL,,,
17956,ORD017956,LIMIT,BUY,100.19,3
17957,ORD017956,CANCEL,,,
17958,ORD017958,LIMIT,SELL,102.0,74
17959,ORD017959,LIMIT,SELL,99.6,81
17960,ORD017958,CANCEL,,,
17961,ORD017961,MARKET,BUY,,91
17962,ORD017962,LIMIT,BUY,100.0,39
17963,ORD017959,CANCEL,,,
17964,ORD017962,CANCEL,,,
17965,ORD017965,LIMIT,BUY,98.79,63
17966,ORD017965,CANCEL,,,
17967,ORD017967,LIMIT,SELL,101.52,49
17968,ORD017967,CANCEL,,,
17969,ORD017969,LIMIT,BUY,98.31,18
17970,ORD017969,CANCEL,,,
17971,ORD017971,LIMIT,BUY,99.44,8
17972,ORD017971,CANCEL,,,
17973,ORD017973,LIMIT,BUY,98.4,97
17974,ORD017974,LIMIT,BUY,99.59,18
17975,ORD017975,LIMIT,SELL,101.59,16
17976,ORD017973,CANCEL,,,
17977,ORD017975,CANCEL,,,
17978,ORD017974,CANCEL,,,
17979,ORD017979,LIMIT,SELL,101.52,11
17980,ORD017979,CANCEL,,,
17981,ORD017981,LIMIT,BUY,100.12,44
17982,ORD017981,CANCEL,,,
17983,ORD017983,LIMIT,BUY,99.2,83
17984,ORD017983,CANCEL,,,
17985,ORD017985,LIMIT,BUY,100.33,32
17986,ORD017985,CANCEL,,,
17987,ORD017987,LIMIT,SELL,99.81,74
17988,ORD017987,CANCEL,,,
17989,ORD017989,MARKET,BUY,,14
17990,ORD017990,LIMIT,BUY,98.69,27
17991,ORD017991,LIMIT,SELL,102.0,11
17992,ORD017990,CANCEL,,,
17993,ORD017993,LIMIT,BUY,100.41,87
17994,ORD017994,LIMIT,BUY,99.02,86
17995,ORD017991,CANCEL,,,
17996,ORD017993,CANCEL,,,
17997,ORD017994,CANCEL,,,
17998,ORD017998,LIMIT,SELL,101.42,19
17999,ORD017998,CANCEL,,,
18000,ORD018000,LIMIT,BUY,99.6,90
18001,ORD018000,CANCEL,,,
18002,ORD018002,LIMIT,SELL,100.66,92
18003,ORD018002,CANCEL,,,
18004,ORD018004,LIMIT,BUY,98.36,79
18005,ORD018004,CANCEL,,,
18006,ORD018006,LIMIT,BUY,98.87,74
18007,ORD018006,CANCEL,,,
18008,ORD018008,LIMIT,BUY,98.41,99
18009,ORD018008,CANCEL,,,
18010,ORD018010,LIMIT,SELL,99.54,72
18011,ORD018010,CANCEL,,,
18012,ORD018012,LIMIT,SELL,100.94,8
18013,ORD018013,LIMIT,BUY,98.35,90
18014,ORD018012,CANCEL,,,
18015,ORD018013,CANCEL,,,
18016,ORD018016,LIMIT,BUY,98.98,67
18017,ORD018016,CANCEL,,,
18018,ORD018018,LIMIT,BUY,99.08,84
18019,ORD018018,CANCEL,,,
18020,ORD018020,LIMIT,SELL,101.06,3
18021,ORD018020,CANCEL,,,
18022,ORD018022,LIMIT,BUY,99.37,37
18023,ORD018023,LIMIT,BUY,99.86,39
18024,ORD018023,CANCEL,,,
18025,ORD018022,CANCEL,,,
18026,ORD018026,LIMIT,BUY,99.41,13
18027,ORD018026,CANCEL,,,
18028,ORD018028,LIMIT,SELL,100.86,27
18029,ORD018028,CANCEL,,,
18030,ORD018030,LIMIT,SELL,101.13,27
18031,ORD018030,CANCEL,,,
18032,ORD018032,LIMIT,BUY,99.72,6
18033,ORD018032,CANCEL,,,
18034,ORD018034,LIMIT,BUY,98.65,7
18035,ORD018034,CANCEL,,,
18036,ORD018036,LIMIT,SELL,101.54,96
18037,ORD018036,CANCEL,,,
18038,ORD018038,LIMIT,SELL,100.13,38
18039,ORD018039,LIMIT,SELL,101.26,90
18040,ORD018038,CANCEL,,,
18041,ORD018041,LIMIT,BUY,98.7,47
18042,ORD018039,CANCEL,,,
18043,ORD018041,CANCEL,,,
18044,ORD018044,LIMIT,BUY,100.22,74
18045,ORD018045,LIMIT,SELL,101.77,24
18046,ORD018046,LIMIT,BUY,99.59,43
18047,ORD018045,CANCEL,,,
18048,ORD018048,LIMIT,SELL,101.88,77
18049,ORD018049,LIMIT,SELL,99.51,36
18050,ORD018046,CANCEL,,,
18051,ORD018051,MARKET,SELL,,39
18052,ORD018052,LIMIT,SELL,99.67,56
18053,ORD018052,CANCEL,,,
18054,ORD018054,MARKET,BUY,,93
18055,ORD018055,LIMIT,BUY,98.41,16
18056,ORD018056,LIMIT,SELL,100.11,14
18057,ORD018057,LIMIT,SELL,100.44,48
18058,ORD018056,CANCEL,,,
18059,ORD018059,MARKET,BUY,,88
18060,ORD018048,CANCEL,,,
18061,ORD018057,CANCEL,,,
18062,ORD018062,LIMIT,BUY,98.99,38
18063,ORD018062,CANCEL,,,
18064,ORD018064,LIMIT,SELL,101.39,92
18065,ORD018055,CANCEL,,,
18066,ORD018066,LIMIT,SELL,101.94,57
18067,ORD018067,LIMIT,SELL,101.95,89
18068,ORD018067,CANCEL,,,
18069,ORD018069,LIMIT,SELL,101.68,34
18070,ORD018070,LIMIT,SELL,101.55,55
18071,ORD018071,LIMIT,SELL,100.48,41
18072,ORD018072,LIMIT,SELL,100.49,32
18073,ORD018066,CANCEL,,,
18074,ORD018044,CANCEL,,,
18075,ORD018064,CANCEL,,,
18076,ORD018072,CANCEL,,,
18077,ORD018070,CANCEL,,,
18078,ORD018069,CANCEL,,,
18079,ORD018071,CANCEL,,,
18080,ORD018080,LIMIT,BUY,98.5,77
18081,ORD018081,LIMIT,SELL,100.54,92
18082,ORD018081,CANCEL,,,
18083,ORD018080,CANCEL,,,
18084,ORD018084,LIMIT,SELL,101.34,29
18085,ORD018084,CANCEL,,,
18086,ORD018086,LIMIT,BUY,100.39,69
18087,ORD018087,LIMIT,SELL,101.21,48
18088,ORD018087,CANCEL,,,
18089,ORD018086,CANCEL,,,
18090,ORD018090,LIMIT,BUY,99.85,85
18091,ORD018090,CANCEL,,,
18092,ORD018092,LIMIT,BUY,98.98,66
18093,ORD018093,LIMIT,SELL,101.47,64
18094,ORD018093,CANCEL,,,
18095,ORD018095,LIMIT,SELL,101.5,4
18096,ORD018095,CANCEL,,,
18097,ORD018097,LIMIT,BUY,100.2,17
18098,ORD018097,CANCEL,,,
18099,ORD018092,CANCEL,,,
18100,ORD018100,LIMIT,BUY,98.56,50
18101,ORD018101,LIMIT,SELL,100.55,30
18102,ORD018102,LIMIT,BUY,99.7,6
18103,ORD018103,LIMIT,BUY,99.24,21
18104,ORD018104,LIMIT,BUY,99.78,53
18105,ORD018102,CANCEL,,,
18106,ORD018104,CANCEL,,,
18107,ORD018103,CANCEL,,,
18108,ORD018108,LIMIT,SELL,100.54,4
18109,ORD018109,LIMIT,BUY,100.37,85
18110,ORD018110,LIMIT,BUY,98.64,75
18111,ORD018111,LIMIT,SELL,99.94,89
18112,ORD018100,CANCEL,,,
18113,ORD018109,CANCEL,,,
18114,ORD018108,CANCEL,,,
18115,ORD018110,CANCEL,,,
18116,ORD018116,MARKET,BUY,,77
18117,ORD018117,LIMIT,SELL,100.7,10
18118,ORD018118,LIMIT,BUY,99.59,3
18119,ORD018101,CANCEL,,,
18120,ORD018111,CANCEL,,,
18121,ORD018121,LIMIT,SELL,100.54,62
18122,ORD018117,CANCEL,,,
18123,ORD018123,LIMIT,BUY,98.82,77
18124,ORD018123,CANCEL,,,
18125,ORD018118,CANCEL,,,
18126,ORD018121,CANCEL,,,
18127,ORD018127,LIMIT,SELL,100.87,78
18128,ORD018127,CANCEL,,,
18129,ORD018129,MARKET,BUY,,70
18130,ORD018130,LIMIT,SELL,100.82,28
18131,ORD018130,CANCEL,,,
18132,ORD018132,LIMIT,BUY,99.92,13
18133,ORD018133,LIMIT,BUY,99.59,87
18134,ORD018132,CANCEL,,,
18135,ORD018133,CANCEL,,,
18136,ORD018136,LIMIT,SELL,101.84,12
18137,ORD018136,CANCEL,,,
18138,ORD018138,LIMIT,BUY,100.29,41
18139,ORD018139,LIMIT,SELL,101.99,88
18140,ORD018139,CANCEL,,,
18141,ORD018138,CANCEL,,,
18142,ORD018142,LIMIT,BUY,99.91,32
18143,ORD018142,CANCEL,,,
18144,ORD018144,LIMIT,BUY,99.72,44
18145,ORD018144,CANCEL,,,
18146,ORD018146,LIMIT,SELL,100.85,96
18147,ORD018147,LIMIT,BUY,99.84,26
18148,ORD018146,CANCEL,,,
18149,ORD018147,CANCEL,,,
18150,ORD018150,LIMIT,BUY,99.75,87
18151,ORD018150,CANCEL,,,
18152,ORD018152,LIMIT,SELL,100.5,30
18153,ORD018152,CANCEL,,,
18154,ORD018154,LIMIT,BUY,98.21,26
18155,ORD018155,LIMIT,SELL,99.72,59
18156,ORD018154,CANCEL,,,
18157,ORD018157,LIMIT,SELL,101.07,51
18158,ORD018157,CANCEL,,,
18159,ORD018155,CANCEL,,,
18160,ORD018160,LIMIT,SELL,101.6,32
18161,ORD018160,CANCEL,,,
18162,ORD018162,LIMIT,SELL,99.94,94
18163,ORD018162,CANCEL,,,
18164,ORD018164,LIMIT,BUY,98.49,48
18165,ORD018165,LIMIT,BUY,98.43,42
18166,ORD018164,CANCEL,,,
18167,ORD018167,LIMIT,BUY,99.06,49
18168,ORD018167,CANCEL,,,
18169,ORD018169,MARKET,SELL,,33
18170,ORD018165,CANCEL,,,
18171,ORD018171,LIMIT,SELL,100.08,16
18172,ORD018171,CANCEL,,,
18173,ORD018173,LIMIT,BUY,98.04,87
18174,ORD018173,CANCEL,,,
18175,ORD018175,LIMIT,SELL,100.16,83
18176,ORD018176,LIMIT,BUY,100.38,64
18177,ORD018177,LIMIT,SELL,99.78,47
18178,ORD018178,LIMIT,SELL,100.47,53
18179,ORD018175,CANCEL,,,
18180,ORD018177,CANCEL,,,
18181,ORD018181,LIMIT,BUY,98.45,3
18182,ORD018181,CANCEL,,,
18183,ORD018178,CANCEL,,,
18184,ORD018184,LIMIT,SELL,101.96,70
18185,ORD018184,CANCEL,,,
18186,ORD018186,LIMIT,BUY,99.87,17
18187,ORD018186,CANCEL,,,
18188,ORD018188,LIMIT,SELL,101.36,36
18189,ORD018188,CANCEL,,,
18190,ORD018190,LIMIT,BUY,99.65,68
18191,ORD018191,LIMIT,BUY,98.18,9
18192,ORD018192,LIMIT,BUY,99.24,45
18193,ORD018190,CANCEL,,,
18194,ORD018192,CANCEL,,,
18195,ORD018191,CANCEL,,,
18196,ORD018196,LIMIT,SELL,101.04,7
18197,ORD018197,LIMIT,SELL,99.54,65
18198,ORD018198,LIMIT,SELL,100.58,35
18199,ORD018198,CANCEL,,,
18200,ORD018196,CANCEL,,,
18201,ORD018197,CANCEL,,,
18202,ORD018202,LIMIT,SELL,101.39,100
18203,ORD018202,CANCEL,,,
18204,ORD018204,LIMIT,SELL,100.85,62
18205,ORD018204,CANCEL,,,
18206,ORD018206,LIMIT,SELL,100.86,45
18207,ORD018207,LIMIT,SELL,100.98,94
18208,ORD018206,CANCEL,,,
18209,ORD018207,CANCEL,,,
18210,ORD018210,LIMIT,SELL,101.78,4
18211,ORD018211,LIMIT,SELL,101.29,29
18212,ORD018212,LIMIT,BUY,99.82,71
18213,ORD018213,LIMIT,SELL,101.41,55
18214,ORD018214,LIMIT,BUY,99.76,24
18215,ORD018214,CANCEL,,,
18216,ORD018213,CANCEL,,,
18217,ORD018217,LIMIT,SELL,101.57,68
18218,ORD018218,LIMIT,SELL,101.2,28
18219,ORD018219,LIMIT,BUY,98.92,53
18220,ORD018217,CANCEL,,,
18221,ORD018221,LIMIT,BUY,99.72,64
18222,ORD018212,CANCEL,,,
18223,ORD018223,LIMIT,SELL,101.51,71
18224,ORD018223,CANCEL,,,
18225,ORD018218,CANCEL,,,
18226,ORD018211,CANCEL,,,
18227,ORD018219,CANCEL,,,
18228,ORD018221,CANCEL,,,
18229,ORD018210,CANCEL,,,
18230,ORD018230,LIMIT,SELL,100.93,13
18231,ORD018230,CANCEL,,,
18232,ORD018232,LIMIT,BUY,100.22,50
18233,ORD018233,LIMIT,SELL,101.32,49
18234,ORD018233,CANCEL,,,
18235,ORD018235,LIMIT,SELL,100.75,34
18236,ORD018235,CANCEL,,,
18237,ORD018237,LIMIT,SELL,101.91,99
18238,ORD018232,CANCEL,,,
18239,ORD018237,CANCEL,,,
18240,ORD018240,LIMIT,BUY,98.45,36
18241,ORD018240,CANCEL,,,
18242,ORD018242,LIMIT,SELL,101.34,82
18243,ORD018243,LIMIT,SELL,100.08,62
18244,ORD018243,CANCEL,,,
18245,ORD018242,CANCEL,,,
18246,ORD018246,LIMIT,BUY,98.36,13
18247,ORD018246,CANCEL,,,
18248,ORD018248,LIMIT,SELL,101.7,62
18249,ORD018248,CANCEL,,,
18250,ORD018250,LIMIT,BUY,98.87,77
18251,ORD018250,CANCEL,,,
18252,ORD018252,LIMIT,SELL,101.85,69
18253,ORD018252,CANCEL,,,
18254,ORD018254,LIMIT,BUY,98.07,76
18255,ORD018254,CANCEL,,,
18256,ORD018256,LIMIT,BUY,99.77,32
18257,ORD018256,CANCEL,,,
18258,ORD018258,LIMIT,BUY,98.48,97
18259,ORD018258,CANCEL,,,
18260,ORD018260,LIMIT,BUY,98.33,74
18261,ORD018260,CANCEL,,,
18262,ORD018262,LIMIT,SELL,100.17,57
18263,ORD018262,CANCEL,,,
18264,ORD018264,LIMIT,BUY,99.54,26
18265,ORD018264,CANCEL,,,
18266,ORD018266,LIMIT,SELL,100.49,100
18267,ORD018266,CANCEL,,,
18268,ORD018268,LIMIT,BUY,98.7,99
18269,ORD018269,MARKET,SELL,,17
18270,ORD018268,CANCEL,,,
18271,ORD018271,LIMIT,BUY,99.39,94
18272,ORD018271,CANCEL,,,
18273,ORD018273,LIMIT,BUY,98.76,99
18274,ORD018273,CANCEL,,,
18275,ORD018275,LIMIT,SELL,99.5,79
18276,ORD018276,LIMIT,SELL,99.95,64
18277,ORD018276,CANCEL,,,
18278,ORD018275,CANCEL,,,
18279,ORD018279,LIMIT,BUY,99.02,72
18280,ORD018279,CANCEL,,,
18281,ORD018281,LIMIT,BUY,100.06,87
18282,ORD018281,CANCEL,,,
18283,ORD018283,LIMIT,BUY,98.51,27
18284,ORD018283,CANCEL,,,
18285,ORD018285,LIMIT,SELL,100.8,77
18286,ORD018285,CANCEL,,,
18287,ORD018287,LIMIT,BUY,98.36,67
18288,ORD018287,CANCEL,,,
18289,ORD018289,LIMIT,BUY,98.32,41
18290,ORD018289,CANCEL,,,
18291,ORD018291,LIMIT,SELL,101.28,97
18292,ORD018291,CANCEL,,,
18293,ORD018293,MARKET,BUY,,41
18294,ORD018294,MARKET,SELL,,16
18295,ORD018295,LIMIT,SELL,100.21,97
18296,ORD018295,CANCEL,,,
18297,ORD018297,LIMIT,BUY,98.88,20
18298,ORD018297,CANCEL,,,
18299,ORD018299,LIMIT,BUY,100.38,93
18300,ORD018300,LIMIT,BUY,100.31,34
18301,ORD018300,CANCEL,,,
18302,ORD018302,LIMIT,SELL,99.63,25
18303,ORD018299,CANCEL,,,
18304,ORD018304,LIMIT,BUY,99.41,48
18305,ORD018305,LIMIT,SELL,101.93,30
18306,ORD018306,LIMIT,BUY,99.94,58
18307,ORD018306,CANCEL,,,
18308,ORD018304,CANCEL,,,
18309,ORD018309,LIMIT,SELL,99.68,87
18310,ORD018309,CANCEL,,,
18311,ORD018311,LIMIT,SELL,101.22,92
18312,ORD018312,LIMIT,BUY,99.22,43
18313,ORD018313,LIMIT,BUY,99.47,16
18314,ORD018313,CANCEL,,,
18315,ORD018312,CANCEL,,,
18316,ORD018311,CANCEL,,,
18317,ORD018305,CANCEL,,,
18318,ORD018318,LIMIT,SELL,100.36,52
18319,ORD018319,LIMIT,BUY,98.02,7
18320,ORD018320,LIMIT,SELL,101.27,9
18321,ORD018321,MARKET,SELL,,84
18322,ORD018319,CANCEL,,,
18323,ORD018318,CANCEL,,,
18324,ORD018324,LIMIT,BUY,100.3,70
18325,ORD018325,LIMIT,BUY,98.76,27
18326,ORD018320,CANCEL,,,
18327,ORD018325,CANCEL,,,
18328,ORD018324,CANCEL,,,
18329,ORD018329,LIMIT,BUY,99.62,18
18330,ORD018330,LIMIT,BUY,100.24,61
18331,ORD018329,CANCEL,,,
18332,ORD018332,LIMIT,SELL,101.37,53
18333,ORD018333,LIMIT,BUY,98.32,50
18334,ORD018330,CANCEL,,,
18335,ORD018332,CANCEL,,,
18336,ORD018336,LIMIT,BUY,100.17,33
18337,ORD018337,LIMIT,SELL,99.58,91
18338,ORD018336,CANCEL,,,
18339,ORD018339,LIMIT,BUY,98.04,16
18340,ORD018339,CANCEL,,,
18341,ORD018337,CANCEL,,,
18342,ORD018333,CANCEL,,,
18343,ORD018343,LIMIT,SELL,99.97,55
18344,ORD018343,CANCEL,,,
18345,ORD018345,LIMIT,BUY,99.71,16
18346,ORD018345,CANCEL,,,
18347,ORD018347,LIMIT,BUY,98.3,63
18348,ORD018347,CANCEL,,,
18349,ORD018349,LIMIT,BUY,98.56,24
18350,ORD018350,LIMIT,SELL,99.73,27
18351,ORD018351,MARKET,SELL,,41
18352,ORD018350,CANCEL,,,
18353,ORD018349,CANCEL,,,
18354,ORD018354,LIMIT,SELL,99.98,38
18355,ORD018355,LIMIT,BUY,100.09,6
18356,ORD018356,LIMIT,BUY,98.4,83
18357,ORD018354,CANCEL,,,
18358,ORD018356,CANCEL,,,
18359,ORD018359,LIMIT,SELL,100.68,71
18360,ORD018359,CANCEL,,,
18361,ORD018361,LIMIT,SELL,101.22,2
18362,ORD018361,CANCEL,,,
18363,ORD018363,LIMIT,SELL,101.02,18
18364,ORD018363,CANCEL,,,
18365,ORD018365,LIMIT,BUY,98.42,51
18366,ORD018366,LIMIT,SELL,99.87,40
18367,ORD018366,CANCEL,,,
18368,ORD018368,LIMIT,BUY,98.4,76
18369,ORD018365,CANCEL,,,
18370,ORD018368,CANCEL,,,
18371,ORD018371,LIMIT,BUY,98.12,75
18372,ORD018371,CANCEL,,,
18373,ORD018373,LIMIT,SELL,100.28,7
18374,ORD018373,CANCEL,,,
18375,ORD018375,LIMIT,SELL,101.99,91
18376,ORD018375,CANCEL,,,
18377,ORD018377,MARKET,SELL,,27
18378,ORD018378,LIMIT,SELL,100.94,64
18379,ORD018378,CANCEL,,,
18380,ORD018380,LIMIT,BUY,98.95,17
18381,ORD018380,CANCEL,,,
18382,ORD018382,LIMIT,BUY,100.27,38
18383,ORD018382,CANCEL,,,
18384,ORD018384,LIMIT,BUY,99.99,89
18385,ORD018384,CANCEL,,,
18386,ORD018386,LIMIT,SELL,100.52,8
18387,ORD018386,CANCEL,,,
18388,ORD018388,LIMIT,BUY,98.03,50
18389,ORD018388,CANCEL,,,
18390,ORD018390,LIMIT,BUY,98.26,80
18391,ORD018390,CANCEL,,,
18392,ORD018392,LIMIT,BUY,100.49,34
18393,ORD018392,CANCEL,,,
18394,ORD018394,LIMIT,SELL,100.03,88
18395,ORD018395,LIMIT,SELL,100.23,96
18396,ORD018395,CANCEL,,,
18397,ORD018394,CANCEL,,,
18398,ORD018398,LIMIT,BUY,98.59,60
18399,ORD018399,LIMIT,BUY,98.63,14
18400,ORD018400,LIMIT,SELL,99.84,71
18401,ORD018400,CANCEL,,,
18402,ORD018402,LIMIT,SELL,100.72,13
18403,ORD018402,CANCEL,,,
18404,ORD018398,CANCEL,,,
18405,ORD018399,CANCEL,,,
18406,ORD018406,LIMIT,SELL,101.81,61
18407,ORD018407,LIMIT,SELL,99.74,41
18408,ORD018408,LIMIT,SELL,101.5,1
18409,ORD018408,CANCEL,,,
18410,ORD018406,CANCEL,,,
18411,ORD018407,CANCEL,,,
18412,ORD018412,MARKET,BUY,,84
18413,ORD018413,LIMIT,BUY,99.25,54
18414,ORD018414,LIMIT,SELL,101.31,4
18415,ORD018413,CANCEL,,,
18416,ORD018414,CANCEL,,,
18417,ORD018417,LIMIT,BUY,98.78,77
18418,ORD018418,LIMIT,BUY,99.91,7
18419,ORD018418,CANCEL,,,
18420,ORD018417,CANCEL,,,
18421,ORD018421,LIMIT,SELL,101.46,11
18422,ORD018422,LIMIT,SELL,100.95,83
18423,ORD018422,CANCEL,,,
18424,ORD018421,CANCEL,,,
18425,ORD018425,LIMIT,SELL,99.82,3
18426,ORD018425,CANCEL,,,
18427,ORD018427,LIMIT,SELL,99.62,9
18428,ORD018427,CANCEL,,,
18429,ORD018429,LIMIT,BUY,99.2,68
18430,ORD018429,CANCEL,,,
18431,ORD018431,LIMIT,BUY,98.42,18
18432,ORD018431,CANCEL,,,
18433,ORD018433,LIMIT,SELL,99.82,13
18434,ORD018433,CANCEL,,,
18435,ORD018435,LIMIT,SELL,101.77,7
18436,ORD018436,MARKET,BUY,,74
18437,ORD018435,CANCEL,,,
18438,ORD018438,LIMIT,BUY,98.93,16
18439,ORD018438,CANCEL,,,
18440,ORD018440,MARKET,SELL,,90
18441,ORD018441,LIMIT,BUY,99.81,44
18442,ORD018441,CANCEL,,,
18443,ORD018443,LIMIT,BUY,99.14,98
18444,ORD018444,LIMIT,BUY,98.45,60
18445,ORD018445,LIMIT,BUY,99.47,32
18446,ORD018444,CANCEL,,,
18447,ORD018443,CANCEL,,,
18448,ORD018445,CANCEL,,,
18449,ORD018449,LIMIT,BUY,98.08,48
18450,ORD018449,CANCEL,,,
18451,ORD018451,LIMIT,BUY,98.8,53
18452,ORD018451,CANCEL,,,
18453,ORD018453,LIMIT,SELL,100.1,77
18454,ORD018453,CANCEL,,,
18455,ORD018455,LIMIT,BUY,99.86,39
18456,ORD018456,LIMIT,SELL,101.04,8
18457,ORD018455,CANCEL,,,
18458,ORD018456,CANCEL,,,
18459,ORD018459,LIMIT,BUY,99.9,74
18460,ORD018460,LIMIT,SELL,100.39,54
18461,ORD018460,CANCEL,,,
18462,ORD018462,LIMIT,SELL,101.96,81
18463,ORD018462,CANCEL,,,
18464,ORD018459,CANCEL,,,
18465,ORD018465,LIMIT,SELL,100.69,61
18466,ORD018466,LIMIT,SELL,100.4,55
18467,ORD018467,LIMIT,SELL,101.97,60
18468,ORD018467,CANCEL,,,
18469,ORD018465,CANCEL,,,
18470,ORD018466,CANCEL,,,
18471,ORD018471,LIMIT,SELL,101.26,45
18472,ORD018471,CANCEL,,,
18473,ORD018473,LIMIT,BUY,100.07,60
18474,ORD018473,CANCEL,,,
18475,ORD018475,LIMIT,SELL,101.8,55
18476,ORD018475,CANCEL,,,
18477,ORD018477,LIMIT,SELL,101.29,42
18478,ORD018477,CANCEL,,,
18479,ORD018479,LIMIT,BUY,100.32,31
18480,ORD018480,LIMIT,SELL,101.36,22
18481,ORD018479,CANCEL,,,
18482,ORD018480,CANCEL,,,
18483,ORD018483,LIMIT,SELL,101.91,67
18484,ORD018483,CANCEL,,,
18485,ORD018485,LIMIT,BUY,100.29,79
18486,ORD018485,CANCEL,,,
18487,ORD018487,LIMIT,SELL,100.93,80
18488,ORD018487,CANCEL,,,
18489,ORD018489,LIMIT,SELL,100.42,80
18490,ORD018489,CANCEL,,,
18491,ORD018491,MARKET,SELL,,11
18492,ORD018492,LIMIT,BUY,100.42,87
18493,ORD018492,CANCEL,,,
18494,ORD018494,LIMIT,SELL,101.46,86
18495,ORD018495,LIMIT,BUY,98.6,74
18496,ORD018495,CANCEL,,,
18497,ORD018497,LIMIT,BUY,99.39,7
18498,ORD018498,LIMIT,BUY,98.01,54
18499,ORD018499,MARKET,SELL,,99
18500,ORD018498,CANCEL,,,
18501,ORD018497,CANCEL,,,
18502,ORD018494,CANCEL,,,
18503,ORD018503,LIMIT,BUY,100.25,47
18504,ORD018504,LIMIT,BUY,99.3,97
18505,ORD018503,CANCEL,,,
18506,ORD018504,CANCEL,,,
18507,ORD018507,LIMIT,BUY,98.29,4
18508,ORD018507,CANCEL,,,
18509,ORD018509,LIMIT,SELL,101.44,14
18510,ORD018509,CANCEL,,,
18511,ORD018511,LIMIT,SELL,100.6,30
18512,ORD018511,CANCEL,,,
18513,ORD018513,LIMIT,BUY,98.49,8
18514,ORD018513,CANCEL,,,
18515,ORD018515,LIMIT,SELL,99.55,68
18516,ORD018515,CANCEL,,,
18517,ORD018517,LIMIT,BUY,99.95,97
18518,ORD018518,LIMIT,SELL,101.6,16
18519,ORD018519,LIMIT,SELL,100.05,61
18520,ORD018519,CANCEL,,,
18521,ORD018521,MARKET,BUY,,33
18522,ORD018517,CANCEL,,,
18523,ORD018523,LIMIT,BUY,98.36,8
18524,ORD018518,CANCEL,,,
18525,ORD018523,CANCEL,,,
18526,ORD018526,LIMIT,BUY,100.14,7
18527,ORD018526,CANCEL,,,
18528,ORD018528,LIMIT,SELL,100.73,87
18529,ORD018528,CANCEL,,,
18530,ORD018530,LIMIT,SELL,99.54,4
18531,ORD018530,CANCEL,,,
18532,ORD018532,LIMIT,SELL,100.79,92
18533,ORD018532,CANCEL,,,
18534,ORD018534,LIMIT,BUY,99.65,16
18535,ORD018534,CANCEL,,,
18536,ORD018536,LIMIT,BUY,99.28,11
18537,ORD018537,LIMIT,SELL,99.68,80
18538,ORD018536,CANCEL,,,
18539,ORD018537,CANCEL,,,
18540,ORD018540,LIMIT,BUY,99.02,65
18541,ORD018541,LIMIT,BUY,99.28,31
18542,ORD018542,LIMIT,SELL,100.55,84
18543,ORD018543,LIMIT,BUY,98.89,89
18544,ORD018543,CANCEL,,,
18545,ORD018541,CANCEL,,,
18546,ORD018540,CANCEL,,,
18547,ORD018547,LIMIT,SELL,99.9,54
18548,ORD018542,CANCEL,,,
18549,ORD018549,LIMIT,BUY,99.65,40
18550,ORD018547,CANCEL,,,
18551,ORD018549,CANCEL,,,
18552,ORD018552,LIMIT,SELL,101.9,8
18553,ORD018552,CANCEL,,,
18554,ORD018554,LIMIT,SELL,100.44,88
18555,ORD018554,CANCEL,,,
18556,ORD018556,LIMIT,BUY,99.27,69
18557,ORD018556,CANCEL,,,
18558,ORD018558,LIMIT,BUY,99.83,71
18559,ORD018559,LIMIT,SELL,100.22,57
18560,ORD018558,CANCEL,,,
18561,ORD018559,CANCEL,,,
18562,ORD018562,LIMIT,BUY,99.15,18
18563,ORD018562,CANCEL,,,
18564,ORD018564,LIMIT,BUY,99.34,61
18565,ORD018564,CANCEL,,,
18566,ORD018566,LIMIT,BUY,99.78,69
18567,ORD018567,LIMIT,BUY,98.49,16
18568,ORD018568,LIMIT,SELL,101.86,99
18569,ORD018566,CANCEL,,,
18570,ORD018568,CANCEL,,,
18571,ORD018567,CANCEL,,,
18572,ORD018572,LIMIT,SELL,101.6,56
18573,ORD018572,CANCEL,,,
18574,ORD018574,MARKET,SELL,,24
18575,ORD018575,LIMIT,BUY,98.54,57
18576,ORD018575,CANCEL,,,
18577,ORD018577,LIMIT,SELL,100.74,10
18578,ORD018577,CANCEL,,,
18579,ORD018579,LIMIT,SELL,101.32,58
18580,ORD018579,CANCEL,,,
18581,ORD018581,LIMIT,SELL,101.67,96
18582,ORD018582,LIMIT,BUY,98.62,9
18583,ORD018581,CANCEL,,,
18584,ORD018582,CANCEL,,,
18585,ORD018585,LIMIT,BUY,100.18,7
18586,ORD018585,CANCEL,,,
18587,ORD018587,LIMIT,SELL,99.94,100
18588,ORD018587,CANCEL,,,
18589,ORD018589,LIMIT,BUY,98.91,83
18590,ORD018590,LIMIT,BUY,99.3,76
18591,ORD018590,CANCEL,,,
18592,ORD018589,CANCEL,,,
18593,ORD018593,LIMIT,SELL,100.2,63
18594,ORD018593,CANCEL,,,
18595,ORD018595,LIMIT,BUY,99.43,43
18596,ORD018596,LIMIT,SELL,101.4,56
18597,ORD018596,CANCEL,,,
18598,ORD018595,CANCEL,,,
18599,ORD018599,LIMIT,BUY,100.3,23
18600,ORD018600,LIMIT,BUY,98.28,12
18601,ORD018600,CANCEL,,,
18602,ORD018599,CANCEL,,,
18603,ORD018603,LIMIT,BUY,98.53,23
18604,ORD018603,CANCEL,,,
18605,ORD018605,LIMIT,SELL,101.2,48
18606,ORD018606,LIMIT,SELL,100.67,15
18607,ORD018605,CANCEL,,,
18608,ORD018606,CANCEL,,,
18609,ORD018609,LIMIT,BUY,98.95,72
18610,ORD018609,CANCEL,,,
18611,ORD018611,LIMIT,SELL,100.48,62
18612,ORD018612,LIMIT,BUY,99.56,73
18613,ORD018611,CANCEL,,,
18614,ORD018612,CANCEL,,,
18615,ORD018615,LIMIT,BUY,99.32,15
18616,ORD018615,CANCEL,,,
18617,ORD018617,LIMIT,SELL,100.24,99
18618,ORD018617,CANCEL,,,
18619,ORD018619,LIMIT,SELL,99.61,3
18620,ORD018619,CANCEL,,,
18621,ORD018621,LIMIT,SELL,100.78,4
18622,ORD018622,LIMIT,SELL,101.62,88
18623,ORD018621,CANCEL,,,
18624,ORD018622,CANCEL,,,
18625,ORD018625,LIMIT,BUY,99.0,40
18626,ORD018625,CANCEL,,,
18627,ORD018627,LIMIT,SELL,101.04,97
18628,ORD018627,CANCEL,,,
18629,ORD018629,LIMIT,SELL,101.96,10
18630,ORD018629,CANCEL,,,
18631,ORD018631,LIMIT,BUY,99.37,37
18632,ORD018631,CANCEL,,,
18633,ORD018633,LIMIT,BUY,99.99,47
18634,ORD018633,CANCEL,,,
18635,ORD018635,LIMIT,BUY,98.6,76
18636,ORD018635,CANCEL,,,
18637,ORD018637,LIMIT,BUY,98.31,11
18638,ORD018637,CANCEL,,,
18639,ORD018639,LIMIT,BUY,99.24,29
18640,ORD018640,LIMIT,SELL,101.76,81
18641,ORD018639,CANCEL,,,
18642,ORD018642,LIMIT,SELL,101.89,81
18643,ORD018643,LIMIT,SELL,101.92,76
18644,ORD018640,CANCEL,,,
18645,ORD018643,CANCEL,,,
18646,ORD018642,CANCEL,,,
18647,ORD018647,LIMIT,SELL,100.7,65
18648,ORD018648,LIMIT,BUY,99.87,21
18649,ORD018647,CANCEL,,,
18650,ORD018650,LIMIT,BUY,98.37,58
18651,ORD018648,CANCEL,,,
18652,ORD018650,CANCEL,,,
18653,ORD018653,LIMIT,SELL,101.18,10
18654,ORD018654,MARKET,BUY,,65
18655,ORD018655,LIMIT,BUY,99.29,11
18656,ORD018656,LIMIT,BUY,100.28,85
18657,ORD018653,CANCEL,,,
18658,ORD018658,LIMIT,BUY,100.45,46
18659,ORD018659,LIMIT,SELL,99.84,90
18660,ORD018655,CANCEL,,,
18661,ORD018656,CANCEL,,,
18662,ORD018658,CANCEL,,,
18663,ORD018663,LIMIT,BUY,100.05,78
18664,ORD018663,CANCEL,,,
18665,ORD018665,LIMIT,SELL,101.58,36
18666,ORD018666,LIMIT,SELL,101.34,40
18667,ORD018666,CANCEL,,,
18668,ORD018665,CANCEL,,,
18669,ORD018669,LIMIT,SELL,100.91,21
18670,ORD018670,LIMIT,BUY,98.63,28
18671,ORD018670,CANCEL,,,
18672,ORD018669,CANCEL,,,
18673,ORD018673,LIMIT,BUY,98.85,30
18674,ORD018674,LIMIT,BUY,98.19,50
18675,ORD018673,CANCEL,,,
18676,ORD018674,CANCEL,,,
18677,ORD018677,LIMIT,SELL,101.04,57
18678,ORD018678,MARKET,SELL,,62
18679,ORD018677,CANCEL,,,
18680,ORD018680,LIMIT,BUY,98.56,30
18681,ORD018681,LIMIT,BUY,98.99,99
18682,ORD018681,CANCEL,,,
18683,ORD018680,CANCEL,,,
18684,ORD018684,LIMIT,SELL,101.44,91
18685,ORD018685,LIMIT,SELL,101.74,57
18686,ORD018684,CANCEL,,,
18687,ORD018685,CANCEL,,,
18688,ORD018688,LIMIT,BUY,99.14,70
18689,ORD018689,LIMIT,BUY,99.94,6
18690,ORD018690,LIMIT,SELL,101.07,72
18691,ORD018690,CANCEL,,,
18692,ORD018688,CANCEL,,,
18693,ORD018689,CANCEL,,,
18694,ORD018694,LIMIT,SELL,100.86,70
18695,ORD018694,CANCEL,,,
18696,ORD018696,LIMIT,SELL,100.57,13
18697,ORD018696,CANCEL,,,
18698,ORD018698,LIMIT,BUY,98.05,80
18699,ORD018699,LIMIT,SELL,100.02,25
18700,ORD018698,CANCEL,,,
18701,ORD018699,CANCEL,,,
18702,ORD018702,LIMIT,BUY,98.97,38
18703,ORD018703,LIMIT,SELL,101.22,17
18704,ORD018702,CANCEL,,,
18705,ORD018705,LIMIT,BUY,100.09,100
18706,ORD018703,CANCEL,,,
18707,ORD018705,CANCEL,,,
18708,ORD018708,LIMIT,BUY,99.65,49
18709,ORD018708,CANCEL,,,
18710,ORD018710,LIMIT,SELL,101.37,38
18711,ORD018711,LIMIT,SELL,101.49,78
18712,ORD018712,LIMIT,BUY,99.94,77
18713,ORD018710,CANCEL,,,
18714,ORD018711,CANCEL,,,
18715,ORD018712,CANCEL,,,
18716,ORD018716,MARKET,SELL,,24
18717,ORD018717,LIMIT,BUY,100.07,65
18718,ORD018718,LIMIT,SELL,101.15,73
18719,ORD018718,CANCEL,,,
18720,ORD018717,CANCEL,,,
18721,ORD018721,LIMIT,BUY,98.53,67
18722,ORD018721,CANCEL,,,
18723,ORD018723,LIMIT,BUY,98.02,95
18724,ORD018723,CANCEL,,,
18725,ORD018725,LIMIT,SELL,99.58,11
18726,ORD018725,CANCEL,,,
18727,ORD018727,LIMIT,BUY,98.43,17
18728,ORD018728,MARKET,BUY,,47
18729,ORD018729,LIMIT,BUY,100.43,96
18730,ORD018729,CANCEL,,,
18731,ORD018727,CANCEL,,,
18732,ORD018732,LIMIT,BUY,99.45,87
18733,ORD018733,LIMIT,SELL,100.51,55
18734,ORD018732,CANCEL,,,
18735,ORD018733,CANCEL,,,
18736,ORD018736,LIMIT,SELL,99.69,94
18737,ORD018737,LIMIT,SELL,101.79,50
18738,ORD018736,CANCEL,,,
18739,ORD018737,CANCEL,,,
18740,ORD018740,LIMIT,SELL,99.95,87
18741,ORD018740,CANCEL,,,
18742,ORD018742,LIMIT,BUY,100.05,100
18743,ORD018742,CANCEL,,,
18744,ORD018744,LIMIT,SELL,101.54,34
18745,ORD018744,CANCEL,,,
18746,ORD018746,LIMIT,SELL,101.69,28
18747,ORD018747,LIMIT,BUY,98.18,11
18748,ORD018747,CANCEL,,,
18749,ORD018749,LIMIT,SELL,99.58,63
18750,ORD018746,CANCEL,,,
18751,ORD018749,CANCEL,,,
18752,ORD018752,LIMIT,SELL,100.51,77
18753,ORD018752,CANCEL,,,
18754,ORD018754,LIMIT,BUY,99.54,70
18755,ORD018754,CANCEL,,,
18756,ORD018756,LIMIT,SELL,99.82,87
18757,ORD018756,CANCEL,,,
18758,ORD018758,LIMIT,SELL,99.84,36
18759,ORD018759,LIMIT,BUY,98.57,38
18760,ORD018760,LIMIT,BUY,98.76,3
18761,ORD018760,CANCEL,,,
18762,ORD018758,CANCEL,,,
18763,ORD018759,CANCEL,,,
18764,ORD018764,LIMIT,SELL,101.39,58
18765,ORD018764,CANCEL,,,
18766,ORD018766,LIMIT,BUY,98.31,34
18767,ORD018766,CANCEL,,,
18768,ORD018768,LIMIT,SELL,101.04,66
18769,ORD018769,LIMIT,BUY,99.42,32
18770,ORD018770,LIMIT,SELL,100.15,56
18771,ORD018771,LIMIT,BUY,98.38,51
18772,ORD018771,CANCEL,,,
18773,ORD018770,CANCEL,,,
18774,ORD018768,CANCEL,,,
18775,ORD018769,CANCEL,,,
18776,ORD018776,LIMIT,SELL,100.2,88
18777,ORD018776,CANCEL,,,
18778,ORD018778,LIMIT,SELL,100.26,55
18779,ORD018778,CANCEL,,,
18780,ORD018780,LIMIT,BUY,100.38,61
18781,ORD018781,LIMIT,SELL,100.53,97
18782,ORD018780,CANCEL,,,
18783,ORD018781,CANCEL,,,
18784,ORD018784,LIMIT,SELL,100.24,58
18785,ORD018784,CANCEL,,,
18786,ORD018786,LIMIT,BUY,99.66,66
18787,ORD018786,CANCEL,,,
18788,ORD018788,LIMIT,BUY,98.32,34
18789,ORD018788,CANCEL,,,
18790,ORD018790,LIMIT,SELL,100.07,41
18791,ORD018790,CANCEL,,,
18792,ORD018792,LIMIT,SELL,101.56,18
18793,ORD018792,CANCEL,,,
18794,ORD018794,LIMIT,BUY,100.02,7
18795,ORD018794,CANCEL,,,
18796,ORD018796,LIMIT,SELL,99.62,63
18797,ORD018796,CANCEL,,,
18798,ORD018798,LIMIT,BUY,98.22,47
18799,ORD018799,LIMIT,BUY,99.36,8
18800,ORD018800,LIMIT,SELL,99.52,55
18801,ORD018801,LIMIT,SELL,99.81,50
18802,ORD018800,CANCEL,,,
18803,ORD018801,CANCEL,,,
18804,ORD018799,CANCEL,,,
18805,ORD018798,CANCEL,,,
18806,ORD018806,LIMIT,SELL,101.03,88
18807,ORD018807,LIMIT,SELL,100.5,11
18808,ORD018807,CANCEL,,,
18809,ORD018806,CANCEL,,,
18810,ORD018810,LIMIT,BUY,98.68,84
18811,ORD018810,CANCEL,,,
18812,ORD018812,LIMIT,BUY,99.12,97
18813,ORD018812,CANCEL,,,
18814,ORD018814,LIMIT,BUY,98.85,45
18815,ORD018814,CANCEL,,,
18816,ORD018816,LIMIT,SELL,101.17,66
18817,ORD018817,LIMIT,BUY,100.22,39
18818,ORD018818,LIMIT,BUY,99.63,56
18819,ORD018817,CANCEL,,,
18820,ORD018816,CANCEL,,,
18821,ORD018818,CANCEL,,,
18822,ORD018822,LIMIT,BUY,98.08,32
18823,ORD018822,CANCEL,,,
18824,ORD018824,LIMIT,BUY,99.09,78
18825,ORD018824,CANCEL,,,
18826,ORD018826,LIMIT,BUY,98.96,56
18827,ORD018826,CANCEL,,,
18828,ORD018828,LIMIT,BUY,99.46,36
18829,ORD018828,CANCEL,,,
18830,ORD018830,LIMIT,SELL,101.02,84
18831,ORD018830,CANCEL,,,
18832,ORD018832,LIMIT,BUY,99.4,79
18833,ORD018832,CANCEL,,,
18834,ORD018834,LIMIT,BUY,98.81,43
18835,ORD018834,CANCEL,,,
18836,ORD018836,LIMIT,BUY,98.65,45
18837,ORD018837,LIMIT,BUY,100.38,5
18838,ORD018836,CANCEL,,,
18839,ORD018837,CANCEL,,,
18840,ORD018840,LIMIT,BUY,98.95,11
18841,ORD018841,LIMIT,BUY,100.32,26
18842,ORD018840,CANCEL,,,
18843,ORD018841,CANCEL,,,
18844,ORD018844,LIMIT,SELL,99.97,95
18845,ORD018845,LIMIT,SELL,101.54,66
18846,ORD018845,CANCEL,,,
18847,ORD018844,CANCEL,,,
18848,ORD018848,LIMIT,BUY,100.19,82
18849,ORD018848,CANCEL,,,
18850,ORD018850,LIMIT,BUY,99.17,84
18851,ORD018851,LIMIT,SELL,100.97,74
18852,ORD018850,CANCEL,,,
18853,ORD018851,CANCEL,,,
18854,ORD018854,LIMIT,SELL,100.48,20
18855,ORD018854,CANCEL,,,
18856,ORD018856,LIMIT,SELL,100.96,90
18857,ORD018856,CANCEL,,,
18858,ORD018858,LIMIT,SELL,101.02,43
18859,ORD018858,CANCEL,,,
18860,ORD018860,LIMIT,BUY,98.28,73
18861,ORD018861,LIMIT,SELL,101.39,54
18862,ORD018861,CANCEL,,,
18863,ORD018860,CANCEL,,,
18864,ORD018864,LIMIT,SELL,99.71,44
18865,ORD018864,CANCEL,,,
18866,ORD018866,LIMIT,SELL,100.53,75
18867,ORD018866,CANCEL,,,
18868,ORD018868,LIMIT,BUY,100.0,18
18869,ORD018868,CANCEL,,,
18870,ORD018870,LIMIT,BUY,100.04,36
18871,ORD018870,CANCEL,,,
18872,ORD018872,LIMIT,SELL,100.46,63
18873,ORD018872,CANCEL,,,
18874,ORD018874,LIMIT,BUY,100.25,70
18875,ORD018874,CANCEL,,,
18876,ORD018876,LIMIT,SELL,100.34,71
18877,ORD018877,LIMIT,BUY,99.62,58
18878,ORD018878,LIMIT,BUY,99.12,35
18879,ORD018876,CANCEL,,,
18880,ORD018877,CANCEL,,,
18881,ORD018878,CANCEL,,,
18882,ORD018882,LIMIT,SELL,102.0,51
18883,ORD018882,CANCEL,,,
18884,ORD018884,LIMIT,BUY,98.55,89
18885,ORD018884,CANCEL,,,
18886,ORD018886,LIMIT,SELL,101.3,21
18887,ORD018886,CANCEL,,,
18888,ORD018888,LIMIT,BUY,98.86,18
18889,ORD018888,CANCEL,,,
18890,ORD018890,LIMIT,BUY,98.46,29
18891,ORD018890,CANCEL,,,
18892,ORD018892,LIMIT,SELL,101.73,89
18893,ORD018892,CANCEL,,,
18894,ORD018894,LIMIT,BUY,100.15,23
18895,ORD018894,CANCEL,,,
18896,ORD018896,LIMIT,BUY,100.18,40
18897,ORD018896,CANCEL,,,
18898,ORD018898,LIMIT,SELL,101.11,17
18899,ORD018899,LIMIT,BUY,99.74,66
18900,ORD018898,CANCEL,,,
18901,ORD018899,CANCEL,,,
18902,ORD018902,LIMIT,BUY,100.48,58
18903,ORD018902,CANCEL,,,
18904,ORD018904,MARKET,BUY,,1
18905,ORD018905,LIMIT,BUY,98.25,72
18906,ORD018906,LIMIT,BUY,99.05,77
18907,ORD018907,LIMIT,BUY,99.43,35
18908,ORD018905,CANCEL,,,
18909,ORD018906,CANCEL,,,
18910,ORD018907,CANCEL,,,
18911,ORD018911,LIMIT,BUY,99.16,22
18912,ORD018912,LIMIT,BUY,99.16,47
18913,ORD018911,CANCEL,,,
18914,ORD018912,CANCEL,,,
18915,ORD018915,LIMIT,BUY,100.27,45
18916,ORD018915,CANCEL,,,
18917,ORD018917,LIMIT,SELL,101.94,3
18918,ORD018917,CANCEL,,,
18919,ORD018919,LIMIT,SELL,99.67,18
18920,ORD018920,LIMIT,SELL,101.19,73
18921,ORD018921,LIMIT,SELL,101.2,90
18922,ORD018921,CANCEL,,,
18923,ORD018919,CANCEL,,,
18924,ORD018920,CANCEL,,,
18925,ORD018925,LIMIT,BUY,98.29,48
18926,ORD018925,CANCEL,,,
18927,ORD018927,LIMIT,BUY,99.69,36
18928,ORD018927,CANCEL,,,
18929,ORD018929,LIMIT,SELL,101.67,80
18930,ORD018929,CANCEL,,,
18931,ORD018931,LIMIT,SELL,99.79,48
18932,ORD018931,CANCEL,,,
18933,ORD018933,LIMIT,BUY,98.39,61
18934,ORD018933,CANCEL,,,
18935,ORD018935,LIMIT,SELL,101.51,15
18936,ORD018935,CANCEL,,,
18937,ORD018937,LIMIT,BUY,98.17,30
18938,ORD018937,CANCEL,,,
18939,ORD018939,LIMIT,SELL,101.94,85
18940,ORD018940,LIMIT,BUY,98.37,63
18941,ORD018939,CANCEL,,,
18942,ORD018940,CANCEL,,,
18943,ORD018943,LIMIT,BUY,99.93,90
18944,ORD018943,CANCEL,,,
18945,ORD018945,LIMIT,BUY,100.15,68
18946,ORD018945,CANCEL,,,
18947,ORD018947,LIMIT,SELL,101.21,13
18948,ORD018947,CANCEL,,,
18949,ORD018949,LIMIT,BUY,100.17,11
18950,ORD018949,CANCEL,,,
18951,ORD018951,LIMIT,SELL,101.6,75
18952,ORD018951,CANCEL,,,
18953,ORD018953,LIMIT,SELL,101.14,42
18954,ORD018953,CANCEL,,,
18955,ORD018955,LIMIT,BUY,98.96,25
18956,ORD018956,MARKET,BUY,,57
18957,ORD018955,CANCEL,,,
18958,ORD018958,LIMIT,SELL,101.38,5
18959,ORD018958,CANCEL,,,
18960,ORD018960,LIMIT,BUY,99.97,64
18961,ORD018961,LIMIT,BUY,99.07,24
18962,ORD018961,CANCEL,,,
18963,ORD018960,CANCEL,,,
18964,ORD018964,LIMIT,SELL,100.62,29
18965,ORD018964,CANCEL,,,
18966,ORD018966,LIMIT,SELL,101.89,78
18967,ORD018967,LIMIT,SELL,99.96,41
18968,ORD018966,CANCEL,,,
18969,ORD018967,CANCEL,,,
18970,ORD018970,LIMIT,SELL,101.05,87
18971,ORD018970,CANCEL,,,
18972,ORD018972,LIMIT,SELL,100.19,33
18973,ORD018972,CANCEL,,,
18974,ORD018974,LIMIT,SELL,100.54,37
18975,ORD018975,LIMIT,BUY,98.4,33
18976,ORD018974,CANCEL,,,
18977,ORD018977,LIMIT,BUY,99.81,20
18978,ORD018975,CANCEL,,,
18979,ORD018977,CANCEL,,,
18980,ORD018980,LIMIT,SELL,100.6,96
18981,ORD018981,LIMIT,BUY,98.37,86
18982,ORD018981,CANCEL,,,
18983,ORD018980,CANCEL,,,
18984,ORD018984,LIMIT,BUY,99.42,6
18985,ORD018984,CANCEL,,,
18986,ORD018986,LIMIT,SELL,101.77,73
18987,ORD018986,CANCEL,,,
18988,ORD018988,LIMIT,SELL,99.78,76
18989,ORD018989,MARKET,SELL,,23
18990,ORD018990,LIMIT,BUY,99.04,78
18991,ORD018990,CANCEL,,,
18992,ORD018992,LIMIT,SELL,99.86,61
18993,ORD018992,CANCEL,,,
18994,ORD018988,CANCEL,,,
18995,ORD018995,LIMIT,SELL,101.84,95
18996,ORD018996,LIMIT,BUY,99.46,87
18997,ORD018997,LIMIT,SELL,99.57,8
18998,ORD018997,CANCEL,,,
18999,ORD018996,CANCEL,,,
19000,ORD018995,CANCEL,,,
19001,ORD019001,LIMIT,SELL,100.61,50
19002,ORD019001,CANCEL,,,
19003,ORD019003,LIMIT,SELL,99.72,28
19004,ORD019003,CANCEL,,,
19005,ORD019005,LIMIT,SELL,100.3,38
19006,ORD019005,CANCEL,,,
19007,ORD019007,LIMIT,BUY,98.28,96
19008,ORD019007,CANCEL,,,
19009,ORD019009,LIMIT,SELL,100.05,31
19010,ORD019010,LIMIT,BUY,98.09,38
19011,ORD019011,LIMIT,BUY,100.43,50
19012,ORD019011,CANCEL,,,
19013,ORD019010,CANCEL,,,
19014,ORD019009,CANCEL,,,
19015,ORD019015,LIMIT,BUY,98.27,62
19016,ORD019015,CANCEL,,,
19017,ORD019017,LIMIT,SELL,101.8,70
19018,ORD019018,LIMIT,BUY,99.75,21
19019,ORD019017,CANCEL,,,
19020,ORD019018,CANCEL,,,
19021,ORD019021,LIMIT,BUY,99.83,27
19022,ORD019022,LIMIT,SELL,102.0,31
19023,ORD019022,CANCEL,,,
19024,ORD019021,CANCEL,,,
19025,ORD019025,LIMIT,BUY,98.48,23
19026,ORD019025,CANCEL,,,
19027,ORD019027,LIMIT,SELL,101.84,11
19028,ORD019028,LIMIT,BUY,99.19,54
19029,ORD019028,CANCEL,,,
19030,ORD019027,CANCEL,,,
19031,ORD019031,LIMIT,SELL,100.98,68
19032,ORD019031,CANCEL,,,
19033,ORD019033,LIMIT,SELL,100.18,56
19034,ORD019034,LIMIT,BUY,99.72,75
19035,ORD019033,CANCEL,,,
19036,ORD019034,CANCEL,,,
19037,ORD019037,LIMIT,BUY,98.35,10
19038,ORD019037,CANCEL,,,
19039,ORD019039,LIMIT,SELL,101.05,57
19040,ORD019040,LIMIT,BUY,99.01,20
19041,ORD019039,CANCEL,,,
19042,ORD019042,LIMIT,SELL,100.13,73
19043,ORD019042,CANCEL,,,
19044,ORD019040,CANCEL,,,
19045,ORD019045,LIMIT,BUY,99.25,36
19046,ORD019045,CANCEL,,,
19047,ORD019047,LIMIT,BUY,99.02,17
19048,ORD019048,LIMIT,SELL,100.67,14
19049,ORD019048,CANCEL,,,
19050,ORD019047,CANCEL,,,
19051,ORD019051,LIMIT,BUY,100.28,64
19052,ORD019051,CANCEL,,,
19053,ORD019053,LIMIT,BUY,99.49,30
19054,ORD019053,CANCEL,,,
19055,ORD019055,LIMIT,BUY,99.05,35
19056,ORD019055,CANCEL,,,
19057,ORD019057,LIMIT,BUY,98.98,1
19058,ORD019057,CANCEL,,,
19059,ORD019059,LIMIT,BUY,98.79,85
19060,ORD019060,LIMIT,BUY,99.99,90
19061,ORD019060,CANCEL,,,
19062,ORD019059,CANCEL,,,
19063,ORD019063,LIMIT,BUY,100.11,40
19064,ORD019064,LIMIT,BUY,99.04,58
19065,ORD019063,CANCEL,,,
19066,ORD019064,CANCEL,,,
19067,ORD019067,LIMIT,SELL,100.71,79
19068,ORD019067,CANCEL,,,
19069,ORD019069,LIMIT,SELL,101.35,96
19070,ORD019069,CANCEL,,,
19071,ORD019071,LIMIT,SELL,101.28,90
19072,ORD019071,CANCEL,,,
19073,ORD019073,LIMIT,SELL,101.97,16
19074,ORD019073,CANCEL,,,
19075,ORD019075,LIMIT,SELL,99.61,20
19076,ORD019075,CANCEL,,,
19077,ORD019077,LIMIT,SELL,100.01,94
19078,ORD019077,CANCEL,,,
19079,ORD019079,LIMIT,BUY,98.65,67
19080,ORD019079,CANCEL,,,
19081,ORD019081,LIMIT,SELL,101.66,96
19082,ORD019081,CANCEL,,,
19083,ORD019083,LIMIT,SELL,101.21,19
19084,ORD019083,CANCEL,,,
19085,ORD019085,LIMIT,BUY,99.85,81
19086,ORD019085,CANCEL,,,
19087,ORD019087,MARKET,SELL,,21
19088,ORD019088,LIMIT,SELL,101.86,24
19089,ORD019088,CANCEL,,,
19090,ORD019090,LIMIT,BUY,100.03,77
19091,ORD019091,LIMIT,SELL,100.81,90
19092,ORD019090,CANCEL,,,
19093,ORD019091,CANCEL,,,
19094,ORD019094,MARKET,BUY,,43
19095,ORD019095,LIMIT,BUY,99.03,40
19096,ORD019095,CANCEL,,,
19097,ORD019097,LIMIT,SELL,100.22,3
19098,ORD019097,CANCEL,,,
19099,ORD019099,LIMIT,BUY,100.13,83
19100,ORD019099,CANCEL,,,
19101,ORD019101,LIMIT,SELL,100.15,74
19102,ORD019101,CANCEL,,,
19103,ORD019103,LIMIT,BUY,99.39,16
19104,ORD019103,CANCEL,,,
19105,ORD019105,LIMIT,SELL,99.65,37
19106,ORD019106,LIMIT,SELL,101.36,11
19107,ORD019105,CANCEL,,,
19108,ORD019108,LIMIT,SELL,101.1,91
19109,ORD019108,CANCEL,,,
19110,ORD019106,CANCEL,,,
19111,ORD019111,LIMIT,SELL,100.99,21
19112,ORD019111,CANCEL,,,
19113,ORD019113,LIMIT,SELL,101.32,13
19114,ORD019114,LIMIT,BUY,99.31,95
19115,ORD019114,CANCEL,,,
19116,ORD019113,CANCEL,,,
19117,ORD019117,LIMIT,SELL,101.14,15
19118,ORD019117,CANCEL,,,
19119,ORD019119,LIMIT,SELL,101.38,62
19120,ORD019119,CANCEL,,,
19121,ORD019121,LIMIT,BUY,99.18,63
19122,ORD019121,CANCEL,,,
19123,ORD019123,LIMIT,SELL,100.85,73
19124,ORD019123,CANCEL,,,
19125,ORD019125,LIMIT,BUY,99.35,65
19126,ORD019126,LIMIT,BUY,99.3,92
19127,ORD019126,CANCEL,,,
19128,ORD019125,CANCEL,,,
19129,ORD019129,MARKET,SELL,,28
19130,ORD019130,LIMIT,BUY,100.32,9
19131,ORD019130,CANCEL,,,
19132,ORD019132,LIMIT,SELL,99.84,37
19133,ORD019132,CANCEL,,,
19134,ORD019134,LIMIT,BUY,98.11,72
19135,ORD019135,LIMIT,SELL,101.4,98
19136,ORD019134,CANCEL,,,
19137,ORD019137,LIMIT,SELL,99.67,10
19138,ORD019138,MARKET,BUY,,46
19139,ORD019137,CANCEL,,,
19140,ORD019140,LIMIT,SELL,101.49,93
19141,ORD019140,CANCEL,,,
19142,ORD019135,CANCEL,,,
19143,ORD019143,LIMIT,BUY,98.78,46
19144,ORD019143,CANCEL,,,
19145,ORD019145,LIMIT,SELL,100.78,80
19146,ORD019145,CANCEL,,,
19147,ORD019147,LIMIT,SELL,99.57,91
19148,ORD019148,LIMIT,SELL,101.33,50
19149,ORD019147,CANCEL,,,
19150,ORD019150,LIMIT,SELL,101.42,14
19151,ORD019148,CANCEL,,,
19152,ORD019150,CANCEL,,,
19153,ORD019153,LIMIT,SELL,100.54,65
19154,ORD019153,CANCEL,,,
19155,ORD019155,LIMIT,SELL,101.91,91
19156,ORD019156,LIMIT,SELL,101.52,24
19157,ORD019157,LIMIT,SELL,101.41,5
19158,ORD019158,LIMIT,SELL,100.81,38
19159,ORD019156,CANCEL,,,
19160,ORD019160,LIMIT,BUY,98.08,70
19161,ORD019155,CANCEL,,,
19162,ORD019160,CANCEL,,,
19163,ORD019163,LIMIT,SELL,101.21,73
19164,ORD019164,LIMIT,SELL,100.46,42
19165,ORD019165,LIMIT,BUY,98.02,64
19166,ORD019165,CANCEL,,,
19167,ORD019157,CANCEL,,,
19168,ORD019168,LIMIT,BUY,100.32,66
19169,ORD019169,MARKET,BUY,,92
19170,ORD019164,CANCEL,,,
19171,ORD019158,CANCEL,,,
19172,ORD019168,CANCEL,,,
19173,ORD019163,CANCEL,,,
19174,ORD019174,LIMIT,SELL,100.27,53
19175,ORD019175,LIMIT,BUY,100.09,59
19176,ORD019175,CANCEL,,,
19177,ORD019174,CANCEL,,,
19178,ORD019178,LIMIT,BUY,99.38,4
19179,ORD019178,CANCEL,,,
19180,ORD019180,LIMIT,BUY,100.05,50
19181,ORD019181,LIMIT,SELL,99.84,89
19182,ORD019180,CANCEL,,,
19183,ORD019181,CANCEL,,,
19184,ORD019184,MARKET,BUY,,60
19185,ORD019185,LIMIT,BUY,100.12,21
19186,ORD019185,CANCEL,,,
19187,ORD019187,LIMIT,SELL,101.36,71
19188,ORD019187,CANCEL,,,
19189,ORD019189,LIMIT,SELL,99.72,66
19190,ORD019189,CANCEL,,,
19191,ORD019191,LIMIT,BUY,99.54,56
19192,ORD019191,CANCEL,,,
19193,ORD019193,LIMIT,SELL,100.35,81
19194,ORD019193,CANCEL,,,
19195,ORD019195,LIMIT,SELL,99.73,10
19196,ORD019195,CANCEL,,,
19197,ORD019197,LIMIT,SELL,101.91,6
19198,ORD019197,CANCEL,,,
19199,ORD019199,LIMIT,SELL,101.94,32
19200,ORD019199,CANCEL,,,
19201,ORD019201,LIMIT,BUY,99.01,72
19202,ORD019202,LIMIT,BUY,100.15,89
19203,ORD019203,LIMIT,SELL,100.44,75
19204,ORD019201,CANCEL,,,
19205,ORD019202,CANCEL,,,
19206,ORD019206,LIMIT,SELL,100.55,13
19207,ORD019206,CANCEL,,,
19208,ORD019208,LIMIT,SELL,100.24,91
19209,ORD019203,CANCEL,,,
19210,ORD019208,CANCEL,,,
19211,ORD019211,LIMIT,SELL,100.42,36
19212,ORD019211,CANCEL,,,
19213,ORD019213,LIMIT,BUY,98.85,98
19214,ORD019214,LIMIT,BUY,98.62,8
19215,ORD019213,CANCEL,,,
19216,ORD019216,LIMIT,BUY,99.94,12
19217,ORD019214,CANCEL,,,
19218,ORD019216,CANCEL,,,
19219,ORD019219,LIMIT,SELL,101.27,38
19220,ORD019220,LIMIT,BUY,98.33,99
19221,ORD019219,CANCEL,,,
19222,ORD019222,LIMIT,BUY,99.44,64
19223,ORD019220,CANCEL,,,
19224,ORD019224,LIMIT,SELL,100.08,4
19225,ORD019225,LIMIT,SELL,100.8,99
19226,ORD019224,CANCEL,,,
19227,ORD019222,CANCEL,,,
19228,ORD019225,CANCEL,,,
19229,ORD019229,LIMIT,SELL,100.45,58
19230,ORD019229,CANCEL,,,
19231,ORD019231,MARKET,SELL,,51
19232,ORD019232,LIMIT,BUY,99.03,66
19233,ORD019233,LIMIT,BUY,100.38,15
19234,ORD019232,CANCEL,,,
19235,ORD019233,CANCEL,,,
19236,ORD019236,LIMIT,BUY,100.1,8
19237,ORD019236,CANCEL,,,
19238,ORD019238,LIMIT,BUY,99.08,24
19239,ORD019238,CANCEL,,,
19240,ORD019240,LIMIT,BUY,100.25,24
19241,ORD019241,LIMIT,BUY,98.69,86
19242,ORD019241,CANCEL,,,
19243,ORD019240,CANCEL,,,
19244,ORD019244,LIMIT,BUY,99.59,37
19245,ORD019244,CANCEL,,,
19246,ORD019246,LIMIT,BUY,99.09,8
19247,ORD019247,LIMIT,BUY,100.17,97
19248,ORD019246,CANCEL,,,
19249,ORD019249,MARKET,SELL,,61
19250,ORD019247,CANCEL,,,
19251,ORD019251,LIMIT,SELL,101.72,60
19252,ORD019252,LIMIT,SELL,99.6,8
19253,ORD019251,CANCEL,,,
19254,ORD019252,CANCEL,,,
19255,ORD019255,LIMIT,SELL,101.92,29
19256,ORD019255,CANCEL,,,
19257,ORD019257,LIMIT,SELL,101.08,46
19258,ORD019258,LIMIT,BUY,100.25,39
19259,ORD019258,CANCEL,,,
19260,ORD019260,LIMIT,SELL,101.75,20
19261,ORD019261,LIMIT,BUY,99.19,38
19262,ORD019262,LIMIT,BUY,99.9,9
19263,ORD019261,CANCEL,,,
19264,ORD019260,CANCEL,,,
19265,ORD019262,CANCEL,,,
19266,ORD019266,LIMIT,SELL,99.6,44
19267,ORD019266,CANCEL,,,
19268,ORD019268,LIMIT,SELL,100.35,74
19269,ORD019257,CANCEL,,,
19270,ORD019268,CANCEL,,,
19271,ORD019271,LIMIT,SELL,101.04,45
19272,ORD019272,LIMIT,SELL,101.02,99
19273,ORD019273,LIMIT,BUY,99.99,9
19274,ORD019271,CANCEL,,,
19275,ORD019275,LIMIT,BUY,100.09,11
19276,ORD019276,LIMIT,BUY,99.92,13
19277,ORD019277,LIMIT,SELL,100.39,12
19278,ORD019278,LIMIT,SELL,101.2,82
19279,ORD019278,CANCEL,,,
19280,ORD019277,CANCEL,,,
19281,ORD019273,CANCEL,,,
19282,ORD019272,CANCEL,,,
19283,ORD019276,CANCEL,,,
19284,ORD019284,LIMIT,BUY,98.24,8
19285,ORD019285,LIMIT,SELL,101.4,79
19286,ORD019285,CANCEL,,,
19287,ORD019284,CANCEL,,,
19288,ORD019275,CANCEL,,,
19289,ORD019289,MARKET,SELL,,32
19290,ORD019290,LIMIT,BUY,100.33,53
19291,ORD019290,CANCEL,,,
19292,ORD019292,LIMIT,BUY,100.38,49
19293,ORD019292,CANCEL,,,
19294,ORD019294,LIMIT,BUY,99.93,74
19295,ORD019294,CANCEL,,,
19296,ORD019296,LIMIT,SELL,101.75,19
19297,ORD019296,CANCEL,,,
19298,ORD019298,LIMIT,SELL,101.75,20
19299,ORD019298,CANCEL,,,
19300,ORD019300,LIMIT,BUY,100.25,22
19301,ORD019300,CANCEL,,,
19302,ORD019302,LIMIT,BUY,98.1,79
19303,ORD019302,CANCEL,,,
19304,ORD019304,LIMIT,BUY,98.08,2
19305,ORD019304,CANCEL,,,
19306,ORD019306,MARKET,SELL,,47
19307,ORD019307,LIMIT,BUY,99.2,87
19308,ORD019307,CANCEL,,,
19309,ORD019309,LIMIT,BUY,99.24,43
19310,ORD019309,CANCEL,,,
19311,ORD019311,LIMIT,BUY,98.58,51
19312,ORD019312,LIMIT,SELL,101.77,87
19313,ORD019312,CANCEL,,,
19314,ORD019314,LIMIT,BUY,100.04,61
19315,ORD019315,LIMIT,BUY,99.11,16
19316,ORD019316,LIMIT,SELL,101.35,5
19317,ORD019314,CANCEL,,,
19318,ORD019318,LIMIT,SELL,101.89,26
19319,ORD019316,CANCEL,,,
19320,ORD019320,LIMIT,SELL,101.81,29
19321,ORD019320,CANCEL,,,
19322,ORD019311,CANCEL,,,
19323,ORD019315,CANCEL,,,
19324,ORD019318,CANCEL,,,
19325,ORD019325,LIMIT,SELL,100.6,82
19326,ORD019325,CANCEL,,,
19327,ORD019327,LIMIT,BUY,99.89,1
19328,ORD019327,CANCEL,,,
19329,ORD019329,LIMIT,BUY,99.1,50
19330,ORD019329,CANCEL,,,
19331,ORD019331,LIMIT,SELL,100.39,17
19332,ORD019332,LIMIT,BUY,98.17,24
19333,ORD019333,LIMIT,SELL,101.79,4
19334,ORD019334,LIMIT,BUY,99.44,60
19335,ORD019335,LIMIT,SELL,99.63,23
19336,ORD019335,CANCEL,,,
19337,ORD019332,CANCEL,,,
19338,ORD019338,LIMIT,BUY,99.98,83
19339,ORD019333,CANCEL,,,
19340,ORD019331,CANCEL,,,
19341,ORD019334,CANCEL,,,
19342,ORD019338,CANCEL,,,
19343,ORD019343,LIMIT,SELL,100.18,81
19344,ORD019343,CANCEL,,,
19345,ORD019345,LIMIT,BUY,98.34,71
19346,ORD019345,CANCEL,,,
19347,ORD019347,LIMIT,SELL,100.29,56
19348,ORD019348,LIMIT,BUY,98.73,60
19349,ORD019349,LIMIT,BUY,99.28,2
19350,ORD019348,CANCEL,,,
19351,ORD019349,CANCEL,,,
19352,ORD019347,CANCEL,,,
19353,ORD019353,LIMIT,BUY,98.69,73
19354,ORD019353,CANCEL,,,
19355,ORD019355,LIMIT,SELL,101.5,71
19356,ORD019356,LIMIT,BUY,98.94,50
19357,ORD019357,LIMIT,BUY,99.86,71
19358,ORD019355,CANCEL,,,
19359,ORD019357,CANCEL,,,
19360,ORD019360,LIMIT,SELL,100.68,42
19361,ORD019361,LIMIT,SELL,101.73,71
19362,ORD019356,CANCEL,,,
19363,ORD019363,LIMIT,BUY,98.36,5
19364,ORD019360,CANCEL,,,
19365,ORD019361,CANCEL,,,
19366,ORD019363,CANCEL,,,
19367,ORD019367,LIMIT,BUY,100.26,69
19368,ORD019368,LIMIT,BUY,99.25,75
19369,ORD019367,CANCEL,,,
19370,ORD019368,CANCEL,,,
19371,ORD019371,LIMIT,BUY,99.46,33
19372,ORD019371,CANCEL,,,
19373,ORD019373,LIMIT,BUY,98.74,47
19374,ORD019373,CANCEL,,,
19375,ORD019375,LIMIT,BUY,100.17,82
19376,ORD019375,CANCEL,,,
19377,ORD019377,LIMIT,BUY,98.49,88
19378,ORD019377,CANCEL,,,
19379,ORD019379,LIMIT,BUY,98.51,64
19380,ORD019379,CANCEL,,,
19381,ORD019381,LIMIT,BUY,99.02,34
19382,ORD019381,CANCEL,,,
19383,ORD019383,LIMIT,SELL,101.08,46
19384,ORD019383,CANCEL,,,
19385,ORD019385,LIMIT,BUY,98.41,25
19386,ORD019386,LIMIT,BUY,100.45,26
19387,ORD019385,CANCEL,,,
19388,ORD019386,CANCEL,,,
19389,ORD019389,LIMIT,BUY,98.73,3
19390,ORD019390,LIMIT,BUY,100.48,66
19391,ORD019391,LIMIT,SELL,100.65,53
19392,ORD019390,CANCEL,,,
19393,ORD019389,CANCEL,,,
19394,ORD019391,CANCEL,,,
19395,ORD019395,LIMIT,BUY,98.93,18
19396,ORD019395,CANCEL,,,
19397,ORD019397,LIMIT,BUY,99.7,67
19398,ORD019397,CANCEL,,,
19399,ORD019399,LIMIT,BUY,100.38,61
19400,ORD019399,CANCEL,,,
19401,ORD019401,LIMIT,BUY,98.38,89
19402,ORD019401,CANCEL,,,
19403,ORD019403,LIMIT,SELL,99.85,37
19404,ORD019403,CANCEL,,,
19405,ORD019405,LIMIT,BUY,98.66,9
19406,ORD019406,LIMIT,SELL,100.3,65
19407,ORD019405,CANCEL,,,
19408,ORD019406,CANCEL,,,
19409,ORD019409,LIMIT,BUY,98.63,16
19410,ORD019409,CANCEL,,,
19411,ORD019411,LIMIT,SELL,100.66,80
19412,ORD019411,CANCEL,,,
19413,ORD019413,LIMIT,BUY,98.46,29
19414,ORD019413,CANCEL,,,
19415,ORD019415,LIMIT,SELL,99.56,71
19416,ORD019415,CANCEL,,,
19417,ORD019417,LIMIT,SELL,100.39,100
19418,ORD019417,CANCEL,,,
19419,ORD019419,LIMIT,SELL,101.63,87
19420,ORD019419,CANCEL,,,
19421,ORD019421,LIMIT,SELL,100.16,74
19422,ORD019421,CANCEL,,,
19423,ORD019423,LIMIT,SELL,99.53,14
19424,ORD019423,CANCEL,,,
19425,ORD019425,LIMIT,BUY,100.5,9
19426,ORD019425,CANCEL,,,
19427,ORD019427,LIMIT,BUY,98.3,91
19428,ORD019428,LIMIT,SELL,101.85,91
19429,ORD019428,CANCEL,,,
19430,ORD019427,CANCEL,,,
19431,ORD019431,LIMIT,BUY,100.0,93
19432,ORD019431,CANCEL,,,
19433,ORD019433,LIMIT,SELL,100.42,57
19434,ORD019433,CANCEL,,,
19435,ORD019435,LIMIT,SELL,101.72,11
19436,ORD019435,CANCEL,,,
19437,ORD019437,LIMIT,SELL,100.94,49
19438,ORD019437,CANCEL,,,
19439,ORD019439,LIMIT,SELL,100.97,30
19440,ORD019439,CANCEL,,,
19441,ORD019441,MARKET,SELL,,79
19442,ORD019442,LIMIT,BUY,98.63,7
19443,ORD019442,CANCEL,,,
19444,ORD019444,LIMIT,SELL,100.13,15
19445,ORD019445,LIMIT,SELL,100.63,27
19446,ORD019444,CANCEL,,,
19447,ORD019445,CANCEL,,,
19448,ORD019448,LIMIT,BUY,98.46,62
19449,ORD019448,CANCEL,,,
19450,ORD019450,LIMIT,SELL,101.7,30
19451,ORD019450,CANCEL,,,
19452,ORD019452,LIMIT,SELL,101.44,67
19453,ORD019452,CANCEL,,,
19454,ORD019454,MARKET,SELL,,31
19455,ORD019455,LIMIT,SELL,100.93,88
19456,ORD019455,CANCEL,,,
19457,ORD019457,LIMIT,SELL,101.92,97
19458,ORD019458,LIMIT,SELL,100.35,71
19459,ORD019459,LIMIT,SELL,101.96,92
19460,ORD019458,CANCEL,,,
19461,ORD019461,LIMIT,BUY,99.57,6
19462,ORD019461,CANCEL,,,
19463,ORD019463,LIMIT,SELL,101.69,21
19464,ORD019457,CANCEL,,,
19465,ORD019465,LIMIT,BUY,99.37,68
19466,ORD019466,LIMIT,BUY,99.08,29
19467,ORD019463,CANCEL,,,
19468,ORD019468,MARKET,BUY,,70
19469,ORD019465,CANCEL,,,
19470,ORD019459,CANCEL,,,
19471,ORD019466,CANCEL,,,
19472,ORD019472,LIMIT,SELL,101.73,48
19473,ORD019472,CANCEL,,,
19474,ORD019474,LIMIT,BUY,99.23,8
19475,ORD019475,LIMIT,BUY,99.0,7
19476,ORD019476,LIMIT,SELL,101.42,20
19477,ORD019475,CANCEL,,,
19478,ORD019478,LIMIT,SELL,99.53,73
19479,ORD019476,CANCEL,,,
19480,ORD019478,CANCEL,,,
19481,ORD019474,CANCEL,,,
19482,ORD019482,LIMIT,BUY,100.24,46
19483,ORD019482,CANCEL,,,
19484,ORD019484,LIMIT,SELL,101.08,44
19485,ORD019485,LIMIT,SELL,100.78,15
19486,ORD019484,CANCEL,,,
19487,ORD019485,CANCEL,,,
19488,ORD019488,LIMIT,SELL,100.36,32
19489,ORD019488,CANCEL,,,
19490,ORD019490,LIMIT,SELL,101.71,27
19491,ORD019490,CANCEL,,,
19492,ORD019492,LIMIT,SELL,100.69,47
19493,ORD019492,CANCEL,,,
19494,ORD019494,LIMIT,BUY,98.49,39
19495,ORD019494,CANCEL,,,
19496,ORD019496,LIMIT,BUY,98.03,96
19497,ORD019496,CANCEL,,,
19498,ORD019498,LIMIT,SELL,99.69,16
19499,ORD019498,CANCEL,,,
19500,ORD019500,LIMIT,SELL,99.98,81
19501,ORD019500,CANCEL,,,
19502,ORD019502,LIMIT,BUY,99.4,8
19503,ORD019503,LIMIT,SELL,101.67,71
19504,ORD019504,LIMIT,SELL,100.13,79
19505,ORD019505,LIMIT,BUY,100.03,71
19506,ORD019503,CANCEL,,,
19507,ORD019505,CANCEL,,,
19508,ORD019502,CANCEL,,,
19509,ORD019504,CANCEL,,,
19510,ORD019510,LIMIT,SELL,99.97,32
19511,ORD019510,CANCEL,,,
19512,ORD019512,LIMIT,BUY,99.38,79
19513,ORD019512,CANCEL,,,
19514,ORD019514,LIMIT,BUY,99.3,27
19515,ORD019514,CANCEL,,,
19516,ORD019516,LIMIT,BUY,100.26,21
19517,ORD019516,CANCEL,,,
19518,ORD019518,LIMIT,BUY,99.29,2
19519,ORD019518,CANCEL,,,
19520,ORD019520,LIMIT,SELL,100.19,39
19521,ORD019520,CANCEL,,,
19522,ORD019522,MARKET,BUY,,31
19523,ORD019523,MARKET,SELL,,68
19524,ORD019524,LIMIT,SELL,100.83,81
19525,ORD019524,CANCEL,,,
19526,ORD019526,LIMIT,BUY,99.55,81
19527,ORD019526,CANCEL,,,
19528,ORD019528,LIMIT,SELL,101.01,31
19529,ORD019528,CANCEL,,,
19530,ORD019530,LIMIT,BUY,100.1,26
19531,ORD019531,LIMIT,SELL,101.79,76
19532,ORD019530,CANCEL,,,
19533,ORD019533,MARKET,SELL,,43
19534,ORD019531,CANCEL,,,
19535,ORD019535,LIMIT,BUY,99.83,63
19536,ORD019536,LIMIT,BUY,98.42,24
19537,ORD019537,LIMIT,SELL,100.21,73
19538,ORD019535,CANCEL,,,
19539,ORD019536,CANCEL,,,
19540,ORD019537,CANCEL,,,
19541,ORD019541,LIMIT,BUY,99.08,4
19542,ORD019542,LIMIT,BUY,98.77,89
19543,ORD019543,LIMIT,SELL,100.74,99
19544,ORD019542,CANCEL,,,
19545,ORD019543,CANCEL,,,
19546,ORD019541,CANCEL,,,
19547,ORD019547,LIMIT,BUY,100.43,45
19548,ORD019547,CANCEL,,,
19549,ORD019549,LIMIT,BUY,100.1,73
19550,ORD019549,CANCEL,,,
19551,ORD019551,LIMIT,BUY,99.18,80
19552,ORD019551,CANCEL,,,
19553,ORD019553,LIMIT,SELL,101.67,76
19554,ORD019553,CANCEL,,,
19555,ORD019555,LIMIT,BUY,100.08,85
19556,ORD019556,LIMIT,BUY,99.54,17
19557,ORD019555,CANCEL,,,
19558,ORD019556,CANCEL,,,
19559,ORD019559,LIMIT,BUY,98.79,18
19560,ORD019559,CANCEL,,,
19561,ORD019561,LIMIT,BUY,100.28,26
19562,ORD019562,LIMIT,SELL,102.0,15
19563,ORD019561,CANCEL,,,
19564,ORD019562,CANCEL,,,
19565,ORD019565,LIMIT,BUY,99.27,4
19566,ORD019566,LIMIT,BUY,100.45,2
19567,ORD019566,CANCEL,,,
19568,ORD019568,LIMIT,BUY,98.44,97
19569,ORD019565,CANCEL,,,
19570,ORD019570,LIMIT,SELL,101.48,12
19571,ORD019570,CANCEL,,,
19572,ORD019568,CANCEL,,,
19573,ORD019573,LIMIT,SELL,100.26,11
19574,ORD019574,LIMIT,BUY,99.78,80
19575,ORD019573,CANCEL,,,
19576,ORD019574,CANCEL,,,
19577,ORD019577,LIMIT,SELL,100.51,98
19578,ORD019578,LIMIT,BUY,100.37,1
19579,ORD019578,CANCEL,,,
19580,ORD019580,LIMIT,BUY,98.13,18
19581,ORD019581,LIMIT,SELL,101.71,60
19582,ORD019582,LIMIT,BUY,99.3,38
19583,ORD019581,CANCEL,,,
19584,ORD019577,CANCEL,,,
19585,ORD019582,CANCEL,,,
19586,ORD019580,CANCEL,,,
19587,ORD019587,LIMIT,BUY,98.13,3
19588,ORD019587,CANCEL,,,
19589,ORD019589,LIMIT,BUY,98.57,50
19590,ORD019589,CANCEL,,,
19591,ORD019591,LIMIT,SELL,99.55,76
19592,ORD019591,CANCEL,,,
19593,ORD019593,LIMIT,SELL,100.35,67
19594,ORD019593,CANCEL,,,
19595,ORD019595,LIMIT,SELL,101.41,18
19596,ORD019595,CANCEL,,,
19597,ORD019597,LIMIT,SELL,100.13,28
19598,ORD019597,CANCEL,,,
19599,ORD019599,LIMIT,SELL,100.51,80
19600,ORD019599,CANCEL,,,
19601,ORD019601,LIMIT,BUY,98.87,58
19602,ORD019602,LIMIT,BUY,98.19,54
19603,ORD019603,LIMIT,BUY,98.48,55
19604,ORD019601,CANCEL,,,
19605,ORD019603,CANCEL,,,
19606,ORD019602,CANCEL,,,
19607,ORD019607,LIMIT,BUY,98.05,68
19608,ORD019607,CANCEL,,,
19609,ORD019609,LIMIT,SELL,101.18,57
19610,ORD019609,CANCEL,,,
19611,ORD019611,LIMIT,SELL,100.9,72
19612,ORD019611,CANCEL,,,
19613,ORD019613,LIMIT,SELL,101.79,74
19614,ORD019613,CANCEL,,,
19615,ORD019615,LIMIT,BUY,98.75,17
19616,ORD019615,CANCEL,,,
19617,ORD019617,LIMIT,SELL,99.64,71
19618,ORD019617,CANCEL,,,
19619,ORD019619,LIMIT,BUY,99.91,30
19620,ORD019620,LIMIT,SELL,101.96,92
19621,ORD019619,CANCEL,,,
19622,ORD019620,CANCEL,,,
19623,ORD019623,LIMIT,BUY,98.7,40
19624,ORD019624,LIMIT,BUY,99.52,46
19625,ORD019625,LIMIT,SELL,100.09,68
19626,ORD019623,CANCEL,,,
19627,ORD019625,CANCEL,,,
19628,ORD019624,CANCEL,,,
19629,ORD019629,LIMIT,BUY,99.18,36
19630,ORD019630,LIMIT,BUY,99.21,17
19631,ORD019629,CANCEL,,,
19632,ORD019630,CANCEL,,,
19633,ORD019633,LIMIT,BUY,98.59,96
19634,ORD019633,CANCEL,,,
19635,ORD019635,LIMIT,BUY,99.63,18
19636,ORD019635,CANCEL,,,
19637,ORD019637,LIMIT,BUY,99.84,4
19638,ORD019637,CANCEL,,,
19639,ORD019639,LIMIT,SELL,99.79,97
19640,ORD019640,LIMIT,SELL,99.56,50
19641,ORD019641,LIMIT,SELL,101.11,44
19642,ORD019639,CANCEL,,,
19643,ORD019641,CANCEL,,,
19644,ORD019640,CANCEL,,,
19645,ORD019645,LIMIT,SELL,99.86,57
19646,ORD019645,CANCEL,,,
19647,ORD019647,LIMIT,BUY,99.66,3
19648,ORD019648,LIMIT,SELL,100.06,78
19649,ORD019648,CANCEL,,,
19650,ORD019650,LIMIT,BUY,99.39,7
19651,ORD019651,LIMIT,SELL,99.72,11
19652,ORD019651,CANCEL,,,
19653,ORD019653,LIMIT,BUY,98.75,43
19654,ORD019654,LIMIT,SELL,101.1,64
19655,ORD019655,LIMIT,BUY,98.28,5
19656,ORD019650,CANCEL,,,
19657,ORD019655,CANCEL,,,
19658,ORD019658,LIMIT,SELL,99.7,51
19659,ORD019659,LIMIT,BUY,99.63,32
19660,ORD019660,LIMIT,BUY,98.18,29
19661,ORD019661,LIMIT,SELL,100.95,32
19662,ORD019654,CANCEL,,,
19663,ORD019659,CANCEL,,,
19664,ORD019661,CANCEL,,,
19665,ORD019653,CANCEL,,,
19666,ORD019647,CANCEL,,,
19667,ORD019658,CANCEL,,,
19668,ORD019660,CANCEL,,,
19669,ORD019669,LIMIT,SELL,101.38,37
19670,ORD019669,CANCEL,,,
19671,ORD019671,LIMIT,BUY,99.24,62
19672,ORD019672,LIMIT,SELL,101.71,3
19673,ORD019673,LIMIT,SELL,100.11,68
19674,ORD019671,CANCEL,,,
19675,ORD019675,LIMIT,BUY,98.5,89
19676,ORD019673,CANCEL,,,
19677,ORD019672,CANCEL,,,
19678,ORD019678,LIMIT,SELL,101.79,78
19679,ORD019678,CANCEL,,,
19680,ORD019680,LIMIT,SELL,101.26,13
19681,ORD019681,LIMIT,SELL,100.05,46
19682,ORD019682,LIMIT,BUY,100.35,69
19683,ORD019680,CANCEL,,,
19684,ORD019675,CANCEL,,,
19685,ORD019685,LIMIT,BUY,100.37,26
19686,ORD019686,LIMIT,BUY,99.92,100
19687,ORD019682,CANCEL,,,
19688,ORD019688,LIMIT,SELL,100.9,1
19689,ORD019681,CANCEL,,,
19690,ORD019690,LIMIT,SELL,101.66,68
19691,ORD019685,CANCEL,,,
19692,ORD019686,CANCEL,,,
19693,ORD019690,CANCEL,,,
19694,ORD019694,LIMIT,BUY,100.47,41
19695,ORD019694,CANCEL,,,
19696,ORD019688,CANCEL,,,
19697,ORD019697,LIMIT,BUY,99.74,96
19698,ORD019698,MARKET,BUY,,14
19699,ORD019697,CANCEL,,,
19700,ORD019700,LIMIT,SELL,99.59,55
19701,ORD019700,CANCEL,,,
19702,ORD019702,LIMIT,BUY,99.03,38
19703,ORD019703,LIMIT,BUY,100.29,51
19704,ORD019703,CANCEL,,,
19705,ORD019702,CANCEL,,,
19706,ORD019706,LIMIT,SELL,101.23,39
19707,ORD019706,CANCEL,,,
19708,ORD019708,LIMIT,SELL,100.6,95
19709,ORD019708,CANCEL,,,
19710,ORD019710,LIMIT,SELL,100.12,71
19711,ORD019711,LIMIT,SELL,101.91,1
19712,ORD019712,LIMIT,SELL,100.73,100
19713,ORD019712,CANCEL,,,
19714,ORD019711,CANCEL,,,
19715,ORD019710,CANCEL,,,
19716,ORD019716,LIMIT,BUY,100.36,83
19717,ORD019716,CANCEL,,,
19718,ORD019718,LIMIT,BUY,99.65,55
19719,ORD019718,CANCEL,,,
19720,ORD019720,LIMIT,BUY,99.39,81
19721,ORD019720,CANCEL,,,
19722,ORD019722,LIMIT,BUY,98.67,62
19723,ORD019722,CANCEL,,,
19724,ORD019724,LIMIT,BUY,99.97,7
19725,ORD019724,CANCEL,,,
19726,ORD019726,LIMIT,BUY,98.96,87
19727,ORD019727,LIMIT,SELL,100.07,96
19728,ORD019728,LIMIT,BUY,99.51,68
19729,ORD019729,LIMIT,SELL,101.55,23
19730,ORD019726,CANCEL,,,
19731,ORD019729,CANCEL,,,
19732,ORD019728,CANCEL,,,
19733,ORD019733,LIMIT,BUY,99.36,23
19734,ORD019733,CANCEL,,,
19735,ORD019735,LIMIT,SELL,100.66,16
19736,ORD019735,CANCEL,,,
19737,ORD019727,CANCEL,,,
19738,ORD019738,LIMIT,SELL,100.77,39
19739,ORD019738,CANCEL,,,
19740,ORD019740,LIMIT,BUY,98.35,22
19741,ORD019740,CANCEL,,,
19742,ORD019742,LIMIT,SELL,100.45,13
19743,ORD019742,CANCEL,,,
19744,ORD019744,LIMIT,SELL,100.0,67
19745,ORD019744,CANCEL,,,
19746,ORD019746,LIMIT,BUY,100.06,39
19747,ORD019746,CANCEL,,,
19748,ORD019748,MARKET,BUY,,57
19749,ORD019749,LIMIT,SELL,100.94,34
19750,ORD019749,CANCEL,,,
19751,ORD019751,LIMIT,SELL,100.42,73
19752,ORD019751,CANCEL,,,
19753,ORD019753,LIMIT,BUY,99.52,88
19754,ORD019753,CANCEL,,,
19755,ORD019755,LIMIT,BUY,100.39,68
19756,ORD019755,CANCEL,,,
19757,ORD019757,LIMIT,SELL,101.3,2
19758,ORD019757,CANCEL,,,
19759,ORD019759,MARKET,SELL,,13
19760,ORD019760,LIMIT,BUY,99.15,25
19761,ORD019760,CANCEL,,,
19762,ORD019762,LIMIT,SELL,99.73,68
19763,ORD019762,CANCEL,,,
19764,ORD019764,LIMIT,SELL,101.19,18
19765,ORD019765,LIMIT,SELL,99.55,94
19766,ORD019764,CANCEL,,,
19767,ORD019765,CANCEL,,,
19768,ORD019768,LIMIT,SELL,101.9,18
19769,ORD019769,LIMIT,SELL,101.52,34
19770,ORD019769,CANCEL,,,
19771,ORD019768,CANCEL,,,
19772,ORD019772,LIMIT,SELL,100.12,85
19773,ORD019773,LIMIT,BUY,99.2,91
19774,ORD019773,CANCEL,,,
19775,ORD019772,CANCEL,,,
19776,ORD019776,LIMIT,SELL,100.17,78
19777,ORD019776,CANCEL,,,
19778,ORD019778,LIMIT,SELL,100.86,75
19779,ORD019779,LIMIT,SELL,101.05,72
19780,ORD019779,CANCEL,,,
19781,ORD019778,CANCEL,,,
19782,ORD019782,LIMIT,SELL,100.66,77
19783,ORD019783,LIMIT,SELL,100.8,5
19784,ORD019784,LIMIT,SELL,101.0,53
19785,ORD019782,CANCEL,,,
19786,ORD019784,CANCEL,,,
19787,ORD019787,LIMIT,BUY,99.6,39
19788,ORD019787,CANCEL,,,
19789,ORD019789,LIMIT,BUY,98.82,15
19790,ORD019789,CANCEL,,,
19791,ORD019791,LIMIT,BUY,100.01,39
19792,ORD019783,CANCEL,,,
19793,ORD019791,CANCEL,,,
19794,ORD019794,LIMIT,BUY,100.1,42
19795,ORD019794,CANCEL,,,
19796,ORD019796,LIMIT,BUY,98.94,23
19797,ORD019797,LIMIT,SELL,101.8,69
19798,ORD019797,CANCEL,,,
19799,ORD019799,LIMIT,BUY,99.74,5
19800,ORD019799,CANCEL,,,
19801,ORD019801,LIMIT,BUY,99.18,84
19802,ORD019801,CANCEL,,,
19803,ORD019803,LIMIT,BUY,99.77,91
19804,ORD019804,LIMIT,SELL,101.26,49
19805,ORD019804,CANCEL,,,
19806,ORD019796,CANCEL,,,
19807,ORD019803,CANCEL,,,
19808,ORD019808,LIMIT,BUY,98.85,33
19809,ORD019809,LIMIT,BUY,99.41,94
19810,ORD019808,CANCEL,,,
19811,ORD019809,CANCEL,,,
19812,ORD019812,LIMIT,BUY,98.42,15
19813,ORD019812,CANCEL,,,
19814,ORD019814,LIMIT,BUY,100.13,71
19815,ORD019814,CANCEL,,,
19816,ORD019816,LIMIT,SELL,99.54,92
19817,ORD019816,CANCEL,,,
19818,ORD019818,LIMIT,SELL,99.96,18
19819,ORD019818,CANCEL,,,
19820,ORD019820,LIMIT,BUY,99.48,96
19821,ORD019820,CANCEL,,,
19822,ORD019822,LIMIT,BUY,99.12,17
19823,ORD019822,CANCEL,,,
19824,ORD019824,LIMIT,BUY,99.32,4
19825,ORD019824,CANCEL,,,
19826,ORD019826,LIMIT,BUY,100.07,87
19827,ORD019827,MARKET,SELL,,100
19828,ORD019826,CANCEL,,,
19829,ORD019829,LIMIT,SELL,101.23,32
19830,ORD019829,CANCEL,,,
19831,ORD019831,LIMIT,BUY,98.23,76
19832,ORD019831,CANCEL,,,
19833,ORD019833,LIMIT,SELL,99.7,88
19834,ORD019834,LIMIT,BUY,99.33,44
19835,ORD019834,CANCEL,,,
19836,ORD019833,CANCEL,,,
19837,ORD019837,LIMIT,SELL,99.69,19
19838,ORD019837,CANCEL,,,
19839,ORD019839,LIMIT,BUY,100.21,14
19840,ORD019839,CANCEL,,,
19841,ORD019841,LIMIT,BUY,99.76,43
19842,ORD019841,CANCEL,,,
19843,ORD019843,LIMIT,SELL,101.6,25
19844,ORD019843,CANCEL,,,
19845,ORD019845,LIMIT,BUY,100.5,10
19846,ORD019845,CANCEL,,,
19847,ORD019847,LIMIT,SELL,101.67,8
19848,ORD019847,CANCEL,,,
19849,ORD019849,LIMIT,SELL,101.78,74
19850,ORD019849,CANCEL,,,
19851,ORD019851,LIMIT,BUY,100.0,50
19852,ORD019851,CANCEL,,,
19853,ORD019853,LIMIT,SELL,100.68,53
19854,ORD019853,CANCEL,,,
19855,ORD019855,LIMIT,BUY,99.35,92
19856,ORD019855,CANCEL,,,
19857,ORD019857,LIMIT,SELL,101.1,71
19858,ORD019857,CANCEL,,,
19859,ORD019859,LIMIT,SELL,101.32,83
19860,ORD019860,LIMIT,BUY,100.49,94
19861,ORD019861,LIMIT,BUY,100.3,78
19862,ORD019859,CANCEL,,,
19863,ORD019863,LIMIT,SELL,101.29,18
19864,ORD019860,CANCEL,,,
19865,ORD019863,CANCEL,,,
19866,ORD019861,CANCEL,,,
19867,ORD019867,LIMIT,SELL,99.93,58
19868,ORD019867,CANCEL,,,
19869,ORD019869,LIMIT,BUY,100.35,97
19870,ORD019869,CANCEL,,,
19871,ORD019871,LIMIT,BUY,98.99,2
19872,ORD019872,LIMIT,SELL,101.85,3
19873,ORD019873,LIMIT,SELL,101.85,13
19874,ORD019874,MARKET,SELL,,80
19875,ORD019875,LIMIT,SELL,100.18,54
19876,ORD019871,CANCEL,,,
19877,ORD019873,CANCEL,,,
19878,ORD019872,CANCEL,,,
19879,ORD019879,LIMIT,SELL,101.81,94
19880,ORD019880,LIMIT,SELL,99.7,64
19881,ORD019881,LIMIT,BUY,98.65,33
19882,ORD019882,LIMIT,SELL,100.31,76
19883,ORD019882,CANCEL,,,
19884,ORD019884,LIMIT,SELL,100.57,42
19885,ORD019884,CANCEL,,,
19886,ORD019880,CANCEL,,,
19887,ORD019881,CANCEL,,,
19888,ORD019879,CANCEL,,,
19889,ORD019875,CANCEL,,,
19890,ORD019890,LIMIT,SELL,101.9,62
19891,ORD019890,CANCEL,,,
19892,ORD019892,LIMIT,SELL,101.41,89
19893,ORD019893,LIMIT,BUY,98.34,65
19894,ORD019892,CANCEL,,,
19895,ORD019895,LIMIT,BUY,100.48,92
19896,ORD019893,CANCEL,,,
19897,ORD019895,CANCEL,,,
19898,ORD019898,LIMIT,BUY,99.44,89
19899,ORD019899,LIMIT,BUY,99.68,74
19900,ORD019898,CANCEL,,,
19901,ORD019899,CANCEL,,,
19902,ORD019902,LIMIT,BUY,99.24,1
19903,ORD019902,CANCEL,,,
19904,ORD019904,LIMIT,SELL,101.39,10
19905,ORD019904,CANCEL,,,
19906,ORD019906,LIMIT,BUY,99.15,68
19907,ORD019906,CANCEL,,,
19908,ORD019908,LIMIT,BUY,100.34,79
19909,ORD019908,CANCEL,,,
19910,ORD019910,LIMIT,BUY,98.59,30
19911,ORD019911,LIMIT,SELL,100.28,9
19912,ORD019911,CANCEL,,,
19913,ORD019910,CANCEL,,,
19914,ORD019914,LIMIT,SELL,101.2,11
19915,ORD019914,CANCEL,,,
19916,ORD019916,LIMIT,SELL,100.27,82
19917,ORD019916,CANCEL,,,
19918,ORD019918,LIMIT,BUY,100.14,88
19919,ORD019918,CANCEL,,,
19920,ORD019920,LIMIT,BUY,100.09,68
19921,ORD019920,CANCEL,,,
19922,ORD019922,LIMIT,BUY,99.46,47
19923,ORD019922,CANCEL,,,
19924,ORD019924,LIMIT,BUY,98.32,8
19925,ORD019924,CANCEL,,,
19926,ORD019926,LIMIT,SELL,101.69,38
19927,ORD019927,LIMIT,BUY,99.06,5
19928,ORD019928,LIMIT,BUY,99.91,96
19929,ORD019929,LIMIT,SELL,100.37,93
19930,ORD019930,LIMIT,BUY,99.95,18
19931,ORD019927,CANCEL,,,
19932,ORD019932,LIMIT,BUY,99.06,56
19933,ORD019933,LIMIT,SELL,100.99,21
19934,ORD019932,CANCEL,,,
19935,ORD019935,LIMIT,BUY,99.5,64
19936,ORD019933,CANCEL,,,
19937,ORD019926,CANCEL,,,
19938,ORD019938,LIMIT,BUY,99.25,75
19939,ORD019929,CANCEL,,,
19940,ORD019935,CANCEL,,,
19941,ORD019941,LIMIT,BUY,98.52,69
19942,ORD019941,CANCEL,,,
19943,ORD019938,CANCEL,,,
19944,ORD019930,CANCEL,,,
19945,ORD019945,LIMIT,SELL,101.45,86
19946,ORD019946,LIMIT,BUY,100.0,53
19947,ORD019945,CANCEL,,,
19948,ORD019946,CANCEL,,,
19949,ORD019928,CANCEL,,,
19950,ORD019950,LIMIT,BUY,98.81,36
19951,ORD019950,CANCEL,,,
19952,ORD019952,LIMIT,SELL,99.76,88
19953,ORD019952,CANCEL,,,
19954,ORD019954,LIMIT,SELL,100.98,35
19955,ORD019954,CANCEL,,,
19956,ORD019956,LIMIT,BUY,98.81,63
19957,ORD019956,CANCEL,,,
19958,ORD019958,LIMIT,BUY,99.32,32
19959,ORD019958,CANCEL,,,
19960,ORD019960,LIMIT,BUY,100.04,56
19961,ORD019961,LIMIT,BUY,98.68,15
19962,ORD019961,CANCEL,,,
19963,ORD019960,CANCEL,,,
19964,ORD019964,LIMIT,SELL,100.41,90
19965,ORD019964,CANCEL,,,
19966,ORD019966,LIMIT,SELL,100.27,66
19967,ORD019966,CANCEL,,,
19968,ORD019968,LIMIT,SELL,100.31,32
19969,ORD019969,LIMIT,BUY,98.55,23
19970,ORD019969,CANCEL,,,
19971,ORD019968,CANCEL,,,
19972,ORD019972,LIMIT,BUY,99.14,16
19973,ORD019972,CANCEL,,,
19974,ORD019974,LIMIT,BUY,99.09,52
19975,ORD019974,CANCEL,,,
19976,ORD019976,LIMIT,SELL,100.06,91
19977,ORD019976,CANCEL,,,
19978,ORD019978,LIMIT,BUY,100.38,13
19979,ORD019978,CANCEL,,,
19980,ORD019980,LIMIT,SELL,99.63,91
19981,ORD019981,LIMIT,SELL,101.51,1
19982,ORD019981,CANCEL,,,
19983,ORD019980,CANCEL,,,
19984,ORD019984,LIMIT,SELL,100.08,51
19985,ORD019985,LIMIT,BUY,99.13,19
19986,ORD019986,LIMIT,BUY,100.32,21
19987,ORD019987,LIMIT,BUY,100.07,53
19988,ORD019984,CANCEL,,,
19989,ORD019989,LIMIT,SELL,100.64,23
19990,ORD019987,CANCEL,,,
19991,ORD019989,CANCEL,,,
19992,ORD019992,LIMIT,SELL,101.62,68
19993,ORD019993,LIMIT,BUY,100.23,54
19994,ORD019994,LIMIT,BUY,98.7,21
19995,ORD019995,LIMIT,BUY,99.15,28
19996,ORD019994,CANCEL,,,
19997,ORD019997,LIMIT,SELL,101.55,22
19998,ORD019997,CANCEL,,,
19999,ORD019993,CANCEL,,,
20000,ORD019995,CANCEL,,,
