after_sequence,taker_id,maker_id,price,quantity,taker_side
9,ORD000009,ORD000003,99.79,38,SELL
17,ORD000017,ORD000015,100.11,64,SELL
18,ORD000018,ORD000015,100.11,18,SELL
25,ORD000025,ORD000015,100.11,18,SELL
25,ORD000025,ORD000003,99.79,38,SELL
28,ORD000028,ORD000012,100.41,48,BUY
28,ORD000028,ORD000022,100.46,50,BUY
30,ORD000030,ORD000026,100.19,31,SELL
31,ORD000031,ORD000022,100.46,27,BUY
31,ORD000031,ORD000019,100.57,36,BUY
32,ORD000032,ORD000019,100.57,39,BUY
32,ORD000032,ORD000013,101.21,10,BUY
32,ORD000032,ORD000010,101.26,6,BUY
32,ORD000032,ORD000008,101.32,6,BUY
33,ORD000033,ORD000008,101.32,63,BUY
33,ORD000033,ORD000011,101.64,13,BUY
33,ORD000033,ORD000023,101.65,2,BUY
35,ORD000035,ORD000026,100.19,3,SELL
35,ORD000035,ORD000034,99.89,83,SELL
37,ORD000037,ORD000034,99.89,6,SELL
37,ORD000037,ORD000003,99.79,14,SELL
37,ORD000037,ORD000024,99.34,35,SELL
37,ORD000037,ORD000029,99.22,15,SELL
37,ORD000037,ORD000016,99.00,1,SELL
38,ORD000038,ORD000036,100.63,32,BUY
42,ORD000042,ORD000041,100.21,13,SELL
43,ORD000043,ORD000041,100.21,60,SELL
45,ORD000045,ORD000044,100.46,13,SELL
45,ORD000045,ORD000041,100.21,1,SELL
46,ORD000046,ORD000016,99.00,8,SELL
46,ORD000046,ORD000040,98.70,16,SELL
48,ORD000048,ORD000045,99.77,11,BUY
49,ORD000049,ORD000048,100.32,20,SELL
49,ORD000049,ORD000040,98.70,32,SELL
51,ORD000051,ORD000040,98.70,15,SELL
51,ORD000051,ORD000001,98.61,18,SELL
51,ORD000051,ORD000014,98.61,57,SELL
52,ORD000052,ORD000014,98.61,3,SELL
52,ORD000052,ORD000005,98.40,35,SELL
59,ORD000059,ORD000053,99.36,86,SELL
60,ORD000060,ORD000053,99.36,10,SELL
60,ORD000060,ORD000054,99.26,68,SELL
60,ORD000060,ORD000057,99.05,19,SELL
61,ORD000061,ORD000058,100.01,73,BUY
67,ORD000067,ORD000062,99.26,17,SELL
67,ORD000067,ORD000057,99.05,56,SELL
67,ORD000067,ORD000063,98.92,9,SELL
68,ORD000068,ORD000063,98.92,7,SELL
70,ORD000070,ORD000063,98.92,5,SELL
70,ORD000070,ORD000005,98.40,20,SELL
70,ORD000070,ORD000066,98.39,32,SELL
73,ORD000073,ORD000069,99.61,6,BUY
74,ORD000074,ORD000069,99.61,37,BUY
78,ORD000078,ORD000065,99.76,5,BUY
79,ORD000079,ORD000065,99.76,13,BUY
79,ORD000079,ORD000071,99.78,46,BUY
80,ORD000080,ORD000071,99.78,43,BUY
80,ORD000080,ORD000058,100.01,19,BUY
80,ORD000080,ORD000075,101.37,23,BUY
81,ORD000081,ORD000074,99.67,9,SELL
82,ORD000082,ORD000072,99.46,19,SELL
82,ORD000082,ORD000066,98.39,5,SELL
82,ORD000082,ORD000021,98.38,21,SELL
82,ORD000082,ORD000020,98.35,21,SELL
84,ORD000084,ORD000020,98.35,43,SELL
84,ORD000084,ORD000027,98.27,34,SELL
85,ORD000085,ORD000027,98.27,47,SELL
85,ORD000085,ORD000047,98.19,19,SELL
86,ORD000086,ORD000083,99.79,34,BUY
86,ORD000086,ORD000075,101.37,8,BUY
86,ORD000086,ORD000077,101.66,32,BUY
86,ORD000086,ORD000064,101.97,17,BUY
87,ORD000087,ORD000064,101.97,9,BUY
92,ORD000092,ORD000091,98.75,56,SELL
93,ORD000093,ORD000091,98.75,15,SELL
93,ORD000093,ORD000047,98.19,42,SELL
95,ORD000095,ORD000090,99.98,85,BUY
96,ORD000096,ORD000047,98.19,10,SELL
96,ORD000096,ORD000055,98.17,9,SELL
96,ORD000096,ORD000002,98.08,12,SELL
96,ORD000096,ORD000076,98.06,66,SELL
97,ORD000097,ORD000076,98.06,26,SELL
98,ORD000098,ORD000090,99.98,1,BUY
98,ORD000098,ORD000088,101.16,16,BUY
98,ORD000098,ORD000089,101.17,42,BUY
98,ORD000098,ORD000094,101.90,2,BUY
99,ORD000099,ORD000094,101.90,81,BUY
100,ORD000100,ORD000076,98.06,3,SELL
102,ORD000102,ORD000094,101.90,12,BUY
102,ORD000102,ORD000064,101.97,58,BUY
108,ORD000108,ORD000105,101.30,10,BUY
109,ORD000109,ORD000105,101.30,41,BUY
110,ORD000110,ORD000105,101.30,14,BUY
110,ORD000110,ORD000106,101.36,16,BUY
112,ORD000112,ORD000103,100.29,16,SELL
112,ORD000112,ORD000101,100.15,11,SELL
115,ORD000115,ORD000101,100.15,3,SELL
115,ORD000115,ORD000107,98.69,43,SELL
117,ORD000117,ORD000113,100.96,35,BUY
118,ORD000118,ORD000113,100.96,55,BUY
118,ORD000118,ORD000116,101.88,31,BUY
122,ORD000122,ORD000120,99.48,34,SELL
123,ORD000123,ORD000119,101.60,17,BUY
123,ORD000123,ORD000116,101.88,23,BUY
123,ORD000123,ORD000104,101.97,4,BUY
124,ORD000124,ORD000120,99.48,51,SELL
124,ORD000124,ORD000107,98.69,3,SELL
125,ORD000125,ORD000104,101.97,73,BUY
126,ORD000126,ORD000107,98.69,9,SELL
132,ORD000132,ORD000130,100.41,92,SELL
135,ORD000135,ORD000127,100.37,26,SELL
140,ORD000140,ORD000135,99.67,57,BUY
140,ORD000140,ORD000136,99.76,1,BUY
143,ORD000143,ORD000136,99.76,34,BUY
145,ORD000145,ORD000134,99.41,6,SELL
145,ORD000145,ORD000107,98.69,45,SELL
145,ORD000145,ORD000131,98.27,4,SELL
145,ORD000145,ORD000111,98.16,43,SELL
147,ORD000147,ORD000136,99.76,12,BUY
147,ORD000147,ORD000137,100.59,20,BUY
148,ORD000148,ORD000111,98.16,10,SELL
154,ORD000154,ORD000137,100.59,74,BUY
154,ORD000154,ORD000146,100.73,3,BUY
154,ORD000154,ORD000144,100.79,14,BUY
155,ORD000155,ORD000151,100.38,7,SELL
157,ORD000157,ORD000151,100.38,57,SELL
158,ORD000158,ORD000144,100.79,11,BUY
158,ORD000158,ORD000139,100.98,42,BUY
158,ORD000158,ORD000141,101.17,9,BUY
159,ORD000159,ORD000141,101.17,10,BUY
160,ORD000160,ORD000141,101.17,25,BUY
160,ORD000160,ORD000153,101.58,38,BUY
160,ORD000160,ORD000138,101.80,10,BUY
163,ORD000163,ORD000151,100.38,25,SELL
163,ORD000163,ORD000156,99.88,14,SELL
163,ORD000163,ORD000162,98.95,41,SELL
165,ORD000165,ORD000138,101.80,23,BUY
166,ORD000166,ORD000138,101.80,58,BUY
167,ORD000167,ORD000162,98.95,16,SELL
167,ORD000167,ORD000152,98.69,14,SELL
170,ORD000170,ORD000168,100.64,70,BUY
174,ORD000174,ORD000171,100.07,10,SELL
174,ORD000174,ORD000152,98.69,62,SELL
174,ORD000174,ORD000164,98.52,5,SELL
176,ORD000176,ORD000164,98.52,23,SELL
176,ORD000176,ORD000161,98.30,7,SELL
178,ORD000178,ORD000168,100.64,18,BUY
178,ORD000178,ORD000169,101.06,66,BUY
179,ORD000179,ORD000177,99.68,35,SELL
179,ORD000179,ORD000161,98.30,40,SELL
183,ORD000183,ORD000181,98.82,89,SELL
183,ORD000183,ORD000161,98.30,10,SELL
186,ORD000186,ORD000180,100.68,17,BUY
189,ORD000189,ORD000180,100.68,15,BUY
191,ORD000191,ORD000184,99.36,53,SELL
191,ORD000191,ORD000188,98.78,2,SELL
191,ORD000191,ORD000190,98.38,7,SELL
192,ORD000192,ORD000180,100.68,19,BUY
196,ORD000196,ORD000193,98.69,42,SELL
199,ORD000199,ORD000194,100.21,5,BUY
201,ORD000201,ORD000193,98.69,12,SELL
201,ORD000201,ORD000197,98.58,7,SELL
202,ORD000202,ORD000194,100.21,34,BUY
207,ORD000207,ORD000195,100.62,62,BUY
207,ORD000207,ORD000180,100.68,2,BUY
207,ORD000207,ORD000187,100.71,4,BUY
207,ORD000207,ORD000185,100.75,21,BUY
208,ORD000208,ORD000185,100.75,8,BUY
209,ORD000209,ORD000206,99.08,13,SELL
209,ORD000209,ORD000205,98.59,19,SELL
210,ORD000210,ORD000185,100.75,11,BUY
216,ORD000216,ORD000205,98.59,50,SELL
217,ORD000217,ORD000214,99.89,57,BUY
217,ORD000217,ORD000215,100.56,17,BUY
221,ORD000221,ORD000219,99.71,25,SELL
222,ORD000222,ORD000218,100.24,83,BUY
225,ORD000225,ORD000219,99.71,17,SELL
230,ORD000230,ORD000219,99.71,54,SELL
230,ORD000230,ORD000197,98.58,15,SELL
232,ORD000232,ORD000197,98.58,30,SELL
242,ORD000242,ORD000235,98.76,16,SELL
243,ORD000243,ORD000235,98.76,28,SELL
244,ORD000244,ORD000224,99.73,38,BUY
244,ORD000244,ORD000228,99.85,5,BUY
247,ORD000247,ORD000228,99.85,19,BUY
253,ORD000253,ORD000248,99.77,4,BUY
253,ORD000253,ORD000252,99.77,65,BUY
253,ORD000253,ORD000228,99.85,5,BUY
253,ORD000253,ORD000233,100.05,9,BUY
253,ORD000253,ORD000249,100.09,2,BUY
256,ORD000256,ORD000254,99.58,19,BUY
258,ORD000258,ORD000235,98.76,20,SELL
258,ORD000258,ORD000197,98.58,48,SELL
258,ORD000258,ORD000246,98.58,10,SELL
259,ORD000259,ORD000254,99.58,43,BUY
260,ORD000260,ORD000249,100.09,30,BUY
261,ORD000261,ORD000259,99.63,56,SELL
261,ORD000261,ORD000246,98.58,38,SELL
262,ORD000262,ORD000246,98.58,33,SELL
264,ORD000264,ORD000249,100.09,10,BUY
264,ORD000264,ORD000218,100.24,2,BUY
264,ORD000264,ORD000227,100.24,44,BUY
264,ORD000264,ORD000234,100.26,40,BUY
266,ORD000266,ORD000234,100.26,13,BUY
266,ORD000266,ORD000215,100.56,16,BUY
266,ORD000266,ORD000212,100.65,57,BUY
268,ORD000268,ORD000265,99.47,65,SELL
269,ORD000269,ORD000265,99.47,7,SELL
269,ORD000269,ORD000263,99.19,7,SELL
270,ORD000270,ORD000263,99.19,5,SELL
270,ORD000270,ORD000246,98.58,19,SELL
270,ORD000270,ORD000245,98.51,12,SELL
273,ORD000273,ORD000212,100.65,29,BUY
273,ORD000273,ORD000255,100.73,57,BUY
273,ORD000273,ORD000185,100.75,12,BUY
274,ORD000274,ORD000272,99.64,24,SELL
275,ORD000275,ORD000272,99.64,65,SELL
275,ORD000275,ORD000245,98.51,30,SELL
276,ORD000276,ORD000185,100.75,5,BUY
276,ORD000276,ORD000182,100.88,59,BUY
276,ORD000276,ORD000257,100.96,4,BUY
277,ORD000277,ORD000245,98.51,21,SELL
279,ORD000279,ORD000278,100.92,11,BUY
279,ORD000279,ORD000257,100.96,69,BUY
281,ORD000281,ORD000245,98.51,35,SELL
281,ORD000281,ORD000190,98.38,22,SELL
284,ORD000284,ORD000283,100.27,29,BUY
284,ORD000284,ORD000257,100.96,10,BUY
288,ORD000288,ORD000285,98.72,16,SELL
288,ORD000288,ORD000190,98.38,63,SELL
288,ORD000288,ORD000236,98.34,16,SELL
291,ORD000291,ORD000290,99.44,52,SELL
294,ORD000294,ORD000287,100.08,72,BUY
294,ORD000294,ORD000257,100.96,4,BUY
295,ORD000295,ORD000257,100.96,5,BUY
295,ORD000295,ORD000169,101.06,19,BUY
295,ORD000295,ORD000204,101.07,16,BUY
296,ORD000296,ORD000204,101.07,22,BUY
298,ORD000298,ORD000204,101.07,19,BUY
300,ORD000300,ORD000299,99.90,73,SELL
303,ORD000303,ORD000299,99.90,11,SELL
303,ORD000303,ORD000290,99.44,22,SELL
303,ORD000303,ORD000297,98.48,6,SELL
304,ORD000304,ORD000204,101.07,10,BUY
305,ORD000305,ORD000297,98.48,48,SELL
307,ORD000307,ORD000306,100.44,12,SELL
307,ORD000307,ORD000297,98.48,46,SELL
307,ORD000307,ORD000236,98.34,13,SELL
308,ORD000308,ORD000204,101.07,31,BUY
308,ORD000308,ORD000302,101.07,20,BUY
308,ORD000308,ORD000231,101.18,23,BUY
311,ORD000311,ORD000310,99.71,68,BUY
312,ORD000312,ORD000310,99.71,15,BUY
312,ORD000312,ORD000309,100.75,8,BUY
312,ORD000312,ORD000231,101.18,14,BUY
314,ORD000314,ORD000313,99.63,72,BUY
315,ORD000315,ORD000236,98.34,30,SELL
315,ORD000315,ORD000161,98.30,41,SELL
315,ORD000315,ORD000282,98.28,14,SELL
316,ORD000316,ORD000313,99.63,9,BUY
316,ORD000316,ORD000231,101.18,38,BUY
316,ORD000316,ORD000173,101.25,28,BUY
317,ORD000317,ORD000282,98.28,42,SELL
322,ORD000322,ORD000319,101.11,43,BUY
322,ORD000322,ORD000173,101.25,7,BUY
322,ORD000322,ORD000198,101.26,49,BUY
326,ORD000326,ORD000325,100.19,24,SELL
329,ORD000329,ORD000325,100.19,31,SELL
330,ORD000330,ORD000325,100.19,25,SELL
331,ORD000331,ORD000328,99.53,37,SELL
333,ORD000333,ORD000328,99.53,60,SELL
333,ORD000333,ORD000324,99.35,2,SELL
335,ORD000335,ORD000330,99.99,62,BUY
335,ORD000335,ORD000267,101.30,4,BUY
336,ORD000336,ORD000324,99.35,29,SELL
338,ORD000338,ORD000337,100.54,11,BUY
339,ORD000339,ORD000337,100.54,13,BUY
343,ORD000343,ORD000324,99.35,37,SELL
344,ORD000344,ORD000340,99.84,37,BUY
344,ORD000344,ORD000341,99.85,17,BUY
345,ORD000345,ORD000324,99.35,27,SELL
345,ORD000345,ORD000334,99.29,16,SELL
345,ORD000345,ORD000320,99.06,21,SELL
347,ORD000347,ORD000346,99.44,46,SELL
348,ORD000348,ORD000346,99.44,46,SELL
348,ORD000348,ORD000320,99.06,26,SELL
348,ORD000348,ORD000323,98.39,14,SELL
349,ORD000349,ORD000323,98.39,24,SELL
349,ORD000349,ORD000327,98.11,44,SELL
350,ORD000350,ORD000341,99.85,61,BUY
356,ORD000356,ORD000341,99.85,5,BUY
357,ORD000357,ORD000341,99.85,8,BUY
362,ORD000362,ORD000352,100.39,9,BUY
362,ORD000362,ORD000337,100.54,27,BUY
362,ORD000362,ORD000355,100.70,24,BUY
362,ORD000362,ORD000358,100.86,4,BUY
365,ORD000365,ORD000357,100.21,33,SELL
365,ORD000365,ORD000353,99.84,43,SELL
365,ORD000365,ORD000360,98.83,2,SELL
368,ORD000368,ORD000367,100.59,82,BUY
370,ORD000370,ORD000366,98.88,6,SELL
370,ORD000370,ORD000360,98.83,3,SELL
371,ORD000371,ORD000360,98.83,11,SELL
371,ORD000371,ORD000364,98.80,11,SELL
371,ORD000371,ORD000369,98.36,51,SELL
373,ORD000373,ORD000369,98.36,27,SELL
373,ORD000373,ORD000327,98.11,3,SELL
373,ORD000373,ORD000342,98.05,28,SELL
375,ORD000375,ORD000358,100.86,24,BUY
377,ORD000377,ORD000374,99.00,79,SELL
378,ORD000378,ORD000374,99.00,5,SELL
380,ORD000380,ORD000376,99.79,41,BUY
383,ORD000383,ORD000376,99.79,59,BUY
383,ORD000383,ORD000358,100.86,5,BUY
386,ORD000386,ORD000385,100.88,79,BUY
386,ORD000386,ORD000267,101.30,13,BUY
390,ORD000390,ORD000388,100.62,8,BUY
391,ORD000391,ORD000388,100.62,21,BUY
392,ORD000392,ORD000388,100.62,59,BUY
392,ORD000392,ORD000267,101.30,8,BUY
393,ORD000393,ORD000267,101.30,12,BUY
393,ORD000393,ORD000237,101.32,54,BUY
393,ORD000393,ORD000363,101.32,11,BUY
393,ORD000393,ORD000251,101.36,5,BUY
394,ORD000394,ORD000389,99.95,39,SELL
398,ORD000398,ORD000396,100.91,4,BUY
398,ORD000398,ORD000251,101.36,56,BUY
398,ORD000398,ORD000361,101.36,21,BUY
399,ORD000399,ORD000389,99.95,43,SELL
399,ORD000399,ORD000382,99.27,16,SELL
399,ORD000399,ORD000381,98.73,29,SELL
400,ORD000400,ORD000381,98.73,8,SELL
401,ORD000401,ORD000381,98.73,2,SELL
401,ORD000401,ORD000395,98.42,25,SELL
402,ORD000402,ORD000361,101.36,29,BUY
402,ORD000402,ORD000397,101.42,54,BUY
402,ORD000402,ORD000229,101.51,9,BUY
404,ORD000404,ORD000403,99.83,48,BUY
404,ORD000404,ORD000229,101.51,12,BUY
405,ORD000405,ORD000395,98.42,13,SELL
407,ORD000407,ORD000395,98.42,21,SELL
408,ORD000408,ORD000395,98.42,16,SELL
410,ORD000410,ORD000409,99.26,31,SELL
414,ORD000414,ORD000406,100.55,21,BUY
414,ORD000414,ORD000229,101.51,16,BUY
416,ORD000416,ORD000415,100.20,13,BUY
426,ORD000426,ORD000423,99.46,88,SELL
427,ORD000427,ORD000418,99.61,18,BUY
427,ORD000427,ORD000419,99.87,39,BUY
428,ORD000428,ORD000419,99.87,27,BUY
430,ORD000430,ORD000415,100.20,62,BUY
434,ORD000434,ORD000423,99.46,5,SELL
434,ORD000434,ORD000425,99.46,22,SELL
434,ORD000434,ORD000424,98.66,12,SELL
436,ORD000436,ORD000435,99.22,62,SELL
436,ORD000436,ORD000424,98.66,12,SELL
438,ORD000438,ORD000433,99.98,32,BUY
438,ORD000438,ORD000415,100.20,5,BUY
439,ORD000439,ORD000417,100.41,19,BUY
439,ORD000439,ORD000437,100.49,38,BUY
440,ORD000440,ORD000424,98.66,60,SELL
442,ORD000442,ORD000437,100.49,7,BUY
442,ORD000442,ORD000431,100.65,69,BUY
442,ORD000442,ORD000421,100.77,10,BUY
444,ORD000444,ORD000443,98.13,53,SELL
445,ORD000445,ORD000421,100.77,56,BUY
445,ORD000445,ORD000429,101.34,5,BUY
451,ORD000451,ORD000449,98.99,64,SELL
451,ORD000451,ORD000446,98.72,19,SELL
455,ORD000455,ORD000450,99.52,73,BUY
455,ORD000455,ORD000454,99.54,9,BUY
457,ORD000457,ORD000454,99.54,32,BUY
461,ORD000461,ORD000453,98.83,52,SELL
463,ORD000463,ORD000454,99.54,3,BUY
463,ORD000463,ORD000456,99.72,15,BUY
467,ORD000467,ORD000456,99.72,71,BUY
469,ORD000469,ORD000466,99.32,27,SELL
470,ORD000470,ORD000466,99.32,20,SELL
470,ORD000470,ORD000453,98.83,42,SELL
470,ORD000470,ORD000446,98.72,4,SELL
471,ORD000471,ORD000452,99.84,65,BUY
471,ORD000471,ORD000459,100.25,1,BUY
473,ORD000473,ORD000472,99.68,1,SELL
474,ORD000474,ORD000459,100.25,45,BUY
477,ORD000477,ORD000459,100.25,47,BUY
482,ORD000482,ORD000477,100.45,36,SELL
485,ORD000485,ORD000482,100.12,9,BUY
486,ORD000486,ORD000478,100.46,49,BUY
486,ORD000486,ORD000464,101.01,38,BUY
487,ORD000487,ORD000464,101.01,6,BUY
489,ORD000489,ORD000488,99.89,94,SELL
490,ORD000490,ORD000488,99.89,6,SELL
490,ORD000490,ORD000483,99.81,13,SELL
491,ORD000491,ORD000464,101.01,10,BUY
491,ORD000491,ORD000462,101.10,26,BUY
495,ORD000495,ORD000483,99.81,2,SELL
495,ORD000495,ORD000472,99.68,39,SELL
495,ORD000495,ORD000481,99.16,56,SELL
498,ORD000498,ORD000494,100.30,33,BUY
500,ORD000500,ORD000494,100.30,21,BUY
500,ORD000500,ORD000497,100.91,28,BUY
502,ORD000502,ORD000497,100.91,26,BUY
502,ORD000502,ORD000462,101.10,12,BUY
502,ORD000502,ORD000460,101.23,5,BUY
503,ORD000503,ORD000460,101.23,3,BUY
503,ORD000503,ORD000480,101.32,22,BUY
505,ORD000505,ORD000480,101.32,7,BUY
505,ORD000505,ORD000429,101.34,3,BUY
505,ORD000505,ORD000465,101.50,21,BUY
506,ORD000506,ORD000499,100.12,12,SELL
506,ORD000506,ORD000504,99.89,32,SELL
506,ORD000506,ORD000481,99.16,25,SELL
507,ORD000507,ORD000481,99.16,12,SELL
507,ORD000507,ORD000492,99.07,54,SELL
508,ORD000508,ORD000492,99.07,10,SELL
508,ORD000508,ORD000479,98.87,23,SELL
508,ORD000508,ORD000496,98.75,60,SELL
511,ORD000511,ORD000509,100.43,53,BUY
511,ORD000511,ORD000465,101.50,7,BUY
511,ORD000511,ORD000229,101.51,10,BUY
511,ORD000511,ORD000354,101.53,1,BUY
512,ORD000512,ORD000446,98.72,14,SELL
512,ORD000512,ORD000447,98.58,12,SELL
514,ORD000514,ORD000447,98.58,63,SELL
515,ORD000515,ORD000447,98.58,20,SELL
515,ORD000515,ORD000501,98.47,74,SELL
516,ORD000516,ORD000513,100.11,70,BUY
519,ORD000519,ORD000513,100.11,1,BUY
519,ORD000519,ORD000354,101.53,22,BUY
519,ORD000519,ORD000332,101.54,42,BUY
521,ORD000521,ORD000517,100.10,10,SELL
521,ORD000521,ORD000520,99.67,59,SELL
522,ORD000522,ORD000332,101.54,36,BUY
522,ORD000522,ORD000172,101.56,37,BUY
522,ORD000522,ORD000387,101.56,10,BUY
522,ORD000522,ORD000203,101.63,10,BUY
523,ORD000523,ORD000520,99.67,20,SELL
523,ORD000523,ORD000518,99.03,70,SELL
524,ORD000524,ORD000203,101.63,13,BUY
525,ORD000525,ORD000203,101.63,64,BUY
525,ORD000525,ORD000240,101.64,4,BUY
526,ORD000526,ORD000518,99.03,11,SELL
526,ORD000526,ORD000501,98.47,24,SELL
526,ORD000526,ORD000448,98.44,16,SELL
527,ORD000527,ORD000448,98.44,7,SELL
527,ORD000527,ORD000468,98.37,25,SELL
528,ORD000528,ORD000240,101.64,9,BUY
528,ORD000528,ORD000432,101.67,2,BUY
529,ORD000529,ORD000432,101.67,49,BUY
530,ORD000530,ORD000468,98.37,2,SELL
531,ORD000531,ORD000432,101.67,37,BUY
531,ORD000531,ORD000200,101.69,19,BUY
533,ORD000533,ORD000532,101.64,13,BUY
533,ORD000533,ORD000200,101.69,38,BUY
533,ORD000533,ORD000301,101.71,38,BUY
534,ORD000534,ORD000468,98.37,10,SELL
536,ORD000536,ORD000468,98.37,5,SELL
536,ORD000536,ORD000475,98.17,22,SELL
540,ORD000540,ORD000539,99.72,11,SELL
540,ORD000540,ORD000475,98.17,39,SELL
541,ORD000541,ORD000537,100.25,73,BUY
541,ORD000541,ORD000538,100.85,26,BUY
548,ORD000548,ORD000547,98.79,14,SELL
548,ORD000548,ORD000546,98.21,20,SELL
549,ORD000549,ORD000542,100.32,56,BUY
555,ORD000555,ORD000551,99.96,22,SELL
556,ORD000556,ORD000551,99.96,10,SELL
558,ORD000558,ORD000542,100.32,1,BUY
563,ORD000563,ORD000562,100.23,36,BUY
564,ORD000564,ORD000551,99.96,18,SELL
564,ORD000564,ORD000553,99.40,32,SELL
564,ORD000564,ORD000557,99.24,23,SELL
566,ORD000566,ORD000562,100.23,38,BUY
569,ORD000569,ORD000567,99.99,53,SELL
572,ORD000572,ORD000569,99.68,24,BUY
572,ORD000572,ORD000562,100.23,8,BUY
573,ORD000573,ORD000565,99.38,79,SELL
576,ORD000576,ORD000562,100.23,7,BUY
576,ORD000576,ORD000542,100.32,25,BUY
576,ORD000576,ORD000575,100.33,34,BUY
577,ORD000577,ORD000575,100.33,22,BUY
577,ORD000577,ORD000559,100.45,29,BUY
578,ORD000578,ORD000559,100.45,4,BUY
579,ORD000579,ORD000565,99.38,11,SELL
580,ORD000580,ORD000559,100.45,10,BUY
580,ORD000580,ORD000538,100.85,24,BUY
580,ORD000580,ORD000535,100.91,5,BUY
580,ORD000580,ORD000561,101.24,5,BUY
582,ORD000582,ORD000565,99.38,4,SELL
582,ORD000582,ORD000557,99.24,35,SELL
586,ORD000586,ORD000585,99.38,43,SELL
586,ORD000586,ORD000557,99.24,9,SELL
588,ORD000588,ORD000584,101.19,22,BUY
588,ORD000588,ORD000561,101.24,33,BUY
589,ORD000589,ORD000561,101.24,24,BUY
589,ORD000589,ORD000560,101.65,73,BUY
591,ORD000591,ORD000590,100.00,15,SELL
595,ORD000595,ORD000593,100.37,15,BUY
597,ORD000597,ORD000590,100.00,54,SELL
597,ORD000597,ORD000557,99.24,12,SELL
597,ORD000597,ORD000587,99.08,4,SELL
597,ORD000597,ORD000596,99.05,12,SELL
600,ORD000600,ORD000593,100.37,44,BUY
603,ORD000603,ORD000600,100.41,21,SELL
603,ORD000603,ORD000602,99.99,16,SELL
608,ORD000608,ORD000602,99.99,13,SELL
609,ORD000609,ORD000608,99.58,16,BUY
610,ORD000610,ORD000608,99.58,5,BUY
610,ORD000610,ORD000601,100.54,57,BUY
610,ORD000610,ORD000594,100.98,33,BUY
613,ORD000613,ORD000612,100.03,8,SELL
615,ORD000615,ORD000613,99.92,8,BUY
619,ORD000619,ORD000613,99.92,75,BUY
619,ORD000619,ORD000618,100.44,10,BUY
619,ORD000619,ORD000614,100.79,11,BUY
620,ORD000620,ORD000617,99.69,63,SELL
623,ORD000623,ORD000621,100.12,12,SELL
623,ORD000623,ORD000598,99.22,18,SELL
623,ORD000623,ORD000596,99.05,6,SELL
623,ORD000623,ORD000571,98.90,19,SELL
624,ORD000624,ORD000571,98.90,37,SELL
626,ORD000626,ORD000614,100.79,76,BUY
626,ORD000626,ORD000594,100.98,5,BUY
627,ORD000627,ORD000625,99.21,21,SELL
629,ORD000629,ORD000625,99.21,23,SELL
629,ORD000629,ORD000628,99.07,13,SELL
630,ORD000630,ORD000628,99.07,48,SELL
631,ORD000631,ORD000594,100.98,49,BUY
631,ORD000631,ORD000611,101.03,32,BUY
632,ORD000632,ORD000611,101.03,12,BUY
633,ORD000633,ORD000611,101.03,10,BUY
636,ORD000636,ORD000611,101.03,1,BUY
636,ORD000636,ORD000592,101.10,77,BUY
636,ORD000636,ORD000622,101.24,9,BUY
636,ORD000636,ORD000606,101.39,7,BUY
637,ORD000637,ORD000606,101.39,39,BUY
642,ORD000642,ORD000638,99.69,9,SELL
642,ORD000642,ORD000640,99.54,46,SELL
643,ORD000643,ORD000606,101.39,52,BUY
643,ORD000643,ORD000604,101.43,31,BUY
647,ORD000647,ORD000644,101.23,82,BUY
649,ORD000649,ORD000648,100.33,17,SELL
649,ORD000649,ORD000646,99.98,31,SELL
649,ORD000649,ORD000640,99.54,11,SELL
649,ORD000649,ORD000645,99.27,29,SELL
651,ORD000651,ORD000644,101.23,3,BUY
651,ORD000651,ORD000604,101.43,3,BUY
654,ORD000654,ORD000653,99.71,40,BUY
656,ORD000656,ORD000653,99.71,29,BUY
656,ORD000656,ORD000652,101.07,27,BUY
657,ORD000657,ORD000652,101.07,12,BUY
658,ORD000658,ORD000652,101.07,26,BUY
658,ORD000658,ORD000604,101.43,30,BUY
658,ORD000658,ORD000650,101.43,3,BUY
658,ORD000658,ORD000560,101.65,4,BUY
658,ORD000658,ORD000599,101.66,2,BUY
658,ORD000658,ORD000301,101.71,13,BUY
659,ORD000659,ORD000301,101.71,32,BUY
659,ORD000659,ORD000220,101.76,59,BUY
660,ORD000660,ORD000220,101.76,41,BUY
660,ORD000660,ORD000226,101.78,4,BUY
661,ORD000661,ORD000645,99.27,17,SELL
663,ORD000663,ORD000645,99.27,9,SELL
664,ORD000664,ORD000662,99.80,4,BUY
664,ORD000664,ORD000226,101.78,18,BUY
664,ORD000664,ORD000138,101.80,9,BUY
664,ORD000664,ORD000293,101.80,12,BUY
664,ORD000664,ORD000570,101.81,23,BUY
667,ORD000667,ORD000665,99.92,2,BUY
668,ORD000668,ORD000666,99.69,15,SELL
668,ORD000668,ORD000645,99.27,5,SELL
669,ORD000669,ORD000665,99.92,19,BUY
670,ORD000670,ORD000570,101.81,54,BUY
671,ORD000671,ORD000669,100.28,10,SELL
674,ORD000674,ORD000669,100.28,66,SELL
674,ORD000674,ORD000672,100.25,5,SELL
675,ORD000675,ORD000672,100.25,18,SELL
675,ORD000675,ORD000645,99.27,36,SELL
675,ORD000675,ORD000634,99.11,2,SELL
675,ORD000675,ORD000628,99.07,17,SELL
676,ORD000676,ORD000570,101.81,12,BUY
676,ORD000676,ORD000241,101.94,46,BUY
676,ORD000676,ORD000271,101.94,18,BUY
678,ORD000678,ORD000677,99.37,32,SELL
678,ORD000678,ORD000628,99.07,11,SELL
678,ORD000678,ORD000635,99.06,17,SELL
678,ORD000678,ORD000571,98.90,10,SELL
680,ORD000680,ORD000571,98.90,3,SELL
680,ORD000680,ORD000581,98.87,13,SELL
680,ORD000680,ORD000605,98.67,52,SELL
681,ORD000681,ORD000605,98.67,8,SELL
685,ORD000685,ORD000683,100.43,17,BUY
687,ORD000687,ORD000684,99.59,35,SELL
688,ORD000688,ORD000683,100.43,79,BUY
688,ORD000688,ORD000686,101.82,20,BUY
689,ORD000689,ORD000686,101.82,31,BUY
689,ORD000689,ORD000271,101.94,27,BUY
690,ORD000690,ORD000684,99.59,16,SELL
690,ORD000690,ORD000605,98.67,10,SELL
690,ORD000690,ORD000568,98.61,20,SELL
691,ORD000691,ORD000271,101.94,35,BUY
696,ORD000696,ORD000695,99.93,14,BUY
697,ORD000697,ORD000695,99.93,8,BUY
698,ORD000698,ORD000695,99.93,30,BUY
702,ORD000702,ORD000694,98.99,7,SELL
702,ORD000702,ORD000699,98.65,10,SELL
702,ORD000702,ORD000568,98.61,57,SELL
703,ORD000703,ORD000568,98.61,8,SELL
703,ORD000703,ORD000554,98.42,35,SELL
703,ORD000703,ORD000639,98.41,6,SELL
704,ORD000704,ORD000701,99.73,24,BUY
706,ORD000706,ORD000639,98.41,39,SELL
706,ORD000706,ORD000655,98.39,32,SELL
707,ORD000707,ORD000705,99.59,18,BUY
708,ORD000708,ORD000705,99.59,3,BUY
709,ORD000709,ORD000655,98.39,10,SELL
709,ORD000709,ORD000641,98.35,16,SELL
709,ORD000709,ORD000616,98.33,19,SELL
709,ORD000709,ORD000607,98.26,18,SELL
710,ORD000710,ORD000607,98.26,24,SELL
712,ORD000712,ORD000607,98.26,42,SELL
712,ORD000712,ORD000682,98.23,19,SELL
714,ORD000714,ORD000705,99.59,59,BUY
714,ORD000714,ORD000701,99.73,15,BUY
715,ORD000715,ORD000713,98.25,23,SELL
719,ORD000719,ORD000701,99.73,4,BUY
719,ORD000719,ORD000716,101.24,8,BUY
720,ORD000720,ORD000716,101.24,62,BUY
725,ORD000725,ORD000724,100.43,42,BUY
727,ORD000727,ORD000723,100.29,72,SELL
728,ORD000728,ORD000723,100.29,28,SELL
728,ORD000728,ORD000726,99.09,48,SELL
729,ORD000729,ORD000726,99.09,34,SELL
729,ORD000729,ORD000718,98.47,55,SELL
731,ORD000731,ORD000724,100.43,41,BUY
733,ORD000733,ORD000724,100.43,2,BUY
733,ORD000733,ORD000716,101.24,6,BUY
733,ORD000733,ORD000722,101.80,33,BUY
735,ORD000735,ORD000730,100.37,27,SELL
736,ORD000736,ORD000722,101.80,9,BUY
739,ORD000739,ORD000730,100.37,47,SELL
739,ORD000739,ORD000734,99.68,15,SELL
745,ORD000745,ORD000734,99.68,13,SELL
746,ORD000746,ORD000744,100.58,71,BUY
749,ORD000749,ORD000734,99.68,47,SELL
751,ORD000751,ORD000734,99.68,4,SELL
753,ORD000753,ORD000734,99.68,15,SELL
753,ORD000753,ORD000743,99.37,12,SELL
753,ORD000753,ORD000738,99.23,49,SELL
753,ORD000753,ORD000718,98.47,9,SELL
754,ORD000754,ORD000732,98.26,49,SELL
755,ORD000755,ORD000732,98.26,15,SELL
755,ORD000755,ORD000713,98.25,42,SELL
757,ORD000757,ORD000747,100.24,13,BUY
757,ORD000757,ORD000744,100.58,13,BUY
757,ORD000757,ORD000752,100.68,15,BUY
761,ORD000761,ORD000760,100.09,39,BUY
762,ORD000762,ORD000759,100.55,69,BUY
762,ORD000762,ORD000758,100.97,28,BUY
765,ORD000765,ORD000761,100.25,35,SELL
765,ORD000765,ORD000763,100.02,17,SELL
765,ORD000765,ORD000756,99.41,20,SELL
765,ORD000765,ORD000713,98.25,9,SELL
766,ORD000766,ORD000713,98.25,11,SELL
766,ORD000766,ORD000682,98.23,11,SELL
766,ORD000766,ORD000673,98.17,60,SELL
766,ORD000766,ORD000679,98.00,12,SELL
767,ORD000767,ORD000758,100.97,43,BUY
769,ORD000769,ORD000679,98.00,20,SELL
772,ORD000772,ORD000770,99.41,13,SELL
772,ORD000772,ORD000679,98.00,23,SELL
773,ORD000773,ORD000679,98.00,30,SELL
774,ORD000774,ORD000771,100.16,48,BUY
778,ORD000778,ORD000771,100.16,28,BUY
780,ORD000780,ORD000771,100.16,8,BUY
780,ORD000780,ORD000777,100.30,83,BUY
788,ORD000788,ORD000784,100.18,21,BUY
792,ORD000792,ORD000784,100.18,39,BUY
792,ORD000792,ORD000777,100.30,1,BUY
793,ORD000793,ORD000789,99.62,49,SELL
794,ORD000794,ORD000789,99.62,38,SELL
794,ORD000794,ORD000781,99.31,22,SELL
797,ORD000797,ORD000795,99.52,44,BUY
799,ORD000799,ORD000781,99.31,51,SELL
799,ORD000799,ORD000786,99.19,16,SELL
800,ORD000800,ORD000795,99.52,41,BUY
802,ORD000802,ORD000800,100.01,36,SELL
802,ORD000802,ORD000786,99.19,18,SELL
803,ORD000803,ORD000798,100.15,25,BUY
806,ORD000806,ORD000798,100.15,61,BUY
809,ORD000809,ORD000804,99.60,43,SELL
810,ORD000810,ORD000804,99.60,16,SELL
811,ORD000811,ORD000808,100.06,25,BUY
813,ORD000813,ORD000808,100.06,4,BUY
813,ORD000813,ORD000798,100.15,6,BUY
813,ORD000813,ORD000777,100.30,10,BUY
813,ORD000813,ORD000812,100.53,20,BUY
813,ORD000813,ORD000768,100.80,2,BUY
813,ORD000813,ORD000807,100.90,24,BUY
813,ORD000813,ORD000796,100.98,7,BUY
814,ORD000814,ORD000804,99.60,2,SELL
814,ORD000814,ORD000786,99.19,37,SELL
814,ORD000814,ORD000787,98.65,53,SELL
815,ORD000815,ORD000796,100.98,30,BUY
815,ORD000815,ORD000791,101.12,51,BUY
818,ORD000818,ORD000816,99.51,36,BUY
819,ORD000819,ORD000818,99.58,5,SELL
821,ORD000821,ORD000791,101.12,1,BUY
822,ORD000822,ORD000791,101.12,25,BUY
822,ORD000822,ORD000776,101.21,20,BUY
823,ORD000823,ORD000776,101.21,10,BUY
823,ORD000823,ORD000801,101.30,66,BUY
825,ORD000825,ORD000818,99.58,11,SELL
825,ORD000825,ORD000824,98.75,38,SELL
825,ORD000825,ORD000787,98.65,36,SELL
825,ORD000825,ORD000783,98.62,3,SELL
827,ORD000827,ORD000783,98.62,29,SELL
828,ORD000828,ORD000826,100.73,3,BUY
829,ORD000829,ORD000826,100.73,92,BUY
830,ORD000830,ORD000826,100.73,2,BUY
830,ORD000830,ORD000801,101.30,18,BUY
830,ORD000830,ORD000779,101.40,48,BUY
830,ORD000830,ORD000805,101.61,14,BUY
832,ORD000832,ORD000805,101.61,15,BUY
833,ORD000833,ORD000783,98.62,27,SELL
833,ORD000833,ORD000785,98.60,6,SELL
834,ORD000834,ORD000805,101.61,56,BUY
834,ORD000834,ORD000790,101.66,32,BUY
835,ORD000835,ORD000785,98.60,13,SELL
838,ORD000838,ORD000836,101.25,54,BUY
838,ORD000838,ORD000790,101.66,24,BUY
840,ORD000840,ORD000837,99.54,37,SELL
840,ORD000840,ORD000785,98.60,34,SELL
847,ORD000847,ORD000846,100.13,15,SELL
848,ORD000848,ORD000845,100.24,18,BUY
849,ORD000849,ORD000845,100.24,42,BUY
849,ORD000849,ORD000790,101.66,15,BUY
850,ORD000850,ORD000846,100.13,32,SELL
851,ORD000851,ORD000843,99.67,20,SELL
851,ORD000851,ORD000841,99.20,31,SELL
851,ORD000851,ORD000785,98.60,8,SELL
853,ORD000853,ORD000850,99.73,12,BUY
853,ORD000853,ORD000852,100.70,54,BUY
853,ORD000853,ORD000790,101.66,24,BUY
854,ORD000854,ORD000790,101.66,4,BUY
854,ORD000854,ORD000820,101.73,72,BUY
855,ORD000855,ORD000785,98.60,2,SELL
855,ORD000855,ORD000817,98.40,47,SELL
857,ORD000857,ORD000820,101.73,25,BUY
857,ORD000857,ORD000839,101.93,38,BUY
858,ORD000858,ORD000856,100.20,9,SELL
859,ORD000859,ORD000856,100.20,85,SELL
859,ORD000859,ORD000817,98.40,2,SELL
861,ORD000861,ORD000839,101.93,8,BUY
863,ORD000863,ORD000862,101.10,20,BUY
865,ORD000865,ORD000860,99.67,36,SELL
869,ORD000869,ORD000868,99.86,3,SELL
869,ORD000869,ORD000860,99.67,8,SELL
869,ORD000869,ORD000866,98.95,31,SELL
869,ORD000869,ORD000817,98.40,29,SELL
872,ORD000872,ORD000817,98.40,7,SELL
873,ORD000873,ORD000817,98.40,13,SELL
873,ORD000873,ORD000844,98.25,33,SELL
873,ORD000873,ORD000831,98.12,14,SELL
875,ORD000875,ORD000874,100.41,46,BUY
888,ORD000888,ORD000874,100.41,12,BUY
888,ORD000888,ORD000876,100.43,14,BUY
888,ORD000888,ORD000887,100.46,18,BUY
891,ORD000891,ORD000889,99.85,78,BUY
891,ORD000891,ORD000887,100.46,2,BUY
896,ORD000896,ORD000892,99.83,7,BUY
897,ORD000897,ORD000892,99.83,21,BUY
898,ORD000898,ORD000893,99.74,8,SELL
899,ORD000899,ORD000893,99.74,34,SELL
899,ORD000899,ORD000882,99.13,36,SELL
906,ORD000906,ORD000902,99.62,23,BUY
907,ORD000907,ORD000902,99.62,23,BUY
908,ORD000908,ORD000902,99.62,3,BUY
908,ORD000908,ORD000903,99.63,52,BUY
909,ORD000909,ORD000901,99.40,31,SELL
909,ORD000909,ORD000882,99.13,44,SELL
910,ORD000910,ORD000903,99.63,44,BUY
910,ORD000910,ORD000892,99.83,47,BUY
911,ORD000911,ORD000892,99.83,16,BUY
911,ORD000911,ORD000887,100.46,26,BUY
912,ORD000912,ORD000882,99.13,5,SELL
912,ORD000912,ORD000879,98.98,59,SELL
912,ORD000912,ORD000886,98.32,10,SELL
915,ORD000915,ORD000887,100.46,28,BUY
916,ORD000916,ORD000913,98.79,28,SELL
921,ORD000921,ORD000919,99.53,67,SELL
928,ORD000928,ORD000926,100.01,43,BUY
931,ORD000931,ORD000919,99.53,13,SELL
931,ORD000931,ORD000920,98.80,15,SELL
931,ORD000931,ORD000913,98.79,1,SELL
931,ORD000931,ORD000925,98.53,52,SELL
932,ORD000932,ORD000925,98.53,29,SELL
932,ORD000932,ORD000924,98.42,58,SELL
936,ORD000936,ORD000926,100.01,47,BUY
936,ORD000936,ORD000935,100.20,22,BUY
938,ORD000938,ORD000935,100.20,35,BUY
938,ORD000938,ORD000887,100.46,4,BUY
938,ORD000938,ORD000895,100.56,2,BUY
938,ORD000938,ORD000867,100.62,53,BUY
941,ORD000941,ORD000867,100.62,11,BUY
941,ORD000941,ORD000922,100.77,63,BUY
941,ORD000941,ORD000890,100.87,22,BUY
942,ORD000942,ORD000933,99.55,83,SELL
943,ORD000943,ORD000890,100.87,19,BUY
943,ORD000943,ORD000905,100.87,10,BUY
944,ORD000944,ORD000933,99.55,14,SELL
944,ORD000944,ORD000939,99.39,10,SELL
946,ORD000946,ORD000905,100.87,9,BUY
948,ORD000948,ORD000905,100.87,59,BUY
948,ORD000948,ORD000871,100.91,21,BUY
949,ORD000949,ORD000871,100.91,58,BUY
950,ORD000950,ORD000945,100.33,71,SELL
955,ORD000955,ORD000950,99.88,2,BUY
955,ORD000955,ORD000951,99.92,16,BUY
956,ORD000956,ORD000951,99.92,25,BUY
956,ORD000956,ORD000954,100.72,14,BUY
956,ORD000956,ORD000871,100.91,5,BUY
956,ORD000956,ORD000930,100.94,30,BUY
956,ORD000956,ORD000894,100.96,7,BUY
960,ORD000960,ORD000957,100.12,51,SELL
961,ORD000961,ORD000957,100.12,30,SELL
961,ORD000961,ORD000952,99.60,35,SELL
962,ORD000962,ORD000952,99.60,1,SELL
962,ORD000962,ORD000939,99.39,1,SELL
966,ORD000966,ORD000894,100.96,30,BUY
968,ORD000968,ORD000939,99.39,5,SELL
968,ORD000968,ORD000959,99.38,54,SELL
975,ORD000975,ORD000959,99.38,16,SELL
975,ORD000975,ORD000947,99.22,8,SELL
978,ORD000978,ORD000947,99.22,6,SELL
979,ORD000979,ORD000970,100.16,66,BUY
981,ORD000981,ORD000970,100.16,4,BUY
981,ORD000981,ORD000973,100.36,20,BUY
984,ORD000984,ORD000947,99.22,29,SELL
984,ORD000984,ORD000964,99.21,24,SELL
987,ORD000987,ORD000985,99.28,3,SELL
992,ORD000992,ORD000989,99.33,62,SELL
993,ORD000993,ORD000989,99.33,35,SELL
993,ORD000993,ORD000985,99.28,19,SELL
993,ORD000993,ORD000964,99.21,22,SELL
993,ORD000993,ORD000976,99.04,19,SELL
994,ORD000994,ORD000983,100.04,33,BUY
996,ORD000996,ORD000976,99.04,1,SELL
1002,ORD001002,ORD000976,99.04,23,SELL
1002,ORD001002,ORD000972,98.94,17,SELL
1004,ORD001004,ORD000983,100.04,45,BUY
1004,ORD001004,ORD000999,100.13,45,BUY
1005,ORD001005,ORD000999,100.13,24,BUY
1005,ORD001005,ORD000973,100.36,28,BUY
1006,ORD001006,ORD000973,100.36,14,BUY
1006,ORD001006,ORD000971,100.41,68,BUY
1009,ORD001009,ORD000972,98.94,5,SELL
1012,ORD001012,ORD000971,100.41,16,BUY
1012,ORD001012,ORD000991,100.43,6,BUY
1012,ORD001012,ORD001008,100.59,9,BUY
1012,ORD001012,ORD000977,100.70,54,BUY
1013,ORD001013,ORD001011,100.05,77,SELL
1018,ORD001018,ORD001011,100.05,5,SELL
1018,ORD001018,ORD001014,99.69,31,SELL
1019,ORD001019,ORD001016,100.51,26,BUY
1019,ORD001019,ORD000977,100.70,22,BUY
1019,ORD001019,ORD001010,100.80,4,BUY
1020,ORD001020,ORD001014,99.69,16,SELL
1020,ORD001020,ORD001017,99.37,49,SELL
1025,ORD001025,ORD001024,100.65,34,BUY
1028,ORD001028,ORD001027,99.52,34,BUY
1028,ORD001028,ORD001024,100.65,25,BUY
1028,ORD001028,ORD001010,100.80,37,BUY
1030,ORD001030,ORD001017,99.37,44,SELL
1030,ORD001030,ORD000972,98.94,7,SELL
1030,ORD001030,ORD001021,98.85,15,SELL
1030,ORD001030,ORD000953,98.83,30,SELL
1031,ORD001031,ORD001010,100.80,26,BUY
1033,ORD001033,ORD000953,98.83,14,SELL
1037,ORD001037,ORD001034,99.66,79,SELL
1037,ORD001037,ORD001036,98.93,19,SELL
1038,ORD001038,ORD001036,98.93,22,SELL
1038,ORD001038,ORD000953,98.83,18,SELL
1038,ORD001038,ORD000969,98.81,57,SELL
1041,ORD001041,ORD001010,100.80,16,BUY
1042,ORD001042,ORD001039,99.06,2,SELL
1044,ORD001044,ORD001010,100.80,9,BUY
1044,ORD001044,ORD001001,100.89,23,BUY
1044,ORD001044,ORD000982,100.91,3,BUY
1044,ORD001044,ORD001023,100.91,44,BUY
1046,ORD001046,ORD001039,99.06,64,SELL
1048,ORD001048,ORD001047,100.43,52,BUY
1050,ORD001050,ORD001048,100.45,36,SELL
1050,ORD001050,ORD001049,100.01,59,SELL
1051,ORD001051,ORD001023,100.91,55,BUY
1051,ORD001051,ORD000894,100.96,9,BUY
1053,ORD001053,ORD001052,100.25,72,BUY
1053,ORD001053,ORD000894,100.96,17,BUY
1055,ORD001055,ORD001049,100.01,13,SELL
1055,ORD001055,ORD001054,99.19,34,SELL
1056,ORD001056,ORD001054,99.19,47,SELL
1056,ORD001056,ORD001039,99.06,4,SELL
1056,ORD001056,ORD000969,98.81,2,SELL
1058,ORD001058,ORD001057,99.62,69,SELL
1058,ORD001058,ORD000969,98.81,18,SELL
1062,ORD001062,ORD001060,99.60,38,SELL
1063,ORD001063,ORD001060,99.60,6,SELL
1063,ORD001063,ORD000969,98.81,14,SELL
1063,ORD001063,ORD000998,98.79,37,SELL
1066,ORD001066,ORD001061,99.68,21,BUY
1066,ORD001066,ORD001059,100.45,30,BUY
1069,ORD001069,ORD001059,100.45,7,BUY
1069,ORD001069,ORD001064,100.80,58,BUY
1069,ORD001069,ORD000894,100.96,15,BUY
1070,ORD001070,ORD001067,99.18,7,SELL
1070,ORD001070,ORD000998,98.79,10,SELL
1070,ORD001070,ORD001045,98.59,15,SELL
1074,ORD001074,ORD001045,98.59,46,SELL
1074,ORD001074,ORD001026,98.57,41,SELL
1074,ORD001074,ORD001032,98.52,3,SELL
1077,ORD001077,ORD001032,98.52,23,SELL
1077,ORD001077,ORD001029,98.45,30,SELL
1078,ORD001078,ORD001029,98.45,11,SELL
1078,ORD001078,ORD000924,98.42,41,SELL
1078,ORD001078,ORD000914,98.40,15,SELL
1079,ORD001079,ORD001071,99.83,22,BUY
1079,ORD001079,ORD001073,100.67,39,BUY
1085,ORD001085,ORD001084,100.00,79,SELL
1085,ORD001085,ORD000914,98.40,17,SELL
1086,ORD001086,ORD000914,98.40,9,SELL
1087,ORD001087,ORD000914,98.40,29,SELL
1087,ORD001087,ORD000963,98.35,21,SELL
1087,ORD001087,ORD000974,98.35,9,SELL
1090,ORD001090,ORD001083,100.05,11,BUY
1090,ORD001090,ORD001082,100.59,3,BUY
1092,ORD001092,ORD001082,100.59,29,BUY
1092,ORD001092,ORD001073,100.67,15,BUY
1094,ORD001094,ORD001093,100.66,5,BUY
1094,ORD001094,ORD001073,100.67,16,BUY
1094,ORD001094,ORD001080,100.69,2,BUY
1094,ORD001094,ORD001076,100.70,30,BUY
1094,ORD001094,ORD001088,100.73,42,BUY
1094,ORD001094,ORD000894,100.96,5,BUY
1095,ORD001095,ORD001091,99.82,30,SELL
1095,ORD001095,ORD000974,98.35,3,SELL
1096,ORD001096,ORD000894,100.96,3,BUY
1096,ORD001096,ORD000986,100.99,9,BUY
1096,ORD001096,ORD000988,101.01,23,BUY
1096,ORD001096,ORD001075,101.09,64,BUY
1098,ORD001098,ORD001097,100.61,95,BUY
1098,ORD001098,ORD001075,101.09,4,BUY
1099,ORD001099,ORD001075,101.09,5,BUY
1099,ORD001099,ORD000885,101.45,23,BUY
1099,ORD001099,ORD001081,101.49,60,BUY
1100,ORD001100,ORD000974,98.35,10,SELL
1100,ORD001100,ORD000886,98.32,40,SELL
1100,ORD001100,ORD001065,98.31,31,SELL
1100,ORD001100,ORD000997,98.29,1,SELL
1100,ORD001100,ORD000880,98.27,12,SELL
1102,ORD001102,ORD000880,98.27,39,SELL
1104,ORD001104,ORD001103,98.54,15,SELL
1104,ORD001104,ORD000880,98.27,3,SELL
1104,ORD001104,ORD001015,98.22,4,SELL
1105,ORD001105,ORD001081,101.49,11,BUY
1105,ORD001105,ORD001022,101.53,21,BUY
1108,ORD001108,ORD001107,99.89,88,BUY
1109,ORD001109,ORD001107,99.89,11,BUY
1109,ORD001109,ORD001022,101.53,53,BUY
1109,ORD001109,ORD000917,101.56,19,BUY
1110,ORD001110,ORD000917,101.56,30,BUY
1113,ORD001113,ORD001111,100.60,6,BUY
1116,ORD001116,ORD001111,100.60,19,BUY
1116,ORD001116,ORD001114,100.86,1,BUY
1119,ORD001119,ORD001117,100.64,9,BUY
1120,ORD001120,ORD001115,98.81,60,SELL
1120,ORD001120,ORD001015,98.22,28,SELL
1123,ORD001123,ORD001117,100.64,63,BUY
1125,ORD001125,ORD001124,100.09,29,SELL
1126,ORD001126,ORD001117,100.64,27,BUY
1127,ORD001127,ORD001117,100.64,1,BUY
1127,ORD001127,ORD001114,100.86,62,BUY
1127,ORD001127,ORD000917,101.56,19,BUY
1131,ORD001131,ORD001124,100.09,56,SELL
1131,ORD001131,ORD001121,98.81,12,SELL
1138,ORD001138,ORD001135,99.50,46,SELL
1138,ORD001138,ORD001132,99.40,12,SELL
1139,ORD001139,ORD001132,99.40,5,SELL
1142,ORD001142,ORD001140,100.48,39,SELL
1142,ORD001142,ORD001132,99.40,50,SELL
1143,ORD001143,ORD001136,100.53,59,BUY
1144,ORD001144,ORD001136,100.53,23,BUY
1144,ORD001144,ORD001137,100.91,28,BUY
1144,ORD001144,ORD001133,101.26,24,BUY
1146,ORD001146,ORD001145,99.73,52,BUY
1148,ORD001148,ORD001146,99.81,8,SELL
1149,ORD001149,ORD001146,99.81,2,SELL
1149,ORD001149,ORD001132,99.40,29,SELL
1149,ORD001149,ORD001134,99.37,25,SELL
1152,ORD001152,ORD001133,101.26,31,BUY
1152,ORD001152,ORD001129,101.34,39,BUY
1152,ORD001152,ORD001128,101.49,3,BUY
1153,ORD001153,ORD001128,101.49,5,BUY
1153,ORD001153,ORD000917,101.56,16,BUY
1153,ORD001153,ORD000937,101.62,38,BUY
1153,ORD001153,ORD001003,101.64,28,BUY
1155,ORD001155,ORD001154,101.38,51,BUY
1156,ORD001156,ORD001151,99.58,7,SELL
1156,ORD001156,ORD001134,99.37,40,SELL
1156,ORD001156,ORD001121,98.81,27,SELL
1157,ORD001157,ORD001121,98.81,44,SELL
1157,ORD001157,ORD001147,98.75,8,SELL
1160,ORD001160,ORD001154,101.38,23,BUY
1160,ORD001160,ORD001003,101.64,33,BUY
1161,ORD001161,ORD001003,101.64,24,BUY
1161,ORD001161,ORD000864,101.67,10,BUY
1161,ORD001161,ORD001118,101.71,19,BUY
1162,ORD001162,ORD001159,100.49,45,SELL
1165,ORD001165,ORD001159,100.49,23,SELL
1165,ORD001165,ORD001158,99.20,26,SELL
1165,ORD001165,ORD001147,98.75,45,SELL
1167,ORD001167,ORD001147,98.75,41,SELL
1167,ORD001167,ORD001166,98.61,48,SELL
1168,ORD001168,ORD001166,98.61,3,SELL
1169,ORD001169,ORD001164,100.60,30,BUY
1169,ORD001169,ORD001118,101.71,37,BUY
1171,ORD001171,ORD001118,101.71,24,BUY
1171,ORD001171,ORD000990,101.75,61,BUY
1172,ORD001172,ORD001166,98.61,29,SELL
1172,ORD001172,ORD001150,98.57,8,SELL
1173,ORD001173,ORD001150,98.57,76,SELL
1173,ORD001173,ORD001163,98.42,8,SELL
1174,ORD001174,ORD000990,101.75,9,BUY
1174,ORD001174,ORD000904,101.78,26,BUY
1177,ORD001177,ORD001175,99.55,65,BUY
1178,ORD001178,ORD001175,99.55,19,BUY
1178,ORD001178,ORD001176,101.27,41,BUY
1178,ORD001178,ORD000904,101.78,8,BUY
1179,ORD001179,ORD001163,98.42,21,SELL
1181,ORD001181,ORD001163,98.42,16,SELL
1181,ORD001181,ORD001130,98.24,49,SELL
1183,ORD001183,ORD001182,100.20,4,SELL
1183,ORD001183,ORD001130,98.24,40,SELL
1184,ORD001184,ORD000904,101.78,49,BUY
1185,ORD001185,ORD000904,101.78,8,BUY
1185,ORD001185,ORD000927,101.85,66,BUY
1190,ORD001190,ORD001186,100.32,19,BUY
1192,ORD001192,ORD001187,99.71,25,SELL
1193,ORD001193,ORD001186,100.32,51,BUY
1193,ORD001193,ORD001191,100.54,28,BUY
1195,ORD001195,ORD001187,99.71,1,SELL
1195,ORD001195,ORD001189,99.41,21,SELL
1195,ORD001195,ORD001194,98.58,4,SELL
1195,ORD001195,ORD001130,98.24,4,SELL
1195,ORD001195,ORD001015,98.22,4,SELL
1195,ORD001195,ORD000995,98.21,44,SELL
1196,ORD001196,ORD000995,98.21,33,SELL
1196,ORD001196,ORD000934,98.18,17,SELL
1197,ORD001197,ORD001191,100.54,25,BUY
1197,ORD001197,ORD001188,101.75,4,BUY
1200,ORD001200,ORD001199,100.06,57,BUY
1202,ORD001202,ORD001199,100.06,29,BUY
1206,ORD001206,ORD001201,101.67,32,BUY
1206,ORD001206,ORD001188,101.75,14,BUY
1206,ORD001206,ORD000927,101.85,11,BUY
1208,ORD001208,ORD001207,100.21,22,BUY
1209,ORD001209,ORD001208,100.26,38,SELL
1209,ORD001209,ORD001202,100.06,27,SELL
1210,ORD001210,ORD000927,101.85,19,BUY
1210,ORD001210,ORD001000,101.98,23,BUY
1211,ORD001211,ORD001000,101.98,28,BUY
1211,ORD001211,ORD001170,101.98,64,BUY
1212,ORD001212,ORD001202,100.06,37,SELL
1212,ORD001212,ORD001203,99.13,5,SELL
1214,ORD001214,ORD001203,99.13,1,SELL
1214,ORD001214,ORD001204,98.99,90,SELL
1215,ORD001215,ORD001170,101.98,25,BUY
1219,ORD001219,ORD001204,98.99,5,SELL
1219,ORD001219,ORD001213,98.31,15,SELL
1219,ORD001219,ORD000934,98.18,4,SELL
1221,ORD001221,ORD000934,98.18,44,SELL
1221,ORD001221,ORD001122,98.17,17,SELL
1221,ORD001221,ORD000883,98.01,3,SELL
1223,ORD001223,ORD001222,99.23,28,SELL
1223,ORD001223,ORD000883,98.01,29,SELL
1226,ORD001226,ORD000883,98.01,5,SELL
1227,ORD001227,ORD000883,98.01,12,SELL
1232,ORD001232,ORD001230,99.87,47,SELL
1233,ORD001233,ORD001229,99.53,53,SELL
1235,ORD001235,ORD001232,99.66,14,BUY
1236,ORD001236,ORD001229,99.53,36,SELL
1236,ORD001236,ORD001231,98.81,5,SELL
1238,ORD001238,ORD001231,98.81,24,SELL
1240,ORD001240,ORD001239,100.45,1,SELL
1241,ORD001241,ORD001231,98.81,20,SELL
1241,ORD001241,ORD001234,98.27,23,SELL
1242,ORD001242,ORD001240,99.79,26,BUY
1244,ORD001244,ORD001243,100.27,43,BUY
1251,ORD001251,ORD001243,100.27,4,BUY
1254,ORD001254,ORD001247,100.23,12,SELL
1255,ORD001255,ORD001243,100.27,18,BUY
1255,ORD001255,ORD001248,100.53,21,BUY
1256,ORD001256,ORD001247,100.23,48,SELL
1258,ORD001258,ORD001248,100.53,62,BUY
1259,ORD001259,ORD001247,100.23,9,SELL
1259,ORD001259,ORD001253,100.16,4,SELL
1260,ORD001260,ORD001248,100.53,5,BUY
1261,ORD001261,ORD001248,100.53,6,BUY
1262,ORD001262,ORD001248,100.53,2,BUY
1262,ORD001262,ORD001237,101.04,4,BUY
1263,ORD001263,ORD001253,100.16,93,SELL
1263,ORD001263,ORD001257,99.11,4,SELL
1263,ORD001263,ORD001250,98.83,1,SELL
1264,ORD001264,ORD001237,101.04,25,BUY
1266,ORD001266,ORD001250,98.83,45,SELL
1266,ORD001266,ORD001245,98.49,35,SELL
1267,ORD001267,ORD001237,101.04,35,BUY
1267,ORD001267,ORD001265,101.18,10,BUY
1268,ORD001268,ORD001245,98.49,9,SELL
1268,ORD001268,ORD001234,98.27,71,SELL
1268,ORD001268,ORD000883,98.01,11,SELL
1269,ORD001269,ORD001265,101.18,25,BUY
1269,ORD001269,ORD001249,101.20,15,BUY
1271,ORD001271,ORD001270,99.63,4,BUY
1271,ORD001271,ORD001249,101.20,3,BUY
1272,ORD001272,ORD000883,98.01,35,SELL
1272,ORD001272,ORD001220,98.01,42,SELL
1275,ORD001275,ORD001273,100.28,26,BUY
1277,ORD001277,ORD001249,101.20,54,BUY
1277,ORD001277,ORD001276,101.28,25,BUY
1278,ORD001278,ORD001275,100.30,34,SELL
1278,ORD001278,ORD001274,99.89,56,SELL
1280,ORD001280,ORD001276,101.28,35,BUY
1280,ORD001280,ORD001246,101.49,10,BUY
1281,ORD001281,ORD001246,101.49,45,BUY
1283,ORD001283,ORD001274,99.89,4,SELL
1285,ORD001285,ORD001282,99.01,44,SELL
1287,ORD001287,ORD001283,99.68,35,BUY
1287,ORD001287,ORD001284,100.10,32,BUY
1287,ORD001287,ORD001286,100.59,19,BUY
1288,ORD001288,ORD001282,99.01,48,SELL
1288,ORD001288,ORD001220,98.01,29,SELL
1291,ORD001291,ORD001286,100.59,18,BUY
1294,ORD001294,ORD001292,99.65,58,SELL
1294,ORD001294,ORD001290,99.49,29,SELL
1297,ORD001297,ORD001286,100.59,7,BUY
1297,ORD001297,ORD001293,100.62,27,BUY
1297,ORD001297,ORD001246,101.49,28,BUY
1297,ORD001297,ORD001252,101.61,10,BUY
1298,ORD001298,ORD001290,99.49,20,SELL
1298,ORD001298,ORD001289,98.44,17,SELL
1299,ORD001299,ORD001252,101.61,64,BUY
1299,ORD001299,ORD001296,101.63,8,BUY
1299,ORD001299,ORD001279,101.71,4,BUY
1301,ORD001301,ORD001300,100.52,25,BUY
1303,ORD001303,ORD001302,99.89,3,BUY
1307,ORD001307,ORD001289,98.44,29,SELL
1308,ORD001308,ORD001302,99.89,31,BUY
1309,ORD001309,ORD001289,98.44,6,SELL
1309,ORD001309,ORD001220,98.01,27,SELL
1312,ORD001312,ORD001310,99.42,11,SELL
1313,ORD001313,ORD001311,99.70,81,BUY
1317,ORD001317,ORD001310,99.42,5,SELL
1320,ORD001320,ORD001311,99.70,11,BUY
1322,ORD001322,ORD001319,99.64,15,SELL
1324,ORD001324,ORD001311,99.70,2,BUY
1324,ORD001324,ORD001302,99.89,52,BUY
1324,ORD001324,ORD001316,100.33,14,BUY
1328,ORD001328,ORD001326,99.88,34,SELL
1329,ORD001329,ORD001316,100.33,32,BUY
1329,ORD001329,ORD001300,100.52,28,BUY
1330,ORD001330,ORD001326,99.88,19,SELL
1330,ORD001330,ORD001327,99.81,22,SELL
1330,ORD001330,ORD001319,99.64,23,SELL
1330,ORD001330,ORD001310,99.42,33,SELL
1331,ORD001331,ORD001300,100.52,3,BUY
1331,ORD001331,ORD001306,100.64,55,BUY
1331,ORD001331,ORD001318,100.91,8,BUY
1331,ORD001331,ORD001279,101.71,25,BUY
1332,ORD001332,ORD001310,99.42,42,SELL
1332,ORD001332,ORD001314,99.35,14,SELL
1336,ORD001336,ORD001314,99.35,13,SELL
1337,ORD001337,ORD001314,99.35,48,SELL
1337,ORD001337,ORD001315,99.34,2,SELL
1337,ORD001337,ORD001323,98.92,23,SELL
1337,ORD001337,ORD001321,98.69,14,SELL
1341,ORD001341,ORD001335,100.58,80,BUY
1346,ORD001346,ORD001345,100.31,36,SELL
1346,ORD001346,ORD001339,100.08,2,SELL
1346,ORD001346,ORD001344,99.74,33,SELL
1346,ORD001346,ORD001338,99.69,24,SELL
1346,ORD001346,ORD001342,99.60,5,SELL
1347,ORD001347,ORD001335,100.58,4,BUY
1347,ORD001347,ORD001334,101.21,6,BUY
1347,ORD001347,ORD001279,101.71,30,BUY
1347,ORD001347,ORD001305,101.73,3,BUY
1350,ORD001350,ORD001342,99.60,83,SELL
1352,ORD001352,ORD001342,99.60,3,SELL
1353,ORD001353,ORD001352,99.55,35,BUY
1355,ORD001355,ORD001340,98.88,52,SELL
1357,ORD001357,ORD001340,98.88,41,SELL
1357,ORD001357,ORD001321,98.69,3,SELL
1357,ORD001357,ORD001349,98.45,25,SELL
1358,ORD001358,ORD001349,98.45,38,SELL
1358,ORD001358,ORD001343,98.32,1,SELL
1359,ORD001359,ORD001352,99.55,26,BUY
1359,ORD001359,ORD001351,99.76,10,BUY
1359,ORD001359,ORD001348,100.16,8,BUY
1366,ORD001366,ORD001361,99.65,39,SELL
1366,ORD001366,ORD001365,99.61,5,SELL
1367,ORD001367,ORD001363,99.85,25,BUY
1367,ORD001367,ORD001348,100.16,3,BUY
1370,ORD001370,ORD001348,100.16,46,BUY
1370,ORD001370,ORD001360,100.22,26,BUY
1370,ORD001370,ORD001354,100.94,8,BUY
1373,ORD001373,ORD001354,100.94,22,BUY
1375,ORD001375,ORD001354,100.94,26,BUY
1376,ORD001376,ORD001365,99.61,59,SELL
1376,ORD001376,ORD001362,98.90,11,SELL
1376,ORD001376,ORD001343,98.32,18,SELL
1377,ORD001377,ORD001354,100.94,10,BUY
1377,ORD001377,ORD001368,101.68,18,BUY
1378,ORD001378,ORD001368,101.68,16,BUY
1379,ORD001379,ORD001343,98.32,48,SELL
1380,ORD001380,ORD001343,98.32,18,SELL
1380,ORD001380,ORD001374,98.27,57,SELL
1383,ORD001383,ORD001382,99.54,12,BUY
1384,ORD001384,ORD001374,98.27,7,SELL
1384,ORD001384,ORD001369,98.09,19,SELL
1384,ORD001384,ORD001356,98.01,73,SELL
1385,ORD001385,ORD001382,99.54,51,BUY
1385,ORD001385,ORD001368,101.68,31,BUY
1386,ORD001386,ORD001356,98.01,16,SELL
1388,ORD001388,ORD001387,99.79,1,SELL
1389,ORD001389,ORD001368,101.68,4,BUY
1389,ORD001389,ORD001305,101.73,64,BUY
1391,ORD001391,ORD001305,101.73,23,BUY
1391,ORD001391,ORD001295,101.79,2,BUY
1394,ORD001394,ORD001295,101.79,10,BUY
1394,ORD001394,ORD001325,101.92,33,BUY
1395,ORD001395,ORD001392,100.42,61,SELL
1395,ORD001395,ORD001387,99.79,34,SELL
1396,ORD001396,ORD001325,101.92,4,BUY
1397,ORD001397,ORD001325,101.92,31,BUY
1398,ORD001398,ORD001387,99.79,44,SELL
1398,ORD001398,ORD001393,98.11,52,SELL
1399,ORD001399,ORD001393,98.11,15,SELL
1400,ORD001400,ORD001325,101.92,9,BUY
1400,ORD001400,ORD001304,101.94,18,BUY
1400,ORD001400,ORD001390,101.97,26,BUY
1402,ORD001402,ORD001393,98.11,16,SELL
1406,ORD001406,ORD001401,99.68,60,BUY
1410,ORD001410,ORD001408,99.38,30,SELL
1410,ORD001410,ORD001407,98.55,25,SELL
1411,ORD001411,ORD001401,99.68,15,BUY
1411,ORD001411,ORD001404,100.01,17,BUY
1411,ORD001411,ORD001409,100.04,24,BUY
1412,ORD001412,ORD001409,100.04,37,BUY
1415,ORD001415,ORD001390,101.97,31,BUY
1417,ORD001417,ORD001412,100.25,12,SELL
1422,ORD001422,ORD001421,101.26,1,BUY
1422,ORD001422,ORD001419,101.37,4,BUY
1422,ORD001422,ORD001420,101.69,52,BUY
1422,ORD001422,ORD001390,101.97,8,BUY
1427,ORD001427,ORD001425,100.28,47,SELL
1427,ORD001427,ORD001412,100.25,5,SELL
1427,ORD001427,ORD001413,99.83,31,SELL
1432,ORD001432,ORD001428,99.93,18,SELL
1432,ORD001432,ORD001430,99.90,42,SELL
1432,ORD001432,ORD001413,99.83,5,SELL
1433,ORD001433,ORD001431,100.56,7,BUY
1434,ORD001434,ORD001413,99.83,29,SELL
1434,ORD001434,ORD001429,99.62,19,SELL
1437,ORD001437,ORD001429,99.62,19,SELL
1439,ORD001439,ORD001436,100.22,10,BUY
1442,ORD001442,ORD001429,99.62,44,SELL
1443,ORD001443,ORD001429,99.62,13,SELL
1443,ORD001443,ORD001438,99.57,38,SELL
1443,ORD001443,ORD001416,99.02,28,SELL
1443,ORD001443,ORD001407,98.55,7,SELL
1444,ORD001444,ORD001407,98.55,6,SELL
1444,ORD001444,ORD001424,98.20,43,SELL
1449,ORD001449,ORD001446,101.42,7,BUY
1451,ORD001451,ORD001448,98.71,23,SELL
1455,ORD001455,ORD001452,100.45,19,SELL
1457,ORD001457,ORD001455,100.24,18,BUY
1458,ORD001458,ORD001455,100.24,1,BUY
1458,ORD001458,ORD001454,101.87,41,BUY
1464,ORD001464,ORD001456,99.82,48,SELL
1466,ORD001466,ORD001456,99.82,9,SELL
1469,ORD001469,ORD001466,99.72,61,BUY
1470,ORD001470,ORD001462,98.99,63,SELL
1470,ORD001470,ORD001463,98.90,13,SELL
1471,ORD001471,ORD001466,99.72,24,BUY
1471,ORD001471,ORD001467,100.22,58,BUY
1472,ORD001472,ORD001463,98.90,6,SELL
1472,ORD001472,ORD001460,98.56,54,SELL
1473,ORD001473,ORD001467,100.22,36,BUY
1473,ORD001473,ORD001468,100.54,13,BUY
1474,ORD001474,ORD001460,98.56,39,SELL
1475,ORD001475,ORD001460,98.56,6,SELL
1475,ORD001475,ORD001453,98.30,4,SELL
1477,ORD001477,ORD001476,98.39,39,SELL
1479,ORD001479,ORD001468,100.54,36,BUY
1483,ORD001483,ORD001468,100.54,27,BUY
1483,ORD001483,ORD001481,100.69,33,BUY
1484,ORD001484,ORD001481,100.69,7,BUY
1489,ORD001489,ORD001487,100.18,67,SELL
1490,ORD001490,ORD001487,100.18,21,SELL
1492,ORD001492,ORD001481,100.69,10,BUY
1495,ORD001495,ORD001494,100.22,39,SELL
1498,ORD001498,ORD001481,100.69,39,BUY
1498,ORD001498,ORD001482,100.94,34,BUY
1498,ORD001498,ORD001488,101.22,13,BUY
1498,ORD001498,ORD001485,101.89,7,BUY
1508,ORD001508,ORD001506,100.37,21,BUY
1510,ORD001510,ORD001508,100.41,1,SELL
1510,ORD001510,ORD001503,100.30,27,SELL
1510,ORD001510,ORD001494,100.22,38,SELL
1510,ORD001510,ORD001491,100.08,10,SELL
1512,ORD001512,ORD001491,100.08,30,SELL
1513,ORD001513,ORD001491,100.08,15,SELL
1515,ORD001515,ORD001514,101.26,15,BUY
1517,ORD001517,ORD001491,100.08,17,SELL
1517,ORD001517,ORD001486,99.92,24,SELL
1517,ORD001517,ORD001493,99.20,14,SELL
1520,ORD001520,ORD001516,100.28,51,BUY
1522,ORD001522,ORD001516,100.28,6,BUY
1522,ORD001522,ORD001514,101.26,57,BUY
1523,ORD001523,ORD001521,100.23,22,SELL
1523,ORD001523,ORD001518,100.01,33,SELL
1525,ORD001525,ORD001518,100.01,54,SELL
1525,ORD001525,ORD001519,99.23,14,SELL
1525,ORD001525,ORD001493,99.20,18,SELL
1527,ORD001527,ORD001526,100.78,19,BUY
1527,ORD001527,ORD001524,101.41,44,BUY
1528,ORD001528,ORD001524,101.41,32,BUY
1532,ORD001532,ORD001531,99.65,67,SELL
1532,ORD001532,ORD001493,99.20,8,SELL
1532,ORD001532,ORD001480,98.90,10,SELL
1537,ORD001537,ORD001534,100.20,16,SELL
1538,ORD001538,ORD001480,98.90,15,SELL
1545,ORD001545,ORD001537,99.91,40,BUY
1549,ORD001549,ORD001543,99.56,49,SELL
1549,ORD001549,ORD001540,98.98,41,SELL
1553,ORD001553,ORD001540,98.98,23,SELL
1553,ORD001553,ORD001550,98.94,33,SELL
1559,ORD001559,ORD001556,99.45,52,SELL
1564,ORD001564,ORD001556,99.45,24,SELL
1564,ORD001564,ORD001554,99.34,7,SELL
1566,ORD001566,ORD001554,99.34,30,SELL
1566,ORD001566,ORD001557,99.33,7,SELL
1568,ORD001568,ORD001567,100.09,31,BUY
1568,ORD001568,ORD001530,100.32,9,BUY
1569,ORD001569,ORD001557,99.33,5,SELL
1570,ORD001570,ORD001557,99.33,34,SELL
1574,ORD001574,ORD001572,99.64,11,BUY
1574,ORD001574,ORD001571,99.94,6,BUY
1574,ORD001574,ORD001530,100.32,30,BUY
1574,ORD001574,ORD001541,100.38,37,BUY
1574,ORD001574,ORD001555,100.51,9,BUY
1575,ORD001575,ORD001555,100.51,20,BUY
1575,ORD001575,ORD001544,100.53,8,BUY
1575,ORD001575,ORD001565,100.53,9,BUY
1575,ORD001575,ORD001535,100.61,5,BUY
1575,ORD001575,ORD001562,100.83,53,BUY
1577,ORD001577,ORD001576,100.07,12,SELL
1580,ORD001580,ORD001576,100.07,33,SELL
1581,ORD001581,ORD001562,100.83,26,BUY
1581,ORD001581,ORD001560,100.87,3,BUY
1581,ORD001581,ORD001539,101.21,19,BUY
1582,ORD001582,ORD001539,101.21,55,BUY
1584,ORD001584,ORD001583,100.20,19,SELL
1584,ORD001584,ORD001576,100.07,55,SELL
1586,ORD001586,ORD001584,99.55,4,BUY
1586,ORD001586,ORD001563,101.32,8,BUY
1586,ORD001586,ORD001552,101.41,38,BUY
1588,ORD001588,ORD001557,99.33,9,SELL
1588,ORD001588,ORD001550,98.94,17,SELL
1588,ORD001588,ORD001480,98.90,25,SELL
1589,ORD001589,ORD001480,98.90,12,SELL
1589,ORD001589,ORD001578,98.78,75,SELL
1589,ORD001589,ORD001497,98.77,10,SELL
1592,ORD001592,ORD001497,98.77,17,SELL
1592,ORD001592,ORD001558,98.75,36,SELL
1595,ORD001595,ORD001558,98.75,3,SELL
1595,ORD001595,ORD001579,98.55,1,SELL
1598,ORD001598,ORD001596,99.98,18,SELL
1600,ORD001600,ORD001598,99.78,14,BUY
1600,ORD001600,ORD001591,100.19,11,BUY
1600,ORD001600,ORD001594,100.38,63,BUY
1605,ORD001605,ORD001601,100.00,54,BUY
1605,ORD001605,ORD001594,100.38,1,BUY
1606,ORD001606,ORD001594,100.38,14,BUY
1606,ORD001606,ORD001587,101.21,34,BUY
1607,ORD001607,ORD001587,101.21,35,BUY
1607,ORD001607,ORD001552,101.41,6,BUY
1607,ORD001607,ORD001533,101.52,27,BUY
1610,ORD001610,ORD001609,100.03,35,SELL
1610,ORD001610,ORD001599,99.71,21,SELL
1612,ORD001612,ORD001608,100.74,19,BUY
1615,ORD001615,ORD001614,100.42,18,BUY
1617,ORD001617,ORD001599,99.71,20,SELL
1617,ORD001617,ORD001603,99.62,52,SELL
1619,ORD001619,ORD001614,100.42,65,BUY
1623,ORD001623,ORD001603,99.62,15,SELL
1624,ORD001624,ORD001622,99.83,36,BUY
1625,ORD001625,ORD001603,99.62,14,SELL
1625,ORD001625,ORD001611,98.71,20,SELL
1628,ORD001628,ORD001611,98.71,20,SELL
1629,ORD001629,ORD001622,99.83,5,BUY
1629,ORD001629,ORD001627,99.88,29,BUY
1630,ORD001630,ORD001611,98.71,47,SELL
1630,ORD001630,ORD001621,98.65,17,SELL
1632,ORD001632,ORD001621,98.65,15,SELL
1633,ORD001633,ORD001627,99.88,12,BUY
1634,ORD001634,ORD001621,98.65,22,SELL
1640,ORD001640,ORD001637,99.69,35,SELL
1641,ORD001641,ORD001627,99.88,6,BUY
1642,ORD001642,ORD001637,99.69,8,SELL
1642,ORD001642,ORD001636,99.43,54,SELL
1642,ORD001642,ORD001621,98.65,11,SELL
1642,ORD001642,ORD001579,98.55,13,SELL
1642,ORD001642,ORD001561,98.53,8,SELL
1643,ORD001643,ORD001627,99.88,7,BUY
1644,ORD001644,ORD001561,98.53,8,SELL
1645,ORD001645,ORD001561,98.53,33,SELL
1646,ORD001646,ORD001561,98.53,27,SELL
1647,ORD001647,ORD001561,98.53,20,SELL
1647,ORD001647,ORD001604,98.50,77,SELL
1648,ORD001648,ORD001627,99.88,31,BUY
1648,ORD001648,ORD001614,100.42,5,BUY
1648,ORD001648,ORD001626,100.59,22,BUY
1648,ORD001648,ORD001618,100.68,5,BUY
1651,ORD001651,ORD001604,98.50,13,SELL
1651,ORD001651,ORD001590,98.40,42,SELL
1652,ORD001652,ORD001618,100.68,41,BUY
1652,ORD001652,ORD001650,100.72,14,BUY
1655,ORD001655,ORD001654,99.32,11,SELL
1656,ORD001656,ORD001654,99.32,17,SELL
1659,ORD001659,ORD001650,100.72,36,BUY
1659,ORD001659,ORD001608,100.74,10,BUY
1659,ORD001659,ORD001657,100.81,38,BUY
1659,ORD001659,ORD001649,101.01,9,BUY
1660,ORD001660,ORD001654,99.32,55,SELL
1660,ORD001660,ORD001658,99.28,20,SELL
1661,ORD001661,ORD001649,101.01,37,BUY
1661,ORD001661,ORD001635,101.16,28,BUY
1661,ORD001661,ORD001620,101.18,17,BUY
1661,ORD001661,ORD001653,101.19,3,BUY
1663,ORD001663,ORD001658,99.28,46,SELL
1663,ORD001663,ORD001590,98.40,15,SELL
1663,ORD001663,ORD001639,98.38,11,SELL
1663,ORD001663,ORD001542,98.32,21,SELL
1666,ORD001666,ORD001664,100.16,15,BUY
1673,ORD001673,ORD001670,99.72,18,BUY
1673,ORD001673,ORD001664,100.16,9,BUY
1673,ORD001673,ORD001653,101.19,54,BUY
1674,ORD001674,ORD001653,101.19,26,BUY
1674,ORD001674,ORD001616,101.28,73,BUY
1675,ORD001675,ORD001665,99.51,15,SELL
1678,ORD001678,ORD001665,99.51,2,SELL
1680,ORD001680,ORD001665,99.51,52,SELL
1681,ORD001681,ORD001665,99.51,8,SELL
1684,ORD001684,ORD001665,99.51,10,SELL
1684,ORD001684,ORD001676,99.11,46,SELL
1686,ORD001686,ORD001676,99.11,17,SELL
1686,ORD001686,ORD001672,98.52,13,SELL
1688,ORD001688,ORD001683,99.79,50,BUY
1691,ORD001691,ORD001690,99.72,62,BUY
1691,ORD001691,ORD001683,99.79,1,BUY
1694,ORD001694,ORD001683,99.79,29,BUY
1694,ORD001694,ORD001677,100.00,36,BUY
1699,ORD001699,ORD001677,100.00,37,BUY
1704,ORD001704,ORD001699,100.32,18,SELL
1705,ORD001705,ORD001692,100.73,31,BUY
1705,ORD001705,ORD001703,100.75,13,BUY
1705,ORD001705,ORD001682,100.88,10,BUY
1706,ORD001706,ORD001682,100.88,25,BUY
1706,ORD001706,ORD001616,101.28,18,BUY
1706,ORD001706,ORD001697,101.42,18,BUY
1707,ORD001707,ORD001697,101.42,48,BUY
1708,ORD001708,ORD001699,100.32,2,SELL
1708,ORD001708,ORD001702,100.28,21,SELL
1708,ORD001708,ORD001700,99.95,63,SELL
1709,ORD001709,ORD001700,99.95,16,SELL
1713,ORD001713,ORD001709,99.84,39,BUY
1713,ORD001713,ORD001711,100.61,13,BUY
1714,ORD001714,ORD001711,100.61,51,BUY
1716,ORD001716,ORD001693,98.90,34,SELL
1716,ORD001716,ORD001672,98.52,54,SELL
1727,ORD001727,ORD001726,100.10,34,SELL
1727,ORD001727,ORD001722,99.35,28,SELL
1727,ORD001727,ORD001719,99.12,27,SELL
1727,ORD001727,ORD001725,98.76,8,SELL
1728,ORD001728,ORD001717,100.28,45,BUY
1728,ORD001728,ORD001711,100.61,29,BUY
1729,ORD001729,ORD001725,98.76,31,SELL
1730,ORD001730,ORD001711,100.61,6,BUY
1730,ORD001730,ORD001723,101.39,21,BUY
1730,ORD001730,ORD001697,101.42,10,BUY
1734,ORD001734,ORD001733,99.70,8,BUY
1734,ORD001734,ORD001697,101.42,23,BUY
1734,ORD001734,ORD001689,101.50,21,BUY
1734,ORD001734,ORD001533,101.52,6,BUY
1738,ORD001738,ORD001737,100.54,21,BUY
1738,ORD001738,ORD001735,100.80,38,BUY
1744,ORD001744,ORD001731,99.30,32,SELL
1744,ORD001744,ORD001739,99.14,5,SELL
1744,ORD001744,ORD001732,98.90,3,SELL
1745,ORD001745,ORD001741,99.60,20,BUY
1745,ORD001745,ORD001740,99.80,53,BUY
1745,ORD001745,ORD001742,100.26,22,BUY
1749,ORD001749,ORD001748,99.26,59,SELL
1749,ORD001749,ORD001732,98.90,10,SELL
1749,ORD001749,ORD001725,98.76,16,SELL
1749,ORD001749,ORD001672,98.52,9,SELL
1750,ORD001750,ORD001672,98.52,8,SELL
1750,ORD001750,ORD001542,98.32,26,SELL
1750,ORD001750,ORD001696,98.30,17,SELL
1753,ORD001753,ORD001751,100.23,72,SELL
1755,ORD001755,ORD001742,100.26,41,BUY
1755,ORD001755,ORD001735,100.80,13,BUY
1755,ORD001755,ORD001533,101.52,15,BUY
1756,ORD001756,ORD001533,101.52,22,BUY
1756,ORD001756,ORD001679,101.62,5,BUY
1757,ORD001757,ORD001751,100.23,23,SELL
1757,ORD001757,ORD001752,99.77,46,SELL
1759,ORD001759,ORD001758,100.73,3,BUY
1759,ORD001759,ORD001679,101.62,65,BUY
1760,ORD001760,ORD001752,99.77,13,SELL
1761,ORD001761,ORD001752,99.77,15,SELL
1761,ORD001761,ORD001754,99.30,18,SELL
1762,ORD001762,ORD001679,101.62,25,BUY
1762,ORD001762,ORD001687,101.63,28,BUY
1764,ORD001764,ORD001754,99.30,41,SELL
1765,ORD001765,ORD001754,99.30,16,SELL
1768,ORD001768,ORD001766,99.47,4,SELL
1770,ORD001770,ORD001767,100.17,41,BUY
1770,ORD001770,ORD001687,101.63,31,BUY
1771,ORD001771,ORD001687,101.63,33,BUY
1771,ORD001771,ORD001698,101.63,20,BUY
1775,ORD001775,ORD001698,101.63,46,BUY
1775,ORD001775,ORD001593,101.69,13,BUY
1775,ORD001775,ORD001720,101.72,3,BUY
1778,ORD001778,ORD001776,100.45,45,BUY
1778,ORD001778,ORD001720,101.72,6,BUY
1781,ORD001781,ORD001779,100.50,56,SELL
1781,ORD001781,ORD001774,100.40,29,SELL
1782,ORD001782,ORD001774,100.40,51,SELL
1782,ORD001782,ORD001766,99.47,26,SELL
1788,ORD001788,ORD001786,99.62,10,SELL
1788,ORD001788,ORD001766,99.47,34,SELL
1788,ORD001788,ORD001754,99.30,22,SELL
1788,ORD001788,ORD001777,99.28,6,SELL
1788,ORD001788,ORD001773,99.06,27,SELL
1789,ORD001789,ORD001787,100.38,48,BUY
1790,ORD001790,ORD001773,99.06,45,SELL
1790,ORD001790,ORD001763,98.81,4,SELL
1790,ORD001790,ORD001772,98.36,47,SELL
1792,ORD001792,ORD001772,98.36,23,SELL
1792,ORD001792,ORD001696,98.30,12,SELL
1792,ORD001792,ORD001546,98.29,22,SELL
1792,ORD001792,ORD001509,98.25,22,SELL
1793,ORD001793,ORD001787,100.38,1,BUY
1793,ORD001793,ORD001785,101.24,63,BUY
1794,ORD001794,ORD001720,101.72,75,BUY
1794,ORD001794,ORD001573,101.75,16,BUY
1795,ORD001795,ORD001573,101.75,37,BUY
1795,ORD001795,ORD001747,101.75,45,BUY
1797,ORD001797,ORD001796,100.74,17,BUY
1798,ORD001798,ORD001796,100.74,54,BUY
1798,ORD001798,ORD001747,101.75,4,BUY
1798,ORD001798,ORD001602,101.86,15,BUY
1799,ORD001799,ORD001509,98.25,6,SELL
1799,ORD001799,ORD001551,98.25,81,SELL
1803,ORD001803,ORD001802,98.81,53,SELL
1803,ORD001803,ORD001551,98.25,6,SELL
1803,ORD001803,ORD001721,98.21,8,SELL
1804,ORD001804,ORD001801,101.71,1,BUY
1804,ORD001804,ORD001602,101.86,53,BUY
1805,ORD001805,ORD001721,98.21,25,SELL
1808,ORD001808,ORD001602,101.86,6,BUY
1808,ORD001808,ORD001780,101.86,50,BUY
1813,ORD001813,ORD001811,99.55,89,SELL
1814,ORD001814,ORD001812,99.71,8,BUY
1814,ORD001814,ORD001809,100.12,49,BUY
1815,ORD001815,ORD001811,99.55,9,SELL
1815,ORD001815,ORD001806,98.56,78,SELL
1816,ORD001816,ORD001809,100.12,12,BUY
1816,ORD001816,ORD001810,101.55,37,BUY
1817,ORD001817,ORD001806,98.56,11,SELL
1817,ORD001817,ORD001807,98.49,43,SELL
1817,ORD001817,ORD001721,98.21,23,SELL
1818,ORD001818,ORD001810,101.55,30,BUY
1818,ORD001818,ORD001780,101.86,30,BUY
1819,ORD001819,ORD001780,101.86,2,BUY
1819,ORD001819,ORD001710,101.88,67,BUY
1819,ORD001819,ORD001668,101.91,18,BUY
1822,ORD001822,ORD001821,100.10,62,SELL
1823,ORD001823,ORD001821,100.10,12,SELL
1823,ORD001823,ORD001721,98.21,6,SELL
1824,ORD001824,ORD001820,100.97,14,BUY
1824,ORD001824,ORD001668,101.91,60,BUY
1824,ORD001824,ORD001669,101.93,1,BUY
1825,ORD001825,ORD001721,98.21,7,SELL
1825,ORD001825,ORD001507,98.17,63,SELL
1826,ORD001826,ORD001669,101.93,46,BUY
1826,ORD001826,ORD001736,101.99,32,BUY
1828,ORD001828,ORD001827,100.79,72,BUY
1829,ORD001829,ORD001507,98.17,12,SELL
1829,ORD001829,ORD001746,98.17,6,SELL
1829,ORD001829,ORD001715,98.14,8,SELL
1833,ORD001833,ORD001831,100.33,1,BUY
1834,ORD001834,ORD001831,100.33,28,BUY
1836,ORD001836,ORD001831,100.33,10,BUY
1837,ORD001837,ORD001831,100.33,36,BUY
1837,ORD001837,ORD001835,100.44,21,BUY
1838,ORD001838,ORD001830,98.85,4,SELL
1839,ORD001839,ORD001830,98.85,34,SELL
1843,ORD001843,ORD001840,100.11,26,BUY
1843,ORD001843,ORD001835,100.44,1,BUY
1844,ORD001844,ORD001835,100.44,30,BUY
1844,ORD001844,ORD001832,100.55,18,BUY
1850,ORD001850,ORD001830,98.85,11,SELL
1851,ORD001851,ORD001845,99.66,19,BUY
1851,ORD001851,ORD001832,100.55,3,BUY
1851,ORD001851,ORD001827,100.79,13,BUY
1851,ORD001851,ORD001847,101.94,15,BUY
1852,ORD001852,ORD001830,98.85,37,SELL
1852,ORD001852,ORD001848,98.74,20,SELL
1852,ORD001852,ORD001849,98.70,3,SELL
1858,ORD001858,ORD001856,100.49,11,BUY
1859,ORD001859,ORD001849,98.70,6,SELL
1860,ORD001860,ORD001849,98.70,8,SELL
1860,ORD001860,ORD001846,98.48,49,SELL
1860,ORD001860,ORD001842,98.34,3,SELL
1863,ORD001863,ORD001861,100.29,11,BUY
1864,ORD001864,ORD001861,100.29,13,BUY
1865,ORD001865,ORD001842,98.34,26,SELL
1866,ORD001866,ORD001842,98.34,55,SELL
1866,ORD001866,ORD001715,98.14,41,SELL
1867,ORD001867,ORD001715,98.14,32,SELL
1867,ORD001867,ORD001662,98.11,46,SELL
1868,ORD001868,ORD001662,98.11,8,SELL
1868,ORD001868,ORD001701,98.10,14,SELL
1868,ORD001868,ORD001769,98.05,17,SELL
1870,ORD001870,ORD001861,100.29,25,BUY
1870,ORD001870,ORD001856,100.49,29,BUY
1870,ORD001870,ORD001869,100.51,12,BUY
1872,ORD001872,ORD001871,98.57,76,SELL
1874,ORD001874,ORD001869,100.51,40,BUY
1874,ORD001874,ORD001873,100.65,11,BUY
1874,ORD001874,ORD001853,100.71,39,BUY
1875,ORD001875,ORD001871,98.57,17,SELL
1875,ORD001875,ORD001769,98.05,54,SELL
1875,ORD001875,ORD001783,98.01,1,SELL
1877,ORD001877,ORD001853,100.71,25,BUY
1877,ORD001877,ORD001854,101.48,70,BUY
1879,ORD001879,ORD001783,98.01,55,SELL
1884,ORD001884,ORD001881,98.08,14,SELL
1886,ORD001886,ORD001883,100.01,51,BUY
1886,ORD001886,ORD001885,100.26,22,BUY
1886,ORD001886,ORD001880,101.23,16,BUY
1887,ORD001887,ORD001880,101.23,9,BUY
1888,ORD001888,ORD001881,98.08,4,SELL
1888,ORD001888,ORD001783,98.01,5,SELL
1889,ORD001889,ORD001880,101.23,14,BUY
1889,ORD001889,ORD001854,101.48,14,BUY
1889,ORD001889,ORD001882,101.50,20,BUY
1890,ORD001890,ORD001882,101.50,53,BUY
1891,ORD001891,ORD001882,101.50,5,BUY
1891,ORD001891,ORD001857,101.84,48,BUY
1891,ORD001891,ORD001847,101.94,1,BUY
1892,ORD001892,ORD001847,101.94,16,BUY
1892,ORD001892,ORD001736,101.99,11,BUY
1893,ORD001893,ORD001736,101.99,46,BUY
1895,ORD001895,ORD001894,100.35,1,SELL
1896,ORD001896,ORD001894,100.35,52,SELL
1899,ORD001899,ORD001894,100.35,23,SELL
1906,ORD001906,ORD001897,100.28,6,SELL
1909,ORD001909,ORD001908,100.49,2,BUY
1909,ORD001909,ORD001904,100.88,48,BUY
1910,ORD001910,ORD001897,100.28,57,SELL
1910,ORD001910,ORD001905,99.95,14,SELL
1911,ORD001911,ORD001905,99.95,36,SELL
1913,ORD001913,ORD001905,99.95,3,SELL
1913,ORD001913,ORD001900,99.83,59,SELL
1913,ORD001913,ORD001903,99.81,24,SELL
1914,ORD001914,ORD001903,99.81,4,SELL
1914,ORD001914,ORD001907,99.69,42,SELL
1922,ORD001922,ORD001907,99.69,18,SELL
1922,ORD001922,ORD001912,99.52,23,SELL
1922,ORD001922,ORD001915,99.33,40,SELL
1928,ORD001928,ORD001925,99.53,28,BUY
1932,ORD001932,ORD001929,100.45,82,SELL
1933,ORD001933,ORD001931,101.17,9,BUY
1938,ORD001938,ORD001929,100.45,8,SELL
1938,ORD001938,ORD001928,99.98,33,SELL
1943,ORD001943,ORD001939,100.44,81,SELL
1948,ORD001948,ORD001939,100.44,2,SELL
1948,ORD001948,ORD001928,99.98,12,SELL
1948,ORD001948,ORD001942,99.74,29,SELL
1948,ORD001948,ORD001937,99.50,50,SELL
1949,ORD001949,ORD001937,99.50,7,SELL
1949,ORD001949,ORD001915,99.33,17,SELL
1949,ORD001949,ORD001927,99.03,8,SELL
1951,ORD001951,ORD001927,99.03,22,SELL
1953,ORD001953,ORD001927,99.03,49,SELL
1954,ORD001954,ORD001950,100.00,62,BUY
1955,ORD001955,ORD001952,101.34,60,BUY
1956,ORD001956,ORD001954,100.30,15,SELL
1956,ORD001956,ORD001927,99.03,20,SELL
1956,ORD001956,ORD001923,98.99,43,SELL
1957,ORD001957,ORD001923,98.99,12,SELL
1957,ORD001957,ORD001898,98.72,49,SELL
1958,ORD001958,ORD001952,101.34,38,BUY
1959,ORD001959,ORD001898,98.72,10,SELL
1959,ORD001959,ORD001926,98.70,44,SELL
1960,ORD001960,ORD001926,98.70,36,SELL
1960,ORD001960,ORD001902,98.39,4,SELL
1967,ORD001967,ORD001965,100.11,5,BUY
1967,ORD001967,ORD001964,100.42,8,BUY
1967,ORD001967,ORD001966,101.19,46,BUY
1968,ORD001968,ORD001966,101.19,44,BUY
1968,ORD001968,ORD001963,101.43,34,BUY
1969,ORD001969,ORD001963,101.43,63,BUY
1970,ORD001970,ORD001902,98.39,76,SELL
1972,ORD001972,ORD001971,98.47,39,SELL
1974,ORD001974,ORD001973,101.33,74,BUY
1977,ORD001977,ORD001976,99.52,22,BUY
1977,ORD001977,ORD001975,100.17,27,BUY
1977,ORD001977,ORD001973,101.33,23,BUY
1980,ORD001980,ORD001978,101.33,22,BUY
1982,ORD001982,ORD001981,100.02,25,SELL
1982,ORD001982,ORD001979,98.50,24,SELL
1982,ORD001982,ORD001971,98.47,16,SELL
1982,ORD001982,ORD001902,98.39,1,SELL
1982,ORD001982,ORD001901,98.24,14,SELL
1984,ORD001984,ORD001901,98.24,4,SELL
1985,ORD001985,ORD001901,98.24,72,SELL
1985,ORD001985,ORD001920,98.16,13,SELL
1985,ORD001985,ORD001935,98.15,13,SELL
1989,ORD001989,ORD001935,98.15,35,SELL
1989,ORD001989,ORD001921,98.11,9,SELL
1990,ORD001990,ORD001921,98.11,44,SELL
1997,ORD001997,ORD001991,99.66,47,SELL
1999,ORD001999,ORD001998,100.08,61,BUY
2001,ORD002001,ORD001998,100.08,2,BUY
2001,ORD002001,ORD001996,101.15,1,BUY
2001,ORD002001,ORD001995,101.38,9,BUY
2002,ORD002002,ORD001991,99.66,2,SELL
2002,ORD002002,ORD002000,98.73,25,SELL
2002,ORD002002,ORD001921,98.11,13,SELL
2004,ORD002004,ORD002003,100.10,28,BUY
2004,ORD002004,ORD001995,101.38,23,BUY
2004,ORD002004,ORD001992,101.52,1,BUY
2004,ORD002004,ORD001993,101.72,18,BUY
2004,ORD002004,ORD001988,101.97,22,BUY
2011,ORD002011,ORD002010,101.46,38,BUY
2012,ORD002012,ORD002010,101.46,18,BUY
2012,ORD002012,ORD001988,101.97,58,BUY
2014,ORD002014,ORD001988,101.97,18,BUY
2015,ORD002015,ORD002007,100.31,47,SELL
2019,ORD002019,ORD002007,100.31,35,SELL
2019,ORD002019,ORD002016,99.50,29,SELL
2019,ORD002019,ORD002017,99.15,19,SELL
2019,ORD002019,ORD002009,98.94,3,SELL
2022,ORD002022,ORD002009,98.94,43,SELL
2023,ORD002023,ORD002021,100.04,29,BUY
2026,ORD002026,ORD002024,99.94,63,SELL
2026,ORD002026,ORD002009,98.94,24,SELL
2029,ORD002029,ORD002028,99.99,71,BUY
2029,ORD002029,ORD002021,100.04,4,BUY
2031,ORD002031,ORD002021,100.04,5,BUY
2031,ORD002031,ORD002027,100.48,57,BUY
2032,ORD002032,ORD002027,100.48,11,BUY
2032,ORD002032,ORD002018,100.75,59,BUY
2032,ORD002032,ORD002025,101.15,21,BUY
2038,ORD002038,ORD002037,101.07,52,BUY
2041,ORD002041,ORD002040,100.16,16,SELL
2044,ORD002044,ORD002040,100.16,68,SELL
2044,ORD002044,ORD002030,99.77,28,SELL
2046,ORD002046,ORD002030,99.77,9,SELL
2049,ORD002049,ORD002030,99.77,22,SELL
2049,ORD002049,ORD002009,98.94,22,SELL
2049,ORD002049,ORD002039,98.94,31,SELL
2052,ORD002052,ORD002051,99.74,1,SELL
2052,ORD002052,ORD002039,98.94,16,SELL
2061,ORD002061,ORD002055,99.93,28,BUY
2064,ORD002064,ORD002060,99.66,6,SELL
2064,ORD002064,ORD002039,98.94,27,SELL
2067,ORD002067,ORD002055,99.93,20,BUY
2068,ORD002068,ORD002066,99.41,78,SELL
2069,ORD002069,ORD002066,99.41,5,SELL
2069,ORD002069,ORD002039,98.94,10,SELL
2070,ORD002070,ORD002039,98.94,5,SELL
2070,ORD002070,ORD002008,98.83,29,SELL
2070,ORD002070,ORD002020,98.77,48,SELL
2072,ORD002072,ORD002071,99.87,29,BUY
2076,ORD002076,ORD002020,98.77,41,SELL
2076,ORD002076,ORD002062,98.69,54,SELL
2077,ORD002077,ORD002062,98.69,17,SELL
2082,ORD002082,ORD002055,99.93,12,BUY
2087,ORD002087,ORD002055,99.93,25,BUY
2087,ORD002087,ORD002058,100.61,54,BUY
2090,ORD002090,ORD002058,100.61,20,BUY
2090,ORD002090,ORD002085,100.73,2,BUY
2090,ORD002090,ORD002081,100.76,25,BUY
2092,ORD002092,ORD002091,100.56,49,BUY
2092,ORD002092,ORD002081,100.76,11,BUY
2092,ORD002092,ORD002075,101.02,7,BUY
2092,ORD002092,ORD002074,101.52,13,BUY
2092,ORD002092,ORD002083,101.61,7,BUY
2093,ORD002093,ORD002083,101.61,62,BUY
2094,ORD002094,ORD002083,101.61,13,BUY
2094,ORD002094,ORD002086,101.83,18,BUY
2094,ORD002094,ORD002059,101.97,46,BUY
2098,ORD002098,ORD002089,100.41,46,SELL
2101,ORD002101,ORD002089,100.41,41,SELL
2101,ORD002101,ORD002095,100.32,58,SELL
2105,ORD002105,ORD002095,100.32,25,SELL
2105,ORD002105,ORD002100,100.25,53,SELL
2105,ORD002105,ORD002096,100.23,13,SELL
2106,ORD002106,ORD002104,100.60,18,BUY
2107,ORD002107,ORD002096,100.23,26,SELL
2108,ORD002108,ORD002096,100.23,24,SELL
2108,ORD002108,ORD002088,99.76,39,SELL
2109,ORD002109,ORD002103,100.84,35,BUY
2112,ORD002112,ORD002110,101.81,44,BUY
2113,ORD002113,ORD002110,101.81,6,BUY
2118,ORD002118,ORD002116,100.12,17,BUY
2121,ORD002121,ORD002116,100.12,38,BUY
2121,ORD002121,ORD002119,101.82,30,BUY
2122,ORD002122,ORD002119,101.82,25,BUY
2125,ORD002125,ORD002124,100.12,7,BUY
2125,ORD002125,ORD002123,100.26,35,BUY
2126,ORD002126,ORD002088,99.76,57,SELL
2126,ORD002126,ORD002079,99.60,21,SELL
2128,ORD002128,ORD002079,99.60,27,SELL
2128,ORD002128,ORD002117,99.26,24,SELL
2128,ORD002128,ORD002080,99.05,35,SELL
2131,ORD002131,ORD002080,99.05,24,SELL
2131,ORD002131,ORD002097,98.82,12,SELL
2132,ORD002132,ORD002097,98.82,14,SELL
2135,ORD002135,ORD002134,100.31,10,SELL
2135,ORD002135,ORD002097,98.82,20,SELL
2135,ORD002135,ORD002062,98.69,23,SELL
2135,ORD002135,ORD002063,98.65,8,SELL
2138,ORD002138,ORD002063,98.65,76,SELL
2138,ORD002138,ORD002114,98.62,16,SELL
2139,ORD002139,ORD002114,98.62,4,SELL
2139,ORD002139,ORD002050,98.52,50,SELL
2140,ORD002140,ORD002137,101.40,36,BUY
2141,ORD002141,ORD002137,101.40,36,BUY
2144,ORD002144,ORD002142,98.99,35,SELL
2147,ORD002147,ORD002146,99.98,29,SELL
2148,ORD002148,ORD002146,99.98,6,SELL
2149,ORD002149,ORD002146,99.98,19,SELL
2153,ORD002153,ORD002146,99.98,5,SELL
2153,ORD002153,ORD002142,98.99,53,SELL
2153,ORD002153,ORD002050,98.52,33,SELL
2156,ORD002156,ORD002050,98.52,2,SELL
2156,ORD002156,ORD002151,98.52,1,SELL
2159,ORD002159,ORD002157,99.72,30,SELL
2160,ORD002160,ORD002157,99.72,54,SELL
2160,ORD002160,ORD002158,98.55,8,SELL
2161,ORD002161,ORD002150,100.18,7,BUY
2161,ORD002161,ORD002154,100.52,16,BUY
2165,ORD002165,ORD002162,99.95,37,BUY
2165,ORD002165,ORD002164,99.97,19,BUY
2165,ORD002165,ORD002154,100.52,27,BUY
2167,ORD002167,ORD002154,100.52,3,BUY
2169,ORD002169,ORD002154,100.52,33,BUY
2174,ORD002174,ORD002172,100.27,38,BUY
2175,ORD002175,ORD002168,99.61,6,SELL
2175,ORD002175,ORD002173,98.67,23,SELL
2178,ORD002178,ORD002177,100.06,15,BUY
2179,ORD002179,ORD002173,98.67,47,SELL
2179,ORD002179,ORD002158,98.55,27,SELL
2179,ORD002179,ORD002151,98.52,5,SELL
2181,ORD002181,ORD002177,100.06,43,BUY
2182,ORD002182,ORD002151,98.52,9,SELL
2182,ORD002182,ORD002084,98.41,8,SELL
2182,ORD002182,ORD002136,98.38,17,SELL
2182,ORD002182,ORD002078,98.36,52,SELL
2183,ORD002183,ORD002078,98.36,14,SELL
2185,ORD002185,ORD002177,100.06,30,BUY
2185,ORD002185,ORD002172,100.27,24,BUY
2186,ORD002186,ORD002185,100.45,46,SELL
2186,ORD002186,ORD002078,98.36,7,SELL
2186,ORD002186,ORD002166,98.34,5,SELL
2188,ORD002188,ORD002166,98.34,42,SELL
2191,ORD002191,ORD002187,99.78,55,BUY
2191,ORD002191,ORD002190,101.09,16,BUY
2194,ORD002194,ORD002190,101.09,1,BUY
2195,ORD002195,ORD002190,101.09,1,BUY
2195,ORD002195,ORD002193,101.44,60,BUY
2196,ORD002196,ORD002193,101.44,36,BUY
2196,ORD002196,ORD002192,101.55,9,BUY
2197,ORD002197,ORD002192,101.55,19,BUY
2198,ORD002198,ORD002189,98.88,29,SELL
2199,ORD002199,ORD002192,101.55,22,BUY
2199,ORD002199,ORD002180,101.80,6,BUY
2199,ORD002199,ORD002184,101.83,62,BUY
2202,ORD002202,ORD002200,101.24,19,BUY
2203,ORD002203,ORD002200,101.24,36,BUY
2203,ORD002203,ORD002184,101.83,18,BUY
2204,ORD002204,ORD002184,101.83,12,BUY
2205,ORD002205,ORD002189,98.88,35,SELL
2205,ORD002205,ORD002166,98.34,50,SELL
2205,ORD002205,ORD002013,98.32,8,SELL
2210,ORD002210,ORD002209,101.57,21,BUY
2212,ORD002212,ORD002211,100.44,17,SELL
2215,ORD002215,ORD002214,99.91,14,BUY
2216,ORD002216,ORD002213,99.17,37,SELL
2217,ORD002217,ORD002214,99.91,34,BUY
2217,ORD002217,ORD002212,100.05,7,BUY
2217,ORD002217,ORD002209,101.57,36,BUY
2224,ORD002224,ORD002223,101.31,17,BUY
2224,ORD002224,ORD002209,101.57,17,BUY
2229,ORD002229,ORD002220,99.98,6,SELL
2229,ORD002229,ORD002222,99.88,11,SELL
2231,ORD002231,ORD002222,99.88,40,SELL
2231,ORD002231,ORD002228,99.64,39,SELL
2234,ORD002234,ORD002232,100.49,13,SELL
2234,ORD002234,ORD002228,99.64,25,SELL
2236,ORD002236,ORD002228,99.64,35,SELL
2236,ORD002236,ORD002213,99.17,4,SELL
2236,ORD002236,ORD002233,98.77,12,SELL
2236,ORD002236,ORD002207,98.43,10,SELL
2238,ORD002238,ORD002207,98.43,11,SELL
2238,ORD002238,ORD002013,98.32,26,SELL
2239,ORD002239,ORD002237,99.85,16,BUY
2239,ORD002239,ORD002235,100.38,10,BUY
2239,ORD002239,ORD002230,101.85,6,BUY
2240,ORD002240,ORD002013,98.32,7,SELL
2240,ORD002240,ORD002111,98.32,45,SELL
2240,ORD002240,ORD002073,98.31,36,SELL
2241,ORD002241,ORD002073,98.31,32,SELL
2241,ORD002241,ORD002170,98.27,56,SELL
2244,ORD002244,ORD002243,99.40,20,SELL
2244,ORD002244,ORD002170,98.27,39,SELL
2244,ORD002244,ORD002035,98.24,14,SELL
2246,ORD002246,ORD002035,98.24,47,SELL
2246,ORD002246,ORD002227,98.23,36,SELL
2247,ORD002247,ORD002227,98.23,24,SELL
2250,ORD002250,ORD002248,100.00,5,BUY
2251,ORD002251,ORD002227,98.23,28,SELL
2255,ORD002255,ORD002248,100.00,9,BUY
2256,ORD002256,ORD002248,100.00,29,BUY
2256,ORD002256,ORD002249,100.72,63,BUY
2258,ORD002258,ORD002249,100.72,27,BUY
2258,ORD002258,ORD002257,101.17,28,BUY
2259,ORD002259,ORD002252,99.94,8,SELL
2259,ORD002259,ORD002254,99.71,35,SELL
2259,ORD002259,ORD002227,98.23,2,SELL
2260,ORD002260,ORD002227,98.23,2,SELL
2260,ORD002260,ORD002065,98.18,87,SELL
2261,ORD002261,ORD002065,98.18,7,SELL
2261,ORD002261,ORD002201,98.18,77,SELL
2261,ORD002261,ORD002219,98.08,5,SELL
2263,ORD002263,ORD002257,101.17,6,BUY
2263,ORD002263,ORD002253,101.95,28,BUY
2264,ORD002264,ORD002262,100.23,26,SELL
2264,ORD002264,ORD002219,98.08,30,SELL
2264,ORD002264,ORD002155,98.03,3,SELL
2266,ORD002266,ORD002265,99.78,17,BUY
2267,ORD002267,ORD002265,99.78,70,BUY
2269,ORD002269,ORD002155,98.03,25,SELL
2270,ORD002270,ORD002268,101.44,47,BUY
2273,ORD002273,ORD002272,99.62,59,SELL
2273,ORD002273,ORD002155,98.03,11,SELL
2274,ORD002274,ORD002155,98.03,7,SELL
2278,ORD002278,ORD002277,101.26,3,BUY
2281,ORD002281,ORD002280,99.26,5,SELL
2293,ORD002293,ORD002291,99.44,17,SELL
2293,ORD002293,ORD002290,98.98,74,SELL
2294,ORD002294,ORD002286,99.51,54,BUY
2294,ORD002294,ORD002292,99.93,41,BUY
2295,ORD002295,ORD002294,99.96,3,SELL
2296,ORD002296,ORD002295,99.90,2,BUY
2297,ORD002297,ORD002295,99.90,37,BUY
2297,ORD002297,ORD002288,100.80,54,BUY
2300,ORD002300,ORD002288,100.80,41,BUY
2300,ORD002300,ORD002277,101.26,10,BUY
2300,ORD002300,ORD002268,101.44,18,BUY
2303,ORD002303,ORD002301,101.15,36,BUY
2303,ORD002303,ORD002268,101.44,12,BUY
2303,ORD002303,ORD002299,101.44,24,BUY
2303,ORD002303,ORD002283,101.79,5,BUY
2304,ORD002304,ORD002283,101.79,24,BUY
2307,ORD002307,ORD002306,100.53,54,BUY
2310,ORD002310,ORD002306,100.53,9,BUY
2310,ORD002310,ORD002308,100.63,21,BUY
2310,ORD002310,ORD002305,101.78,14,BUY
2313,ORD002313,ORD002312,99.98,4,BUY
2313,ORD002313,ORD002311,101.00,1,BUY
2313,ORD002313,ORD002305,101.78,13,BUY
2313,ORD002313,ORD002283,101.79,24,BUY
2318,ORD002318,ORD002317,100.74,26,BUY
2320,ORD002320,ORD002319,99.76,63,BUY
2321,ORD002321,ORD002309,99.65,81,SELL
2321,ORD002321,ORD002302,99.60,15,SELL
2323,ORD002323,ORD002302,99.60,60,SELL
2323,ORD002323,ORD002290,98.98,5,SELL
2323,ORD002323,ORD002298,98.06,16,SELL
2324,ORD002324,ORD002298,98.06,5,SELL
2326,ORD002326,ORD002298,98.06,15,SELL
2327,ORD002327,ORD002298,98.06,24,SELL
2328,ORD002328,ORD002319,99.76,36,BUY
2328,ORD002328,ORD002325,100.23,12,BUY
2329,ORD002329,ORD002298,98.06,34,SELL
2332,ORD002332,ORD002325,100.23,36,BUY
2335,ORD002335,ORD002333,99.62,36,SELL
2336,ORD002336,ORD002334,100.00,7,BUY
2336,ORD002336,ORD002325,100.23,35,BUY
2336,ORD002336,ORD002317,100.74,35,BUY
2337,ORD002337,ORD002333,99.62,3,SELL
2340,ORD002340,ORD002317,100.74,3,BUY
2342,ORD002342,ORD002333,99.62,49,SELL
2342,ORD002342,ORD002341,99.04,23,SELL
2345,ORD002345,ORD002343,100.48,7,BUY
2346,ORD002346,ORD002343,100.48,42,BUY
2347,ORD002347,ORD002341,99.04,12,SELL
2349,ORD002349,ORD002343,100.48,6,BUY
2350,ORD002350,ORD002341,99.04,4,SELL
2350,ORD002350,ORD002331,98.96,39,SELL
2351,ORD002351,ORD002331,98.96,22,SELL
2352,ORD002352,ORD002331,98.96,17,SELL
2352,ORD002352,ORD002338,98.71,24,SELL
2355,ORD002355,ORD002338,98.71,28,SELL
2356,ORD002356,ORD002343,100.48,32,BUY
2359,ORD002359,ORD002343,100.48,3,BUY
2359,ORD002359,ORD002317,100.74,2,BUY
2359,ORD002359,ORD002348,100.84,1,BUY
2359,ORD002359,ORD002322,101.02,55,BUY
2359,ORD002359,ORD002353,101.17,15,BUY
2363,ORD002363,ORD002360,100.28,22,BUY
2364,ORD002364,ORD002360,100.28,14,BUY
2365,ORD002365,ORD002360,100.28,23,BUY
2365,ORD002365,ORD002362,100.78,36,BUY
2366,ORD002366,ORD002362,100.78,64,BUY
2366,ORD002366,ORD002353,101.17,4,BUY
2367,ORD002367,ORD002358,99.17,50,SELL
2367,ORD002367,ORD002361,98.55,21,SELL
2368,ORD002368,ORD002361,98.55,26,SELL
2368,ORD002368,ORD002357,98.19,25,SELL
2369,ORD002369,ORD002357,98.19,35,SELL
2371,ORD002371,ORD002353,101.17,48,BUY
2371,ORD002371,ORD002344,101.92,16,BUY
2371,ORD002371,ORD002354,101.94,13,BUY
2372,ORD002372,ORD002370,99.83,7,SELL
2373,ORD002373,ORD002354,101.94,7,BUY
2374,ORD002374,ORD002370,99.83,48,SELL
2374,ORD002374,ORD002357,98.19,4,SELL
2376,ORD002376,ORD002354,101.94,22,BUY
2382,ORD002382,ORD002380,99.92,22,BUY
2383,ORD002383,ORD002380,99.92,21,BUY
2383,ORD002383,ORD002378,100.22,1,BUY
2385,ORD002385,ORD002379,101.63,3,BUY
2387,ORD002387,ORD002386,100.81,22,BUY
2387,ORD002387,ORD002379,101.63,73,BUY
2389,ORD002389,ORD002383,100.42,2,SELL
2391,ORD002391,ORD002383,100.42,51,SELL
2391,ORD002391,ORD002375,99.75,37,SELL
2392,ORD002392,ORD002379,101.63,13,BUY
2392,ORD002392,ORD002390,101.73,40,BUY
2393,ORD002393,ORD002390,101.73,4,BUY
2394,ORD002394,ORD002375,99.75,15,SELL
2394,ORD002394,ORD002381,99.67,55,SELL
2401,ORD002401,ORD002399,99.81,20,BUY
2404,ORD002404,ORD002399,99.81,39,BUY
2404,ORD002404,ORD002397,100.48,1,BUY
2406,ORD002406,ORD002397,100.48,18,BUY
2409,ORD002409,ORD002397,100.48,5,BUY
2410,ORD002410,ORD002408,98.36,87,SELL
2411,ORD002411,ORD002408,98.36,7,SELL
2411,ORD002411,ORD002403,98.04,6,SELL
2414,ORD002414,ORD002413,99.85,26,BUY
2415,ORD002415,ORD002413,99.85,73,BUY
2415,ORD002415,ORD002412,99.93,8,BUY
2416,ORD002416,ORD002412,99.93,48,BUY
2416,ORD002416,ORD002397,100.48,8,BUY
2422,ORD002422,ORD002421,98.76,32,SELL
2424,ORD002424,ORD002397,100.48,22,BUY
2424,ORD002424,ORD002407,100.75,76,BUY
2426,ORD002426,ORD002425,99.71,13,BUY
2429,ORD002429,ORD002428,99.29,72,SELL
2430,ORD002430,ORD002425,99.71,22,BUY
2430,ORD002430,ORD002407,100.75,18,BUY
2432,ORD002432,ORD002407,100.75,5,BUY
2432,ORD002432,ORD002417,100.76,11,BUY
2433,ORD002433,ORD002417,100.76,61,BUY
2437,ORD002437,ORD002417,100.76,16,BUY
2437,ORD002437,ORD002402,101.16,39,BUY
2437,ORD002437,ORD002427,101.66,16,BUY
2437,ORD002437,ORD002396,101.69,11,BUY
2439,ORD002439,ORD002396,101.69,12,BUY
2439,ORD002439,ORD002390,101.73,56,BUY
2439,ORD002439,ORD002395,101.91,27,BUY
2440,ORD002440,ORD002395,101.91,38,BUY
2443,ORD002443,ORD002442,99.77,54,BUY
2443,ORD002443,ORD002395,101.91,5,BUY
2444,ORD002444,ORD002431,99.56,26,SELL
2444,ORD002444,ORD002436,99.37,13,SELL
2446,ORD002446,ORD002436,99.37,46,SELL
2450,ORD002450,ORD002436,99.37,18,SELL
2453,ORD002453,ORD002436,99.37,2,SELL
2453,ORD002453,ORD002441,99.23,40,SELL
2456,ORD002456,ORD002451,99.67,14,BUY
2457,ORD002457,ORD002441,99.23,30,SELL
2458,ORD002458,ORD002451,99.67,23,BUY
2460,ORD002460,ORD002441,99.23,16,SELL
2460,ORD002460,ORD002435,98.75,62,SELL
2463,ORD002463,ORD002451,99.67,46,BUY
2463,ORD002463,ORD002449,99.94,17,BUY
2465,ORD002465,ORD002449,99.94,3,BUY
2465,ORD002465,ORD002452,99.95,1,BUY
2466,ORD002466,ORD002452,99.95,18,BUY
2470,ORD002470,ORD002452,99.95,72,BUY
2470,ORD002470,ORD002469,100.39,9,BUY
2472,ORD002472,ORD002469,100.39,7,BUY
2473,ORD002473,ORD002471,98.32,38,SELL
2474,ORD002474,ORD002471,98.32,29,SELL
2476,ORD002476,ORD002475,98.19,8,SELL
2478,ORD002478,ORD002469,100.39,34,BUY
2479,ORD002479,ORD002469,100.39,22,BUY
2479,ORD002479,ORD002459,100.55,9,BUY
2479,ORD002479,ORD002447,100.65,2,BUY
2479,ORD002479,ORD002467,100.92,10,BUY
2479,ORD002479,ORD002454,101.57,9,BUY
2479,ORD002479,ORD002461,101.60,19,BUY
2482,ORD002482,ORD002480,101.16,8,BUY
2482,ORD002482,ORD002461,101.60,2,BUY
2484,ORD002484,ORD002461,101.60,2,BUY
2484,ORD002484,ORD002448,101.65,27,BUY
2484,ORD002484,ORD002395,101.91,11,BUY
2484,ORD002484,ORD002388,101.97,24,BUY
2485,ORD002485,ORD002477,100.34,34,SELL
2485,ORD002485,ORD002481,99.41,5,SELL
2486,ORD002486,ORD002388,101.97,8,BUY
2490,ORD002490,ORD002489,101.24,16,BUY
2491,ORD002491,ORD002481,99.41,44,SELL
2492,ORD002492,ORD002489,101.24,12,BUY
2493,ORD002493,ORD002489,101.24,28,BUY
2493,ORD002493,ORD002488,101.34,69,BUY
2495,ORD002495,ORD002488,101.34,2,BUY
2495,ORD002495,ORD002388,101.97,1,BUY
2496,ORD002496,ORD002481,99.41,30,SELL
2496,ORD002496,ORD002483,99.20,15,SELL
2501,ORD002501,ORD002483,99.20,2,SELL
2501,ORD002501,ORD002497,98.32,51,SELL
2501,ORD002501,ORD002475,98.19,17,SELL
2502,ORD002502,ORD002500,100.23,53,BUY
2503,ORD002503,ORD002475,98.19,27,SELL
2504,ORD002504,ORD002500,100.23,31,BUY
2504,ORD002504,ORD002499,101.65,40,BUY
2510,ORD002510,ORD002475,98.19,22,SELL
2510,ORD002510,ORD002498,98.19,27,SELL
2511,ORD002511,ORD002509,99.71,36,BUY
2511,ORD002511,ORD002506,100.63,13,BUY
2518,ORD002518,ORD002517,100.38,87,SELL
2518,ORD002518,ORD002498,98.19,6,SELL
2519,ORD002519,ORD002498,98.19,37,SELL
2519,ORD002519,ORD002494,98.04,12,SELL
2520,ORD002520,ORD002506,100.63,2,BUY
2521,ORD002521,ORD002494,98.04,32,SELL
2522,ORD002522,ORD002494,98.04,49,SELL
2529,ORD002529,ORD002528,100.89,53,BUY
2529,ORD002529,ORD002514,100.98,26,BUY
2530,ORD002530,ORD002514,100.98,34,BUY
2532,ORD002532,ORD002514,100.98,37,BUY
2532,ORD002532,ORD002512,101.15,5,BUY
2532,ORD002532,ORD002516,101.46,38,BUY
2533,ORD002533,ORD002516,101.46,5,BUY
2538,ORD002538,ORD002536,98.87,10,SELL
2538,ORD002538,ORD002537,98.59,42,SELL
2539,ORD002539,ORD002535,99.54,46,BUY
2539,ORD002539,ORD002534,99.60,32,BUY
2546,ORD002546,ORD002534,99.60,29,BUY
2550,ORD002550,ORD002534,99.60,31,BUY
2550,ORD002550,ORD002547,99.80,65,BUY
2551,ORD002551,ORD002547,99.80,3,BUY
2551,ORD002551,ORD002541,99.90,6,BUY
2551,ORD002551,ORD002549,100.32,44,BUY
2553,ORD002553,ORD002552,99.69,47,BUY
2553,ORD002553,ORD002549,100.32,7,BUY
2556,ORD002556,ORD002549,100.32,48,BUY
2556,ORD002556,ORD002544,100.45,17,BUY
2558,ORD002558,ORD002544,100.45,54,BUY
2559,ORD002559,ORD002555,99.99,5,SELL
2560,ORD002560,ORD002544,100.45,4,BUY
2561,ORD002561,ORD002560,100.47,13,SELL
2566,ORD002566,ORD002561,100.39,1,BUY
2568,ORD002568,ORD002555,99.99,39,SELL
2570,ORD002570,ORD002569,100.24,50,SELL
2572,ORD002572,ORD002561,100.39,36,BUY
2573,ORD002573,ORD002569,100.24,25,SELL
2573,ORD002573,ORD002554,98.61,12,SELL
2574,ORD002574,ORD002554,98.61,41,SELL
2574,ORD002574,ORD002562,98.30,16,SELL
2575,ORD002575,ORD002561,100.39,2,BUY
2575,ORD002575,ORD002567,100.63,32,BUY
2577,ORD002577,ORD002567,100.63,6,BUY
2578,ORD002578,ORD002567,100.63,4,BUY
2581,ORD002581,ORD002548,100.80,41,BUY
2581,ORD002581,ORD002579,100.93,15,BUY
2584,ORD002584,ORD002582,100.48,43,SELL
2586,ORD002586,ORD002582,100.48,51,SELL
2586,ORD002586,ORD002576,99.67,19,SELL
2586,ORD002586,ORD002585,98.79,2,SELL
2589,ORD002589,ORD002588,100.05,24,BUY
2590,ORD002590,ORD002587,99.57,32,SELL
2590,ORD002590,ORD002585,98.79,3,SELL
2590,ORD002590,ORD002580,98.74,15,SELL
2590,ORD002590,ORD002562,98.30,28,SELL
2590,ORD002590,ORD002563,98.11,4,SELL
2591,ORD002591,ORD002588,100.05,2,BUY
2591,ORD002591,ORD002579,100.93,7,BUY
2594,ORD002594,ORD002593,100.09,38,BUY
2596,ORD002596,ORD002563,98.11,15,SELL
2597,ORD002597,ORD002563,98.11,58,SELL
2598,ORD002598,ORD002563,98.11,18,SELL
2598,ORD002598,ORD002571,98.10,42,SELL
2599,ORD002599,ORD002593,100.09,7,BUY
2599,ORD002599,ORD002595,100.48,44,BUY
2601,ORD002601,ORD002595,100.48,2,BUY
2601,ORD002601,ORD002579,100.93,33,BUY
2602,ORD002602,ORD002571,98.10,53,SELL
2602,ORD002602,ORD002592,98.10,46,SELL
2603,ORD002603,ORD002592,98.10,43,SELL
2603,ORD002603,ORD002542,98.06,14,SELL
2605,ORD002605,ORD002604,100.17,53,BUY
2607,ORD002607,ORD002606,99.95,15,SELL
2607,ORD002607,ORD002542,98.06,55,SELL
2615,ORD002615,ORD002614,99.98,6,SELL
2615,ORD002615,ORD002610,99.30,47,SELL
2615,ORD002615,ORD002611,98.99,28,SELL
2616,ORD002616,ORD002604,100.17,41,BUY
2616,ORD002616,ORD002579,100.93,39,BUY
2616,ORD002616,ORD002564,101.08,16,BUY
2618,ORD002618,ORD002617,99.83,65,BUY
2619,ORD002619,ORD002611,98.99,64,SELL
2619,ORD002619,ORD002609,98.83,32,SELL
2620,ORD002620,ORD002617,99.83,30,BUY
2620,ORD002620,ORD002564,101.08,46,BUY
2622,ORD002622,ORD002564,101.08,33,BUY
2622,ORD002622,ORD002565,101.25,26,BUY
2624,ORD002624,ORD002623,100.94,49,BUY
2624,ORD002624,ORD002565,101.25,4,BUY
2625,ORD002625,ORD002621,100.15,42,SELL
2625,ORD002625,ORD002609,98.83,14,SELL
2625,ORD002625,ORD002612,98.83,28,SELL
2625,ORD002625,ORD002613,98.09,3,SELL
2625,ORD002625,ORD002542,98.06,3,SELL
2626,ORD002626,ORD002565,101.25,64,BUY
2628,ORD002628,ORD002627,101.29,30,BUY
2630,ORD002630,ORD002629,101.11,22,BUY
2633,ORD002633,ORD002542,98.06,6,SELL
2634,ORD002634,ORD002631,99.71,52,BUY
2634,ORD002634,ORD002629,101.11,21,BUY
2634,ORD002634,ORD002627,101.29,16,BUY
2639,ORD002639,ORD002635,100.17,27,BUY
2639,ORD002639,ORD002636,100.28,69,BUY
2640,ORD002640,ORD002636,100.28,15,BUY
2642,ORD002642,ORD002638,99.06,10,SELL
2643,ORD002643,ORD002637,100.79,56,BUY
2645,ORD002645,ORD002637,100.79,39,BUY
2645,ORD002645,ORD002644,101.04,28,BUY
2650,ORD002650,ORD002646,100.13,13,BUY
2652,ORD002652,ORD002646,100.13,47,BUY
2652,ORD002652,ORD002644,101.04,20,BUY
2652,ORD002652,ORD002627,101.29,12,BUY
2652,ORD002652,ORD002647,101.30,3,BUY
2653,ORD002653,ORD002647,101.30,2,BUY
2657,ORD002657,ORD002656,101.10,26,BUY
2657,ORD002657,ORD002647,101.30,2,BUY
2662,ORD002662,ORD002658,99.82,67,BUY
2662,ORD002662,ORD002647,101.30,11,BUY
2662,ORD002662,ORD002660,101.34,1,BUY
2663,ORD002663,ORD002660,101.34,1,BUY
2664,ORD002664,ORD002660,101.34,57,BUY
2667,ORD002667,ORD002666,98.94,50,SELL
2671,ORD002671,ORD002670,100.89,47,BUY
2672,ORD002672,ORD002668,100.11,22,SELL
2673,ORD002673,ORD002672,100.03,23,BUY
2674,ORD002674,ORD002672,100.03,27,BUY
2674,ORD002674,ORD002670,100.89,9,BUY
2674,ORD002674,ORD002660,101.34,11,BUY
2677,ORD002677,ORD002675,98.82,48,SELL
2677,ORD002677,ORD002676,98.08,36,SELL
2680,ORD002680,ORD002679,101.08,4,BUY
2682,ORD002682,ORD002679,101.08,59,BUY
2682,ORD002682,ORD002660,101.34,9,BUY
2682,ORD002682,ORD002583,101.36,14,BUY
2683,ORD002683,ORD002681,98.44,17,SELL
2687,ORD002687,ORD002685,99.92,76,BUY
2687,ORD002687,ORD002583,101.36,15,BUY
2687,ORD002687,ORD002557,101.43,7,BUY
2688,ORD002688,ORD002684,99.84,43,SELL
2691,ORD002691,ORD002557,101.43,17,BUY
2691,ORD002691,ORD002543,101.45,55,BUY
2694,ORD002694,ORD002543,101.45,11,BUY
2694,ORD002694,ORD002516,101.46,52,BUY
2694,ORD002694,ORD002505,101.47,5,BUY
2694,ORD002694,ORD002524,101.53,8,BUY
2696,ORD002696,ORD002695,99.97,28,SELL
2698,ORD002698,ORD002697,101.11,25,BUY
2698,ORD002698,ORD002524,101.53,24,BUY
2699,ORD002699,ORD002524,101.53,46,BUY
2699,ORD002699,ORD002632,101.60,27,BUY
2701,ORD002701,ORD002700,98.68,26,SELL
2706,ORD002706,ORD002705,99.08,83,SELL
2708,ORD002708,ORD002703,101.22,5,BUY
2709,ORD002709,ORD002703,101.22,17,BUY
2709,ORD002709,ORD002632,101.60,43,BUY
2712,ORD002712,ORD002711,100.17,2,SELL
2714,ORD002714,ORD002710,101.15,5,BUY
2714,ORD002714,ORD002632,101.60,28,BUY
2714,ORD002714,ORD002669,101.60,46,BUY
2721,ORD002721,ORD002719,100.31,12,SELL
2723,ORD002723,ORD002715,100.68,23,BUY
2724,ORD002724,ORD002715,100.68,9,BUY
2724,ORD002724,ORD002716,100.71,18,BUY
2725,ORD002725,ORD002716,100.71,34,BUY
2725,ORD002725,ORD002669,101.60,26,BUY
2725,ORD002725,ORD002526,101.62,12,BUY
2726,ORD002726,ORD002719,100.31,21,SELL
2729,ORD002729,ORD002719,100.31,44,SELL
2729,ORD002729,ORD002717,100.25,54,SELL
2732,ORD002732,ORD002727,100.49,28,BUY
2732,ORD002732,ORD002731,100.84,45,BUY
2732,ORD002732,ORD002728,101.27,5,BUY
2733,ORD002733,ORD002728,101.27,44,BUY
2735,ORD002735,ORD002728,101.27,6,BUY
2736,ORD002736,ORD002717,100.25,11,SELL
2736,ORD002736,ORD002734,99.88,10,SELL
2736,ORD002736,ORD002720,99.42,18,SELL
2736,ORD002736,ORD002722,99.15,11,SELL
2737,ORD002737,ORD002722,99.15,11,SELL
2737,ORD002737,ORD002713,98.77,29,SELL
2738,ORD002738,ORD002713,98.77,31,SELL
2741,ORD002741,ORD002740,99.75,17,BUY
2747,ORD002747,ORD002742,99.53,44,BUY
2748,ORD002748,ORD002746,99.33,50,SELL
2751,ORD002751,ORD002750,99.15,7,SELL
2753,ORD002753,ORD002752,98.45,46,SELL
2756,ORD002756,ORD002742,99.53,19,BUY
2758,ORD002758,ORD002742,99.53,21,BUY
2758,ORD002758,ORD002740,99.75,35,BUY
2758,ORD002758,ORD002744,99.79,38,BUY
2759,ORD002759,ORD002755,98.99,23,SELL
2760,ORD002760,ORD002744,99.79,13,BUY
2761,ORD002761,ORD002744,99.79,7,BUY
2761,ORD002761,ORD002757,100.36,59,BUY
2761,ORD002761,ORD002728,101.27,16,BUY
2766,ORD002766,ORD002765,100.85,32,BUY
2766,ORD002766,ORD002728,101.27,27,BUY
2766,ORD002766,ORD002763,101.36,2,BUY
2779,ORD002779,ORD002778,99.40,45,SELL
2779,ORD002779,ORD002777,98.64,5,SELL
2784,ORD002784,ORD002768,99.61,28,BUY
2787,ORD002787,ORD002785,98.45,21,SELL
2790,ORD002790,ORD002768,99.61,1,BUY
2794,ORD002794,ORD002768,99.61,3,BUY
2795,ORD002795,ORD002768,99.61,20,BUY
2795,ORD002795,ORD002770,100.19,60,BUY
2795,ORD002795,ORD002789,100.22,1,BUY
2798,ORD002798,ORD002789,100.22,57,BUY
2798,ORD002798,ORD002786,100.38,28,BUY
2798,ORD002798,ORD002783,100.44,7,BUY
2799,ORD002799,ORD002793,98.35,9,SELL
2803,ORD002803,ORD002783,100.44,5,BUY
2806,ORD002806,ORD002783,100.44,57,BUY
2806,ORD002806,ORD002781,100.54,36,BUY
2808,ORD002808,ORD002801,100.43,16,SELL
2810,ORD002810,ORD002801,100.43,44,SELL
2812,ORD002812,ORD002781,100.54,62,BUY
2812,ORD002812,ORD002792,100.55,29,BUY
2816,ORD002816,ORD002801,100.43,5,SELL
2816,ORD002816,ORD002800,99.15,43,SELL
2817,ORD002817,ORD002800,99.15,45,SELL
2817,ORD002817,ORD002813,98.86,47,SELL
2818,ORD002818,ORD002813,98.86,42,SELL
2818,ORD002818,ORD002811,98.53,13,SELL
2818,ORD002818,ORD002793,98.35,2,SELL
2820,ORD002820,ORD002819,99.74,19,SELL
2820,ORD002820,ORD002793,98.35,11,SELL
2823,ORD002823,ORD002822,98.65,22,SELL
2826,ORD002826,ORD002824,99.25,9,SELL
2827,ORD002827,ORD002824,99.25,20,SELL
2830,ORD002830,ORD002792,100.55,5,BUY
2833,ORD002833,ORD002792,100.55,20,BUY
2833,ORD002833,ORD002774,100.69,72,BUY
2833,ORD002833,ORD002788,100.83,3,BUY
2834,ORD002834,ORD002788,100.83,26,BUY
2834,ORD002834,ORD002814,100.92,66,BUY
2837,ORD002837,ORD002814,100.92,11,BUY
2837,ORD002837,ORD002809,100.95,15,BUY
2837,ORD002837,ORD002773,101.02,6,BUY
2838,ORD002838,ORD002836,100.29,17,SELL
2838,ORD002838,ORD002829,100.11,52,SELL
2839,ORD002839,ORD002773,101.02,53,BUY
2839,ORD002839,ORD002791,101.14,29,BUY
2840,ORD002840,ORD002829,100.11,11,SELL
2843,ORD002843,ORD002842,100.15,15,SELL
2843,ORD002843,ORD002829,100.11,5,SELL
2846,ORD002846,ORD002831,99.27,35,SELL
2846,ORD002846,ORD002824,99.25,34,SELL
2848,ORD002848,ORD002843,99.99,41,BUY
2849,ORD002849,ORD002824,99.25,4,SELL
2849,ORD002849,ORD002828,98.89,19,SELL
2851,ORD002851,ORD002850,99.74,14,BUY
2852,ORD002852,ORD002850,99.74,40,BUY
2853,ORD002853,ORD002828,98.89,39,SELL
2858,ORD002858,ORD002828,98.89,1,SELL
2858,ORD002858,ORD002835,98.66,36,SELL
2858,ORD002858,ORD002822,98.65,3,SELL
2861,ORD002861,ORD002822,98.65,18,SELL
2862,ORD002862,ORD002822,98.65,50,SELL
2862,ORD002862,ORD002841,98.54,41,SELL
2863,ORD002863,ORD002841,98.54,22,SELL
2863,ORD002863,ORD002854,98.39,21,SELL
2863,ORD002863,ORD002793,98.35,5,SELL
2869,ORD002869,ORD002793,98.35,8,SELL
2873,ORD002873,ORD002860,99.51,42,BUY
2877,ORD002877,ORD002860,99.51,10,BUY
2877,ORD002877,ORD002850,99.74,3,BUY
2877,ORD002877,ORD002866,99.77,32,BUY
2877,ORD002877,ORD002843,99.99,15,BUY
2878,ORD002878,ORD002872,99.47,74,SELL
2878,ORD002878,ORD002793,98.35,13,SELL
2879,ORD002879,ORD002793,98.35,32,SELL
2879,ORD002879,ORD002871,98.18,64,SELL
2880,ORD002880,ORD002843,99.99,6,BUY
2880,ORD002880,ORD002844,100.13,47,BUY
2882,ORD002882,ORD002871,98.18,36,SELL
2882,ORD002882,ORD002832,98.14,20,SELL
2888,ORD002888,ORD002885,100.12,12,SELL
2888,ORD002888,ORD002884,99.41,71,SELL
2892,ORD002892,ORD002890,99.52,29,BUY
2895,ORD002895,ORD002890,99.52,21,BUY
2895,ORD002895,ORD002844,100.13,3,BUY
2899,ORD002899,ORD002898,100.08,28,BUY
2899,ORD002899,ORD002844,100.13,3,BUY
2899,ORD002899,ORD002857,100.17,26,BUY
2900,ORD002900,ORD002884,99.41,1,SELL
2900,ORD002900,ORD002896,99.35,9,SELL
2900,ORD002900,ORD002832,98.14,53,SELL
2900,ORD002900,ORD002796,98.06,33,SELL
2901,ORD002901,ORD002857,100.17,8,BUY
2901,ORD002901,ORD002859,100.29,40,BUY
2901,ORD002901,ORD002845,100.32,10,BUY
2902,ORD002902,ORD002845,100.32,49,BUY
2903,ORD002903,ORD002845,100.32,3,BUY
2903,ORD002903,ORD002876,100.40,20,BUY
2904,ORD002904,ORD002876,100.40,27,BUY
2908,ORD002908,ORD002906,100.00,47,SELL
2909,ORD002909,ORD002876,100.40,52,BUY
2909,ORD002909,ORD002905,100.40,32,BUY
2912,ORD002912,ORD002910,100.03,32,SELL
2913,ORD002913,ORD002905,100.40,9,BUY
2913,ORD002913,ORD002870,100.60,11,BUY
2914,ORD002914,ORD002910,100.03,27,SELL
2915,ORD002915,ORD002910,100.03,2,SELL
2915,ORD002915,ORD002796,98.06,44,SELL
2915,ORD002915,ORD002907,98.04,8,SELL
2916,ORD002916,ORD002907,98.04,41,SELL
2917,ORD002917,ORD002870,100.60,15,BUY
2918,ORD002918,ORD002870,100.60,11,BUY
2918,ORD002918,ORD002887,100.66,29,BUY
2923,ORD002923,ORD002919,100.16,42,BUY
2923,ORD002923,ORD002887,100.66,3,BUY
2924,ORD002924,ORD002887,100.66,9,BUY
2925,ORD002925,ORD002922,99.91,54,SELL
2926,ORD002926,ORD002922,99.91,39,SELL
2927,ORD002927,ORD002887,100.66,54,BUY
2927,ORD002927,ORD002883,100.73,7,BUY
2929,ORD002929,ORD002883,100.73,67,BUY
2929,ORD002929,ORD002847,100.76,29,BUY
2930,ORD002930,ORD002847,100.76,52,BUY
2930,ORD002930,ORD002867,100.98,6,BUY
2930,ORD002930,ORD002893,101.13,8,BUY
2931,ORD002931,ORD002893,101.13,11,BUY
2933,ORD002933,ORD002893,101.13,7,BUY
2933,ORD002933,ORD002791,101.14,59,BUY
2933,ORD002933,ORD002897,101.15,26,BUY
2933,ORD002933,ORD002889,101.23,2,BUY
2936,ORD002936,ORD002935,99.83,5,BUY
2939,ORD002939,ORD002935,99.83,42,BUY
2942,ORD002942,ORD002935,99.83,8,BUY
2942,ORD002942,ORD002934,100.66,26,BUY
2948,ORD002948,ORD002944,99.97,44,BUY
2948,ORD002948,ORD002946,100.16,47,BUY
2948,ORD002948,ORD002945,100.64,1,BUY
2949,ORD002949,ORD002943,99.64,56,SELL
2951,ORD002951,ORD002945,100.64,12,BUY
2951,ORD002951,ORD002934,100.66,50,BUY
2951,ORD002951,ORD002889,101.23,26,BUY
2952,ORD002952,ORD002889,101.23,28,BUY
2952,ORD002952,ORD002894,101.29,68,BUY
2955,ORD002955,ORD002954,101.23,22,BUY
2957,ORD002957,ORD002950,100.43,24,SELL
2959,ORD002959,ORD002956,99.88,20,SELL
2959,ORD002959,ORD002943,99.64,10,SELL
2959,ORD002959,ORD002953,99.33,3,SELL
2960,ORD002960,ORD002953,99.33,4,SELL
2960,ORD002960,ORD002947,98.32,30,SELL
2961,ORD002961,ORD002957,100.20,28,BUY
2961,ORD002961,ORD002958,100.67,18,BUY
2961,ORD002961,ORD002954,101.23,7,BUY
2964,ORD002964,ORD002963,98.98,25,SELL
2966,ORD002966,ORD002954,101.23,19,BUY
2971,ORD002971,ORD002970,99.89,33,SELL
2972,ORD002972,ORD002970,99.89,22,SELL
2974,ORD002974,ORD002970,99.89,38,SELL
2974,ORD002974,ORD002968,99.50,30,SELL
2978,ORD002978,ORD002973,100.06,14,BUY
2978,ORD002978,ORD002969,100.85,78,BUY
2987,ORD002987,ORD002980,100.07,63,SELL
2987,ORD002987,ORD002982,99.98,10,SELL
2988,ORD002988,ORD002982,99.98,3,SELL
2988,ORD002988,ORD002983,98.60,50,SELL
2990,ORD002990,ORD002989,100.13,7,BUY
2994,ORD002994,ORD002991,99.90,40,BUY
2996,ORD002996,ORD002995,98.78,64,SELL
2996,ORD002996,ORD002983,98.60,25,SELL
2996,ORD002996,ORD002979,98.55,2,SELL
2998,ORD002998,ORD002991,99.90,15,BUY
3000,ORD003000,ORD002991,99.90,17,BUY
3000,ORD003000,ORD002989,100.13,73,BUY
3001,ORD003001,ORD002989,100.13,8,BUY
3001,ORD003001,ORD002993,100.33,69,BUY
3003,ORD003003,ORD002979,98.55,50,SELL
3006,ORD003006,ORD002979,98.55,4,SELL
3007,ORD003007,ORD003002,99.86,29,BUY
3008,ORD003008,ORD003002,99.86,15,BUY
3008,ORD003008,ORD003005,100.11,20,BUY
3008,ORD003008,ORD002993,100.33,3,BUY
3010,ORD003010,ORD002993,100.33,7,BUY
3010,ORD003010,ORD002969,100.85,1,BUY
3010,ORD003010,ORD002985,100.93,59,BUY
3012,ORD003012,ORD003009,99.21,47,SELL
3013,ORD003013,ORD002985,100.93,8,BUY
3013,ORD003013,ORD002954,101.23,20,BUY
3013,ORD003013,ORD002999,101.25,18,BUY
3014,ORD003014,ORD002999,101.25,54,BUY
3014,ORD003014,ORD003011,101.27,36,BUY
3015,ORD003015,ORD003011,101.27,11,BUY
3015,ORD003015,ORD002894,101.29,6,BUY
3015,ORD003015,ORD002984,101.30,6,BUY
3015,ORD003015,ORD002807,101.31,6,BUY
3015,ORD003015,ORD002976,101.33,33,BUY
3015,ORD003015,ORD002865,101.35,3,BUY
3016,ORD003016,ORD003009,99.21,10,SELL
3018,ORD003018,ORD003017,101.11,71,BUY
3018,ORD003018,ORD002865,101.35,3,BUY
3020,ORD003020,ORD003019,100.74,56,BUY
3020,ORD003020,ORD002865,101.35,2,BUY
3022,ORD003022,ORD003021,99.19,91,SELL
3032,ORD003032,ORD003027,100.45,52,SELL
3033,ORD003033,ORD003027,100.45,24,SELL
3034,ORD003034,ORD003030,98.62,40,SELL
3036,ORD003036,ORD003033,100.45,37,BUY
3036,ORD003036,ORD003035,100.75,24,BUY
3036,ORD003036,ORD003023,101.32,22,BUY
3037,ORD003037,ORD003030,98.62,13,SELL
3039,ORD003039,ORD003030,98.62,1,SELL
3040,ORD003040,ORD003023,101.32,50,BUY
3042,ORD003042,ORD003030,98.62,23,SELL
3042,ORD003042,ORD003029,98.18,5,SELL
3051,ORD003051,ORD003049,100.30,19,SELL
3052,ORD003052,ORD003049,100.30,40,SELL
3052,ORD003052,ORD003043,100.28,12,SELL
3057,ORD003057,ORD003043,100.28,65,SELL
3058,ORD003058,ORD003044,99.77,63,SELL
3064,ORD003064,ORD003062,99.85,69,SELL
3064,ORD003064,ORD003044,99.77,19,SELL
3066,ORD003066,ORD003057,100.23,16,BUY
3066,ORD003066,ORD003060,100.26,8,BUY
3067,ORD003067,ORD003044,99.77,17,SELL
3067,ORD003067,ORD003065,99.70,6,SELL
3067,ORD003067,ORD003045,99.11,4,SELL
3068,ORD003068,ORD003060,100.26,49,BUY
3071,ORD003071,ORD003045,99.11,19,SELL
3073,ORD003073,ORD003045,99.11,57,SELL
3073,ORD003073,ORD003047,98.78,27,SELL
3074,ORD003074,ORD003047,98.78,2,SELL
3075,ORD003075,ORD003047,98.78,9,SELL
3075,ORD003075,ORD003048,98.42,13,SELL
3075,ORD003075,ORD003055,98.23,3,SELL
3076,ORD003076,ORD003055,98.23,2,SELL
3077,ORD003077,ORD003055,98.23,79,SELL
3077,ORD003077,ORD003029,98.18,4,SELL
3077,ORD003077,ORD003038,98.15,16,SELL
3078,ORD003078,ORD003060,100.26,15,BUY
3079,ORD003079,ORD003038,98.15,56,SELL
3079,ORD003079,ORD003028,98.13,13,SELL
3081,ORD003081,ORD003028,98.13,73,SELL
3082,ORD003082,ORD003060,100.26,26,BUY
3083,ORD003083,ORD003028,98.13,11,SELL
3083,ORD003083,ORD003061,98.10,12,SELL
3083,ORD003083,ORD003031,98.07,44,SELL
3084,ORD003084,ORD003031,98.07,15,SELL
3085,ORD003085,ORD003031,98.07,5,SELL
3085,ORD003085,ORD003069,98.01,31,SELL
3086,ORD003086,ORD003060,100.26,1,BUY
3086,ORD003086,ORD003072,100.56,74,BUY
3086,ORD003086,ORD003056,101.11,4,BUY
3087,ORD003087,ORD003056,101.11,33,BUY
3087,ORD003087,ORD003080,101.29,66,BUY
3090,ORD003090,ORD003080,101.29,23,BUY
3090,ORD003090,ORD003023,101.32,10,BUY
3091,ORD003091,ORD003089,99.81,6,SELL
3093,ORD003093,ORD003023,101.32,10,BUY
3093,ORD003093,ORD002865,101.35,15,BUY
3096,ORD003096,ORD003095,98.72,21,SELL
3102,ORD003102,ORD003099,99.92,16,SELL
3102,ORD003102,ORD003098,99.71,1,SELL
3102,ORD003102,ORD003097,98.42,42,SELL
3102,ORD003102,ORD003100,98.18,37,SELL
3104,ORD003104,ORD003103,100.36,47,BUY
3106,ORD003106,ORD003105,99.94,3,BUY
3107,ORD003107,ORD003100,98.18,47,SELL
3109,ORD003109,ORD003108,98.31,54,SELL
3110,ORD003110,ORD003108,98.31,27,SELL
3112,ORD003112,ORD003105,99.94,47,BUY
3112,ORD003112,ORD003103,100.36,35,BUY
3112,ORD003112,ORD003101,101.11,10,BUY
3115,ORD003115,ORD003113,99.82,19,SELL
3116,ORD003116,ORD003113,99.82,61,SELL
3119,ORD003119,ORD003118,100.34,27,SELL
3120,ORD003120,ORD003101,101.11,27,BUY
3120,ORD003120,ORD002865,101.35,5,BUY
3120,ORD003120,ORD002992,101.38,64,BUY
3122,ORD003122,ORD003118,100.34,29,SELL
3122,ORD003122,ORD003121,99.44,26,SELL
3126,ORD003126,ORD002992,101.38,36,BUY
3126,ORD003126,ORD002962,101.41,10,BUY
3129,ORD003129,ORD002962,101.41,13,BUY
3131,ORD003131,ORD003124,99.97,11,SELL
3131,ORD003131,ORD003127,98.77,9,SELL
3131,ORD003131,ORD003130,98.38,51,SELL
3134,ORD003134,ORD003130,98.38,3,SELL
3134,ORD003134,ORD003133,98.24,6,SELL
3136,ORD003136,ORD002962,101.41,3,BUY
3140,ORD003140,ORD002962,101.41,6,BUY
3140,ORD003140,ORD003114,101.41,53,BUY
3140,ORD003140,ORD002764,101.48,5,BUY
3142,ORD003142,ORD002764,101.48,33,BUY
3144,ORD003144,ORD002764,101.48,31,BUY
3145,ORD003145,ORD003135,100.47,47,SELL
3145,ORD003145,ORD003138,99.69,9,SELL
3150,ORD003150,ORD003138,99.69,5,SELL
3152,ORD003152,ORD003138,99.69,6,SELL
3152,ORD003152,ORD003139,98.80,38,SELL
3154,ORD003154,ORD003147,99.83,11,BUY
3156,ORD003156,ORD003147,99.83,23,BUY
3158,ORD003158,ORD003147,99.83,44,BUY
3159,ORD003159,ORD003147,99.83,2,BUY
3159,ORD003159,ORD003151,100.34,66,BUY
3159,ORD003159,ORD003153,100.88,13,BUY
3161,ORD003161,ORD003160,100.33,18,BUY
3162,ORD003162,ORD003160,100.33,68,BUY
3162,ORD003162,ORD003153,100.88,24,BUY
3163,ORD003163,ORD003153,100.88,26,BUY
3163,ORD003163,ORD003146,101.40,59,BUY
3163,ORD003163,ORD002764,101.48,3,BUY
3166,ORD003166,ORD003165,101.27,64,BUY
3166,ORD003166,ORD002764,101.48,2,BUY
3166,ORD003166,ORD002937,101.49,24,BUY
3166,ORD003166,ORD002874,101.54,4,BUY
3167,ORD003167,ORD002874,101.54,65,BUY
3169,ORD003169,ORD003164,98.97,70,SELL
3175,ORD003175,ORD003171,100.07,9,BUY
3177,ORD003177,ORD003176,100.04,11,SELL
3177,ORD003177,ORD003170,99.76,10,SELL
3177,ORD003177,ORD003164,98.97,11,SELL
3177,ORD003177,ORD003139,98.80,54,SELL
3177,ORD003177,ORD003157,98.59,10,SELL
3180,ORD003180,ORD003179,99.82,39,SELL
3183,ORD003183,ORD003179,99.82,2,SELL
3183,ORD003183,ORD003182,99.02,58,SELL
3185,ORD003185,ORD003182,99.02,2,SELL
3185,ORD003185,ORD003184,98.96,4,SELL
3185,ORD003185,ORD003157,98.59,2,SELL
3189,ORD003189,ORD003187,98.46,13,SELL
3192,ORD003192,ORD003171,100.07,42,BUY
3192,ORD003192,ORD003191,100.75,44,BUY
3193,ORD003193,ORD003191,100.75,12,BUY
3193,ORD003193,ORD003172,100.77,30,BUY
3195,ORD003195,ORD003172,100.77,2,BUY
3196,ORD003196,ORD003172,100.77,5,BUY
3196,ORD003196,ORD003173,101.34,35,BUY
3200,ORD003200,ORD003197,101.00,42,BUY
3205,ORD003205,ORD003202,100.33,13,BUY
3207,ORD003207,ORD003204,98.62,50,SELL
3209,ORD003209,ORD003202,100.33,1,BUY
3212,ORD003212,ORD003202,100.33,8,BUY
3215,ORD003215,ORD003202,100.33,3,BUY
3215,ORD003215,ORD003208,100.41,1,BUY
3216,ORD003216,ORD003213,99.26,32,SELL
3216,ORD003216,ORD003204,98.62,23,SELL
3216,ORD003216,ORD003206,98.20,5,SELL
3217,ORD003217,ORD003208,100.41,49,BUY
3221,ORD003221,ORD003219,99.13,21,SELL
3221,ORD003221,ORD003206,98.20,58,SELL
3224,ORD003224,ORD003218,99.77,36,BUY
3225,ORD003225,ORD003220,99.81,14,BUY
3226,ORD003226,ORD003220,99.81,28,BUY
3226,ORD003226,ORD003208,100.41,19,BUY
3227,ORD003227,ORD003224,99.78,28,SELL
3227,ORD003227,ORD003222,99.62,16,SELL
3228,ORD003228,ORD003222,99.62,8,SELL
3230,ORD003230,ORD003222,99.62,27,SELL
3230,ORD003230,ORD003223,98.81,71,SELL
3231,ORD003231,ORD003223,98.81,8,SELL
3232,ORD003232,ORD003208,100.41,31,BUY
3232,ORD003232,ORD003211,100.84,59,BUY
3233,ORD003233,ORD003211,100.84,24,BUY
3233,ORD003233,ORD003229,100.87,12,BUY
3233,ORD003233,ORD003203,100.93,30,BUY
3233,ORD003233,ORD003197,101.00,26,BUY
3233,ORD003233,ORD003173,101.34,6,BUY
3235,ORD003235,ORD003223,98.81,18,SELL
3235,ORD003235,ORD003234,98.34,41,SELL
3239,ORD003239,ORD003238,100.95,20,BUY
3240,ORD003240,ORD003236,99.74,48,SELL
3243,ORD003243,ORD003242,100.48,84,BUY
3244,ORD003244,ORD003241,99.89,15,SELL
3246,ORD003246,ORD003238,100.95,28,BUY
3246,ORD003246,ORD003173,101.34,27,BUY
3246,ORD003246,ORD003181,101.36,18,BUY
3248,ORD003248,ORD003241,99.89,18,SELL
3248,ORD003248,ORD003236,99.74,23,SELL
3248,ORD003248,ORD003237,98.52,42,SELL
3249,ORD003249,ORD003237,98.52,4,SELL
3253,ORD003253,ORD003251,100.64,14,BUY
3255,ORD003255,ORD003250,100.15,27,SELL
3255,ORD003255,ORD003254,100.14,36,SELL
3255,ORD003255,ORD003252,99.20,31,SELL
3256,ORD003256,ORD003251,100.64,37,BUY
3256,ORD003256,ORD003247,101.19,11,BUY
3259,ORD003259,ORD003257,99.85,48,SELL
3259,ORD003259,ORD003252,99.20,11,SELL
3260,ORD003260,ORD003258,100.24,5,BUY
3260,ORD003260,ORD003247,101.19,65,BUY
3260,ORD003260,ORD003181,101.36,12,BUY
3265,ORD003265,ORD003263,100.95,72,BUY
3265,ORD003265,ORD003210,101.46,15,BUY
3266,ORD003266,ORD003210,101.46,26,BUY
3266,ORD003266,ORD002874,101.54,20,BUY
3266,ORD003266,ORD003128,101.57,14,BUY
3272,ORD003272,ORD003271,101.26,12,BUY
3275,ORD003275,ORD003269,100.41,25,SELL
3275,ORD003275,ORD003261,100.33,23,SELL
3275,ORD003275,ORD003252,99.20,27,SELL
3286,ORD003286,ORD003282,99.98,42,SELL
3289,ORD003289,ORD003278,100.33,46,BUY
3289,ORD003289,ORD003287,100.49,37,BUY
3291,ORD003291,ORD003290,100.23,10,SELL
3292,ORD003292,ORD003290,100.23,52,SELL
3295,ORD003295,ORD003287,100.49,48,BUY
3295,ORD003295,ORD003277,100.52,52,BUY
3296,ORD003296,ORD003277,100.52,4,BUY
3296,ORD003296,ORD003274,100.85,12,BUY
3297,ORD003297,ORD003290,100.23,3,SELL
3297,ORD003297,ORD003282,99.98,47,SELL
3297,ORD003297,ORD003288,99.87,27,SELL
3298,ORD003298,ORD003288,99.87,39,SELL
3300,ORD003300,ORD003274,100.85,30,BUY
3300,ORD003300,ORD003273,100.86,15,BUY
3304,ORD003304,ORD003288,99.87,23,SELL
3305,ORD003305,ORD003304,99.72,10,BUY
3305,ORD003305,ORD003273,100.86,33,BUY
3305,ORD003305,ORD003299,100.98,49,BUY
3306,ORD003306,ORD003299,100.98,38,BUY
3306,ORD003306,ORD003285,101.16,22,BUY
3306,ORD003306,ORD003303,101.21,4,BUY
3306,ORD003306,ORD003271,101.26,18,BUY
3306,ORD003306,ORD003268,101.30,14,BUY
3307,ORD003307,ORD003252,99.20,8,SELL
3307,ORD003307,ORD003264,99.20,32,SELL
3308,ORD003308,ORD003264,99.20,53,SELL
3310,ORD003310,ORD003309,99.69,4,SELL
3310,ORD003310,ORD003264,99.20,9,SELL
3310,ORD003310,ORD003237,98.52,11,SELL
3313,ORD003313,ORD003237,98.52,18,SELL
3313,ORD003313,ORD003293,98.24,25,SELL
3313,ORD003313,ORD003267,98.11,9,SELL
3314,ORD003314,ORD003311,100.84,77,BUY
3316,ORD003316,ORD003315,100.42,10,SELL
3318,ORD003318,ORD003317,98.11,24,SELL
3319,ORD003319,ORD003311,100.84,16,BUY
3319,ORD003319,ORD003268,101.30,2,BUY
3320,ORD003320,ORD003268,101.30,10,BUY
3320,ORD003320,ORD003276,101.42,19,BUY
3320,ORD003320,ORD003302,101.42,18,BUY
3326,ORD003326,ORD003322,99.77,21,BUY
3328,ORD003328,ORD003327,99.12,70,SELL
3330,ORD003330,ORD003322,99.77,40,BUY
3330,ORD003330,ORD003302,101.42,37,BUY
3330,ORD003330,ORD003128,101.57,19,BUY
3331,ORD003331,ORD003128,101.57,28,BUY
3331,ORD003331,ORD002881,101.58,8,BUY
3331,ORD003331,ORD003281,101.58,21,BUY
3331,ORD003331,ORD002739,101.59,9,BUY
3335,ORD003335,ORD003334,100.00,13,SELL
3336,ORD003336,ORD002739,101.59,17,BUY
3340,ORD003340,ORD003334,100.00,12,SELL
3340,ORD003340,ORD003332,98.66,30,SELL
3341,ORD003341,ORD003339,101.57,53,BUY
3341,ORD003341,ORD002739,101.59,34,BUY
3341,ORD003341,ORD002745,101.61,6,BUY
3342,ORD003342,ORD003332,98.66,29,SELL
3343,ORD003343,ORD002745,101.61,41,BUY
3343,ORD003343,ORD002526,101.62,25,BUY
3344,ORD003344,ORD002526,101.62,20,BUY
3344,ORD003344,ORD002855,101.63,47,BUY
3345,ORD003345,ORD002855,101.63,4,BUY
3347,ORD003347,ORD003346,99.94,36,SELL
3348,ORD003348,ORD003346,99.94,63,SELL
3348,ORD003348,ORD003332,98.66,6,SELL
3350,ORD003350,ORD003349,100.67,12,BUY
3355,ORD003355,ORD003332,98.66,3,SELL
3355,ORD003355,ORD003338,98.62,74,SELL
3356,ORD003356,ORD003354,99.98,18,BUY
3357,ORD003357,ORD003338,98.62,23,SELL
3357,ORD003357,ORD003337,98.17,65,SELL
3358,ORD003358,ORD003337,98.17,1,SELL
3359,ORD003359,ORD003354,99.98,25,BUY
3359,ORD003359,ORD003353,100.31,31,BUY
3359,ORD003359,ORD003349,100.67,37,BUY
3360,ORD003360,ORD003349,100.67,14,BUY
3360,ORD003360,ORD003351,101.04,9,BUY
3360,ORD003360,ORD002855,101.63,28,BUY
3360,ORD003360,ORD003190,101.63,31,BUY
3363,ORD003363,ORD003190,101.63,5,BUY
3363,ORD003363,ORD003214,101.63,5,BUY
3368,ORD003368,ORD003361,100.02,18,SELL
3370,ORD003370,ORD003361,100.02,30,SELL
3373,ORD003373,ORD003366,100.55,35,BUY
3373,ORD003373,ORD003365,100.64,45,BUY
3374,ORD003374,ORD003371,99.72,27,SELL
3379,ORD003379,ORD003378,99.81,32,BUY
3379,ORD003379,ORD003376,99.93,47,BUY
3381,ORD003381,ORD003380,98.70,1,SELL
3381,ORD003381,ORD003377,98.23,76,SELL
3382,ORD003382,ORD003377,98.23,13,SELL
3384,ORD003384,ORD003377,98.23,6,SELL
3386,ORD003386,ORD003376,99.93,3,BUY
3386,ORD003386,ORD003375,100.38,31,BUY
3386,ORD003386,ORD003383,100.61,45,BUY
3394,ORD003394,ORD003391,98.16,34,SELL
3395,ORD003395,ORD003393,99.72,33,BUY
3395,ORD003395,ORD003392,100.40,3,BUY
3395,ORD003395,ORD003387,100.43,39,BUY
3396,ORD003396,ORD003387,100.43,47,BUY
3398,ORD003398,ORD003387,100.43,5,BUY
3398,ORD003398,ORD003390,100.45,61,BUY
3398,ORD003398,ORD003383,100.61,24,BUY
3399,ORD003399,ORD003391,98.16,33,SELL
3400,ORD003400,ORD003391,98.16,25,SELL
3401,ORD003401,ORD003383,100.61,26,BUY
3401,ORD003401,ORD003365,100.64,14,BUY
3402,ORD003402,ORD003365,100.64,12,BUY
3403,ORD003403,ORD003367,100.72,14,BUY
3403,ORD003403,ORD003214,101.63,34,BUY
3403,ORD003403,ORD003279,101.65,13,BUY
3404,ORD003404,ORD003279,101.65,9,BUY
3404,ORD003404,ORD003280,101.65,17,BUY
3405,ORD003405,ORD003280,101.65,13,BUY
3407,ORD003407,ORD003280,101.65,24,BUY
3408,ORD003408,ORD003280,101.65,22,BUY
3410,ORD003410,ORD003280,101.65,5,BUY
3410,ORD003410,ORD002600,101.66,12,BUY
3411,ORD003411,ORD003409,100.24,32,SELL
3417,ORD003417,ORD003409,100.24,5,SELL
3418,ORD003418,ORD003409,100.24,14,SELL
3418,ORD003418,ORD003406,99.95,39,SELL
3419,ORD003419,ORD003406,99.95,32,SELL
3419,ORD003419,ORD003412,98.41,9,SELL
3420,ORD003420,ORD003414,100.49,70,BUY
3420,ORD003420,ORD003416,100.81,30,BUY
3421,ORD003421,ORD003416,100.81,23,BUY
3421,ORD003421,ORD002600,101.66,53,BUY
3424,ORD003424,ORD003422,98.75,27,SELL
3426,ORD003426,ORD003425,100.11,7,BUY
3429,ORD003429,ORD003422,98.75,5,SELL
3429,ORD003429,ORD003423,98.63,38,SELL
3430,ORD003430,ORD003425,100.11,12,BUY
3430,ORD003430,ORD003428,100.88,1,BUY
3431,ORD003431,ORD003423,98.63,14,SELL
3431,ORD003431,ORD003412,98.41,52,SELL
3432,ORD003432,ORD003412,98.41,17,SELL
3432,ORD003432,ORD003413,98.34,35,SELL
3433,ORD003433,ORD003413,98.34,2,SELL
3438,ORD003438,ORD003435,99.59,50,BUY
3439,ORD003439,ORD003435,99.59,39,BUY
3441,ORD003441,ORD003435,99.59,11,BUY
3441,ORD003441,ORD003428,100.88,5,BUY
3441,ORD003441,ORD003437,101.09,4,BUY
3443,ORD003443,ORD003442,100.03,9,BUY
3443,ORD003443,ORD003437,101.09,15,BUY
3443,ORD003443,ORD002600,101.66,12,BUY
3443,ORD003443,ORD002797,101.66,21,BUY
3443,ORD003443,ORD003198,101.66,5,BUY
3444,ORD003444,ORD003198,101.66,22,BUY
3445,ORD003445,ORD003434,99.46,57,SELL
3445,ORD003445,ORD003436,98.38,29,SELL
3450,ORD003450,ORD003447,100.87,35,BUY
3451,ORD003451,ORD003436,98.38,20,SELL
3454,ORD003454,ORD003447,100.87,20,BUY
3455,ORD003455,ORD003453,100.11,29,SELL
3455,ORD003455,ORD003452,98.75,23,SELL
3456,ORD003456,ORD003452,98.75,10,SELL
3458,ORD003458,ORD003447,100.87,40,BUY
3458,ORD003458,ORD003457,101.16,16,BUY
3460,ORD003460,ORD003459,100.33,48,BUY
3460,ORD003460,ORD003457,101.16,15,BUY
3462,ORD003462,ORD003461,100.51,31,BUY
3462,ORD003462,ORD003457,101.16,46,BUY
3464,ORD003464,ORD003463,99.75,11,BUY
3464,ORD003464,ORD003457,101.16,23,BUY
3464,ORD003464,ORD003448,101.17,21,BUY
3466,ORD003466,ORD003448,101.17,23,BUY
3469,ORD003469,ORD003448,101.17,40,BUY
3473,ORD003473,ORD003472,100.82,34,BUY
3474,ORD003474,ORD003472,100.82,29,BUY
3475,ORD003475,ORD003472,100.82,16,BUY
3475,ORD003475,ORD003448,101.17,8,BUY
3475,ORD003475,ORD003449,101.45,20,BUY
3477,ORD003477,ORD003471,100.24,31,SELL
3478,ORD003478,ORD003471,100.24,32,SELL
3479,ORD003479,ORD003478,100.03,8,BUY
3480,ORD003480,ORD003478,100.03,20,BUY
3480,ORD003480,ORD003476,100.40,38,BUY
3481,ORD003481,ORD003476,100.40,28,BUY
3481,ORD003481,ORD003449,101.45,12,BUY
3481,ORD003481,ORD003198,101.66,3,BUY
3484,ORD003484,ORD003465,99.98,25,SELL
3485,ORD003485,ORD003483,100.02,33,BUY
3486,ORD003486,ORD003465,99.98,51,SELL
3487,ORD003487,ORD003465,99.98,14,SELL
3487,ORD003487,ORD003482,99.09,16,SELL
3487,ORD003487,ORD003470,98.21,6,SELL
3489,ORD003489,ORD003483,100.02,22,BUY
3491,ORD003491,ORD003483,100.02,6,BUY
3491,ORD003491,ORD003198,101.66,18,BUY
3491,ORD003491,ORD002825,101.68,54,BUY
3495,ORD003495,ORD003494,100.43,1,BUY
3495,ORD003495,ORD003492,101.30,42,BUY
3497,ORD003497,ORD003492,101.30,12,BUY
3497,ORD003497,ORD002825,101.68,8,BUY
3497,ORD003497,ORD002981,101.68,74,BUY
3501,ORD003501,ORD003498,100.98,38,BUY
3501,ORD003501,ORD002981,101.68,12,BUY
3501,ORD003501,ORD003427,101.68,4,BUY
3504,ORD003504,ORD003502,100.09,1,SELL
3505,ORD003505,ORD003503,101.63,30,BUY
3505,ORD003505,ORD003427,101.68,6,BUY
3505,ORD003505,ORD003352,101.69,22,BUY
3506,ORD003506,ORD003352,101.69,10,BUY
3509,ORD003509,ORD003352,101.69,45,BUY
3509,ORD003509,ORD002805,101.71,30,BUY
3511,ORD003511,ORD003502,100.09,28,SELL
3516,ORD003516,ORD003510,101.64,50,BUY
3516,ORD003516,ORD002805,101.71,39,BUY
3516,ORD003516,ORD003496,101.72,9,BUY
3522,ORD003522,ORD003521,100.70,12,BUY
3525,ORD003525,ORD003521,100.70,67,BUY
3525,ORD003525,ORD003523,100.86,30,BUY
3526,ORD003526,ORD003523,100.86,3,BUY
3526,ORD003526,ORD003517,101.23,47,BUY
3527,ORD003527,ORD003518,100.13,1,SELL
3527,ORD003527,ORD003519,99.99,35,SELL
3527,ORD003527,ORD003520,98.84,30,SELL
3528,ORD003528,ORD003520,98.84,25,SELL
3531,ORD003531,ORD003530,100.33,83,SELL
3532,ORD003532,ORD003517,101.23,25,BUY
3535,ORD003535,ORD003530,100.33,1,SELL
3536,ORD003536,ORD003530,100.33,13,SELL
3538,ORD003538,ORD003530,100.33,3,SELL
3538,ORD003538,ORD003537,99.18,2,SELL
3539,ORD003539,ORD003537,99.18,69,SELL
3540,ORD003540,ORD003520,98.84,10,SELL
3540,ORD003540,ORD003524,98.41,4,SELL
3543,ORD003543,ORD003524,98.41,40,SELL
3545,ORD003545,ORD003542,100.20,53,BUY
3546,ORD003546,ORD003517,101.23,10,BUY
3546,ORD003546,ORD003529,101.37,3,BUY
3547,ORD003547,ORD003545,100.33,16,SELL
3551,ORD003551,ORD003550,101.14,13,BUY
3551,ORD003551,ORD003529,101.37,6,BUY
3551,ORD003551,ORD003496,101.72,35,BUY
3552,ORD003552,ORD003545,100.33,7,SELL
3554,ORD003554,ORD003496,101.72,32,BUY
3554,ORD003554,ORD002540,101.74,15,BUY
3555,ORD003555,ORD002540,101.74,33,BUY
3555,ORD003555,ORD003155,101.74,3,BUY
3555,ORD003555,ORD002730,101.75,40,BUY
3556,ORD003556,ORD002730,101.75,22,BUY
3558,ORD003558,ORD002730,101.75,25,BUY
3558,ORD003558,ORD003201,101.75,61,BUY
3558,ORD003558,ORD003507,101.75,2,BUY
3559,ORD003559,ORD003545,100.33,2,SELL
3559,ORD003559,ORD003553,99.47,14,SELL
3559,ORD003559,ORD003549,99.37,51,SELL
3560,ORD003560,ORD003507,101.75,31,BUY
3562,ORD003562,ORD003507,101.75,21,BUY
3562,ORD003562,ORD003132,101.76,15,BUY
3562,ORD003562,ORD003143,101.76,4,BUY
3562,ORD003562,ORD002802,101.77,32,BUY
3562,ORD003562,ORD002868,101.77,4,BUY
3563,ORD003563,ORD003549,99.37,23,SELL
3563,ORD003563,ORD003561,98.97,56,SELL
3565,ORD003565,ORD002868,101.77,25,BUY
3567,ORD003567,ORD002868,101.77,6,BUY
3569,ORD003569,ORD002868,101.77,15,BUY
3571,ORD003571,ORD003570,100.07,2,SELL
3571,ORD003571,ORD003566,100.04,17,SELL
3573,ORD003573,ORD003566,100.04,26,SELL
3574,ORD003574,ORD002868,101.77,13,BUY
3574,ORD003574,ORD003054,101.77,33,BUY
3575,ORD003575,ORD003054,101.77,36,BUY
3576,ORD003576,ORD003566,100.04,32,SELL
3576,ORD003576,ORD003568,99.83,28,SELL
3578,ORD003578,ORD003568,99.83,36,SELL
3579,ORD003579,ORD003054,101.77,22,BUY
3579,ORD003579,ORD002513,101.78,76,BUY
3580,ORD003580,ORD003568,99.83,24,SELL
3580,ORD003580,ORD003577,99.31,27,SELL
3580,ORD003580,ORD003561,98.97,12,SELL
3580,ORD003580,ORD003572,98.81,20,SELL
3582,ORD003582,ORD003572,98.81,29,SELL
3583,ORD003583,ORD002513,101.78,21,BUY
3583,ORD003583,ORD003178,101.79,10,BUY
3584,ORD003584,ORD003572,98.81,4,SELL
3584,ORD003584,ORD003581,98.69,62,SELL
3584,ORD003584,ORD003564,98.64,5,SELL
3585,ORD003585,ORD003178,101.79,37,BUY
3585,ORD003585,ORD003468,101.80,56,BUY
3588,ORD003588,ORD003587,99.55,37,BUY
3589,ORD003589,ORD003587,99.55,36,BUY
3590,ORD003590,ORD003586,100.18,1,BUY
3591,ORD003591,ORD003586,100.18,84,BUY
3591,ORD003591,ORD003468,101.80,5,BUY
3592,ORD003592,ORD003589,99.67,25,SELL
3595,ORD003595,ORD003589,99.67,11,SELL
3595,ORD003595,ORD003594,99.67,50,SELL
3596,ORD003596,ORD003593,100.56,44,BUY
3599,ORD003599,ORD003593,100.56,46,BUY
3599,ORD003599,ORD003468,101.80,7,BUY
3600,ORD003600,ORD003468,101.80,22,BUY
3600,ORD003600,ORD003362,101.83,49,BUY
3601,ORD003601,ORD003362,101.83,10,BUY
3601,ORD003601,ORD002686,101.85,18,BUY
3602,ORD003602,ORD002686,101.85,2,BUY
3603,ORD003603,ORD003594,99.67,28,SELL
3603,ORD003603,ORD003597,99.23,8,SELL
3605,ORD003605,ORD003604,99.73,31,BUY
3606,ORD003606,ORD002686,101.85,32,BUY
3606,ORD003606,ORD003024,101.86,51,BUY
3606,ORD003606,ORD003050,101.86,6,BUY
3609,ORD003609,ORD003608,100.04,53,BUY
3609,ORD003609,ORD003050,101.86,22,BUY
3610,ORD003610,ORD003605,99.98,38,SELL
3610,ORD003610,ORD003607,99.74,1,SELL
3610,ORD003610,ORD003597,99.23,48,SELL
3610,ORD003610,ORD003564,98.64,3,SELL
3615,ORD003615,ORD003564,98.64,70,SELL
3615,ORD003615,ORD003614,98.49,15,SELL
3616,ORD003616,ORD003611,100.89,22,BUY
3616,ORD003616,ORD003050,101.86,58,BUY
3616,ORD003616,ORD003415,101.86,13,BUY
3617,ORD003617,ORD003415,101.86,33,BUY
3617,ORD003617,ORD002718,101.88,52,BUY
3617,ORD003617,ORD003041,101.89,12,BUY
3619,ORD003619,ORD003618,100.58,1,BUY
3621,ORD003621,ORD003618,100.58,20,BUY
3622,ORD003622,ORD003620,99.71,22,SELL
3625,ORD003625,ORD003620,99.71,32,SELL
3625,ORD003625,ORD003624,99.06,2,SELL
3626,ORD003626,ORD003623,99.89,38,BUY
3630,ORD003630,ORD003623,99.89,24,BUY
3632,ORD003632,ORD003623,99.89,15,BUY
3632,ORD003632,ORD003618,100.58,56,BUY
3633,ORD003633,ORD003618,100.58,12,BUY
3633,ORD003633,ORD003627,101.69,15,BUY
3633,ORD003633,ORD003041,101.89,13,BUY
3633,ORD003633,ORD003488,101.90,3,BUY
3634,ORD003634,ORD003488,101.90,63,BUY
3635,ORD003635,ORD003488,101.90,29,BUY
3638,ORD003638,ORD003636,99.56,10,SELL
3638,ORD003638,ORD003624,99.06,77,SELL
3638,ORD003638,ORD003629,98.99,11,SELL
3641,ORD003641,ORD003488,101.90,2,BUY
3641,ORD003641,ORD002678,101.93,4,BUY
3641,ORD003641,ORD003004,101.93,19,BUY
3642,ORD003642,ORD003004,101.93,23,BUY
3642,ORD003642,ORD002856,101.95,46,BUY
3645,ORD003645,ORD003643,99.87,15,SELL
3648,ORD003648,ORD003646,100.15,11,BUY
3648,ORD003648,ORD002856,101.95,38,BUY
3648,ORD003648,ORD003446,101.95,49,BUY
3649,ORD003649,ORD003446,101.95,12,BUY
3649,ORD003649,ORD003364,101.96,1,BUY
3649,ORD003649,ORD003070,101.97,30,BUY
3649,ORD003649,ORD003137,101.97,18,BUY
3652,ORD003652,ORD003643,99.87,44,SELL
3654,ORD003654,ORD003643,99.87,19,SELL
3654,ORD003654,ORD003640,99.81,11,SELL
3654,ORD003654,ORD003647,99.44,5,SELL
3655,ORD003655,ORD003647,99.44,7,SELL
3659,ORD003659,ORD003653,100.51,8,BUY
3664,ORD003664,ORD003661,100.29,83,SELL
3665,ORD003665,ORD003661,100.29,12,SELL
3665,ORD003665,ORD003660,100.16,33,SELL
3665,ORD003665,ORD003647,99.44,42,SELL
3667,ORD003667,ORD003647,99.44,8,SELL
3667,ORD003667,ORD003663,99.18,13,SELL
3669,ORD003669,ORD003666,100.24,22,BUY
3669,ORD003669,ORD003653,100.51,65,BUY
3669,ORD003669,ORD003658,101.47,3,BUY
3669,ORD003669,ORD003137,101.97,3,BUY
3670,ORD003670,ORD003663,99.18,19,SELL
3670,ORD003670,ORD003629,98.99,21,SELL
3671,ORD003671,ORD003629,98.99,6,SELL
3675,ORD003675,ORD003629,98.99,46,SELL
3675,ORD003675,ORD003656,98.94,6,SELL
3675,ORD003675,ORD003674,98.92,42,SELL
3677,ORD003677,ORD003674,98.92,28,SELL
3677,ORD003677,ORD003637,98.80,8,SELL
3681,ORD003681,ORD003672,101.08,21,BUY
3681,ORD003681,ORD003680,101.24,61,BUY
3682,ORD003682,ORD003678,99.83,28,SELL
3683,ORD003683,ORD003678,99.83,20,SELL
3683,ORD003683,ORD003637,98.80,14,SELL
3683,ORD003683,ORD003679,98.69,34,SELL
3690,ORD003690,ORD003689,99.60,53,BUY
3690,ORD003690,ORD003684,99.81,26,BUY
3696,ORD003696,ORD003695,99.31,2,SELL
3696,ORD003696,ORD003694,98.84,54,SELL
3696,ORD003696,ORD003679,98.69,26,SELL
3700,ORD003700,ORD003684,99.81,68,BUY
3701,ORD003701,ORD003700,100.18,14,SELL
3701,ORD003701,ORD003679,98.69,24,SELL
3703,ORD003703,ORD003679,98.69,9,SELL
3703,ORD003703,ORD003631,98.60,7,SELL
3703,ORD003703,ORD003628,98.57,77,SELL
3705,ORD003705,ORD003704,99.26,10,SELL
3705,ORD003705,ORD003628,98.57,13,SELL
3705,ORD003705,ORD003693,98.52,4,SELL
3705,ORD003705,ORD003614,98.49,12,SELL
3705,ORD003705,ORD003688,98.49,15,SELL
3708,ORD003708,ORD003688,98.49,13,SELL
3708,ORD003708,ORD003613,98.48,21,SELL
3708,ORD003708,ORD003598,98.26,17,SELL
3710,ORD003710,ORD003707,99.61,8,BUY
3711,ORD003711,ORD003707,99.61,39,BUY
3711,ORD003711,ORD003691,100.32,12,BUY
3713,ORD003713,ORD003712,99.91,50,SELL
3713,ORD003713,ORD003598,98.26,1,SELL
3713,ORD003713,ORD003709,98.24,45,SELL
3716,ORD003716,ORD003714,98.64,44,SELL
3716,ORD003716,ORD003709,98.24,28,SELL
3717,ORD003717,ORD003715,99.96,34,BUY
3718,ORD003718,ORD003715,99.96,39,BUY
3719,ORD003719,ORD003715,99.96,1,BUY
3719,ORD003719,ORD003691,100.32,38,BUY
3719,ORD003719,ORD003699,100.36,8,BUY
3719,ORD003719,ORD003702,100.36,4,BUY
3720,ORD003720,ORD003719,100.46,49,SELL
3720,ORD003720,ORD003709,98.24,23,SELL
3720,ORD003720,ORD003685,98.23,14,SELL
3721,ORD003721,ORD003680,101.24,26,BUY
3721,ORD003721,ORD003706,101.24,2,BUY
3728,ORD003728,ORD003724,98.71,24,SELL
3728,ORD003728,ORD003685,98.23,43,SELL
3732,ORD003732,ORD003723,99.55,7,BUY
3732,ORD003732,ORD003722,99.81,14,BUY
3732,ORD003732,ORD003730,100.24,79,BUY
3733,ORD003733,ORD003730,100.24,19,BUY
3734,ORD003734,ORD003685,98.23,35,SELL
3734,ORD003734,ORD003548,98.20,7,SELL
3734,ORD003734,ORD003657,98.13,27,SELL
3734,ORD003734,ORD003557,98.04,3,SELL
3735,ORD003735,ORD003730,100.24,1,BUY
3735,ORD003735,ORD003726,100.93,49,BUY
3735,ORD003735,ORD003725,100.96,22,BUY
3735,ORD003735,ORD003729,101.09,18,BUY
3742,ORD003742,ORD003741,100.45,1,SELL
3743,ORD003743,ORD003739,98.55,71,SELL
3744,ORD003744,ORD003742,99.79,18,BUY
3744,ORD003744,ORD003737,100.64,54,BUY
3744,ORD003744,ORD003729,101.09,26,BUY
3745,ORD003745,ORD003729,101.09,29,BUY
3745,ORD003745,ORD003727,101.10,6,BUY
3747,ORD003747,ORD003746,100.36,62,BUY
3752,ORD003752,ORD003751,100.18,6,BUY
3752,ORD003752,ORD003746,100.36,19,BUY
3752,ORD003752,ORD003727,101.10,4,BUY
3755,ORD003755,ORD003727,101.10,88,BUY
3755,ORD003755,ORD003706,101.24,10,BUY
3756,ORD003756,ORD003706,101.24,82,BUY
3756,ORD003756,ORD003692,101.30,4,BUY
3762,ORD003762,ORD003748,99.71,19,SELL
3763,ORD003763,ORD003761,99.30,64,SELL
3764,ORD003764,ORD003761,99.30,8,SELL
3768,ORD003768,ORD003762,99.63,9,BUY
3769,ORD003769,ORD003761,99.30,3,SELL
3769,ORD003769,ORD003750,99.00,20,SELL
3769,ORD003769,ORD003766,98.86,45,SELL
3770,ORD003770,ORD003766,98.86,25,SELL
3771,ORD003771,ORD003766,98.86,2,SELL
3771,ORD003771,ORD003760,98.80,15,SELL
3772,ORD003772,ORD003760,98.80,22,SELL
3773,ORD003773,ORD003760,98.80,22,SELL
3773,ORD003773,ORD003759,98.70,38,SELL
3773,ORD003773,ORD003739,98.55,10,SELL
3774,ORD003774,ORD003739,98.55,5,SELL
3774,ORD003774,ORD003738,98.43,17,SELL
3776,ORD003776,ORD003738,98.43,11,SELL
3776,ORD003776,ORD003557,98.04,25,SELL
3776,ORD003776,ORD003651,98.01,30,SELL
3777,ORD003777,ORD003651,98.01,4,SELL
3777,ORD003777,ORD003775,98.00,15,SELL
3782,ORD003782,ORD003762,99.63,20,BUY
3782,ORD003782,ORD003692,101.30,17,BUY
3783,ORD003783,ORD003692,101.30,47,BUY
3783,ORD003783,ORD003765,101.32,41,BUY
3784,ORD003784,ORD003765,101.32,57,BUY
3784,ORD003784,ORD003686,101.47,12,BUY
3788,ORD003788,ORD003787,100.97,24,BUY
3788,ORD003788,ORD003686,101.47,30,BUY
3790,ORD003790,ORD003785,99.85,55,SELL
3794,ORD003794,ORD003792,100.49,53,SELL
3794,ORD003794,ORD003785,99.85,9,SELL
3795,ORD003795,ORD003779,99.36,16,SELL
3796,ORD003796,ORD003794,99.56,28,BUY
3796,ORD003796,ORD003789,100.73,36,BUY
3798,ORD003798,ORD003789,100.73,19,BUY
3799,ORD003799,ORD003789,100.73,39,BUY
3799,ORD003799,ORD003686,101.47,28,BUY
3799,ORD003799,ORD003731,101.48,14,BUY
3800,ORD003800,ORD003731,101.48,11,BUY
3800,ORD003800,ORD003797,101.52,2,BUY
3800,ORD003800,ORD003697,101.56,38,BUY
3801,ORD003801,ORD003779,99.36,24,SELL
3801,ORD003801,ORD003791,99.35,15,SELL
3801,ORD003801,ORD003781,98.74,4,SELL
3804,ORD003804,ORD003802,101.22,51,BUY
3807,ORD003807,ORD003806,100.85,5,BUY
3813,ORD003813,ORD003803,99.93,23,SELL
3814,ORD003814,ORD003808,99.73,30,SELL
3814,ORD003814,ORD003805,99.34,32,SELL
3815,ORD003815,ORD003810,100.25,78,BUY
3815,ORD003815,ORD003806,100.85,1,BUY
3817,ORD003817,ORD003805,99.34,56,SELL
3817,ORD003817,ORD003781,98.74,2,SELL
3817,ORD003817,ORD003811,98.71,11,SELL
3821,ORD003821,ORD003820,99.60,24,BUY
3822,ORD003822,ORD003820,99.60,59,BUY
3822,ORD003822,ORD003806,100.85,31,BUY
3826,ORD003826,ORD003823,100.17,24,SELL
3827,ORD003827,ORD003823,100.17,51,SELL
3831,ORD003831,ORD003823,100.17,22,SELL
3831,ORD003831,ORD003829,99.85,12,SELL
3832,ORD003832,ORD003829,99.85,23,SELL
3832,ORD003832,ORD003818,99.44,56,SELL
3832,ORD003832,ORD003811,98.71,19,SELL
3833,ORD003833,ORD003811,98.71,28,SELL
3833,ORD003833,ORD003830,98.49,16,SELL
3834,ORD003834,ORD003824,100.33,59,BUY
3834,ORD003834,ORD003806,100.85,17,BUY
3835,ORD003835,ORD003806,100.85,16,BUY
3835,ORD003835,ORD003809,101.00,62,BUY
3836,ORD003836,ORD003830,98.49,58,SELL
3836,ORD003836,ORD003780,98.42,7,SELL
3837,ORD003837,ORD003780,98.42,4,SELL
3840,ORD003840,ORD003809,101.00,27,BUY
3840,ORD003840,ORD003828,101.03,13,BUY
3844,ORD003844,ORD003841,100.23,5,SELL
3845,ORD003845,ORD003841,100.23,40,SELL
3846,ORD003846,ORD003841,100.23,29,SELL
3846,ORD003846,ORD003842,99.50,13,SELL
3847,ORD003847,ORD003828,101.03,11,BUY
3847,ORD003847,ORD003802,101.22,1,BUY
3847,ORD003847,ORD003812,101.38,5,BUY
3847,ORD003847,ORD003839,101.43,37,BUY
3847,ORD003847,ORD003697,101.56,39,BUY
3847,ORD003847,ORD003757,101.56,1,BUY
3849,ORD003849,ORD003842,99.50,9,SELL
3849,ORD003849,ORD003848,99.19,32,SELL
3852,ORD003852,ORD003757,101.56,3,BUY
3852,ORD003852,ORD003767,101.57,43,BUY
3855,ORD003855,ORD003854,101.01,17,BUY
3856,ORD003856,ORD003851,99.61,14,SELL
3856,ORD003856,ORD003848,99.19,4,SELL
3857,ORD003857,ORD003848,99.19,32,SELL
3857,ORD003857,ORD003780,98.42,10,SELL
3859,ORD003859,ORD003858,100.62,57,BUY
3859,ORD003859,ORD003767,101.57,7,BUY
3859,ORD003859,ORD003673,101.67,6,BUY
3859,ORD003859,ORD003698,101.71,21,BUY
3863,ORD003863,ORD003861,100.55,47,BUY
3863,ORD003863,ORD003862,101.60,32,BUY
3866,ORD003866,ORD003862,101.60,5,BUY
3866,ORD003866,ORD003698,101.71,35,BUY
3869,ORD003869,ORD003867,100.20,1,SELL
3870,ORD003870,ORD003867,100.20,9,SELL
3870,ORD003870,ORD003868,100.06,15,SELL
3870,ORD003870,ORD003864,99.07,3,SELL
3873,ORD003873,ORD003864,99.07,40,SELL
3873,ORD003873,ORD003780,98.42,49,SELL
3874,ORD003874,ORD003871,99.96,13,BUY
3874,ORD003874,ORD003872,100.81,50,BUY
3874,ORD003874,ORD003698,101.71,19,BUY
3877,ORD003877,ORD003875,99.87,1,BUY
3881,ORD003881,ORD003698,101.71,13,BUY
3881,ORD003881,ORD003860,101.73,36,BUY
3881,ORD003881,ORD003740,101.75,22,BUY
3884,ORD003884,ORD003877,100.02,13,SELL
3884,ORD003884,ORD003882,99.92,21,SELL
3886,ORD003886,ORD003885,100.16,18,BUY
3886,ORD003886,ORD003740,101.75,45,BUY
3886,ORD003886,ORD003754,101.77,17,BUY
3887,ORD003887,ORD003882,99.92,31,SELL
3887,ORD003887,ORD003879,99.56,8,SELL
3887,ORD003887,ORD003880,99.30,46,SELL
3888,ORD003888,ORD003754,101.77,33,BUY
3888,ORD003888,ORD003853,101.87,16,BUY
3888,ORD003888,ORD003838,101.89,22,BUY
3890,ORD003890,ORD003889,101.11,23,BUY
3890,ORD003890,ORD003838,101.89,50,BUY
3890,ORD003890,ORD003816,101.91,9,BUY
3890,ORD003890,ORD003749,101.95,10,BUY
3895,ORD003895,ORD003894,100.96,22,BUY
3896,ORD003896,ORD003891,100.32,42,SELL
3897,ORD003897,ORD003896,100.11,32,BUY
3897,ORD003897,ORD003894,100.96,8,BUY
3898,ORD003898,ORD003894,100.96,52,BUY
3898,ORD003898,ORD003893,101.89,31,BUY
3899,ORD003899,ORD003892,99.42,51,SELL
3902,ORD003902,ORD003892,99.42,28,SELL
3902,ORD003902,ORD003880,99.30,8,SELL
3902,ORD003902,ORD003876,98.72,9,SELL
3902,ORD003902,ORD003900,98.65,29,SELL
3903,ORD003903,ORD003901,101.31,24,BUY
3903,ORD003903,ORD003893,101.89,19,BUY
3906,ORD003906,ORD003905,101.54,4,BUY
3907,ORD003907,ORD003905,101.54,14,BUY
3907,ORD003907,ORD003904,101.78,33,BUY
3910,ORD003910,ORD003900,98.65,4,SELL
3910,ORD003910,ORD003883,98.44,23,SELL
3913,ORD003913,ORD003911,100.39,31,BUY
3913,ORD003913,ORD003912,101.50,5,BUY
3915,ORD003915,ORD003914,99.61,9,SELL
3917,ORD003917,ORD003912,101.50,20,BUY
3919,ORD003919,ORD003912,101.50,26,BUY
3920,ORD003920,ORD003912,101.50,26,BUY
3921,ORD003921,ORD003916,100.18,74,SELL
3921,ORD003921,ORD003918,99.82,14,SELL
3924,ORD003924,ORD003912,101.50,16,BUY
3925,ORD003925,ORD003918,99.82,62,SELL
3925,ORD003925,ORD003914,99.61,35,SELL
3926,ORD003926,ORD003912,101.50,4,BUY
3926,ORD003926,ORD003904,101.78,60,BUY
3926,ORD003926,ORD003909,101.85,35,BUY
3927,ORD003927,ORD003909,101.85,25,BUY
3927,ORD003927,ORD003893,101.89,24,BUY
3929,ORD003929,ORD003914,99.61,30,SELL
3929,ORD003929,ORD003883,98.44,1,SELL
3929,ORD003929,ORD003908,98.43,6,SELL
3929,ORD003929,ORD003780,98.42,5,SELL
3929,ORD003929,ORD003825,98.42,2,SELL
3931,ORD003931,ORD003930,99.99,74,BUY
3932,ORD003932,ORD003825,98.42,68,SELL
3932,ORD003932,ORD003819,98.32,1,SELL
3935,ORD003935,ORD003934,99.76,37,BUY
3937,ORD003937,ORD003934,99.76,61,BUY
3937,ORD003937,ORD003930,99.99,6,BUY
3938,ORD003938,ORD003893,101.89,20,BUY
3938,ORD003938,ORD003749,101.95,17,BUY
3942,ORD003942,ORD003937,100.15,7,SELL
3942,ORD003942,ORD003939,99.48,82,SELL
3944,ORD003944,ORD003939,99.48,8,SELL
3944,ORD003944,ORD003943,98.57,38,SELL
3945,ORD003945,ORD003943,98.57,21,SELL
3945,ORD003945,ORD003941,98.54,77,SELL
3947,ORD003947,ORD003940,101.60,9,BUY
3947,ORD003947,ORD003749,101.95,53,BUY
3948,ORD003948,ORD003946,98.65,10,SELL
3948,ORD003948,ORD003941,98.54,9,SELL
3948,ORD003948,ORD003819,98.32,60,SELL
3950,ORD003950,ORD003749,101.95,17,BUY
3950,ORD003950,ORD003137,101.97,27,BUY
3950,ORD003950,ORD002886,101.98,49,BUY
3951,ORD003951,ORD003949,98.69,22,SELL
3951,ORD003951,ORD003819,98.32,6,SELL
3951,ORD003951,ORD003878,98.32,48,SELL
3955,ORD003955,ORD003954,99.90,88,BUY
3955,ORD003955,ORD003953,101.86,3,BUY
3956,ORD003956,ORD003953,101.86,11,BUY
3956,ORD003956,ORD002886,101.98,5,BUY
3959,ORD003959,ORD003878,98.32,30,SELL
3959,ORD003959,ORD003922,98.29,10,SELL
3960,ORD003960,ORD003922,98.29,41,SELL
3960,ORD003960,ORD003786,98.19,21,SELL
3960,ORD003960,ORD003928,98.10,25,SELL
3961,ORD003961,ORD003928,98.10,55,SELL
3962,ORD003962,ORD003958,100.91,14,BUY
3965,ORD003965,ORD003958,100.91,85,BUY
3965,ORD003965,ORD002886,101.98,10,BUY
3966,ORD003966,ORD002886,101.98,33,BUY
3966,ORD003966,ORD003283,101.98,19,BUY
3967,ORD003967,ORD003283,101.98,51,BUY
3967,ORD003967,ORD002804,101.99,4,BUY
3969,ORD003969,ORD002804,101.99,4,BUY
3971,ORD003971,ORD002804,101.99,14,BUY
3973,ORD003973,ORD003968,100.03,68,SELL
3974,ORD003974,ORD003968,100.03,18,SELL
3974,ORD003974,ORD003964,99.99,34,SELL
3975,ORD003975,ORD003972,100.33,7,BUY
3975,ORD003975,ORD002804,101.99,28,BUY
3975,ORD003975,ORD003270,101.99,6,BUY
3975,ORD003975,ORD003369,101.99,6,BUY
3975,ORD003975,ORD003541,102.00,26,BUY
3978,ORD003978,ORD003977,100.74,27,BUY
3978,ORD003978,ORD003976,100.82,46,BUY
3978,ORD003978,ORD003541,102.00,13,BUY
3982,ORD003982,ORD003980,100.59,20,BUY
3982,ORD003982,ORD003541,102.00,15,BUY
3983,ORD003983,ORD003981,100.08,43,SELL
3985,ORD003985,ORD003981,100.08,33,SELL
3988,ORD003988,ORD003987,100.35,9,SELL
3989,ORD003989,ORD003988,100.29,23,BUY
3993,ORD003993,ORD003988,100.29,54,BUY
3993,ORD003993,ORD003992,100.82,22,BUY
3995,ORD003995,ORD003992,100.82,42,BUY
3995,ORD003995,ORD003541,102.00,7,BUY
3996,ORD003996,ORD003541,102.00,29,BUY
3997,ORD003997,ORD003981,100.08,14,SELL
3997,ORD003997,ORD003964,99.99,21,SELL
4000,ORD004000,ORD003999,101.78,34,BUY
4004,ORD004004,ORD003964,99.99,11,SELL
4004,ORD004004,ORD003984,99.99,7,SELL
4004,ORD004004,ORD003970,99.76,3,SELL
4006,ORD004006,ORD004003,100.85,22,BUY
4006,ORD004006,ORD003999,101.78,45,BUY
4006,ORD004006,ORD004001,101.89,18,BUY
4011,ORD004011,ORD004010,100.26,18,BUY
4011,ORD004011,ORD004009,100.77,10,BUY
4011,ORD004011,ORD004007,101.74,11,BUY
4019,ORD004019,ORD004018,101.00,55,BUY
4020,ORD004020,ORD003970,99.76,6,SELL
4022,ORD004022,ORD003970,99.76,51,SELL
4022,ORD004022,ORD004005,99.65,4,SELL
4027,ORD004027,ORD004005,99.65,30,SELL
4027,ORD004027,ORD004008,99.34,52,SELL
4031,ORD004031,ORD004008,99.34,29,SELL
4031,ORD004031,ORD004017,99.28,28,SELL
4033,ORD004033,ORD004017,99.28,36,SELL
4033,ORD004033,ORD004012,99.10,10,SELL
4038,ORD004038,ORD004035,99.43,20,SELL
4040,ORD004040,ORD004039,99.67,3,BUY
4040,ORD004040,ORD004029,100.44,7,BUY
4043,ORD004043,ORD004029,100.44,63,BUY
4043,ORD004043,ORD004030,100.57,30,BUY
4044,ORD004044,ORD004030,100.57,5,BUY
4044,ORD004044,ORD004036,100.75,27,BUY
4046,ORD004046,ORD004036,100.75,52,BUY
4046,ORD004046,ORD004026,101.65,48,BUY
4048,ORD004048,ORD004042,100.18,16,SELL
4049,ORD004049,ORD004042,100.18,5,SELL
4050,ORD004050,ORD004042,100.18,71,SELL
4050,ORD004050,ORD004041,99.89,2,SELL
4051,ORD004051,ORD004026,101.65,37,BUY
4059,ORD004059,ORD004053,100.39,65,SELL
4063,ORD004063,ORD004053,100.39,29,SELL
4064,ORD004064,ORD004063,100.12,10,BUY
4065,ORD004065,ORD004041,99.89,77,SELL
4066,ORD004066,ORD004041,99.89,14,SELL
4066,ORD004066,ORD004062,99.70,8,SELL
4066,ORD004066,ORD004057,99.57,19,SELL
4067,ORD004067,ORD004063,100.12,10,BUY
4067,ORD004067,ORD004061,101.51,7,BUY
4067,ORD004067,ORD004060,101.67,42,BUY
4067,ORD004067,ORD004056,101.99,16,BUY
4071,ORD004071,ORD004070,100.25,49,BUY
4073,ORD004073,ORD004057,99.57,7,SELL
4074,ORD004074,ORD004057,99.57,2,SELL
4075,ORD004075,ORD004057,99.57,6,SELL
4075,ORD004075,ORD004058,99.45,41,SELL
4076,ORD004076,ORD004058,99.45,4,SELL
4078,ORD004078,ORD004070,100.25,26,BUY
4078,ORD004078,ORD004068,100.45,1,BUY
4078,ORD004078,ORD004072,101.35,5,BUY
4079,ORD004079,ORD004058,99.45,45,SELL
4079,ORD004079,ORD004035,99.43,7,SELL
4081,ORD004081,ORD004035,99.43,51,SELL
4082,ORD004082,ORD004035,99.43,7,SELL
4084,ORD004084,ORD004072,101.35,20,BUY
4085,ORD004085,ORD004035,99.43,15,SELL
4085,ORD004085,ORD004012,99.10,47,SELL
4086,ORD004086,ORD004012,99.10,8,SELL
4086,ORD004086,ORD003998,99.09,10,SELL
4087,ORD004087,ORD004072,101.35,14,BUY
4090,ORD004090,ORD004088,99.75,2,BUY
4091,ORD004091,ORD003998,99.09,17,SELL
4091,ORD004091,ORD004034,99.02,47,SELL
4092,ORD004092,ORD004088,99.75,11,BUY
4093,ORD004093,ORD004034,99.02,2,SELL
4094,ORD004094,ORD004034,99.02,21,SELL
4094,ORD004094,ORD003994,98.96,71,SELL
4097,ORD004097,ORD003994,98.96,1,SELL
4097,ORD004097,ORD004047,98.90,36,SELL
4097,ORD004097,ORD003991,98.74,19,SELL
4099,ORD004099,ORD004088,99.75,34,BUY
4100,ORD004100,ORD004088,99.75,1,BUY
4100,ORD004100,ORD004089,100.79,15,BUY
4102,ORD004102,ORD004101,100.20,47,SELL
4102,ORD004102,ORD003991,98.74,40,SELL
4103,ORD004103,ORD003991,98.74,18,SELL
4103,ORD004103,ORD004021,98.65,12,SELL
4103,ORD004103,ORD004080,98.46,18,SELL
4104,ORD004104,ORD004080,98.46,19,SELL
4105,ORD004105,ORD004089,100.79,25,BUY
4106,ORD004106,ORD004080,98.46,17,SELL
4106,ORD004106,ORD004015,98.45,25,SELL
4106,ORD004106,ORD003979,98.39,27,SELL
4109,ORD004109,ORD004108,100.11,4,BUY
4113,ORD004113,ORD004108,100.11,34,BUY
4113,ORD004113,ORD004089,100.79,10,BUY
4113,ORD004113,ORD004098,100.83,34,BUY
4114,ORD004114,ORD004098,100.83,26,BUY
4114,ORD004114,ORD004107,101.05,11,BUY
4114,ORD004114,ORD004095,101.10,33,BUY
4115,ORD004115,ORD004095,101.10,22,BUY
4115,ORD004115,ORD004072,101.35,8,BUY
4118,ORD004118,ORD004117,99.79,51,SELL
4119,ORD004119,ORD004118,99.67,4,BUY
4119,ORD004119,ORD004072,101.35,25,BUY
4119,ORD004119,ORD004110,101.55,4,BUY
4120,ORD004120,ORD003979,98.39,30,SELL
4120,ORD004120,ORD004052,98.32,25,SELL
4122,ORD004122,ORD004110,101.55,57,BUY
4122,ORD004122,ORD004112,101.57,14,BUY
4123,ORD004123,ORD004121,100.20,77,SELL
4127,ORD004127,ORD004121,100.20,12,SELL
4127,ORD004127,ORD004126,99.91,77,SELL
4127,ORD004127,ORD004052,98.32,1,SELL
4128,ORD004128,ORD004052,98.32,8,SELL
4128,ORD004128,ORD004013,98.15,4,SELL
4128,ORD004128,ORD004111,98.15,9,SELL
4128,ORD004128,ORD004096,98.13,37,SELL
4129,ORD004129,ORD004096,98.13,5,SELL
4132,ORD004132,ORD004130,99.94,15,BUY
4133,ORD004133,ORD004131,98.41,21,SELL
4135,ORD004135,ORD004130,99.94,2,BUY
4135,ORD004135,ORD004124,100.78,14,BUY
4138,ORD004138,ORD004124,100.78,19,BUY
4138,ORD004138,ORD004125,100.92,55,BUY
4138,ORD004138,ORD004112,101.57,15,BUY
4139,ORD004139,ORD004134,99.29,15,SELL
4142,ORD004142,ORD004134,99.29,50,SELL
4143,ORD004143,ORD004134,99.29,1,SELL
4143,ORD004143,ORD004131,98.41,10,SELL
4143,ORD004143,ORD004096,98.13,26,SELL
4143,ORD004143,ORD004116,98.03,56,SELL
4146,ORD004146,ORD004141,99.80,40,BUY
4149,ORD004149,ORD004141,99.80,31,BUY
4149,ORD004149,ORD004144,101.12,66,BUY
4150,ORD004150,ORD004144,101.12,17,BUY
4150,ORD004150,ORD004147,101.48,5,BUY
4150,ORD004150,ORD004112,101.57,4,BUY
4150,ORD004150,ORD004077,101.91,10,BUY
4151,ORD004151,ORD004145,98.69,10,SELL
4152,ORD004152,ORD004077,101.91,15,BUY
4152,ORD004152,ORD004056,101.99,13,BUY
4153,ORD004153,ORD004145,98.69,2,SELL
4156,ORD004156,ORD004154,100.25,12,BUY
4157,ORD004157,ORD004145,98.69,79,SELL
4161,ORD004161,ORD004145,98.69,6,SELL
4161,ORD004161,ORD004116,98.03,34,SELL
4161,ORD004161,ORD004155,98.00,38,SELL
4165,ORD004165,ORD004162,99.35,59,SELL
4168,ORD004168,ORD004162,99.35,13,SELL
4168,ORD004168,ORD004167,98.33,68,SELL
4169,ORD004169,ORD004166,99.56,39,BUY
4170,ORD004170,ORD004166,99.56,38,BUY
4170,ORD004170,ORD004164,99.68,4,BUY
4172,ORD004172,ORD004170,100.45,32,SELL
4172,ORD004172,ORD004171,99.96,31,SELL
4177,ORD004177,ORD004171,99.96,16,SELL
4177,ORD004177,ORD004173,98.34,38,SELL
4177,ORD004177,ORD004167,98.33,22,SELL
4179,ORD004179,ORD004178,100.20,17,SELL
4181,ORD004181,ORD004180,100.43,6,BUY
4181,ORD004181,ORD004176,100.59,23,BUY
4182,ORD004182,ORD004178,100.20,1,SELL
4184,ORD004184,ORD004178,100.20,7,SELL
4187,ORD004187,ORD004178,100.20,9,SELL
4187,ORD004187,ORD004186,99.53,3,SELL
4190,ORD004190,ORD004186,99.53,9,SELL
4192,ORD004192,ORD004191,101.10,48,BUY
4194,ORD004194,ORD004191,101.10,49,BUY
4204,ORD004204,ORD004193,100.21,14,SELL
4204,ORD004204,ORD004203,99.98,26,SELL
4205,ORD004205,ORD004199,100.32,38,BUY
4205,ORD004205,ORD004197,101.20,1,BUY
4205,ORD004205,ORD004202,101.41,53,BUY
4205,ORD004205,ORD004198,101.57,7,BUY
4206,ORD004206,ORD004198,101.57,43,BUY
4208,ORD004208,ORD004203,99.98,24,SELL
4209,ORD004209,ORD004203,99.98,16,SELL
4209,ORD004209,ORD004186,99.53,78,SELL
4211,ORD004211,ORD004198,101.57,8,BUY
4215,ORD004215,ORD004212,100.59,30,BUY
4216,ORD004216,ORD004186,99.53,3,SELL
4216,ORD004216,ORD004200,99.30,15,SELL
4217,ORD004217,ORD004200,99.30,38,SELL
4217,ORD004217,ORD004201,99.03,17,SELL
4217,ORD004217,ORD004185,98.70,3,SELL
4219,ORD004219,ORD004185,98.70,51,SELL
4223,ORD004223,ORD004221,100.31,6,BUY
4223,ORD004223,ORD004218,100.48,5,BUY
4225,ORD004225,ORD004218,100.48,38,BUY
4227,ORD004227,ORD004226,99.63,80,BUY
4228,ORD004228,ORD004226,99.63,10,BUY
4228,ORD004228,ORD004218,100.48,15,BUY
4228,ORD004228,ORD004212,100.59,10,BUY
4230,ORD004230,ORD004212,100.59,41,BUY
4231,ORD004231,ORD004229,100.50,11,SELL
4232,ORD004232,ORD004231,99.65,10,BUY
4232,ORD004232,ORD004212,100.59,5,BUY
4234,ORD004234,ORD004233,98.87,80,SELL
4235,ORD004235,ORD004233,98.87,4,SELL
4235,ORD004235,ORD004185,98.70,7,SELL
4235,ORD004235,ORD004195,98.57,53,SELL
4241,ORD004241,ORD004212,100.59,10,BUY
4241,ORD004241,ORD004214,100.76,35,BUY
4243,ORD004243,ORD004240,99.93,2,SELL
4243,ORD004243,ORD004237,99.77,68,SELL
4246,ORD004246,ORD004244,100.48,6,SELL
4247,ORD004247,ORD004214,100.76,36,BUY
4247,ORD004247,ORD004222,101.17,17,BUY
4249,ORD004249,ORD004222,101.17,50,BUY
4250,ORD004250,ORD004244,100.48,38,SELL
4250,ORD004250,ORD004237,99.77,8,SELL
4250,ORD004250,ORD004238,99.67,9,SELL
4250,ORD004250,ORD004242,99.07,45,SELL
4255,ORD004255,ORD004253,99.55,45,BUY
4256,ORD004256,ORD004253,99.55,6,BUY
4256,ORD004256,ORD004222,101.17,10,BUY
4256,ORD004256,ORD004198,101.57,26,BUY
4256,ORD004256,ORD004236,101.61,7,BUY
4258,ORD004258,ORD004252,99.43,8,SELL
4259,ORD004259,ORD004236,101.61,29,BUY
4260,ORD004260,ORD004236,101.61,24,BUY
4260,ORD004260,ORD004254,101.62,43,BUY
4260,ORD004260,ORD004210,101.70,28,BUY
4264,ORD004264,ORD004261,100.23,20,SELL
4265,ORD004265,ORD004210,101.70,3,BUY
4265,ORD004265,ORD004224,101.85,13,BUY
4267,ORD004267,ORD004261,100.23,67,SELL
4267,ORD004267,ORD004252,99.43,6,SELL
4268,ORD004268,ORD004252,99.43,23,SELL
4268,ORD004268,ORD004251,99.25,50,SELL
4270,ORD004270,ORD004251,99.25,39,SELL
4270,ORD004270,ORD004242,99.07,12,SELL
4273,ORD004273,ORD004272,100.21,19,SELL
4276,ORD004276,ORD004273,99.69,41,BUY
4276,ORD004276,ORD004275,100.06,49,BUY
4285,ORD004285,ORD004283,99.61,7,BUY
4285,ORD004285,ORD004281,99.70,42,BUY
4287,ORD004287,ORD004277,99.52,40,SELL
4289,ORD004289,ORD004281,99.70,23,BUY
4291,ORD004291,ORD004281,99.70,11,BUY
4291,ORD004291,ORD004275,100.06,1,BUY
4293,ORD004293,ORD004275,100.06,47,BUY
4295,ORD004295,ORD004282,100.68,82,BUY
4296,ORD004296,ORD004282,100.68,9,BUY
4296,ORD004296,ORD004284,100.70,83,BUY
4301,ORD004301,ORD004300,100.52,51,BUY
4301,ORD004301,ORD004284,100.70,15,BUY
4301,ORD004301,ORD004278,100.81,11,BUY
4302,ORD004302,ORD004299,99.90,46,SELL
4305,ORD004305,ORD004278,100.81,5,BUY
4305,ORD004305,ORD004290,101.06,30,BUY
4305,ORD004305,ORD004292,101.14,14,BUY
4307,ORD004307,ORD004292,101.14,4,BUY
4308,ORD004308,ORD004304,100.48,12,SELL
4308,ORD004308,ORD004299,99.90,19,SELL
4308,ORD004308,ORD004294,99.68,19,SELL
4310,ORD004310,ORD004309,100.00,26,SELL
4310,ORD004310,ORD004294,99.68,39,SELL
4312,ORD004312,ORD004294,99.68,37,SELL
4312,ORD004312,ORD004277,99.52,45,SELL
4312,ORD004312,ORD004286,99.45,15,SELL
4313,ORD004313,ORD004311,100.42,54,BUY
4313,ORD004313,ORD004292,101.14,36,BUY
4314,ORD004314,ORD004292,101.14,40,BUY
4314,ORD004314,ORD004279,101.22,26,BUY
4315,ORD004315,ORD004286,99.45,8,SELL
4315,ORD004315,ORD004280,99.26,28,SELL
4315,ORD004315,ORD004242,99.07,3,SELL
4316,ORD004316,ORD004242,99.07,5,SELL
4317,ORD004317,ORD004248,98.99,26,SELL
4320,ORD004320,ORD004279,101.22,17,BUY
4321,ORD004321,ORD004318,99.42,16,SELL
4322,ORD004322,ORD004279,101.22,30,BUY
4324,ORD004324,ORD004323,100.89,42,BUY
4328,ORD004328,ORD004326,100.33,19,SELL
4328,ORD004328,ORD004318,99.42,7,SELL
4331,ORD004331,ORD004327,101.28,26,BUY
4336,ORD004336,ORD004329,99.80,37,SELL
4336,ORD004336,ORD004330,99.67,22,SELL
4338,ORD004338,ORD004335,100.48,31,BUY
4340,ORD004340,ORD004330,99.67,25,SELL
4341,ORD004341,ORD004340,99.66,2,BUY
4341,ORD004341,ORD004339,100.18,42,BUY
4342,ORD004342,ORD004339,100.18,8,BUY
4344,ORD004344,ORD004335,100.48,48,BUY
4345,ORD004345,ORD004342,100.27,58,SELL
4346,ORD004346,ORD004335,100.48,10,BUY
4346,ORD004346,ORD004333,100.82,26,BUY
4348,ORD004348,ORD004342,100.27,8,SELL
4348,ORD004348,ORD004318,99.42,22,SELL
4348,ORD004348,ORD004325,99.23,7,SELL
4351,ORD004351,ORD004350,100.04,8,SELL
4352,ORD004352,ORD004350,100.04,31,SELL
4352,ORD004352,ORD004325,99.23,68,SELL
4355,ORD004355,ORD004333,100.82,26,BUY
4355,ORD004355,ORD004349,100.96,32,BUY
4355,ORD004355,ORD004347,100.97,10,BUY
4356,ORD004356,ORD004347,100.97,6,BUY
4356,ORD004356,ORD004327,101.28,10,BUY
4357,ORD004357,ORD004353,99.70,3,SELL
4357,ORD004357,ORD004325,99.23,2,SELL
4357,ORD004357,ORD004248,98.99,29,SELL
4357,ORD004357,ORD004245,98.90,38,SELL
4358,ORD004358,ORD004327,101.28,49,BUY
4358,ORD004358,ORD004343,101.54,24,BUY
4358,ORD004358,ORD004337,101.86,12,BUY
4359,ORD004359,ORD004337,101.86,65,BUY
4360,ORD004360,ORD004245,98.90,60,SELL
4360,ORD004360,ORD004332,98.60,11,SELL
4360,ORD004360,ORD004195,98.57,4,SELL
4360,ORD004360,ORD004303,98.56,13,SELL
4361,ORD004361,ORD004303,98.56,64,SELL
4365,ORD004365,ORD004362,100.33,74,SELL
4366,ORD004366,ORD004362,100.33,13,SELL
4366,ORD004366,ORD004303,98.56,12,SELL
4367,ORD004367,ORD004364,101.55,8,BUY
4370,ORD004370,ORD004369,99.66,20,BUY
4372,ORD004372,ORD004369,99.66,4,BUY
4373,ORD004373,ORD004369,99.66,16,BUY
4377,ORD004377,ORD004368,99.57,46,SELL
4377,ORD004377,ORD004374,99.32,47,SELL
4381,ORD004381,ORD004369,99.66,8,BUY
4381,ORD004381,ORD004379,100.36,12,BUY
4382,ORD004382,ORD004374,99.32,34,SELL
4382,ORD004382,ORD004303,98.56,10,SELL
4382,ORD004382,ORD004213,98.55,35,SELL
4383,ORD004383,ORD004379,100.36,47,BUY
4385,ORD004385,ORD004379,100.36,34,BUY
4385,ORD004385,ORD004376,100.38,20,BUY
4387,ORD004387,ORD004385,100.43,7,SELL
4388,ORD004388,ORD004387,99.80,13,BUY
4390,ORD004390,ORD004387,99.80,45,BUY
4390,ORD004390,ORD004364,101.55,21,BUY
4390,ORD004390,ORD004380,101.65,5,BUY
4393,ORD004393,ORD004391,100.41,42,SELL
4394,ORD004394,ORD004391,100.41,22,SELL
4394,ORD004394,ORD004386,99.15,5,SELL
4397,ORD004397,ORD004392,101.41,69,BUY
4397,ORD004397,ORD004380,101.65,17,BUY
4399,ORD004399,ORD004380,101.65,46,BUY
4400,ORD004400,ORD004395,100.46,19,SELL
4400,ORD004400,ORD004396,99.89,38,SELL
4400,ORD004400,ORD004398,99.66,23,SELL
4401,ORD004401,ORD004398,99.66,65,SELL
4401,ORD004401,ORD004386,99.15,19,SELL
4404,ORD004404,ORD004403,100.11,83,BUY
4404,ORD004404,ORD004380,101.65,5,BUY
4405,ORD004405,ORD004386,99.15,31,SELL
4408,ORD004408,ORD004407,101.13,42,BUY
4408,ORD004408,ORD004380,101.65,8,BUY
4411,ORD004411,ORD004386,99.15,11,SELL
4411,ORD004411,ORD004409,98.72,30,SELL
4413,ORD004413,ORD004410,100.47,41,BUY
4413,ORD004413,ORD004380,101.65,7,BUY
4413,ORD004413,ORD004375,101.77,26,BUY
4413,ORD004413,ORD004337,101.86,5,BUY
4415,ORD004415,ORD004412,100.34,85,SELL
4415,ORD004415,ORD004414,100.30,1,SELL
4416,ORD004416,ORD004414,100.30,42,SELL
4417,ORD004417,ORD004414,100.30,1,SELL
4417,ORD004417,ORD004409,98.72,22,SELL
4417,ORD004417,ORD004384,98.56,1,SELL
4422,ORD004422,ORD004421,99.88,56,SELL
4422,ORD004422,ORD004384,98.56,17,SELL
4423,ORD004423,ORD004384,98.56,12,SELL
4423,ORD004423,ORD004213,98.55,55,SELL
4430,ORD004430,ORD004428,100.55,12,BUY
4431,ORD004431,ORD004429,99.71,25,SELL
4433,ORD004433,ORD004429,99.71,16,SELL
4434,ORD004434,ORD004428,100.55,9,BUY
4437,ORD004437,ORD004428,100.55,10,BUY
4437,ORD004437,ORD004436,100.64,37,BUY
4438,ORD004438,ORD004429,99.71,40,SELL
4439,ORD004439,ORD004429,99.71,9,SELL
4439,ORD004439,ORD004435,99.22,30,SELL
4441,ORD004441,ORD004440,101.71,12,BUY
4446,ORD004446,ORD004435,99.22,15,SELL
4447,ORD004447,ORD004435,99.22,4,SELL
4447,ORD004447,ORD004213,98.55,2,SELL
4447,ORD004447,ORD004257,98.46,14,SELL
4447,ORD004447,ORD004306,98.40,70,SELL
4448,ORD004448,ORD004306,98.40,26,SELL
4448,ORD004448,ORD004288,98.35,63,SELL
4450,ORD004450,ORD004449,99.95,45,BUY
4450,ORD004450,ORD004444,100.68,5,BUY
4450,ORD004450,ORD004445,100.91,37,BUY
4451,ORD004451,ORD004288,98.35,11,SELL
4454,ORD004454,ORD004288,98.35,19,SELL
4454,ORD004454,ORD004297,98.33,24,SELL
4457,ORD004457,ORD004455,100.27,33,BUY
4458,ORD004458,ORD004457,100.36,1,SELL
4458,ORD004458,ORD004297,98.33,33,SELL
4458,ORD004458,ORD004274,98.32,40,SELL
4459,ORD004459,ORD004274,98.32,17,SELL
4459,ORD004459,ORD004298,98.26,48,SELL
4459,ORD004459,ORD004174,98.24,3,SELL
4460,ORD004460,ORD004453,100.37,7,BUY
4461,ORD004461,ORD004174,98.24,84,SELL
4461,ORD004461,ORD004420,98.22,9,SELL
4463,ORD004463,ORD004462,99.67,21,SELL
4465,ORD004465,ORD004453,100.37,30,BUY
4465,ORD004465,ORD004456,100.49,32,BUY
4466,ORD004466,ORD004464,99.90,58,SELL
4466,ORD004466,ORD004462,99.67,9,SELL
4472,ORD004472,ORD004471,100.06,19,SELL
4472,ORD004472,ORD004462,99.67,39,SELL
4472,ORD004472,ORD004468,98.31,32,SELL
4472,ORD004472,ORD004420,98.22,10,SELL
4473,ORD004473,ORD004420,98.22,21,SELL
4473,ORD004473,ORD004419,98.18,30,SELL
4474,ORD004474,ORD004419,98.18,54,SELL
4474,ORD004474,ORD004371,98.16,21,SELL
4478,ORD004478,ORD004476,99.52,9,SELL
4478,ORD004478,ORD004371,98.16,1,SELL
4479,ORD004479,ORD004371,98.16,2,SELL
4479,ORD004479,ORD004183,98.12,25,SELL
4480,ORD004480,ORD004477,99.97,53,BUY
4481,ORD004481,ORD004477,99.97,32,BUY
4482,ORD004482,ORD004183,98.12,34,SELL
4483,ORD004483,ORD004477,99.97,5,BUY
4483,ORD004483,ORD004470,100.45,9,BUY
4483,ORD004483,ORD004456,100.49,16,BUY
4485,ORD004485,ORD004456,100.49,30,BUY
4485,ORD004485,ORD004475,100.89,54,BUY
4487,ORD004487,ORD004475,100.89,2,BUY
4487,ORD004487,ORD004445,100.91,42,BUY
4487,ORD004487,ORD004452,101.05,40,BUY
4488,ORD004488,ORD004486,98.70,37,SELL
4489,ORD004489,ORD004486,98.70,5,SELL
4490,ORD004490,ORD004486,98.70,30,SELL
4492,ORD004492,ORD004486,98.70,25,SELL
4492,ORD004492,ORD004183,98.12,19,SELL
4494,ORD004494,ORD004491,99.91,20,BUY
4495,ORD004495,ORD004491,99.91,3,BUY
4497,ORD004497,ORD004496,99.77,26,BUY
4498,ORD004498,ORD004183,98.12,3,SELL
4498,ORD004498,ORD004418,98.05,22,SELL
4498,ORD004498,ORD004220,98.02,5,SELL
4498,ORD004498,ORD004266,98.02,64,SELL
4500,ORD004500,ORD004266,98.02,23,SELL
4500,ORD004500,ORD004155,98.00,20,SELL
4503,ORD004503,ORD004496,99.77,1,BUY
4504,ORD004504,ORD004503,99.84,4,SELL
4505,ORD004505,ORD004491,99.91,49,BUY
4505,ORD004505,ORD004502,100.03,11,BUY
4505,ORD004505,ORD004501,100.29,10,BUY
4507,ORD004507,ORD004501,100.29,86,BUY
4507,ORD004507,ORD004499,100.41,2,BUY
4507,ORD004507,ORD004452,101.05,4,BUY
4509,ORD004509,ORD004452,101.05,28,BUY
4509,ORD004509,ORD004484,101.23,65,BUY
4517,ORD004517,ORD004514,100.30,20,SELL
4517,ORD004517,ORD004506,100.00,78,SELL
4519,ORD004519,ORD004506,100.00,17,SELL
4519,ORD004519,ORD004503,99.84,8,SELL
4521,ORD004521,ORD004515,100.35,9,BUY
4521,ORD004521,ORD004512,100.53,50,BUY
4522,ORD004522,ORD004512,100.53,30,BUY
4522,ORD004522,ORD004510,100.87,15,BUY
4524,ORD004524,ORD004510,100.87,7,BUY
4525,ORD004525,ORD004503,99.84,5,SELL
4528,ORD004528,ORD004527,99.95,23,BUY
4530,ORD004530,ORD004503,99.84,3,SELL
4531,ORD004531,ORD004503,99.84,15,SELL
4534,ORD004534,ORD004527,99.95,18,BUY
4534,ORD004534,ORD004533,99.98,8,BUY
4535,ORD004535,ORD004503,99.84,3,SELL
4541,ORD004541,ORD004503,99.84,33,SELL
4541,ORD004541,ORD004511,99.19,55,SELL
4543,ORD004543,ORD004533,99.98,17,BUY
4543,ORD004543,ORD004510,100.87,60,BUY
4544,ORD004544,ORD004511,99.19,24,SELL
4545,ORD004545,ORD004511,99.19,3,SELL
4545,ORD004545,ORD004526,98.88,19,SELL
4549,ORD004549,ORD004546,99.54,11,BUY
4549,ORD004549,ORD004547,99.85,78,BUY
4549,ORD004549,ORD004510,100.87,10,BUY
4550,ORD004550,ORD004510,100.87,2,BUY
4550,ORD004550,ORD004536,100.95,39,BUY
4551,ORD004551,ORD004526,98.88,32,SELL
4553,ORD004553,ORD004536,100.95,4,BUY
4553,ORD004553,ORD004532,101.21,34,BUY
4553,ORD004553,ORD004540,101.21,10,BUY
4553,ORD004553,ORD004484,101.23,1,BUY
4555,ORD004555,ORD004554,99.57,86,BUY
4555,ORD004555,ORD004484,101.23,7,BUY
4556,ORD004556,ORD004484,101.23,12,BUY
4556,ORD004556,ORD004518,101.31,19,BUY
4556,ORD004556,ORD004523,101.36,7,BUY
4556,ORD004556,ORD004529,101.37,32,BUY
4556,ORD004556,ORD004493,101.38,4,BUY
4558,ORD004558,ORD004493,101.38,23,BUY
4561,ORD004561,ORD004560,99.36,2,SELL
4565,ORD004565,ORD004560,99.36,67,SELL
4565,ORD004565,ORD004526,98.88,1,SELL
4569,ORD004569,ORD004567,100.50,19,BUY
4571,ORD004571,ORD004568,99.81,21,SELL
4573,ORD004573,ORD004570,99.95,25,BUY
4573,ORD004573,ORD004567,100.50,21,BUY
4573,ORD004573,ORD004559,100.78,15,BUY
4573,ORD004573,ORD004493,101.38,18,BUY
4576,ORD004576,ORD004574,100.99,56,BUY
4583,ORD004583,ORD004582,100.25,54,SELL
4585,ORD004585,ORD004582,100.25,17,SELL
4585,ORD004585,ORD004577,99.86,73,SELL
4588,ORD004588,ORD004574,100.99,23,BUY
4588,ORD004588,ORD004493,101.38,39,BUY
4590,ORD004590,ORD004577,99.86,18,SELL
4590,ORD004590,ORD004568,99.81,7,SELL
4590,ORD004590,ORD004589,99.59,34,SELL
4593,ORD004593,ORD004493,101.38,14,BUY
4593,ORD004593,ORD004563,101.38,15,BUY
4594,ORD004594,ORD004563,101.38,70,BUY
4595,ORD004595,ORD004563,101.38,2,BUY
4595,ORD004595,ORD004566,101.44,22,BUY
4597,ORD004597,ORD004566,101.44,28,BUY
4597,ORD004597,ORD004467,101.46,34,BUY
4599,ORD004599,ORD004467,101.46,14,BUY
4599,ORD004599,ORD004516,101.51,55,BUY
4600,ORD004600,ORD004589,99.59,10,SELL
4602,ORD004602,ORD004516,101.51,20,BUY
4602,ORD004602,ORD004542,101.76,51,BUY
4602,ORD004602,ORD004548,101.82,5,BUY
4605,ORD004605,ORD004604,100.05,20,SELL
4605,ORD004605,ORD004589,99.59,32,SELL
4607,ORD004607,ORD004589,99.59,5,SELL
4607,ORD004607,ORD004584,99.41,74,SELL
4608,ORD004608,ORD004548,101.82,15,BUY
4608,ORD004608,ORD004586,101.83,14,BUY
4610,ORD004610,ORD004609,99.52,57,BUY
4611,ORD004611,ORD004584,99.41,5,SELL
4611,ORD004611,ORD004579,99.35,25,SELL
4611,ORD004611,ORD004575,99.28,26,SELL
4611,ORD004611,ORD004587,99.25,24,SELL
4612,ORD004612,ORD004587,99.25,26,SELL
4612,ORD004612,ORD004598,99.06,31,SELL
4613,ORD004613,ORD004598,99.06,50,SELL
4613,ORD004613,ORD004526,98.88,22,SELL
4616,ORD004616,ORD004526,98.88,2,SELL
4616,ORD004616,ORD004606,98.88,8,SELL
4618,ORD004618,ORD004617,100.00,39,SELL
4618,ORD004618,ORD004606,98.88,5,SELL
4618,ORD004618,ORD004596,98.81,15,SELL
4619,ORD004619,ORD004596,98.81,83,SELL
4619,ORD004619,ORD004603,98.75,11,SELL
4621,ORD004621,ORD004603,98.75,2,SELL
4625,ORD004625,ORD004623,99.80,5,BUY
4625,ORD004625,ORD004615,100.75,65,BUY
4626,ORD004626,ORD004622,99.29,14,SELL
4628,ORD004628,ORD004615,100.75,7,BUY
4628,ORD004628,ORD004586,101.83,16,BUY
4628,ORD004628,ORD004601,101.89,15,BUY
4628,ORD004628,ORD004591,101.91,2,BUY
4632,ORD004632,ORD004591,101.91,12,BUY
4634,ORD004634,ORD004629,99.84,34,SELL
4634,ORD004634,ORD004627,99.35,66,SELL
4637,ORD004637,ORD004636,99.92,25,SELL
4637,ORD004637,ORD004627,99.35,6,SELL
4637,ORD004637,ORD004622,99.29,37,SELL
4637,ORD004637,ORD004630,99.04,5,SELL
4639,ORD004639,ORD004630,99.04,26,SELL
4639,ORD004639,ORD004603,98.75,57,SELL
4640,ORD004640,ORD004638,101.78,84,BUY
4642,ORD004642,ORD004603,98.75,15,SELL
4642,ORD004642,ORD004620,98.73,18,SELL
4643,ORD004643,ORD004641,99.81,30,BUY
4645,ORD004645,ORD004644,101.82,48,BUY
4647,ORD004647,ORD004646,101.03,55,BUY
4650,ORD004650,ORD004620,98.73,4,SELL
4651,ORD004651,ORD004620,98.73,50,SELL
4653,ORD004653,ORD004620,98.73,3,SELL
4653,ORD004653,ORD004562,98.66,10,SELL
4655,ORD004655,ORD004652,100.31,77,BUY
4655,ORD004655,ORD004646,101.03,1,BUY
4660,ORD004660,ORD004659,99.60,82,SELL
4660,ORD004660,ORD004654,98.78,17,SELL
4662,ORD004662,ORD004661,99.39,75,SELL
4667,ORD004667,ORD004665,100.62,8,BUY
4668,ORD004668,ORD004666,99.59,47,SELL
4670,ORD004670,ORD004661,99.39,17,SELL
4670,ORD004670,ORD004663,98.87,43,SELL
4674,ORD004674,ORD004673,99.58,9,BUY
4679,ORD004679,ORD004677,99.39,46,SELL
4679,ORD004679,ORD004675,99.30,42,SELL
4680,ORD004680,ORD004673,99.58,16,BUY
4680,ORD004680,ORD004678,99.99,37,BUY
4680,ORD004680,ORD004669,100.24,36,BUY
4683,ORD004683,ORD004681,100.03,42,BUY
4683,ORD004683,ORD004669,100.24,32,BUY
4683,ORD004683,ORD004676,100.78,14,BUY
4684,ORD004684,ORD004675,99.30,35,SELL
4684,ORD004684,ORD004663,98.87,14,SELL
4685,ORD004685,ORD004663,98.87,35,SELL
4685,ORD004685,ORD004654,98.78,14,SELL
4687,ORD004687,ORD004654,98.78,32,SELL
4687,ORD004687,ORD004562,98.66,46,SELL
4690,ORD004690,ORD004562,98.66,13,SELL
4690,ORD004690,ORD004648,98.45,61,SELL
4692,ORD004692,ORD004648,98.45,17,SELL
4692,ORD004692,ORD004552,98.43,74,SELL
4694,ORD004694,ORD004552,98.43,6,SELL
4694,ORD004694,ORD004557,98.39,83,SELL
4694,ORD004694,ORD004508,98.33,6,SELL
4699,ORD004699,ORD004686,99.66,10,BUY
4708,ORD004708,ORD004686,99.66,30,BUY
4708,ORD004708,ORD004698,99.82,39,BUY
4713,ORD004713,ORD004706,99.60,27,SELL
4713,ORD004713,ORD004710,99.11,58,SELL
4716,ORD004716,ORD004698,99.82,28,BUY
4716,ORD004716,ORD004704,100.02,23,BUY
4719,ORD004719,ORD004704,100.02,40,BUY
4720,ORD004720,ORD004714,99.16,32,SELL
4724,ORD004724,ORD004722,99.79,6,SELL
4724,ORD004724,ORD004721,99.73,38,SELL
4725,ORD004725,ORD004721,99.73,4,SELL
4725,ORD004725,ORD004714,99.16,64,SELL
4725,ORD004725,ORD004710,99.11,16,SELL
4725,ORD004725,ORD004705,98.98,13,SELL
4726,ORD004726,ORD004705,98.98,54,SELL
4726,ORD004726,ORD004701,98.75,35,SELL
4729,ORD004729,ORD004728,99.57,70,SELL
4729,ORD004729,ORD004701,98.75,12,SELL
4731,ORD004731,ORD004701,98.75,23,SELL
4731,ORD004731,ORD004723,98.75,40,SELL
4732,ORD004732,ORD004723,98.75,15,SELL
4733,ORD004733,ORD004723,98.75,37,SELL
4733,ORD004733,ORD004508,98.33,1,SELL
4733,ORD004733,ORD004572,98.28,49,SELL
4734,ORD004734,ORD004730,99.71,43,BUY
4734,ORD004734,ORD004704,100.02,1,BUY
4734,ORD004734,ORD004727,100.02,17,BUY
4735,ORD004735,ORD004572,98.28,21,SELL
4739,ORD004739,ORD004738,98.94,14,SELL
4741,ORD004741,ORD004738,98.94,19,SELL
4741,ORD004741,ORD004572,98.28,15,SELL
4743,ORD004743,ORD004727,100.02,14,BUY
4743,ORD004743,ORD004703,100.16,43,BUY
4743,ORD004743,ORD004693,100.23,15,BUY
4744,ORD004744,ORD004693,100.23,22,BUY
4744,ORD004744,ORD004740,100.31,6,BUY
4746,ORD004746,ORD004740,100.31,21,BUY
4746,ORD004746,ORD004688,100.58,44,BUY
4746,ORD004746,ORD004696,100.60,1,BUY
4749,ORD004749,ORD004696,100.60,52,BUY
4754,ORD004754,ORD004752,100.38,26,BUY
4757,ORD004757,ORD004752,100.38,27,BUY
4762,ORD004762,ORD004748,99.99,3,SELL
4762,ORD004762,ORD004756,99.89,35,SELL
4762,ORD004762,ORD004761,99.56,15,SELL
4762,ORD004762,ORD004758,98.51,29,SELL
4763,ORD004763,ORD004759,100.06,17,BUY
4764,ORD004764,ORD004758,98.51,22,SELL
4765,ORD004765,ORD004758,98.51,10,SELL
4765,ORD004765,ORD004750,98.43,12,SELL
4767,ORD004767,ORD004766,99.53,1,SELL
4768,ORD004768,ORD004766,99.53,8,SELL
4770,ORD004770,ORD004759,100.06,13,BUY
4770,ORD004770,ORD004752,100.38,35,BUY
4772,ORD004772,ORD004771,99.61,8,SELL
4772,ORD004772,ORD004766,99.53,74,SELL
4775,ORD004775,ORD004766,99.53,10,SELL
4775,ORD004775,ORD004773,99.36,40,SELL
4776,ORD004776,ORD004773,99.36,20,SELL
4776,ORD004776,ORD004750,98.43,3,SELL
4779,ORD004779,ORD004750,98.43,54,SELL
4779,ORD004779,ORD004572,98.28,9,SELL
4779,ORD004779,ORD004689,98.28,6,SELL
4780,ORD004780,ORD004752,100.38,3,BUY
4780,ORD004780,ORD004696,100.60,19,BUY
4780,ORD004780,ORD004760,100.62,18,BUY
4781,ORD004781,ORD004689,98.28,49,SELL
4782,ORD004782,ORD004689,98.28,14,SELL
4782,ORD004782,ORD004520,98.25,11,SELL
4782,ORD004782,ORD004718,98.20,32,SELL
4782,ORD004782,ORD004658,98.17,13,SELL
4783,ORD004783,ORD004760,100.62,15,BUY
4783,ORD004783,ORD004702,100.66,5,BUY
4785,ORD004785,ORD004784,99.95,31,SELL
4786,ORD004786,ORD004785,99.68,16,BUY
4786,ORD004786,ORD004702,100.66,38,BUY
4786,ORD004786,ORD004751,100.77,6,BUY
4787,ORD004787,ORD004658,98.17,13,SELL
4788,ORD004788,ORD004751,100.77,73,BUY
4792,ORD004792,ORD004789,98.54,24,SELL
4793,ORD004793,ORD004789,98.54,36,SELL
4793,ORD004793,ORD004790,98.43,12,SELL
4793,ORD004793,ORD004658,98.17,43,SELL
4795,ORD004795,ORD004751,100.77,1,BUY
4796,ORD004796,ORD004658,98.17,7,SELL
4798,ORD004798,ORD004751,100.77,18,BUY
4798,ORD004798,ORD004676,100.78,1,BUY
4799,ORD004799,ORD004797,99.90,38,SELL
4799,ORD004799,ORD004658,98.17,6,SELL
4803,ORD004803,ORD004800,99.85,81,BUY
4804,ORD004804,ORD004800,99.85,13,BUY
4804,ORD004804,ORD004802,100.44,3,BUY
4804,ORD004804,ORD004676,100.78,1,BUY
4809,ORD004809,ORD004807,100.38,49,BUY
4809,ORD004809,ORD004676,100.78,20,BUY
4810,ORD004810,ORD004676,100.78,29,BUY
4810,ORD004810,ORD004712,100.96,27,BUY
4812,ORD004812,ORD004806,99.69,35,SELL
4812,ORD004812,ORD004805,99.51,37,SELL
4813,ORD004813,ORD004805,99.51,2,SELL
4813,ORD004813,ORD004801,98.76,58,SELL
4815,ORD004815,ORD004814,99.25,35,SELL
4815,ORD004815,ORD004658,98.17,10,SELL
4815,ORD004815,ORD004513,98.13,47,SELL
4815,ORD004815,ORD004624,98.10,4,SELL
4817,ORD004817,ORD004712,100.96,2,BUY
4817,ORD004817,ORD004672,101.01,5,BUY
4817,ORD004817,ORD004700,101.02,32,BUY
4819,ORD004819,ORD004700,101.02,53,BUY
4819,ORD004819,ORD004736,101.13,41,BUY
4821,ORD004821,ORD004820,100.45,6,SELL
4822,ORD004822,ORD004736,101.13,12,BUY
4822,ORD004822,ORD004747,101.19,56,BUY
4823,ORD004823,ORD004820,100.45,19,SELL
4824,ORD004824,ORD004747,101.19,3,BUY
4824,ORD004824,ORD004778,101.23,19,BUY
4826,ORD004826,ORD004820,100.45,11,SELL
4826,ORD004826,ORD004816,98.27,5,SELL
4826,ORD004826,ORD004624,98.10,11,SELL
4827,ORD004827,ORD004778,101.23,3,BUY
4828,ORD004828,ORD004624,98.10,37,SELL
4828,ORD004828,ORD004580,98.01,1,SELL
4829,ORD004829,ORD004580,98.01,76,SELL
4830,ORD004830,ORD004778,101.23,65,BUY
4830,ORD004830,ORD004811,101.26,2,BUY
4831,ORD004831,ORD004811,101.26,16,BUY
4832,ORD004832,ORD004811,101.26,12,BUY
4838,ORD004838,ORD004833,98.35,34,SELL
4839,ORD004839,ORD004834,100.95,69,BUY
4839,ORD004839,ORD004835,101.04,8,BUY
4842,ORD004842,ORD004840,100.12,16,BUY
4842,ORD004842,ORD004835,101.04,42,BUY
4842,ORD004842,ORD004811,101.26,27,BUY
4844,ORD004844,ORD004833,98.35,3,SELL
4848,ORD004848,ORD004833,98.35,27,SELL
4848,ORD004848,ORD004841,98.21,13,SELL
4848,ORD004848,ORD004580,98.01,4,SELL
4850,ORD004850,ORD004846,100.19,18,BUY
4854,ORD004854,ORD004851,99.77,34,SELL
4855,ORD004855,ORD004853,99.87,46,BUY
4856,ORD004856,ORD004853,99.87,5,BUY
4856,ORD004856,ORD004846,100.19,16,BUY
4857,ORD004857,ORD004846,100.19,19,BUY
4857,ORD004857,ORD004843,100.32,19,BUY
4857,ORD004857,ORD004845,101.16,9,BUY
4857,ORD004857,ORD004811,101.26,12,BUY
4860,ORD004860,ORD004851,99.77,15,SELL
4862,ORD004862,ORD004811,101.26,25,BUY
4862,ORD004862,ORD004791,101.36,26,BUY
4863,ORD004863,ORD004791,101.36,35,BUY
4863,ORD004863,ORD004825,101.36,2,BUY
4863,ORD004863,ORD004682,101.46,7,BUY
4863,ORD004863,ORD004777,101.48,24,BUY
4863,ORD004863,ORD004769,101.60,10,BUY
4864,ORD004864,ORD004769,101.60,25,BUY
4864,ORD004864,ORD004837,101.61,11,BUY
4864,ORD004864,ORD004707,101.62,15,BUY
4864,ORD004864,ORD004697,101.72,2,BUY
4867,ORD004867,ORD004697,101.72,17,BUY
4868,ORD004868,ORD004861,99.97,12,SELL
4870,ORD004870,ORD004861,99.97,30,SELL
4870,ORD004870,ORD004851,99.77,12,SELL
4871,ORD004871,ORD004851,99.77,9,SELL
4871,ORD004871,ORD004852,99.63,66,SELL
4871,ORD004871,ORD004859,99.40,18,SELL
4874,ORD004874,ORD004873,100.45,4,SELL
4875,ORD004875,ORD004869,101.29,1,BUY
4878,ORD004878,ORD004877,100.55,41,BUY
4884,ORD004884,ORD004873,100.45,11,SELL
4887,ORD004887,ORD004873,100.45,39,SELL
4887,ORD004887,ORD004880,100.12,2,SELL
4888,ORD004888,ORD004877,100.55,22,BUY
4888,ORD004888,ORD004883,100.60,18,BUY
4891,ORD004891,ORD004880,100.12,23,SELL
4896,ORD004896,ORD004880,100.12,29,SELL
4899,ORD004899,ORD004880,100.12,37,SELL
4899,ORD004899,ORD004879,99.67,24,SELL
4899,ORD004899,ORD004894,99.53,39,SELL
4902,ORD004902,ORD004894,99.53,61,SELL
4902,ORD004902,ORD004895,99.16,1,SELL
4902,ORD004902,ORD004866,99.15,4,SELL
4902,ORD004902,ORD004885,98.90,5,SELL
4902,ORD004902,ORD004876,98.77,14,SELL
4904,ORD004904,ORD004876,98.77,6,SELL
4904,ORD004904,ORD004886,98.76,73,SELL
4905,ORD004905,ORD004903,98.47,4,SELL
4905,ORD004905,ORD004901,98.45,21,SELL
4907,ORD004907,ORD004898,100.55,3,BUY
4907,ORD004907,ORD004883,100.60,5,BUY
4908,ORD004908,ORD004883,100.60,12,BUY
4908,ORD004908,ORD004890,101.01,46,BUY
4909,ORD004909,ORD004890,101.01,36,BUY
4914,ORD004914,ORD004911,100.10,88,BUY
4917,ORD004917,ORD004911,100.10,9,BUY
4917,ORD004917,ORD004916,100.32,47,BUY
4917,ORD004917,ORD004890,101.01,1,BUY
4920,ORD004920,ORD004890,101.01,14,BUY
4920,ORD004920,ORD004893,101.11,12,BUY
4920,ORD004920,ORD004918,101.27,3,BUY
4920,ORD004920,ORD004869,101.29,1,BUY
4920,ORD004920,ORD004881,101.46,20,BUY
4920,ORD004920,ORD004897,101.66,23,BUY
4920,ORD004920,ORD004697,101.72,24,BUY
4920,ORD004920,ORD004709,101.72,3,BUY
4923,ORD004923,ORD004753,101.73,18,BUY
4923,ORD004923,ORD004695,101.85,8,BUY
4924,ORD004924,ORD004919,99.69,57,SELL
4924,ORD004924,ORD004906,99.60,6,SELL
4925,ORD004925,ORD004695,101.85,30,BUY
4930,ORD004930,ORD004906,99.60,59,SELL
4930,ORD004930,ORD004922,99.28,40,SELL
4935,ORD004935,ORD004931,99.91,16,BUY
4935,ORD004935,ORD004933,100.15,31,BUY
4936,ORD004936,ORD004933,100.15,8,BUY
4941,ORD004941,ORD004940,99.89,28,BUY
4941,ORD004941,ORD004938,100.04,46,BUY
4945,ORD004945,ORD004944,99.62,13,BUY
4945,ORD004945,ORD004938,100.04,1,BUY
4945,ORD004945,ORD004942,100.05,2,BUY
4945,ORD004945,ORD004933,100.15,47,BUY
4945,ORD004945,ORD004928,100.66,30,BUY
4947,ORD004947,ORD004943,99.50,10,SELL
4947,ORD004947,ORD004922,99.28,60,SELL
4947,ORD004947,ORD004912,99.17,1,SELL
4948,ORD004948,ORD004946,100.51,16,BUY
4951,ORD004951,ORD004946,100.51,16,BUY
4951,ORD004951,ORD004949,100.55,16,BUY
4954,ORD004954,ORD004949,100.55,48,BUY
4957,ORD004957,ORD004953,100.27,38,SELL
4960,ORD004960,ORD004953,100.27,5,SELL
4960,ORD004960,ORD004956,100.03,54,SELL
4961,ORD004961,ORD004956,100.03,6,SELL
4961,ORD004961,ORD004912,99.17,44,SELL
4963,ORD004963,ORD004955,100.35,34,BUY
4963,ORD004963,ORD004949,100.55,29,BUY
4966,ORD004966,ORD004949,100.55,6,BUY
4966,ORD004966,ORD004928,100.66,15,BUY
4967,ORD004967,ORD004964,99.94,57,SELL
4967,ORD004967,ORD004965,99.26,40,SELL
4970,ORD004970,ORD004969,100.62,49,BUY
4971,ORD004971,ORD004969,100.62,6,BUY
4971,ORD004971,ORD004928,100.66,3,BUY
4973,ORD004973,ORD004965,99.26,2,SELL
4973,ORD004973,ORD004912,99.17,39,SELL
4973,ORD004973,ORD004921,99.17,48,SELL
4974,ORD004974,ORD004928,100.66,17,BUY
4974,ORD004974,ORD004959,100.67,5,BUY
4974,ORD004974,ORD004962,101.10,30,BUY
4974,ORD004974,ORD004934,101.21,16,BUY
4977,ORD004977,ORD004975,100.52,86,BUY
4977,ORD004977,ORD004934,101.21,3,BUY
4979,ORD004979,ORD004978,100.15,45,BUY
4979,ORD004979,ORD004934,101.21,27,BUY
4979,ORD004979,ORD004950,101.52,2,BUY
4982,ORD004982,ORD004921,99.17,6,SELL
4982,ORD004982,ORD004932,98.96,2,SELL
4983,ORD004983,ORD004932,98.96,44,SELL
4984,ORD004984,ORD004981,100.29,10,BUY
4985,ORD004985,ORD004981,100.29,68,BUY
4986,ORD004986,ORD004981,100.29,10,BUY
4986,ORD004986,ORD004950,101.52,42,BUY
4987,ORD004987,ORD004950,101.52,11,BUY
4987,ORD004987,ORD004937,101.56,16,BUY
4988,ORD004988,ORD004937,101.56,34,BUY
4988,ORD004988,ORD004958,101.61,48,BUY
4988,ORD004988,ORD004968,101.73,1,BUY
4989,ORD004989,ORD004968,101.73,10,BUY
4991,ORD004991,ORD004932,98.96,22,SELL
4992,ORD004992,ORD004932,98.96,18,SELL
4992,ORD004992,ORD004980,98.82,52,SELL
4993,ORD004993,ORD004980,98.82,6,SELL
4993,ORD004993,ORD004915,98.65,65,SELL
4994,ORD004994,ORD004990,100.73,23,BUY
4996,ORD004996,ORD004995,99.52,24,BUY
4997,ORD004997,ORD004995,99.52,35,BUY
4998,ORD004998,ORD004915,98.65,10,SELL
5001,ORD005001,ORD004995,99.52,16,BUY
5001,ORD005001,ORD004990,100.73,9,BUY
5003,ORD005003,ORD004990,100.73,46,BUY
5003,ORD005003,ORD004968,101.73,7,BUY
5004,ORD005004,ORD004968,101.73,6,BUY
5004,ORD005004,ORD004952,101.79,15,BUY
5004,ORD005004,ORD004976,101.84,15,BUY
5008,ORD005008,ORD005007,100.39,5,SELL
5008,ORD005008,ORD005005,100.16,16,SELL
5009,ORD005009,ORD005005,100.16,41,SELL
5009,ORD005009,ORD005002,99.71,5,SELL
5009,ORD005009,ORD004999,99.13,32,SELL
5010,ORD005010,ORD005006,100.58,31,BUY
5010,ORD005010,ORD004976,101.84,36,BUY
5010,ORD005010,ORD004695,101.85,23,BUY
5011,ORD005011,ORD004999,99.13,12,SELL
5014,ORD005014,ORD004999,99.13,54,SELL
5014,ORD005014,ORD005012,98.56,2,SELL
5015,ORD005015,ORD005012,98.56,43,SELL
5018,ORD005018,ORD005017,98.66,93,SELL
5022,ORD005022,ORD005021,99.55,6,BUY
5023,ORD005023,ORD005020,100.55,10,BUY
5024,ORD005024,ORD005022,100.11,5,SELL
5026,ORD005026,ORD005020,100.55,23,BUY
5028,ORD005028,ORD005020,100.55,31,BUY
5028,ORD005028,ORD005016,100.88,17,BUY
5029,ORD005029,ORD005022,100.11,8,SELL
5031,ORD005031,ORD005016,100.88,22,BUY
5031,ORD005031,ORD004695,101.85,25,BUY
5031,ORD005031,ORD004889,101.87,5,BUY
5032,ORD005032,ORD005022,100.11,3,SELL
5033,ORD005033,ORD005032,100.02,21,BUY
5034,ORD005034,ORD005032,100.02,1,BUY
5034,ORD005034,ORD004889,101.87,15,BUY
5034,ORD005034,ORD004882,101.89,5,BUY
5035,ORD005035,ORD004882,101.89,69,BUY
5037,ORD005037,ORD004882,101.89,6,BUY
5037,ORD005037,ORD004671,101.95,29,BUY
5038,ORD005038,ORD004671,101.95,30,BUY
5038,ORD005038,ORD004794,102.00,15,BUY
5041,ORD005041,ORD005030,98.71,62,SELL
5042,ORD005042,ORD005030,98.71,9,SELL
5043,ORD005043,ORD005030,98.71,21,SELL
5043,ORD005043,ORD005017,98.66,3,SELL
5043,ORD005043,ORD005012,98.56,39,SELL
5043,ORD005043,ORD004972,98.52,37,SELL
5046,ORD005046,ORD005039,100.48,48,BUY
5047,ORD005047,ORD005044,100.25,44,SELL
5047,ORD005047,ORD004972,98.52,11,SELL
5048,ORD005048,ORD004972,98.52,20,SELL
5049,ORD005049,ORD004972,98.52,3,SELL
5049,ORD005049,ORD005045,98.45,11,SELL
5051,ORD005051,ORD005039,100.48,31,BUY
5052,ORD005052,ORD005050,100.23,18,SELL
5056,ORD005056,ORD005050,100.23,7,SELL
5057,ORD005057,ORD005050,100.23,30,SELL
5057,ORD005057,ORD005054,98.89,41,SELL
5057,ORD005057,ORD005045,98.45,5,SELL
5062,ORD005062,ORD005059,100.13,17,BUY
5062,ORD005062,ORD005061,100.85,15,BUY
5065,ORD005065,ORD005064,100.20,46,SELL
5067,ORD005067,ORD005064,100.20,51,SELL
5070,ORD005070,ORD005067,100.19,16,BUY
5070,ORD005070,ORD005068,100.83,50,BUY
5071,ORD005071,ORD005060,98.59,33,SELL
5071,ORD005071,ORD005045,98.45,42,SELL
5072,ORD005072,ORD005025,98.43,21,SELL
5072,ORD005072,ORD005055,98.35,7,SELL
5074,ORD005074,ORD005073,99.70,45,BUY
5077,ORD005077,ORD005055,98.35,68,SELL
5077,ORD005077,ORD005040,98.29,3,SELL
5080,ORD005080,ORD005073,99.70,30,BUY
5081,ORD005081,ORD005080,99.97,48,SELL
5081,ORD005081,ORD005079,98.61,36,SELL
5081,ORD005081,ORD005040,98.29,5,SELL
5082,ORD005082,ORD005068,100.83,1,BUY
5084,ORD005084,ORD005083,99.63,62,BUY
5085,ORD005085,ORD005083,99.63,13,BUY
5085,ORD005085,ORD005068,100.83,17,BUY
5088,ORD005088,ORD005087,98.44,21,SELL
5088,ORD005088,ORD005040,98.29,24,SELL
5088,ORD005088,ORD004913,98.26,31,SELL
5090,ORD005090,ORD005068,100.83,27,BUY
5090,ORD005090,ORD005078,101.12,12,BUY
5090,ORD005090,ORD005076,101.16,46,BUY
5094,ORD005094,ORD005092,99.87,8,SELL
5094,ORD005094,ORD005089,99.05,3,SELL
5094,ORD005094,ORD004913,98.26,50,SELL
5094,ORD005094,ORD005086,98.21,13,SELL
5095,ORD005095,ORD005086,98.21,16,SELL
5095,ORD005095,ORD004927,98.02,19,SELL
5098,ORD005098,ORD005097,100.22,12,SELL
5099,ORD005099,ORD005097,100.22,26,SELL
5100,ORD005100,ORD005097,100.22,15,SELL
5100,ORD005100,ORD004927,98.02,18,SELL
5101,ORD005101,ORD005093,100.48,28,BUY
5101,ORD005101,ORD005096,101.15,29,BUY
5101,ORD005101,ORD005076,101.16,3,BUY
5103,ORD005103,ORD005102,100.69,54,BUY
5103,ORD005103,ORD005076,101.16,33,BUY
5103,ORD005103,ORD005069,101.28,2,BUY
5108,ORD005108,ORD005104,99.95,6,BUY
5108,ORD005108,ORD005105,100.68,16,BUY
5109,ORD005109,ORD005105,100.68,28,BUY
5109,ORD005109,ORD005107,100.91,7,BUY
5114,ORD005114,ORD005113,100.42,29,BUY
5114,ORD005114,ORD005111,100.75,44,BUY
5119,ORD005119,ORD005118,100.28,93,BUY
5121,ORD005121,ORD005118,100.28,2,BUY
5121,ORD005121,ORD005111,100.75,6,BUY
5121,ORD005121,ORD005107,100.91,2,BUY
5122,ORD005122,ORD005116,99.83,35,SELL
5122,ORD005122,ORD005110,98.42,28,SELL
5124,ORD005124,ORD005110,98.42,7,SELL
5124,ORD005124,ORD005117,98.01,44,SELL
5128,ORD005128,ORD005126,100.14,39,BUY
5132,ORD005132,ORD005129,100.04,59,SELL
5133,ORD005133,ORD005129,100.04,31,SELL
5134,ORD005134,ORD005129,100.04,5,SELL
5135,ORD005135,ORD005126,100.14,15,BUY
5135,ORD005135,ORD005123,100.23,40,BUY
5136,ORD005136,ORD005123,100.23,19,BUY
5136,ORD005136,ORD005107,100.91,14,BUY
5136,ORD005136,ORD005120,101.01,5,BUY
5136,ORD005136,ORD005069,101.28,13,BUY
5137,ORD005137,ORD005129,100.04,1,SELL
5140,ORD005140,ORD005137,99.56,51,BUY
5141,ORD005141,ORD005140,99.93,7,SELL
5141,ORD005141,ORD005127,98.97,30,SELL
5141,ORD005141,ORD005130,98.37,28,SELL
5142,ORD005142,ORD005139,100.69,74,BUY
5142,ORD005142,ORD005069,101.28,23,BUY
5143,ORD005143,ORD005130,98.37,33,SELL
5143,ORD005143,ORD005138,98.34,55,SELL
5146,ORD005146,ORD005144,99.56,16,BUY
5147,ORD005147,ORD005144,99.56,25,BUY
5147,ORD005147,ORD005069,101.28,24,BUY
5147,ORD005147,ORD005145,101.61,23,BUY
5149,ORD005149,ORD005148,99.00,24,SELL
5150,ORD005150,ORD005145,101.61,21,BUY
5151,ORD005151,ORD005145,101.61,38,BUY
5151,ORD005151,ORD005112,101.99,22,BUY
5153,ORD005153,ORD005152,99.42,20,SELL
5155,ORD005155,ORD005152,99.42,49,SELL
5155,ORD005155,ORD005148,99.00,46,SELL
5157,ORD005157,ORD005154,101.42,38,BUY
5160,ORD005160,ORD005156,100.06,40,SELL
5160,ORD005160,ORD005158,99.48,42,SELL
5161,ORD005161,ORD005154,101.42,46,BUY
5162,ORD005162,ORD005158,99.48,46,SELL
5162,ORD005162,ORD005148,99.00,3,SELL
5164,ORD005164,ORD005163,100.05,57,SELL
5164,ORD005164,ORD005148,99.00,20,SELL
5164,ORD005164,ORD005138,98.34,1,SELL
5165,ORD005165,ORD005138,98.34,39,SELL
5165,ORD005165,ORD005131,98.27,27,SELL
5167,ORD005167,ORD005166,100.11,7,BUY
5167,ORD005167,ORD005154,101.42,15,BUY
5170,ORD005170,ORD005169,101.19,44,BUY
5170,ORD005170,ORD005168,101.82,40,BUY
5173,ORD005173,ORD005168,101.82,10,BUY
5176,ORD005176,ORD005175,100.25,9,SELL
5176,ORD005176,ORD005172,99.94,13,SELL
5179,ORD005179,ORD005178,100.32,4,BUY
5179,ORD005179,ORD005177,101.13,63,BUY
5181,ORD005181,ORD005172,99.94,2,SELL
5181,ORD005181,ORD005171,99.64,12,SELL
5181,ORD005181,ORD005131,98.27,40,SELL
5184,ORD005184,ORD005183,99.93,5,BUY
5185,ORD005185,ORD005183,99.93,16,BUY
5187,ORD005187,ORD005186,99.05,28,SELL
5191,ORD005191,ORD005186,99.05,59,SELL
5191,ORD005191,ORD005131,98.27,18,SELL
5197,ORD005197,ORD005193,99.15,32,SELL
5197,ORD005197,ORD005131,98.27,9,SELL
5198,ORD005198,ORD005131,98.27,6,SELL
5198,ORD005198,ORD005159,98.22,40,SELL
5199,ORD005199,ORD005159,98.22,59,SELL
5201,ORD005201,ORD005189,99.70,2,BUY
5201,ORD005201,ORD005183,99.93,33,BUY
5202,ORD005202,ORD005183,99.93,7,BUY
5202,ORD005202,ORD005180,99.96,83,BUY
5202,ORD005202,ORD005188,99.96,2,BUY
5205,ORD005205,ORD005188,99.96,31,BUY
5205,ORD005205,ORD005196,100.62,17,BUY
5205,ORD005205,ORD005177,101.13,1,BUY
5207,ORD005207,ORD005206,101.06,68,BUY
5207,ORD005207,ORD005177,101.13,7,BUY
5210,ORD005210,ORD005209,100.38,24,SELL
5211,ORD005211,ORD005177,101.13,28,BUY
5211,ORD005211,ORD005182,101.21,26,BUY
5215,ORD005215,ORD005212,100.92,53,BUY
5215,ORD005215,ORD005182,101.21,18,BUY
5217,ORD005217,ORD005216,100.66,64,BUY
5217,ORD005217,ORD005182,101.21,36,BUY
5218,ORD005218,ORD005214,99.84,33,SELL
5220,ORD005220,ORD005182,101.21,13,BUY
5220,ORD005220,ORD005200,101.45,13,BUY
5222,ORD005222,ORD005219,100.17,1,SELL
5223,ORD005223,ORD005219,100.17,32,SELL
5223,ORD005223,ORD005214,99.84,52,SELL
5227,ORD005227,ORD005214,99.84,9,SELL
5227,ORD005227,ORD005226,99.83,18,SELL
5228,ORD005228,ORD005226,99.83,55,SELL
5228,ORD005228,ORD005221,99.50,20,SELL
5228,ORD005228,ORD005225,98.76,7,SELL
5229,ORD005229,ORD005225,98.76,76,SELL
5231,ORD005231,ORD005224,99.87,2,BUY
5232,ORD005232,ORD005224,99.87,24,BUY
5233,ORD005233,ORD005224,99.87,53,BUY
5233,ORD005233,ORD005200,101.45,10,BUY
5235,ORD005235,ORD005225,98.76,1,SELL
5237,ORD005237,ORD005200,101.45,13,BUY
5237,ORD005237,ORD005234,101.50,72,BUY
5238,ORD005238,ORD005234,101.50,8,BUY
5238,ORD005238,ORD005230,101.58,45,BUY
5240,ORD005240,ORD005236,100.14,32,SELL
5241,ORD005241,ORD005236,100.14,16,SELL
5242,ORD005242,ORD005236,100.14,4,SELL
5244,ORD005244,ORD005243,100.29,52,BUY
5244,ORD005244,ORD005230,101.58,5,BUY
5244,ORD005244,ORD005208,101.64,7,BUY
5245,ORD005245,ORD005208,101.64,45,BUY
5249,ORD005249,ORD005208,101.64,34,BUY
5249,ORD005249,ORD005195,101.82,8,BUY
5249,ORD005249,ORD005190,101.83,19,BUY
5249,ORD005249,ORD005239,101.95,20,BUY
5255,ORD005255,ORD005254,99.57,89,SELL
5257,ORD005257,ORD005256,99.48,11,SELL
5257,ORD005257,ORD005248,99.29,22,SELL
5260,ORD005260,ORD005250,100.28,58,BUY
5262,ORD005262,ORD005248,99.29,3,SELL
5262,ORD005262,ORD005251,99.23,4,SELL
5262,ORD005262,ORD005253,99.18,42,SELL
5262,ORD005262,ORD005247,98.37,14,SELL
5263,ORD005263,ORD005261,100.12,2,BUY
5266,ORD005266,ORD005261,100.12,70,BUY
5269,ORD005269,ORD005261,100.12,14,BUY
5271,ORD005271,ORD005259,100.36,42,BUY
5272,ORD005272,ORD005269,100.29,49,SELL
5273,ORD005273,ORD005269,100.29,7,SELL
5275,ORD005275,ORD005264,98.80,3,SELL
5276,ORD005276,ORD005274,99.83,8,BUY
5276,ORD005276,ORD005273,100.02,20,BUY
5280,ORD005280,ORD005276,100.10,26,SELL
5283,ORD005283,ORD005276,100.10,9,SELL
5283,ORD005283,ORD005279,99.81,76,SELL
5284,ORD005284,ORD005279,99.81,13,SELL
5284,ORD005284,ORD005281,98.95,13,SELL
5284,ORD005284,ORD005264,98.80,33,SELL
5285,ORD005285,ORD005259,100.36,28,BUY
5285,ORD005285,ORD005282,100.90,13,BUY
5287,ORD005287,ORD005264,98.80,4,SELL
5287,ORD005287,ORD005247,98.37,29,SELL
5287,ORD005287,ORD005278,98.10,60,SELL
5289,ORD005289,ORD005286,100.69,35,BUY
5289,ORD005289,ORD005282,100.90,31,BUY
5289,ORD005289,ORD005270,101.23,3,BUY
5289,ORD005289,ORD005268,101.42,28,BUY
5292,ORD005292,ORD005288,99.70,53,SELL
5294,ORD005294,ORD005293,100.94,1,BUY
5294,ORD005294,ORD005268,101.42,49,BUY
5295,ORD005295,ORD005288,99.70,34,SELL
5295,ORD005295,ORD005291,99.05,14,SELL
5296,ORD005296,ORD005291,99.05,49,SELL
5296,ORD005296,ORD005278,98.10,1,SELL
5297,ORD005297,ORD005268,101.42,7,BUY
5298,ORD005298,ORD005268,101.42,11,BUY
5298,ORD005298,ORD005252,101.44,20,BUY
5299,ORD005299,ORD005252,101.44,17,BUY
5301,ORD005301,ORD005252,101.44,4,BUY
5301,ORD005301,ORD005290,101.56,24,BUY
5303,ORD005303,ORD005290,101.56,18,BUY
5306,ORD005306,ORD005305,99.15,15,SELL
5308,ORD005308,ORD005305,99.15,33,SELL
5308,ORD005308,ORD005300,99.07,2,SELL
5308,ORD005308,ORD005302,98.15,25,SELL
5310,ORD005310,ORD005309,101.15,33,BUY
5310,ORD005310,ORD005290,101.56,4,BUY
5313,ORD005313,ORD005312,99.58,16,SELL
5313,ORD005313,ORD005302,98.15,29,SELL
5315,ORD005315,ORD005302,98.15,22,SELL
5316,ORD005316,ORD005302,98.15,19,SELL
5316,ORD005316,ORD005278,98.10,26,SELL
5316,ORD005316,ORD005307,98.10,19,SELL
5317,ORD005317,ORD005290,101.56,28,BUY
5317,ORD005317,ORD005314,101.61,25,BUY
5320,ORD005320,ORD005319,99.58,2,BUY
5322,ORD005322,ORD005314,101.61,47,BUY
5324,ORD005324,ORD005314,101.61,26,BUY
5324,ORD005324,ORD005311,101.81,4,BUY
5325,ORD005325,ORD005311,101.81,13,BUY
5326,ORD005326,ORD005311,101.81,12,BUY
5326,ORD005326,ORD005265,101.99,32,BUY
5327,ORD005327,ORD005320,100.25,33,SELL
5329,ORD005329,ORD005320,100.25,17,SELL
5329,ORD005329,ORD005318,99.02,32,SELL
5330,ORD005330,ORD005318,99.02,22,SELL
5330,ORD005330,ORD005307,98.10,61,SELL
5332,ORD005332,ORD005331,100.30,59,BUY
5333,ORD005333,ORD005332,100.33,23,SELL
5335,ORD005335,ORD005334,100.57,42,BUY
5338,ORD005338,ORD005337,99.52,88,BUY
5339,ORD005339,ORD005338,100.48,1,SELL
5341,ORD005341,ORD005340,98.25,24,SELL
5343,ORD005343,ORD005339,99.72,33,BUY
5343,ORD005343,ORD005334,100.57,8,BUY
5345,ORD005345,ORD005342,99.51,21,SELL
5346,ORD005346,ORD005342,99.51,41,SELL
5352,ORD005352,ORD005350,98.63,1,SELL
5357,ORD005357,ORD005355,100.32,29,BUY
5364,ORD005364,ORD005355,100.32,5,BUY
5365,ORD005365,ORD005353,99.31,65,SELL
5368,ORD005368,ORD005353,99.31,13,SELL
5368,ORD005368,ORD005360,99.23,60,SELL
5368,ORD005368,ORD005363,99.11,25,SELL
5369,ORD005369,ORD005367,99.83,54,BUY
5372,ORD005372,ORD005363,99.11,2,SELL
5372,ORD005372,ORD005370,99.07,21,SELL
5372,ORD005372,ORD005361,99.04,43,SELL
5375,ORD005375,ORD005361,99.04,50,SELL
5375,ORD005375,ORD005362,99.00,13,SELL
5376,ORD005376,ORD005367,99.83,10,BUY
5376,ORD005376,ORD005355,100.32,1,BUY
5376,ORD005376,ORD005374,101.32,17,BUY
5378,ORD005378,ORD005374,101.32,20,BUY
5378,ORD005378,ORD005373,101.48,52,BUY
5378,ORD005378,ORD005377,101.60,19,BUY
5383,ORD005383,ORD005381,100.59,28,BUY
5383,ORD005383,ORD005377,101.60,43,BUY
5385,ORD005385,ORD005384,100.28,3,SELL
5387,ORD005387,ORD005384,100.28,40,SELL
5387,ORD005387,ORD005379,99.55,41,SELL
5387,ORD005387,ORD005380,99.49,9,SELL
5388,ORD005388,ORD005377,101.60,25,BUY
5392,ORD005392,ORD005380,99.49,76,SELL
5392,ORD005392,ORD005362,99.00,9,SELL
5393,ORD005393,ORD005362,99.00,17,SELL
5393,ORD005393,ORD005358,98.98,37,SELL
5393,ORD005393,ORD005382,98.64,13,SELL
5396,ORD005396,ORD005382,98.64,36,SELL
5396,ORD005396,ORD005395,98.64,38,SELL
5397,ORD005397,ORD005395,98.64,45,SELL
5397,ORD005397,ORD005359,98.46,52,SELL
5399,ORD005399,ORD005359,98.46,46,SELL
5399,ORD005399,ORD005391,98.32,41,SELL
5401,ORD005401,ORD005400,100.15,57,SELL
5402,ORD005402,ORD005401,99.63,13,BUY
5402,ORD005402,ORD005389,100.25,37,BUY
5403,ORD005403,ORD005389,100.25,42,BUY
5405,ORD005405,ORD005391,98.32,17,SELL
5405,ORD005405,ORD005366,98.21,5,SELL
5405,ORD005405,ORD005356,98.14,45,SELL
5406,ORD005406,ORD005356,98.14,12,SELL
5410,ORD005410,ORD005389,100.25,3,BUY
5410,ORD005410,ORD005398,101.06,5,BUY
5412,ORD005412,ORD005398,101.06,33,BUY
5416,ORD005416,ORD005414,99.51,6,BUY
5421,ORD005421,ORD005414,99.51,20,BUY
5421,ORD005421,ORD005398,101.06,35,BUY
5421,ORD005421,ORD005404,101.21,23,BUY
5424,ORD005424,ORD005419,99.03,23,SELL
5424,ORD005424,ORD005418,98.75,12,SELL
5430,ORD005430,ORD005422,100.03,56,BUY
5432,ORD005432,ORD005422,100.03,30,BUY
5432,ORD005432,ORD005426,100.25,6,BUY
5433,ORD005433,ORD005427,100.44,36,BUY
5434,ORD005434,ORD005427,100.44,40,BUY
5435,ORD005435,ORD005427,100.44,13,BUY
5435,ORD005435,ORD005404,101.21,30,BUY
5435,ORD005435,ORD005390,101.37,53,BUY
5436,ORD005436,ORD005432,100.42,10,SELL
5436,ORD005436,ORD005428,99.25,59,SELL
5439,ORD005439,ORD005390,101.37,37,BUY
5439,ORD005439,ORD005423,101.56,28,BUY
5442,ORD005442,ORD005428,99.25,23,SELL
5442,ORD005442,ORD005438,99.06,35,SELL
5442,ORD005442,ORD005440,98.80,25,SELL
5445,ORD005445,ORD005443,99.07,67,SELL
5446,ORD005446,ORD005443,99.07,1,SELL
5448,ORD005448,ORD005444,101.39,22,BUY
5448,ORD005448,ORD005441,101.51,36,BUY
5448,ORD005448,ORD005423,101.56,10,BUY
5449,ORD005449,ORD005423,101.56,23,BUY
5449,ORD005449,ORD005377,101.60,4,BUY
5449,ORD005449,ORD005429,101.72,38,BUY
5452,ORD005452,ORD005451,100.98,3,BUY
5452,ORD005452,ORD005429,101.72,37,BUY
5452,ORD005452,ORD005437,101.89,15,BUY
5452,ORD005452,ORD005415,102.00,3,BUY
5457,ORD005457,ORD005454,100.21,30,SELL
5457,ORD005457,ORD005450,100.06,41,SELL
5459,ORD005459,ORD005450,100.06,3,SELL
5459,ORD005459,ORD005443,99.07,27,SELL
5459,ORD005459,ORD005440,98.80,11,SELL
5463,ORD005463,ORD005460,100.20,70,SELL
5463,ORD005463,ORD005461,99.87,8,SELL
5464,ORD005464,ORD005461,99.87,52,SELL
5464,ORD005464,ORD005440,98.80,19,SELL
5469,ORD005469,ORD005462,100.30,73,BUY
5475,ORD005475,ORD005462,100.30,5,BUY
5475,ORD005475,ORD005465,100.61,27,BUY
5475,ORD005475,ORD005458,100.95,59,BUY
5479,ORD005479,ORD005458,100.95,32,BUY
5479,ORD005479,ORD005474,100.97,19,BUY
5479,ORD005479,ORD005476,101.02,38,BUY
5480,ORD005480,ORD005466,99.71,52,SELL
5480,ORD005480,ORD005467,99.70,24,SELL
5480,ORD005480,ORD005468,98.83,12,SELL
5480,ORD005480,ORD005440,98.80,7,SELL
5482,ORD005482,ORD005481,99.65,6,SELL
5483,ORD005483,ORD005481,99.65,5,SELL
5486,ORD005486,ORD005485,99.78,36,SELL
5486,ORD005486,ORD005481,99.65,17,SELL
5486,ORD005486,ORD005484,99.54,13,SELL
5490,ORD005490,ORD005489,99.98,7,SELL
5490,ORD005490,ORD005488,99.75,74,SELL
5494,ORD005494,ORD005488,99.75,23,SELL
5494,ORD005494,ORD005484,99.54,38,SELL
5495,ORD005495,ORD005484,99.54,36,SELL
5495,ORD005495,ORD005491,99.46,57,SELL
5495,ORD005495,ORD005440,98.80,5,SELL
5497,ORD005497,ORD005496,100.57,18,BUY
5498,ORD005498,ORD005440,98.80,16,SELL
5498,ORD005498,ORD005487,98.78,40,SELL
5498,ORD005498,ORD005418,98.75,8,SELL
5501,ORD005501,ORD005496,100.57,21,BUY
5501,ORD005501,ORD005492,100.84,19,BUY
5501,ORD005501,ORD005476,101.02,11,BUY
5504,ORD005504,ORD005476,101.02,10,BUY
5504,ORD005504,ORD005493,101.07,29,BUY
5505,ORD005505,ORD005500,99.76,19,SELL
5505,ORD005505,ORD005499,98.89,26,SELL
5508,ORD005508,ORD005499,98.89,38,SELL
5508,ORD005508,ORD005418,98.75,12,SELL
5509,ORD005509,ORD005418,98.75,3,SELL
5509,ORD005509,ORD005447,98.53,83,SELL
5509,ORD005509,ORD005502,98.34,8,SELL
5511,ORD005511,ORD005506,100.96,50,BUY
5511,ORD005511,ORD005493,101.07,7,BUY
5513,ORD005513,ORD005493,101.07,10,BUY
5513,ORD005513,ORD005510,101.13,76,BUY
5517,ORD005517,ORD005514,100.36,13,SELL
5522,ORD005522,ORD005518,98.72,59,SELL
5525,ORD005525,ORD005521,99.97,5,BUY
5526,ORD005526,ORD005521,99.97,67,BUY
5526,ORD005526,ORD005517,100.22,23,BUY
5528,ORD005528,ORD005517,100.22,59,BUY
5529,ORD005529,ORD005528,100.43,12,SELL
5529,ORD005529,ORD005518,98.72,23,SELL
5529,ORD005529,ORD005516,98.64,45,SELL
5530,ORD005530,ORD005523,100.53,10,BUY
5530,ORD005530,ORD005527,100.86,10,BUY
5530,ORD005530,ORD005510,101.13,5,BUY
5530,ORD005530,ORD005503,101.15,33,BUY
5531,ORD005531,ORD005516,98.64,27,SELL
5531,ORD005531,ORD005502,98.34,4,SELL
5531,ORD005531,ORD005453,98.30,8,SELL
5532,ORD005532,ORD005453,98.30,38,SELL
5534,ORD005534,ORD005453,98.30,34,SELL
5534,ORD005534,ORD005425,98.27,5,SELL
5535,ORD005535,ORD005425,98.27,40,SELL
5537,ORD005537,ORD005536,99.78,9,BUY
5540,ORD005540,ORD005425,98.27,2,SELL
5540,ORD005540,ORD005473,98.12,32,SELL
5543,ORD005543,ORD005541,99.57,35,BUY
5546,ORD005546,ORD005541,99.57,36,BUY
5546,ORD005546,ORD005536,99.78,11,BUY
5547,ORD005547,ORD005536,99.78,30,BUY
5547,ORD005547,ORD005539,99.89,24,BUY
5547,ORD005547,ORD005544,100.50,8,BUY
5548,ORD005548,ORD005544,100.50,11,BUY
5548,ORD005548,ORD005538,101.11,1,BUY
5551,ORD005551,ORD005542,98.84,9,SELL
5551,ORD005551,ORD005545,98.75,55,SELL
5552,ORD005552,ORD005545,98.75,25,SELL
5555,ORD005555,ORD005545,98.75,9,SELL
5556,ORD005556,ORD005545,98.75,8,SELL
5556,ORD005556,ORD005473,98.12,44,SELL
5556,ORD005556,ORD005477,98.11,1,SELL
5558,ORD005558,ORD005477,98.11,62,SELL
5558,ORD005558,ORD005471,98.07,17,SELL
5559,ORD005559,ORD005471,98.07,17,SELL
5561,ORD005561,ORD005553,99.65,55,BUY
5562,ORD005562,ORD005553,99.65,38,BUY
5562,ORD005562,ORD005554,99.71,27,BUY
5562,ORD005562,ORD005560,100.52,28,BUY
5563,ORD005563,ORD005471,98.07,29,SELL
5563,ORD005563,ORD005519,98.07,20,SELL
5563,ORD005563,ORD005557,98.04,47,SELL
5564,ORD005564,ORD005557,98.04,24,SELL
5567,ORD005567,ORD005566,99.55,42,BUY
5567,ORD005567,ORD005560,100.52,43,BUY
5567,ORD005567,ORD005549,100.67,10,BUY
5569,ORD005569,ORD005568,99.57,33,BUY
5570,ORD005570,ORD005568,99.57,20,BUY
5570,ORD005570,ORD005549,100.67,31,BUY
5570,ORD005570,ORD005538,101.11,1,BUY
5571,ORD005571,ORD005538,101.11,77,BUY
5571,ORD005571,ORD005503,101.15,18,BUY
5572,ORD005572,ORD005503,101.15,18,BUY
5574,ORD005574,ORD005503,101.15,14,BUY
5574,ORD005574,ORD005515,101.17,35,BUY
5575,ORD005575,ORD005515,101.17,15,BUY
5575,ORD005575,ORD005520,101.37,70,BUY
5577,ORD005577,ORD005565,99.08,43,SELL
5577,ORD005577,ORD005573,98.58,31,SELL
5581,ORD005581,ORD005580,100.53,37,BUY
5581,ORD005581,ORD005520,101.37,4,BUY
5581,ORD005581,ORD005470,101.46,13,BUY
5581,ORD005581,ORD005478,101.46,11,BUY
5583,ORD005583,ORD005578,98.91,35,SELL
5586,ORD005586,ORD005584,99.46,46,SELL
5586,ORD005586,ORD005578,98.91,15,SELL
5587,ORD005587,ORD005578,98.91,17,SELL
5587,ORD005587,ORD005573,98.58,45,SELL
5587,ORD005587,ORD005579,98.40,38,SELL
5589,ORD005589,ORD005588,100.45,52,SELL
5593,ORD005593,ORD005591,99.04,39,SELL
5593,ORD005593,ORD005579,98.40,18,SELL
5595,ORD005595,ORD005589,99.67,11,BUY
5595,ORD005595,ORD005590,100.42,32,BUY
5595,ORD005595,ORD005592,100.42,29,BUY
5596,ORD005596,ORD005579,98.40,38,SELL
5596,ORD005596,ORD005576,98.28,27,SELL
5596,ORD005596,ORD005550,98.02,2,SELL
5599,ORD005599,ORD005597,99.89,11,BUY
5601,ORD005601,ORD005597,99.89,15,BUY
5601,ORD005601,ORD005592,100.42,3,BUY
5601,ORD005601,ORD005594,100.48,10,BUY
5605,ORD005605,ORD005594,100.48,61,BUY
5607,ORD005607,ORD005594,100.48,22,BUY
5607,ORD005607,ORD005582,100.57,1,BUY
5607,ORD005607,ORD005585,100.68,23,BUY
5608,ORD005608,ORD005585,100.68,9,BUY
5608,ORD005608,ORD005600,101.24,54,BUY
5608,ORD005608,ORD005478,101.46,3,BUY
5609,ORD005609,ORD005606,99.88,32,SELL
5611,ORD005611,ORD005606,99.88,66,SELL
5614,ORD005614,ORD005478,101.46,15,BUY
5614,ORD005614,ORD005456,101.68,21,BUY
5615,ORD005615,ORD005456,101.68,16,BUY
5617,ORD005617,ORD005612,98.68,42,SELL
5619,ORD005619,ORD005618,100.48,52,SELL
5621,ORD005621,ORD005618,100.48,30,SELL
5621,ORD005621,ORD005620,99.15,21,SELL
5626,ORD005626,ORD005620,99.15,15,SELL
5631,ORD005631,ORD005623,100.46,35,BUY
5634,ORD005634,ORD005620,99.15,8,SELL
5635,ORD005635,ORD005620,99.15,28,SELL
5637,ORD005637,ORD005633,99.75,2,BUY
5642,ORD005642,ORD005633,99.75,4,BUY
5642,ORD005642,ORD005623,100.46,3,BUY
5642,ORD005642,ORD005628,100.93,9,BUY
5643,ORD005643,ORD005628,100.93,6,BUY
5643,ORD005643,ORD005616,100.98,39,BUY
5643,ORD005643,ORD005632,101.14,27,BUY
5643,ORD005643,ORD005622,101.16,24,BUY
5645,ORD005645,ORD005622,101.16,8,BUY
5646,ORD005646,ORD005622,101.16,54,BUY
5646,ORD005646,ORD005456,101.68,22,BUY
5647,ORD005647,ORD005620,99.15,24,SELL
5647,ORD005647,ORD005624,99.13,18,SELL
5651,ORD005651,ORD005456,101.68,33,BUY
5651,ORD005651,ORD005644,101.72,8,BUY
5651,ORD005651,ORD005613,101.76,3,BUY
5651,ORD005651,ORD005640,101.81,23,BUY
5652,ORD005652,ORD005640,101.81,16,BUY
5655,ORD005655,ORD005648,100.21,38,SELL
5659,ORD005659,ORD005653,100.25,18,BUY
5659,ORD005659,ORD005640,101.81,2,BUY
5660,ORD005660,ORD005648,100.21,26,SELL
5661,ORD005661,ORD005654,99.52,7,SELL
5665,ORD005665,ORD005654,99.52,49,SELL
5665,ORD005665,ORD005624,99.13,44,SELL
5667,ORD005667,ORD005624,99.13,25,SELL
5667,ORD005667,ORD005658,98.95,53,SELL
5669,ORD005669,ORD005658,98.95,21,SELL
5669,ORD005669,ORD005650,98.76,24,SELL
5670,ORD005670,ORD005650,98.76,36,SELL
5670,ORD005670,ORD005629,98.68,11,SELL
5672,ORD005672,ORD005660,99.69,5,BUY
5672,ORD005672,ORD005662,99.96,9,BUY
5672,ORD005672,ORD005663,100.34,36,BUY
5673,ORD005673,ORD005629,98.68,4,SELL
5674,ORD005674,ORD005663,100.34,6,BUY
5674,ORD005674,ORD005666,100.99,79,BUY
5676,ORD005676,ORD005629,98.68,29,SELL
5680,ORD005680,ORD005629,98.68,31,SELL
5680,ORD005680,ORD005656,98.60,11,SELL
5680,ORD005680,ORD005649,98.24,35,SELL
5682,ORD005682,ORD005678,100.15,53,BUY
5683,ORD005683,ORD005678,100.15,37,BUY
5683,ORD005683,ORD005681,101.51,13,BUY
5683,ORD005683,ORD005671,101.63,24,BUY
5683,ORD005683,ORD005664,101.73,1,BUY
5683,ORD005683,ORD005640,101.81,10,BUY
5684,ORD005684,ORD005640,101.81,1,BUY
5687,ORD005687,ORD005649,98.24,35,SELL
5688,ORD005688,ORD005649,98.24,15,SELL
5690,ORD005690,ORD005689,100.34,45,SELL
5690,ORD005690,ORD005649,98.24,3,SELL
5690,ORD005690,ORD005641,98.18,52,SELL
5691,ORD005691,ORD005686,100.82,46,BUY
5698,ORD005698,ORD005694,99.57,17,BUY
5700,ORD005700,ORD005699,98.66,61,SELL
5700,ORD005700,ORD005641,98.18,20,SELL
5701,ORD005701,ORD005694,99.57,53,BUY
5701,ORD005701,ORD005693,100.89,6,BUY
5701,ORD005701,ORD005697,101.28,24,BUY
5702,ORD005702,ORD005697,101.28,19,BUY
5704,ORD005704,ORD005703,100.90,75,BUY
5705,ORD005705,ORD005703,100.90,16,BUY
5706,ORD005706,ORD005641,98.18,8,SELL
5706,ORD005706,ORD005638,98.12,23,SELL
5712,ORD005712,ORD005710,99.51,9,SELL
5713,ORD005713,ORD005710,99.51,47,SELL
5713,ORD005713,ORD005711,98.90,12,SELL
5715,ORD005715,ORD005711,98.90,8,SELL
5715,ORD005715,ORD005709,98.70,46,SELL
5716,ORD005716,ORD005707,99.53,43,BUY
5716,ORD005716,ORD005714,100.43,6,BUY
5716,ORD005716,ORD005708,101.46,23,BUY
5717,ORD005717,ORD005708,101.46,29,BUY
5718,ORD005718,ORD005709,98.70,28,SELL
5718,ORD005718,ORD005638,98.12,17,SELL
5718,ORD005718,ORD005639,98.10,48,SELL
5722,ORD005722,ORD005719,100.12,38,SELL
5722,ORD005722,ORD005721,99.69,1,SELL
5723,ORD005723,ORD005720,100.75,24,BUY
5723,ORD005723,ORD005708,101.46,24,BUY
5724,ORD005724,ORD005721,99.69,30,SELL
5724,ORD005724,ORD005639,98.10,13,SELL
5728,ORD005728,ORD005639,98.10,7,SELL
5728,ORD005728,ORD005668,98.08,14,SELL
5728,ORD005728,ORD005692,98.02,10,SELL
5729,ORD005729,ORD005725,100.32,19,BUY
5731,ORD005731,ORD005730,100.23,24,BUY
5731,ORD005731,ORD005725,100.32,25,BUY
5731,ORD005731,ORD005727,100.45,20,BUY
5734,ORD005734,ORD005732,98.57,36,SELL
5734,ORD005734,ORD005692,98.02,46,SELL
5734,ORD005734,ORD005679,98.01,7,SELL
5735,ORD005735,ORD005727,100.45,1,BUY
5735,ORD005735,ORD005726,100.96,4,BUY
5737,ORD005737,ORD005736,100.07,4,SELL
5737,ORD005737,ORD005679,98.01,75,SELL
5743,ORD005743,ORD005741,98.30,20,SELL
5747,ORD005747,ORD005741,98.30,8,SELL
5749,ORD005749,ORD005741,98.30,2,SELL
5756,ORD005756,ORD005754,101.94,18,BUY
5763,ORD005763,ORD005760,100.35,10,BUY
5764,ORD005764,ORD005760,100.35,32,BUY
5765,ORD005765,ORD005760,100.35,3,BUY
5765,ORD005765,ORD005758,100.38,78,BUY
5766,ORD005766,ORD005762,100.05,81,SELL
5767,ORD005767,ORD005762,100.05,2,SELL
5767,ORD005767,ORD005759,99.68,30,SELL
5771,ORD005771,ORD005758,100.38,9,BUY
5771,ORD005771,ORD005770,100.42,11,BUY
5772,ORD005772,ORD005770,100.42,4,BUY
5773,ORD005773,ORD005770,100.42,14,BUY
5773,ORD005773,ORD005757,100.61,30,BUY
5777,ORD005777,ORD005757,100.61,62,BUY
5778,ORD005778,ORD005759,99.68,34,SELL
5778,ORD005778,ORD005755,99.63,51,SELL
5779,ORD005779,ORD005755,99.63,9,SELL
5779,ORD005779,ORD005774,99.34,64,SELL
5783,ORD005783,ORD005782,100.01,21,SELL
5783,ORD005783,ORD005774,99.34,26,SELL
5783,ORD005783,ORD005769,98.95,9,SELL
5785,ORD005785,ORD005769,98.95,45,SELL
5786,ORD005786,ORD005757,100.61,3,BUY
5786,ORD005786,ORD005776,101.07,44,BUY
5789,ORD005789,ORD005787,100.46,61,BUY
5789,ORD005789,ORD005788,100.78,13,BUY
5791,ORD005791,ORD005769,98.95,28,SELL
5791,ORD005791,ORD005784,98.92,19,SELL
5791,ORD005791,ORD005768,98.31,6,SELL
5792,ORD005792,ORD005768,98.31,40,SELL
5792,ORD005792,ORD005775,98.18,19,SELL
5793,ORD005793,ORD005790,99.55,53,BUY
5793,ORD005793,ORD005788,100.78,34,BUY
5797,ORD005797,ORD005796,100.04,74,BUY
5799,ORD005799,ORD005796,100.04,14,BUY
5799,ORD005799,ORD005788,100.78,29,BUY
5799,ORD005799,ORD005776,101.07,5,BUY
5799,ORD005799,ORD005798,101.14,1,BUY
5799,ORD005799,ORD005794,101.38,15,BUY
5800,ORD005800,ORD005794,101.38,39,BUY
5800,ORD005800,ORD005761,101.40,6,BUY
5803,ORD005803,ORD005802,99.63,4,BUY
5803,ORD005803,ORD005801,99.84,15,BUY
5803,ORD005803,ORD005761,101.40,3,BUY
5803,ORD005803,ORD005780,101.80,18,BUY
5806,ORD005806,ORD005805,100.32,51,SELL
5807,ORD005807,ORD005805,100.32,26,SELL
5811,ORD005811,ORD005805,100.32,13,SELL
5812,ORD005812,ORD005811,100.17,37,BUY
5814,ORD005814,ORD005808,100.12,67,SELL
5814,ORD005814,ORD005795,98.58,28,SELL
5815,ORD005815,ORD005813,100.45,43,BUY
5817,ORD005817,ORD005816,100.22,48,BUY
5819,ORD005819,ORD005816,100.22,8,BUY
5819,ORD005819,ORD005813,100.45,23,BUY
5819,ORD005819,ORD005818,101.58,15,BUY
5822,ORD005822,ORD005820,100.33,15,SELL
5825,ORD005825,ORD005820,100.33,31,SELL
5826,ORD005826,ORD005820,100.33,2,SELL
5826,ORD005826,ORD005795,98.58,13,SELL
5826,ORD005826,ORD005804,98.48,51,SELL
5831,ORD005831,ORD005830,99.29,41,SELL
5831,ORD005831,ORD005804,98.48,17,SELL
5832,ORD005832,ORD005829,99.99,78,BUY
5834,ORD005834,ORD005829,99.99,2,BUY
5834,ORD005834,ORD005828,100.04,40,BUY
5837,ORD005837,ORD005804,98.48,15,SELL
5837,ORD005837,ORD005827,98.48,58,SELL
5838,ORD005838,ORD005827,98.48,24,SELL
5838,ORD005838,ORD005823,98.12,51,SELL
5843,ORD005843,ORD005840,100.16,31,SELL
5846,ORD005846,ORD005840,100.16,12,SELL
5848,ORD005848,ORD005846,99.67,31,BUY
5848,ORD005848,ORD005847,100.57,63,BUY
5850,ORD005850,ORD005842,99.05,57,SELL
5850,ORD005850,ORD005849,98.85,21,SELL
5850,ORD005850,ORD005839,98.40,9,SELL
5850,ORD005850,ORD005823,98.12,10,SELL
5858,ORD005858,ORD005856,100.11,82,SELL
5858,ORD005858,ORD005857,99.79,14,SELL
5859,ORD005859,ORD005853,100.57,31,BUY
5861,ORD005861,ORD005857,99.79,8,SELL
5861,ORD005861,ORD005823,98.12,7,SELL
5861,ORD005861,ORD005855,98.02,73,SELL
5866,ORD005866,ORD005863,99.79,36,SELL
5868,ORD005868,ORD005865,100.71,89,BUY
5868,ORD005868,ORD005864,100.72,2,BUY
5871,ORD005871,ORD005869,100.51,59,BUY
5871,ORD005871,ORD005864,100.72,41,BUY
5874,ORD005874,ORD005870,99.81,49,SELL
5874,ORD005874,ORD005872,98.92,10,SELL
5875,ORD005875,ORD005864,100.72,12,BUY
5876,ORD005876,ORD005872,98.92,11,SELL
5878,ORD005878,ORD005864,100.72,32,BUY
5878,ORD005878,ORD005867,101.19,66,BUY
5881,ORD005881,ORD005879,100.97,11,BUY
5881,ORD005881,ORD005867,101.19,9,BUY
5884,ORD005884,ORD005873,101.97,37,BUY
5885,ORD005885,ORD005873,101.97,12,BUY
5894,ORD005894,ORD005893,100.23,6,BUY
5894,ORD005894,ORD005888,100.47,37,BUY
5894,ORD005894,ORD005892,100.98,8,BUY
5895,ORD005895,ORD005892,100.98,14,BUY
5895,ORD005895,ORD005890,101.54,53,BUY
5915,ORD005915,ORD005912,100.37,45,BUY
5917,ORD005917,ORD005914,100.28,26,SELL
5918,ORD005918,ORD005914,100.28,3,SELL
5918,ORD005918,ORD005899,100.20,72,SELL
5919,ORD005919,ORD005899,100.20,18,SELL
5919,ORD005919,ORD005883,100.11,37,SELL
5921,ORD005921,ORD005912,100.37,53,BUY
5921,ORD005921,ORD005909,101.08,10,BUY
5923,ORD005923,ORD005909,101.08,31,BUY
5924,ORD005924,ORD005883,100.11,7,SELL
5924,ORD005924,ORD005911,100.03,18,SELL
5924,ORD005924,ORD005916,99.85,2,SELL
5924,ORD005924,ORD005903,99.32,67,SELL
5925,ORD005925,ORD005909,101.08,13,BUY
5925,ORD005925,ORD005920,101.33,39,BUY
5926,ORD005926,ORD005920,101.33,7,BUY
5926,ORD005926,ORD005913,101.95,49,BUY
5929,ORD005929,ORD005913,101.95,50,BUY
5930,ORD005930,ORD005928,100.47,42,SELL
5931,ORD005931,ORD005927,99.72,20,SELL
5932,ORD005932,ORD005927,99.72,4,SELL
5934,ORD005934,ORD005927,99.72,10,SELL
5935,ORD005935,ORD005927,99.72,24,SELL
5935,ORD005935,ORD005903,99.32,10,SELL
5935,ORD005935,ORD005904,99.30,23,SELL
5936,ORD005936,ORD005904,99.30,71,SELL
5945,ORD005945,ORD005938,100.84,57,BUY
5945,ORD005945,ORD005943,101.07,37,BUY
5947,ORD005947,ORD005946,99.66,22,BUY
5948,ORD005948,ORD005946,99.66,43,BUY
5948,ORD005948,ORD005943,101.07,40,BUY
5951,ORD005951,ORD005943,101.07,6,BUY
5953,ORD005953,ORD005952,100.03,23,SELL
5953,ORD005953,ORD005950,99.58,3,SELL
5953,ORD005953,ORD005922,99.20,17,SELL
5953,ORD005953,ORD005942,99.12,47,SELL
5954,ORD005954,ORD005942,99.12,16,SELL
5954,ORD005954,ORD005910,98.98,45,SELL
5959,ORD005959,ORD005956,99.91,40,SELL
5959,ORD005959,ORD005910,98.98,8,SELL
5961,ORD005961,ORD005910,98.98,16,SELL
5961,ORD005961,ORD005887,98.96,50,SELL
5963,ORD005963,ORD005960,100.20,84,BUY
5966,ORD005966,ORD005887,98.96,41,SELL
5966,ORD005966,ORD005933,98.92,27,SELL
5967,ORD005967,ORD005933,98.92,68,SELL
5967,ORD005967,ORD005939,98.77,31,SELL
5969,ORD005969,ORD005939,98.77,24,SELL
5969,ORD005969,ORD005941,98.46,35,SELL
5969,ORD005969,ORD005949,98.41,25,SELL
5969,ORD005969,ORD005891,98.35,10,SELL
5971,ORD005971,ORD005891,98.35,8,SELL
5973,ORD005973,ORD005970,99.58,4,BUY
5973,ORD005973,ORD005958,100.73,22,BUY
5977,ORD005977,ORD005958,100.73,5,BUY
5977,ORD005977,ORD005965,100.79,13,BUY
5978,ORD005978,ORD005974,99.74,5,SELL
5979,ORD005979,ORD005965,100.79,18,BUY
5979,ORD005979,ORD005968,101.03,26,BUY
5981,ORD005981,ORD005968,101.03,2,BUY
5981,ORD005981,ORD005957,101.20,42,BUY
5982,ORD005982,ORD005957,101.20,22,BUY
5982,ORD005982,ORD005955,101.24,38,BUY
5984,ORD005984,ORD005983,99.88,80,SELL
5984,ORD005984,ORD005974,99.74,13,SELL
5985,ORD005985,ORD005955,101.24,4,BUY
5985,ORD005985,ORD005962,101.47,27,BUY
5986,ORD005986,ORD005962,101.47,22,BUY
5990,ORD005990,ORD005987,100.04,20,SELL
5990,ORD005990,ORD005974,99.74,24,SELL
5993,ORD005993,ORD005974,99.74,16,SELL
5993,ORD005993,ORD005972,99.33,30,SELL
5995,ORD005995,ORD005994,99.75,14,SELL
5996,ORD005996,ORD005991,100.58,6,BUY
5996,ORD005996,ORD005962,101.47,23,BUY
5996,ORD005996,ORD005988,101.52,4,BUY
5999,ORD005999,ORD005994,99.75,13,SELL
6000,ORD006000,ORD005994,99.75,33,SELL
6001,ORD006001,ORD005994,99.75,2,SELL
6002,ORD006002,ORD005998,101.41,30,BUY
6003,ORD006003,ORD005994,99.75,31,SELL
6005,ORD006005,ORD005994,99.75,5,SELL
6005,ORD006005,ORD005997,99.67,61,SELL
6005,ORD006005,ORD005972,99.33,22,SELL
6005,ORD006005,ORD005989,99.24,4,SELL
6007,ORD006007,ORD005989,99.24,64,SELL
6007,ORD006007,ORD005992,98.81,11,SELL
6007,ORD006007,ORD005891,98.35,12,SELL
6009,ORD006009,ORD006004,100.59,45,BUY
6011,ORD006011,ORD006004,100.59,19,BUY
6011,ORD006011,ORD005998,101.41,28,BUY
6013,ORD006013,ORD005998,101.41,33,BUY
6015,ORD006015,ORD006014,100.60,43,BUY
6019,ORD006019,ORD006018,99.71,21,SELL
6019,ORD006019,ORD006010,99.63,8,SELL
6019,ORD006019,ORD006016,99.57,25,SELL
6019,ORD006019,ORD006017,98.62,33,SELL
6020,ORD006020,ORD006017,98.62,19,SELL
6026,ORD006026,ORD006021,100.34,78,SELL
6026,ORD006026,ORD006024,99.22,9,SELL
6027,ORD006027,ORD006024,99.22,4,SELL
6028,ORD006028,ORD006024,99.22,57,SELL
6030,ORD006030,ORD006014,100.60,17,BUY
6030,ORD006030,ORD006029,101.35,19,BUY
6034,ORD006034,ORD006032,100.80,41,BUY
6035,ORD006035,ORD006033,99.86,40,SELL
6036,ORD006036,ORD006024,99.22,10,SELL
6036,ORD006036,ORD006017,98.62,27,SELL
6036,ORD006036,ORD006025,98.62,63,SELL
6037,ORD006037,ORD006035,99.62,44,BUY
6037,ORD006037,ORD006032,100.80,31,BUY
6037,ORD006037,ORD006029,101.35,13,BUY
6038,ORD006038,ORD006025,98.62,9,SELL
6039,ORD006039,ORD006029,101.35,55,BUY
6040,ORD006040,ORD006029,101.35,7,BUY
6040,ORD006040,ORD005998,101.41,5,BUY
6040,ORD006040,ORD005988,101.52,20,BUY
6041,ORD006041,ORD005988,101.52,10,BUY
6043,ORD006043,ORD005988,101.52,8,BUY
6044,ORD006044,ORD006025,98.62,1,SELL
6045,ORD006045,ORD005988,101.52,3,BUY
6045,ORD006045,ORD005975,101.61,28,BUY
6048,ORD006048,ORD005975,101.61,48,BUY
6048,ORD006048,ORD005964,101.64,25,BUY
6050,ORD006050,ORD005964,101.64,39,BUY
6050,ORD006050,ORD006022,101.77,27,BUY
6053,ORD006053,ORD006051,100.57,24,BUY
6053,ORD006053,ORD006022,101.77,1,BUY
6053,ORD006053,ORD005976,101.92,1,BUY
6059,ORD006059,ORD006054,100.28,34,SELL
6060,ORD006060,ORD006054,100.28,25,SELL
6060,ORD006060,ORD006058,100.21,26,SELL
6062,ORD006062,ORD006061,101.00,58,BUY
6067,ORD006067,ORD006061,101.00,1,BUY
6067,ORD006067,ORD006066,101.85,25,BUY
6069,ORD006069,ORD006068,101.56,6,BUY
6069,ORD006069,ORD006066,101.85,23,BUY
6071,ORD006071,ORD006058,100.21,49,SELL
6072,ORD006072,ORD006071,99.94,6,BUY
6072,ORD006072,ORD006070,101.90,39,BUY
6073,ORD006073,ORD006065,99.91,13,SELL
6076,ORD006076,ORD006065,99.91,36,SELL
6076,ORD006076,ORD006049,99.75,18,SELL
6079,ORD006079,ORD006078,101.76,3,BUY
6084,ORD006084,ORD006080,101.80,6,BUY
6085,ORD006085,ORD006080,101.80,24,BUY
6092,ORD006092,ORD006049,99.75,14,SELL
6092,ORD006092,ORD006063,99.69,7,SELL
6093,ORD006093,ORD006091,100.69,16,BUY
6096,ORD006096,ORD006091,100.69,21,BUY
6096,ORD006096,ORD006090,101.32,43,BUY
6097,ORD006097,ORD006063,99.69,32,SELL
6098,ORD006098,ORD006063,99.69,13,SELL
6102,ORD006102,ORD006101,100.04,68,BUY
6103,ORD006103,ORD006101,100.04,4,BUY
6103,ORD006103,ORD006099,100.42,18,BUY
6106,ORD006106,ORD006105,100.37,88,BUY
6106,ORD006106,ORD006099,100.42,1,BUY
6108,ORD006108,ORD006100,99.88,5,SELL
6109,ORD006109,ORD006099,100.42,27,BUY
6109,ORD006109,ORD006090,101.32,51,BUY
6110,ORD006110,ORD006089,101.62,21,BUY
6111,ORD006111,ORD006100,99.88,9,SELL
6111,ORD006111,ORD006063,99.69,13,SELL
6111,ORD006111,ORD006056,99.68,78,SELL
6112,ORD006112,ORD006089,101.62,41,BUY
6112,ORD006112,ORD006094,101.97,13,BUY
6114,ORD006114,ORD006094,101.97,33,BUY
6116,ORD006116,ORD006113,100.29,35,SELL
6120,ORD006120,ORD006118,101.67,23,BUY
6121,ORD006121,ORD006119,100.48,13,SELL
6122,ORD006122,ORD006119,100.48,13,SELL
6126,ORD006126,ORD006119,100.48,36,SELL
6128,ORD006128,ORD006124,100.80,82,BUY
6129,ORD006129,ORD006124,100.80,13,BUY
6130,ORD006130,ORD006119,100.48,9,SELL
6132,ORD006132,ORD006119,100.48,20,SELL
6132,ORD006132,ORD006113,100.29,36,SELL
6132,ORD006132,ORD006127,99.87,6,SELL
6140,ORD006140,ORD006135,100.36,13,SELL
6140,ORD006140,ORD006127,99.87,72,SELL
6140,ORD006140,ORD006104,99.61,1,SELL
6142,ORD006142,ORD006104,99.61,1,SELL
6142,ORD006142,ORD006047,99.59,29,SELL
6142,ORD006142,ORD006123,99.51,2,SELL
6142,ORD006142,ORD006095,99.34,14,SELL
6142,ORD006142,ORD006137,99.08,31,SELL
6143,ORD006143,ORD006137,99.08,9,SELL
6143,ORD006143,ORD006125,99.07,3,SELL
6146,ORD006146,ORD006145,99.44,14,SELL
6146,ORD006146,ORD006125,99.07,56,SELL
6148,ORD006148,ORD006144,101.95,42,BUY
6150,ORD006150,ORD006144,101.95,12,BUY
6151,ORD006151,ORD006149,100.06,50,SELL
6152,ORD006152,ORD006151,99.95,23,BUY
6157,ORD006157,ORD006151,99.95,1,BUY
6158,ORD006158,ORD006153,100.58,49,BUY
6161,ORD006161,ORD006157,99.98,39,SELL
6161,ORD006161,ORD006156,99.35,9,SELL
6162,ORD006162,ORD006156,99.35,79,SELL
6164,ORD006164,ORD006153,100.58,36,BUY
6164,ORD006164,ORD006160,100.85,30,BUY
6164,ORD006164,ORD006154,101.44,28,BUY
6166,ORD006166,ORD006154,101.44,27,BUY
6169,ORD006169,ORD006154,101.44,18,BUY
6169,ORD006169,ORD006168,101.70,37,BUY
6170,ORD006170,ORD006163,99.94,27,SELL
6173,ORD006173,ORD006168,101.70,25,BUY
6173,ORD006173,ORD006165,101.86,71,BUY
6174,ORD006174,ORD006163,99.94,20,SELL
6174,ORD006174,ORD006156,99.35,9,SELL
6174,ORD006174,ORD006171,99.18,42,SELL
6175,ORD006175,ORD006171,99.18,1,SELL
6175,ORD006175,ORD006147,99.17,35,SELL
6177,ORD006177,ORD006147,99.17,6,SELL
6177,ORD006177,ORD006125,99.07,26,SELL
6177,ORD006177,ORD006077,98.97,21,SELL
6180,ORD006180,ORD006179,99.71,34,BUY
6180,ORD006180,ORD006176,100.79,56,BUY
6180,ORD006180,ORD006178,101.64,3,BUY
6182,ORD006182,ORD006077,98.97,28,SELL
6182,ORD006182,ORD006167,98.87,18,SELL
6183,ORD006183,ORD006167,98.87,44,SELL
6185,ORD006185,ORD006167,98.87,36,SELL
6185,ORD006185,ORD006107,98.61,57,SELL
6186,ORD006186,ORD006184,101.22,27,BUY
6188,ORD006188,ORD006107,98.61,4,SELL
6188,ORD006188,ORD006064,98.60,32,SELL
6190,ORD006190,ORD006187,101.10,40,BUY
6192,ORD006192,ORD006189,99.95,53,SELL
6192,ORD006192,ORD006064,98.60,14,SELL
6192,ORD006192,ORD006008,98.54,23,SELL
6200,ORD006200,ORD006199,100.05,19,BUY
6201,ORD006201,ORD006193,100.00,16,SELL
6203,ORD006203,ORD006201,99.71,63,BUY
6205,ORD006205,ORD006202,99.61,25,SELL
6206,ORD006206,ORD006204,99.62,28,BUY
6206,ORD006206,ORD006199,100.05,60,BUY
6207,ORD006207,ORD006202,99.61,40,SELL
6207,ORD006207,ORD006194,98.83,60,SELL
6208,ORD006208,ORD006199,100.05,14,BUY
6208,ORD006208,ORD006196,100.25,10,BUY
6208,ORD006208,ORD006187,101.10,16,BUY
6208,ORD006208,ORD006184,101.22,23,BUY
6208,ORD006208,ORD006198,101.67,6,BUY
6209,ORD006209,ORD006198,101.67,48,BUY
6210,ORD006210,ORD006194,98.83,28,SELL
6210,ORD006210,ORD006197,98.72,32,SELL
6210,ORD006210,ORD006008,98.54,7,SELL
6210,ORD006210,ORD006159,98.47,25,SELL
6211,ORD006211,ORD006198,101.67,29,BUY
6212,ORD006212,ORD006159,98.47,28,SELL
6212,ORD006212,ORD006134,98.45,17,SELL
6212,ORD006212,ORD006031,98.44,1,SELL
6213,ORD006213,ORD006031,98.44,16,SELL
6213,ORD006213,ORD006083,98.42,8,SELL
6213,ORD006213,ORD006115,98.39,29,SELL
6214,ORD006214,ORD006115,98.39,13,SELL
6214,ORD006214,ORD006082,98.36,38,SELL
6219,ORD006219,ORD006216,100.16,59,BUY
6227,ORD006227,ORD006220,99.96,61,SELL
6227,ORD006227,ORD006222,99.20,32,SELL
6230,ORD006230,ORD006216,100.16,5,BUY
6232,ORD006232,ORD006221,100.20,4,BUY
6233,ORD006233,ORD006221,100.20,30,BUY
6233,ORD006233,ORD006223,100.38,39,BUY
6233,ORD006233,ORD006229,100.56,26,BUY
6235,ORD006235,ORD006229,100.56,6,BUY
6235,ORD006235,ORD006215,100.77,71,BUY
6235,ORD006235,ORD006231,101.08,12,BUY
6238,ORD006238,ORD006230,100.16,10,SELL
6239,ORD006239,ORD006230,100.16,2,SELL
6239,ORD006239,ORD006228,99.81,44,SELL
6239,ORD006239,ORD006222,99.20,9,SELL
6241,ORD006241,ORD006222,99.20,19,SELL
6241,ORD006241,ORD006226,98.69,5,SELL
6241,ORD006241,ORD006082,98.36,53,SELL
6241,ORD006241,ORD005891,98.35,7,SELL
6244,ORD006244,ORD005891,98.35,14,SELL
6244,ORD006244,ORD005937,98.35,46,SELL
6244,ORD006244,ORD006023,98.35,17,SELL
6247,ORD006247,ORD006242,99.87,37,BUY
6248,ORD006248,ORD006245,99.55,36,SELL
6248,ORD006248,ORD006023,98.35,26,SELL
6249,ORD006249,ORD006023,98.35,20,SELL
6250,ORD006250,ORD006242,99.87,28,BUY
6251,ORD006251,ORD006023,98.35,16,SELL
6251,ORD006251,ORD005882,98.34,24,SELL
6253,ORD006253,ORD005882,98.34,21,SELL
6253,ORD006253,ORD006006,98.31,74,SELL
6254,ORD006254,ORD006242,99.87,14,BUY
6254,ORD006254,ORD006252,100.03,25,BUY
6255,ORD006255,ORD006252,100.03,42,BUY
6256,ORD006256,ORD006006,98.31,13,SELL
6256,ORD006256,ORD006074,98.26,24,SELL
6256,ORD006256,ORD006138,98.25,40,SELL
6256,ORD006256,ORD006155,98.23,19,SELL
6258,ORD006258,ORD006252,100.03,9,BUY
6259,ORD006259,ORD006258,100.48,60,SELL
6259,ORD006259,ORD006257,98.56,4,SELL
6260,ORD006260,ORD006231,101.08,27,BUY
6262,ORD006262,ORD006257,98.56,54,SELL
6263,ORD006263,ORD006231,101.08,47,BUY
6263,ORD006263,ORD006240,101.17,33,BUY
6265,ORD006265,ORD006257,98.56,7,SELL
6265,ORD006265,ORD006261,98.47,19,SELL
6265,ORD006265,ORD006155,98.23,14,SELL
6265,ORD006265,ORD005902,98.22,8,SELL
6265,ORD006265,ORD006081,98.20,32,SELL
6268,ORD006268,ORD006267,100.43,67,SELL
6269,ORD006269,ORD006240,101.17,3,BUY
6269,ORD006269,ORD006217,101.21,42,BUY
6270,ORD006270,ORD006217,101.21,27,BUY
6274,ORD006274,ORD006217,101.21,15,BUY
6274,ORD006274,ORD006264,101.23,63,BUY
6274,ORD006274,ORD006218,101.28,13,BUY
6275,ORD006275,ORD006218,101.28,5,BUY
6275,ORD006275,ORD006237,101.37,16,BUY
6278,ORD006278,ORD006267,100.43,4,SELL
6278,ORD006278,ORD006277,99.84,14,SELL
6278,ORD006278,ORD006272,99.79,6,SELL
6278,ORD006278,ORD006266,99.31,1,SELL
6279,ORD006279,ORD006276,101.36,31,BUY
6279,ORD006279,ORD006237,101.37,21,BUY
6280,ORD006280,ORD006237,101.37,21,BUY
6280,ORD006280,ORD006234,101.38,47,BUY
6280,ORD006280,ORD006224,101.42,15,BUY
6282,ORD006282,ORD006224,101.42,40,BUY
6283,ORD006283,ORD006281,100.38,12,SELL
6285,ORD006285,ORD006281,100.38,30,SELL
6286,ORD006286,ORD006284,99.54,40,SELL
6287,ORD006287,ORD006284,99.54,55,SELL
6287,ORD006287,ORD006266,99.31,17,SELL
6289,ORD006289,ORD006266,99.31,8,SELL
6290,ORD006290,ORD006285,100.28,14,BUY
6294,ORD006294,ORD006285,100.28,15,BUY
6294,ORD006294,ORD006292,100.45,18,BUY
6295,ORD006295,ORD006292,100.45,19,BUY
6296,ORD006296,ORD006292,100.45,11,BUY
6297,ORD006297,ORD006293,100.22,82,SELL
6301,ORD006301,ORD006293,100.22,8,SELL
6301,ORD006301,ORD006299,99.58,64,SELL
6301,ORD006301,ORD006266,99.31,26,SELL
6302,ORD006302,ORD006266,99.31,26,SELL
6303,ORD006303,ORD006292,100.45,31,BUY
6303,ORD006303,ORD006298,100.92,49,BUY
6303,ORD006303,ORD006224,101.42,3,BUY
6306,ORD006306,ORD006304,101.04,24,BUY
6307,ORD006307,ORD006304,101.04,66,BUY
6309,ORD006309,ORD006305,100.35,19,SELL
6309,ORD006309,ORD006266,99.31,13,SELL
6309,ORD006309,ORD006271,98.78,17,SELL
6316,ORD006316,ORD006271,98.78,81,SELL
6316,ORD006316,ORD006308,98.37,8,SELL
6317,ORD006317,ORD006313,101.02,44,BUY
6317,ORD006317,ORD006304,101.04,5,BUY
6317,ORD006317,ORD006224,101.42,1,BUY
6318,ORD006318,ORD006308,98.37,18,SELL
6320,ORD006320,ORD006308,98.37,55,SELL
6320,ORD006320,ORD006288,98.25,35,SELL
6321,ORD006321,ORD006224,101.42,25,BUY
6321,ORD006321,ORD006312,101.62,25,BUY
6322,ORD006322,ORD006312,101.62,17,BUY
6326,ORD006326,ORD006325,100.62,3,BUY
6329,ORD006329,ORD006327,99.83,67,SELL
6329,ORD006329,ORD006288,98.25,18,SELL
6329,ORD006329,ORD006081,98.20,7,SELL
6330,ORD006330,ORD006081,98.20,6,SELL
6330,ORD006330,ORD006046,98.19,67,SELL
6331,ORD006331,ORD006046,98.19,30,SELL
6331,ORD006331,ORD006273,98.16,27,SELL
6337,ORD006337,ORD006336,100.33,85,BUY
6340,ORD006340,ORD006332,100.21,56,SELL
6341,ORD006341,ORD006332,100.21,39,SELL
6341,ORD006341,ORD006333,100.05,43,SELL
6341,ORD006341,ORD006334,98.98,2,SELL
6341,ORD006341,ORD006338,98.40,10,SELL
6342,ORD006342,ORD006338,98.40,12,SELL
6342,ORD006342,ORD006339,98.28,28,SELL
6342,ORD006342,ORD006273,98.16,7,SELL
6342,ORD006342,ORD006136,98.15,6,SELL
6344,ORD006344,ORD006336,100.33,4,BUY
6344,ORD006344,ORD006325,100.62,8,BUY
6344,ORD006344,ORD006328,100.90,23,BUY
6348,ORD006348,ORD006343,99.00,42,SELL
6348,ORD006348,ORD006136,98.15,49,SELL
6349,ORD006349,ORD006136,98.15,32,SELL
6349,ORD006349,ORD006225,98.15,5,SELL
6349,ORD006349,ORD005908,98.13,51,SELL
6352,ORD006352,ORD005908,98.13,43,SELL
6353,ORD006353,ORD005908,98.13,1,SELL
6353,ORD006353,ORD005889,98.06,27,SELL
6353,ORD006353,ORD006323,98.06,12,SELL
6353,ORD006353,ORD006300,98.03,1,SELL
6357,ORD006357,ORD006346,99.70,62,BUY
6357,ORD006357,ORD006350,100.46,3,BUY
6360,ORD006360,ORD006350,100.46,18,BUY
6360,ORD006360,ORD006355,100.57,18,BUY
6362,ORD006362,ORD006355,100.57,53,BUY
6363,ORD006363,ORD006358,98.99,25,SELL
6363,ORD006363,ORD006359,98.82,61,SELL
6363,ORD006363,ORD006300,98.03,3,SELL
6365,ORD006365,ORD006355,100.57,22,BUY
6365,ORD006365,ORD006354,100.59,5,BUY
6368,ORD006368,ORD006300,98.03,45,SELL
6369,ORD006369,ORD006300,98.03,3,SELL
6372,ORD006372,ORD006366,99.68,7,BUY
6373,ORD006373,ORD006366,99.68,36,BUY
6373,ORD006373,ORD006367,100.44,54,BUY
6375,ORD006375,ORD006370,98.10,56,SELL
6375,ORD006375,ORD006300,98.03,21,SELL
6375,ORD006375,ORD006324,98.02,18,SELL
6377,ORD006377,ORD006374,99.66,42,BUY
6378,ORD006378,ORD006374,99.66,35,BUY
6380,ORD006380,ORD006378,100.15,34,SELL
6381,ORD006381,ORD006378,100.15,18,SELL
6381,ORD006381,ORD006376,98.91,6,SELL
6381,ORD006381,ORD006324,98.02,18,SELL
6381,ORD006381,ORD006246,98.01,24,SELL
6383,ORD006383,ORD006382,99.51,11,BUY
6385,ORD006385,ORD006382,99.51,61,BUY
6385,ORD006385,ORD006367,100.44,14,BUY
6385,ORD006385,ORD006354,100.59,10,BUY
6385,ORD006385,ORD006345,100.69,2,BUY
6386,ORD006386,ORD006384,98.16,40,SELL
6387,ORD006387,ORD006345,100.69,17,BUY
6387,ORD006387,ORD006379,100.87,12,BUY
6387,ORD006387,ORD006328,100.90,58,BUY
6390,ORD006390,ORD006389,99.61,56,SELL
6391,ORD006391,ORD006389,99.61,3,SELL
6393,ORD006393,ORD006389,99.61,26,SELL
6393,ORD006393,ORD006384,98.16,22,SELL
6395,ORD006395,ORD006394,99.75,53,BUY
6396,ORD006396,ORD006388,99.94,89,BUY
6397,ORD006397,ORD006388,99.94,9,BUY
6397,ORD006397,ORD006392,100.16,38,BUY
6398,ORD006398,ORD006395,99.81,7,SELL
6399,ORD006399,ORD006392,100.16,43,BUY
6400,ORD006400,ORD006395,99.81,15,SELL
6407,ORD006407,ORD006392,100.16,10,BUY
6407,ORD006407,ORD006402,100.71,9,BUY
6413,ORD006413,ORD006412,99.79,25,BUY
6413,ORD006413,ORD006402,100.71,14,BUY
6413,ORD006413,ORD006328,100.90,11,BUY
6413,ORD006413,ORD006347,101.27,45,BUY
6421,ORD006421,ORD006416,99.74,25,BUY
6425,ORD006425,ORD006416,99.74,56,BUY
6427,ORD006427,ORD006416,99.74,13,BUY
6427,ORD006427,ORD006419,100.80,28,BUY
6427,ORD006427,ORD006347,101.27,6,BUY
6431,ORD006431,ORD006428,99.93,8,SELL
6433,ORD006433,ORD006429,100.38,26,BUY
6433,ORD006433,ORD006430,100.42,19,BUY
6436,ORD006436,ORD006428,99.93,67,SELL
6436,ORD006436,ORD006424,99.15,15,SELL
6437,ORD006437,ORD006430,100.42,68,BUY
6437,ORD006437,ORD006347,101.27,19,BUY
6438,ORD006438,ORD006424,99.15,68,SELL
6438,ORD006438,ORD006426,98.78,31,SELL
6439,ORD006439,ORD006426,98.78,9,SELL
6441,ORD006441,ORD006440,99.56,87,BUY
6443,ORD006443,ORD006440,99.56,4,BUY
6444,ORD006444,ORD006426,98.78,48,SELL
6444,ORD006444,ORD006432,98.54,38,SELL
6446,ORD006446,ORD006442,100.59,47,BUY
6446,ORD006446,ORD006347,101.27,7,BUY
6446,ORD006446,ORD006335,101.40,11,BUY
6447,ORD006447,ORD006432,98.54,62,SELL
6447,ORD006447,ORD006434,98.19,13,SELL
6449,ORD006449,ORD006335,101.40,21,BUY
6452,ORD006452,ORD006448,100.39,22,SELL
6452,ORD006452,ORD006451,100.03,12,SELL
6453,ORD006453,ORD006451,100.03,28,SELL
6453,ORD006453,ORD006450,99.46,20,SELL
6454,ORD006454,ORD006335,101.40,20,BUY
6454,ORD006454,ORD006361,101.48,21,BUY
6455,ORD006455,ORD006361,101.48,7,BUY
6455,ORD006455,ORD006417,101.52,6,BUY
6456,ORD006456,ORD006450,99.46,49,SELL
6459,ORD006459,ORD006417,101.52,83,BUY
6459,ORD006459,ORD006371,101.56,10,BUY
6461,ORD006461,ORD006460,100.84,36,BUY
6461,ORD006461,ORD006371,101.56,42,BUY
6461,ORD006461,ORD006351,101.60,8,BUY
6463,ORD006463,ORD006351,101.60,8,BUY
6464,ORD006464,ORD006351,101.60,22,BUY
6465,ORD006465,ORD006458,99.62,1,SELL
6469,ORD006469,ORD006458,99.62,69,SELL
6469,ORD006469,ORD006450,99.46,1,SELL
6470,ORD006470,ORD006450,99.46,13,SELL
6470,ORD006470,ORD006462,98.65,67,SELL
6470,ORD006470,ORD006434,98.19,12,SELL
6470,ORD006470,ORD006423,98.10,3,SELL
6471,ORD006471,ORD006466,100.67,62,BUY
6471,ORD006471,ORD006351,101.60,22,BUY
6473,ORD006473,ORD006351,101.60,24,BUY
6473,ORD006473,ORD006312,101.62,20,BUY
6473,ORD006473,ORD006198,101.67,3,BUY
6473,ORD006473,ORD006319,101.82,21,BUY
6475,ORD006475,ORD006474,101.14,14,BUY
6475,ORD006475,ORD006319,101.82,36,BUY
6475,ORD006475,ORD006445,101.86,36,BUY
6477,ORD006477,ORD006472,98.46,13,SELL
6477,ORD006477,ORD006423,98.10,11,SELL
6477,ORD006477,ORD006457,98.05,44,SELL
6481,ORD006481,ORD006476,101.49,17,BUY
6485,ORD006485,ORD006484,99.86,23,BUY
6486,ORD006486,ORD006480,99.80,32,SELL
6490,ORD006490,ORD006488,99.85,15,BUY
6490,ORD006490,ORD006484,99.86,28,BUY
6490,ORD006490,ORD006487,101.45,35,BUY
6492,ORD006492,ORD006491,101.39,39,BUY
6492,ORD006492,ORD006487,101.45,8,BUY
6497,ORD006497,ORD006493,100.70,44,BUY
6497,ORD006497,ORD006494,101.43,30,BUY
6498,ORD006498,ORD006495,99.84,29,SELL
6499,ORD006499,ORD006495,99.84,10,SELL
6499,ORD006499,ORD006480,99.80,54,SELL
6503,ORD006503,ORD006480,99.80,11,SELL
6503,ORD006503,ORD006482,99.49,19,SELL
6504,ORD006504,ORD006482,99.49,58,SELL
6505,ORD006505,ORD006482,99.49,11,SELL
6505,ORD006505,ORD006489,99.28,47,SELL
6505,ORD006505,ORD006483,98.93,14,SELL
6506,ORD006506,ORD006483,98.93,60,SELL
6506,ORD006506,ORD006479,98.05,26,SELL
6507,ORD006507,ORD006500,99.98,36,BUY
6513,ORD006513,ORD006510,99.61,29,BUY
6513,ORD006513,ORD006500,99.98,7,BUY
6519,ORD006519,ORD006514,99.75,57,SELL
6519,ORD006519,ORD006515,99.35,1,SELL
6520,ORD006520,ORD006515,99.35,44,SELL
6520,ORD006520,ORD006479,98.05,7,SELL
6522,ORD006522,ORD006518,99.76,7,BUY
6522,ORD006522,ORD006516,99.91,7,BUY
6522,ORD006522,ORD006500,99.98,2,BUY
6522,ORD006522,ORD006512,100.16,28,BUY
6526,ORD006526,ORD006512,100.16,16,BUY
6526,ORD006526,ORD006524,100.37,54,BUY
6527,ORD006527,ORD006508,101.14,17,BUY
6528,ORD006528,ORD006526,100.38,22,SELL
6528,ORD006528,ORD006523,99.45,77,SELL
6531,ORD006531,ORD006529,100.60,48,BUY
6531,ORD006531,ORD006508,101.14,28,BUY
6532,ORD006532,ORD006530,100.23,11,SELL
6534,ORD006534,ORD006530,100.23,42,SELL
6534,ORD006534,ORD006523,99.45,1,SELL
6536,ORD006536,ORD006508,101.14,47,BUY
6536,ORD006536,ORD006509,101.17,30,BUY
6536,ORD006536,ORD006502,101.25,1,BUY
6536,ORD006536,ORD006517,101.30,10,BUY
6537,ORD006537,ORD006517,101.30,19,BUY
6538,ORD006538,ORD006517,101.30,10,BUY
6538,ORD006538,ORD006511,101.31,39,BUY
6542,ORD006542,ORD006540,100.38,49,SELL
6544,ORD006544,ORD006542,99.98,8,BUY
6544,ORD006544,ORD006541,101.20,1,BUY
6544,ORD006544,ORD006511,101.31,19,BUY
6544,ORD006544,ORD006494,101.43,16,BUY
6545,ORD006545,ORD006494,101.43,45,BUY
6545,ORD006545,ORD006487,101.45,1,BUY
6545,ORD006545,ORD006476,101.49,3,BUY
6548,ORD006548,ORD006547,100.35,14,BUY
6548,ORD006548,ORD006476,101.49,13,BUY
6548,ORD006548,ORD006501,101.73,20,BUY
6554,ORD006554,ORD006549,100.82,1,BUY
6554,ORD006554,ORD006552,101.09,31,BUY
6555,ORD006555,ORD006553,98.11,12,SELL
6559,ORD006559,ORD006552,101.09,21,BUY
6561,ORD006561,ORD006558,99.30,15,SELL
6562,ORD006562,ORD006560,99.93,15,BUY
6562,ORD006562,ORD006552,101.09,6,BUY
6562,ORD006562,ORD006501,101.73,3,BUY
6563,ORD006563,ORD006501,101.73,3,BUY
6564,ORD006564,ORD006501,101.73,13,BUY
6564,ORD006564,ORD006535,101.75,22,BUY
6564,ORD006564,ORD006445,101.86,28,BUY
6565,ORD006565,ORD006445,101.86,3,BUY
6567,ORD006567,ORD006566,99.64,1,SELL
6567,ORD006567,ORD006558,99.30,11,SELL
6567,ORD006567,ORD006557,99.18,35,SELL
6568,ORD006568,ORD006445,101.86,24,BUY
6568,ORD006568,ORD006181,101.88,44,BUY
6570,ORD006570,ORD006569,99.74,8,SELL
6570,ORD006570,ORD006557,99.18,9,SELL
6573,ORD006573,ORD006571,99.54,13,BUY
6573,ORD006573,ORD006572,100.93,33,BUY
6573,ORD006573,ORD006181,101.88,14,BUY
6573,ORD006573,ORD006556,101.91,27,BUY
6573,ORD006573,ORD006533,101.97,6,BUY
6575,ORD006575,ORD006574,101.42,38,BUY
6575,ORD006575,ORD006533,101.97,10,BUY
6575,ORD006575,ORD006236,101.98,12,BUY
6575,ORD006575,ORD006195,102.00,14,BUY
6576,ORD006576,ORD006557,99.18,24,SELL
6576,ORD006576,ORD006553,98.11,7,SELL
6577,ORD006577,ORD006195,102.00,41,BUY
6578,ORD006578,ORD006553,98.11,12,SELL
6579,ORD006579,ORD006553,98.11,62,SELL
6582,ORD006582,ORD006581,99.75,82,BUY
6589,ORD006589,ORD006587,101.58,74,BUY
6591,ORD006591,ORD006588,99.46,65,SELL
6591,ORD006591,ORD006584,98.88,12,SELL
6593,ORD006593,ORD006590,99.69,24,BUY
6596,ORD006596,ORD006590,99.69,4,BUY
6596,ORD006596,ORD006595,100.79,70,BUY
6596,ORD006596,ORD006594,100.96,10,BUY
6598,ORD006598,ORD006592,99.17,59,SELL
6598,ORD006598,ORD006584,98.88,38,SELL
6601,ORD006601,ORD006600,99.91,49,BUY
6601,ORD006601,ORD006597,100.09,3,BUY
6602,ORD006602,ORD006584,98.88,24,SELL
6602,ORD006602,ORD006599,98.49,43,SELL
6609,ORD006609,ORD006603,99.53,62,SELL
6611,ORD006611,ORD006597,100.09,34,BUY
6612,ORD006612,ORD006597,100.09,46,BUY
6612,ORD006612,ORD006610,100.51,31,BUY
6616,ORD006616,ORD006610,100.51,43,BUY
6618,ORD006618,ORD006610,100.51,15,BUY
6618,ORD006618,ORD006594,100.96,11,BUY
6618,ORD006618,ORD006606,101.07,17,BUY
6619,ORD006619,ORD006617,99.59,40,SELL
6625,ORD006625,ORD006620,100.41,83,SELL
6625,ORD006625,ORD006617,99.59,10,SELL
6628,ORD006628,ORD006627,100.52,63,BUY
6629,ORD006629,ORD006626,99.76,82,SELL
6629,ORD006629,ORD006617,99.59,3,SELL
6630,ORD006630,ORD006617,99.59,14,SELL
6630,ORD006630,ORD006603,99.53,12,SELL
6630,ORD006630,ORD006624,99.16,6,SELL
6632,ORD006632,ORD006624,99.16,47,SELL
6636,ORD006636,ORD006635,99.68,24,SELL
6636,ORD006636,ORD006624,99.16,37,SELL
6637,ORD006637,ORD006633,100.06,26,BUY
6639,ORD006639,ORD006624,99.16,10,SELL
6639,ORD006639,ORD006634,99.00,3,SELL
6639,ORD006639,ORD006613,98.67,74,SELL
6641,ORD006641,ORD006627,100.52,20,BUY
6641,ORD006641,ORD006606,101.07,41,BUY
6643,ORD006643,ORD006642,99.35,25,SELL
6643,ORD006643,ORD006640,99.06,6,SELL
6644,ORD006644,ORD006606,101.07,10,BUY
6645,ORD006645,ORD006606,101.07,17,BUY
6646,ORD006646,ORD006606,101.07,8,BUY
6646,ORD006646,ORD006631,101.31,4,BUY
6647,ORD006647,ORD006640,99.06,7,SELL
6647,ORD006647,ORD006613,98.67,7,SELL
6647,ORD006647,ORD006622,98.62,50,SELL
6650,ORD006650,ORD006649,100.48,10,BUY
6650,ORD006650,ORD006648,101.25,35,BUY
6650,ORD006650,ORD006631,101.31,3,BUY
6651,ORD006651,ORD006631,101.31,66,BUY
6656,ORD006656,ORD006652,99.93,10,SELL
6656,ORD006656,ORD006653,99.83,45,SELL
6656,ORD006656,ORD006622,98.62,27,SELL
6656,ORD006656,ORD006638,98.62,7,SELL
6657,ORD006657,ORD006638,98.62,16,SELL
6658,ORD006658,ORD006638,98.62,30,SELL
6660,ORD006660,ORD006659,99.02,3,SELL
6660,ORD006660,ORD006638,98.62,9,SELL
6660,ORD006660,ORD006599,98.49,1,SELL
6660,ORD006660,ORD006615,98.46,24,SELL
6660,ORD006660,ORD006585,98.39,16,SELL
6661,ORD006661,ORD006654,100.06,85,BUY
6662,ORD006662,ORD006585,98.39,17,SELL
6664,ORD006664,ORD006654,100.06,4,BUY
6664,ORD006664,ORD006631,101.31,23,BUY
6664,ORD006664,ORD006621,101.78,11,BUY
6674,ORD006674,ORD006673,100.46,32,BUY
6674,ORD006674,ORD006670,100.54,13,BUY
6674,ORD006674,ORD006666,100.65,10,BUY
6674,ORD006674,ORD006665,101.15,11,BUY
6675,ORD006675,ORD006671,99.21,66,SELL
6675,ORD006675,ORD006667,99.06,22,SELL
6677,ORD006677,ORD006667,99.06,43,SELL
6677,ORD006677,ORD006672,98.52,9,SELL
6678,ORD006678,ORD006676,99.61,23,BUY
6679,ORD006679,ORD006676,99.61,20,BUY
6680,ORD006680,ORD006676,99.61,2,BUY
6681,ORD006681,ORD006680,99.81,69,SELL
6681,ORD006681,ORD006672,98.52,12,SELL
6682,ORD006682,ORD006665,101.15,37,BUY
6686,ORD006686,ORD006684,98.55,33,SELL
6688,ORD006688,ORD006684,98.55,34,SELL
6689,ORD006689,ORD006684,98.55,32,SELL
6689,ORD006689,ORD006672,98.52,15,SELL
6689,ORD006689,ORD006585,98.39,19,SELL
6690,ORD006690,ORD006585,98.39,41,SELL
6690,ORD006690,ORD006614,98.37,31,SELL
6692,ORD006692,ORD006691,99.71,39,BUY
6692,ORD006692,ORD006687,100.01,39,BUY
6693,ORD006693,ORD006605,98.31,39,SELL
6694,ORD006694,ORD006687,100.01,21,BUY
6695,ORD006695,ORD006685,100.80,5,BUY
6696,ORD006696,ORD006694,100.29,63,SELL
6696,ORD006696,ORD006605,98.31,22,SELL
6699,ORD006699,ORD006697,99.76,21,SELL
6700,ORD006700,ORD006685,100.80,71,BUY
6701,ORD006701,ORD006685,100.80,1,BUY
6701,ORD006701,ORD006665,101.15,13,BUY
6702,ORD006702,ORD006665,101.15,4,BUY
6702,ORD006702,ORD006621,101.78,44,BUY
6703,ORD006703,ORD006697,99.76,4,SELL
6704,ORD006704,ORD006697,99.76,5,SELL
6706,ORD006706,ORD006697,99.76,32,SELL
6706,ORD006706,ORD006705,99.47,27,SELL
6707,ORD006707,ORD006705,99.47,44,SELL
6707,ORD006707,ORD006698,98.25,5,SELL
6708,ORD006708,ORD006621,101.78,7,BUY
6708,ORD006708,ORD006655,101.94,79,BUY
6710,ORD006710,ORD006698,98.25,21,SELL
6713,ORD006713,ORD006711,99.23,50,SELL
6715,ORD006715,ORD006711,99.23,42,SELL
6715,ORD006715,ORD006698,98.25,2,SELL
6717,ORD006717,ORD006716,99.64,22,BUY
6717,ORD006717,ORD006714,100.40,15,BUY
6723,ORD006723,ORD006720,99.30,6,SELL
6727,ORD006727,ORD006714,100.40,42,BUY
6729,ORD006729,ORD006714,100.40,10,BUY
6729,ORD006729,ORD006725,100.71,11,BUY
6731,ORD006731,ORD006720,99.30,10,SELL
6732,ORD006732,ORD006720,99.30,10,SELL
6733,ORD006733,ORD006730,99.87,10,BUY
6737,ORD006737,ORD006720,99.30,12,SELL
6738,ORD006738,ORD006730,99.87,59,BUY
6741,ORD006741,ORD006739,100.45,6,BUY
6742,ORD006742,ORD006739,100.45,26,BUY
6743,ORD006743,ORD006739,100.45,53,BUY
6743,ORD006743,ORD006725,100.71,19,BUY
6744,ORD006744,ORD006738,100.04,20,SELL
6744,ORD006744,ORD006740,99.82,24,SELL
6745,ORD006745,ORD006725,100.71,49,BUY
6745,ORD006745,ORD006712,100.92,33,BUY
6746,ORD006746,ORD006712,100.92,50,BUY
6746,ORD006746,ORD006735,101.53,8,BUY
6750,ORD006750,ORD006749,100.76,34,BUY
6752,ORD006752,ORD006751,100.47,41,BUY
6752,ORD006752,ORD006749,100.76,34,BUY
6752,ORD006752,ORD006748,101.52,10,BUY
6755,ORD006755,ORD006740,99.82,29,SELL
6755,ORD006755,ORD006720,99.30,51,SELL
6756,ORD006756,ORD006720,99.30,6,SELL
6756,ORD006756,ORD006722,99.27,2,SELL
6756,ORD006756,ORD006736,99.02,22,SELL
6759,ORD006759,ORD006736,99.02,22,SELL
6760,ORD006760,ORD006736,99.02,6,SELL
6760,ORD006760,ORD006758,99.01,3,SELL
6761,ORD006761,ORD006753,100.64,35,BUY
6761,ORD006761,ORD006748,101.52,16,BUY
6762,ORD006762,ORD006748,101.52,24,BUY
6762,ORD006762,ORD006735,101.53,26,BUY
6762,ORD006762,ORD006728,101.57,19,BUY
6763,ORD006763,ORD006758,99.01,13,SELL
6764,ORD006764,ORD006728,101.57,18,BUY
6764,ORD006764,ORD006719,101.94,14,BUY
6766,ORD006766,ORD006758,99.01,23,SELL
6766,ORD006766,ORD006757,98.98,16,SELL
6769,ORD006769,ORD006768,100.67,7,BUY
6772,ORD006772,ORD006770,99.51,10,BUY
6776,ORD006776,ORD006772,100.34,47,SELL
6776,ORD006776,ORD006757,98.98,29,SELL
6777,ORD006777,ORD006757,98.98,30,SELL
6782,ORD006782,ORD006779,100.07,14,BUY
6782,ORD006782,ORD006768,100.67,38,BUY
6784,ORD006784,ORD006781,99.89,40,SELL
6784,ORD006784,ORD006780,99.82,19,SELL
6790,ORD006790,ORD006786,99.88,26,BUY
6792,ORD006792,ORD006780,99.82,28,SELL
6792,ORD006792,ORD006783,99.79,55,SELL
6794,ORD006794,ORD006787,100.44,43,BUY
6794,ORD006794,ORD006791,100.48,1,BUY
6797,ORD006797,ORD006783,99.79,40,SELL
6797,ORD006797,ORD006793,99.16,17,SELL
6797,ORD006797,ORD006757,98.98,4,SELL
6797,ORD006797,ORD006796,98.93,15,SELL
6798,ORD006798,ORD006796,98.93,19,SELL
6798,ORD006798,ORD006771,98.78,19,SELL
6799,ORD006799,ORD006771,98.78,1,SELL
6802,ORD006802,ORD006791,100.48,4,BUY
6802,ORD006802,ORD006768,100.67,13,BUY
6803,ORD006803,ORD006768,100.67,26,BUY
6803,ORD006803,ORD006767,101.09,54,BUY
6804,ORD006804,ORD006801,100.46,51,SELL
6805,ORD006805,ORD006804,99.52,11,BUY
6806,ORD006806,ORD006771,98.78,10,SELL
6807,ORD006807,ORD006771,98.78,10,SELL
6807,ORD006807,ORD006775,98.67,24,SELL
6808,ORD006808,ORD006804,99.52,12,BUY
6809,ORD006809,ORD006804,99.52,12,BUY
6809,ORD006809,ORD006767,101.09,13,BUY
6809,ORD006809,ORD006789,101.16,34,BUY
6809,ORD006809,ORD006785,101.24,20,BUY
6809,ORD006809,ORD006778,101.33,16,BUY
6812,ORD006812,ORD006775,98.67,14,SELL
6812,ORD006812,ORD006800,98.59,12,SELL
6813,ORD006813,ORD006811,101.06,34,BUY
6814,ORD006814,ORD006811,101.06,60,BUY
6816,ORD006816,ORD006815,99.03,18,SELL
6818,ORD006818,ORD006811,101.06,4,BUY
6818,ORD006818,ORD006778,101.33,74,BUY
6818,ORD006818,ORD006774,101.98,19,BUY
6822,ORD006822,ORD006819,99.80,50,BUY
6822,ORD006822,ORD006774,101.98,17,BUY
6830,ORD006830,ORD006825,100.44,18,SELL
6830,ORD006830,ORD006826,99.59,52,SELL
6830,ORD006830,ORD006817,99.33,18,SELL
6833,ORD006833,ORD006828,101.06,42,BUY
6833,ORD006833,ORD006832,101.68,13,BUY
6834,ORD006834,ORD006832,101.68,2,BUY
6835,ORD006835,ORD006831,99.87,45,SELL
6840,ORD006840,ORD006836,100.27,90,SELL
6840,ORD006840,ORD006831,99.87,3,SELL
6842,ORD006842,ORD006831,99.87,1,SELL
6843,ORD006843,ORD006831,99.87,6,SELL
6843,ORD006843,ORD006821,99.09,31,SELL
6843,ORD006843,ORD006815,99.03,29,SELL
6843,ORD006843,ORD006829,98.78,14,SELL
6844,ORD006844,ORD006829,98.78,30,SELL
6850,ORD006850,ORD006845,98.90,63,SELL
6850,ORD006850,ORD006829,98.78,21,SELL
6851,ORD006851,ORD006829,98.78,14,SELL
6851,ORD006851,ORD006800,98.59,7,SELL
6854,ORD006854,ORD006800,98.59,32,SELL
6856,ORD006856,ORD006846,99.67,72,BUY
6857,ORD006857,ORD006800,98.59,22,SELL
6858,ORD006858,ORD006846,99.67,11,BUY
6859,ORD006859,ORD006852,99.90,27,BUY
6859,ORD006859,ORD006841,100.04,25,BUY
6859,ORD006859,ORD006847,100.17,5,BUY
6861,ORD006861,ORD006847,100.17,6,BUY
6861,ORD006861,ORD006838,101.22,3,BUY
6861,ORD006861,ORD006860,101.41,38,BUY
6861,ORD006861,ORD006837,101.82,7,BUY
6861,ORD006861,ORD006839,101.88,7,BUY
6863,ORD006863,ORD006862,100.11,71,SELL
6863,ORD006863,ORD006858,99.71,16,SELL
6864,ORD006864,ORD006839,101.88,53,BUY
6864,ORD006864,ORD006848,101.97,37,BUY
6866,ORD006866,ORD006858,99.71,12,SELL
6867,ORD006867,ORD006848,101.97,22,BUY
6870,ORD006870,ORD006869,99.82,23,BUY
6879,ORD006879,ORD006858,99.71,27,SELL
6880,ORD006880,ORD006858,99.71,1,SELL
6880,ORD006880,ORD006874,99.60,26,SELL
6880,ORD006880,ORD006868,99.55,6,SELL
6881,ORD006881,ORD006877,100.05,55,BUY
6881,ORD006881,ORD006875,100.94,1,BUY
6882,ORD006882,ORD006868,99.55,83,SELL
6882,ORD006882,ORD006876,99.40,5,SELL
6884,ORD006884,ORD006883,100.33,4,BUY
6884,ORD006884,ORD006875,100.94,35,BUY
6886,ORD006886,ORD006876,99.40,46,SELL
6889,ORD006889,ORD006885,99.92,1,BUY
6889,ORD006889,ORD006875,100.94,20,BUY
6890,ORD006890,ORD006876,99.40,27,SELL
6890,ORD006890,ORD006865,98.82,5,SELL
6894,ORD006894,ORD006891,100.45,7,SELL
6894,ORD006894,ORD006892,99.62,45,SELL
6896,ORD006896,ORD006895,101.19,43,BUY
6897,ORD006897,ORD006892,99.62,37,SELL
6897,ORD006897,ORD006865,98.82,16,SELL
6897,ORD006897,ORD006800,98.59,12,SELL
6897,ORD006897,ORD006724,98.54,17,SELL
6897,ORD006897,ORD006810,98.48,6,SELL
6898,ORD006898,ORD006895,101.19,34,BUY
6898,ORD006898,ORD006893,101.35,57,BUY
6899,ORD006899,ORD006893,101.35,29,BUY
6900,ORD006900,ORD006810,98.48,33,SELL
6900,ORD006900,ORD006820,98.39,43,SELL
6904,ORD006904,ORD006903,99.48,16,SELL
6904,ORD006904,ORD006820,98.39,10,SELL
6904,ORD006904,ORD006788,98.38,14,SELL
6905,ORD006905,ORD006893,101.35,4,BUY
6905,ORD006905,ORD006878,101.59,25,BUY
6907,ORD006907,ORD006906,101.42,85,BUY
6907,ORD006907,ORD006878,101.59,10,BUY
6908,ORD006908,ORD006788,98.38,48,SELL
6908,ORD006908,ORD006824,98.37,9,SELL
6909,ORD006909,ORD006878,101.59,25,BUY
6910,ORD006910,ORD006878,101.59,1,BUY
6910,ORD006910,ORD006888,101.95,39,BUY
6911,ORD006911,ORD006824,98.37,19,SELL
6912,ORD006912,ORD006824,98.37,46,SELL
6912,ORD006912,ORD006698,98.25,36,SELL
6912,ORD006912,ORD006773,98.18,6,SELL
6913,ORD006913,ORD006773,98.18,8,SELL
6913,ORD006913,ORD006709,98.15,4,SELL
6913,ORD006913,ORD006734,98.08,20,SELL
6916,ORD006916,ORD006914,100.93,5,BUY
6916,ORD006916,ORD006888,101.95,15,BUY
6917,ORD006917,ORD006915,99.65,22,SELL
6926,ORD006926,ORD006922,100.32,90,SELL
6926,ORD006926,ORD006923,100.14,9,SELL
6931,ORD006931,ORD006930,100.27,15,BUY
6931,ORD006931,ORD006929,100.28,60,BUY
6933,ORD006933,ORD006923,100.14,20,SELL
6933,ORD006933,ORD006920,99.87,10,SELL
6937,ORD006937,ORD006929,100.28,28,BUY
6937,ORD006937,ORD006921,101.65,50,BUY
6938,ORD006938,ORD006920,99.87,41,SELL
6940,ORD006940,ORD006921,101.65,27,BUY
6940,ORD006940,ORD006924,101.70,41,BUY
6942,ORD006942,ORD006924,101.70,46,BUY
6942,ORD006942,ORD006934,101.98,11,BUY
6946,ORD006946,ORD006943,100.10,26,SELL
6947,ORD006947,ORD006943,100.10,31,SELL
6949,ORD006949,ORD006943,100.10,3,SELL
6949,ORD006949,ORD006920,99.87,21,SELL
6951,ORD006951,ORD006948,101.01,17,BUY
6951,ORD006951,ORD006934,101.98,3,BUY
6953,ORD006953,ORD006952,100.21,17,BUY
6954,ORD006954,ORD006920,99.87,22,SELL
6954,ORD006954,ORD006925,99.83,16,SELL
6956,ORD006956,ORD006925,99.83,56,SELL
6956,ORD006956,ORD006935,99.83,2,SELL
6958,ORD006958,ORD006935,99.83,25,SELL
6959,ORD006959,ORD006935,99.83,5,SELL
6959,ORD006959,ORD006944,99.72,25,SELL
6959,ORD006959,ORD006950,99.71,17,SELL
6965,ORD006965,ORD006950,99.71,34,SELL
6965,ORD006965,ORD006941,99.69,55,SELL
6967,ORD006967,ORD006941,99.69,8,SELL
6968,ORD006968,ORD006964,99.58,47,SELL
6968,ORD006968,ORD006961,99.49,17,SELL
6972,ORD006972,ORD006967,99.63,45,BUY
6972,ORD006972,ORD006960,99.78,4,BUY
6976,ORD006976,ORD006961,99.49,65,SELL
6976,ORD006976,ORD006936,99.29,34,SELL
6980,ORD006980,ORD006960,99.78,17,BUY
6980,ORD006980,ORD006970,99.98,62,BUY
6985,ORD006985,ORD006970,99.98,31,BUY
6985,ORD006985,ORD006969,100.04,13,BUY
6986,ORD006986,ORD006983,99.89,23,SELL
6987,ORD006987,ORD006969,100.04,17,BUY
6989,ORD006989,ORD006969,100.04,53,BUY
6989,ORD006989,ORD006952,100.21,27,BUY
6991,ORD006991,ORD006952,100.21,14,BUY
6991,ORD006991,ORD006971,100.53,4,BUY
6991,ORD006991,ORD006990,100.84,7,BUY
6994,ORD006994,ORD006992,100.45,22,SELL
6994,ORD006994,ORD006983,99.89,7,SELL
6994,ORD006994,ORD006978,99.70,6,SELL
6998,ORD006998,ORD006990,100.84,50,BUY
6998,ORD006998,ORD006955,100.96,10,BUY
6999,ORD006999,ORD006978,99.70,17,SELL
6999,ORD006999,ORD006936,99.29,47,SELL
6999,ORD006999,ORD006939,99.24,5,SELL
7000,ORD007000,ORD006939,99.24,49,SELL
7000,ORD007000,ORD006928,99.18,41,SELL
7001,ORD007001,ORD006928,99.18,23,SELL
7001,ORD007001,ORD006927,99.17,39,SELL
7005,ORD007005,ORD007003,99.88,33,BUY
7006,ORD007006,ORD007003,99.88,7,BUY
7006,ORD007006,ORD006955,100.96,19,BUY
7008,ORD007008,ORD007007,100.35,5,SELL
7009,ORD007009,ORD006927,99.17,51,SELL
7009,ORD007009,ORD006988,99.11,10,SELL
7011,ORD007011,ORD007008,99.53,21,BUY
7011,ORD007011,ORD007010,99.86,13,BUY
7012,ORD007012,ORD006988,99.11,26,SELL
7012,ORD007012,ORD006973,99.06,22,SELL
7013,ORD007013,ORD006973,99.06,51,SELL
7013,ORD007013,ORD006995,99.04,1,SELL
7016,ORD007016,ORD007010,99.86,62,BUY
7016,ORD007016,ORD007015,100.81,1,BUY
7016,ORD007016,ORD006955,100.96,26,BUY
7017,ORD007017,ORD006995,99.04,14,SELL
7018,ORD007018,ORD006955,100.96,36,BUY
7018,ORD007018,ORD006977,101.79,4,BUY
7018,ORD007018,ORD006996,101.88,44,BUY
7019,ORD007019,ORD006996,101.88,13,BUY
7019,ORD007019,ORD006997,102.00,23,BUY
7022,ORD007022,ORD006995,99.04,74,SELL
7022,ORD007022,ORD006982,98.96,12,SELL
7023,ORD007023,ORD007021,100.63,20,BUY
7025,ORD007025,ORD006982,98.96,23,SELL
7029,ORD007029,ORD007027,99.91,47,BUY
7030,ORD007030,ORD007028,99.54,5,SELL
7030,ORD007030,ORD006982,98.96,54,SELL
7033,ORD007033,ORD007027,99.91,51,BUY
7033,ORD007033,ORD007032,100.14,36,BUY
7035,ORD007035,ORD006982,98.96,5,SELL
7035,ORD007035,ORD006975,98.94,44,SELL
7035,ORD007035,ORD006966,98.93,42,SELL
7035,ORD007035,ORD006962,98.81,9,SELL
7036,ORD007036,ORD006962,98.81,48,SELL
7036,ORD007036,ORD006993,98.65,40,SELL
7037,ORD007037,ORD007034,99.91,31,BUY
7038,ORD007038,ORD007034,99.91,6,BUY
7039,ORD007039,ORD007038,99.97,15,SELL
7040,ORD007040,ORD007038,99.97,68,SELL
7043,ORD007043,ORD007032,100.14,62,BUY
7043,ORD007043,ORD007041,101.52,14,BUY
7044,ORD007044,ORD007041,101.52,44,BUY
7045,ORD007045,ORD007041,101.52,1,BUY
7045,ORD007045,ORD007031,101.67,5,BUY
7046,ORD007046,ORD007038,99.97,8,SELL
7046,ORD007046,ORD007042,99.30,35,SELL
7048,ORD007048,ORD007042,99.30,34,SELL
7049,ORD007049,ORD007031,101.67,50,BUY
7052,ORD007052,ORD007042,99.30,10,SELL
7052,ORD007052,ORD007051,99.30,45,SELL
7054,ORD007054,ORD007051,99.30,44,SELL
7054,ORD007054,ORD006993,98.65,42,SELL
7057,ORD007057,ORD006993,98.65,9,SELL
7057,ORD007057,ORD006963,98.42,20,SELL
7057,ORD007057,ORD006984,98.39,16,SELL
7061,ORD007061,ORD007058,99.84,37,BUY
7063,ORD007063,ORD007058,99.84,6,BUY
7063,ORD007063,ORD007059,99.91,69,BUY
7066,ORD007066,ORD007059,99.91,5,BUY
7066,ORD007066,ORD007055,100.00,36,BUY
7066,ORD007066,ORD007064,100.70,23,BUY
7068,ORD007068,ORD007064,100.70,48,BUY
7068,ORD007068,ORD007062,100.85,7,BUY
7070,ORD007070,ORD007067,98.86,19,SELL
7070,ORD007070,ORD006984,98.39,24,SELL
7073,ORD007073,ORD007062,100.85,1,BUY
7074,ORD007074,ORD007072,100.32,18,SELL
7074,ORD007074,ORD006984,98.39,9,SELL
7074,ORD007074,ORD006957,98.37,6,SELL
7074,ORD007074,ORD006932,98.34,26,SELL
7078,ORD007078,ORD007075,99.45,9,SELL
7083,ORD007083,ORD007079,100.51,17,BUY
7084,ORD007084,ORD007075,99.45,7,SELL
7086,ORD007086,ORD007075,99.45,17,SELL
7086,ORD007086,ORD006932,98.34,36,SELL
7087,ORD007087,ORD007085,99.94,59,BUY
7088,ORD007088,ORD006932,98.34,9,SELL
7089,ORD007089,ORD007085,99.94,10,BUY
7090,ORD007090,ORD007085,99.94,15,BUY
7090,ORD007090,ORD007079,100.51,9,BUY
7094,ORD007094,ORD006932,98.34,4,SELL
7095,ORD007095,ORD007092,100.25,10,BUY
7096,ORD007096,ORD006932,98.34,6,SELL
7098,ORD007098,ORD006932,98.34,1,SELL
7098,ORD007098,ORD007004,98.34,19,SELL
7098,ORD007098,ORD007002,98.22,45,SELL
7099,ORD007099,ORD007002,98.22,5,SELL
7100,ORD007100,ORD007092,100.25,70,BUY
7100,ORD007100,ORD007093,100.44,16,BUY
7102,ORD007102,ORD007093,100.44,21,BUY
7104,ORD007104,ORD007103,100.36,57,SELL
7105,ORD007105,ORD007103,100.36,10,SELL
7106,ORD007106,ORD007101,99.35,19,SELL
7110,ORD007110,ORD007105,99.84,60,BUY
7110,ORD007110,ORD007093,100.44,9,BUY
7110,ORD007110,ORD007079,100.51,17,BUY
7111,ORD007111,ORD007079,100.51,48,BUY
7111,ORD007111,ORD007077,100.70,32,BUY
7111,ORD007111,ORD007062,100.85,2,BUY
7112,ORD007112,ORD007101,99.35,40,SELL
7112,ORD007112,ORD007109,99.09,4,SELL
7113,ORD007113,ORD007062,100.85,48,BUY
7113,ORD007113,ORD007069,100.85,36,BUY
7114,ORD007114,ORD007109,99.09,7,SELL
7114,ORD007114,ORD007002,98.22,29,SELL
7114,ORD007114,ORD007014,98.21,56,SELL
7115,ORD007115,ORD007069,100.85,24,BUY
7115,ORD007115,ORD007060,100.87,4,BUY
7117,ORD007117,ORD007014,98.21,23,SELL
7117,ORD007117,ORD007080,98.16,59,SELL
7118,ORD007118,ORD007116,100.67,8,BUY
7118,ORD007118,ORD007060,100.87,10,BUY
7118,ORD007118,ORD007097,101.03,27,BUY
7120,ORD007120,ORD007080,98.16,1,SELL
7120,ORD007120,ORD007024,98.13,14,SELL
7120,ORD007120,ORD007056,98.10,20,SELL
7120,ORD007120,ORD007076,98.07,20,SELL
7120,ORD007120,ORD006945,98.01,39,SELL
7121,ORD007121,ORD006945,98.01,27,SELL
7122,ORD007122,ORD007119,99.56,59,BUY
7124,ORD007124,ORD007119,99.56,32,BUY
7124,ORD007124,ORD007097,101.03,23,BUY
7124,ORD007124,ORD007107,101.31,20,BUY
7127,ORD007127,ORD007091,101.49,36,BUY
7130,ORD007130,ORD007128,100.58,78,BUY
7134,ORD007134,ORD007129,99.56,10,SELL
7136,ORD007136,ORD007132,100.10,32,BUY
7138,ORD007138,ORD007137,98.60,29,SELL
7140,ORD007140,ORD007139,99.63,71,BUY
7140,ORD007140,ORD007132,100.10,16,BUY
7142,ORD007142,ORD007132,100.10,31,BUY
7142,ORD007142,ORD007128,100.58,5,BUY
7143,ORD007143,ORD007128,100.58,13,BUY
7143,ORD007143,ORD007131,100.59,2,BUY
7143,ORD007143,ORD007133,100.98,36,BUY
7143,ORD007143,ORD007091,101.49,8,BUY
7145,ORD007145,ORD007137,98.60,36,SELL
7152,ORD007152,ORD007146,100.41,39,BUY
7158,ORD007158,ORD007157,99.77,12,SELL
7158,ORD007158,ORD007151,98.97,73,SELL
7158,ORD007158,ORD007154,98.33,6,SELL
7159,ORD007159,ORD007146,100.41,17,BUY
7159,ORD007159,ORD007149,100.43,10,BUY
7162,ORD007162,ORD007149,100.43,8,BUY
7168,ORD007168,ORD007163,100.10,85,BUY
7174,ORD007174,ORD007163,100.10,8,BUY
7174,ORD007174,ORD007149,100.43,30,BUY
7174,ORD007174,ORD007170,100.70,27,BUY
7175,ORD007175,ORD007173,99.95,27,SELL
7175,ORD007175,ORD007166,99.09,1,SELL
7177,ORD007177,ORD007170,100.70,6,BUY
7177,ORD007177,ORD007169,100.96,8,BUY
7177,ORD007177,ORD007091,101.49,7,BUY
7177,ORD007177,ORD007053,101.55,10,BUY
7178,ORD007178,ORD007082,101.67,15,BUY
7181,ORD007181,ORD007179,100.21,68,SELL
7187,ORD007187,ORD007179,100.21,23,SELL
7188,ORD007188,ORD007182,99.61,39,SELL
7190,ORD007190,ORD007187,100.08,33,BUY
7191,ORD007191,ORD007183,100.26,4,BUY
7195,ORD007195,ORD007190,100.22,65,SELL
7196,ORD007196,ORD007182,99.61,10,SELL
7197,ORD007197,ORD007195,99.88,4,BUY
7199,ORD007199,ORD007195,99.88,22,BUY
7199,ORD007199,ORD007183,100.26,43,BUY
7199,ORD007199,ORD007194,100.36,24,BUY
7201,ORD007201,ORD007194,100.36,52,BUY
7202,ORD007202,ORD007194,100.36,16,BUY
7202,ORD007202,ORD007193,100.57,61,BUY
7205,ORD007205,ORD007200,99.90,64,SELL
7206,ORD007206,ORD007200,99.90,4,SELL
7207,ORD007207,ORD007193,100.57,3,BUY
7207,ORD007207,ORD007198,100.76,4,BUY
7208,ORD007208,ORD007198,100.76,6,BUY
7208,ORD007208,ORD007186,101.32,22,BUY
7210,ORD007210,ORD007200,99.90,6,SELL
7210,ORD007210,ORD007182,99.61,43,SELL
7210,ORD007210,ORD007166,99.09,37,SELL
7210,ORD007210,ORD007209,99.02,4,SELL
7215,ORD007215,ORD007214,100.39,4,BUY
7218,ORD007218,ORD007216,99.91,73,BUY
7219,ORD007219,ORD007216,99.91,24,BUY
7219,ORD007219,ORD007214,100.39,7,BUY
7220,ORD007220,ORD007214,100.39,4,BUY
7220,ORD007220,ORD007186,101.32,27,BUY
7221,ORD007221,ORD007211,99.63,32,SELL
7221,ORD007221,ORD007212,99.23,8,SELL
7223,ORD007223,ORD007212,99.23,11,SELL
7223,ORD007223,ORD007209,99.02,65,SELL
7223,ORD007223,ORD007171,98.81,23,SELL
7224,ORD007224,ORD007186,101.32,14,BUY
7226,ORD007226,ORD007225,100.94,62,BUY
7226,ORD007226,ORD007186,101.32,4,BUY
7227,ORD007227,ORD007186,101.32,23,BUY
7227,ORD007227,ORD007222,101.35,77,BUY
7228,ORD007228,ORD007222,101.35,15,BUY
7228,ORD007228,ORD007213,101.60,8,BUY
7230,ORD007230,ORD007171,98.81,30,SELL
7230,ORD007230,ORD007164,98.71,10,SELL
7232,ORD007232,ORD007229,101.26,9,BUY
7232,ORD007232,ORD007213,101.60,11,BUY
7232,ORD007232,ORD007203,101.66,51,BUY
7232,ORD007232,ORD007082,101.67,15,BUY
7232,ORD007232,ORD007065,101.70,10,BUY
7234,ORD007234,ORD007231,100.19,10,SELL
7234,ORD007234,ORD007164,98.71,27,SELL
7234,ORD007234,ORD007204,98.34,8,SELL
7242,ORD007242,ORD007238,100.29,44,BUY
7247,ORD007247,ORD007246,101.08,3,BUY
7247,ORD007247,ORD007243,101.22,89,BUY
7247,ORD007247,ORD007239,101.47,4,BUY
7247,ORD007247,ORD007244,101.51,4,BUY
7248,ORD007248,ORD007244,101.51,46,BUY
7248,ORD007248,ORD007065,101.70,1,BUY
7251,ORD007251,ORD007250,101.48,68,BUY
7252,ORD007252,ORD007242,100.42,5,SELL
7252,ORD007252,ORD007237,100.02,26,SELL
7252,ORD007252,ORD007245,99.65,8,SELL
7252,ORD007252,ORD007235,99.25,32,SELL
7252,ORD007252,ORD007241,99.03,18,SELL
7252,ORD007252,ORD007204,98.34,7,SELL
7253,ORD007253,ORD007204,98.34,84,SELL
7253,ORD007253,ORD007154,98.33,5,SELL
7255,ORD007255,ORD007254,100.33,24,BUY
7256,ORD007256,ORD007154,98.33,74,SELL
7256,ORD007256,ORD007184,98.27,5,SELL
7259,ORD007259,ORD007257,100.23,11,BUY
7259,ORD007259,ORD007254,100.33,11,BUY
7260,ORD007260,ORD007254,100.33,50,BUY
7260,ORD007260,ORD007258,101.25,46,BUY
7264,ORD007264,ORD007262,100.30,24,BUY
7264,ORD007264,ORD007250,101.48,29,BUY
7264,ORD007264,ORD007161,101.70,41,BUY
7266,ORD007266,ORD007265,101.22,2,BUY
7267,ORD007267,ORD007265,101.22,86,BUY
7267,ORD007267,ORD007161,101.70,6,BUY
7268,ORD007268,ORD007263,99.78,10,SELL
7269,ORD007269,ORD007161,101.70,13,BUY
7269,ORD007269,ORD007176,101.73,22,BUY
7270,ORD007270,ORD007263,99.78,37,SELL
7271,ORD007271,ORD007176,101.73,33,BUY
7271,ORD007271,ORD007217,101.77,12,BUY
7275,ORD007275,ORD007263,99.78,24,SELL
7275,ORD007275,ORD007272,99.21,58,SELL
7276,ORD007276,ORD007272,99.21,11,SELL
7279,ORD007279,ORD007277,99.82,9,SELL
7279,ORD007279,ORD007272,99.21,18,SELL
7279,ORD007279,ORD007261,99.12,35,SELL
7279,ORD007279,ORD007184,98.27,31,SELL
7282,ORD007282,ORD007280,99.80,54,BUY
7282,ORD007282,ORD007281,100.14,11,BUY
7283,ORD007283,ORD007184,98.27,38,SELL
7283,ORD007283,ORD007167,98.23,1,SELL
7287,ORD007287,ORD007285,99.96,64,BUY
7287,ORD007287,ORD007281,100.14,8,BUY
7289,ORD007289,ORD007281,100.14,30,BUY
7289,ORD007289,ORD007284,100.72,67,BUY
7294,ORD007294,ORD007291,99.66,53,SELL
7294,ORD007294,ORD007293,99.62,45,SELL
7297,ORD007297,ORD007284,100.72,27,BUY
7297,ORD007297,ORD007286,100.90,5,BUY
7304,ORD007304,ORD007295,99.92,1,SELL
7304,ORD007304,ORD007296,99.86,2,SELL
7304,ORD007304,ORD007293,99.62,2,SELL
7304,ORD007304,ORD007298,99.28,56,SELL
7306,ORD007306,ORD007298,99.28,38,SELL
7306,ORD007306,ORD007292,98.90,49,SELL
7310,ORD007310,ORD007308,99.51,6,BUY
7310,ORD007310,ORD007305,100.49,23,BUY
7315,ORD007315,ORD007313,99.15,20,SELL
7317,ORD007317,ORD007312,100.06,2,BUY
7317,ORD007317,ORD007316,100.42,17,BUY
7317,ORD007317,ORD007305,100.49,34,BUY
7317,ORD007317,ORD007286,100.90,29,BUY
7318,ORD007318,ORD007286,100.90,46,BUY
7319,ORD007319,ORD007286,100.90,14,BUY
7319,ORD007319,ORD007302,101.18,85,BUY
7320,ORD007320,ORD007302,101.18,4,BUY
7320,ORD007320,ORD007278,101.19,60,BUY
7322,ORD007322,ORD007313,99.15,80,SELL
7322,ORD007322,ORD007307,99.12,19,SELL
7323,ORD007323,ORD007307,99.12,29,SELL
7324,ORD007324,ORD007278,101.19,7,BUY
7324,ORD007324,ORD007309,101.39,8,BUY
7324,ORD007324,ORD007300,101.49,82,BUY
7325,ORD007325,ORD007300,101.49,9,BUY
7325,ORD007325,ORD007273,101.65,21,BUY
7326,ORD007326,ORD007273,101.65,64,BUY
7326,ORD007326,ORD007303,101.66,25,BUY
7328,ORD007328,ORD007307,99.12,26,SELL
7331,ORD007331,ORD007303,101.66,63,BUY
7331,ORD007331,ORD007217,101.77,20,BUY
7332,ORD007332,ORD007217,101.77,29,BUY
7335,ORD007335,ORD007329,99.58,69,SELL
7335,ORD007335,ORD007307,99.12,2,SELL
7335,ORD007335,ORD007311,98.97,20,SELL
7337,ORD007337,ORD007334,100.46,3,BUY
7337,ORD007337,ORD007333,101.22,15,BUY
7337,ORD007337,ORD007336,101.23,13,BUY
7337,ORD007337,ORD007217,101.77,10,BUY
7337,ORD007337,ORD007299,101.85,29,BUY
7337,ORD007337,ORD007236,101.86,16,BUY
7338,ORD007338,ORD007311,98.97,13,SELL
7338,ORD007338,ORD007330,98.92,14,SELL
7339,ORD007339,ORD007330,98.92,68,SELL
7339,ORD007339,ORD007292,98.90,10,SELL
7343,ORD007343,ORD007340,100.16,17,BUY
7343,ORD007343,ORD007342,101.19,31,BUY
7353,ORD007353,ORD007351,100.94,43,BUY
7359,ORD007359,ORD007356,100.46,30,SELL
7360,ORD007360,ORD007341,99.43,29,SELL
7360,ORD007360,ORD007350,99.24,32,SELL
7361,ORD007361,ORD007350,99.24,7,SELL
7362,ORD007362,ORD007359,100.21,17,BUY
7362,ORD007362,ORD007355,100.50,2,BUY
7364,ORD007364,ORD007363,100.45,49,BUY
7364,ORD007364,ORD007355,100.50,1,BUY
7365,ORD007365,ORD007350,99.24,22,SELL
7365,ORD007365,ORD007354,98.95,20,SELL
7365,ORD007365,ORD007292,98.90,34,SELL
7365,ORD007365,ORD007352,98.90,15,SELL
7369,ORD007369,ORD007352,98.90,64,SELL
7369,ORD007369,ORD007288,98.85,23,SELL
7369,ORD007369,ORD007327,98.63,5,SELL
7369,ORD007369,ORD007314,98.57,2,SELL
7371,ORD007371,ORD007355,100.50,39,BUY
7374,ORD007374,ORD007373,99.29,56,SELL
7378,ORD007378,ORD007373,99.29,23,SELL
7378,ORD007378,ORD007375,99.24,41,SELL
7380,ORD007380,ORD007379,99.92,8,SELL
7380,ORD007380,ORD007375,99.24,13,SELL
7380,ORD007380,ORD007314,98.57,10,SELL
7380,ORD007380,ORD007366,98.51,43,SELL
7387,ORD007387,ORD007382,99.72,6,BUY
7388,ORD007388,ORD007384,98.68,34,SELL
7388,ORD007388,ORD007366,98.51,22,SELL
7388,ORD007388,ORD007290,98.41,22,SELL
7389,ORD007389,ORD007382,99.72,19,BUY
7389,ORD007389,ORD007355,100.50,10,BUY
7390,ORD007390,ORD007355,100.50,35,BUY
7390,ORD007390,ORD007383,100.61,33,BUY
7391,ORD007391,ORD007321,98.32,15,SELL
7393,ORD007393,ORD007383,100.61,43,BUY
7393,ORD007393,ORD007372,100.89,27,BUY
7396,ORD007396,ORD007395,100.45,1,BUY
7396,ORD007396,ORD007372,100.89,47,BUY
7396,ORD007396,ORD007376,100.90,2,BUY
7396,ORD007396,ORD007351,100.94,2,BUY
7397,ORD007397,ORD007392,98.97,31,SELL
7397,ORD007397,ORD007321,98.32,54,SELL
7397,ORD007397,ORD007167,98.23,10,SELL
7399,ORD007399,ORD007351,100.94,24,BUY
7399,ORD007399,ORD007385,101.05,20,BUY
7404,ORD007404,ORD007385,101.05,45,BUY
7404,ORD007404,ORD007342,101.19,3,BUY
7407,ORD007407,ORD007405,101.15,1,BUY
7407,ORD007407,ORD007342,101.19,33,BUY
7407,ORD007407,ORD007346,101.20,10,BUY
7408,ORD007408,ORD007402,100.26,6,SELL
7408,ORD007408,ORD007398,100.20,55,SELL
7408,ORD007408,ORD007406,98.79,1,SELL
7408,ORD007408,ORD007167,98.23,5,SELL
7414,ORD007414,ORD007413,99.56,74,SELL
7419,ORD007419,ORD007413,99.56,19,SELL
7419,ORD007419,ORD007412,99.52,71,SELL
7420,ORD007420,ORD007412,99.52,28,SELL
7420,ORD007420,ORD007415,99.44,48,SELL
7421,ORD007421,ORD007416,100.73,25,BUY
7422,ORD007422,ORD007415,99.44,18,SELL
7425,ORD007425,ORD007416,100.73,37,BUY
7425,ORD007425,ORD007346,101.20,50,BUY
7426,ORD007426,ORD007415,99.44,3,SELL
7426,ORD007426,ORD007411,99.40,50,SELL
7426,ORD007426,ORD007418,98.51,14,SELL
7427,ORD007427,ORD007418,98.51,7,SELL
7427,ORD007427,ORD007167,98.23,51,SELL
7428,ORD007428,ORD007346,101.20,14,BUY
7432,ORD007432,ORD007431,100.57,63,BUY
7432,ORD007432,ORD007346,101.20,8,BUY
7435,ORD007435,ORD007346,101.20,12,BUY
7435,ORD007435,ORD007377,101.29,30,BUY
7437,ORD007437,ORD007377,101.29,24,BUY
7437,ORD007437,ORD007349,101.42,13,BUY
7442,ORD007442,ORD007430,100.29,9,SELL
7445,ORD007445,ORD007438,100.89,89,BUY
7445,ORD007445,ORD007349,101.42,7,BUY
7447,ORD007447,ORD007430,100.29,41,SELL
7447,ORD007447,ORD007433,100.25,59,SELL
7448,ORD007448,ORD007349,101.42,32,BUY
7448,ORD007448,ORD007444,101.44,41,BUY
7454,ORD007454,ORD007449,100.38,19,BUY
7455,ORD007455,ORD007433,100.25,19,SELL
7456,ORD007456,ORD007449,100.38,33,BUY
7456,ORD007456,ORD007444,101.44,13,BUY
7457,ORD007457,ORD007433,100.25,8,SELL
7457,ORD007457,ORD007439,100.20,17,SELL
7458,ORD007458,ORD007439,100.20,74,SELL
7458,ORD007458,ORD007443,99.98,1,SELL
7458,ORD007458,ORD007429,99.97,22,SELL
7461,ORD007461,ORD007459,100.02,25,SELL
7461,ORD007461,ORD007429,99.97,43,SELL
7462,ORD007462,ORD007429,99.97,30,SELL
7462,ORD007462,ORD007453,99.59,8,SELL
7464,ORD007464,ORD007453,99.59,37,SELL
7464,ORD007464,ORD007434,99.54,21,SELL
7465,ORD007465,ORD007463,100.30,2,BUY
7465,ORD007465,ORD007444,101.44,35,BUY
7465,ORD007465,ORD007345,101.56,13,BUY
7466,ORD007466,ORD007434,99.54,57,SELL
7466,ORD007466,ORD007452,99.14,42,SELL
7467,ORD007467,ORD007345,101.56,41,BUY
7467,ORD007467,ORD007410,101.64,11,BUY
7468,ORD007468,ORD007452,99.14,2,SELL
7468,ORD007468,ORD007440,99.01,4,SELL
7469,ORD007469,ORD007440,99.01,64,SELL
7470,ORD007470,ORD007440,99.01,3,SELL
7470,ORD007470,ORD007167,98.23,6,SELL
7472,ORD007472,ORD007167,98.23,19,SELL
7472,ORD007472,ORD007189,98.21,4,SELL
7473,ORD007473,ORD007189,98.21,80,SELL
7473,ORD007473,ORD007156,98.19,16,SELL
7474,ORD007474,ORD007471,100.02,42,BUY
7478,ORD007478,ORD007476,99.64,16,BUY
7480,ORD007480,ORD007479,99.54,20,BUY
7481,ORD007481,ORD007479,99.54,1,BUY
7483,ORD007483,ORD007479,99.54,36,BUY
7484,ORD007484,ORD007479,99.54,4,BUY
7487,ORD007487,ORD007482,99.45,20,SELL
7488,ORD007488,ORD007479,99.54,18,BUY
7488,ORD007488,ORD007476,99.64,50,BUY
7489,ORD007489,ORD007476,99.64,33,BUY
7489,ORD007489,ORD007471,100.02,47,BUY
7491,ORD007491,ORD007490,99.63,6,SELL
7491,ORD007491,ORD007482,99.45,14,SELL
7491,ORD007491,ORD007156,98.19,20,SELL
7492,ORD007492,ORD007156,98.19,48,SELL
7492,ORD007492,ORD007185,98.18,12,SELL
7495,ORD007495,ORD007185,98.18,16,SELL
7495,ORD007495,ORD007367,98.16,74,SELL
7496,ORD007496,ORD007471,100.02,3,BUY
7496,ORD007496,ORD007485,100.16,26,BUY
7496,ORD007496,ORD007486,100.70,68,BUY
7497,ORD007497,ORD007486,100.70,30,BUY
7497,ORD007497,ORD007493,101.20,8,BUY
7500,ORD007500,ORD007493,101.20,32,BUY
7501,ORD007501,ORD007498,98.51,15,SELL
7501,ORD007501,ORD007367,98.16,12,SELL
7501,ORD007501,ORD007155,98.15,59,SELL
7501,ORD007501,ORD007274,98.12,9,SELL
7502,ORD007502,ORD007274,98.12,9,SELL
7502,ORD007502,ORD007180,98.10,25,SELL
7503,ORD007503,ORD007180,98.10,13,SELL
7503,ORD007503,ORD007368,98.08,2,SELL
7503,ORD007503,ORD007192,98.06,32,SELL
7505,ORD007505,ORD007504,100.42,39,SELL
7508,ORD007508,ORD007493,101.20,7,BUY
7508,ORD007508,ORD007499,101.20,90,BUY
7509,ORD007509,ORD007507,98.98,47,SELL
7514,ORD007514,ORD007513,100.38,60,BUY
7514,ORD007514,ORD007499,101.20,7,BUY
7514,ORD007514,ORD007510,101.28,10,BUY
7515,ORD007515,ORD007512,98.20,16,SELL
7516,ORD007516,ORD007512,98.20,21,SELL
7520,ORD007520,ORD007519,98.76,38,SELL
7523,ORD007523,ORD007510,101.28,1,BUY
7523,ORD007523,ORD007521,101.29,73,BUY
7527,ORD007527,ORD007524,100.04,56,BUY
7527,ORD007527,ORD007521,101.29,8,BUY
7527,ORD007527,ORD007494,101.44,14,BUY
7531,ORD007531,ORD007529,99.83,59,SELL
7533,ORD007533,ORD007529,99.83,1,SELL
7534,ORD007534,ORD007529,99.83,35,SELL
7534,ORD007534,ORD007530,99.39,40,SELL
7534,ORD007534,ORD007525,99.23,17,SELL
7535,ORD007535,ORD007494,101.44,24,BUY
7536,ORD007536,ORD007494,101.44,7,BUY
7536,ORD007536,ORD007410,101.64,2,BUY
7536,ORD007536,ORD007446,101.69,19,BUY
7543,ORD007543,ORD007538,99.83,26,BUY
7544,ORD007544,ORD007525,99.23,20,SELL
7544,ORD007544,ORD007522,99.19,24,SELL
7547,ORD007547,ORD007522,99.19,4,SELL
7548,ORD007548,ORD007538,99.83,8,BUY
7548,ORD007548,ORD007537,100.84,62,BUY
7548,ORD007548,ORD007546,101.50,18,BUY
7549,ORD007549,ORD007546,101.50,27,BUY
7549,ORD007549,ORD007446,101.69,64,BUY
7554,ORD007554,ORD007522,99.19,24,SELL
7554,ORD007554,ORD007528,99.10,38,SELL
7554,ORD007554,ORD007541,99.00,27,SELL
7555,ORD007555,ORD007541,99.00,24,SELL
7555,ORD007555,ORD007550,98.63,28,SELL
7556,ORD007556,ORD007550,98.63,40,SELL
7556,ORD007556,ORD007526,98.53,7,SELL
7558,ORD007558,ORD007526,98.53,9,SELL
7558,ORD007558,ORD007539,98.49,2,SELL
7561,ORD007561,ORD007559,98.55,63,SELL
7562,ORD007562,ORD007553,99.99,14,BUY
7562,ORD007562,ORD007552,100.15,10,BUY
7562,ORD007562,ORD007557,100.56,27,BUY
7562,ORD007562,ORD007551,100.95,27,BUY
7564,ORD007564,ORD007551,100.95,4,BUY
7566,ORD007566,ORD007551,100.95,16,BUY
7566,ORD007566,ORD007446,101.69,7,BUY
7566,ORD007566,ORD007475,101.70,45,BUY
7567,ORD007567,ORD007559,98.55,9,SELL
7573,ORD007573,ORD007569,101.01,12,BUY
7573,ORD007573,ORD007572,101.26,3,BUY
7573,ORD007573,ORD007475,101.70,13,BUY
7573,ORD007573,ORD007477,101.74,34,BUY
7574,ORD007574,ORD007477,101.74,9,BUY
7574,ORD007574,ORD007451,101.78,5,BUY
7574,ORD007574,ORD007357,101.79,37,BUY
7574,ORD007574,ORD007436,101.79,8,BUY
7574,ORD007574,ORD007236,101.86,14,BUY
7574,ORD007574,ORD007071,101.92,6,BUY
7578,ORD007578,ORD007071,101.92,25,BUY
7578,ORD007578,ORD007401,101.95,41,BUY
7580,ORD007580,ORD007576,99.46,51,SELL
7580,ORD007580,ORD007577,99.15,46,SELL
7582,ORD007582,ORD007577,99.15,10,SELL
7590,ORD007590,ORD007587,99.59,53,BUY
7596,ORD007596,ORD007587,99.59,44,BUY
7596,ORD007596,ORD007584,100.01,13,BUY
7600,ORD007600,ORD007599,98.68,30,SELL
7601,ORD007601,ORD007599,98.68,4,SELL
7602,ORD007602,ORD007599,98.68,5,SELL
7605,ORD007605,ORD007584,100.01,11,BUY
7605,ORD007605,ORD007603,100.44,66,BUY
7609,ORD007609,ORD007608,100.19,12,SELL
7609,ORD007609,ORD007606,98.69,79,SELL
7610,ORD007610,ORD007603,100.44,3,BUY
7610,ORD007610,ORD007594,100.47,3,BUY
7611,ORD007611,ORD007594,100.47,67,BUY
7613,ORD007613,ORD007606,98.69,21,SELL
7613,ORD007613,ORD007599,98.68,57,SELL
7616,ORD007616,ORD007615,98.49,74,SELL
7618,ORD007618,ORD007594,100.47,10,BUY
7618,ORD007618,ORD007612,100.58,2,BUY
7620,ORD007620,ORD007612,100.58,24,BUY
7620,ORD007620,ORD007581,100.61,26,BUY
7620,ORD007620,ORD007604,100.95,19,BUY
7621,ORD007621,ORD007617,99.89,37,SELL
7624,ORD007624,ORD007623,100.49,3,SELL
7627,ORD007627,ORD007622,100.65,24,BUY
7629,ORD007629,ORD007628,100.15,11,SELL
7632,ORD007632,ORD007622,100.65,33,BUY
7633,ORD007633,ORD007628,100.15,50,SELL
7634,ORD007634,ORD007633,99.76,45,BUY
7634,ORD007634,ORD007622,100.65,16,BUY
7634,ORD007634,ORD007604,100.95,4,BUY
7637,ORD007637,ORD007636,99.57,4,SELL
7638,ORD007638,ORD007636,99.57,5,SELL
7641,ORD007641,ORD007639,99.70,39,SELL
7641,ORD007641,ORD007636,99.57,17,SELL
7644,ORD007644,ORD007640,99.99,2,BUY
7644,ORD007644,ORD007643,100.70,56,BUY
7646,ORD007646,ORD007643,100.70,10,BUY
7646,ORD007646,ORD007635,100.76,2,BUY
7646,ORD007646,ORD007604,100.95,1,BUY
7646,ORD007646,ORD007642,101.23,1,BUY
7646,ORD007646,ORD007597,101.29,17,BUY
7646,ORD007646,ORD007595,101.36,45,BUY
7646,ORD007646,ORD007614,101.36,20,BUY
7650,ORD007650,ORD007645,99.96,33,SELL
7650,ORD007650,ORD007636,99.57,59,SELL
7651,ORD007651,ORD007648,100.97,4,BUY
7651,ORD007651,ORD007614,101.36,12,BUY
7651,ORD007651,ORD007593,101.52,34,BUY
7651,ORD007651,ORD007589,101.54,30,BUY
7654,ORD007654,ORD007636,99.57,12,SELL
7654,ORD007654,ORD007630,99.50,17,SELL
7659,ORD007659,ORD007630,99.50,14,SELL
7659,ORD007659,ORD007656,98.90,7,SELL
7661,ORD007661,ORD007656,98.90,45,SELL
7661,ORD007661,ORD007658,98.69,8,SELL
7661,ORD007661,ORD007652,98.40,19,SELL
7662,ORD007662,ORD007652,98.40,38,SELL
7667,ORD007667,ORD007666,100.28,8,SELL
7667,ORD007667,ORD007663,99.33,29,SELL
7670,ORD007670,ORD007669,100.97,68,BUY
7670,ORD007670,ORD007589,101.54,24,BUY
7671,ORD007671,ORD007663,99.33,14,SELL
7673,ORD007673,ORD007589,101.54,22,BUY
7673,ORD007673,ORD007631,101.66,14,BUY
7675,ORD007675,ORD007663,99.33,47,SELL
7675,ORD007675,ORD007672,99.22,13,SELL
7676,ORD007676,ORD007674,99.75,44,BUY
7677,ORD007677,ORD007631,101.66,59,BUY
7677,ORD007677,ORD007579,101.74,7,BUY
7679,ORD007679,ORD007672,99.22,65,SELL
7683,ORD007683,ORD007672,99.22,9,SELL
7683,ORD007683,ORD007668,98.90,34,SELL
7685,ORD007685,ORD007668,98.90,46,SELL
7686,ORD007686,ORD007681,99.79,43,BUY
7688,ORD007688,ORD007681,99.79,49,BUY
7688,ORD007688,ORD007678,101.63,51,BUY
7690,ORD007690,ORD007687,99.27,24,SELL
7691,ORD007691,ORD007689,100.63,64,BUY
7691,ORD007691,ORD007678,101.63,2,BUY
7696,ORD007696,ORD007693,99.54,8,BUY
7696,ORD007696,ORD007694,101.00,9,BUY
7698,ORD007698,ORD007687,99.27,29,SELL
7700,ORD007700,ORD007694,101.00,16,BUY
7701,ORD007701,ORD007694,101.00,12,BUY
7701,ORD007701,ORD007697,101.15,63,BUY
7701,ORD007701,ORD007695,101.34,12,BUY
7702,ORD007702,ORD007699,99.94,9,SELL
7706,ORD007706,ORD007699,99.94,44,SELL
7708,ORD007708,ORD007705,100.34,31,BUY
7708,ORD007708,ORD007704,101.09,7,BUY
7708,ORD007708,ORD007703,101.23,26,BUY
7708,ORD007708,ORD007695,101.34,21,BUY
7709,ORD007709,ORD007699,99.94,3,SELL
7709,ORD007709,ORD007687,99.27,4,SELL
7712,ORD007712,ORD007710,100.25,48,BUY
7716,ORD007716,ORD007711,99.90,7,SELL
7716,ORD007716,ORD007715,99.54,32,SELL
7716,ORD007716,ORD007687,99.27,35,SELL
7720,ORD007720,ORD007717,99.56,12,BUY
7720,ORD007720,ORD007714,100.06,40,BUY
7729,ORD007729,ORD007714,100.06,24,BUY
7730,ORD007730,ORD007723,99.66,31,SELL
7730,ORD007730,ORD007722,99.08,31,SELL
7731,ORD007731,ORD007722,99.08,4,SELL
7733,ORD007733,ORD007732,99.91,57,SELL
7735,ORD007735,ORD007732,99.91,41,SELL
7735,ORD007735,ORD007722,99.08,29,SELL
7735,ORD007735,ORD007668,98.90,3,SELL
7737,ORD007737,ORD007668,98.90,14,SELL
7737,ORD007737,ORD007680,98.85,65,SELL
7738,ORD007738,ORD007680,98.85,26,SELL
7738,ORD007738,ORD007725,98.71,16,SELL
7739,ORD007739,ORD007725,98.71,42,SELL
7739,ORD007739,ORD007721,98.47,42,SELL
7740,ORD007740,ORD007721,98.47,20,SELL
7741,ORD007741,ORD007714,100.06,8,BUY
7741,ORD007741,ORD007710,100.25,41,BUY
7742,ORD007742,ORD007721,98.47,25,SELL
7742,ORD007742,ORD007652,98.40,27,SELL
7742,ORD007742,ORD007682,98.34,33,SELL
7742,ORD007742,ORD007719,98.23,1,SELL
7745,ORD007745,ORD007710,100.25,7,BUY
7745,ORD007745,ORD007726,100.58,32,BUY
7745,ORD007745,ORD007736,101.16,33,BUY
7747,ORD007747,ORD007744,99.98,32,SELL
7747,ORD007747,ORD007746,98.57,18,SELL
7748,ORD007748,ORD007736,101.16,7,BUY
7748,ORD007748,ORD007734,101.21,46,BUY
7750,ORD007750,ORD007734,101.21,25,BUY
7750,ORD007750,ORD007695,101.34,9,BUY
7754,ORD007754,ORD007753,100.65,46,BUY
7758,ORD007758,ORD007757,99.91,5,BUY
7758,ORD007758,ORD007753,100.65,4,BUY
7758,ORD007758,ORD007752,101.13,47,BUY
7764,ORD007764,ORD007759,99.94,8,BUY
7764,ORD007764,ORD007752,101.13,39,BUY
7764,ORD007764,ORD007751,101.22,24,BUY
7768,ORD007768,ORD007766,100.53,27,BUY
7768,ORD007768,ORD007751,101.22,18,BUY
7768,ORD007768,ORD007767,101.23,7,BUY
7768,ORD007768,ORD007695,101.34,18,BUY
7768,ORD007768,ORD007713,101.41,1,BUY
7769,ORD007769,ORD007765,100.47,24,SELL
7769,ORD007769,ORD007755,99.59,62,SELL
7769,ORD007769,ORD007762,99.32,10,SELL
7773,ORD007773,ORD007713,101.41,11,BUY
7773,ORD007773,ORD007772,101.42,6,BUY
7774,ORD007774,ORD007772,101.42,41,BUY
7774,ORD007774,ORD007707,101.50,16,BUY
7774,ORD007774,ORD007727,101.51,23,BUY
7776,ORD007776,ORD007727,101.51,1,BUY
7778,ORD007778,ORD007777,101.36,2,BUY
7780,ORD007780,ORD007779,100.45,14,SELL
7780,ORD007780,ORD007762,99.32,12,SELL
7781,ORD007781,ORD007777,101.36,45,BUY
7781,ORD007781,ORD007727,101.51,13,BUY
7782,ORD007782,ORD007727,101.51,32,BUY
7783,ORD007783,ORD007727,101.51,26,BUY
7783,ORD007783,ORD007692,101.53,6,BUY
7784,ORD007784,ORD007692,101.53,26,BUY
7784,ORD007784,ORD007678,101.63,27,BUY
7785,ORD007785,ORD007579,101.74,26,BUY
7787,ORD007787,ORD007786,100.35,3,BUY
7787,ORD007787,ORD007579,101.74,14,BUY
7787,ORD007787,ORD007756,101.85,25,BUY
7788,ORD007788,ORD007756,101.85,9,BUY
7788,ORD007788,ORD007724,101.86,9,BUY
7789,ORD007789,ORD007401,101.95,30,BUY
7789,ORD007789,ORD007126,101.97,31,BUY
7790,ORD007790,ORD007126,101.97,13,BUY
7790,ORD007790,ORD007749,101.97,28,BUY
7795,ORD007795,ORD007762,99.32,64,SELL
7795,ORD007795,ORD007771,99.32,25,SELL
7797,ORD007797,ORD007792,99.60,3,BUY
7798,ORD007798,ORD007771,99.32,20,SELL
7798,ORD007798,ORD007760,99.28,17,SELL
7804,ORD007804,ORD007800,99.45,25,SELL
7804,ORD007804,ORD007760,99.28,40,SELL
7804,ORD007804,ORD007770,99.23,5,SELL
7804,ORD007804,ORD007763,99.02,30,SELL
7805,ORD007805,ORD007792,99.60,40,BUY
7807,ORD007807,ORD007763,99.02,47,SELL
7812,ORD007812,ORD007811,99.35,37,SELL
7812,ORD007812,ORD007763,99.02,4,SELL
7812,ORD007812,ORD007796,98.91,17,SELL
7814,ORD007814,ORD007796,98.91,8,SELL
7814,ORD007814,ORD007791,98.89,88,SELL
7815,ORD007815,ORD007792,99.60,24,BUY
7816,ORD007816,ORD007792,99.60,8,BUY
7817,ORD007817,ORD007816,99.70,21,SELL
7817,ORD007817,ORD007791,98.89,8,SELL
7817,ORD007817,ORD007746,98.57,9,SELL
7817,ORD007817,ORD007801,98.57,19,SELL
7817,ORD007817,ORD007775,98.54,26,SELL
7818,ORD007818,ORD007775,98.54,14,SELL
7819,ORD007819,ORD007775,98.54,25,SELL
7819,ORD007819,ORD007808,98.51,21,SELL
7821,ORD007821,ORD007810,99.98,90,BUY
7824,ORD007824,ORD007820,100.09,28,BUY
7825,ORD007825,ORD007822,99.80,64,SELL
7827,ORD007827,ORD007822,99.80,12,SELL
7832,ORD007832,ORD007827,99.61,33,BUY
7832,ORD007832,ORD007820,100.09,50,BUY
7834,ORD007834,ORD007820,100.09,11,BUY
7834,ORD007834,ORD007802,100.53,68,BUY
7834,ORD007834,ORD007823,100.87,19,BUY
7837,ORD007837,ORD007823,100.87,1,BUY
7842,ORD007842,ORD007838,100.11,1,SELL
7842,ORD007842,ORD007833,99.80,58,SELL
7842,ORD007842,ORD007808,98.51,4,SELL
7843,ORD007843,ORD007823,100.87,12,BUY
7843,ORD007843,ORD007803,100.93,19,BUY
7843,ORD007843,ORD007840,101.17,55,BUY
7845,ORD007845,ORD007844,99.27,13,SELL
7845,ORD007845,ORD007808,98.51,6,SELL
7845,ORD007845,ORD007761,98.34,32,SELL
7845,ORD007845,ORD007743,98.30,33,SELL
7846,ORD007846,ORD007743,98.30,4,SELL
7847,ORD007847,ORD007743,98.30,32,SELL
7847,ORD007847,ORD007806,98.25,9,SELL
7848,ORD007848,ORD007806,98.25,69,SELL
7848,ORD007848,ORD007719,98.23,4,SELL
7849,ORD007849,ORD007840,101.17,13,BUY
7849,ORD007849,ORD007835,101.55,9,BUY
7849,ORD007849,ORD007836,101.66,24,BUY
7852,ORD007852,ORD007850,98.92,31,SELL
7852,ORD007852,ORD007719,98.23,33,SELL
7853,ORD007853,ORD007719,98.23,10,SELL
7853,ORD007853,ORD007794,98.21,25,SELL
7860,ORD007860,ORD007855,99.23,5,SELL
7861,ORD007861,ORD007854,99.97,49,BUY
7864,ORD007864,ORD007862,99.81,49,BUY
7864,ORD007864,ORD007854,99.97,21,BUY
7864,ORD007864,ORD007856,100.21,17,BUY
7867,ORD007867,ORD007866,99.60,62,BUY
7868,ORD007868,ORD007866,99.60,21,BUY
7868,ORD007868,ORD007856,100.21,22,BUY
7869,ORD007869,ORD007856,100.21,19,BUY
7869,ORD007869,ORD007858,100.27,58,BUY
7870,ORD007870,ORD007863,99.42,65,SELL
7876,ORD007876,ORD007872,99.81,30,BUY
7876,ORD007876,ORD007858,100.27,11,BUY
7876,ORD007876,ORD007874,100.34,2,BUY
7876,ORD007876,ORD007859,100.98,19,BUY
7878,ORD007878,ORD007863,99.42,10,SELL
7878,ORD007878,ORD007855,99.23,7,SELL
7879,ORD007879,ORD007859,100.98,41,BUY
7881,ORD007881,ORD007880,99.74,9,SELL
7881,ORD007881,ORD007855,99.23,52,SELL
7881,ORD007881,ORD007871,99.01,15,SELL
7882,ORD007882,ORD007871,99.01,71,SELL
7882,ORD007882,ORD007873,98.34,9,SELL
7884,ORD007884,ORD007883,98.47,46,SELL
7887,ORD007887,ORD007885,98.64,26,SELL
7887,ORD007887,ORD007883,98.47,26,SELL
7888,ORD007888,ORD007883,98.47,4,SELL
7888,ORD007888,ORD007873,98.34,20,SELL
7888,ORD007888,ORD007794,98.21,42,SELL
7888,ORD007888,ORD007665,98.14,9,SELL
7889,ORD007889,ORD007665,98.14,14,SELL
7890,ORD007890,ORD007859,100.98,19,BUY
7891,ORD007891,ORD007665,98.14,25,SELL
7892,ORD007892,ORD007859,100.98,1,BUY
7894,ORD007894,ORD007859,100.98,17,BUY
7894,ORD007894,ORD007857,101.04,3,BUY
7895,ORD007895,ORD007857,101.04,42,BUY
7897,ORD007897,ORD007893,100.19,25,SELL
7898,ORD007898,ORD007893,100.19,54,SELL
7898,ORD007898,ORD007665,98.14,20,SELL
7898,ORD007898,ORD007839,98.12,9,SELL
7899,ORD007899,ORD007839,98.12,17,SELL
7899,ORD007899,ORD007649,98.08,71,SELL
7900,ORD007900,ORD007857,101.04,35,BUY
7900,ORD007900,ORD007851,101.33,8,BUY
7901,ORD007901,ORD007649,98.08,10,SELL
7901,ORD007901,ORD007657,98.07,11,SELL
7903,ORD007903,ORD007851,101.33,33,BUY
7904,ORD007904,ORD007851,101.33,32,BUY
7905,ORD007905,ORD007851,101.33,11,BUY
7908,ORD007908,ORD007907,100.00,7,SELL
7909,ORD007909,ORD007851,101.33,2,BUY
7909,ORD007909,ORD007877,101.45,30,BUY
7910,ORD007910,ORD007877,101.45,43,BUY
7910,ORD007910,ORD007875,101.53,31,BUY
7911,ORD007911,ORD007907,100.00,25,SELL
7912,ORD007912,ORD007875,101.53,26,BUY
7912,ORD007912,ORD007836,101.66,71,BUY
7912,ORD007912,ORD007799,101.68,1,BUY
7913,ORD007913,ORD007799,101.68,22,BUY
7914,ORD007914,ORD007799,101.68,31,BUY
7914,ORD007914,ORD007828,101.68,20,BUY
7914,ORD007914,ORD007886,101.72,1,BUY
7917,ORD007917,ORD007886,101.72,26,BUY
7918,ORD007918,ORD007916,100.39,43,SELL
7918,ORD007918,ORD007907,100.00,12,SELL
7919,ORD007919,ORD007918,99.53,12,BUY
7919,ORD007919,ORD007886,101.72,32,BUY
7919,ORD007919,ORD007896,101.72,10,BUY
7919,ORD007919,ORD007829,101.83,2,BUY
7922,ORD007922,ORD007915,98.84,33,SELL
7922,ORD007922,ORD007906,98.57,6,SELL
7923,ORD007923,ORD007920,100.60,75,BUY
7928,ORD007928,ORD007925,100.23,22,BUY
7929,ORD007929,ORD007925,100.23,15,BUY
7929,ORD007929,ORD007927,100.49,1,BUY
7930,ORD007930,ORD007927,100.49,39,BUY
7931,ORD007931,ORD007927,100.49,34,BUY
7931,ORD007931,ORD007920,100.60,4,BUY
7931,ORD007931,ORD007921,100.87,27,BUY
7932,ORD007932,ORD007906,98.57,44,SELL
7932,ORD007932,ORD007924,98.40,21,SELL
7933,ORD007933,ORD007924,98.40,54,SELL
7933,ORD007933,ORD007657,98.07,26,SELL
7935,ORD007935,ORD007921,100.87,46,BUY
7935,ORD007935,ORD007829,101.83,4,BUY
7939,ORD007939,ORD007937,100.94,41,BUY
7939,ORD007939,ORD007829,101.83,26,BUY
7940,ORD007940,ORD007829,101.83,16,BUY
7940,ORD007940,ORD007936,101.88,30,BUY
7943,ORD007943,ORD007938,99.40,4,SELL
7943,ORD007943,ORD007941,98.59,24,SELL
7943,ORD007943,ORD007934,98.37,23,SELL
7946,ORD007946,ORD007944,100.50,21,SELL
7946,ORD007946,ORD007934,98.37,1,SELL
7946,ORD007946,ORD007942,98.37,47,SELL
7950,ORD007950,ORD007948,99.83,70,SELL
7951,ORD007951,ORD007948,99.83,14,SELL
7951,ORD007951,ORD007947,99.19,4,SELL
7953,ORD007953,ORD007952,99.95,28,BUY
7956,ORD007956,ORD007954,99.55,24,BUY
7963,ORD007963,ORD007954,99.55,63,BUY
7963,ORD007963,ORD007955,99.86,21,BUY
7968,ORD007968,ORD007965,99.68,11,BUY
7968,ORD007968,ORD007955,99.86,37,BUY
7971,ORD007971,ORD007966,99.63,41,SELL
7971,ORD007971,ORD007958,99.21,4,SELL
7973,ORD007973,ORD007955,99.86,2,BUY
7973,ORD007973,ORD007952,99.95,10,BUY
7977,ORD007977,ORD007973,100.28,34,SELL
7977,ORD007977,ORD007976,99.86,19,SELL
7978,ORD007978,ORD007976,99.86,60,SELL
7978,ORD007978,ORD007975,99.46,36,SELL
7979,ORD007979,ORD007967,100.37,53,BUY
7980,ORD007980,ORD007975,99.46,8,SELL
7980,ORD007980,ORD007958,99.21,22,SELL
7981,ORD007981,ORD007958,99.21,30,SELL
7981,ORD007981,ORD007959,98.80,24,SELL
7981,ORD007981,ORD007960,98.42,43,SELL
7983,ORD007983,ORD007982,98.84,4,SELL
7983,ORD007983,ORD007960,98.42,15,SELL
7984,ORD007984,ORD007960,98.42,8,SELL
7984,ORD007984,ORD007942,98.37,46,SELL
7984,ORD007984,ORD007657,98.07,36,SELL
7986,ORD007986,ORD007967,100.37,8,BUY
7986,ORD007986,ORD007972,100.54,62,BUY
7987,ORD007987,ORD007972,100.54,37,BUY
7987,ORD007987,ORD007962,100.57,3,BUY
7987,ORD007987,ORD007957,100.59,28,BUY
7988,ORD007988,ORD007957,100.59,40,BUY
7990,ORD007990,ORD007957,100.59,18,BUY
7990,ORD007990,ORD007964,100.64,23,BUY
7991,ORD007991,ORD007657,98.07,4,SELL
7991,ORD007991,ORD007626,98.06,45,SELL
7992,ORD007992,ORD007964,100.64,40,BUY
7993,ORD007993,ORD007964,100.64,14,BUY
7996,ORD007996,ORD007995,100.34,69,BUY
7997,ORD007997,ORD007995,100.34,6,BUY
7997,ORD007997,ORD007964,100.64,7,BUY
7997,ORD007997,ORD007970,101.15,41,BUY
7999,ORD007999,ORD007970,101.15,38,BUY
7999,ORD007999,ORD007998,101.19,6,BUY
7999,ORD007999,ORD007974,101.35,36,BUY
7999,ORD007999,ORD007949,101.77,11,BUY
8000,ORD008000,ORD007949,101.77,18,BUY
8005,ORD008005,ORD008004,98.70,83,SELL
8008,ORD008008,ORD008003,100.93,2,BUY
8008,ORD008008,ORD008002,101.08,24,BUY
8008,ORD008008,ORD007949,101.77,26,BUY
8008,ORD008008,ORD007936,101.88,24,BUY
8008,ORD008008,ORD007985,101.89,5,BUY
8009,ORD008009,ORD007985,101.89,44,BUY
8010,ORD008010,ORD008007,100.01,38,SELL
8012,ORD008012,ORD008011,98.32,30,SELL
8013,ORD008013,ORD008010,99.83,55,BUY
8013,ORD008013,ORD007985,101.89,42,BUY
8013,ORD008013,ORD007989,101.89,3,BUY
8019,ORD008019,ORD008017,98.21,36,SELL
8020,ORD008020,ORD008017,98.21,38,SELL
8024,ORD008024,ORD008023,101.32,6,BUY
8024,ORD008024,ORD008018,101.50,6,BUY
8024,ORD008024,ORD008014,101.77,51,BUY
8026,ORD008026,ORD008022,100.25,4,SELL
8026,ORD008026,ORD008021,99.98,47,SELL
8027,ORD008027,ORD008014,101.77,8,BUY
8027,ORD008027,ORD008025,101.77,14,BUY
8027,ORD008027,ORD008015,101.79,9,BUY
8027,ORD008027,ORD007989,101.89,5,BUY
8029,ORD008029,ORD008021,99.98,46,SELL
8029,ORD008029,ORD008028,99.46,7,SELL
8032,ORD008032,ORD008030,101.74,2,BUY
8032,ORD008032,ORD007989,101.89,8,BUY
8032,ORD008032,ORD007961,101.93,75,BUY
8035,ORD008035,ORD008034,101.18,35,BUY
8035,ORD008035,ORD007961,101.93,6,BUY
8035,ORD008035,ORD007749,101.97,14,BUY
8035,ORD008035,ORD007647,101.98,6,BUY
8035,ORD008035,ORD007830,101.98,6,BUY
8036,ORD008036,ORD008031,100.41,10,SELL
8036,ORD008036,ORD008028,99.46,51,SELL
8036,ORD008036,ORD008033,98.87,29,SELL
8041,ORD008041,ORD008037,100.24,16,SELL
8042,ORD008042,ORD008037,100.24,2,SELL
8042,ORD008042,ORD008033,98.87,59,SELL
8042,ORD008042,ORD008038,98.08,5,SELL
8042,ORD008042,ORD008039,98.02,23,SELL
8044,ORD008044,ORD008043,99.54,36,BUY
8045,ORD008045,ORD008044,100.46,35,SELL
8045,ORD008045,ORD008039,98.02,13,SELL
8050,ORD008050,ORD008048,100.54,11,BUY
8050,ORD008050,ORD007830,101.98,31,BUY
8052,ORD008052,ORD007830,101.98,11,BUY
8052,ORD008052,ORD007540,102.00,7,BUY
8057,ORD008057,ORD008054,100.14,74,BUY
8058,ORD008058,ORD008051,99.65,29,SELL
8058,ORD008058,ORD008049,99.26,39,SELL
8059,ORD008059,ORD008054,100.14,13,BUY
8059,ORD008059,ORD008053,101.43,53,BUY
8060,ORD008060,ORD008049,99.26,21,SELL
8060,ORD008060,ORD008056,99.11,11,SELL
8062,ORD008062,ORD008061,101.22,48,BUY
8063,ORD008063,ORD008056,99.11,32,SELL
8064,ORD008064,ORD008056,99.11,34,SELL
8064,ORD008064,ORD008055,98.14,30,SELL
8067,ORD008067,ORD008053,101.43,10,BUY
8071,ORD008071,ORD008053,101.43,10,BUY
8071,ORD008071,ORD008065,101.52,7,BUY
8072,ORD008072,ORD008070,99.62,27,SELL
8072,ORD008072,ORD008069,98.07,2,SELL
8075,ORD008075,ORD008065,101.52,53,BUY
8080,ORD008080,ORD008074,99.67,14,SELL
8085,ORD008085,ORD008083,99.84,64,SELL
8086,ORD008086,ORD008079,99.89,68,BUY
8086,ORD008086,ORD008081,99.96,13,BUY
8087,ORD008087,ORD008081,99.96,12,BUY
8087,ORD008087,ORD008078,100.32,26,BUY
8088,ORD008088,ORD008083,99.84,17,SELL
8088,ORD008088,ORD008074,99.67,27,SELL
8088,ORD008088,ORD008084,98.08,4,SELL
8093,ORD008093,ORD008090,100.16,70,BUY
8098,ORD008098,ORD008097,98.35,3,SELL
8100,ORD008100,ORD008090,100.16,6,BUY
8100,ORD008100,ORD008078,100.32,1,BUY
8100,ORD008100,ORD008099,100.39,26,BUY
8100,ORD008100,ORD008077,100.53,23,BUY
8101,ORD008101,ORD008077,100.53,67,BUY
8101,ORD008101,ORD008082,100.98,14,BUY
8103,ORD008103,ORD008082,100.98,14,BUY
8105,ORD008105,ORD008082,100.98,17,BUY
8105,ORD008105,ORD008076,101.05,31,BUY
8109,ORD008109,ORD008108,100.65,64,BUY
8114,ORD008114,ORD008108,100.65,10,BUY
8114,ORD008114,ORD008076,101.05,4,BUY
8116,ORD008116,ORD008076,101.05,27,BUY
8117,ORD008117,ORD008076,101.05,14,BUY
8120,ORD008120,ORD008119,100.47,49,BUY
8124,ORD008124,ORD008106,100.45,46,SELL
8125,ORD008125,ORD008119,100.47,36,BUY
8125,ORD008125,ORD008076,101.05,16,BUY
8125,ORD008125,ORD008110,101.31,2,BUY
8126,ORD008126,ORD008106,100.45,54,SELL
8126,ORD008126,ORD008121,100.41,26,SELL
8127,ORD008127,ORD008121,100.41,19,SELL
8127,ORD008127,ORD008115,100.33,36,SELL
8127,ORD008127,ORD008123,99.51,5,SELL
8127,ORD008127,ORD008107,99.49,37,SELL
8128,ORD008128,ORD008107,99.49,18,SELL
8130,ORD008130,ORD008129,99.92,2,SELL
8131,ORD008131,ORD008110,101.31,42,BUY
8131,ORD008131,ORD008112,101.33,15,BUY
8131,ORD008131,ORD008111,101.37,40,BUY
8132,ORD008132,ORD008129,99.92,73,SELL
8132,ORD008132,ORD008107,99.49,8,SELL
8134,ORD008134,ORD008107,99.49,5,SELL
8134,ORD008134,ORD008113,99.23,37,SELL
8137,ORD008137,ORD008133,100.92,49,BUY
8137,ORD008137,ORD008111,101.37,6,BUY
8137,ORD008137,ORD008118,101.42,4,BUY
8139,ORD008139,ORD008118,101.42,30,BUY
8141,ORD008141,ORD008140,100.47,36,SELL
8145,ORD008145,ORD008141,99.63,63,BUY
8145,ORD008145,ORD008118,101.42,2,BUY
8145,ORD008145,ORD008065,101.52,1,BUY
8145,ORD008145,ORD008096,101.66,6,BUY
8146,ORD008146,ORD008143,99.03,21,SELL
8149,ORD008149,ORD008096,101.66,27,BUY
8151,ORD008151,ORD008147,100.11,36,SELL
8152,ORD008152,ORD008151,99.79,11,BUY
8152,ORD008152,ORD008096,101.66,15,BUY
8155,ORD008155,ORD008096,101.66,2,BUY
8156,ORD008156,ORD008154,100.16,29,SELL
8157,ORD008157,ORD008096,101.66,34,BUY
8157,ORD008157,ORD008150,101.77,47,BUY
8159,ORD008159,ORD008154,100.16,44,SELL
8160,ORD008160,ORD008158,100.79,6,BUY
8161,ORD008161,ORD008154,100.16,5,SELL
8161,ORD008161,ORD008148,99.61,27,SELL
8163,ORD008163,ORD008148,99.61,15,SELL
8163,ORD008163,ORD008143,99.03,1,SELL
8164,ORD008164,ORD008162,99.82,23,BUY
8164,ORD008164,ORD008158,100.79,6,BUY
8168,ORD008168,ORD008143,99.03,70,SELL
8172,ORD008172,ORD008166,99.87,63,BUY
8172,ORD008172,ORD008165,100.31,6,BUY
8172,ORD008172,ORD008171,100.62,14,BUY
8176,ORD008176,ORD008171,100.62,21,BUY
8181,ORD008181,ORD008178,98.65,32,SELL
8181,ORD008181,ORD008177,98.27,43,SELL
8183,ORD008183,ORD008180,100.00,21,BUY
8186,ORD008186,ORD008180,100.00,24,BUY
8186,ORD008186,ORD008179,100.18,1,BUY
8186,ORD008186,ORD008171,100.62,45,BUY
8186,ORD008186,ORD008174,100.76,1,BUY
8188,ORD008188,ORD008174,100.76,19,BUY
8189,ORD008189,ORD008174,100.76,50,BUY
8193,ORD008193,ORD008190,99.96,1,SELL
8193,ORD008193,ORD008184,99.94,16,SELL
8193,ORD008193,ORD008192,98.51,15,SELL
8194,ORD008194,ORD008192,98.51,11,SELL
8194,ORD008194,ORD008177,98.27,14,SELL
8195,ORD008195,ORD008177,98.27,38,SELL
8197,ORD008197,ORD008174,100.76,4,BUY
8201,ORD008201,ORD008200,99.65,40,SELL
8201,ORD008201,ORD008199,98.08,7,SELL
8205,ORD008205,ORD008203,100.27,62,SELL
8209,ORD008209,ORD008174,100.76,6,BUY
8209,ORD008209,ORD008158,100.79,15,BUY
8211,ORD008211,ORD008158,100.79,36,BUY
8211,ORD008211,ORD008207,101.07,33,BUY
8211,ORD008211,ORD008170,101.34,4,BUY
8212,ORD008212,ORD008170,101.34,16,BUY
8215,ORD008215,ORD008210,99.46,68,SELL
8215,ORD008215,ORD008213,98.02,18,SELL
8218,ORD008218,ORD008214,100.38,59,BUY
8218,ORD008218,ORD008216,100.45,1,BUY
8218,ORD008218,ORD008170,101.34,35,BUY
8226,ORD008226,ORD008224,99.68,39,BUY
8227,ORD008227,ORD008224,99.68,8,BUY
8227,ORD008227,ORD008223,99.85,48,BUY
8230,ORD008230,ORD008213,98.02,49,SELL
8231,ORD008231,ORD008223,99.85,8,BUY
8231,ORD008231,ORD008229,100.08,48,BUY
8232,ORD008232,ORD008229,100.08,12,BUY
8233,ORD008233,ORD008229,100.08,8,BUY
8233,ORD008233,ORD008228,100.54,62,BUY
8234,ORD008234,ORD008228,100.54,3,BUY
8236,ORD008236,ORD008228,100.54,13,BUY
8236,ORD008236,ORD008221,100.70,20,BUY
8237,ORD008237,ORD008235,100.00,64,SELL
8239,ORD008239,ORD008235,100.00,2,SELL
8239,ORD008239,ORD008238,98.89,23,SELL
8241,ORD008241,ORD008240,100.37,58,BUY
8243,ORD008243,ORD008242,99.14,12,SELL
8243,ORD008243,ORD008238,98.89,39,SELL
8246,ORD008246,ORD008244,100.12,27,BUY
8246,ORD008246,ORD008240,100.37,33,BUY
8246,ORD008246,ORD008221,100.70,9,BUY
8249,ORD008249,ORD008248,100.29,56,SELL
8251,ORD008251,ORD008250,98.98,68,SELL
8252,ORD008252,ORD008249,100.27,5,BUY
8252,ORD008252,ORD008247,100.47,6,BUY
8252,ORD008252,ORD008221,100.70,22,BUY
8252,ORD008252,ORD008219,100.73,43,BUY
8253,ORD008253,ORD008250,98.98,20,SELL
8253,ORD008253,ORD008238,98.89,11,SELL
8253,ORD008253,ORD008213,98.02,25,SELL
8254,ORD008254,ORD008219,100.73,1,BUY
8258,ORD008258,ORD008219,100.73,42,BUY
8258,ORD008258,ORD008225,100.98,5,BUY
8261,ORD008261,ORD008225,100.98,13,BUY
8262,ORD008262,ORD008259,100.25,81,SELL
8266,ORD008266,ORD008259,100.25,13,SELL
8266,ORD008266,ORD008260,100.04,64,SELL
8267,ORD008267,ORD008260,100.04,29,SELL
8267,ORD008267,ORD008257,99.65,7,SELL
8268,ORD008268,ORD008225,100.98,37,BUY
8272,ORD008272,ORD008270,99.86,28,SELL
8272,ORD008272,ORD008257,99.65,6,SELL
8274,ORD008274,ORD008273,100.01,4,BUY
8274,ORD008274,ORD008225,100.98,9,BUY
8275,ORD008275,ORD008225,100.98,1,BUY
8275,ORD008275,ORD008255,101.02,8,BUY
8275,ORD008275,ORD008170,101.34,34,BUY
8277,ORD008277,ORD008170,101.34,1,BUY
8277,ORD008277,ORD008204,101.35,33,BUY
8277,ORD008277,ORD008256,101.35,12,BUY
8278,ORD008278,ORD008257,99.65,8,SELL
8278,ORD008278,ORD008271,99.29,49,SELL
8279,ORD008279,ORD008271,99.29,26,SELL
8279,ORD008279,ORD008264,98.96,3,SELL
8282,ORD008282,ORD008280,99.77,60,BUY
8286,ORD008286,ORD008282,100.00,14,SELL
8286,ORD008286,ORD008281,99.02,14,SELL
8286,ORD008286,ORD008264,98.96,39,SELL
8286,ORD008286,ORD008263,98.88,13,SELL
8288,ORD008288,ORD008285,100.06,9,BUY
8289,ORD008289,ORD008285,100.06,15,BUY
8290,ORD008290,ORD008285,100.06,8,BUY
8290,ORD008290,ORD008256,101.35,5,BUY
8290,ORD008290,ORD008245,101.36,44,BUY
8293,ORD008293,ORD008245,101.36,12,BUY
8293,ORD008293,ORD008196,101.51,4,BUY
8293,ORD008293,ORD008191,101.53,28,BUY
8293,ORD008293,ORD008220,101.54,43,BUY
8294,ORD008294,ORD008220,101.54,50,BUY
8294,ORD008294,ORD008217,101.59,41,BUY
8295,ORD008295,ORD008292,100.01,11,SELL
8295,ORD008295,ORD008291,99.97,41,SELL
8296,ORD008296,ORD008263,98.88,33,SELL
8297,ORD008297,ORD008263,98.88,21,SELL
8297,ORD008297,ORD008269,98.87,12,SELL
8299,ORD008299,ORD008298,99.41,54,SELL
8299,ORD008299,ORD008269,98.87,35,SELL
8301,ORD008301,ORD008300,99.16,20,SELL
8301,ORD008301,ORD008269,98.87,16,SELL
8301,ORD008301,ORD008284,98.86,29,SELL
8302,ORD008302,ORD008295,99.61,7,BUY
8304,ORD008304,ORD008295,99.61,33,BUY
8304,ORD008304,ORD008303,100.30,62,BUY
8304,ORD008304,ORD008217,101.59,2,BUY
8305,ORD008305,ORD008217,101.59,31,BUY
8305,ORD008305,ORD008187,101.66,45,BUY
8309,ORD008309,ORD008284,98.86,54,SELL
8309,ORD008309,ORD008283,98.45,17,SELL
8310,ORD008310,ORD008283,98.45,74,SELL
8310,ORD008310,ORD008307,98.35,11,SELL
8312,ORD008312,ORD008311,100.10,36,BUY
8312,ORD008312,ORD008308,100.69,56,BUY
8313,ORD008313,ORD008307,98.35,55,SELL
8313,ORD008313,ORD008276,98.32,43,SELL
8316,ORD008316,ORD008315,100.33,60,BUY
8316,ORD008316,ORD008308,100.69,2,BUY
8316,ORD008316,ORD008314,101.43,35,BUY
8317,ORD008317,ORD008276,98.32,20,SELL
8317,ORD008317,ORD008265,98.04,7,SELL
8324,ORD008324,ORD008321,99.12,41,SELL
8324,ORD008324,ORD008323,98.46,17,SELL
8328,ORD008328,ORD008325,99.99,61,BUY
8331,ORD008331,ORD008325,99.99,22,BUY
8331,ORD008331,ORD008319,100.52,53,BUY
8331,ORD008331,ORD008322,100.79,25,BUY
8332,ORD008332,ORD008322,100.79,57,BUY
8332,ORD008332,ORD008314,101.43,8,BUY
8332,ORD008332,ORD008175,101.73,21,BUY
8333,ORD008333,ORD008175,101.73,7,BUY
8333,ORD008333,ORD008287,101.73,58,BUY
8333,ORD008333,ORD008182,101.76,17,BUY
8336,ORD008336,ORD008334,99.68,7,SELL
8338,ORD008338,ORD008334,99.68,33,SELL
8338,ORD008338,ORD008335,98.06,55,SELL
8340,ORD008340,ORD008339,99.10,20,SELL
8340,ORD008340,ORD008335,98.06,1,SELL
8344,ORD008344,ORD008343,99.54,42,BUY
8344,ORD008344,ORD008337,100.03,40,BUY
8346,ORD008346,ORD008337,100.03,45,BUY
8346,ORD008346,ORD008341,100.05,55,BUY
8349,ORD008349,ORD008347,99.90,8,BUY
8351,ORD008351,ORD008347,99.90,24,BUY
8351,ORD008351,ORD008341,100.05,9,BUY
8363,ORD008363,ORD008341,100.05,24,BUY
8363,ORD008363,ORD008345,100.44,51,BUY
8364,ORD008364,ORD008362,98.59,13,SELL
8367,ORD008367,ORD008345,100.44,22,BUY
8367,ORD008367,ORD008355,100.49,65,BUY
8369,ORD008369,ORD008365,99.97,1,SELL
8371,ORD008371,ORD008357,101.04,22,BUY
8371,ORD008371,ORD008354,101.36,12,BUY
8371,ORD008371,ORD008356,101.37,17,BUY
8373,ORD008373,ORD008356,101.37,63,BUY
8375,ORD008375,ORD008365,99.97,5,SELL
8377,ORD008377,ORD008365,99.97,21,SELL
8377,ORD008377,ORD008376,99.51,20,SELL
8378,ORD008378,ORD008356,101.37,1,BUY
8381,ORD008381,ORD008356,101.37,9,BUY
8381,ORD008381,ORD008366,101.46,19,BUY
8382,ORD008382,ORD008376,99.51,10,SELL
8383,ORD008383,ORD008376,99.51,2,SELL
8383,ORD008383,ORD008379,98.94,44,SELL
8383,ORD008383,ORD008370,98.91,28,SELL
8383,ORD008383,ORD008372,98.73,1,SELL
8383,ORD008383,ORD008380,98.44,5,SELL
8385,ORD008385,ORD008380,98.44,33,SELL
8385,ORD008385,ORD008368,98.07,29,SELL
8386,ORD008386,ORD008384,99.65,7,BUY
8389,ORD008389,ORD008384,99.65,27,BUY
8391,ORD008391,ORD008390,99.53,48,BUY
8391,ORD008391,ORD008384,99.65,42,BUY
8392,ORD008392,ORD008384,99.65,16,BUY
8392,ORD008392,ORD008366,101.46,62,BUY
8392,ORD008392,ORD008348,101.70,17,BUY
8396,ORD008396,ORD008395,101.31,22,BUY
8396,ORD008396,ORD008348,101.70,28,BUY
8397,ORD008397,ORD008348,101.70,25,BUY
8397,ORD008397,ORD008182,101.76,1,BUY
8397,ORD008397,ORD008150,101.77,33,BUY
8397,ORD008397,ORD008167,101.82,38,BUY
8400,ORD008400,ORD008398,99.78,13,BUY
8402,ORD008402,ORD008398,99.78,6,BUY
8403,ORD008403,ORD008388,99.36,88,SELL
8404,ORD008404,ORD008388,99.36,3,SELL
8405,ORD008405,ORD008398,99.78,26,BUY
8410,ORD008410,ORD008388,99.36,3,SELL
8410,ORD008410,ORD008408,99.25,21,SELL
8410,ORD008410,ORD008393,98.96,47,SELL
8410,ORD008410,ORD008394,98.22,8,SELL
8411,ORD008411,ORD008406,99.65,4,BUY
8412,ORD008412,ORD008394,98.22,7,SELL
8412,ORD008412,ORD008368,98.07,21,SELL
8414,ORD008414,ORD008406,99.65,21,BUY
8417,ORD008417,ORD008406,99.65,19,BUY
8417,ORD008417,ORD008398,99.78,11,BUY
8417,ORD008417,ORD008413,100.08,17,BUY
8418,ORD008418,ORD008413,100.08,25,BUY
8421,ORD008421,ORD008416,99.41,16,SELL
8424,ORD008424,ORD008409,100.62,30,BUY
8424,ORD008424,ORD008399,101.35,53,BUY
8424,ORD008424,ORD008401,101.39,3,BUY
8431,ORD008431,ORD008429,100.28,13,SELL
8433,ORD008433,ORD008430,100.34,5,BUY
8434,ORD008434,ORD008430,100.34,40,BUY
8438,ORD008438,ORD008436,99.39,18,SELL
8441,ORD008441,ORD008437,100.26,65,BUY
8446,ORD008446,ORD008445,99.53,74,SELL
8446,ORD008446,ORD008436,99.39,4,SELL
8448,ORD008448,ORD008436,99.39,11,SELL
8448,ORD008448,ORD008440,99.31,61,SELL
8453,ORD008453,ORD008447,100.22,14,BUY
8454,ORD008454,ORD008447,100.22,23,BUY
8454,ORD008454,ORD008430,100.34,8,BUY
8454,ORD008454,ORD008449,100.37,69,BUY
8455,ORD008455,ORD008452,100.14,1,SELL
8456,ORD008456,ORD008455,99.83,47,BUY
8456,ORD008456,ORD008449,100.37,22,BUY
8456,ORD008456,ORD008427,100.62,20,BUY
8458,ORD008458,ORD008450,99.38,28,SELL
8459,ORD008459,ORD008450,99.38,36,SELL
8461,ORD008461,ORD008460,99.79,38,BUY
8462,ORD008462,ORD008460,99.79,46,BUY
8462,ORD008462,ORD008427,100.62,14,BUY
8463,ORD008463,ORD008450,99.38,21,SELL
8463,ORD008463,ORD008440,99.31,11,SELL
8463,ORD008463,ORD008457,99.04,41,SELL
8464,ORD008464,ORD008457,99.04,11,SELL
8465,ORD008465,ORD008451,98.39,32,SELL
8465,ORD008465,ORD008439,98.15,46,SELL
8467,ORD008467,ORD008427,100.62,15,BUY
8470,ORD008470,ORD008469,99.65,37,SELL
8473,ORD008473,ORD008427,100.62,1,BUY
8476,ORD008476,ORD008474,100.15,60,BUY
8477,ORD008477,ORD008474,100.15,24,BUY
8477,ORD008477,ORD008427,100.62,35,BUY
8477,ORD008477,ORD008435,100.67,6,BUY
8477,ORD008477,ORD008428,100.86,11,BUY
8477,ORD008477,ORD008442,101.05,19,BUY
8478,ORD008478,ORD008442,101.05,6,BUY
8478,ORD008478,ORD008426,101.08,12,BUY
8478,ORD008478,ORD008401,101.39,47,BUY
8479,ORD008479,ORD008475,99.20,39,SELL
8484,ORD008484,ORD008480,99.34,4,SELL
8485,ORD008485,ORD008480,99.34,58,SELL
8488,ORD008488,ORD008483,99.53,54,BUY
8488,ORD008488,ORD008481,100.27,45,BUY
8489,ORD008489,ORD008481,100.27,2,BUY
8490,ORD008490,ORD008481,100.27,18,BUY
8491,ORD008491,ORD008481,100.27,6,BUY
8495,ORD008495,ORD008481,100.27,23,BUY
8497,ORD008497,ORD008480,99.34,5,SELL
8500,ORD008500,ORD008499,100.15,5,BUY
8500,ORD008500,ORD008496,100.16,31,BUY
8501,ORD008501,ORD008496,100.16,2,BUY
8503,ORD008503,ORD008480,99.34,21,SELL
8503,ORD008503,ORD008475,99.20,25,SELL
8504,ORD008504,ORD008496,100.16,42,BUY
8505,ORD008505,ORD008475,99.20,9,SELL
8505,ORD008505,ORD008493,99.20,33,SELL
8506,ORD008506,ORD008493,99.20,39,SELL
8506,ORD008506,ORD008502,98.42,58,SELL
8509,ORD008509,ORD008496,100.16,15,BUY
8509,ORD008509,ORD008481,100.27,2,BUY
8509,ORD008509,ORD008508,101.00,39,BUY
8511,ORD008511,ORD008508,101.00,30,BUY
8511,ORD008511,ORD008498,101.04,46,BUY
8517,ORD008517,ORD008514,100.44,40,SELL
8518,ORD008518,ORD008514,100.44,4,SELL
8518,ORD008518,ORD008502,98.42,33,SELL
8518,ORD008518,ORD008486,98.37,9,SELL
8518,ORD008518,ORD008507,98.07,17,SELL
8520,ORD008520,ORD008512,100.84,41,BUY
8520,ORD008520,ORD008498,101.04,36,BUY
8520,ORD008520,ORD008487,101.25,5,BUY
8520,ORD008520,ORD008401,101.39,3,BUY
8524,ORD008524,ORD008522,98.86,21,SELL
8525,ORD008525,ORD008521,100.21,14,BUY
8525,ORD008525,ORD008523,101.02,30,BUY
8525,ORD008525,ORD008401,101.39,3,BUY
8525,ORD008525,ORD008423,101.58,12,BUY
8526,ORD008526,ORD008522,98.86,17,SELL
8526,ORD008526,ORD008519,98.22,12,SELL
8526,ORD008526,ORD008507,98.07,24,SELL
8531,ORD008531,ORD008530,100.35,76,SELL
8532,ORD008532,ORD008528,100.71,33,BUY
8532,ORD008532,ORD008529,101.37,30,BUY
8535,ORD008535,ORD008530,100.35,20,SELL
8535,ORD008535,ORD008533,100.13,1,SELL
8536,ORD008536,ORD008533,100.13,75,SELL
8536,ORD008536,ORD008534,99.41,12,SELL
8537,ORD008537,ORD008529,101.37,13,BUY
8537,ORD008537,ORD008423,101.58,16,BUY
8538,ORD008538,ORD008534,99.41,57,SELL
8540,ORD008540,ORD008423,101.58,33,BUY
8540,ORD008540,ORD008419,101.62,59,BUY
8541,ORD008541,ORD008419,101.62,10,BUY
8541,ORD008541,ORD008425,101.64,44,BUY
8542,ORD008542,ORD008534,99.41,29,SELL
8547,ORD008547,ORD008546,99.55,8,BUY
8547,ORD008547,ORD008425,101.64,24,BUY
8551,ORD008551,ORD008425,101.64,5,BUY
8551,ORD008551,ORD008515,101.69,68,BUY
8551,ORD008551,ORD008443,101.73,19,BUY
8552,ORD008552,ORD008443,101.73,50,BUY
8554,ORD008554,ORD008443,101.73,12,BUY
8554,ORD008554,ORD008167,101.82,36,BUY
8556,ORD008556,ORD008555,98.75,24,SELL
8557,ORD008557,ORD008167,101.82,4,BUY
8557,ORD008557,ORD008527,101.82,57,BUY
8562,ORD008562,ORD008558,99.71,9,SELL
8562,ORD008562,ORD008555,98.75,30,SELL
8564,ORD008564,ORD008563,99.65,33,BUY
8566,ORD008566,ORD008561,100.64,27,BUY
8567,ORD008567,ORD008564,100.01,7,SELL
8568,ORD008568,ORD008561,100.64,27,BUY
8568,ORD008568,ORD008565,101.30,5,BUY
8569,ORD008569,ORD008565,101.30,9,BUY
8569,ORD008569,ORD008560,101.31,53,BUY
8569,ORD008569,ORD008527,101.82,25,BUY
8570,ORD008570,ORD008527,101.82,18,BUY
8570,ORD008570,ORD008073,101.87,66,BUY
8571,ORD008571,ORD008564,100.01,3,SELL
8572,ORD008572,ORD008564,100.01,18,SELL
8573,ORD008573,ORD008564,100.01,29,SELL
8574,ORD008574,ORD008073,101.87,16,BUY
8576,ORD008576,ORD008073,101.87,14,BUY
8576,ORD008576,ORD008494,101.91,40,BUY
8578,ORD008578,ORD008577,98.64,18,SELL
8579,ORD008579,ORD008494,101.91,26,BUY
8579,ORD008579,ORD008516,101.91,16,BUY
8580,ORD008580,ORD008516,101.91,39,BUY
8580,ORD008580,ORD008415,101.95,32,BUY
8580,ORD008580,ORD008358,101.96,3,BUY
8580,ORD008580,ORD008185,101.98,10,BUY
8580,ORD008580,ORD008142,101.99,2,BUY
8583,ORD008583,ORD008582,100.02,24,BUY
8584,ORD008584,ORD008582,100.02,36,BUY
8586,ORD008586,ORD008584,100.23,56,SELL
8590,ORD008590,ORD008589,98.01,20,SELL
8591,ORD008591,ORD008589,98.01,14,SELL
8595,ORD008595,ORD008586,99.67,19,BUY
8599,ORD008599,ORD008598,99.24,32,SELL
8600,ORD008600,ORD008586,99.67,16,BUY
8600,ORD008600,ORD008593,100.37,6,BUY
8600,ORD008600,ORD008585,100.40,11,BUY
8600,ORD008600,ORD008588,100.58,6,BUY
8603,ORD008603,ORD008602,99.86,23,SELL
8608,ORD008608,ORD008605,99.90,42,SELL
8609,ORD008609,ORD008605,99.90,54,SELL
8611,ORD008611,ORD008588,100.58,53,BUY
8616,ORD008616,ORD008614,99.97,19,BUY
8619,ORD008619,ORD008605,99.90,1,SELL
8619,ORD008619,ORD008602,99.86,27,SELL
8620,ORD008620,ORD008619,99.71,27,BUY
8620,ORD008620,ORD008614,99.97,15,BUY
8620,ORD008620,ORD008612,100.43,16,BUY
8620,ORD008620,ORD008588,100.58,6,BUY
8623,ORD008623,ORD008621,100.47,16,BUY
8624,ORD008624,ORD008598,99.24,3,SELL
8624,ORD008624,ORD008615,98.93,78,SELL
8624,ORD008624,ORD008597,98.77,10,SELL
8624,ORD008624,ORD008613,98.18,1,SELL
8625,ORD008625,ORD008621,100.47,8,BUY
8625,ORD008625,ORD008588,100.58,19,BUY
8628,ORD008628,ORD008626,99.26,20,SELL
8629,ORD008629,ORD008588,100.58,15,BUY
8629,ORD008629,ORD008617,100.63,30,BUY
8631,ORD008631,ORD008626,99.26,35,SELL
8631,ORD008631,ORD008627,98.91,43,SELL
8632,ORD008632,ORD008617,100.63,39,BUY
8633,ORD008633,ORD008617,100.63,26,BUY
8633,ORD008633,ORD008607,100.77,45,BUY
8633,ORD008633,ORD008618,100.88,25,BUY
8634,ORD008634,ORD008618,100.88,43,BUY
8634,ORD008634,ORD008610,100.91,54,BUY
8638,ORD008638,ORD008637,99.70,32,BUY
8641,ORD008641,ORD008639,99.07,84,SELL
8643,ORD008643,ORD008637,99.70,40,BUY
8643,ORD008643,ORD008604,101.29,38,BUY
8645,ORD008645,ORD008639,99.07,3,SELL
8645,ORD008645,ORD008627,98.91,2,SELL
8645,ORD008645,ORD008630,98.88,25,SELL
8646,ORD008646,ORD008630,98.88,34,SELL
8646,ORD008646,ORD008636,98.81,31,SELL
8647,ORD008647,ORD008604,101.29,42,BUY
8648,ORD008648,ORD008636,98.81,25,SELL
8651,ORD008651,ORD008650,99.58,29,BUY
8651,ORD008651,ORD008604,101.29,12,BUY
8651,ORD008651,ORD008649,101.29,48,BUY
8656,ORD008656,ORD008654,100.96,44,BUY
8656,ORD008656,ORD008649,101.29,8,BUY
8657,ORD008657,ORD008649,101.29,9,BUY
8658,ORD008658,ORD008653,99.12,37,SELL
8661,ORD008661,ORD008659,101.01,36,BUY
8662,ORD008662,ORD008660,100.25,1,SELL
8662,ORD008662,ORD008653,99.12,34,SELL
8663,ORD008663,ORD008659,101.01,11,BUY
8664,ORD008664,ORD008653,99.12,18,SELL
8664,ORD008664,ORD008636,98.81,27,SELL
8668,ORD008668,ORD008667,100.39,73,SELL
8670,ORD008670,ORD008665,99.76,31,SELL
8671,ORD008671,ORD008665,99.76,44,SELL
8678,ORD008678,ORD008665,99.76,22,SELL
8678,ORD008678,ORD008675,99.63,28,SELL
8681,ORD008681,ORD008668,100.24,13,BUY
8683,ORD008683,ORD008681,100.26,62,SELL
8684,ORD008684,ORD008669,100.30,3,BUY
8685,ORD008685,ORD008681,100.26,7,SELL
8685,ORD008685,ORD008675,99.63,67,SELL
8685,ORD008685,ORD008673,99.46,12,SELL
8685,ORD008685,ORD008677,99.45,14,SELL
8689,ORD008689,ORD008677,99.45,23,SELL
8689,ORD008689,ORD008680,99.10,1,SELL
8689,ORD008689,ORD008686,98.94,13,SELL
8696,ORD008696,ORD008692,99.51,76,BUY
8700,ORD008700,ORD008690,99.22,5,SELL
8700,ORD008700,ORD008686,98.94,7,SELL
8701,ORD008701,ORD008686,98.94,34,SELL
8701,ORD008701,ORD008636,98.81,5,SELL
8701,ORD008701,ORD008635,98.76,2,SELL
8703,ORD008703,ORD008692,99.51,20,BUY
8703,ORD008703,ORD008702,99.53,4,BUY
8703,ORD008703,ORD008695,99.65,21,BUY
8703,ORD008703,ORD008691,100.00,13,BUY
8704,ORD008704,ORD008635,98.76,57,SELL
8709,ORD008709,ORD008691,100.00,2,BUY
8711,ORD008711,ORD008691,100.00,9,BUY
8712,ORD008712,ORD008691,100.00,8,BUY
8712,ORD008712,ORD008706,100.08,38,BUY
8714,ORD008714,ORD008706,100.08,36,BUY
8714,ORD008714,ORD008669,100.30,22,BUY
8719,ORD008719,ORD008705,99.82,28,SELL
8721,ORD008721,ORD008669,100.30,13,BUY
8722,ORD008722,ORD008705,99.82,9,SELL
8722,ORD008722,ORD008710,99.35,33,SELL
8722,ORD008722,ORD008717,98.97,22,SELL
8722,ORD008722,ORD008635,98.76,25,SELL
8724,ORD008724,ORD008669,100.30,24,BUY
8724,ORD008724,ORD008708,100.44,9,BUY
8724,ORD008724,ORD008679,100.52,16,BUY
8727,ORD008727,ORD008679,100.52,61,BUY
8728,ORD008728,ORD008679,100.52,14,BUY
8728,ORD008728,ORD008697,100.55,41,BUY
8728,ORD008728,ORD008720,100.83,3,BUY
8729,ORD008729,ORD008723,100.18,58,SELL
8729,ORD008729,ORD008725,99.18,18,SELL
8731,ORD008731,ORD008730,100.19,8,SELL
8731,ORD008731,ORD008725,99.18,27,SELL
8731,ORD008731,ORD008635,98.76,5,SELL
8731,ORD008731,ORD008707,98.69,17,SELL
8733,ORD008733,ORD008720,100.83,2,BUY
8736,ORD008736,ORD008707,98.69,10,SELL
8736,ORD008736,ORD008715,98.57,42,SELL
8737,ORD008737,ORD008715,98.57,34,SELL
8739,ORD008739,ORD008734,99.78,83,BUY
8739,ORD008739,ORD008735,99.94,10,BUY
8741,ORD008741,ORD008738,98.77,30,SELL
8741,ORD008741,ORD008715,98.57,23,SELL
8741,ORD008741,ORD008713,98.42,1,SELL
8742,ORD008742,ORD008735,99.94,32,BUY
8745,ORD008745,ORD008742,100.04,15,SELL
8745,ORD008745,ORD008744,99.36,45,SELL
8745,ORD008745,ORD008743,98.79,35,SELL
8749,ORD008749,ORD008720,100.83,32,BUY
8749,ORD008749,ORD008687,100.95,31,BUY
8750,ORD008750,ORD008747,99.36,65,SELL
8750,ORD008750,ORD008743,98.79,16,SELL
8751,ORD008751,ORD008743,98.79,5,SELL
8751,ORD008751,ORD008748,98.56,56,SELL
8751,ORD008751,ORD008713,98.42,28,SELL
8753,ORD008753,ORD008752,99.45,32,SELL
8753,ORD008753,ORD008713,98.42,45,SELL
8753,ORD008753,ORD008652,98.39,22,SELL
8754,ORD008754,ORD008687,100.95,41,BUY
8758,ORD008758,ORD008687,100.95,18,BUY
8758,ORD008758,ORD008659,101.01,18,BUY
8758,ORD008758,ORD008666,101.27,13,BUY
8761,ORD008761,ORD008757,100.49,28,SELL
8762,ORD008762,ORD008760,100.66,72,BUY
8763,ORD008763,ORD008757,100.49,67,SELL
8763,ORD008763,ORD008652,98.39,11,SELL
8763,ORD008763,ORD008682,98.39,19,SELL
8764,ORD008764,ORD008760,100.66,13,BUY
8766,ORD008766,ORD008765,99.99,20,SELL
8766,ORD008766,ORD008682,98.39,72,SELL
8767,ORD008767,ORD008760,100.66,10,BUY
8767,ORD008767,ORD008666,101.27,60,BUY
8767,ORD008767,ORD008649,101.29,21,BUY
8767,ORD008767,ORD008759,101.29,6,BUY
8768,ORD008768,ORD008682,98.39,7,SELL
8768,ORD008768,ORD008726,98.29,24,SELL
8770,ORD008770,ORD008726,98.29,5,SELL
8770,ORD008770,ORD008642,98.23,4,SELL
8771,ORD008771,ORD008769,99.74,65,BUY
8771,ORD008771,ORD008759,101.29,3,BUY
8772,ORD008772,ORD008759,101.29,80,BUY
8772,ORD008772,ORD008622,101.33,19,BUY
8774,ORD008774,ORD008622,101.33,21,BUY
8775,ORD008775,ORD008642,98.23,17,SELL
8775,ORD008775,ORD008613,98.18,25,SELL
8776,ORD008776,ORD008622,101.33,15,BUY
8776,ORD008776,ORD008596,101.36,43,BUY
8777,ORD008777,ORD008613,98.18,1,SELL
8777,ORD008777,ORD008746,98.15,12,SELL
8779,ORD008779,ORD008746,98.15,41,SELL
8779,ORD008779,ORD008694,98.13,13,SELL
8781,ORD008781,ORD008778,99.73,19,BUY
8781,ORD008781,ORD008780,100.28,31,BUY
8782,ORD008782,ORD008780,100.28,7,BUY
8782,ORD008782,ORD008596,101.36,22,BUY
8782,ORD008782,ORD008674,101.36,45,BUY
8784,ORD008784,ORD008694,98.13,33,SELL
8784,ORD008784,ORD008756,98.02,53,SELL
8785,ORD008785,ORD008783,99.94,26,BUY
8786,ORD008786,ORD008756,98.02,14,SELL
8789,ORD008789,ORD008756,98.02,7,SELL
8791,ORD008791,ORD008787,99.88,31,BUY
8794,ORD008794,ORD008793,99.72,50,SELL
8794,ORD008794,ORD008792,99.70,30,SELL
8794,ORD008794,ORD008756,98.02,8,SELL
8799,ORD008799,ORD008787,99.88,68,BUY
8799,ORD008799,ORD008783,99.94,32,BUY
8800,ORD008800,ORD008783,99.94,19,BUY
8801,ORD008801,ORD008796,100.83,43,BUY
8801,ORD008801,ORD008790,101.17,33,BUY
8803,ORD008803,ORD008800,99.98,5,SELL
8803,ORD008803,ORD008798,99.28,68,SELL
8805,ORD008805,ORD008804,99.84,40,BUY
8805,ORD008805,ORD008790,101.17,4,BUY
8805,ORD008805,ORD008674,101.36,21,BUY
8805,ORD008805,ORD008732,101.38,16,BUY
8810,ORD008810,ORD008808,100.28,10,SELL
8812,ORD008812,ORD008732,101.38,8,BUY
8812,ORD008812,ORD008676,101.39,77,BUY
8814,ORD008814,ORD008813,101.37,44,BUY
8816,ORD008816,ORD008808,100.28,26,SELL
8816,ORD008816,ORD008815,99.94,64,SELL
8816,ORD008816,ORD008811,99.89,8,SELL
8817,ORD008817,ORD008811,99.89,71,SELL
8818,ORD008818,ORD008817,99.66,2,BUY
8818,ORD008818,ORD008813,101.37,11,BUY
8818,ORD008818,ORD008676,101.39,20,BUY
8818,ORD008818,ORD008592,101.47,65,BUY
8819,ORD008819,ORD008718,101.59,24,BUY
8820,ORD008820,ORD008718,101.59,2,BUY
8820,ORD008820,ORD008755,101.63,82,BUY
8821,ORD008821,ORD008809,99.43,45,SELL
8821,ORD008821,ORD008807,98.37,10,SELL
8822,ORD008822,ORD008693,101.74,21,BUY
8824,ORD008824,ORD008693,101.74,30,BUY
8825,ORD008825,ORD008693,101.74,33,BUY
8825,ORD008825,ORD008698,101.74,44,BUY
8827,ORD008827,ORD008698,101.74,44,BUY
8827,ORD008827,ORD008740,101.87,51,BUY
8830,ORD008830,ORD008740,101.87,16,BUY
8830,ORD008830,ORD008606,101.90,35,BUY
8835,ORD008835,ORD008832,99.55,8,BUY
8838,ORD008838,ORD008832,99.55,21,BUY
8838,ORD008838,ORD008836,100.78,1,BUY
8839,ORD008839,ORD008836,100.78,37,BUY
8841,ORD008841,ORD008840,99.73,26,SELL
8842,ORD008842,ORD008840,99.73,35,SELL
8842,ORD008842,ORD008831,99.48,20,SELL
8842,ORD008842,ORD008834,99.48,6,SELL
8842,ORD008842,ORD008829,99.26,26,SELL
8845,ORD008845,ORD008829,99.26,1,SELL
8846,ORD008846,ORD008844,100.70,94,BUY
8850,ORD008850,ORD008848,99.36,25,SELL
8850,ORD008850,ORD008829,99.26,3,SELL
8851,ORD008851,ORD008829,99.26,3,SELL
8852,ORD008852,ORD008829,99.26,4,SELL
8852,ORD008852,ORD008849,98.38,17,SELL
8854,ORD008854,ORD008844,100.70,6,BUY
8854,ORD008854,ORD008836,100.78,26,BUY
8854,ORD008854,ORD008843,100.82,43,BUY
8854,ORD008854,ORD008847,101.49,20,BUY
8855,ORD008855,ORD008847,101.49,14,BUY
8855,ORD008855,ORD008833,101.55,37,BUY
8855,ORD008855,ORD008837,101.59,16,BUY
8857,ORD008857,ORD008606,101.90,53,BUY
8857,ORD008857,ORD008640,101.96,10,BUY
8859,ORD008859,ORD008640,101.96,8,BUY
8859,ORD008859,ORD008716,101.97,50,BUY
8859,ORD008859,ORD008142,101.99,22,BUY
8868,ORD008868,ORD008867,99.04,50,SELL
8871,ORD008871,ORD008867,99.04,19,SELL
8871,ORD008871,ORD008870,98.08,26,SELL
8873,ORD008873,ORD008866,99.59,38,BUY
8875,ORD008875,ORD008866,99.59,60,BUY
8875,ORD008875,ORD008863,100.23,4,BUY
8875,ORD008875,ORD008874,100.28,28,BUY
8878,ORD008878,ORD008874,100.28,52,BUY
8878,ORD008878,ORD008864,101.01,13,BUY
8879,ORD008879,ORD008864,101.01,40,BUY
8880,ORD008880,ORD008864,101.01,40,BUY
8880,ORD008880,ORD008877,101.19,29,BUY
8884,ORD008884,ORD008877,101.19,26,BUY
8884,ORD008884,ORD008872,101.62,37,BUY
8888,ORD008888,ORD008876,99.26,65,SELL
8888,ORD008888,ORD008886,99.01,27,SELL
8889,ORD008889,ORD008886,99.01,54,SELL
8890,ORD008890,ORD008886,99.01,1,SELL
8890,ORD008890,ORD008882,98.96,51,SELL
8891,ORD008891,ORD008885,99.91,16,BUY
8892,ORD008892,ORD008882,98.96,11,SELL
8892,ORD008892,ORD008887,98.87,72,SELL
8892,ORD008892,ORD008883,98.36,8,SELL
8893,ORD008893,ORD008885,99.91,40,BUY
8895,ORD008895,ORD008883,98.36,57,SELL
8896,ORD008896,ORD008885,99.91,18,BUY
8896,ORD008896,ORD008872,101.62,38,BUY
8896,ORD008896,ORD008881,101.79,44,BUY
8897,ORD008897,ORD008881,101.79,10,BUY
8897,ORD008897,ORD008869,101.86,30,BUY
8897,ORD008897,ORD008142,101.99,15,BUY
8898,ORD008898,ORD008142,101.99,39,BUY
8898,ORD008898,ORD008550,101.99,25,BUY
8898,ORD008898,ORD007540,102.00,14,BUY
8901,ORD008901,ORD008883,98.36,34,SELL
8907,ORD008907,ORD008906,99.21,9,SELL
8907,ORD008907,ORD008902,98.94,67,SELL
8908,ORD008908,ORD008899,99.90,92,BUY
8912,ORD008912,ORD008899,99.90,2,BUY
8912,ORD008912,ORD008900,100.26,6,BUY
8914,ORD008914,ORD008900,100.26,51,BUY
8915,ORD008915,ORD008902,98.94,16,SELL
8915,ORD008915,ORD008910,98.01,46,SELL
8916,ORD008916,ORD008900,100.26,2,BUY
8916,ORD008916,ORD008904,100.61,18,BUY
8917,ORD008917,ORD008910,98.01,36,SELL
8923,ORD008923,ORD008922,99.10,10,SELL
8926,ORD008926,ORD008922,99.10,9,SELL
8926,ORD008926,ORD008924,98.80,40,SELL
8926,ORD008926,ORD008920,98.53,11,SELL
8928,ORD008928,ORD008925,99.82,14,BUY
8929,ORD008929,ORD008920,98.53,24,SELL
8930,ORD008930,ORD008925,99.82,4,BUY
8931,ORD008931,ORD008920,98.53,18,SELL
8934,ORD008934,ORD008925,99.82,36,BUY
8934,ORD008934,ORD008933,100.22,1,BUY
8934,ORD008934,ORD008921,100.52,44,BUY
8936,ORD008936,ORD008932,99.78,22,SELL
8940,ORD008940,ORD008921,100.52,7,BUY
8940,ORD008940,ORD008904,100.61,29,BUY
8940,ORD008940,ORD008937,100.67,13,BUY
8942,ORD008942,ORD008932,99.78,28,SELL
8942,ORD008942,ORD008939,99.30,20,SELL
8943,ORD008943,ORD008937,100.67,4,BUY
8947,ORD008947,ORD008946,100.17,12,BUY
8947,ORD008947,ORD008937,100.67,69,BUY
8947,ORD008947,ORD008909,100.74,6,BUY
8954,ORD008954,ORD008951,99.66,12,BUY
8954,ORD008954,ORD008953,100.04,21,BUY
8956,ORD008956,ORD008939,99.30,21,SELL
8957,ORD008957,ORD008939,99.30,2,SELL
8957,ORD008957,ORD008935,99.03,10,SELL
8958,ORD008958,ORD008935,99.03,20,SELL
8962,ORD008962,ORD008955,99.55,9,BUY
8962,ORD008962,ORD008953,100.04,2,BUY
8962,ORD008962,ORD008959,100.12,19,BUY
8962,ORD008962,ORD008952,100.41,63,BUY
8963,ORD008963,ORD008935,99.03,43,SELL
8963,ORD008963,ORD008945,98.93,29,SELL
8964,ORD008964,ORD008945,98.93,43,SELL
8964,ORD008964,ORD008949,98.62,56,SELL
8967,ORD008967,ORD008952,100.41,2,BUY
8968,ORD008968,ORD008952,100.41,10,BUY
8968,ORD008968,ORD008909,100.74,10,BUY
8968,ORD008968,ORD008911,101.25,33,BUY
8968,ORD008968,ORD008905,101.26,17,BUY
8969,ORD008969,ORD008905,101.26,69,BUY
8969,ORD008969,ORD008941,101.39,15,BUY
8971,ORD008971,ORD008941,101.39,5,BUY
8973,ORD008973,ORD008941,101.39,64,BUY
8973,ORD008973,ORD008965,101.41,19,BUY
8977,ORD008977,ORD008976,100.55,18,BUY
8977,ORD008977,ORD008974,100.98,5,BUY
8977,ORD008977,ORD008965,101.41,15,BUY
8980,ORD008980,ORD008965,101.41,21,BUY
8984,ORD008984,ORD008965,101.41,28,BUY
8984,ORD008984,ORD008960,101.43,6,BUY
8984,ORD008984,ORD008978,101.44,19,BUY
8984,ORD008984,ORD008903,101.53,40,BUY
8985,ORD008985,ORD008975,100.50,13,SELL
8985,ORD008985,ORD008966,100.24,66,SELL
8985,ORD008985,ORD008972,100.23,9,SELL
8987,ORD008987,ORD008903,101.53,13,BUY
8987,ORD008987,ORD008981,101.56,24,BUY
8989,ORD008989,ORD008972,100.23,13,SELL
8990,ORD008990,ORD008972,100.23,22,SELL
8990,ORD008990,ORD008979,99.81,28,SELL
8991,ORD008991,ORD008979,99.81,17,SELL
8992,ORD008992,ORD008988,100.26,19,BUY
8993,ORD008993,ORD008986,98.98,13,SELL
8994,ORD008994,ORD008986,98.98,28,SELL
8999,ORD008999,ORD008986,98.98,22,SELL
8999,ORD008999,ORD008998,98.78,5,SELL
8999,ORD008999,ORD008970,98.67,9,SELL
9004,ORD009004,ORD008996,99.80,69,BUY
9005,ORD009005,ORD008996,99.80,27,BUY
9005,ORD009005,ORD009002,99.94,3,BUY
9008,ORD009008,ORD009002,99.94,18,BUY
9009,ORD009009,ORD009002,99.94,59,BUY
9010,ORD009010,ORD009002,99.94,6,BUY
9010,ORD009010,ORD008988,100.26,46,BUY
9010,ORD009010,ORD009000,100.38,21,BUY
9011,ORD009011,ORD009000,100.38,49,BUY
9011,ORD009011,ORD009007,101.09,1,BUY
9012,ORD009012,ORD009006,99.53,29,SELL
9013,ORD009013,ORD009007,101.09,60,BUY
9013,ORD009013,ORD008981,101.56,10,BUY
9013,ORD009013,ORD008982,101.62,13,BUY
9020,ORD009020,ORD009018,100.14,62,BUY
9020,ORD009020,ORD008982,101.62,9,BUY
9021,ORD009021,ORD009019,99.78,13,SELL
9021,ORD009021,ORD009006,99.53,47,SELL
9022,ORD009022,ORD008982,101.62,11,BUY
9023,ORD009023,ORD009006,99.53,2,SELL
9023,ORD009023,ORD008970,98.67,16,SELL
9023,ORD009023,ORD008920,98.53,18,SELL
9023,ORD009023,ORD009015,98.31,25,SELL
9025,ORD009025,ORD009024,99.97,28,BUY
9026,ORD009026,ORD009024,99.97,17,BUY
9027,ORD009027,ORD009015,98.31,43,SELL
9027,ORD009027,ORD008927,98.11,27,SELL
9027,ORD009027,ORD009014,98.08,28,SELL
9027,ORD009027,ORD009001,98.04,1,SELL
9028,ORD009028,ORD009001,98.04,58,SELL
9029,ORD009029,ORD009024,99.97,14,BUY
9030,ORD009030,ORD009001,98.04,13,SELL
9032,ORD009032,ORD009001,98.04,7,SELL
9032,ORD009032,ORD008961,98.01,23,SELL
9034,ORD009034,ORD008961,98.01,3,SELL
9035,ORD009035,ORD008961,98.01,9,SELL
9036,ORD009036,ORD009024,99.97,37,BUY
9036,ORD009036,ORD009031,100.58,5,BUY
9036,ORD009036,ORD009033,100.84,23,BUY
9042,ORD009042,ORD009040,100.33,40,SELL
9042,ORD009042,ORD009039,98.60,17,SELL
9047,ORD009047,ORD009043,99.90,67,SELL
9047,ORD009047,ORD009044,99.87,11,SELL
9047,ORD009047,ORD009039,98.60,3,SELL
9048,ORD009048,ORD009045,100.23,36,BUY
9049,ORD009049,ORD009039,98.60,55,SELL
9051,ORD009051,ORD009050,99.95,49,SELL
9051,ORD009051,ORD009039,98.60,8,SELL
9051,ORD009051,ORD009046,98.16,16,SELL
9057,ORD009057,ORD009045,100.23,42,BUY
9058,ORD009058,ORD009045,100.23,4,BUY
9058,ORD009058,ORD009033,100.84,47,BUY
9058,ORD009058,ORD009052,100.93,24,BUY
9062,ORD009062,ORD009061,100.71,24,BUY
9062,ORD009062,ORD009052,100.93,63,BUY
9064,ORD009064,ORD009053,99.99,3,SELL
9064,ORD009064,ORD009059,98.99,13,SELL
9064,ORD009064,ORD009055,98.24,33,SELL
9064,ORD009064,ORD009046,98.16,36,SELL
9066,ORD009066,ORD009046,98.16,16,SELL
9068,ORD009068,ORD009046,98.16,24,SELL
9068,ORD009068,ORD009067,98.16,7,SELL
9069,ORD009069,ORD009067,98.16,77,SELL
9069,ORD009069,ORD009060,98.02,10,SELL
9070,ORD009070,ORD009060,98.02,28,SELL
9071,ORD009071,ORD009065,100.00,6,BUY
9071,ORD009071,ORD009052,100.93,4,BUY
9071,ORD009071,ORD009056,100.99,51,BUY
9071,ORD009071,ORD009041,101.26,38,BUY
9072,ORD009072,ORD009060,98.02,27,SELL
9073,ORD009073,ORD009041,101.26,23,BUY
9073,ORD009073,ORD009063,101.30,60,BUY
9074,ORD009074,ORD009063,101.30,16,BUY
9074,ORD009074,ORD008982,101.62,17,BUY
9074,ORD009074,ORD009016,101.64,28,BUY
9077,ORD009077,ORD009016,101.64,34,BUY
9079,ORD009079,ORD009075,99.71,24,SELL
9079,ORD009079,ORD009076,99.03,72,SELL
9081,ORD009081,ORD009076,99.03,13,SELL
9081,ORD009081,ORD009080,98.43,72,SELL
9082,ORD009082,ORD009016,101.64,20,BUY
9082,ORD009082,ORD008948,101.83,25,BUY
9085,ORD009085,ORD009084,98.81,41,SELL
9087,ORD009087,ORD009084,98.81,17,SELL
9087,ORD009087,ORD009080,98.43,27,SELL
9087,ORD009087,ORD009060,98.02,27,SELL
9092,ORD009092,ORD009091,99.68,31,SELL
9096,ORD009096,ORD009094,98.16,19,SELL
9098,ORD009098,ORD009094,98.16,59,SELL
9098,ORD009098,ORD009097,98.13,7,SELL
9102,ORD009102,ORD009099,100.10,21,SELL
9104,ORD009104,ORD009099,100.10,44,SELL
9104,ORD009104,ORD009103,99.49,17,SELL
9105,ORD009105,ORD009103,99.49,58,SELL
9105,ORD009105,ORD009100,98.91,9,SELL
9106,ORD009106,ORD009095,100.50,3,BUY
9106,ORD009106,ORD009086,101.40,21,BUY
9111,ORD009111,ORD009108,100.35,2,SELL
9111,ORD009111,ORD009110,100.06,28,SELL
9112,ORD009112,ORD009111,99.99,4,BUY
9112,ORD009112,ORD009107,101.00,13,BUY
9112,ORD009112,ORD009086,101.40,39,BUY
9113,ORD009113,ORD009100,98.91,64,SELL
9115,ORD009115,ORD009114,100.48,68,SELL
9115,ORD009115,ORD009100,98.91,8,SELL
9117,ORD009117,ORD009100,98.91,16,SELL
9117,ORD009117,ORD009097,98.13,61,SELL
9123,ORD009123,ORD009116,100.68,77,BUY
9124,ORD009124,ORD009120,99.37,21,SELL
9126,ORD009126,ORD009120,99.37,59,SELL
9127,ORD009127,ORD009116,100.68,2,BUY
9131,ORD009131,ORD009116,100.68,2,BUY
9132,ORD009132,ORD009128,100.37,63,SELL
9133,ORD009133,ORD009128,100.37,30,SELL
9133,ORD009133,ORD009120,99.37,12,SELL
9133,ORD009133,ORD009129,99.20,14,SELL
9134,ORD009134,ORD009116,100.68,5,BUY
9134,ORD009134,ORD009122,100.74,48,BUY
9134,ORD009134,ORD009125,100.75,46,BUY
9135,ORD009135,ORD009129,99.20,38,SELL
9135,ORD009135,ORD009118,98.90,12,SELL
9136,ORD009136,ORD009118,98.90,5,SELL
9136,ORD009136,ORD009121,98.89,19,SELL
9136,ORD009136,ORD009097,98.13,19,SELL
9137,ORD009137,ORD009125,100.75,7,BUY
9137,ORD009137,ORD009119,101.17,50,BUY
9139,ORD009139,ORD009138,100.00,62,BUY
9139,ORD009139,ORD009119,101.17,6,BUY
9139,ORD009139,ORD009130,101.37,21,BUY
9141,ORD009141,ORD009130,101.37,23,BUY
9141,ORD009141,ORD009086,101.40,15,BUY
9142,ORD009142,ORD009140,99.54,10,SELL
9143,ORD009143,ORD009086,101.40,21,BUY
9143,ORD009143,ORD009088,101.60,17,BUY
9156,ORD009156,ORD009154,99.53,33,SELL
9159,ORD009159,ORD009149,101.02,12,BUY
9159,ORD009159,ORD009155,101.31,24,BUY
9162,ORD009162,ORD009161,99.89,67,SELL
9163,ORD009163,ORD009155,101.31,24,BUY
9165,ORD009165,ORD009155,101.31,2,BUY
9165,ORD009165,ORD009152,101.52,43,BUY
9166,ORD009166,ORD009164,98.07,8,SELL
9168,ORD009168,ORD009152,101.52,22,BUY
9168,ORD009168,ORD009088,101.60,2,BUY
9170,ORD009170,ORD009088,101.60,16,BUY
9170,ORD009170,ORD009083,101.62,14,BUY
9173,ORD009173,ORD009171,99.91,44,SELL
9173,ORD009173,ORD009169,99.85,31,SELL
9174,ORD009174,ORD009172,99.99,21,BUY
9175,ORD009175,ORD009172,99.99,68,BUY
9178,ORD009178,ORD009177,99.97,25,SELL
9178,ORD009178,ORD009169,99.85,30,SELL
9180,ORD009180,ORD009172,99.99,3,BUY
9187,ORD009187,ORD009176,100.31,50,BUY
9189,ORD009189,ORD009180,100.11,50,SELL
9189,ORD009189,ORD009183,98.73,9,SELL
9191,ORD009191,ORD009190,100.10,82,SELL
9196,ORD009196,ORD009190,100.10,11,SELL
9196,ORD009196,ORD009195,100.02,47,SELL
9196,ORD009196,ORD009193,99.68,23,SELL
9199,ORD009199,ORD009176,100.31,11,BUY
9199,ORD009199,ORD009182,100.31,14,BUY
9201,ORD009201,ORD009182,100.31,29,BUY
9201,ORD009201,ORD009200,100.62,9,BUY
9201,ORD009201,ORD009184,101.00,21,BUY
9201,ORD009201,ORD009188,101.18,12,BUY
9203,ORD009203,ORD009193,99.68,16,SELL
9203,ORD009203,ORD009192,99.48,57,SELL
9204,ORD009204,ORD009188,101.18,83,BUY
9204,ORD009204,ORD009202,101.57,10,BUY
9205,ORD009205,ORD009192,99.48,14,SELL
9205,ORD009205,ORD009183,98.73,38,SELL
9205,ORD009205,ORD009186,98.37,9,SELL
9206,ORD009206,ORD009202,101.57,14,BUY
9206,ORD009206,ORD009083,101.62,41,BUY
9210,ORD009210,ORD009208,101.21,51,BUY
9211,ORD009211,ORD009207,99.32,52,SELL
9214,ORD009214,ORD009212,100.37,46,BUY
9214,ORD009214,ORD009208,101.21,14,BUY
9214,ORD009214,ORD009209,101.41,16,BUY
9214,ORD009214,ORD009083,101.62,19,BUY
9214,ORD009214,ORD009153,101.68,1,BUY
9215,ORD009215,ORD009213,99.88,42,SELL
9215,ORD009215,ORD009207,99.32,16,SELL
9215,ORD009215,ORD009186,98.37,27,SELL
9216,ORD009216,ORD009153,101.68,23,BUY
9217,ORD009217,ORD009153,101.68,34,BUY
9217,ORD009217,ORD009197,101.68,36,BUY
9220,ORD009220,ORD009218,99.88,15,BUY
9223,ORD009223,ORD009218,99.88,29,BUY
9223,ORD009223,ORD009219,101.46,20,BUY
9225,ORD009225,ORD009219,101.46,61,BUY
9225,ORD009225,ORD009197,101.68,12,BUY
9225,ORD009225,ORD008948,101.83,9,BUY
9226,ORD009226,ORD009222,99.84,83,SELL
9227,ORD009227,ORD009222,99.84,15,SELL
9227,ORD009227,ORD009186,98.37,10,SELL
9227,ORD009227,ORD009185,98.04,57,SELL
9228,ORD009228,ORD008948,101.83,7,BUY
9228,ORD009228,ORD008995,101.83,33,BUY
9230,ORD009230,ORD008995,101.83,14,BUY
9230,ORD009230,ORD009003,101.88,48,BUY
9233,ORD009233,ORD009003,101.88,8,BUY
9233,ORD009233,ORD009038,101.88,32,BUY
9233,ORD009233,ORD009089,101.91,10,BUY
9233,ORD009233,ORD008944,101.95,2,BUY
9233,ORD009233,ORD009078,101.95,32,BUY
9235,ORD009235,ORD009078,101.95,46,BUY
9235,ORD009235,ORD009101,101.98,17,BUY
9236,ORD009236,ORD009101,101.98,42,BUY
9237,ORD009237,ORD009101,101.98,22,BUY
9237,ORD009237,ORD007540,102.00,35,BUY
9237,ORD009237,ORD007545,102.00,11,BUY
9238,ORD009238,ORD007545,102.00,1,BUY
9240,ORD009240,ORD009232,98.96,32,SELL
9243,ORD009243,ORD009241,99.82,22,SELL
9246,ORD009246,ORD009241,99.82,12,SELL
9246,ORD009246,ORD009232,98.96,46,SELL
9246,ORD009246,ORD009234,98.56,6,SELL
9249,ORD009249,ORD009247,100.42,14,SELL
9251,ORD009251,ORD009247,100.42,53,SELL
9253,ORD009253,ORD009247,100.42,2,SELL
9253,ORD009253,ORD009234,98.56,12,SELL
9257,ORD009257,ORD009255,100.36,8,SELL
9258,ORD009258,ORD009255,100.36,30,SELL
9261,ORD009261,ORD009255,100.36,37,SELL
9261,ORD009261,ORD009259,99.94,13,SELL
9261,ORD009261,ORD009234,98.56,4,SELL
9262,ORD009262,ORD009234,98.56,14,SELL
9263,ORD009263,ORD009234,98.56,45,SELL
9265,ORD009265,ORD009264,99.98,85,SELL
9270,ORD009270,ORD009266,100.33,60,SELL
9270,ORD009270,ORD009268,100.02,3,SELL
9271,ORD009271,ORD009254,100.63,23,BUY
9271,ORD009271,ORD009267,100.71,11,BUY
9272,ORD009272,ORD009268,100.02,22,SELL
9273,ORD009273,ORD009267,100.71,25,BUY
9274,ORD009274,ORD009268,100.02,32,SELL
9274,ORD009274,ORD009264,99.98,10,SELL
9274,ORD009274,ORD009234,98.56,3,SELL
9274,ORD009274,ORD009260,98.43,5,SELL
9275,ORD009275,ORD009267,100.71,19,BUY
9275,ORD009275,ORD009256,101.10,37,BUY
9276,ORD009276,ORD009256,101.10,3,BUY
9276,ORD009276,ORD009269,101.34,30,BUY
9277,ORD009277,ORD009260,98.43,2,SELL
9278,ORD009278,ORD009260,98.43,4,SELL
9278,ORD009278,ORD009245,98.13,13,SELL
9282,ORD009282,ORD009269,101.34,10,BUY
9282,ORD009282,ORD009279,101.67,44,BUY
9283,ORD009283,ORD009281,98.68,40,SELL
9292,ORD009292,ORD009281,98.68,28,SELL
9292,ORD009292,ORD009245,98.13,51,SELL
9293,ORD009293,ORD009288,100.57,38,BUY
9293,ORD009293,ORD009290,100.84,25,BUY
9294,ORD009294,ORD009245,98.13,11,SELL
9303,ORD009303,ORD009297,100.02,24,BUY
9303,ORD009303,ORD009290,100.84,28,BUY
9304,ORD009304,ORD009290,100.84,5,BUY
9304,ORD009304,ORD009291,100.96,20,BUY
9304,ORD009304,ORD009302,101.16,30,BUY
9306,ORD009306,ORD009305,100.18,29,SELL
9308,ORD009308,ORD009306,99.68,12,BUY
9309,ORD009309,ORD009306,99.68,5,BUY
9309,ORD009309,ORD009302,101.16,44,BUY
9311,ORD009311,ORD009310,100.12,31,SELL
9311,ORD009311,ORD009307,99.36,13,SELL
9311,ORD009311,ORD009301,99.34,7,SELL
9314,ORD009314,ORD009302,101.16,20,BUY
9314,ORD009314,ORD009289,101.48,16,BUY
9318,ORD009318,ORD009315,100.23,18,SELL
9320,ORD009320,ORD009315,100.23,55,SELL
9321,ORD009321,ORD009315,100.23,10,SELL
9323,ORD009323,ORD009321,99.62,57,BUY
9325,ORD009325,ORD009321,99.62,2,BUY
9325,ORD009325,ORD009324,99.63,73,BUY
9329,ORD009329,ORD009324,99.63,6,BUY
9330,ORD009330,ORD009324,99.63,9,BUY
9332,ORD009332,ORD009331,100.62,22,BUY
9334,ORD009334,ORD009331,100.62,45,BUY
9337,ORD009337,ORD009336,100.38,38,SELL
9337,ORD009337,ORD009333,100.35,20,SELL
9337,ORD009337,ORD009330,100.34,25,SELL
9339,ORD009339,ORD009338,100.40,35,BUY
9342,ORD009342,ORD009330,100.34,30,SELL
9342,ORD009342,ORD009322,99.39,52,SELL
9343,ORD009343,ORD009341,101.59,31,BUY
9344,ORD009344,ORD009322,99.39,2,SELL
9346,ORD009346,ORD009345,101.92,19,BUY
9348,ORD009348,ORD009345,101.92,27,BUY
9351,ORD009351,ORD009347,99.91,76,SELL
9351,ORD009351,ORD009322,99.39,4,SELL
9352,ORD009352,ORD009349,100.95,1,BUY
9353,ORD009353,ORD009322,99.39,23,SELL
9354,ORD009354,ORD009322,99.39,6,SELL
9354,ORD009354,ORD009301,99.34,18,SELL
9354,ORD009354,ORD009299,99.21,49,SELL
9356,ORD009356,ORD009355,99.83,49,BUY
9357,ORD009357,ORD009355,99.83,1,BUY
9358,ORD009358,ORD009349,100.95,33,BUY
9358,ORD009358,ORD009345,101.92,33,BUY
9359,ORD009359,ORD009357,100.38,24,SELL
9359,ORD009359,ORD009299,99.21,28,SELL
9359,ORD009359,ORD009328,98.85,43,SELL
9363,ORD009363,ORD009361,99.50,57,SELL
9366,ORD009366,ORD009365,99.72,31,BUY
9367,ORD009367,ORD009365,99.72,24,BUY
9368,ORD009368,ORD009361,99.50,13,SELL
9369,ORD009369,ORD009361,99.50,21,SELL
9369,ORD009369,ORD009328,98.85,34,SELL
9371,ORD009371,ORD009365,99.72,1,BUY
9371,ORD009371,ORD009360,101.01,57,BUY
9372,ORD009372,ORD009328,98.85,18,SELL
9372,ORD009372,ORD009296,98.83,21,SELL
9373,ORD009373,ORD009296,98.83,31,SELL
9373,ORD009373,ORD009335,98.82,5,SELL
9373,ORD009373,ORD009313,98.78,28,SELL
9374,ORD009374,ORD009360,101.01,25,BUY
9376,ORD009376,ORD009375,101.19,45,BUY
9380,ORD009380,ORD009313,98.78,36,SELL
9380,ORD009380,ORD009340,98.67,2,SELL
9386,ORD009386,ORD009385,100.86,1,BUY
9388,ORD009388,ORD009382,100.34,57,SELL
9388,ORD009388,ORD009384,99.01,27,SELL
9389,ORD009389,ORD009385,100.86,17,BUY
9391,ORD009391,ORD009385,100.86,4,BUY
9392,ORD009392,ORD009390,99.66,49,SELL
9393,ORD009393,ORD009390,99.66,4,SELL
9397,ORD009397,ORD009394,100.13,95,SELL
9400,ORD009400,ORD009390,99.66,14,SELL
9400,ORD009400,ORD009384,99.01,15,SELL
9400,ORD009400,ORD009387,99.01,12,SELL
9400,ORD009400,ORD009340,98.67,53,SELL
9400,ORD009400,ORD009364,98.39,3,SELL
9401,ORD009401,ORD009397,100.01,3,BUY
9401,ORD009401,ORD009399,100.68,5,BUY
9402,ORD009402,ORD009364,98.39,10,SELL
9404,ORD009404,ORD009364,98.39,41,SELL
9404,ORD009404,ORD009317,98.08,42,SELL
9405,ORD009405,ORD009403,100.15,8,BUY
9405,ORD009405,ORD009399,100.68,33,BUY
9405,ORD009405,ORD009385,100.86,39,BUY
9405,ORD009405,ORD009398,101.27,9,BUY
9408,ORD009408,ORD009395,101.45,56,BUY
9416,ORD009416,ORD009414,99.36,49,SELL
9420,ORD009420,ORD009414,99.36,39,SELL
9420,ORD009420,ORD009417,98.69,59,SELL
9421,ORD009421,ORD009409,100.29,55,BUY
9422,ORD009422,ORD009417,98.69,31,SELL
9424,ORD009424,ORD009423,100.10,1,SELL
9425,ORD009425,ORD009409,100.29,1,BUY
9425,ORD009425,ORD009419,100.43,10,BUY
9427,ORD009427,ORD009423,100.10,3,SELL
9428,ORD009428,ORD009423,100.10,3,SELL
9429,ORD009429,ORD009423,100.10,45,SELL
9431,ORD009431,ORD009423,100.10,7,SELL
9433,ORD009433,ORD009423,100.10,3,SELL
9433,ORD009433,ORD009426,99.55,72,SELL
9433,ORD009433,ORD009432,99.52,7,SELL
9435,ORD009435,ORD009432,99.52,63,SELL
9437,ORD009437,ORD009434,99.59,26,BUY
9438,ORD009438,ORD009434,99.59,63,BUY
9438,ORD009438,ORD009419,100.43,23,BUY
9441,ORD009441,ORD009439,100.33,18,BUY
9441,ORD009441,ORD009419,100.43,32,BUY
9442,ORD009442,ORD009419,100.43,19,BUY
9442,ORD009442,ORD009418,100.72,64,BUY
9442,ORD009442,ORD009413,101.36,6,BUY
9444,ORD009444,ORD009413,101.36,25,BUY
9444,ORD009444,ORD009395,101.45,37,BUY
9444,ORD009444,ORD009383,101.71,27,BUY
9446,ORD009446,ORD009383,101.71,7,BUY
9446,ORD009446,ORD009381,101.72,54,BUY
9446,ORD009446,ORD009412,101.82,14,BUY
9446,ORD009446,ORD009396,101.90,16,BUY
9447,ORD009447,ORD009396,101.90,22,BUY
9448,ORD009448,ORD009440,100.20,13,SELL
9449,ORD009449,ORD009440,100.20,14,SELL
9451,ORD009451,ORD009432,99.52,12,SELL
9451,ORD009451,ORD009430,99.33,58,SELL
9451,ORD009451,ORD009436,99.33,21,SELL
9452,ORD009452,ORD009449,99.53,19,BUY
9452,ORD009452,ORD009450,101.74,34,BUY
9455,ORD009455,ORD009453,100.12,43,SELL
9455,ORD009455,ORD009454,99.44,46,SELL
9455,ORD009455,ORD009436,99.33,2,SELL
9456,ORD009456,ORD009436,99.33,24,SELL
9458,ORD009458,ORD009457,100.63,29,BUY
9460,ORD009460,ORD009436,99.33,48,SELL
9460,ORD009460,ORD009443,98.86,37,SELL
9465,ORD009465,ORD009464,101.58,18,BUY
9466,ORD009466,ORD009464,101.58,19,BUY
9468,ORD009468,ORD009443,98.86,60,SELL
9468,ORD009468,ORD009445,98.65,25,SELL
9471,ORD009471,ORD009467,100.81,22,BUY
9472,ORD009472,ORD009467,100.81,20,BUY
9476,ORD009476,ORD009470,100.44,72,SELL
9480,ORD009480,ORD009479,99.11,40,SELL
9481,ORD009481,ORD009479,99.11,46,SELL
9481,ORD009481,ORD009477,98.49,11,SELL
9482,ORD009482,ORD009478,101.51,30,BUY
9485,ORD009485,ORD009484,99.75,16,BUY
9487,ORD009487,ORD009485,100.03,57,SELL
9487,ORD009487,ORD009486,98.81,18,SELL
9487,ORD009487,ORD009477,98.49,1,SELL
9489,ORD009489,ORD009488,99.29,48,SELL
9490,ORD009490,ORD009488,99.29,31,SELL
9491,ORD009491,ORD009483,100.77,3,BUY
9493,ORD009493,ORD009488,99.29,16,SELL
9493,ORD009493,ORD009477,98.49,14,SELL
9495,ORD009495,ORD009494,99.74,14,SELL
9495,ORD009495,ORD009477,98.49,15,SELL
9499,ORD009499,ORD009492,100.73,81,BUY
9500,ORD009500,ORD009492,100.73,2,BUY
9500,ORD009500,ORD009483,100.77,14,BUY
9500,ORD009500,ORD009478,101.51,40,BUY
9500,ORD009500,ORD009498,101.93,2,BUY
9503,ORD009503,ORD009501,98.72,48,SELL
9503,ORD009503,ORD009497,98.64,8,SELL
9503,ORD009503,ORD009477,98.49,33,SELL
9504,ORD009504,ORD009477,98.49,8,SELL
9507,ORD009507,ORD009506,101.59,29,BUY
9509,ORD009509,ORD009508,99.80,4,BUY
9512,ORD009512,ORD009509,99.87,1,SELL
9518,ORD009518,ORD009517,100.30,36,SELL
9521,ORD009521,ORD009510,101.15,4,BUY
9522,ORD009522,ORD009517,100.30,5,SELL
9523,ORD009523,ORD009510,101.15,62,BUY
9526,ORD009526,ORD009525,100.40,38,BUY
9528,ORD009528,ORD009517,100.30,48,SELL
9529,ORD009529,ORD009528,100.13,12,BUY
9529,ORD009529,ORD009525,100.40,29,BUY
9529,ORD009529,ORD009510,101.15,12,BUY
9529,ORD009529,ORD009513,101.50,16,BUY
9530,ORD009530,ORD009520,99.61,41,SELL
9530,ORD009530,ORD009515,99.12,12,SELL
9533,ORD009533,ORD009515,99.12,25,SELL
9535,ORD009535,ORD009534,101.35,12,BUY
9535,ORD009535,ORD009513,101.50,2,BUY
9536,ORD009536,ORD009515,99.12,1,SELL
9536,ORD009536,ORD009532,98.99,18,SELL
9536,ORD009536,ORD009516,98.65,69,SELL
9538,ORD009538,ORD009513,101.50,14,BUY
9539,ORD009539,ORD009513,101.50,10,BUY
9540,ORD009540,ORD009516,98.65,13,SELL
9540,ORD009540,ORD009537,98.29,43,SELL
9544,ORD009544,ORD009543,98.39,8,SELL
9546,ORD009546,ORD009543,98.39,24,SELL
9546,ORD009546,ORD009537,98.29,30,SELL
9548,ORD009548,ORD009545,99.75,40,BUY
9549,ORD009549,ORD009545,99.75,26,BUY
9549,ORD009549,ORD009541,100.71,73,BUY
9554,ORD009554,ORD009550,99.99,1,SELL
9555,ORD009555,ORD009550,99.99,56,SELL
9555,ORD009555,ORD009552,99.14,42,SELL
9559,ORD009559,ORD009558,99.19,32,SELL
9559,ORD009559,ORD009552,99.14,1,SELL
9562,ORD009562,ORD009552,99.14,17,SELL
9563,ORD009563,ORD009552,99.14,32,SELL
9563,ORD009563,ORD009553,98.67,24,SELL
9564,ORD009564,ORD009553,98.67,15,SELL
9566,ORD009566,ORD009565,99.50,47,SELL
9567,ORD009567,ORD009556,100.09,56,BUY
9573,ORD009573,ORD009556,100.09,19,BUY
9573,ORD009573,ORD009561,100.38,27,BUY
9576,ORD009576,ORD009575,98.90,37,SELL
9582,ORD009582,ORD009574,99.64,43,BUY
9584,ORD009584,ORD009574,99.64,4,BUY
9585,ORD009585,ORD009584,99.71,17,SELL
9586,ORD009586,ORD009578,100.04,34,BUY
9586,ORD009586,ORD009561,100.38,40,BUY
9591,ORD009591,ORD009590,98.47,23,SELL
9592,ORD009592,ORD009590,98.47,37,SELL
9599,ORD009599,ORD009589,99.56,23,BUY
9600,ORD009600,ORD009589,99.56,10,BUY
9602,ORD009602,ORD009589,99.56,6,BUY
9610,ORD009610,ORD009609,98.44,9,SELL
9611,ORD009611,ORD009589,99.56,13,BUY
9613,ORD009613,ORD009589,99.56,1,BUY
9613,ORD009613,ORD009612,99.74,11,BUY
9618,ORD009618,ORD009613,100.07,61,SELL
9619,ORD009619,ORD009615,100.13,28,BUY
9619,ORD009619,ORD009595,100.14,36,BUY
9619,ORD009619,ORD009561,100.38,6,BUY
9619,ORD009619,ORD009594,100.58,1,BUY
9620,ORD009620,ORD009614,99.51,32,SELL
9622,ORD009622,ORD009614,99.51,18,SELL
9624,ORD009624,ORD009623,99.44,10,SELL
9624,ORD009624,ORD009609,98.44,30,SELL
9625,ORD009625,ORD009594,100.58,28,BUY
9625,ORD009625,ORD009570,100.59,28,BUY
9625,ORD009625,ORD009569,100.62,24,BUY
9630,ORD009630,ORD009627,98.36,65,SELL
9631,ORD009631,ORD009627,98.36,7,SELL
9632,ORD009632,ORD009629,99.70,3,BUY
9633,ORD009633,ORD009629,99.70,19,BUY
9633,ORD009633,ORD009628,100.10,30,BUY
9636,ORD009636,ORD009635,98.13,2,SELL
9639,ORD009639,ORD009628,100.10,36,BUY
9639,ORD009639,ORD009569,100.62,21,BUY
9640,ORD009640,ORD009569,100.62,29,BUY
9640,ORD009640,ORD009560,100.63,6,BUY
9640,ORD009640,ORD009572,100.69,16,BUY
9641,ORD009641,ORD009638,98.62,8,SELL
9641,ORD009641,ORD009637,98.34,3,SELL
9642,ORD009642,ORD009637,98.34,9,SELL
9644,ORD009644,ORD009643,99.80,29,SELL
9647,ORD009647,ORD009643,99.80,25,SELL
9648,ORD009648,ORD009643,99.80,4,SELL
9649,ORD009649,ORD009572,100.69,14,BUY
9650,ORD009650,ORD009643,99.80,8,SELL
9650,ORD009650,ORD009645,99.19,20,SELL
9652,ORD009652,ORD009572,100.69,32,BUY
9652,ORD009652,ORD009601,100.70,6,BUY
9653,ORD009653,ORD009645,99.19,69,SELL
9653,ORD009653,ORD009637,98.34,2,SELL
9655,ORD009655,ORD009654,98.40,1,SELL
9657,ORD009657,ORD009656,98.84,84,SELL
9663,ORD009663,ORD009601,100.70,60,BUY
9663,ORD009663,ORD009541,100.71,17,BUY
9665,ORD009665,ORD009659,100.07,11,SELL
9665,ORD009665,ORD009661,99.87,9,SELL
9665,ORD009665,ORD009656,98.84,5,SELL
9665,ORD009665,ORD009658,98.68,17,SELL
9666,ORD009666,ORD009658,98.68,27,SELL
9666,ORD009666,ORD009654,98.40,14,SELL
9671,ORD009671,ORD009667,98.42,15,SELL
9672,ORD009672,ORD009668,100.47,34,BUY
9672,ORD009672,ORD009541,100.71,9,BUY
9672,ORD009672,ORD009579,100.87,5,BUY
9674,ORD009674,ORD009673,99.42,63,SELL
9677,ORD009677,ORD009673,99.42,23,SELL
9677,ORD009677,ORD009667,98.42,16,SELL
9679,ORD009679,ORD009667,98.42,9,SELL
9679,ORD009679,ORD009654,98.40,72,SELL
9683,ORD009683,ORD009654,98.40,6,SELL
9683,ORD009683,ORD009637,98.34,13,SELL
9685,ORD009685,ORD009681,99.66,16,BUY
9685,ORD009685,ORD009676,100.32,6,BUY
9685,ORD009685,ORD009579,100.87,27,BUY
9686,ORD009686,ORD009579,100.87,2,BUY
9688,ORD009688,ORD009637,98.34,47,SELL
9690,ORD009690,ORD009689,98.56,95,SELL
9691,ORD009691,ORD009579,100.87,12,BUY
9691,ORD009691,ORD009616,100.89,4,BUY
9692,ORD009692,ORD009616,100.89,4,BUY
9693,ORD009693,ORD009689,98.56,1,SELL
9693,ORD009693,ORD009637,98.34,26,SELL
9693,ORD009693,ORD009635,98.13,1,SELL
9693,ORD009693,ORD009660,98.08,39,SELL
9695,ORD009695,ORD009616,100.89,19,BUY
9695,ORD009695,ORD009596,100.91,9,BUY
9695,ORD009695,ORD009604,100.95,19,BUY
9695,ORD009695,ORD009678,101.06,11,BUY
9701,ORD009701,ORD009698,100.71,2,BUY
9702,ORD009702,ORD009698,100.71,4,BUY
9702,ORD009702,ORD009678,101.06,17,BUY
9706,ORD009706,ORD009704,100.66,36,BUY
9706,ORD009706,ORD009678,101.06,6,BUY
9706,ORD009706,ORD009608,101.10,33,BUY
9708,ORD009708,ORD009707,101.07,86,BUY
9710,ORD009710,ORD009705,99.69,2,SELL
9711,ORD009711,ORD009707,101.07,13,BUY
9711,ORD009711,ORD009608,101.10,46,BUY
9711,ORD009711,ORD009547,101.11,4,BUY
9715,ORD009715,ORD009547,101.11,51,BUY
9718,ORD009718,ORD009716,100.59,7,BUY
9719,ORD009719,ORD009714,100.32,49,SELL
9722,ORD009722,ORD009721,100.40,35,BUY
9727,ORD009727,ORD009714,100.32,31,SELL
9727,ORD009727,ORD009712,100.12,39,SELL
9732,ORD009732,ORD009721,100.40,36,BUY
9732,ORD009732,ORD009716,100.59,37,BUY
9733,ORD009733,ORD009716,100.59,9,BUY
9733,ORD009733,ORD009547,101.11,23,BUY
9733,ORD009733,ORD009580,101.14,48,BUY
9734,ORD009734,ORD009712,100.12,45,SELL
9734,ORD009734,ORD009720,100.02,34,SELL
9736,ORD009736,ORD009580,101.14,2,BUY
9736,ORD009736,ORD009626,101.14,40,BUY
9736,ORD009736,ORD009651,101.15,11,BUY
9736,ORD009736,ORD009684,101.16,15,BUY
9736,ORD009736,ORD009617,101.19,16,BUY
9737,ORD009737,ORD009617,101.19,21,BUY
9737,ORD009737,ORD009551,101.21,36,BUY
9737,ORD009737,ORD009606,101.29,2,BUY
9738,ORD009738,ORD009720,100.02,25,SELL
9745,ORD009745,ORD009741,100.32,62,BUY
9745,ORD009745,ORD009744,100.61,27,BUY
9746,ORD009746,ORD009720,100.02,21,SELL
9746,ORD009746,ORD009729,99.89,27,SELL
9747,ORD009747,ORD009744,100.61,18,BUY
9747,ORD009747,ORD009670,101.35,3,BUY
9748,ORD009748,ORD009670,101.35,18,BUY
9748,ORD009748,ORD009726,101.39,7,BUY
9748,ORD009748,ORD009669,101.45,32,BUY
9753,ORD009753,ORD009669,101.45,66,BUY
9753,ORD009753,ORD009709,101.49,8,BUY
9753,ORD009753,ORD009740,101.49,7,BUY
9755,ORD009755,ORD009754,100.43,43,BUY
9755,ORD009755,ORD009740,101.49,9,BUY
9755,ORD009755,ORD009513,101.50,47,BUY
9756,ORD009756,ORD009729,99.89,9,SELL
9757,ORD009757,ORD009705,99.69,12,SELL
9757,ORD009757,ORD009751,99.59,12,SELL
9757,ORD009757,ORD009703,99.56,42,SELL
9758,ORD009758,ORD009756,99.86,20,BUY
9760,ORD009760,ORD009703,99.56,27,SELL
9760,ORD009760,ORD009731,99.52,26,SELL
9761,ORD009761,ORD009731,99.52,39,SELL
9762,ORD009762,ORD009756,99.86,27,BUY
9764,ORD009764,ORD009763,99.84,41,BUY
9764,ORD009764,ORD009756,99.86,9,BUY
9765,ORD009765,ORD009756,99.86,27,BUY
9772,ORD009772,ORD009768,99.79,5,BUY
9772,ORD009772,ORD009756,99.86,8,BUY
9772,ORD009772,ORD009766,99.99,23,BUY
9773,ORD009773,ORD009766,99.99,29,BUY
9774,ORD009774,ORD009766,99.99,33,BUY
9774,ORD009774,ORD009771,100.10,40,BUY
9775,ORD009775,ORD009771,100.10,47,BUY
9775,ORD009775,ORD009767,100.99,32,BUY
9776,ORD009776,ORD009767,100.99,4,BUY
9776,ORD009776,ORD009513,101.50,7,BUY
9776,ORD009776,ORD009725,101.54,23,BUY
9780,ORD009780,ORD009770,99.54,65,SELL
9781,ORD009781,ORD009770,99.54,10,SELL
9781,ORD009781,ORD009731,99.52,16,SELL
9781,ORD009781,ORD009759,99.51,39,SELL
9783,ORD009783,ORD009759,99.51,8,SELL
9784,ORD009784,ORD009779,100.47,6,BUY
9785,ORD009785,ORD009779,100.47,75,BUY
9786,ORD009786,ORD009759,99.51,2,SELL
9786,ORD009786,ORD009713,99.00,5,SELL
9787,ORD009787,ORD009713,99.00,26,SELL
9787,ORD009787,ORD009730,98.78,42,SELL
9788,ORD009788,ORD009730,98.78,1,SELL
9791,ORD009791,ORD009790,99.63,49,SELL
9793,ORD009793,ORD009779,100.47,7,BUY
9794,ORD009794,ORD009779,100.47,7,BUY
9794,ORD009794,ORD009789,100.51,63,BUY
9795,ORD009795,ORD009790,99.63,3,SELL
9798,ORD009798,ORD009790,99.63,3,SELL
9798,ORD009798,ORD009797,99.52,13,SELL
9800,ORD009800,ORD009797,99.52,46,SELL
9802,ORD009802,ORD009800,99.51,24,BUY
9803,ORD009803,ORD009801,100.15,54,BUY
9805,ORD009805,ORD009801,100.15,14,BUY
9805,ORD009805,ORD009789,100.51,5,BUY
9805,ORD009805,ORD009778,100.57,5,BUY
9813,ORD009813,ORD009802,100.00,11,SELL
9814,ORD009814,ORD009813,99.70,30,BUY
9814,ORD009814,ORD009808,100.26,64,BUY
9815,ORD009815,ORD009808,100.26,18,BUY
9815,ORD009815,ORD009807,100.54,4,BUY
9817,ORD009817,ORD009816,99.67,50,SELL
9817,ORD009817,ORD009796,99.49,21,SELL
9817,ORD009817,ORD009806,99.26,4,SELL
9817,ORD009817,ORD009730,98.78,3,SELL
9818,ORD009818,ORD009730,98.78,15,SELL
9819,ORD009819,ORD009807,100.54,4,BUY
9819,ORD009819,ORD009778,100.57,34,BUY
9819,ORD009819,ORD009792,100.76,55,BUY
9822,ORD009822,ORD009821,100.06,2,SELL
9823,ORD009823,ORD009821,100.06,38,SELL
9824,ORD009824,ORD009821,100.06,17,SELL
9824,ORD009824,ORD009730,98.78,23,SELL
9824,ORD009824,ORD009810,98.53,37,SELL
9826,ORD009826,ORD009825,100.29,44,BUY
9827,ORD009827,ORD009810,98.53,31,SELL
9827,ORD009827,ORD009742,98.45,12,SELL
9828,ORD009828,ORD009742,98.45,23,SELL
9830,ORD009830,ORD009742,98.45,5,SELL
9830,ORD009830,ORD009700,98.44,81,SELL
9832,ORD009832,ORD009700,98.44,17,SELL
9832,ORD009832,ORD009829,98.41,50,SELL
9835,ORD009835,ORD009834,100.01,46,SELL
9836,ORD009836,ORD009834,100.01,23,SELL
9836,ORD009836,ORD009833,99.68,42,SELL
9838,ORD009838,ORD009837,100.23,12,SELL
9838,ORD009838,ORD009833,99.68,26,SELL
9838,ORD009838,ORD009829,98.41,26,SELL
9841,ORD009841,ORD009825,100.29,11,BUY
9841,ORD009841,ORD009792,100.76,13,BUY
9841,ORD009841,ORD009820,101.04,53,BUY
9841,ORD009841,ORD009725,101.54,4,BUY
9842,ORD009842,ORD009840,100.08,75,SELL
9842,ORD009842,ORD009839,98.78,19,SELL
9843,ORD009843,ORD009839,98.78,37,SELL
9848,ORD009848,ORD009845,100.14,1,SELL
9853,ORD009853,ORD009849,99.83,53,BUY
9857,ORD009857,ORD009856,99.66,16,BUY
9857,ORD009857,ORD009849,99.83,17,BUY
9859,ORD009859,ORD009849,99.83,23,BUY
9862,ORD009862,ORD009844,99.08,37,SELL
9862,ORD009862,ORD009851,98.79,4,SELL
9863,ORD009863,ORD009851,98.79,63,SELL
9864,ORD009864,ORD009851,98.79,25,SELL
9864,ORD009864,ORD009839,98.78,7,SELL
9864,ORD009864,ORD009829,98.41,16,SELL
9864,ORD009864,ORD009855,98.15,5,SELL
9866,ORD009866,ORD009855,98.15,64,SELL
9873,ORD009873,ORD009872,99.24,91,SELL
9873,ORD009873,ORD009870,98.12,9,SELL
9877,ORD009877,ORD009871,99.55,82,BUY
9880,ORD009880,ORD009874,98.77,85,SELL
9881,ORD009881,ORD009871,99.55,3,BUY
9881,ORD009881,ORD009876,99.63,61,BUY
9881,ORD009881,ORD009849,99.83,2,BUY
9881,ORD009881,ORD009848,100.12,6,BUY
9881,ORD009881,ORD009861,100.53,2,BUY
9882,ORD009882,ORD009874,98.77,2,SELL
9882,ORD009882,ORD009879,98.74,21,SELL
9884,ORD009884,ORD009861,100.53,16,BUY
9884,ORD009884,ORD009878,100.70,49,BUY
9887,ORD009887,ORD009878,100.70,46,BUY
9887,ORD009887,ORD009868,100.91,37,BUY
9888,ORD009888,ORD009868,100.91,58,BUY
9888,ORD009888,ORD009847,100.98,10,BUY
9889,ORD009889,ORD009847,100.98,32,BUY
9889,ORD009889,ORD009850,101.13,13,BUY
9896,ORD009896,ORD009850,101.13,8,BUY
9896,ORD009896,ORD009890,101.13,13,BUY
9900,ORD009900,ORD009886,100.17,8,SELL
9901,ORD009901,ORD009899,100.76,28,BUY
9901,ORD009901,ORD009890,101.13,52,BUY
9903,ORD009903,ORD009890,101.13,23,BUY
9904,ORD009904,ORD009890,101.13,11,BUY
9904,ORD009904,ORD009869,101.18,32,BUY
9906,ORD009906,ORD009902,100.33,50,SELL
9906,ORD009906,ORD009886,100.17,16,SELL
9907,ORD009907,ORD009869,101.18,10,BUY
9907,ORD009907,ORD009894,101.46,35,BUY
9907,ORD009907,ORD009725,101.54,22,BUY
9908,ORD009908,ORD009893,99.53,38,SELL
9908,ORD009908,ORD009898,99.28,41,SELL
9908,ORD009908,ORD009905,99.24,5,SELL
9910,ORD009910,ORD009905,99.24,35,SELL
9911,ORD009911,ORD009909,99.99,58,BUY
9913,ORD009913,ORD009909,99.99,15,BUY
9913,ORD009913,ORD009725,101.54,20,BUY
9913,ORD009913,ORD009542,101.55,11,BUY
9914,ORD009914,ORD009905,99.24,28,SELL
9914,ORD009914,ORD009912,99.00,9,SELL
9917,ORD009917,ORD009915,100.40,43,BUY
9917,ORD009917,ORD009542,101.55,2,BUY
9917,ORD009917,ORD009735,101.55,8,BUY
9917,ORD009917,ORD009752,101.55,14,BUY
9917,ORD009917,ORD009724,101.56,19,BUY
9920,ORD009920,ORD009918,100.32,3,BUY
9921,ORD009921,ORD009918,100.32,47,BUY
9921,ORD009921,ORD009724,101.56,21,BUY
9923,ORD009923,ORD009912,99.00,1,SELL
9925,ORD009925,ORD009912,99.00,9,SELL
9925,ORD009925,ORD009879,98.74,52,SELL
9925,ORD009925,ORD009891,98.69,18,SELL
9927,ORD009927,ORD009922,101.55,72,BUY
9929,ORD009929,ORD009928,100.31,64,SELL
9930,ORD009930,ORD009891,98.69,12,SELL
9931,ORD009931,ORD009891,98.69,34,SELL
9937,ORD009937,ORD009934,98.78,34,SELL
9938,ORD009938,ORD009934,98.78,50,SELL
9938,ORD009938,ORD009891,98.69,24,SELL
9940,ORD009940,ORD009939,99.12,30,SELL
9943,ORD009943,ORD009941,99.51,12,BUY
9944,ORD009944,ORD009939,99.12,3,SELL
9945,ORD009945,ORD009941,99.51,45,BUY
9945,ORD009945,ORD009929,99.95,2,BUY
9945,ORD009945,ORD009936,100.29,48,BUY
9951,ORD009951,ORD009939,99.12,53,SELL
9951,ORD009951,ORD009949,98.98,6,SELL
9953,ORD009953,ORD009946,99.69,53,BUY
9953,ORD009953,ORD009936,100.29,3,BUY
9956,ORD009956,ORD009936,100.29,36,BUY
9956,ORD009956,ORD009950,100.65,54,BUY
9958,ORD009958,ORD009957,100.09,49,SELL
9958,ORD009958,ORD009954,100.00,11,SELL
9959,ORD009959,ORD009947,101.49,12,BUY
9959,ORD009959,ORD009935,101.50,76,BUY
9959,ORD009959,ORD009922,101.55,12,BUY
9960,ORD009960,ORD009954,100.00,9,SELL
9960,ORD009960,ORD009952,99.19,39,SELL
9960,ORD009960,ORD009949,98.98,29,SELL
9964,ORD009964,ORD009922,101.55,2,BUY
9964,ORD009964,ORD009724,101.56,5,BUY
9965,ORD009965,ORD009724,101.56,7,BUY
9966,ORD009966,ORD009962,100.08,20,SELL
9966,ORD009966,ORD009963,100.01,49,SELL
9966,ORD009966,ORD009949,98.98,5,SELL
9967,ORD009967,ORD009724,101.56,32,BUY
9967,ORD009967,ORD009852,101.56,8,BUY
9967,ORD009967,ORD009506,101.59,45,BUY
9968,ORD009968,ORD009949,98.98,8,SELL
9968,ORD009968,ORD009955,98.74,48,SELL
9972,ORD009972,ORD009969,100.45,53,SELL
9973,ORD009973,ORD009972,100.28,8,BUY
9973,ORD009973,ORD009970,100.87,20,BUY
9975,ORD009975,ORD009970,100.87,15,BUY
9975,ORD009975,ORD009974,101.35,18,BUY
9977,ORD009977,ORD009955,98.74,7,SELL
9977,ORD009977,ORD009891,98.69,4,SELL
9977,ORD009977,ORD009883,98.62,31,SELL
9981,ORD009981,ORD009978,100.39,15,BUY
9981,ORD009981,ORD009974,101.35,51,BUY
9981,ORD009981,ORD009811,101.60,3,BUY
9986,ORD009986,ORD009811,101.60,54,BUY
9986,ORD009986,ORD009557,101.61,15,BUY
9987,ORD009987,ORD009557,101.61,50,BUY
9987,ORD009987,ORD009568,101.62,34,BUY
9988,ORD009988,ORD009568,101.62,34,BUY
9988,ORD009988,ORD009919,101.65,32,BUY
9989,ORD009989,ORD009919,101.65,17,BUY
9989,ORD009989,ORD009588,101.66,58,BUY
9990,ORD009990,ORD009588,101.66,37,BUY
9990,ORD009990,ORD009812,101.69,20,BUY
9991,ORD009991,ORD009979,100.00,28,SELL
9991,ORD009991,ORD009982,99.88,12,SELL
9992,ORD009992,ORD009982,99.88,40,SELL
9992,ORD009992,ORD009984,99.68,5,SELL
9993,ORD009993,ORD009812,101.69,48,BUY
9993,ORD009993,ORD009682,101.70,30,BUY
9996,ORD009996,ORD009994,100.74,65,BUY
9997,ORD009997,ORD009995,99.71,55,SELL
10000,ORD010000,ORD009999,100.57,60,BUY
10001,ORD010001,ORD009998,100.08,1,SELL
10002,ORD010002,ORD009998,100.08,4,SELL
10006,ORD010006,ORD009998,100.08,1,SELL
10008,ORD010008,ORD009998,100.08,34,SELL
10008,ORD010008,ORD009995,99.71,1,SELL
10008,ORD010008,ORD009984,99.68,17,SELL
10008,ORD010008,ORD009983,99.12,15,SELL
10009,ORD010009,ORD010003,100.20,76,BUY
10010,ORD010010,ORD009983,99.12,20,SELL
10013,ORD010013,ORD010003,100.20,11,BUY
10013,ORD010013,ORD009999,100.57,33,BUY
10013,ORD010013,ORD010011,100.67,3,BUY
10014,ORD010014,ORD010011,100.67,18,BUY
10015,ORD010015,ORD010012,99.47,34,SELL
10017,ORD010017,ORD010012,99.47,11,SELL
10017,ORD010017,ORD009983,99.12,19,SELL
10017,ORD010017,ORD010016,99.11,12,SELL
10018,ORD010018,ORD010011,100.67,13,BUY
10018,ORD010018,ORD009994,100.74,8,BUY
10018,ORD010018,ORD010005,100.97,2,BUY
10020,ORD010020,ORD010019,100.16,67,BUY
10021,ORD010021,ORD010019,100.16,22,BUY
10021,ORD010021,ORD010005,100.97,61,BUY
10022,ORD010022,ORD010016,99.11,36,SELL
10025,ORD010025,ORD010023,99.76,2,BUY
10028,ORD010028,ORD010016,99.11,49,SELL
10028,ORD010028,ORD009985,98.93,41,SELL
10029,ORD010029,ORD010023,99.76,62,BUY
10030,ORD010030,ORD009985,98.93,32,SELL
10030,ORD010030,ORD009883,98.62,18,SELL
10030,ORD010030,ORD010026,98.61,6,SELL
10031,ORD010031,ORD010023,99.76,16,BUY
10031,ORD010031,ORD010005,100.97,13,BUY
10032,ORD010032,ORD010005,100.97,14,BUY
10032,ORD010032,ORD010024,101.51,20,BUY
10038,ORD010038,ORD010034,99.93,21,BUY
10041,ORD010041,ORD010034,99.93,17,BUY
10041,ORD010041,ORD010037,100.94,80,BUY
10043,ORD010043,ORD010037,100.94,14,BUY
10043,ORD010043,ORD010033,101.30,6,BUY
10043,ORD010043,ORD010024,101.51,6,BUY
10047,ORD010047,ORD010042,100.48,48,SELL
10047,ORD010047,ORD010045,100.19,15,SELL
10050,ORD010050,ORD010045,100.19,24,SELL
10053,ORD010053,ORD010045,100.19,18,SELL
10053,ORD010053,ORD010052,100.17,50,SELL
10053,ORD010053,ORD010051,99.76,28,SELL
10055,ORD010055,ORD010051,99.76,21,SELL
10056,ORD010056,ORD010051,99.76,22,SELL
10059,ORD010059,ORD010048,100.97,61,BUY
10059,ORD010059,ORD010024,101.51,6,BUY
10059,ORD010059,ORD010046,101.63,5,BUY
10060,ORD010060,ORD010057,99.93,33,SELL
10060,ORD010060,ORD010051,99.76,13,SELL
10060,ORD010060,ORD010058,99.72,48,SELL
10067,ORD010067,ORD010065,100.71,48,BUY
10067,ORD010067,ORD010046,101.63,29,BUY
10069,ORD010069,ORD010058,99.72,2,SELL
10070,ORD010070,ORD010069,99.68,26,BUY
10070,ORD010070,ORD010068,100.29,5,BUY
10072,ORD010072,ORD010071,100.81,12,BUY
10072,ORD010072,ORD010046,101.63,25,BUY
10076,ORD010076,ORD010070,100.36,35,SELL
10076,ORD010076,ORD010064,99.29,64,SELL
10077,ORD010077,ORD010064,99.29,15,SELL
10078,ORD010078,ORD010046,101.63,11,BUY
10078,ORD010078,ORD009682,101.70,23,BUY
10078,ORD010078,ORD009926,101.72,50,BUY
10078,ORD010078,ORD009854,101.75,8,BUY
10082,ORD010082,ORD010079,100.03,72,BUY
10083,ORD010083,ORD010082,100.46,1,SELL
10084,ORD010084,ORD010083,100.44,16,BUY
10085,ORD010085,ORD010083,100.44,68,BUY
10086,ORD010086,ORD010064,99.29,15,SELL
10086,ORD010086,ORD010054,99.22,7,SELL
10087,ORD010087,ORD010083,100.44,7,BUY
10087,ORD010087,ORD009854,101.75,14,BUY
10090,ORD010090,ORD010088,100.60,10,BUY
10091,ORD010091,ORD010088,100.60,40,BUY
10091,ORD010091,ORD009854,101.75,51,BUY
10091,ORD010091,ORD009860,101.77,6,BUY
10093,ORD010093,ORD009860,101.77,27,BUY
10093,ORD010093,ORD009662,101.78,14,BUY
10095,ORD010095,ORD009662,101.78,4,BUY
10096,ORD010096,ORD009662,101.78,17,BUY
10098,ORD010098,ORD010094,99.33,6,SELL
10101,ORD010101,ORD010100,101.60,82,BUY
10103,ORD010103,ORD010100,101.60,15,BUY
10103,ORD010103,ORD009662,101.78,46,BUY
10103,ORD010103,ORD009769,101.79,12,BUY
10105,ORD010105,ORD010094,99.33,50,SELL
10107,ORD010107,ORD010094,99.33,23,SELL
10107,ORD010107,ORD010054,99.22,58,SELL
10108,ORD010108,ORD010054,99.22,33,SELL
10108,ORD010108,ORD010040,98.92,59,SELL
10109,ORD010109,ORD009769,101.79,27,BUY
10110,ORD010110,ORD010040,98.92,10,SELL
10110,ORD010110,ORD010075,98.83,17,SELL
10112,ORD010112,ORD009769,101.79,10,BUY
10112,ORD010112,ORD009804,101.79,59,BUY
10112,ORD010112,ORD009875,101.79,5,BUY
10113,ORD010113,ORD009875,101.79,5,BUY
10117,ORD010117,ORD010114,101.53,12,BUY
10118,ORD010118,ORD010114,101.53,32,BUY
10118,ORD010118,ORD009875,101.79,49,BUY
10119,ORD010119,ORD010116,100.34,20,SELL
10119,ORD010119,ORD010111,99.78,11,SELL
10121,ORD010121,ORD010111,99.78,26,SELL
10124,ORD010124,ORD010122,100.18,3,SELL
10124,ORD010124,ORD010111,99.78,3,SELL
10125,ORD010125,ORD010111,99.78,14,SELL
10125,ORD010125,ORD010075,98.83,17,SELL
10126,ORD010126,ORD010075,98.83,1,SELL
10127,ORD010127,ORD009875,101.79,30,BUY
10127,ORD010127,ORD010039,101.88,3,BUY
10129,ORD010129,ORD010075,98.83,37,SELL
10129,ORD010129,ORD010104,98.78,10,SELL
10129,ORD010129,ORD010123,98.75,49,SELL
10130,ORD010130,ORD010128,100.40,65,BUY
10131,ORD010131,ORD010128,100.40,22,BUY
10137,ORD010137,ORD010136,99.58,44,BUY
10137,ORD010137,ORD010128,100.40,5,BUY
10137,ORD010137,ORD010039,101.88,11,BUY
10145,ORD010145,ORD010139,99.68,66,SELL
10145,ORD010145,ORD010133,99.37,31,SELL
10146,ORD010146,ORD010133,99.37,19,SELL
10147,ORD010147,ORD010133,99.37,28,SELL
10147,ORD010147,ORD010144,98.96,47,SELL
10148,ORD010148,ORD010144,98.96,9,SELL
10150,ORD010150,ORD010142,99.91,19,BUY
10150,ORD010150,ORD010138,100.20,13,BUY
10150,ORD010150,ORD010149,100.39,48,BUY
10152,ORD010152,ORD010144,98.96,31,SELL
10152,ORD010152,ORD010123,98.75,2,SELL
10154,ORD010154,ORD010151,100.38,61,BUY
10154,ORD010154,ORD010149,100.39,18,BUY
10157,ORD010157,ORD010061,98.66,10,SELL
10157,ORD010157,ORD010026,98.61,10,SELL
10158,ORD010158,ORD010026,98.61,38,SELL
10160,ORD010160,ORD010026,98.61,6,SELL
10160,ORD010160,ORD010066,98.61,20,SELL
10161,ORD010161,ORD010149,100.39,6,BUY
10161,ORD010161,ORD010153,100.98,27,BUY
10161,ORD010161,ORD010140,101.33,63,BUY
10162,ORD010162,ORD010066,98.61,24,SELL
10163,ORD010163,ORD010066,98.61,9,SELL
10170,ORD010170,ORD010166,99.11,36,SELL
10171,ORD010171,ORD010166,99.11,43,SELL
10171,ORD010171,ORD010168,99.06,17,SELL
10172,ORD010172,ORD010168,99.06,43,SELL
10174,ORD010174,ORD010168,99.06,25,SELL
10174,ORD010174,ORD010066,98.61,31,SELL
10174,ORD010174,ORD009948,98.59,1,SELL
10174,ORD010174,ORD009976,98.59,17,SELL
10175,ORD010175,ORD010173,99.64,2,BUY
10178,ORD010178,ORD010173,99.64,43,BUY
10179,ORD010179,ORD010173,99.64,43,BUY
10179,ORD010179,ORD010164,99.74,32,BUY
10179,ORD010179,ORD010177,99.77,12,BUY
10180,ORD010180,ORD009976,98.59,73,SELL
10183,ORD010183,ORD010177,99.77,6,BUY
10184,ORD010184,ORD010181,99.41,56,SELL
10186,ORD010186,ORD010181,99.41,12,SELL
10186,ORD010186,ORD010185,99.35,7,SELL
10186,ORD010186,ORD009976,98.59,10,SELL
10186,ORD010186,ORD010081,98.58,39,SELL
10186,ORD010186,ORD009924,98.57,27,SELL
10187,ORD010187,ORD009924,98.57,52,SELL
10192,ORD010192,ORD010188,99.62,56,SELL
10194,ORD010194,ORD010188,99.62,39,SELL
10194,ORD010194,ORD010193,98.62,44,SELL
10195,ORD010195,ORD010177,99.77,13,BUY
10195,ORD010195,ORD010169,99.84,8,BUY
10196,ORD010196,ORD010195,100.31,20,SELL
10196,ORD010196,ORD010193,98.62,15,SELL
10196,ORD010196,ORD009924,98.57,5,SELL
10196,ORD010196,ORD010120,98.56,15,SELL
10198,ORD010198,ORD010165,100.38,61,BUY
10200,ORD010200,ORD010165,100.38,10,BUY
10202,ORD010202,ORD010199,100.72,3,BUY
10204,ORD010204,ORD010200,100.47,32,SELL
10204,ORD010204,ORD010120,98.56,52,SELL
10204,ORD010204,ORD009895,98.52,5,SELL
10205,ORD010205,ORD009895,98.52,46,SELL
10207,ORD010207,ORD010206,99.18,1,SELL
10207,ORD010207,ORD009895,98.52,30,SELL
10208,ORD010208,ORD010199,100.72,3,BUY
10208,ORD010208,ORD010197,100.91,24,BUY
10208,ORD010208,ORD010140,101.33,24,BUY
10208,ORD010208,ORD010141,101.36,43,BUY
10209,ORD010209,ORD009895,98.52,6,SELL
10212,ORD010212,ORD010211,100.70,9,BUY
10213,ORD010213,ORD010210,98.66,22,SELL
10216,ORD010216,ORD010211,100.70,7,BUY
10216,ORD010216,ORD010141,101.36,35,BUY
10219,ORD010219,ORD010218,99.28,42,SELL
10219,ORD010219,ORD010210,98.66,15,SELL
10219,ORD010219,ORD009895,98.52,2,SELL
10219,ORD010219,ORD010073,98.51,2,SELL
10220,ORD010220,ORD010217,100.63,25,BUY
10220,ORD010220,ORD010141,101.36,4,BUY
10220,ORD010220,ORD010215,101.38,54,BUY
10221,ORD010221,ORD010073,98.51,25,SELL
10223,ORD010223,ORD010073,98.51,25,SELL
10223,ORD010223,ORD010036,98.47,70,SELL
10224,ORD010224,ORD010215,101.38,40,BUY
10224,ORD010224,ORD010191,101.40,16,BUY
10229,ORD010229,ORD010036,98.47,25,SELL
10229,ORD010229,ORD009897,98.46,2,SELL
10230,ORD010230,ORD009897,98.46,38,SELL
10230,ORD010230,ORD009942,98.39,12,SELL
10230,ORD010230,ORD010063,98.38,19,SELL
10230,ORD010230,ORD009971,98.37,1,SELL
10233,ORD010233,ORD010231,99.70,40,BUY
10234,ORD010234,ORD010231,99.70,33,BUY
10234,ORD010234,ORD010228,99.96,50,BUY
10235,ORD010235,ORD010228,99.96,15,BUY
10236,ORD010236,ORD010232,98.47,18,SELL
10236,ORD010236,ORD009971,98.37,35,SELL
10238,ORD010238,ORD010228,99.96,3,BUY
10238,ORD010238,ORD010226,100.77,27,BUY
10241,ORD010241,ORD010226,100.77,53,BUY
10241,ORD010241,ORD010191,101.40,12,BUY
10243,ORD010243,ORD010240,98.91,27,SELL
10243,ORD010243,ORD010237,98.49,4,SELL
10244,ORD010244,ORD010237,98.49,85,SELL
10244,ORD010244,ORD009971,98.37,8,SELL
10245,ORD010245,ORD009971,98.37,20,SELL
10249,ORD010249,ORD010246,99.54,21,BUY
10249,ORD010249,ORD010247,99.68,44,BUY
10249,ORD010249,ORD010191,101.40,17,BUY
10252,ORD010252,ORD010250,100.92,74,BUY
10253,ORD010253,ORD010251,99.98,58,SELL
10253,ORD010253,ORD010248,99.04,42,SELL
10254,ORD010254,ORD010250,100.92,23,BUY
10254,ORD010254,ORD010203,101.64,20,BUY
10254,ORD010254,ORD010239,101.72,21,BUY
10254,ORD010254,ORD010167,101.76,4,BUY
10254,ORD010254,ORD010143,101.86,32,BUY
10255,ORD010255,ORD010248,99.04,27,SELL
10255,ORD010255,ORD009971,98.37,2,SELL
10255,ORD010255,ORD010027,98.37,10,SELL
10256,ORD010256,ORD010027,98.37,82,SELL
10256,ORD010256,ORD009932,98.33,5,SELL
10259,ORD010259,ORD010257,101.18,74,BUY
10260,ORD010260,ORD010258,100.04,11,SELL
10262,ORD010262,ORD010258,100.04,21,SELL
10264,ORD010264,ORD010257,101.18,26,BUY
10264,ORD010264,ORD010143,101.86,31,BUY
10264,ORD010264,ORD010039,101.88,1,BUY
10265,ORD010265,ORD010258,100.04,18,SELL
10265,ORD010265,ORD010261,99.40,1,SELL
10265,ORD010265,ORD009932,98.33,9,SELL
10270,ORD010270,ORD010266,100.70,29,BUY
10270,ORD010270,ORD010039,101.88,44,BUY
10271,ORD010271,ORD010039,101.88,34,BUY
10271,ORD010271,ORD009885,101.90,61,BUY
10271,ORD010271,ORD009717,101.92,4,BUY
10273,ORD010273,ORD010269,99.63,43,SELL
10273,ORD010273,ORD010272,99.48,33,SELL
10273,ORD010273,ORD010267,99.15,15,SELL
10274,ORD010274,ORD009717,101.92,48,BUY
10276,ORD010276,ORD010275,99.27,46,SELL
10276,ORD010276,ORD010267,99.15,38,SELL
10276,ORD010276,ORD009932,98.33,8,SELL
10278,ORD010278,ORD010277,101.22,36,BUY
10278,ORD010278,ORD009717,101.92,18,BUY
10278,ORD010278,ORD009728,101.92,15,BUY
10279,ORD010279,ORD009728,101.92,16,BUY
10279,ORD010279,ORD010201,101.94,24,BUY
10280,ORD010280,ORD010201,101.94,10,BUY
10280,ORD010280,ORD009664,101.95,64,BUY
10280,ORD010280,ORD009749,101.95,6,BUY
10281,ORD010281,ORD009932,98.33,17,SELL
10282,ORD010282,ORD009932,98.33,45,SELL
10283,ORD010283,ORD009932,98.33,1,SELL
10283,ORD010283,ORD010176,98.30,7,SELL
10287,ORD010287,ORD010285,99.90,21,SELL
10288,ORD010288,ORD010284,99.93,43,BUY
10288,ORD010288,ORD009749,101.95,23,BUY
10289,ORD010289,ORD009749,101.95,16,BUY
10289,ORD010289,ORD010044,101.97,28,BUY
10291,ORD010291,ORD010285,99.90,16,SELL
10295,ORD010295,ORD010285,99.90,56,SELL
10295,ORD010295,ORD010293,99.48,1,SELL
10295,ORD010295,ORD010294,98.52,11,SELL
10295,ORD010295,ORD010176,98.30,12,SELL
10295,ORD010295,ORD010156,98.29,7,SELL
10297,ORD010297,ORD010156,98.29,47,SELL
10298,ORD010298,ORD010156,98.29,37,SELL
10298,ORD010298,ORD009980,98.22,12,SELL
10299,ORD010299,ORD010296,99.95,6,BUY
10302,ORD010302,ORD010299,100.43,74,SELL
10305,ORD010305,ORD010299,100.43,8,SELL
10305,ORD010305,ORD010303,100.32,15,SELL
10305,ORD010305,ORD010304,98.48,11,SELL
10305,ORD010305,ORD009980,98.22,30,SELL
10305,ORD010305,ORD010097,98.22,25,SELL
10309,ORD010309,ORD010307,98.73,3,SELL
10310,ORD010310,ORD010306,100.44,24,BUY
10311,ORD010311,ORD010307,98.73,27,SELL
10311,ORD010311,ORD010097,98.22,41,SELL
10315,ORD010315,ORD010314,99.89,67,SELL
10315,ORD010315,ORD010097,98.22,7,SELL
10315,ORD010315,ORD010242,98.22,8,SELL
10318,ORD010318,ORD010242,98.22,43,SELL
10318,ORD010318,ORD009916,98.18,30,SELL
10322,ORD010322,ORD010317,100.15,14,BUY
10322,ORD010322,ORD010306,100.44,36,BUY
10322,ORD010322,ORD010301,100.70,42,BUY
10324,ORD010324,ORD010320,99.50,89,SELL
10324,ORD010324,ORD009916,98.18,8,SELL
10326,ORD010326,ORD009916,98.18,45,SELL
10326,ORD010326,ORD010080,98.18,23,SELL
10328,ORD010328,ORD010301,100.70,25,BUY
10328,ORD010328,ORD010313,100.87,6,BUY
10329,ORD010329,ORD010080,98.18,49,SELL
10332,ORD010332,ORD010313,100.87,76,BUY
10333,ORD010333,ORD010331,98.33,58,SELL
10338,ORD010338,ORD010336,100.01,50,BUY
10341,ORD010341,ORD010331,98.33,11,SELL
10342,ORD010342,ORD010331,98.33,8,SELL
10342,ORD010342,ORD010080,98.18,4,SELL
10342,ORD010342,ORD010321,98.18,21,SELL
10342,ORD010342,ORD010325,98.14,56,SELL
10343,ORD010343,ORD010340,99.52,37,BUY
10345,ORD010345,ORD010340,99.52,47,BUY
10347,ORD010347,ORD010325,98.14,27,SELL
10347,ORD010347,ORD009870,98.12,4,SELL
10347,ORD010347,ORD010106,98.09,53,SELL
10348,ORD010348,ORD010106,98.09,7,SELL
10348,ORD010348,ORD010190,98.09,1,SELL
10351,ORD010351,ORD010340,99.52,15,BUY
10351,ORD010351,ORD010336,100.01,38,BUY
10353,ORD010353,ORD010349,98.61,1,SELL
10354,ORD010354,ORD010349,98.61,14,SELL
10358,ORD010358,ORD010336,100.01,7,BUY
10358,ORD010358,ORD010350,100.10,55,BUY
10360,ORD010360,ORD010355,99.50,23,SELL
10360,ORD010360,ORD010349,98.61,1,SELL
10360,ORD010360,ORD010359,98.45,6,SELL
10361,ORD010361,ORD010359,98.45,47,SELL
10361,ORD010361,ORD010190,98.09,22,SELL
10363,ORD010363,ORD010362,98.36,53,SELL
10363,ORD010363,ORD010190,98.09,23,SELL
10363,ORD010363,ORD010334,98.08,3,SELL
10364,ORD010364,ORD010334,98.08,36,SELL
10365,ORD010365,ORD010334,98.08,39,SELL
10365,ORD010365,ORD010115,98.07,2,SELL
10366,ORD010366,ORD010115,98.07,32,SELL
10367,ORD010367,ORD010115,98.07,17,SELL
10368,ORD010368,ORD009892,98.05,7,SELL
10373,ORD010373,ORD010370,99.91,2,BUY
10373,ORD010373,ORD010350,100.10,9,BUY
10374,ORD010374,ORD010350,100.10,6,BUY
10374,ORD010374,ORD010344,100.15,35,BUY
10375,ORD010375,ORD010369,99.75,35,SELL
10380,ORD010380,ORD010369,99.75,33,SELL
10380,ORD010380,ORD010376,99.59,38,SELL
10381,ORD010381,ORD010376,99.59,4,SELL
10381,ORD010381,ORD010371,98.89,45,SELL
10382,ORD010382,ORD010377,99.86,55,BUY
10384,ORD010384,ORD010382,100.10,37,SELL
10384,ORD010384,ORD010371,98.89,5,SELL
10384,ORD010384,ORD010383,98.70,2,SELL
10384,ORD010384,ORD010379,98.57,40,SELL
10386,ORD010386,ORD010344,100.15,1,BUY
10386,ORD010386,ORD010357,100.26,81,BUY
10388,ORD010388,ORD010357,100.26,6,BUY
10388,ORD010388,ORD010372,100.50,55,BUY
10388,ORD010388,ORD010337,100.62,24,BUY
10394,ORD010394,ORD010391,100.36,92,SELL
10395,ORD010395,ORD010391,100.36,5,SELL
10395,ORD010395,ORD010389,99.35,64,SELL
10400,ORD010400,ORD010389,99.35,31,SELL
10400,ORD010400,ORD010392,99.28,59,SELL
10403,ORD010403,ORD010402,100.54,3,BUY
10404,ORD010404,ORD010392,99.28,19,SELL
10404,ORD010404,ORD010397,98.62,61,SELL
10406,ORD010406,ORD010397,98.62,1,SELL
10408,ORD010408,ORD010397,98.62,3,SELL
10408,ORD010408,ORD010379,98.57,3,SELL
10408,ORD010408,ORD010378,98.44,58,SELL
10408,ORD010408,ORD010401,98.13,34,SELL
10411,ORD010411,ORD010410,99.83,27,SELL
10412,ORD010412,ORD010411,99.62,34,BUY
10412,ORD010412,ORD010407,100.45,10,BUY
10415,ORD010415,ORD010407,100.45,20,BUY
10415,ORD010415,ORD010402,100.54,23,BUY
10420,ORD010420,ORD010402,100.54,19,BUY
10420,ORD010420,ORD010390,100.59,39,BUY
10420,ORD010420,ORD010418,100.61,30,BUY
10425,ORD010425,ORD010414,99.87,21,SELL
10425,ORD010425,ORD010419,99.51,61,SELL
10429,ORD010429,ORD010428,100.28,58,SELL
10431,ORD010431,ORD010418,100.61,59,BUY
10431,ORD010431,ORD010337,100.62,26,BUY
10432,ORD010432,ORD010337,100.62,24,BUY
10432,ORD010432,ORD010356,100.63,51,BUY
10435,ORD010435,ORD010433,100.02,3,BUY
10435,ORD010435,ORD010434,100.13,36,BUY
10438,ORD010438,ORD010434,100.13,24,BUY
10442,ORD010442,ORD010426,99.88,44,SELL
10442,ORD010442,ORD010427,99.70,10,SELL
10444,ORD010444,ORD010434,100.13,4,BUY
10444,ORD010444,ORD010356,100.63,28,BUY
10444,ORD010444,ORD010405,100.64,22,BUY
10446,ORD010446,ORD010405,100.64,1,BUY
10447,ORD010447,ORD010427,99.70,39,SELL
10447,ORD010447,ORD010440,99.55,29,SELL
10448,ORD010448,ORD010405,100.64,59,BUY
10448,ORD010448,ORD010399,100.66,14,BUY
10452,ORD010452,ORD010399,100.66,21,BUY
10452,ORD010452,ORD010346,100.70,42,BUY
10454,ORD010454,ORD010440,99.55,5,SELL
10455,ORD010455,ORD010440,99.55,47,SELL
10455,ORD010455,ORD010419,99.51,12,SELL
10456,ORD010456,ORD010346,100.70,11,BUY
10456,ORD010456,ORD010339,100.80,48,BUY
10457,ORD010457,ORD010339,100.80,16,BUY
10458,ORD010458,ORD010339,100.80,1,BUY
10458,ORD010458,ORD010313,100.87,11,BUY
10458,ORD010458,ORD010421,100.87,9,BUY
10463,ORD010463,ORD010460,99.64,3,SELL
10464,ORD010464,ORD010461,100.18,60,BUY
10467,ORD010467,ORD010461,100.18,22,BUY
10468,ORD010468,ORD010467,100.35,28,SELL
10469,ORD010469,ORD010462,100.85,28,BUY
10470,ORD010470,ORD010462,100.85,20,BUY
10470,ORD010470,ORD010421,100.87,59,BUY
10471,ORD010471,ORD010312,100.97,56,BUY
10471,ORD010471,ORD010323,100.99,4,BUY
10472,ORD010472,ORD010323,100.99,2,BUY
10472,ORD010472,ORD010327,101.12,48,BUY
10472,ORD010472,ORD010396,101.12,1,BUY
10473,ORD010473,ORD010467,100.35,18,SELL
10473,ORD010473,ORD010460,99.64,16,SELL
10476,ORD010476,ORD010396,101.12,19,BUY
10477,ORD010477,ORD010396,101.12,44,BUY
10477,ORD010477,ORD010330,101.14,1,BUY
10478,ORD010478,ORD010330,101.14,23,BUY
10482,ORD010482,ORD010330,101.14,59,BUY
10482,ORD010482,ORD010385,101.17,40,BUY
10483,ORD010483,ORD010385,101.17,42,BUY
10483,ORD010483,ORD010450,101.28,35,BUY
10483,ORD010483,ORD010465,101.38,13,BUY
10484,ORD010484,ORD010465,101.38,23,BUY
10484,ORD010484,ORD010300,101.39,18,BUY
10485,ORD010485,ORD010479,100.16,13,SELL
10490,ORD010490,ORD010300,101.39,26,BUY
10490,ORD010490,ORD010436,101.45,2,BUY
10490,ORD010490,ORD010393,101.57,28,BUY
10490,ORD010490,ORD010398,101.62,32,BUY
10490,ORD010490,ORD010319,101.66,10,BUY
10492,ORD010492,ORD010479,100.16,57,SELL
10492,ORD010492,ORD010487,100.13,38,SELL
10493,ORD010493,ORD010319,101.66,11,BUY
10493,ORD010493,ORD010387,101.74,20,BUY
10494,ORD010494,ORD010487,100.13,21,SELL
10494,ORD010494,ORD010474,99.94,52,SELL
10495,ORD010495,ORD010474,99.94,4,SELL
10495,ORD010495,ORD010480,99.87,20,SELL
10496,ORD010496,ORD010480,99.87,14,SELL
10496,ORD010496,ORD010481,99.73,35,SELL
10498,ORD010498,ORD010481,99.73,57,SELL
10498,ORD010498,ORD010460,99.64,24,SELL
10499,ORD010499,ORD010497,101.53,21,BUY
10504,ORD010504,ORD010497,101.53,8,BUY
10505,ORD010505,ORD010503,100.36,92,SELL
10508,ORD010508,ORD010503,100.36,2,SELL
10508,ORD010508,ORD010500,99.85,4,SELL
10508,ORD010508,ORD010460,99.64,11,SELL
10509,ORD010509,ORD010507,101.07,30,BUY
10509,ORD010509,ORD010502,101.53,41,BUY
10510,ORD010510,ORD010502,101.53,4,BUY
10510,ORD010510,ORD010387,101.74,17,BUY
10510,ORD010510,ORD010488,101.78,17,BUY
10510,ORD010510,ORD010335,101.81,52,BUY
10511,ORD010511,ORD010460,99.64,5,SELL
10511,ORD010511,ORD010419,99.51,20,SELL
10514,ORD010514,ORD010335,101.81,17,BUY
10514,ORD010514,ORD010416,101.85,25,BUY
10516,ORD010516,ORD010416,101.85,19,BUY
10517,ORD010517,ORD010515,100.33,55,SELL
10518,ORD010518,ORD010416,101.85,49,BUY
10518,ORD010518,ORD010308,101.94,20,BUY
10519,ORD010519,ORD010515,100.33,9,SELL
10519,ORD010519,ORD010419,99.51,6,SELL
10519,ORD010519,ORD010437,99.44,11,SELL
10519,ORD010519,ORD010422,99.41,54,SELL
10520,ORD010520,ORD010422,99.41,8,SELL
10520,ORD010520,ORD010424,99.41,47,SELL
10520,ORD010520,ORD010430,99.38,5,SELL
10520,ORD010520,ORD010423,99.30,2,SELL
10520,ORD010520,ORD010486,99.29,1,SELL
10520,ORD010520,ORD010449,99.23,9,SELL
10520,ORD010520,ORD010439,99.22,6,SELL
10521,ORD010521,ORD010308,101.94,23,BUY
10522,ORD010522,ORD010439,99.22,18,SELL
10522,ORD010522,ORD010443,99.22,74,SELL
10522,ORD010522,ORD010489,99.21,1,SELL
10525,ORD010525,ORD010489,99.21,62,SELL
10528,ORD010528,ORD010489,99.21,21,SELL
10528,ORD010528,ORD010506,98.90,31,SELL
10530,ORD010530,ORD010506,98.90,52,SELL
10530,ORD010530,ORD010501,98.88,8,SELL
10533,ORD010533,ORD010532,100.33,48,BUY
10534,ORD010534,ORD010532,100.33,50,BUY
10535,ORD010535,ORD010501,98.88,75,SELL
10535,ORD010535,ORD010524,98.87,8,SELL
10536,ORD010536,ORD010524,98.87,3,SELL
10537,ORD010537,ORD010524,98.87,43,SELL
10540,ORD010540,ORD010539,99.79,56,BUY
10543,ORD010543,ORD010524,98.87,14,SELL
10543,ORD010543,ORD010523,98.84,54,SELL
10543,ORD010543,ORD010417,98.75,29,SELL
10544,ORD010544,ORD010539,99.79,2,BUY
10546,ORD010546,ORD010417,98.75,14,SELL
10547,ORD010547,ORD010539,99.79,12,BUY
10547,ORD010547,ORD010545,100.27,63,BUY
10547,ORD010547,ORD010542,101.09,17,BUY
10554,ORD010554,ORD010550,100.07,65,SELL
10554,ORD010554,ORD010551,98.78,13,SELL
10556,ORD010556,ORD010551,98.78,20,SELL
10556,ORD010556,ORD010417,98.75,21,SELL
10556,ORD010556,ORD010453,98.75,32,SELL
10557,ORD010557,ORD010453,98.75,63,SELL
10557,ORD010557,ORD010409,98.64,3,SELL
10557,ORD010557,ORD010459,98.64,2,SELL
10561,ORD010561,ORD010560,98.65,13,SELL
10561,ORD010561,ORD010459,98.64,78,SELL
10561,ORD010561,ORD010413,98.60,5,SELL
10565,ORD010565,ORD010564,100.32,23,SELL
10568,ORD010568,ORD010549,100.92,32,BUY
10572,ORD010572,ORD010570,100.87,51,BUY
10572,ORD010572,ORD010549,100.92,46,BUY
10573,ORD010573,ORD010549,100.92,7,BUY
10573,ORD010573,ORD010553,101.24,1,BUY
10575,ORD010575,ORD010553,101.24,41,BUY
10575,ORD010575,ORD010571,101.46,50,BUY
10577,ORD010577,ORD010576,100.48,15,BUY
10577,ORD010577,ORD010571,101.46,34,BUY
10583,ORD010583,ORD010564,100.32,8,SELL
10583,ORD010583,ORD010580,99.74,40,SELL
10583,ORD010583,ORD010563,99.60,27,SELL
10585,ORD010585,ORD010584,100.17,19,BUY
10588,ORD010588,ORD010563,99.60,28,SELL
10591,ORD010591,ORD010563,99.60,3,SELL
10593,ORD010593,ORD010587,99.87,66,BUY
10593,ORD010593,ORD010584,100.17,13,BUY
10594,ORD010594,ORD010563,99.60,14,SELL
10594,ORD010594,ORD010566,99.39,28,SELL
10596,ORD010596,ORD010584,100.17,10,BUY
10601,ORD010601,ORD010597,99.41,70,SELL
10603,ORD010603,ORD010599,100.71,3,BUY
10604,ORD010604,ORD010597,99.41,9,SELL
10604,ORD010604,ORD010566,99.39,18,SELL
10605,ORD010605,ORD010566,99.39,1,SELL
10605,ORD010605,ORD010574,99.06,87,SELL
10606,ORD010606,ORD010599,100.71,73,BUY
10606,ORD010606,ORD010598,100.78,17,BUY
10608,ORD010608,ORD010598,100.78,27,BUY
10608,ORD010608,ORD010607,101.26,17,BUY
10609,ORD010609,ORD010607,101.26,28,BUY
10610,ORD010610,ORD010607,101.26,24,BUY
10612,ORD010612,ORD010574,99.06,8,SELL
10612,ORD010612,ORD010581,99.02,43,SELL
10612,ORD010612,ORD010586,98.90,38,SELL
10619,ORD010619,ORD010617,99.33,43,SELL
10619,ORD010619,ORD010586,98.90,30,SELL
10619,ORD010619,ORD010562,98.61,10,SELL
10621,ORD010621,ORD010615,100.68,2,BUY
10624,ORD010624,ORD010620,100.05,58,SELL
10625,ORD010625,ORD010620,100.05,42,SELL
10625,ORD010625,ORD010562,98.61,1,SELL
10629,ORD010629,ORD010562,98.61,43,SELL
10629,ORD010629,ORD010413,98.60,23,SELL
10630,ORD010630,ORD010622,100.64,7,BUY
10631,ORD010631,ORD010413,98.60,7,SELL
10631,ORD010631,ORD010513,98.54,26,SELL
10631,ORD010631,ORD010475,98.53,18,SELL
10631,ORD010631,ORD010595,98.47,32,SELL
10632,ORD010632,ORD010622,100.64,21,BUY
10632,ORD010632,ORD010615,100.68,36,BUY
10633,ORD010633,ORD010595,98.47,34,SELL
10634,ORD010634,ORD010595,98.47,1,SELL
10636,ORD010636,ORD010635,98.78,5,SELL
10636,ORD010636,ORD010595,98.47,10,SELL
10636,ORD010636,ORD010600,98.44,11,SELL
10640,ORD010640,ORD010638,99.62,26,SELL
10640,ORD010640,ORD010600,98.44,13,SELL
10640,ORD010640,ORD010552,98.34,35,SELL
10646,ORD010646,ORD010637,100.34,14,BUY
10646,ORD010646,ORD010639,100.41,20,BUY
10651,ORD010651,ORD010643,100.15,92,SELL
10651,ORD010651,ORD010642,99.54,2,SELL
10653,ORD010653,ORD010642,99.54,9,SELL
10655,ORD010655,ORD010642,99.54,9,SELL
10656,ORD010656,ORD010642,99.54,40,SELL
10656,ORD010656,ORD010650,99.32,1,SELL
10657,ORD010657,ORD010650,99.32,18,SELL
10659,ORD010659,ORD010650,99.32,42,SELL
10662,ORD010662,ORD010647,100.18,33,BUY
10662,ORD010662,ORD010639,100.41,7,BUY
10663,ORD010663,ORD010639,100.41,42,BUY
10664,ORD010664,ORD010639,100.41,10,BUY
10664,ORD010664,ORD010661,100.63,27,BUY
10664,ORD010664,ORD010644,100.65,11,BUY
10666,ORD010666,ORD010650,99.32,1,SELL
10666,ORD010666,ORD010649,99.04,13,SELL
10669,ORD010669,ORD010667,99.16,64,SELL
10670,ORD010670,ORD010644,100.65,14,BUY
10670,ORD010670,ORD010615,100.68,25,BUY
10670,ORD010670,ORD010616,100.71,21,BUY
10671,ORD010671,ORD010616,100.71,38,BUY
10671,ORD010671,ORD010628,100.75,58,BUY
10672,ORD010672,ORD010667,99.16,35,SELL
10672,ORD010672,ORD010649,99.04,38,SELL
10672,ORD010672,ORD010660,99.04,8,SELL
10673,ORD010673,ORD010660,99.04,4,SELL
10673,ORD010673,ORD010648,98.76,34,SELL
10674,ORD010674,ORD010628,100.75,10,BUY
10674,ORD010674,ORD010658,101.05,44,BUY
10676,ORD010676,ORD010658,101.05,25,BUY
10676,ORD010676,ORD010611,101.20,1,BUY
10676,ORD010676,ORD010607,101.26,2,BUY
10676,ORD010676,ORD010654,101.34,19,BUY
10678,ORD010678,ORD010677,99.60,22,SELL
10679,ORD010679,ORD010654,101.34,63,BUY
10679,ORD010679,ORD010623,101.44,30,BUY
10681,ORD010681,ORD010623,101.44,67,BUY
10681,ORD010681,ORD010614,101.45,7,BUY
10681,ORD010681,ORD010626,101.69,10,BUY
10684,ORD010684,ORD010683,99.92,7,BUY
10684,ORD010684,ORD010682,100.41,34,BUY
10685,ORD010685,ORD010684,100.48,2,SELL
10685,ORD010685,ORD010677,99.60,20,SELL
10689,ORD010689,ORD010626,101.69,37,BUY
10689,ORD010689,ORD010686,101.83,31,BUY
10689,ORD010689,ORD010680,101.89,14,BUY
10690,ORD010690,ORD010677,99.60,34,SELL
10690,ORD010690,ORD010688,99.53,1,SELL
10690,ORD010690,ORD010648,98.76,28,SELL
10692,ORD010692,ORD010680,101.89,16,BUY
10692,ORD010692,ORD010645,101.93,31,BUY
10693,ORD010693,ORD010668,98.71,17,SELL
10693,ORD010693,ORD010641,98.62,31,SELL
10695,ORD010695,ORD010641,98.62,50,SELL
10696,ORD010696,ORD010645,101.93,45,BUY
10698,ORD010698,ORD010697,100.02,26,BUY
10698,ORD010698,ORD010602,101.97,8,BUY
10700,ORD010700,ORD010641,98.62,2,SELL
10700,ORD010700,ORD010652,98.47,46,SELL
10702,ORD010702,ORD010699,99.50,87,BUY
10706,ORD010706,ORD010703,100.79,24,BUY
10710,ORD010710,ORD010709,100.17,32,SELL
10711,ORD010711,ORD010703,100.79,11,BUY
10716,ORD010716,ORD010712,100.46,19,SELL
10716,ORD010716,ORD010709,100.17,15,SELL
10717,ORD010717,ORD010703,100.79,31,BUY
10719,ORD010719,ORD010703,100.79,13,BUY
10721,ORD010721,ORD010703,100.79,19,BUY
10721,ORD010721,ORD010720,101.01,12,BUY
10724,ORD010724,ORD010723,100.43,15,SELL
10724,ORD010724,ORD010709,100.17,8,SELL
10725,ORD010725,ORD010704,98.81,51,SELL
10725,ORD010725,ORD010652,98.47,12,SELL
10726,ORD010726,ORD010652,98.47,22,SELL
10726,ORD010726,ORD010665,98.45,45,SELL
10726,ORD010726,ORD010694,98.38,32,SELL
10727,ORD010727,ORD010694,98.38,2,SELL
10727,ORD010727,ORD010552,98.34,26,SELL
10727,ORD010727,ORD010715,98.33,19,SELL
10731,ORD010731,ORD010724,99.96,13,BUY
10731,ORD010731,ORD010720,101.01,4,BUY
10733,ORD010733,ORD010720,101.01,54,BUY
10733,ORD010733,ORD010722,101.29,9,BUY
10734,ORD010734,ORD010722,101.29,21,BUY
10734,ORD010734,ORD010705,101.37,55,BUY
10737,ORD010737,ORD010732,99.80,43,SELL
10737,ORD010737,ORD010715,98.33,18,SELL
10737,ORD010737,ORD010531,98.32,4,SELL
10738,ORD010738,ORD010531,98.32,48,SELL
10738,ORD010738,ORD010567,98.30,29,SELL
10739,ORD010739,ORD010736,99.99,29,BUY
10740,ORD010740,ORD010736,99.99,42,BUY
10741,ORD010741,ORD010736,99.99,22,BUY
10741,ORD010741,ORD010735,101.17,55,BUY
10742,ORD010742,ORD010567,98.30,39,SELL
10742,ORD010742,ORD010445,98.27,49,SELL
10745,ORD010745,ORD010735,101.17,19,BUY
10745,ORD010745,ORD010705,101.37,2,BUY
10746,ORD010746,ORD010705,101.37,35,BUY
10746,ORD010746,ORD010714,101.79,13,BUY
10750,ORD010750,ORD010714,101.79,59,BUY
10752,ORD010752,ORD010751,101.65,67,BUY
10753,ORD010753,ORD010747,100.06,73,SELL
10753,ORD010753,ORD010748,99.74,6,SELL
10755,ORD010755,ORD010748,99.74,39,SELL
10755,ORD010755,ORD010744,99.72,23,SELL
10756,ORD010756,ORD010744,99.72,13,SELL
10756,ORD010756,ORD010445,98.27,39,SELL
10756,ORD010756,ORD010713,98.27,19,SELL
10756,ORD010756,ORD010618,98.24,19,SELL
10758,ORD010758,ORD010757,100.69,29,BUY
10758,ORD010758,ORD010751,101.65,4,BUY
10758,ORD010758,ORD010714,101.79,26,BUY
10761,ORD010761,ORD010760,99.51,39,SELL
10761,ORD010761,ORD010618,98.24,20,SELL
10762,ORD010762,ORD010618,98.24,48,SELL
10762,ORD010762,ORD010592,98.22,32,SELL
10768,ORD010768,ORD010763,100.39,15,SELL
10771,ORD010771,ORD010770,100.45,19,SELL
10771,ORD010771,ORD010763,100.39,34,SELL
10771,ORD010771,ORD010769,100.19,30,SELL
10773,ORD010773,ORD010769,100.19,16,SELL
10773,ORD010773,ORD010764,99.93,10,SELL
10774,ORD010774,ORD010764,99.93,37,SELL
10777,ORD010777,ORD010772,101.35,53,BUY
10779,ORD010779,ORD010778,100.25,8,BUY
10779,ORD010779,ORD010772,101.35,20,BUY
10779,ORD010779,ORD010775,101.95,17,BUY
10780,ORD010780,ORD010764,99.93,16,SELL
10783,ORD010783,ORD010764,99.93,10,SELL
10784,ORD010784,ORD010782,101.13,4,BUY
10784,ORD010784,ORD010775,101.95,3,BUY
10785,ORD010785,ORD010764,99.93,1,SELL
10785,ORD010785,ORD010767,98.92,56,SELL
10786,ORD010786,ORD010767,98.92,26,SELL
10786,ORD010786,ORD010592,98.22,31,SELL
10787,ORD010787,ORD010592,98.22,21,SELL
10790,ORD010790,ORD010789,101.34,38,BUY
10794,ORD010794,ORD010791,99.52,51,BUY
10795,ORD010795,ORD010794,99.64,25,SELL
10797,ORD010797,ORD010792,99.76,54,BUY
10798,ORD010798,ORD010794,99.64,10,SELL
10800,ORD010800,ORD010794,99.64,2,SELL
10802,ORD010802,ORD010794,99.64,12,SELL
10802,ORD010802,ORD010799,98.69,27,SELL
10802,ORD010802,ORD010592,98.22,9,SELL
10802,ORD010802,ORD010441,98.21,51,SELL
10805,ORD010805,ORD010792,99.76,17,BUY
10806,ORD010806,ORD010441,98.21,20,SELL
10809,ORD010809,ORD010792,99.76,24,BUY
10809,ORD010809,ORD010796,99.93,4,BUY
10809,ORD010809,ORD010803,100.17,34,BUY
10809,ORD010809,ORD010804,100.33,3,BUY
10809,ORD010809,ORD010801,100.78,32,BUY
10810,ORD010810,ORD010801,100.78,5,BUY
10812,ORD010812,ORD010808,99.09,41,SELL
10814,ORD010814,ORD010811,99.53,1,BUY
10816,ORD010816,ORD010811,99.53,3,BUY
10818,ORD010818,ORD010811,99.53,29,BUY
10818,ORD010818,ORD010817,99.59,1,BUY
10819,ORD010819,ORD010808,99.09,52,SELL
10819,ORD010819,ORD010807,98.29,35,SELL
10821,ORD010821,ORD010817,99.59,35,BUY
10826,ORD010826,ORD010822,99.53,25,SELL
10828,ORD010828,ORD010817,99.59,43,BUY
10828,ORD010828,ORD010823,99.78,26,BUY
10831,ORD010831,ORD010823,99.78,50,BUY
10833,ORD010833,ORD010831,99.82,40,SELL
10833,ORD010833,ORD010822,99.53,27,SELL
10834,ORD010834,ORD010822,99.53,13,SELL
10834,ORD010834,ORD010824,99.12,40,SELL
10834,ORD010834,ORD010832,98.47,12,SELL
10835,ORD010835,ORD010832,98.47,83,SELL
10835,ORD010835,ORD010807,98.29,6,SELL
10837,ORD010837,ORD010827,99.87,29,BUY
10839,ORD010839,ORD010827,99.87,26,BUY
10840,ORD010840,ORD010839,99.98,24,SELL
10841,ORD010841,ORD010840,99.54,34,BUY
10842,ORD010842,ORD010836,100.76,29,BUY
10842,ORD010842,ORD010801,100.78,23,BUY
10846,ORD010846,ORD010841,100.42,53,SELL
10848,ORD010848,ORD010843,100.56,15,BUY
10848,ORD010848,ORD010801,100.78,11,BUY
10848,ORD010848,ORD010815,100.86,40,BUY
10848,ORD010848,ORD010793,101.13,4,BUY
10848,ORD010848,ORD010789,101.34,5,BUY
10849,ORD010849,ORD010841,100.42,7,SELL
10849,ORD010849,ORD010845,99.68,44,SELL
10850,ORD010850,ORD010845,99.68,18,SELL
10850,ORD010850,ORD010838,99.14,23,SELL
10850,ORD010850,ORD010807,98.29,2,SELL
10850,ORD010850,ORD010441,98.21,11,SELL
10850,ORD010850,ORD010589,98.20,38,SELL
10854,ORD010854,ORD010789,101.34,48,BUY
10855,ORD010855,ORD010589,98.20,10,SELL
10857,ORD010857,ORD010789,101.34,3,BUY
10857,ORD010857,ORD010856,101.61,34,BUY
10857,ORD010857,ORD010829,101.64,11,BUY
10859,ORD010859,ORD010829,101.64,12,BUY
10861,ORD010861,ORD010829,101.64,33,BUY
10861,ORD010861,ORD010825,101.66,33,BUY
10864,ORD010864,ORD010860,100.25,43,SELL
10865,ORD010865,ORD010863,101.89,12,BUY
10870,ORD010870,ORD010860,100.25,36,SELL
10870,ORD010870,ORD010867,99.55,7,SELL
10870,ORD010870,ORD010868,98.98,4,SELL
10873,ORD010873,ORD010868,98.98,22,SELL
10873,ORD010873,ORD010872,98.62,55,SELL
10874,ORD010874,ORD010872,98.62,14,SELL
10877,ORD010877,ORD010875,101.41,32,BUY
10879,ORD010879,ORD010878,100.12,33,SELL
10879,ORD010879,ORD010872,98.62,16,SELL
10879,ORD010879,ORD010866,98.26,39,SELL
10880,ORD010880,ORD010866,98.26,19,SELL
10880,ORD010880,ORD010589,98.20,29,SELL
10880,ORD010880,ORD010401,98.13,11,SELL
10880,ORD010880,ORD010852,98.13,28,SELL
10880,ORD010880,ORD010813,98.09,4,SELL
10881,ORD010881,ORD010813,98.09,22,SELL
10881,ORD010881,ORD010830,98.09,9,SELL
10881,ORD010881,ORD010851,98.07,5,SELL
10881,ORD010881,ORD010451,98.06,16,SELL
10882,ORD010882,ORD010875,101.41,51,BUY
10887,ORD010887,ORD010883,99.62,29,BUY
10887,ORD010887,ORD010885,99.85,71,BUY
10888,ORD010888,ORD010885,99.85,18,BUY
10888,ORD010888,ORD010884,101.27,31,BUY
10894,ORD010894,ORD010891,99.77,76,SELL
10894,ORD010894,ORD010893,99.67,2,SELL
10895,ORD010895,ORD010890,100.53,70,BUY
10896,ORD010896,ORD010893,99.67,56,SELL
10896,ORD010896,ORD010451,98.06,22,SELL
10896,ORD010896,ORD009892,98.05,4,SELL
10897,ORD010897,ORD009892,98.05,73,SELL
10897,ORD010897,ORD010352,98.05,19,SELL
10904,ORD010904,ORD010898,100.44,83,BUY
10904,ORD010904,ORD010890,100.53,10,BUY
10905,ORD010905,ORD010890,100.53,13,BUY
10905,ORD010905,ORD010900,100.61,8,BUY
10906,ORD010906,ORD010903,99.34,44,SELL
10906,ORD010906,ORD010899,99.10,29,SELL
10906,ORD010906,ORD010901,98.45,22,SELL
10908,ORD010908,ORD010901,98.45,3,SELL
10912,ORD010912,ORD010901,98.45,49,SELL
10912,ORD010912,ORD010910,98.32,33,SELL
10914,ORD010914,ORD010910,98.32,15,SELL
10914,ORD010914,ORD010352,98.05,11,SELL
10917,ORD010917,ORD010900,100.61,89,BUY
10917,ORD010917,ORD010909,100.76,3,BUY
10921,ORD010921,ORD010918,99.96,72,BUY
10924,ORD010924,ORD010909,100.76,68,BUY
10925,ORD010925,ORD010921,99.99,19,SELL
10925,ORD010925,ORD010919,98.86,26,SELL
10925,ORD010925,ORD010916,98.74,52,SELL
10926,ORD010926,ORD010909,100.76,9,BUY
10926,ORD010926,ORD010913,101.07,3,BUY
10926,ORD010926,ORD010884,101.27,21,BUY
10926,ORD010926,ORD010911,101.39,28,BUY
10926,ORD010926,ORD010875,101.41,3,BUY
10927,ORD010927,ORD010875,101.41,6,BUY
10927,ORD010927,ORD010871,101.63,57,BUY
10928,ORD010928,ORD010916,98.74,16,SELL
10928,ORD010928,ORD010923,98.60,29,SELL
10930,ORD010930,ORD010871,101.63,26,BUY
10932,ORD010932,ORD010931,100.01,43,SELL
10935,ORD010935,ORD010934,101.13,50,BUY
10938,ORD010938,ORD010931,100.01,9,SELL
10940,ORD010940,ORD010931,100.01,5,SELL
10940,ORD010940,ORD010937,99.84,20,SELL
10940,ORD010940,ORD010936,99.18,11,SELL
10940,ORD010940,ORD010939,98.66,31,SELL
10940,ORD010940,ORD010923,98.60,1,SELL
10942,ORD010942,ORD010923,98.60,6,SELL
10942,ORD010942,ORD010933,98.48,45,SELL
10945,ORD010945,ORD010934,101.13,1,BUY
10945,ORD010945,ORD010941,101.36,61,BUY
10945,ORD010945,ORD010871,101.63,16,BUY
10945,ORD010945,ORD010892,101.68,9,BUY
10948,ORD010948,ORD010946,99.69,49,SELL
10949,ORD010949,ORD010947,100.62,32,BUY
10949,ORD010949,ORD010892,101.68,7,BUY
10951,ORD010951,ORD010946,99.69,1,SELL
10952,ORD010952,ORD010950,100.21,15,BUY
10952,ORD010952,ORD010892,101.68,31,BUY
10954,ORD010954,ORD010946,99.69,27,SELL
10954,ORD010954,ORD010944,98.77,23,SELL
10960,ORD010960,ORD010957,98.90,46,SELL
10960,ORD010960,ORD010944,98.77,5,SELL
10961,ORD010961,ORD010953,99.95,29,BUY
10961,ORD010961,ORD010955,100.35,34,BUY
10962,ORD010962,ORD010958,101.07,22,BUY
10962,ORD010962,ORD010892,101.68,33,BUY
10962,ORD010962,ORD010886,101.70,17,BUY
10963,ORD010963,ORD010961,100.45,28,SELL
10963,ORD010963,ORD010944,98.77,61,SELL
10967,ORD010967,ORD010944,98.77,4,SELL
10967,ORD010967,ORD010959,98.66,5,SELL
10967,ORD010967,ORD010933,98.48,8,SELL
10974,ORD010974,ORD010972,99.13,26,SELL
10974,ORD010974,ORD010933,98.48,19,SELL
10975,ORD010975,ORD010933,98.48,24,SELL
10975,ORD010975,ORD010964,98.16,31,SELL
10975,ORD010975,ORD010969,98.15,14,SELL
10976,ORD010976,ORD010969,98.15,52,SELL
10977,ORD010977,ORD010969,98.15,13,SELL
10977,ORD010977,ORD010352,98.05,48,SELL
10979,ORD010979,ORD010965,99.87,10,BUY
10980,ORD010980,ORD010965,99.87,54,BUY
10981,ORD010981,ORD010965,99.87,3,BUY
10981,ORD010981,ORD010973,99.94,22,BUY
10981,ORD010981,ORD010968,100.10,15,BUY
10983,ORD010983,ORD010978,99.81,26,SELL
10983,ORD010983,ORD010352,98.05,6,SELL
10983,ORD010983,ORD010466,98.05,19,SELL
10985,ORD010985,ORD010968,100.10,26,BUY
10985,ORD010985,ORD010971,100.46,38,BUY
10986,ORD010986,ORD010984,98.45,60,SELL
10986,ORD010986,ORD010466,98.05,28,SELL
10988,ORD010988,ORD010466,98.05,19,SELL
10991,ORD010991,ORD010987,99.73,35,BUY
10991,ORD010991,ORD010989,99.98,22,BUY
10992,ORD010992,ORD010990,98.06,37,SELL
10994,ORD010994,ORD010989,99.98,19,BUY
10995,ORD010995,ORD010994,100.37,12,SELL
10996,ORD010996,ORD010971,100.46,4,BUY
10998,ORD010998,ORD010971,100.46,51,BUY
10999,ORD010999,ORD010994,100.37,41,SELL
10999,ORD010999,ORD010993,98.86,30,SELL
11004,ORD011004,ORD011000,99.90,42,BUY
11004,ORD011004,ORD011003,100.63,34,BUY
11006,ORD011006,ORD011003,100.63,65,BUY
11006,ORD011006,ORD010966,100.79,25,BUY
11007,ORD011007,ORD010966,100.79,10,BUY
11007,ORD011007,ORD010970,100.84,1,BUY
11007,ORD011007,ORD010982,100.86,58,BUY
11008,ORD011008,ORD010982,100.86,26,BUY
11010,ORD011010,ORD011009,100.00,25,SELL
11012,ORD011012,ORD011009,100.00,3,SELL
11012,ORD011012,ORD010993,98.86,11,SELL
11012,ORD011012,ORD011001,98.61,67,SELL
11014,ORD011014,ORD011013,100.28,40,BUY
11014,ORD011014,ORD011011,100.79,12,BUY
11017,ORD011017,ORD011015,99.96,58,SELL
11017,ORD011017,ORD011016,98.94,17,SELL
11022,ORD011022,ORD011020,100.71,20,BUY
11024,ORD011024,ORD011020,100.71,1,BUY
11026,ORD011026,ORD011020,100.71,1,BUY
11026,ORD011026,ORD011011,100.79,18,BUY
11026,ORD011026,ORD010982,100.86,9,BUY
11026,ORD011026,ORD011019,101.11,69,BUY
11028,ORD011028,ORD011019,101.11,12,BUY
11028,ORD011028,ORD011005,101.41,30,BUY
11030,ORD011030,ORD011029,100.80,11,BUY
11030,ORD011030,ORD011005,101.41,25,BUY
11031,ORD011031,ORD011005,101.41,42,BUY
11031,ORD011031,ORD011025,101.85,4,BUY
11032,ORD011032,ORD011025,101.85,59,BUY
11032,ORD011032,ORD010922,101.86,10,BUY
11032,ORD011032,ORD011027,101.88,5,BUY
11032,ORD011032,ORD010997,101.94,21,BUY
11040,ORD011040,ORD011037,100.29,67,BUY
11044,ORD011044,ORD011035,100.11,8,SELL
11047,ORD011047,ORD011035,100.11,72,SELL
11047,ORD011047,ORD011038,100.07,9,SELL
11048,ORD011048,ORD011037,100.29,23,BUY
11051,ORD011051,ORD011038,100.07,65,SELL
11051,ORD011051,ORD011023,100.05,6,SELL
11052,ORD011052,ORD011023,100.05,13,SELL
11053,ORD011053,ORD011049,101.36,37,BUY
11056,ORD011056,ORD011055,101.18,38,BUY
11056,ORD011056,ORD011049,101.36,3,BUY
11056,ORD011056,ORD010997,101.94,32,BUY
11057,ORD011057,ORD010997,101.94,25,BUY
11057,ORD011057,ORD010915,101.98,58,BUY
11061,ORD011061,ORD011060,101.63,25,BUY
11063,ORD011063,ORD011060,101.63,24,BUY
11063,ORD011063,ORD010915,101.98,20,BUY
11064,ORD011064,ORD011023,100.05,26,SELL
11066,ORD011066,ORD011023,100.05,11,SELL
11068,ORD011068,ORD011023,100.05,8,SELL
11069,ORD011069,ORD011023,100.05,13,SELL
11069,ORD011069,ORD011058,100.04,12,SELL
11071,ORD011071,ORD011058,100.04,8,SELL
11072,ORD011072,ORD011067,101.48,53,BUY
11073,ORD011073,ORD011058,100.04,32,SELL
11073,ORD011073,ORD011034,99.90,4,SELL
11074,ORD011074,ORD011034,99.90,57,SELL
11074,ORD011074,ORD011059,99.70,28,SELL
11077,ORD011077,ORD011059,99.70,19,SELL
11077,ORD011077,ORD011075,99.66,13,SELL
11078,ORD011078,ORD011075,99.66,47,SELL
11079,ORD011079,ORD011075,99.66,5,SELL
11079,ORD011079,ORD011076,99.46,15,SELL
11080,ORD011080,ORD011076,99.46,8,SELL
11085,ORD011085,ORD011084,99.87,50,SELL
11087,ORD011087,ORD011086,100.91,9,BUY
11088,ORD011088,ORD011086,100.91,58,BUY
11090,ORD011090,ORD011084,99.87,47,SELL
11090,ORD011090,ORD011076,99.46,1,SELL
11092,ORD011092,ORD011091,101.76,24,BUY
11097,ORD011097,ORD011076,99.46,63,SELL
11097,ORD011097,ORD011042,99.04,20,SELL
11099,ORD011099,ORD011042,99.04,4,SELL
11100,ORD011100,ORD011042,99.04,37,SELL
11103,ORD011103,ORD011102,101.76,44,BUY
11105,ORD011105,ORD011101,100.08,48,SELL
11105,ORD011105,ORD011042,99.04,19,SELL
11105,ORD011105,ORD011016,98.94,14,SELL
11106,ORD011106,ORD011104,101.30,26,BUY
11107,ORD011107,ORD011016,98.94,60,SELL
11107,ORD011107,ORD011043,98.91,26,SELL
11107,ORD011107,ORD011070,98.87,14,SELL
11114,ORD011114,ORD011112,99.78,8,BUY
11116,ORD011116,ORD011112,99.78,24,BUY
11116,ORD011116,ORD011115,100.05,2,BUY
11116,ORD011116,ORD011110,100.46,29,BUY
11117,ORD011117,ORD011070,98.87,37,SELL
11119,ORD011119,ORD011070,98.87,33,SELL
11119,ORD011119,ORD011033,98.86,46,SELL
11121,ORD011121,ORD011110,100.46,71,BUY
11121,ORD011121,ORD011104,101.30,22,BUY
11121,ORD011121,ORD011113,101.66,2,BUY
11122,ORD011122,ORD011120,100.41,4,SELL
11122,ORD011122,ORD011033,98.86,28,SELL
11122,ORD011122,ORD011083,98.77,30,SELL
11122,ORD011122,ORD011050,98.75,22,SELL
11124,ORD011124,ORD011050,98.75,28,SELL
11126,ORD011126,ORD011050,98.75,27,SELL
11126,ORD011126,ORD011001,98.61,22,SELL
11126,ORD011126,ORD011111,98.36,9,SELL
11127,ORD011127,ORD011123,100.38,53,BUY
11128,ORD011128,ORD011123,100.38,14,BUY
11129,ORD011129,ORD011111,98.36,7,SELL
11133,ORD011133,ORD011130,99.82,13,BUY
11135,ORD011135,ORD011123,100.38,19,BUY
11135,ORD011135,ORD011125,101.47,33,BUY
11136,ORD011136,ORD011133,100.27,14,SELL
11136,ORD011136,ORD011132,98.92,26,SELL
11139,ORD011139,ORD011132,98.92,47,SELL
11139,ORD011139,ORD011134,98.58,15,SELL
11139,ORD011139,ORD011111,98.36,13,SELL
11140,ORD011140,ORD011137,99.60,15,BUY
11140,ORD011140,ORD011125,101.47,27,BUY
11141,ORD011141,ORD011111,98.36,11,SELL
11141,ORD011141,ORD011021,98.34,16,SELL
11141,ORD011141,ORD011002,98.22,13,SELL
11141,ORD011141,ORD011018,98.22,12,SELL
11142,ORD011142,ORD011125,101.47,20,BUY
11142,ORD011142,ORD011138,101.48,3,BUY
11143,ORD011143,ORD011018,98.22,11,SELL
11143,ORD011143,ORD011036,98.17,49,SELL
11143,ORD011143,ORD011108,98.15,6,SELL
11145,ORD011145,ORD011108,98.15,15,SELL
11145,ORD011145,ORD011062,98.08,56,SELL
11147,ORD011147,ORD011144,101.35,27,BUY
11147,ORD011147,ORD011138,101.48,13,BUY
11147,ORD011147,ORD011113,101.66,16,BUY
11147,ORD011147,ORD011118,101.69,4,BUY
11147,ORD011147,ORD011102,101.76,4,BUY
11148,ORD011148,ORD011062,98.08,8,SELL
11150,ORD011150,ORD011062,98.08,2,SELL
11150,ORD011150,ORD010990,98.06,28,SELL
11151,ORD011151,ORD011149,101.43,55,BUY
11152,ORD011152,ORD010990,98.06,15,SELL
11152,ORD011152,ORD011039,98.06,73,SELL
11152,ORD011152,ORD011094,98.06,9,SELL
11153,ORD011153,ORD011094,98.06,54,SELL
11153,ORD011153,ORD011146,98.06,15,SELL
11154,ORD011154,ORD011146,98.06,22,SELL
11156,ORD011156,ORD011146,98.06,46,SELL
11156,ORD011156,ORD010466,98.05,9,SELL
11156,ORD011156,ORD010159,98.03,12,SELL
11159,ORD011159,ORD011155,100.24,58,BUY
11159,ORD011159,ORD011157,100.66,6,BUY
11160,ORD011160,ORD011158,99.60,28,SELL
11163,ORD011163,ORD011157,100.66,25,BUY
11163,ORD011163,ORD011162,101.09,4,BUY
11163,ORD011163,ORD011149,101.43,23,BUY
11163,ORD011163,ORD011161,101.69,5,BUY
11166,ORD011166,ORD011164,100.43,27,BUY
11166,ORD011166,ORD011161,101.69,7,BUY
11167,ORD011167,ORD011158,99.60,45,SELL
11170,ORD011170,ORD011169,100.15,14,BUY
11172,ORD011172,ORD011158,99.60,9,SELL
11172,ORD011172,ORD011168,99.44,11,SELL
11173,ORD011173,ORD011168,99.44,40,SELL
11175,ORD011175,ORD011169,100.15,33,BUY
11175,ORD011175,ORD011171,100.39,5,BUY
11176,ORD011176,ORD011168,99.44,20,SELL
11176,ORD011176,ORD011174,98.06,1,SELL
11179,ORD011179,ORD011171,100.39,37,BUY
11179,ORD011179,ORD011178,100.55,11,BUY
11186,ORD011186,ORD011177,100.38,45,SELL
11187,ORD011187,ORD011177,100.38,34,SELL
11189,ORD011189,ORD011177,100.38,9,SELL
11189,ORD011189,ORD011188,99.99,87,SELL
11191,ORD011191,ORD011185,99.92,24,SELL
11192,ORD011192,ORD011185,99.92,19,SELL
11192,ORD011192,ORD011181,98.86,41,SELL
11193,ORD011193,ORD011181,98.86,23,SELL
11194,ORD011194,ORD011181,98.86,29,SELL
11194,ORD011194,ORD011182,98.15,38,SELL
11195,ORD011195,ORD011178,100.55,35,BUY
11196,ORD011196,ORD011178,100.55,23,BUY
11199,ORD011199,ORD011198,99.14,22,SELL
11199,ORD011199,ORD011182,98.15,55,SELL
11201,ORD011201,ORD011200,99.22,38,SELL
11201,ORD011201,ORD011182,98.15,1,SELL
11201,ORD011201,ORD011174,98.06,16,SELL
11201,ORD011201,ORD010159,98.03,8,SELL
11203,ORD011203,ORD011178,100.55,9,BUY
11206,ORD011206,ORD011205,98.91,6,SELL
11207,ORD011207,ORD011178,100.55,2,BUY
11207,ORD011207,ORD011202,100.82,28,BUY
11207,ORD011207,ORD011161,101.69,1,BUY
11208,ORD011208,ORD011205,98.91,16,SELL
11208,ORD011208,ORD011204,98.43,72,SELL
11209,ORD011209,ORD011204,98.43,3,SELL
11209,ORD011209,ORD010159,98.03,3,SELL
11209,ORD011209,ORD010728,98.01,25,SELL
11209,ORD011209,ORD010844,98.00,5,SELL
11210,ORD011210,ORD011161,101.69,33,BUY
11210,ORD011210,ORD011102,101.76,18,BUY
11211,ORD011211,ORD010844,98.00,26,SELL
11212,ORD011212,ORD011102,101.76,8,BUY
11212,ORD011212,ORD011197,101.76,28,BUY
11212,ORD011212,ORD011131,101.93,40,BUY
11213,ORD011213,ORD011131,101.93,39,BUY
11215,ORD011215,ORD011214,99.53,49,SELL
11217,ORD011217,ORD011216,100.14,11,SELL
11219,ORD011219,ORD011131,101.93,15,BUY
11222,ORD011222,ORD011216,100.14,35,SELL
11223,ORD011223,ORD011216,100.14,39,SELL
11223,ORD011223,ORD011214,99.53,30,SELL
11228,ORD011228,ORD011214,99.53,17,SELL
11228,ORD011228,ORD011218,98.66,28,SELL
11232,ORD011232,ORD011218,98.66,35,SELL
11232,ORD011232,ORD011231,98.62,27,SELL
11233,ORD011233,ORD011231,98.62,6,SELL
11233,ORD011233,ORD011229,98.45,46,SELL
11234,ORD011234,ORD011229,98.45,29,SELL
11236,ORD011236,ORD011224,99.71,2,BUY
11237,ORD011237,ORD011224,99.71,74,BUY
11237,ORD011237,ORD011226,99.94,11,BUY
11238,ORD011238,ORD011226,99.94,13,BUY
11239,ORD011239,ORD011238,100.01,48,SELL
11242,ORD011242,ORD011241,98.06,4,SELL
11244,ORD011244,ORD011241,98.06,26,SELL
11245,ORD011245,ORD011239,99.78,1,BUY
11246,ORD011246,ORD011239,99.78,29,BUY
11247,ORD011247,ORD011239,99.78,4,BUY
11247,ORD011247,ORD011227,101.40,10,BUY
11247,ORD011247,ORD011230,101.41,17,BUY
11247,ORD011247,ORD011235,101.75,57,BUY
11248,ORD011248,ORD011241,98.06,23,SELL
11252,ORD011252,ORD011251,99.81,32,BUY
11253,ORD011253,ORD011252,99.83,34,SELL
11253,ORD011253,ORD011249,99.58,27,SELL
11258,ORD011258,ORD011250,100.32,21,BUY
11258,ORD011258,ORD011235,101.75,10,BUY
11261,ORD011261,ORD011260,99.96,30,BUY
11262,ORD011262,ORD011255,99.67,10,SELL
11262,ORD011262,ORD011249,99.58,9,SELL
11264,ORD011264,ORD011260,99.96,17,BUY
11264,ORD011264,ORD011263,100.10,41,BUY
11264,ORD011264,ORD011259,100.59,17,BUY
11267,ORD011267,ORD011259,100.59,18,BUY
11269,ORD011269,ORD011265,100.27,33,SELL
11269,ORD011269,ORD011249,99.58,52,SELL
11269,ORD011269,ORD011254,99.54,8,SELL
11273,ORD011273,ORD011272,100.70,18,BUY
11274,ORD011274,ORD011254,99.54,37,SELL
11274,ORD011274,ORD011256,99.27,58,SELL
11278,ORD011278,ORD011275,100.43,43,SELL
11280,ORD011280,ORD011276,100.34,24,SELL
11281,ORD011281,ORD011276,100.34,32,SELL
11281,ORD011281,ORD011279,99.49,8,SELL
11284,ORD011284,ORD011278,100.40,14,BUY
11285,ORD011285,ORD011278,100.40,16,BUY
11287,ORD011287,ORD011278,100.40,7,BUY
11287,ORD011287,ORD011272,100.70,17,BUY
11289,ORD011289,ORD011279,99.49,45,SELL
11289,ORD011289,ORD011256,99.27,21,SELL
11291,ORD011291,ORD011256,99.27,18,SELL
11291,ORD011291,ORD011266,98.99,67,SELL
11294,ORD011294,ORD011266,98.99,23,SELL
11294,ORD011294,ORD011290,98.64,16,SELL
11295,ORD011295,ORD011290,98.64,11,SELL
11295,ORD011295,ORD011283,98.49,17,SELL
11297,ORD011297,ORD011272,100.70,53,BUY
11297,ORD011297,ORD011271,101.10,4,BUY
11299,ORD011299,ORD011298,98.95,11,SELL
11301,ORD011301,ORD011300,100.03,14,BUY
11303,ORD011303,ORD011300,100.03,68,BUY
11303,ORD011303,ORD011271,101.10,2,BUY
11304,ORD011304,ORD011298,98.95,15,SELL
11304,ORD011304,ORD011283,98.49,56,SELL
11307,ORD011307,ORD011271,101.10,23,BUY
11308,ORD011308,ORD011305,100.33,39,SELL
11309,ORD011309,ORD011305,100.33,6,SELL
11309,ORD011309,ORD011283,98.49,15,SELL
11309,ORD011309,ORD011288,98.27,5,SELL
11310,ORD011310,ORD011288,98.27,29,SELL
11312,ORD011312,ORD011311,99.70,13,BUY
11312,ORD011312,ORD011271,101.10,18,BUY
11313,ORD011313,ORD011271,101.10,5,BUY
11313,ORD011313,ORD011306,101.22,13,BUY
11313,ORD011313,ORD011286,101.27,35,BUY
11313,ORD011313,ORD011292,101.32,33,BUY
11314,ORD011314,ORD011292,101.32,9,BUY
11314,ORD011314,ORD011268,101.46,2,BUY
11315,ORD011315,ORD011288,98.27,54,SELL
11318,ORD011318,ORD011288,98.27,4,SELL
11318,ORD011318,ORD011241,98.06,23,SELL
11320,ORD011320,ORD011317,101.16,50,BUY
11320,ORD011320,ORD011268,101.46,12,BUY
11320,ORD011320,ORD011277,101.47,35,BUY
11325,ORD011325,ORD011324,98.86,1,SELL
11326,ORD011326,ORD011322,100.73,34,BUY
11326,ORD011326,ORD011321,100.88,4,BUY
11327,ORD011327,ORD011324,98.86,15,SELL
11327,ORD011327,ORD011319,98.68,63,SELL
11330,ORD011330,ORD011328,99.19,37,SELL
11330,ORD011330,ORD011319,98.68,8,SELL
11332,ORD011332,ORD011321,100.88,43,BUY
11334,ORD011334,ORD011321,100.88,34,BUY
11334,ORD011334,ORD011329,101.08,46,BUY
11339,ORD011339,ORD011329,101.08,29,BUY
11339,ORD011339,ORD011336,101.21,47,BUY
11339,ORD011339,ORD011277,101.47,14,BUY
11339,ORD011339,ORD011316,101.51,2,BUY
11340,ORD011340,ORD011333,99.31,25,SELL
11340,ORD011340,ORD011338,99.28,51,SELL
11340,ORD011340,ORD011337,99.16,13,SELL
11341,ORD011341,ORD011337,99.16,65,SELL
11342,ORD011342,ORD011316,101.51,15,BUY
11343,ORD011343,ORD011337,99.16,22,SELL
11362,ORD011362,ORD011350,99.71,53,BUY
11363,ORD011363,ORD011350,99.71,20,BUY
11363,ORD011363,ORD011353,99.87,19,BUY
11363,ORD011363,ORD011344,100.33,25,BUY
11363,ORD011363,ORD011345,100.56,28,BUY
11364,ORD011364,ORD011360,98.99,20,SELL
11365,ORD011365,ORD011345,100.56,19,BUY
11372,ORD011372,ORD011370,100.50,42,SELL
11372,ORD011372,ORD011360,98.99,48,SELL
11373,ORD011373,ORD011360,98.99,16,SELL
11373,ORD011373,ORD011361,98.71,54,SELL
11377,ORD011377,ORD011345,100.56,26,BUY
11377,ORD011377,ORD011348,100.80,12,BUY
11381,ORD011381,ORD011375,100.13,47,SELL
11385,ORD011385,ORD011375,100.13,25,SELL
11385,ORD011385,ORD011384,99.77,6,SELL
11385,ORD011385,ORD011378,98.74,27,SELL
11385,ORD011385,ORD011382,98.73,16,SELL
11385,ORD011385,ORD011361,98.71,9,SELL
11385,ORD011385,ORD011374,98.58,10,SELL
11388,ORD011388,ORD011348,100.80,30,BUY
11388,ORD011388,ORD011359,101.02,19,BUY
11390,ORD011390,ORD011359,101.02,23,BUY
11390,ORD011390,ORD011383,101.06,8,BUY
11393,ORD011393,ORD011391,100.49,46,SELL
11395,ORD011395,ORD011383,101.06,17,BUY
11395,ORD011395,ORD011346,101.14,78,BUY
11395,ORD011395,ORD011371,101.24,4,BUY
11395,ORD011395,ORD011380,101.47,1,BUY
11397,ORD011397,ORD011380,101.47,3,BUY
11399,ORD011399,ORD011380,101.47,81,BUY
11399,ORD011399,ORD011356,101.48,1,BUY
11400,ORD011400,ORD011356,101.48,2,BUY
11408,ORD011408,ORD011356,101.48,23,BUY
11408,ORD011408,ORD011316,101.51,6,BUY
11408,ORD011408,ORD011369,101.57,43,BUY
11411,ORD011411,ORD011391,100.49,40,SELL
11412,ORD011412,ORD011391,100.49,2,SELL
11412,ORD011412,ORD011410,99.75,17,SELL
11415,ORD011415,ORD011414,100.06,25,SELL
11416,ORD011416,ORD011409,101.35,4,BUY
11416,ORD011416,ORD011369,101.57,15,BUY
11416,ORD011416,ORD011282,101.62,31,BUY
11416,ORD011416,ORD011376,101.67,34,BUY
11417,ORD011417,ORD011414,100.06,45,SELL
11419,ORD011419,ORD011414,100.06,1,SELL
11419,ORD011419,ORD011410,99.75,6,SELL
11420,ORD011420,ORD011410,99.75,66,SELL
11420,ORD011420,ORD011407,99.73,32,SELL
11423,ORD011423,ORD011422,100.62,28,BUY
11424,ORD011424,ORD011422,100.62,18,BUY
11424,ORD011424,ORD011376,101.67,10,BUY
11424,ORD011424,ORD011335,101.74,40,BUY
11424,ORD011424,ORD011394,101.76,10,BUY
11425,ORD011425,ORD011394,101.76,3,BUY
11426,ORD011426,ORD011394,101.76,60,BUY
11428,ORD011428,ORD011427,101.06,23,BUY
11428,ORD011428,ORD011394,101.76,5,BUY
11428,ORD011428,ORD011406,101.87,26,BUY
11429,ORD011429,ORD011406,101.87,12,BUY
11429,ORD011429,ORD011302,101.91,35,BUY
11431,ORD011431,ORD011421,100.20,9,SELL
11436,ORD011436,ORD011430,101.10,48,BUY
11436,ORD011436,ORD011435,101.39,6,BUY
11439,ORD011439,ORD011438,100.31,64,BUY
11439,ORD011439,ORD011435,101.39,8,BUY
11440,ORD011440,ORD011421,100.20,50,SELL
11440,ORD011440,ORD011432,99.81,10,SELL
11442,ORD011442,ORD011435,101.39,18,BUY
11443,ORD011443,ORD011432,99.81,59,SELL
11455,ORD011455,ORD011452,100.03,72,SELL
11455,ORD011455,ORD011432,99.81,8,SELL
11455,ORD011455,ORD011407,99.73,13,SELL
11458,ORD011458,ORD011407,99.73,29,SELL
11458,ORD011458,ORD011387,99.66,43,SELL
11459,ORD011459,ORD011387,99.66,30,SELL
11459,ORD011459,ORD011389,99.65,4,SELL
11459,ORD011459,ORD011403,99.60,12,SELL
11459,ORD011459,ORD011401,99.56,35,SELL
11460,ORD011460,ORD011457,99.83,77,BUY
11460,ORD011460,ORD011456,100.16,8,BUY
11461,ORD011461,ORD011456,100.16,45,BUY
11463,ORD011463,ORD011456,100.16,8,BUY
11463,ORD011463,ORD011445,100.75,46,BUY
11463,ORD011463,ORD011462,101.11,38,BUY
11464,ORD011464,ORD011401,99.56,1,SELL
11465,ORD011465,ORD011462,101.11,12,BUY
11467,ORD011467,ORD011466,100.64,78,BUY
11468,ORD011468,ORD011466,100.64,4,BUY
11472,ORD011472,ORD011401,99.56,11,SELL
11472,ORD011472,ORD011386,99.33,12,SELL
11472,ORD011472,ORD011434,99.25,27,SELL
11472,ORD011472,ORD011402,98.94,31,SELL
11472,ORD011472,ORD011450,98.83,10,SELL
11473,ORD011473,ORD011450,98.83,67,SELL
11474,ORD011474,ORD011450,98.83,4,SELL
11474,ORD011474,ORD011398,98.66,80,SELL
11474,ORD011474,ORD011396,98.62,11,SELL
11475,ORD011475,ORD011471,99.75,39,BUY
11477,ORD011477,ORD011396,98.62,62,SELL
11477,ORD011477,ORD011374,98.58,11,SELL
11479,ORD011479,ORD011471,99.75,5,BUY
11480,ORD011480,ORD011374,98.58,6,SELL
11480,ORD011480,ORD011366,98.53,4,SELL
11480,ORD011480,ORD011405,98.46,6,SELL
11481,ORD011481,ORD011471,99.75,40,BUY
11481,ORD011481,ORD011466,100.64,17,BUY
11481,ORD011481,ORD011462,101.11,1,BUY
11484,ORD011484,ORD011482,100.14,75,SELL
11485,ORD011485,ORD011484,99.78,23,BUY
11485,ORD011485,ORD011462,101.11,26,BUY
11485,ORD011485,ORD011448,101.23,21,BUY
11486,ORD011486,ORD011448,101.23,60,BUY
11486,ORD011486,ORD011435,101.39,17,BUY
11491,ORD011491,ORD011487,100.41,16,BUY
11494,ORD011494,ORD011483,99.70,12,SELL
11494,ORD011494,ORD011488,99.46,17,SELL
11494,ORD011494,ORD011405,98.46,44,SELL
11494,ORD011494,ORD011451,98.39,3,SELL
11497,ORD011497,ORD011451,98.39,40,SELL
11497,ORD011497,ORD011392,98.35,22,SELL
11502,ORD011502,ORD011498,99.71,13,BUY
11503,ORD011503,ORD011498,99.71,81,BUY
11507,ORD011507,ORD011495,100.34,23,BUY
11508,ORD011508,ORD011495,100.34,24,BUY
11509,ORD011509,ORD011504,100.20,38,SELL
11511,ORD011511,ORD011495,100.34,33,BUY
11512,ORD011512,ORD011504,100.20,60,SELL
11512,ORD011512,ORD011500,99.66,38,SELL
11516,ORD011516,ORD011500,99.66,16,SELL
11518,ORD011518,ORD011517,99.96,5,SELL
11525,ORD011525,ORD011523,100.32,7,SELL
11526,ORD011526,ORD011495,100.34,17,BUY
11528,ORD011528,ORD011523,100.32,20,SELL
11529,ORD011529,ORD011495,100.34,3,BUY
11529,ORD011529,ORD011487,100.41,5,BUY
11529,ORD011529,ORD011524,100.51,11,BUY
11529,ORD011529,ORD011490,100.59,3,BUY
11529,ORD011529,ORD011499,100.82,1,BUY
11529,ORD011529,ORD011514,100.98,2,BUY
11529,ORD011529,ORD011506,101.04,6,BUY
11529,ORD011529,ORD011520,101.10,59,BUY
11530,ORD011530,ORD011523,100.32,13,SELL
11531,ORD011531,ORD011523,100.32,23,SELL
11531,ORD011531,ORD011517,99.96,26,SELL
11531,ORD011531,ORD011519,99.85,29,SELL
11532,ORD011532,ORD011519,99.85,17,SELL
11534,ORD011534,ORD011519,99.85,15,SELL
11534,ORD011534,ORD011500,99.66,37,SELL
11534,ORD011534,ORD011533,99.32,34,SELL
11538,ORD011538,ORD011536,99.91,33,SELL
11540,ORD011540,ORD011536,99.91,4,SELL
11540,ORD011540,ORD011533,99.32,32,SELL
11540,ORD011540,ORD011521,99.30,11,SELL
11542,ORD011542,ORD011541,99.85,21,SELL
11542,ORD011542,ORD011521,99.30,19,SELL
11542,ORD011542,ORD011501,98.58,1,SELL
11544,ORD011544,ORD011543,98.63,11,SELL
11544,ORD011544,ORD011501,98.58,20,SELL
11545,ORD011545,ORD011539,100.31,37,BUY
11545,ORD011545,ORD011535,100.60,19,BUY
11546,ORD011546,ORD011501,98.58,40,SELL
11546,ORD011546,ORD011515,98.41,28,SELL
11547,ORD011547,ORD011535,100.60,27,BUY
11547,ORD011547,ORD011520,101.10,5,BUY
11547,ORD011547,ORD011489,101.14,30,BUY
11549,ORD011549,ORD011548,100.49,20,SELL
11550,ORD011550,ORD011489,101.14,18,BUY
11550,ORD011550,ORD011527,101.14,23,BUY
11552,ORD011552,ORD011527,101.14,33,BUY
11552,ORD011552,ORD011493,101.15,4,BUY
11552,ORD011552,ORD011537,101.20,24,BUY
11555,ORD011555,ORD011548,100.49,62,SELL
11557,ORD011557,ORD011537,101.20,34,BUY
11557,ORD011557,ORD011435,101.39,43,BUY
11558,ORD011558,ORD011548,100.49,13,SELL
11558,ORD011558,ORD011553,100.14,19,SELL
11558,ORD011558,ORD011551,100.13,16,SELL
11560,ORD011560,ORD011559,100.29,25,SELL
11560,ORD011560,ORD011551,100.13,63,SELL
11566,ORD011566,ORD011561,100.36,21,SELL
11566,ORD011566,ORD011564,100.28,62,SELL
11568,ORD011568,ORD011564,100.28,16,SELL
11568,ORD011568,ORD011551,100.13,8,SELL
11568,ORD011568,ORD011565,99.24,16,SELL
11570,ORD011570,ORD011565,99.24,2,SELL
11571,ORD011571,ORD011569,100.63,13,BUY
11571,ORD011571,ORD011435,101.39,6,BUY
11574,ORD011574,ORD011572,100.43,5,SELL
11574,ORD011574,ORD011573,100.41,13,SELL
11575,ORD011575,ORD011505,101.43,54,BUY
11575,ORD011575,ORD011562,101.43,13,BUY
11576,ORD011576,ORD011573,100.41,33,SELL
11578,ORD011578,ORD011562,101.43,22,BUY
11582,ORD011582,ORD011562,101.43,13,BUY
11582,ORD011582,ORD011441,101.66,9,BUY
11582,ORD011582,ORD011476,101.69,24,BUY
11582,ORD011582,ORD011454,101.70,18,BUY
11582,ORD011582,ORD011496,101.70,10,BUY
11583,ORD011583,ORD011496,101.70,62,BUY
11583,ORD011583,ORD011437,101.77,8,BUY
11585,ORD011585,ORD011573,100.41,13,SELL
11585,ORD011585,ORD011577,99.84,39,SELL
11587,ORD011587,ORD011586,100.20,3,SELL
11588,ORD011588,ORD011586,100.20,4,SELL
11588,ORD011588,ORD011577,99.84,4,SELL
11589,ORD011589,ORD011437,101.77,50,BUY
11590,ORD011590,ORD011577,99.84,4,SELL
11591,ORD011591,ORD011437,101.77,6,BUY
11591,ORD011591,ORD011302,101.91,47,BUY
11592,ORD011592,ORD011577,99.84,16,SELL
11592,ORD011592,ORD011584,99.41,24,SELL
11596,ORD011596,ORD011593,100.09,14,BUY
11600,ORD011600,ORD011593,100.09,20,BUY
11601,ORD011601,ORD011593,100.09,1,BUY
11601,ORD011601,ORD011598,100.33,15,BUY
11601,ORD011601,ORD011595,100.42,10,BUY
11601,ORD011601,ORD011594,101.54,12,BUY
11601,ORD011601,ORD011302,101.91,7,BUY
11601,ORD011601,ORD011352,101.95,5,BUY
11604,ORD011604,ORD011584,99.41,29,SELL
11606,ORD011606,ORD011605,100.24,44,BUY
11607,ORD011607,ORD011584,99.41,11,SELL
11607,ORD011607,ORD011580,99.26,16,SELL
11608,ORD011608,ORD011580,99.26,58,SELL
11609,ORD011609,ORD011605,100.24,2,BUY
11609,ORD011609,ORD011602,101.83,87,BUY
11609,ORD011609,ORD011296,101.96,1,BUY
11610,ORD011610,ORD011296,101.96,83,BUY
11611,ORD011611,ORD011296,101.96,7,BUY
11611,ORD011611,ORD011579,101.96,7,BUY
11614,ORD011614,ORD011612,101.39,38,BUY
11616,ORD011616,ORD011580,99.26,11,SELL
11616,ORD011616,ORD011565,99.24,72,SELL
11618,ORD011618,ORD011617,100.06,14,BUY
11619,ORD011619,ORD011565,99.24,1,SELL
11619,ORD011619,ORD011613,98.90,11,SELL
11620,ORD011620,ORD011613,98.90,24,SELL
11625,ORD011625,ORD011623,99.57,42,BUY
11626,ORD011626,ORD011622,99.16,8,SELL
11626,ORD011626,ORD011613,98.90,20,SELL
11626,ORD011626,ORD011563,98.87,51,SELL
11627,ORD011627,ORD011563,98.87,14,SELL
11627,ORD011627,ORD011603,98.82,31,SELL
11628,ORD011628,ORD011623,99.57,8,BUY
11629,ORD011629,ORD011603,98.82,20,SELL
11629,ORD011629,ORD011581,98.73,48,SELL
11630,ORD011630,ORD011581,98.73,32,SELL
11630,ORD011630,ORD011599,98.51,34,SELL
11634,ORD011634,ORD011623,99.57,1,BUY
11636,ORD011636,ORD011599,98.51,14,SELL
11637,ORD011637,ORD011623,99.57,15,BUY
11639,ORD011639,ORD011637,100.14,22,SELL
11639,ORD011639,ORD011638,99.61,6,SELL
11640,ORD011640,ORD011635,100.81,2,BUY
11642,ORD011642,ORD011638,99.61,8,SELL
11643,ORD011643,ORD011635,100.81,92,BUY
11644,ORD011644,ORD011635,100.81,6,BUY
11644,ORD011644,ORD011631,100.82,8,BUY
11644,ORD011644,ORD011632,101.10,56,BUY
11644,ORD011644,ORD011641,101.10,11,BUY
11646,ORD011646,ORD011638,99.61,14,SELL
11647,ORD011647,ORD011638,99.61,51,SELL
11647,ORD011647,ORD011599,98.51,22,SELL
11648,ORD011648,ORD011599,98.51,8,SELL
11649,ORD011649,ORD011599,98.51,2,SELL
11650,ORD011650,ORD011641,101.10,14,BUY
11650,ORD011650,ORD011633,101.41,30,BUY
11650,ORD011650,ORD011624,101.97,50,BUY
11651,ORD011651,ORD011599,98.51,12,SELL
11653,ORD011653,ORD011652,99.88,34,SELL
11655,ORD011655,ORD011654,100.88,61,BUY
11655,ORD011655,ORD011624,101.97,21,BUY
11657,ORD011657,ORD011656,101.49,53,BUY
11658,ORD011658,ORD011656,101.49,5,BUY
11658,ORD011658,ORD011624,101.97,12,BUY
11659,ORD011659,ORD011652,99.88,7,SELL
11662,ORD011662,ORD011652,99.88,10,SELL
11663,ORD011663,ORD011652,99.88,40,SELL
11663,ORD011663,ORD011599,98.51,5,SELL
11663,ORD011663,ORD011597,98.48,23,SELL
11673,ORD011673,ORD011667,100.36,6,SELL
11673,ORD011673,ORD011669,99.42,35,SELL
11673,ORD011673,ORD011597,98.48,2,SELL
11673,ORD011673,ORD011666,98.42,51,SELL
11673,ORD011673,ORD011515,98.41,6,SELL
11677,ORD011677,ORD011676,100.47,56,BUY
11677,ORD011677,ORD011671,101.75,7,BUY
11680,ORD011680,ORD011674,99.40,21,SELL
11683,ORD011683,ORD011679,101.47,60,BUY
11684,ORD011684,ORD011682,100.08,22,SELL
11685,ORD011685,ORD011682,100.08,12,SELL
11686,ORD011686,ORD011674,99.40,15,SELL
11687,ORD011687,ORD011674,99.40,57,SELL
11688,ORD011688,ORD011685,99.85,16,BUY
11691,ORD011691,ORD011688,100.40,4,SELL
11691,ORD011691,ORD011690,99.59,2,SELL
11691,ORD011691,ORD011674,99.40,3,SELL
11691,ORD011691,ORD011675,98.64,18,SELL
11691,ORD011691,ORD011515,98.41,2,SELL
11691,ORD011691,ORD011392,98.35,64,SELL
11691,ORD011691,ORD011510,98.28,1,SELL
11692,ORD011692,ORD011510,98.28,62,SELL
11692,ORD011692,ORD011681,98.21,5,SELL
11695,ORD011695,ORD011679,101.47,17,BUY
11695,ORD011695,ORD011671,101.75,2,BUY
11696,ORD011696,ORD011693,99.22,2,SELL
11696,ORD011696,ORD011681,98.21,56,SELL
11697,ORD011697,ORD011681,98.21,6,SELL
11697,ORD011697,ORD011469,98.13,43,SELL
11700,ORD011700,ORD011699,100.28,79,BUY
11701,ORD011701,ORD011469,98.13,43,SELL
11701,ORD011701,ORD011522,98.12,34,SELL
11704,ORD011704,ORD011703,101.77,45,BUY
11704,ORD011704,ORD011702,101.93,37,BUY
11705,ORD011705,ORD011522,98.12,22,SELL
11709,ORD011709,ORD011707,99.94,40,SELL
11711,ORD011711,ORD011708,100.14,94,BUY
11714,ORD011714,ORD011707,99.94,20,SELL
11714,ORD011714,ORD011713,98.58,6,SELL
11719,ORD011719,ORD011716,100.05,29,BUY
11720,ORD011720,ORD011716,100.05,21,BUY
11720,ORD011720,ORD011710,101.22,9,BUY
11721,ORD011721,ORD011717,99.94,68,SELL
11724,ORD011724,ORD011721,99.68,11,BUY
11724,ORD011724,ORD011723,99.79,11,BUY
11729,ORD011729,ORD011728,100.41,48,BUY
11730,ORD011730,ORD011722,100.70,2,BUY
11730,ORD011730,ORD011710,101.22,35,BUY
11730,ORD011730,ORD011718,101.43,46,BUY
11731,ORD011731,ORD011724,100.09,2,SELL
11734,ORD011734,ORD011724,100.09,4,SELL
11734,ORD011734,ORD011733,99.69,43,SELL
11734,ORD011734,ORD011713,98.58,36,SELL
11738,ORD011738,ORD011718,101.43,30,BUY
11740,ORD011740,ORD011739,100.19,35,BUY
11740,ORD011740,ORD011718,101.43,3,BUY
11741,ORD011741,ORD011718,101.43,7,BUY
11741,ORD011741,ORD011726,101.80,42,BUY
11744,ORD011744,ORD011736,100.18,57,SELL
11744,ORD011744,ORD011735,100.09,36,SELL
11746,ORD011746,ORD011735,100.09,32,SELL
11746,ORD011746,ORD011743,99.82,40,SELL
11747,ORD011747,ORD011743,99.82,44,SELL
11751,ORD011751,ORD011748,99.90,20,BUY
11752,ORD011752,ORD011748,99.90,20,BUY
11752,ORD011752,ORD011749,100.89,62,BUY
11753,ORD011753,ORD011743,99.82,12,SELL
11753,ORD011753,ORD011750,98.72,45,SELL
11753,ORD011753,ORD011713,98.58,12,SELL
11753,ORD011753,ORD011715,98.54,29,SELL
11754,ORD011754,ORD011715,98.54,3,SELL
11754,ORD011754,ORD011706,98.44,39,SELL
11755,ORD011755,ORD011706,98.44,21,SELL
11755,ORD011755,ORD011725,98.40,10,SELL
11755,ORD011755,ORD011737,98.25,40,SELL
11755,ORD011755,ORD011522,98.12,24,SELL
11758,ORD011758,ORD011749,100.89,14,BUY
11758,ORD011758,ORD011745,101.68,30,BUY
11759,ORD011759,ORD011745,101.68,16,BUY
11759,ORD011759,ORD011742,101.72,37,BUY
11759,ORD011759,ORD011726,101.80,2,BUY
11759,ORD011759,ORD011702,101.93,31,BUY
11763,ORD011763,ORD011762,100.05,23,BUY
11763,ORD011763,ORD011702,101.93,14,BUY
11763,ORD011763,ORD011757,101.94,31,BUY
11764,ORD011764,ORD011760,99.85,13,SELL
11765,ORD011765,ORD011757,101.94,25,BUY
11768,ORD011768,ORD011760,99.85,13,SELL
11768,ORD011768,ORD011756,99.10,27,SELL
11770,ORD011770,ORD011769,100.69,59,BUY
11770,ORD011770,ORD011767,101.08,16,BUY
11774,ORD011774,ORD011772,100.28,36,SELL
11774,ORD011774,ORD011756,99.10,19,SELL
11778,ORD011778,ORD011756,99.10,34,SELL
11778,ORD011778,ORD011761,98.92,55,SELL
11779,ORD011779,ORD011761,98.92,29,SELL
11781,ORD011781,ORD011761,98.92,5,SELL
11781,ORD011781,ORD011766,98.91,26,SELL
11781,ORD011781,ORD011775,98.51,16,SELL
11781,ORD011781,ORD011522,98.12,1,SELL
11781,ORD011781,ORD011694,98.11,2,SELL
11784,ORD011784,ORD011782,99.60,74,SELL
11786,ORD011786,ORD011782,99.60,4,SELL
11787,ORD011787,ORD011780,99.62,6,BUY
11788,ORD011788,ORD011780,99.62,53,BUY
11789,ORD011789,ORD011780,99.62,17,BUY
11790,ORD011790,ORD011783,100.91,36,BUY
11790,ORD011790,ORD011777,101.15,49,BUY
11791,ORD011791,ORD011789,99.85,26,SELL
11793,ORD011793,ORD011789,99.85,28,SELL
11793,ORD011793,ORD011792,99.84,31,SELL
11793,ORD011793,ORD011782,99.60,16,SELL
11793,ORD011793,ORD011785,98.21,11,SELL
11795,ORD011795,ORD011777,101.15,42,BUY
11795,ORD011795,ORD011794,101.88,18,BUY
11799,ORD011799,ORD011797,99.80,29,BUY
11801,ORD011801,ORD011800,98.49,43,SELL
11801,ORD011801,ORD011785,98.21,22,SELL
11803,ORD011803,ORD011785,98.21,8,SELL
11803,ORD011803,ORD011694,98.11,37,SELL
11803,ORD011803,ORD011664,98.10,48,SELL
11804,ORD011804,ORD011664,98.10,16,SELL
11804,ORD011804,ORD011449,98.08,34,SELL
11805,ORD011805,ORD011449,98.08,4,SELL
11805,ORD011805,ORD011418,98.07,27,SELL
11811,ORD011811,ORD011797,99.80,9,BUY
11811,ORD011811,ORD011808,100.14,35,BUY
11811,ORD011811,ORD011802,100.63,8,BUY
11811,ORD011811,ORD011798,100.75,13,BUY
11811,ORD011811,ORD011796,101.41,34,BUY
11812,ORD011812,ORD011796,101.41,9,BUY
11813,ORD011813,ORD011796,101.41,15,BUY
11813,ORD011813,ORD011794,101.88,22,BUY
11818,ORD011818,ORD011815,99.45,13,SELL
11819,ORD011819,ORD011814,100.83,47,BUY
11820,ORD011820,ORD011814,100.83,5,BUY
11822,ORD011822,ORD011814,100.83,19,BUY
11822,ORD011822,ORD011821,101.21,21,BUY
11823,ORD011823,ORD011821,101.21,20,BUY
11826,ORD011826,ORD011815,99.45,27,SELL
11831,ORD011831,ORD011825,100.34,96,BUY
11831,ORD011831,ORD011827,100.92,1,BUY
11832,ORD011832,ORD011828,99.98,28,SELL
11833,ORD011833,ORD011828,99.98,13,SELL
11835,ORD011835,ORD011834,99.99,23,BUY
11835,ORD011835,ORD011827,100.92,7,BUY
11836,ORD011836,ORD011827,100.92,7,BUY
11836,ORD011836,ORD011829,101.46,30,BUY
11837,ORD011837,ORD011828,99.98,22,SELL
11837,ORD011837,ORD011815,99.45,43,SELL
11837,ORD011837,ORD011817,99.34,11,SELL
11838,ORD011838,ORD011817,99.34,39,SELL
11839,ORD011839,ORD011817,99.34,28,SELL
11839,ORD011839,ORD011816,99.26,13,SELL
11841,ORD011841,ORD011840,99.79,17,BUY
11844,ORD011844,ORD011816,99.26,40,SELL
11845,ORD011845,ORD011816,99.26,21,SELL
11845,ORD011845,ORD011830,99.06,48,SELL
11845,ORD011845,ORD011843,98.88,1,SELL
11846,ORD011846,ORD011843,98.88,27,SELL
11850,ORD011850,ORD011840,99.79,12,BUY
11852,ORD011852,ORD011840,99.79,34,BUY
11856,ORD011856,ORD011847,100.05,49,BUY
11857,ORD011857,ORD011854,100.04,40,SELL
11858,ORD011858,ORD011847,100.05,14,BUY
11860,ORD011860,ORD011853,100.42,8,BUY
11862,ORD011862,ORD011853,100.42,90,BUY
11862,ORD011862,ORD011829,101.46,7,BUY
11863,ORD011863,ORD011861,100.29,5,SELL
11863,ORD011863,ORD011859,100.26,58,SELL
11865,ORD011865,ORD011829,101.46,8,BUY
11865,ORD011865,ORD011842,101.85,43,BUY
11866,ORD011866,ORD011864,100.29,28,SELL
11866,ORD011866,ORD011859,100.26,37,SELL
11870,ORD011870,ORD011859,100.26,1,SELL
11870,ORD011870,ORD011858,100.24,37,SELL
11871,ORD011871,ORD011867,100.77,78,BUY
11872,ORD011872,ORD011858,100.24,37,SELL
11872,ORD011872,ORD011854,100.04,41,SELL
11872,ORD011872,ORD011852,99.81,1,SELL
11874,ORD011874,ORD011852,99.81,45,SELL
11876,ORD011876,ORD011875,99.90,55,SELL
11877,ORD011877,ORD011875,99.90,3,SELL
11880,ORD011880,ORD011879,100.29,34,SELL
11880,ORD011880,ORD011875,99.90,23,SELL
11883,ORD011883,ORD011878,100.33,81,BUY
11884,ORD011884,ORD011875,99.90,4,SELL
11886,ORD011886,ORD011875,99.90,1,SELL
11886,ORD011886,ORD011885,99.48,7,SELL
11886,ORD011886,ORD011882,98.71,47,SELL
11887,ORD011887,ORD011882,98.71,1,SELL
11889,ORD011889,ORD011878,100.33,2,BUY
11889,ORD011889,ORD011867,100.77,14,BUY
11889,ORD011889,ORD011868,100.78,39,BUY
11889,ORD011889,ORD011869,101.70,26,BUY
11893,ORD011893,ORD011891,100.29,9,SELL
11894,ORD011894,ORD011892,101.59,74,BUY
11894,ORD011894,ORD011869,101.70,25,BUY
11895,ORD011895,ORD011869,101.70,9,BUY
11895,ORD011895,ORD011873,101.77,23,BUY
11895,ORD011895,ORD011842,101.85,18,BUY
11895,ORD011895,ORD011881,102.00,29,BUY
11897,ORD011897,ORD011891,100.29,52,SELL
11904,ORD011904,ORD011901,100.48,10,BUY
11904,ORD011904,ORD011902,101.82,4,BUY
11908,ORD011908,ORD011905,100.85,18,BUY
11908,ORD011908,ORD011906,101.76,18,BUY
11910,ORD011910,ORD011891,100.29,20,SELL
11910,ORD011910,ORD011898,100.00,31,SELL
11911,ORD011911,ORD011898,100.00,45,SELL
11912,ORD011912,ORD011898,100.00,17,SELL
11912,ORD011912,ORD011890,99.80,16,SELL
11912,ORD011912,ORD011907,99.23,56,SELL
11914,ORD011914,ORD011913,100.59,48,BUY
11915,ORD011915,ORD011907,99.23,17,SELL
11918,ORD011918,ORD011917,99.64,78,SELL
11928,ORD011928,ORD011919,99.50,22,BUY
11928,ORD011928,ORD011925,99.72,53,BUY
11930,ORD011930,ORD011925,99.72,45,BUY
11930,ORD011930,ORD011913,100.59,3,BUY
11934,ORD011934,ORD011932,100.04,20,BUY
11936,ORD011936,ORD011932,100.04,40,BUY
11941,ORD011941,ORD011940,99.06,23,SELL
11943,ORD011943,ORD011937,99.51,9,BUY
11944,ORD011944,ORD011937,99.51,27,BUY
11944,ORD011944,ORD011932,100.04,15,BUY
11944,ORD011944,ORD011913,100.59,26,BUY
11948,ORD011948,ORD011913,100.59,22,BUY
11948,ORD011948,ORD011927,101.01,4,BUY
11953,ORD011953,ORD011949,100.88,27,BUY
11953,ORD011953,ORD011927,101.01,21,BUY
11953,ORD011953,ORD011926,101.33,15,BUY
11954,ORD011954,ORD011926,101.33,24,BUY
11954,ORD011954,ORD011920,101.34,39,BUY
11955,ORD011955,ORD011946,100.09,75,SELL
11956,ORD011956,ORD011920,101.34,1,BUY
11956,ORD011956,ORD011923,101.39,54,BUY
11956,ORD011956,ORD011931,101.47,12,BUY
11957,ORD011957,ORD011946,100.09,4,SELL
11957,ORD011957,ORD011947,99.89,22,SELL
11958,ORD011958,ORD011947,99.89,60,SELL
11958,ORD011958,ORD011952,98.95,24,SELL
11958,ORD011958,ORD011951,98.53,16,SELL
11959,ORD011959,ORD011951,98.53,51,SELL
11960,ORD011960,ORD011931,101.47,25,BUY
11960,ORD011960,ORD011950,101.48,20,BUY
11960,ORD011960,ORD011909,101.54,36,BUY
11964,ORD011964,ORD011962,100.85,53,BUY
11964,ORD011964,ORD011909,101.54,21,BUY
11966,ORD011966,ORD011965,101.47,73,BUY
11966,ORD011966,ORD011909,101.54,16,BUY
11968,ORD011968,ORD011909,101.54,7,BUY
11968,ORD011968,ORD011921,101.62,24,BUY
11970,ORD011970,ORD011963,99.21,69,SELL
11972,ORD011972,ORD011969,101.23,39,BUY
11974,ORD011974,ORD011971,100.06,60,SELL
11979,ORD011979,ORD011978,100.77,80,BUY
11980,ORD011980,ORD011971,100.06,37,SELL
11980,ORD011980,ORD011961,99.12,51,SELL
11983,ORD011983,ORD011978,100.77,12,BUY
11983,ORD011983,ORD011976,100.81,5,BUY
11983,ORD011983,ORD011969,101.23,25,BUY
11983,ORD011983,ORD011921,101.62,2,BUY
11983,ORD011983,ORD011906,101.76,53,BUY
11984,ORD011984,ORD011906,101.76,28,BUY
11984,ORD011984,ORD011902,101.82,50,BUY
11985,ORD011985,ORD011981,100.44,37,SELL
11986,ORD011986,ORD011981,100.44,46,SELL
11986,ORD011986,ORD011961,99.12,3,SELL
11987,ORD011987,ORD011961,99.12,3,SELL
11987,ORD011987,ORD011975,98.87,5,SELL
11988,ORD011988,ORD011975,98.87,20,SELL
11989,ORD011989,ORD011975,98.87,49,SELL
11991,ORD011991,ORD011902,101.82,40,BUY
11991,ORD011991,ORD011982,101.82,9,BUY
11991,ORD011991,ORD011929,101.83,15,BUY
11997,ORD011997,ORD011996,101.19,5,BUY
11998,ORD011998,ORD011996,101.19,10,BUY
11998,ORD011998,ORD011994,101.23,42,BUY
12001,ORD012001,ORD012000,100.23,21,SELL
12001,ORD012001,ORD011993,99.19,25,SELL
12002,ORD012002,ORD011993,99.19,24,SELL
12004,ORD012004,ORD012003,100.84,79,BUY
12004,ORD012004,ORD011994,101.23,21,BUY
12006,ORD012006,ORD011994,101.23,7,BUY
12007,ORD012007,ORD011994,101.23,19,BUY
12007,ORD012007,ORD012005,101.77,52,BUY
12007,ORD012007,ORD011929,101.83,4,BUY
12008,ORD012008,ORD011929,101.83,45,BUY
12010,ORD012010,ORD012009,101.27,2,BUY
12010,ORD012010,ORD011929,101.83,1,BUY
12010,ORD012010,ORD011903,101.90,12,BUY
12012,ORD012012,ORD011903,101.90,25,BUY
12014,ORD012014,ORD012011,99.30,63,SELL
12014,ORD012014,ORD011993,99.19,5,SELL
12014,ORD012014,ORD011999,98.91,2,SELL
12015,ORD012015,ORD011999,98.91,43,SELL
12015,ORD012015,ORD011975,98.87,24,SELL
12015,ORD012015,ORD011990,98.81,7,SELL
12016,ORD012016,ORD012013,101.00,68,BUY
12016,ORD012016,ORD011903,101.90,15,BUY
12017,ORD012017,ORD011990,98.81,19,SELL
12018,ORD012018,ORD011990,98.81,5,SELL
12018,ORD012018,ORD011951,98.53,26,SELL
12018,ORD012018,ORD011967,98.39,19,SELL
12020,ORD012020,ORD011903,101.90,31,BUY
12021,ORD012021,ORD012019,99.43,20,SELL
12021,ORD012021,ORD011967,98.39,14,SELL
12021,ORD012021,ORD011995,98.27,45,SELL
12024,ORD012024,ORD012023,100.35,55,SELL
12024,ORD012024,ORD012022,98.68,2,SELL
12024,ORD012024,ORD011995,98.27,1,SELL
12028,ORD012028,ORD012026,100.27,61,BUY
12028,ORD012028,ORD012025,101.86,33,BUY
12031,ORD012031,ORD012025,101.86,13,BUY
12033,ORD012033,ORD012030,100.50,8,SELL
12034,ORD012034,ORD012030,100.50,27,SELL
12034,ORD012034,ORD012032,98.13,18,SELL
12039,ORD012039,ORD012038,100.11,6,SELL
12042,ORD012042,ORD012036,99.19,90,SELL
12042,ORD012042,ORD012037,98.77,8,SELL
12043,ORD012043,ORD012037,98.77,27,SELL
12043,ORD012043,ORD012032,98.13,33,SELL
12044,ORD012044,ORD012040,99.55,10,BUY
12045,ORD012045,ORD012040,99.55,6,BUY
12045,ORD012045,ORD012039,99.71,77,BUY
12046,ORD012046,ORD012039,99.71,16,BUY
12046,ORD012046,ORD012035,101.24,42,BUY
12049,ORD012049,ORD012047,100.37,21,SELL
12050,ORD012050,ORD012035,101.24,13,BUY
12050,ORD012050,ORD012025,101.86,37,BUY
12053,ORD012053,ORD012047,100.37,11,SELL
12053,ORD012053,ORD012052,99.04,52,SELL
12053,ORD012053,ORD012051,98.45,6,SELL
12055,ORD012055,ORD012025,101.86,5,BUY
12057,ORD012057,ORD012051,98.45,48,SELL
12059,ORD012059,ORD012058,100.13,14,SELL
12062,ORD012062,ORD012056,101.25,28,BUY
12064,ORD012064,ORD012061,100.20,59,SELL
12068,ORD012068,ORD012061,100.20,8,SELL
12068,ORD012068,ORD012058,100.13,21,SELL
12068,ORD012068,ORD012060,99.14,35,SELL
12072,ORD012072,ORD012071,99.40,35,SELL
12074,ORD012074,ORD012071,99.40,20,SELL
12074,ORD012074,ORD012060,99.14,1,SELL
12075,ORD012075,ORD012073,99.77,83,BUY
12075,ORD012075,ORD012067,100.28,9,BUY
12077,ORD012077,ORD012076,99.88,26,SELL
12078,ORD012078,ORD012067,100.28,15,BUY
12080,ORD012080,ORD012079,99.91,59,BUY
12081,ORD012081,ORD012079,99.91,6,BUY
12081,ORD012081,ORD012067,100.28,19,BUY
12081,ORD012081,ORD012069,101.72,71,BUY
12082,ORD012082,ORD012069,101.72,9,BUY
12085,ORD012085,ORD012084,100.81,35,BUY
12085,ORD012085,ORD012083,101.70,45,BUY
12086,ORD012086,ORD012060,99.14,56,SELL
12086,ORD012086,ORD012065,99.02,12,SELL
12087,ORD012087,ORD012065,99.02,35,SELL
12087,ORD012087,ORD012066,98.98,23,SELL
12088,ORD012088,ORD012066,98.98,46,SELL
12088,ORD012088,ORD012070,98.69,35,SELL
12089,ORD012089,ORD012070,98.69,44,SELL
12091,ORD012091,ORD012070,98.69,21,SELL
12091,ORD012091,ORD012063,98.68,22,SELL
12094,ORD012094,ORD012063,98.68,31,SELL
12094,ORD012094,ORD012092,98.65,40,SELL
12102,ORD012102,ORD012095,100.11,12,SELL
12102,ORD012102,ORD012096,99.63,49,SELL
12102,ORD012102,ORD012092,98.65,1,SELL
12102,ORD012102,ORD012051,98.45,3,SELL
12103,ORD012103,ORD012101,100.38,10,BUY
12104,ORD012104,ORD012101,100.38,1,BUY
12108,ORD012108,ORD012106,99.75,50,BUY
12111,ORD012111,ORD012106,99.75,25,BUY
12111,ORD012111,ORD012101,100.38,45,BUY
12115,ORD012115,ORD012101,100.38,1,BUY
12116,ORD012116,ORD012101,100.38,4,BUY
12116,ORD012116,ORD012114,100.46,33,BUY
12116,ORD012116,ORD012107,101.23,46,BUY
12119,ORD012119,ORD012117,100.10,18,SELL
12120,ORD012120,ORD012117,100.10,27,SELL
12126,ORD012126,ORD012117,100.10,17,SELL
12126,ORD012126,ORD012112,99.78,26,SELL
12128,ORD012128,ORD012121,99.53,42,SELL
12128,ORD012128,ORD012113,99.51,45,SELL
12129,ORD012129,ORD012113,99.51,14,SELL
12129,ORD012129,ORD012127,99.41,25,SELL
12129,ORD012129,ORD012110,99.29,15,SELL
12131,ORD012131,ORD012110,99.29,33,SELL
12132,ORD012132,ORD012110,99.29,21,SELL
12135,ORD012135,ORD012126,99.63,21,BUY
12138,ORD012138,ORD012126,99.63,34,BUY
12138,ORD012138,ORD012136,99.93,6,BUY
12138,ORD012138,ORD012130,101.29,27,BUY
12141,ORD012141,ORD012140,100.25,72,BUY
12141,ORD012141,ORD012139,101.02,11,BUY
12142,ORD012142,ORD012134,99.09,54,SELL
12142,ORD012142,ORD012133,98.97,12,SELL
12144,ORD012144,ORD012139,101.02,68,BUY
12144,ORD012144,ORD012130,101.29,32,BUY
12147,ORD012147,ORD012145,100.00,1,BUY
12149,ORD012149,ORD012148,98.61,27,SELL
12150,ORD012150,ORD012148,98.61,39,SELL
12153,ORD012153,ORD012145,100.00,24,BUY
12154,ORD012154,ORD012152,100.64,48,BUY
12155,ORD012155,ORD012152,100.64,25,BUY
12157,ORD012157,ORD012153,100.21,2,SELL
12157,ORD012157,ORD012156,98.85,9,SELL
12157,ORD012157,ORD012151,98.84,26,SELL
12162,ORD012162,ORD012158,99.55,28,BUY
12163,ORD012163,ORD012158,99.55,14,BUY
12164,ORD012164,ORD012158,99.55,14,BUY
12168,ORD012168,ORD012166,99.75,17,BUY
12168,ORD012168,ORD012165,100.06,17,BUY
12169,ORD012169,ORD012151,98.84,61,SELL
12169,ORD012169,ORD012159,98.64,14,SELL
12169,ORD012169,ORD012148,98.61,8,SELL
12171,ORD012171,ORD012148,98.61,9,SELL
12172,ORD012172,ORD012165,100.06,8,BUY
12173,ORD012173,ORD012172,100.40,23,SELL
12174,ORD012174,ORD012172,100.40,23,SELL
12175,ORD012175,ORD012172,100.40,33,SELL
12177,ORD012177,ORD012176,99.60,25,BUY
12177,ORD012177,ORD012160,100.54,14,BUY
12177,ORD012177,ORD012167,101.07,5,BUY
12179,ORD012179,ORD012167,101.07,44,BUY
12182,ORD012182,ORD012181,98.02,3,SELL
12183,ORD012183,ORD012167,101.07,4,BUY
12183,ORD012183,ORD012130,101.29,20,BUY
12183,ORD012183,ORD012180,101.85,55,BUY
12185,ORD012185,ORD012180,101.85,39,BUY
12185,ORD012185,ORD012184,101.95,33,BUY
12189,ORD012189,ORD012187,100.50,16,SELL
12189,ORD012189,ORD012181,98.02,15,SELL
12191,ORD012191,ORD012186,101.02,15,BUY
12193,ORD012193,ORD012190,99.66,5,SELL
12193,ORD012193,ORD012181,98.02,6,SELL
12197,ORD012197,ORD012192,100.49,9,BUY
12203,ORD012203,ORD012202,99.70,54,SELL
12207,ORD012207,ORD012199,100.02,73,BUY
12208,ORD012208,ORD012202,99.70,13,SELL
12209,ORD012209,ORD012202,99.70,18,SELL
12210,ORD012210,ORD012199,100.02,6,BUY
12210,ORD012210,ORD012200,100.23,8,BUY
12212,ORD012212,ORD012200,100.23,18,BUY
12212,ORD012212,ORD012206,100.25,21,BUY
12217,ORD012217,ORD012214,99.76,18,SELL
12219,ORD012219,ORD012214,99.76,69,SELL
12219,ORD012219,ORD012216,98.64,8,SELL
12220,ORD012220,ORD012216,98.64,16,SELL
12222,ORD012222,ORD012221,98.21,37,SELL
12225,ORD012225,ORD012224,99.94,40,BUY
12231,ORD012231,ORD012230,99.72,28,SELL
12232,ORD012232,ORD012230,99.72,52,SELL
12232,ORD012232,ORD012229,99.69,34,SELL
12233,ORD012233,ORD012224,99.94,33,BUY
12233,ORD012233,ORD012206,100.25,12,BUY
12233,ORD012233,ORD012223,100.34,32,BUY
12234,ORD012234,ORD012229,99.69,12,SELL
12234,ORD012234,ORD012227,99.22,21,SELL
12236,ORD012236,ORD012223,100.34,49,BUY
12236,ORD012236,ORD012192,100.49,15,BUY
12237,ORD012237,ORD012192,100.49,4,BUY
12237,ORD012237,ORD012235,100.88,24,BUY
12237,ORD012237,ORD012186,101.02,3,BUY
12238,ORD012238,ORD012186,101.02,10,BUY
12238,ORD012238,ORD012205,101.02,14,BUY
12241,ORD012241,ORD012240,99.67,31,BUY
12241,ORD012241,ORD012205,101.02,46,BUY
12243,ORD012243,ORD012242,100.47,53,SELL
12244,ORD012244,ORD012205,101.02,18,BUY
12244,ORD012244,ORD012218,101.25,21,BUY
12246,ORD012246,ORD012242,100.47,10,SELL
12247,ORD012247,ORD012242,100.47,34,SELL
12247,ORD012247,ORD012245,100.08,4,SELL
12249,ORD012249,ORD012247,99.99,53,BUY
12249,ORD012249,ORD012218,101.25,43,BUY
12251,ORD012251,ORD012218,101.25,31,BUY
12251,ORD012251,ORD012239,101.52,11,BUY
12256,ORD012256,ORD012255,98.55,23,SELL
12258,ORD012258,ORD012252,100.30,6,BUY
12262,ORD012262,ORD012260,99.54,3,BUY
12263,ORD012263,ORD012260,99.54,49,BUY
12263,ORD012263,ORD012252,100.30,18,BUY
12263,ORD012263,ORD012259,100.76,2,BUY
12263,ORD012263,ORD012253,100.92,9,BUY
12268,ORD012268,ORD012264,99.03,39,SELL
12268,ORD012268,ORD012257,98.72,1,SELL
12269,ORD012269,ORD012253,100.92,66,BUY
12270,ORD012270,ORD012253,100.92,12,BUY
12271,ORD012271,ORD012253,100.92,5,BUY
12271,ORD012271,ORD012239,101.52,24,BUY
12271,ORD012271,ORD012188,101.55,34,BUY
12274,ORD012274,ORD012273,100.71,78,BUY
12276,ORD012276,ORD012272,100.07,1,SELL
12276,ORD012276,ORD012275,98.88,15,SELL
12278,ORD012278,ORD012188,101.55,54,BUY
12280,ORD012280,ORD012279,100.43,59,SELL
12280,ORD012280,ORD012277,99.36,41,SELL
12285,ORD012285,ORD012283,100.63,2,BUY
12286,ORD012286,ORD012283,100.63,75,BUY
12286,ORD012286,ORD012282,101.05,21,BUY
12287,ORD012287,ORD012282,101.05,4,BUY
12287,ORD012287,ORD012196,101.58,3,BUY
12288,ORD012288,ORD012196,101.58,32,BUY
12288,ORD012288,ORD012266,101.85,26,BUY
12288,ORD012288,ORD012267,101.86,26,BUY
12293,ORD012293,ORD012290,101.55,70,BUY
12294,ORD012294,ORD012289,99.56,47,SELL
12294,ORD012294,ORD012277,99.36,34,SELL
12294,ORD012294,ORD012281,98.95,9,SELL
12296,ORD012296,ORD012295,100.48,75,SELL
12297,ORD012297,ORD012296,100.11,10,BUY
12297,ORD012297,ORD012290,101.55,19,BUY
12297,ORD012297,ORD012267,101.86,31,BUY
12299,ORD012299,ORD012275,98.88,25,SELL
12299,ORD012299,ORD012257,98.72,18,SELL
12299,ORD012299,ORD012292,98.61,33,SELL
12300,ORD012300,ORD012292,98.61,39,SELL
12303,ORD012303,ORD012301,100.44,59,BUY
12303,ORD012303,ORD012298,101.55,28,BUY
12305,ORD012305,ORD012292,98.61,23,SELL
12306,ORD012306,ORD012304,101.04,2,BUY
12307,ORD012307,ORD012265,98.47,52,SELL
12307,ORD012307,ORD012302,98.39,3,SELL
12307,ORD012307,ORD012291,98.09,20,SELL
12310,ORD012310,ORD012308,100.25,25,SELL
12312,ORD012312,ORD012308,100.25,44,SELL
12313,ORD012313,ORD012308,100.25,6,SELL
12313,ORD012313,ORD012309,98.19,16,SELL
12316,ORD012316,ORD012314,100.22,1,SELL
12316,ORD012316,ORD012309,98.19,48,SELL
12319,ORD012319,ORD012318,99.79,65,BUY
12320,ORD012320,ORD012309,98.19,18,SELL
12322,ORD012322,ORD012318,99.79,19,BUY
12322,ORD012322,ORD012317,100.18,8,BUY
12322,ORD012322,ORD012304,101.04,14,BUY
12322,ORD012322,ORD012315,101.12,53,BUY
12327,ORD012327,ORD012324,98.21,25,SELL
12332,ORD012332,ORD012326,100.53,65,BUY
12332,ORD012332,ORD012315,101.12,31,BUY
12334,ORD012334,ORD012333,100.98,35,BUY
12336,ORD012336,ORD012333,100.98,16,BUY
12336,ORD012336,ORD012315,101.12,14,BUY
12336,ORD012336,ORD012298,101.55,4,BUY
12336,ORD012336,ORD012267,101.86,5,BUY
12336,ORD012336,ORD012261,101.90,10,BUY
12337,ORD012337,ORD012261,101.90,51,BUY
12338,ORD012338,ORD012261,101.90,23,BUY
12338,ORD012338,ORD012215,101.93,59,BUY
12341,ORD012341,ORD012339,100.78,86,BUY
12342,ORD012342,ORD012339,100.78,2,BUY
12342,ORD012342,ORD012215,101.93,10,BUY
12346,ORD012346,ORD012340,100.13,26,SELL
12350,ORD012350,ORD012335,99.73,44,SELL
12350,ORD012350,ORD012344,99.39,24,SELL
12350,ORD012350,ORD012330,99.38,7,SELL
12351,ORD012351,ORD012346,99.93,55,BUY
12352,ORD012352,ORD012349,100.97,19,BUY
12352,ORD012352,ORD012215,101.93,20,BUY
12352,ORD012352,ORD012184,101.95,8,BUY
12354,ORD012354,ORD012351,100.32,12,SELL
12355,ORD012355,ORD012184,101.95,36,BUY
12355,ORD012355,ORD012325,101.98,16,BUY
12356,ORD012356,ORD012351,100.32,1,SELL
12358,ORD012358,ORD012351,100.32,8,SELL
12359,ORD012359,ORD012358,100.28,77,BUY
12362,ORD012362,ORD012360,99.92,10,SELL
12363,ORD012363,ORD012330,99.38,60,SELL
12365,ORD012365,ORD012330,99.38,1,SELL
12365,ORD012365,ORD012329,99.30,87,SELL
12365,ORD012365,ORD012364,99.02,3,SELL
12366,ORD012366,ORD012362,99.64,38,BUY
12366,ORD012366,ORD012358,100.28,4,BUY
12366,ORD012366,ORD012361,101.01,29,BUY
12368,ORD012368,ORD012367,100.69,80,BUY
12370,ORD012370,ORD012364,99.02,23,SELL
12370,ORD012370,ORD012347,98.75,30,SELL
12370,ORD012370,ORD012345,98.54,15,SELL
12374,ORD012374,ORD012345,98.54,76,SELL
12374,ORD012374,ORD012371,98.34,24,SELL
12376,ORD012376,ORD012371,98.34,45,SELL
12377,ORD012377,ORD012371,98.34,21,SELL
12377,ORD012377,ORD012328,98.25,8,SELL
12377,ORD012377,ORD012324,98.21,26,SELL
12378,ORD012378,ORD012324,98.21,5,SELL
12378,ORD012378,ORD012331,98.13,8,SELL
12379,ORD012379,ORD012375,99.72,18,BUY
12384,ORD012384,ORD012382,99.57,93,SELL
12385,ORD012385,ORD012375,99.72,3,BUY
12385,ORD012385,ORD012367,100.69,10,BUY
12385,ORD012385,ORD012383,100.73,41,BUY
12390,ORD012390,ORD012383,100.73,35,BUY
12390,ORD012390,ORD012372,100.94,43,BUY
12391,ORD012391,ORD012386,100.29,16,SELL
12392,ORD012392,ORD012372,100.94,2,BUY
12392,ORD012392,ORD012388,101.17,29,BUY
12393,ORD012393,ORD012388,101.17,2,BUY
12394,ORD012394,ORD012388,101.17,51,BUY
12394,ORD012394,ORD012387,101.60,3,BUY
12396,ORD012396,ORD012387,101.60,39,BUY
12398,ORD012398,ORD012387,101.60,12,BUY
12398,ORD012398,ORD012395,101.80,34,BUY
12399,ORD012399,ORD012386,100.29,15,SELL
12399,ORD012399,ORD012389,100.05,27,SELL
12399,ORD012399,ORD012382,99.57,6,SELL
12399,ORD012399,ORD012331,98.13,29,SELL
12405,ORD012405,ORD012400,99.53,19,SELL
12405,ORD012405,ORD012403,98.48,67,SELL
12409,ORD012409,ORD012402,99.67,35,BUY
12412,ORD012412,ORD012402,99.67,42,BUY
12414,ORD012414,ORD012412,99.88,19,SELL
12418,ORD012418,ORD012406,100.69,9,BUY
12418,ORD012418,ORD012416,100.84,65,BUY
12420,ORD012420,ORD012416,100.84,5,BUY
12420,ORD012420,ORD012404,100.85,17,BUY
12422,ORD012422,ORD012419,98.16,36,SELL
12424,ORD012424,ORD012423,98.78,38,SELL
12427,ORD012427,ORD012426,100.70,30,BUY
12427,ORD012427,ORD012404,100.85,11,BUY
12428,ORD012428,ORD012425,100.10,65,SELL
12431,ORD012431,ORD012425,100.10,32,SELL
12432,ORD012432,ORD012431,99.75,27,BUY
12432,ORD012432,ORD012404,100.85,21,BUY
12432,ORD012432,ORD012410,100.86,12,BUY
12432,ORD012432,ORD012401,100.91,1,BUY
12434,ORD012434,ORD012430,99.48,38,SELL
12434,ORD012434,ORD012429,98.45,9,SELL
12434,ORD012434,ORD012433,98.19,7,SELL
12437,ORD012437,ORD012435,98.93,12,SELL
12437,ORD012437,ORD012436,98.88,39,SELL
12441,ORD012441,ORD012438,99.82,4,SELL
12442,ORD012442,ORD012438,99.82,10,SELL
12443,ORD012443,ORD012438,99.82,48,SELL
12444,ORD012444,ORD012401,100.91,34,BUY
12444,ORD012444,ORD012408,101.47,22,BUY
12445,ORD012445,ORD012408,101.47,15,BUY
12447,ORD012447,ORD012438,99.82,4,SELL
12449,ORD012449,ORD012438,99.82,11,SELL
12449,ORD012449,ORD012448,99.77,75,SELL
12451,ORD012451,ORD012408,101.47,52,BUY
12451,ORD012451,ORD012395,101.80,8,BUY
12454,ORD012454,ORD012453,100.47,70,BUY
12454,ORD012454,ORD012452,100.55,28,BUY
12455,ORD012455,ORD012448,99.77,15,SELL
12455,ORD012455,ORD012446,99.40,69,SELL
12457,ORD012457,ORD012446,99.40,4,SELL
12457,ORD012457,ORD012456,99.10,41,SELL
12459,ORD012459,ORD012458,100.49,39,BUY
12459,ORD012459,ORD012452,100.55,19,BUY
12460,ORD012460,ORD012456,99.10,20,SELL
12460,ORD012460,ORD012436,98.88,55,SELL
12460,ORD012460,ORD012450,98.70,13,SELL
12461,ORD012461,ORD012450,98.70,45,SELL
12463,ORD012463,ORD012450,98.70,20,SELL
12463,ORD012463,ORD012433,98.19,31,SELL
12464,ORD012464,ORD012462,100.02,14,BUY
12464,ORD012464,ORD012452,100.55,14,BUY
12464,ORD012464,ORD012395,101.80,43,BUY
12464,ORD012464,ORD012373,101.81,1,BUY
12465,ORD012465,ORD012433,98.19,55,SELL
12467,ORD012467,ORD012373,101.81,68,BUY
12468,ORD012468,ORD012373,101.81,15,BUY
12470,ORD012470,ORD012469,99.67,65,SELL
12470,ORD012470,ORD012466,99.65,10,SELL
12473,ORD012473,ORD012471,98.83,19,SELL
12474,ORD012474,ORD012471,98.83,71,SELL
12476,ORD012476,ORD012475,99.01,17,SELL
12479,ORD012479,ORD012475,99.01,14,SELL
12480,ORD012480,ORD012475,99.01,10,SELL
12480,ORD012480,ORD012477,98.58,43,SELL
12481,ORD012481,ORD012478,100.83,94,BUY
12483,ORD012483,ORD012482,99.16,14,SELL
12483,ORD012483,ORD012477,98.58,8,SELL
12484,ORD012484,ORD012477,98.58,16,SELL
12487,ORD012487,ORD012485,100.44,20,BUY
12487,ORD012487,ORD012486,100.90,11,BUY
12488,ORD012488,ORD012486,100.90,15,BUY
12495,ORD012495,ORD012494,100.04,72,BUY
12499,ORD012499,ORD012496,100.06,31,SELL
12499,ORD012499,ORD012498,98.98,43,SELL
12501,ORD012501,ORD012497,100.12,76,BUY
12501,ORD012501,ORD012500,100.78,7,BUY
12503,ORD012503,ORD012498,98.98,24,SELL
12503,ORD012503,ORD012502,98.65,39,SELL
12506,ORD012506,ORD012504,98.95,4,SELL
12510,ORD012510,ORD012500,100.78,75,BUY
12512,ORD012512,ORD012500,100.78,15,BUY
12512,ORD012512,ORD012509,101.22,6,BUY
12512,ORD012512,ORD012505,101.93,54,BUY
12517,ORD012517,ORD012516,99.91,30,BUY
12518,ORD012518,ORD012517,100.15,7,SELL
12520,ORD012520,ORD012517,100.15,21,SELL
12520,ORD012520,ORD012513,99.61,65,SELL
12520,ORD012520,ORD012511,98.23,11,SELL
12523,ORD012523,ORD012522,100.27,8,BUY
12524,ORD012524,ORD012522,100.27,27,BUY
12529,ORD012529,ORD012527,99.69,27,BUY
12530,ORD012530,ORD012527,99.69,20,BUY
12533,ORD012533,ORD012527,99.69,8,BUY
12533,ORD012533,ORD012525,100.11,92,BUY
12534,ORD012534,ORD012532,98.05,53,SELL
12535,ORD012535,ORD012531,100.75,67,BUY
12535,ORD012535,ORD012528,101.01,13,BUY
12538,ORD012538,ORD012536,98.75,30,SELL
12540,ORD012540,ORD012536,98.75,62,SELL
12540,ORD012540,ORD012532,98.05,17,SELL
12545,ORD012545,ORD012528,101.01,45,BUY
12553,ORD012553,ORD012550,99.29,71,SELL
12553,ORD012553,ORD012547,99.18,5,SELL
12553,ORD012553,ORD012543,98.70,8,SELL
12557,ORD012557,ORD012546,100.69,43,BUY
12558,ORD012558,ORD012546,100.69,6,BUY
12558,ORD012558,ORD012528,101.01,4,BUY
12559,ORD012559,ORD012556,100.49,6,SELL
12561,ORD012561,ORD012556,100.49,25,SELL
12561,ORD012561,ORD012555,99.01,71,SELL
12564,ORD012564,ORD012555,99.01,10,SELL
12566,ORD012566,ORD012528,101.01,17,BUY
12566,ORD012566,ORD012548,101.01,43,BUY
12568,ORD012568,ORD012567,100.26,8,SELL
12569,ORD012569,ORD012567,100.26,17,SELL
12569,ORD012569,ORD012562,98.90,38,SELL
12570,ORD012570,ORD012548,101.01,7,BUY
12570,ORD012570,ORD012554,101.05,19,BUY
12571,ORD012571,ORD012554,101.05,45,BUY
12573,ORD012573,ORD012572,100.35,51,BUY
12573,ORD012573,ORD012554,101.05,9,BUY
12577,ORD012577,ORD012574,99.74,45,SELL
12577,ORD012577,ORD012562,98.90,9,SELL
12580,ORD012580,ORD012562,98.90,1,SELL
12582,ORD012582,ORD012562,98.90,51,SELL
12582,ORD012582,ORD012543,98.70,7,SELL
12584,ORD012584,ORD012583,99.54,24,BUY
12585,ORD012585,ORD012583,99.54,37,BUY
12585,ORD012585,ORD012554,101.05,18,BUY
12587,ORD012587,ORD012543,98.70,15,SELL
12588,ORD012588,ORD012554,101.05,3,BUY
12588,ORD012588,ORD012576,101.09,41,BUY
12588,ORD012588,ORD012575,101.15,8,BUY
12590,ORD012590,ORD012589,100.59,6,BUY
12590,ORD012590,ORD012575,101.15,39,BUY
12594,ORD012594,ORD012592,100.10,28,BUY
12594,ORD012594,ORD012575,101.15,8,BUY
12594,ORD012594,ORD012539,101.23,40,BUY
12597,ORD012597,ORD012593,99.27,74,SELL
12597,ORD012597,ORD012591,98.95,25,SELL
12598,ORD012598,ORD012591,98.95,58,SELL
12598,ORD012598,ORD012543,98.70,25,SELL
12598,ORD012598,ORD012549,98.43,6,SELL
12600,ORD012600,ORD012599,99.38,25,SELL
12600,ORD012600,ORD012549,98.43,25,SELL
12601,ORD012601,ORD012549,98.43,40,SELL
12601,ORD012601,ORD012560,98.35,17,SELL
12601,ORD012601,ORD012586,98.35,27,SELL
12601,ORD012601,ORD012581,98.27,2,SELL
12602,ORD012602,ORD012596,101.19,7,BUY
12602,ORD012602,ORD012539,101.23,14,BUY
12602,ORD012602,ORD012544,101.27,2,BUY
12602,ORD012602,ORD012552,101.73,24,BUY
12604,ORD012604,ORD012603,100.87,40,BUY
12604,ORD012604,ORD012552,101.73,12,BUY
12605,ORD012605,ORD012581,98.27,9,SELL
12606,ORD012606,ORD012581,98.27,63,SELL
12607,ORD012607,ORD012552,101.73,47,BUY
12608,ORD012608,ORD012552,101.73,9,BUY
12608,ORD012608,ORD012595,101.74,12,BUY
12608,ORD012608,ORD012578,101.83,72,BUY
12609,ORD012609,ORD012581,98.27,24,SELL
12609,ORD012609,ORD012565,98.04,12,SELL
12611,ORD012611,ORD012610,99.34,50,SELL
12612,ORD012612,ORD012578,101.83,3,BUY
12616,ORD012616,ORD012615,98.32,12,SELL
12621,ORD012621,ORD012618,99.73,26,SELL
12622,ORD012622,ORD012620,99.74,41,BUY
12625,ORD012625,ORD012620,99.74,44,BUY
12626,ORD012626,ORD012620,99.74,3,BUY
12626,ORD012626,ORD012617,100.09,23,BUY
12629,ORD012629,ORD012617,100.09,38,BUY
12631,ORD012631,ORD012617,100.09,14,BUY
12632,ORD012632,ORD012631,100.23,58,SELL
12633,ORD012633,ORD012631,100.23,7,SELL
12634,ORD012634,ORD012613,100.47,65,BUY
12635,ORD012635,ORD012613,100.47,14,BUY
12635,ORD012635,ORD012627,101.16,47,BUY
12636,ORD012636,ORD012631,100.23,13,SELL
12637,ORD012637,ORD012627,101.16,23,BUY
12639,ORD012639,ORD012631,100.23,5,SELL
12643,ORD012643,ORD012639,100.15,8,BUY
12646,ORD012646,ORD012645,99.70,74,BUY
12648,ORD012648,ORD012645,99.70,20,BUY
12648,ORD012648,ORD012639,100.15,43,BUY
12649,ORD012649,ORD012640,99.60,1,SELL
12649,ORD012649,ORD012630,98.87,30,SELL
12649,ORD012649,ORD012644,98.69,52,SELL
12651,ORD012651,ORD012644,98.69,19,SELL
12653,ORD012653,ORD012639,100.15,5,BUY
12653,ORD012653,ORD012650,100.31,10,BUY
12654,ORD012654,ORD012653,100.36,6,SELL
12655,ORD012655,ORD012638,100.59,60,BUY
12657,ORD012657,ORD012638,100.59,4,BUY
12657,ORD012657,ORD012647,100.90,63,BUY
12658,ORD012658,ORD012653,100.36,16,SELL
12659,ORD012659,ORD012653,100.36,43,SELL
12659,ORD012659,ORD012656,99.74,6,SELL
12660,ORD012660,ORD012647,100.90,30,BUY
12660,ORD012660,ORD012652,101.09,44,BUY
12662,ORD012662,ORD012661,100.45,58,SELL
12664,ORD012664,ORD012656,99.74,41,SELL
12665,ORD012665,ORD012656,99.74,31,SELL
12666,ORD012666,ORD012662,100.44,1,BUY
12666,ORD012666,ORD012652,101.09,52,BUY
12666,ORD012666,ORD012627,101.16,7,BUY
12670,ORD012670,ORD012667,99.98,72,BUY
12675,ORD012675,ORD012667,99.98,22,BUY
12675,ORD012675,ORD012627,101.16,14,BUY
12675,ORD012675,ORD012623,101.17,7,BUY
12679,ORD012679,ORD012677,100.46,97,SELL
12680,ORD012680,ORD012676,100.96,81,BUY
12680,ORD012680,ORD012623,101.17,7,BUY
12684,ORD012684,ORD012623,101.17,8,BUY
12684,ORD012684,ORD012663,101.33,29,BUY
12685,ORD012685,ORD012677,100.46,3,SELL
12685,ORD012685,ORD012678,100.04,8,SELL
12686,ORD012686,ORD012678,100.04,35,SELL
12686,ORD012686,ORD012682,99.68,24,SELL
12692,ORD012692,ORD012682,99.68,19,SELL
12694,ORD012694,ORD012682,99.68,50,SELL
12696,ORD012696,ORD012695,98.62,8,SELL
12700,ORD012700,ORD012689,99.90,11,BUY
12701,ORD012701,ORD012695,98.62,5,SELL
12702,ORD012702,ORD012697,98.30,15,SELL
12702,ORD012702,ORD012699,98.11,11,SELL
12703,ORD012703,ORD012689,99.90,62,BUY
12708,ORD012708,ORD012707,99.72,26,BUY
12709,ORD012709,ORD012707,99.72,58,BUY
12710,ORD012710,ORD012689,99.90,6,BUY
12710,ORD012710,ORD012693,99.95,2,BUY
12710,ORD012710,ORD012704,100.20,30,BUY
12711,ORD012711,ORD012709,99.79,8,SELL
12711,ORD012711,ORD012706,98.85,33,SELL
12712,ORD012712,ORD012704,100.20,15,BUY
12712,ORD012712,ORD012690,100.44,33,BUY
12712,ORD012712,ORD012688,100.49,16,BUY
12712,ORD012712,ORD012663,101.33,9,BUY
12713,ORD012713,ORD012706,98.85,34,SELL
12715,ORD012715,ORD012706,98.85,9,SELL
12716,ORD012716,ORD012714,101.03,40,BUY
12717,ORD012717,ORD012714,101.03,36,BUY
12724,ORD012724,ORD012714,101.03,5,BUY
12724,ORD012724,ORD012663,101.33,10,BUY
12724,ORD012724,ORD012624,101.42,69,BUY
12725,ORD012725,ORD012624,101.42,29,BUY
12725,ORD012725,ORD012578,101.83,19,BUY
12725,ORD012725,ORD012579,101.84,36,BUY
12725,ORD012725,ORD012674,101.85,16,BUY
12730,ORD012730,ORD012674,101.85,2,BUY
12730,ORD012730,ORD012537,101.87,42,BUY
12730,ORD012730,ORD012691,101.93,7,BUY
12730,ORD012730,ORD012619,101.95,18,BUY
12731,ORD012731,ORD012728,100.15,31,SELL
12731,ORD012731,ORD012729,100.05,51,SELL
12732,ORD012732,ORD012731,99.80,7,BUY
12737,ORD012737,ORD012732,100.45,80,SELL
12745,ORD012745,ORD012732,100.45,9,SELL
12745,ORD012745,ORD012743,99.80,46,SELL
12746,ORD012746,ORD012742,101.30,46,BUY
12747,ORD012747,ORD012743,99.80,21,SELL
12749,ORD012749,ORD012743,99.80,22,SELL
12749,ORD012749,ORD012721,98.69,45,SELL
12753,ORD012753,ORD012751,99.85,92,BUY
12753,ORD012753,ORD012750,101.24,4,BUY
12754,ORD012754,ORD012721,98.69,4,SELL
12754,ORD012754,ORD012726,98.66,34,SELL
12757,ORD012757,ORD012756,100.19,40,BUY
12758,ORD012758,ORD012755,99.94,45,SELL
12759,ORD012759,ORD012755,99.94,25,SELL
12760,ORD012760,ORD012726,98.66,27,SELL
12760,ORD012760,ORD012722,98.64,48,SELL
12761,ORD012761,ORD012759,99.58,35,BUY
12762,ORD012762,ORD012759,99.58,29,BUY
12762,ORD012762,ORD012756,100.19,19,BUY
12763,ORD012763,ORD012722,98.64,1,SELL
12764,ORD012764,ORD012722,98.64,34,SELL
12766,ORD012766,ORD012765,99.67,4,SELL
12766,ORD012766,ORD012722,98.64,11,SELL
12766,ORD012766,ORD012752,98.63,56,SELL
12766,ORD012766,ORD012741,98.62,21,SELL
12768,ORD012768,ORD012756,100.19,1,BUY
12768,ORD012768,ORD012750,101.24,24,BUY
12769,ORD012769,ORD012741,98.62,16,SELL
12771,ORD012771,ORD012770,100.69,37,BUY
12771,ORD012771,ORD012750,101.24,8,BUY
12772,ORD012772,ORD012750,101.24,49,BUY
12785,ORD012785,ORD012780,100.40,2,SELL
12785,ORD012785,ORD012773,100.15,3,SELL
12792,ORD012792,ORD012773,100.15,69,SELL
12792,ORD012792,ORD012783,100.09,18,SELL
12794,ORD012794,ORD012783,100.09,24,SELL
12798,ORD012798,ORD012796,100.22,36,BUY
12798,ORD012798,ORD012795,101.91,3,BUY
12801,ORD012801,ORD012783,100.09,32,SELL
12802,ORD012802,ORD012801,100.01,66,BUY
12803,ORD012803,ORD012802,100.33,23,SELL
12803,ORD012803,ORD012777,100.00,17,SELL
12806,ORD012806,ORD012777,100.00,19,SELL
12806,ORD012806,ORD012804,99.83,56,SELL
12807,ORD012807,ORD012804,99.83,17,SELL
12807,ORD012807,ORD012778,99.70,43,SELL
12809,ORD012809,ORD012805,101.81,29,BUY
12810,ORD012810,ORD012805,101.81,48,BUY
12811,ORD012811,ORD012808,99.76,7,SELL
12811,ORD012811,ORD012778,99.70,20,SELL
12811,ORD012811,ORD012775,99.29,17,SELL
12813,ORD012813,ORD012775,99.29,7,SELL
12813,ORD012813,ORD012741,98.62,8,SELL
12815,ORD012815,ORD012814,100.85,8,BUY
12818,ORD012818,ORD012741,98.62,11,SELL
12818,ORD012818,ORD012723,98.51,59,SELL
12818,ORD012818,ORD012727,98.40,3,SELL
12818,ORD012818,ORD012800,98.36,2,SELL
12819,ORD012819,ORD012800,98.36,51,SELL
12820,ORD012820,ORD012800,98.36,16,SELL
12821,ORD012821,ORD012817,100.99,15,BUY
12825,ORD012825,ORD012823,100.06,1,SELL
12825,ORD012825,ORD012822,99.86,33,SELL
12826,ORD012826,ORD012822,99.86,57,SELL
12826,ORD012826,ORD012824,98.45,9,SELL
12828,ORD012828,ORD012827,99.22,58,SELL
12829,ORD012829,ORD012827,99.22,26,SELL
12829,ORD012829,ORD012824,98.45,5,SELL
12832,ORD012832,ORD012830,100.25,6,SELL
12833,ORD012833,ORD012831,100.99,1,BUY
12834,ORD012834,ORD012830,100.25,29,SELL
12834,ORD012834,ORD012824,98.45,21,SELL
12834,ORD012834,ORD012800,98.36,9,SELL
12834,ORD012834,ORD012776,98.32,11,SELL
12835,ORD012835,ORD012831,100.99,3,BUY
12837,ORD012837,ORD012776,98.32,12,SELL
12837,ORD012837,ORD012734,98.28,28,SELL
12837,ORD012837,ORD012797,98.27,50,SELL
12838,ORD012838,ORD012836,101.40,1,BUY
12840,ORD012840,ORD012836,101.40,15,BUY
12841,ORD012841,ORD012836,101.40,34,BUY
12844,ORD012844,ORD012842,100.48,46,SELL
12846,ORD012846,ORD012842,100.48,32,SELL
12846,ORD012846,ORD012839,99.08,3,SELL
12846,ORD012846,ORD012843,98.82,57,SELL
12851,ORD012851,ORD012850,101.26,60,BUY
12854,ORD012854,ORD012848,99.92,53,SELL
12854,ORD012854,ORD012843,98.82,36,SELL
12854,ORD012854,ORD012797,98.27,3,SELL
12856,ORD012856,ORD012855,100.86,11,BUY
12856,ORD012856,ORD012850,101.26,26,BUY
12859,ORD012859,ORD012857,100.13,50,SELL
12862,ORD012862,ORD012861,101.70,39,BUY
12864,ORD012864,ORD012857,100.13,20,SELL
12864,ORD012864,ORD012797,98.27,22,SELL
12864,ORD012864,ORD012845,98.21,9,SELL
12867,ORD012867,ORD012866,99.47,3,SELL
12867,ORD012867,ORD012845,98.21,38,SELL
12867,ORD012867,ORD012865,98.17,33,SELL
12868,ORD012868,ORD012865,98.17,15,SELL
12872,ORD012872,ORD012870,100.44,87,SELL
12872,ORD012872,ORD012869,100.06,3,SELL
12873,ORD012873,ORD012869,100.06,31,SELL
12874,ORD012874,ORD012869,100.06,25,SELL
12874,ORD012874,ORD012865,98.17,37,SELL
12876,ORD012876,ORD012875,100.37,72,BUY
12876,ORD012876,ORD012863,100.60,25,BUY
12880,ORD012880,ORD012879,99.42,19,SELL
12881,ORD012881,ORD012863,100.60,54,BUY
12886,ORD012886,ORD012885,100.15,18,BUY
12886,ORD012886,ORD012863,100.60,7,BUY
12886,ORD012886,ORD012861,101.70,2,BUY
12890,ORD012890,ORD012887,100.12,59,SELL
12891,ORD012891,ORD012887,100.12,15,SELL
12892,ORD012892,ORD012887,100.12,9,SELL
12892,ORD012892,ORD012884,98.51,56,SELL
12898,ORD012898,ORD012896,99.78,20,BUY
12898,ORD012898,ORD012893,99.94,5,BUY
12903,ORD012903,ORD012899,98.52,17,SELL
12903,ORD012903,ORD012902,98.21,17,SELL
12904,ORD012904,ORD012893,99.94,90,BUY
12905,ORD012905,ORD012900,100.88,66,BUY
12905,ORD012905,ORD012895,101.83,4,BUY
12906,ORD012906,ORD012895,101.83,27,BUY
12909,ORD012909,ORD012904,100.37,7,SELL
12909,ORD012909,ORD012907,98.76,19,SELL
12910,ORD012910,ORD012908,101.74,16,BUY
12911,ORD012911,ORD012908,101.74,47,BUY
12915,ORD012915,ORD012912,99.81,57,BUY
12915,ORD012915,ORD012913,101.53,1,BUY
12916,ORD012916,ORD012907,98.76,28,SELL
12920,ORD012920,ORD012913,101.53,2,BUY
12922,ORD012922,ORD012917,100.13,82,SELL
12924,ORD012924,ORD012913,101.53,10,BUY
12929,ORD012929,ORD012917,100.13,7,SELL
12929,ORD012929,ORD012918,99.56,19,SELL
12930,ORD012930,ORD012918,99.56,39,SELL
12930,ORD012930,ORD012921,99.05,49,SELL
12931,ORD012931,ORD012913,101.53,80,BUY
12931,ORD012931,ORD012908,101.74,11,BUY
12933,ORD012933,ORD012908,101.74,21,BUY
12933,ORD012933,ORD012928,101.75,7,BUY
12938,ORD012938,ORD012936,100.29,28,BUY
12938,ORD012938,ORD012934,100.86,3,BUY
12938,ORD012938,ORD012935,101.31,53,BUY
12939,ORD012939,ORD012932,100.26,34,SELL
12942,ORD012942,ORD012935,101.31,3,BUY
12942,ORD012942,ORD012928,101.75,62,BUY
12942,ORD012942,ORD012941,101.87,27,BUY
12945,ORD012945,ORD012932,100.26,43,SELL
12946,ORD012946,ORD012932,100.26,18,SELL
12946,ORD012946,ORD012921,99.05,12,SELL
12946,ORD012946,ORD012940,99.02,51,SELL
12948,ORD012948,ORD012944,100.81,29,BUY
12949,ORD012949,ORD012944,100.81,57,BUY
12949,ORD012949,ORD012943,101.50,12,BUY
12951,ORD012951,ORD012950,101.16,15,BUY
12951,ORD012951,ORD012943,101.50,24,BUY
12951,ORD012951,ORD012941,101.87,38,BUY
12952,ORD012952,ORD012947,99.47,33,SELL
12952,ORD012952,ORD012940,99.02,43,SELL
12952,ORD012952,ORD012907,98.76,6,SELL
12955,ORD012955,ORD012953,101.45,27,BUY
12955,ORD012955,ORD012941,101.87,7,BUY
12957,ORD012957,ORD012956,100.10,72,BUY
12964,ORD012964,ORD012956,100.10,7,BUY
12964,ORD012964,ORD012962,101.85,44,BUY
12965,ORD012965,ORD012954,99.98,57,SELL
12965,ORD012965,ORD012959,99.96,8,SELL
12966,ORD012966,ORD012959,99.96,61,SELL
12969,ORD012969,ORD012968,100.07,40,SELL
12969,ORD012969,ORD012959,99.96,5,SELL
12971,ORD012971,ORD012970,100.63,27,BUY
12971,ORD012971,ORD012967,101.19,23,BUY
12973,ORD012973,ORD012967,101.19,69,BUY
12975,ORD012975,ORD012974,100.44,17,SELL
12976,ORD012976,ORD012974,100.44,50,SELL
12977,ORD012977,ORD012976,100.11,21,BUY
12980,ORD012980,ORD012959,99.96,1,SELL
12980,ORD012980,ORD012961,99.81,2,SELL
12980,ORD012980,ORD012960,99.71,11,SELL
12980,ORD012980,ORD012958,98.86,28,SELL
12980,ORD012980,ORD012972,98.80,37,SELL
12980,ORD012980,ORD012907,98.76,9,SELL
12982,ORD012982,ORD012907,98.76,8,SELL
12984,ORD012984,ORD012979,101.52,38,BUY
12985,ORD012985,ORD012983,99.50,85,SELL
12985,ORD012985,ORD012907,98.76,1,SELL
12987,ORD012987,ORD012907,98.76,19,SELL
12987,ORD012987,ORD012927,98.46,6,SELL
12988,ORD012988,ORD012986,101.33,19,BUY
12988,ORD012988,ORD012979,101.52,14,BUY
12989,ORD012989,ORD012979,101.52,3,BUY
12992,ORD012992,ORD012991,100.25,3,BUY
12994,ORD012994,ORD012993,98.65,43,SELL
12994,ORD012994,ORD012981,98.40,2,SELL
12998,ORD012998,ORD012981,98.40,20,SELL
12998,ORD012998,ORD012937,98.25,1,SELL
13003,ORD013003,ORD012937,98.25,40,SELL
13004,ORD013004,ORD012997,99.53,67,BUY
13004,ORD013004,ORD012996,100.38,1,BUY
13004,ORD013004,ORD013000,100.76,17,BUY
13005,ORD013005,ORD012937,98.25,14,SELL
13005,ORD013005,ORD012923,98.23,19,SELL
13006,ORD013006,ORD013000,100.76,30,BUY
13007,ORD013007,ORD013000,100.76,21,BUY
13009,ORD013009,ORD012923,98.23,79,SELL
13009,ORD013009,ORD012902,98.21,5,SELL
13011,ORD013011,ORD013010,99.11,72,SELL
13012,ORD013012,ORD012999,100.94,34,BUY
13014,ORD013014,ORD013013,99.93,4,SELL
13014,ORD013014,ORD013010,99.11,7,SELL
13014,ORD013014,ORD012902,98.21,27,SELL
13016,ORD013016,ORD012902,98.21,14,SELL
13017,ORD013017,ORD012902,98.21,27,SELL
13017,ORD013017,ORD012919,98.17,41,SELL
13017,ORD013017,ORD012914,98.12,6,SELL
13018,ORD013018,ORD012999,100.94,41,BUY
13018,ORD013018,ORD013015,101.08,11,BUY
13019,ORD013019,ORD013015,101.08,15,BUY
13020,ORD013020,ORD013015,101.08,14,BUY
13020,ORD013020,ORD013002,101.72,85,BUY
13021,ORD013021,ORD013002,101.72,8,BUY
13021,ORD013021,ORD013008,101.74,6,BUY
13024,ORD013024,ORD012914,98.12,11,SELL
13027,ORD013027,ORD013026,100.23,39,SELL
13032,ORD013032,ORD013029,101.41,52,BUY
13036,ORD013036,ORD013035,100.29,12,BUY
13040,ORD013040,ORD013035,100.29,12,BUY
13044,ORD013044,ORD013043,99.97,42,BUY
13045,ORD013045,ORD013043,99.97,23,BUY
13045,ORD013045,ORD013035,100.29,58,BUY
13045,ORD013045,ORD013033,100.43,18,BUY
13045,ORD013045,ORD013029,101.41,1,BUY
13048,ORD013048,ORD013042,99.72,73,SELL
13048,ORD013048,ORD013041,99.62,21,SELL
13049,ORD013049,ORD013041,99.62,19,SELL
13049,ORD013049,ORD013039,99.43,17,SELL
13051,ORD013051,ORD013050,99.65,23,BUY
13052,ORD013052,ORD013051,100.06,62,SELL
13052,ORD013052,ORD013039,99.43,19,SELL
13053,ORD013053,ORD013029,101.41,4,BUY
13054,ORD013054,ORD013039,99.43,63,SELL
13054,ORD013054,ORD013046,98.06,34,SELL
13057,ORD013057,ORD013055,99.31,57,SELL
13057,ORD013057,ORD013046,98.06,18,SELL
13059,ORD013059,ORD013058,99.62,23,BUY
13059,ORD013059,ORD013056,100.10,39,BUY
13061,ORD013061,ORD013059,100.39,20,SELL
13062,ORD013062,ORD013060,100.99,6,BUY
13063,ORD013063,ORD013059,100.39,11,SELL
13065,ORD013065,ORD013046,98.06,12,SELL
13069,ORD013069,ORD013066,99.92,67,BUY
13070,ORD013070,ORD013066,99.92,15,BUY
13070,ORD013070,ORD013063,100.24,67,BUY
13074,ORD013074,ORD013063,100.24,3,BUY
13077,ORD013077,ORD013063,100.24,7,BUY
13077,ORD013077,ORD013071,100.55,11,BUY
13079,ORD013079,ORD013071,100.55,51,BUY
13079,ORD013079,ORD013064,100.64,8,BUY
13079,ORD013079,ORD013078,100.79,11,BUY
13081,ORD013081,ORD013078,100.79,61,BUY
13081,ORD013081,ORD013080,101.17,4,BUY
13082,ORD013082,ORD013072,99.05,51,SELL
13083,ORD013083,ORD013072,99.05,30,SELL
13083,ORD013083,ORD013073,98.37,22,SELL
13083,ORD013083,ORD013076,98.37,14,SELL
13084,ORD013084,ORD013076,98.37,8,SELL
13085,ORD013085,ORD013080,101.17,82,BUY
13085,ORD013085,ORD013075,101.55,15,BUY
13086,ORD013086,ORD013075,101.55,34,BUY
13088,ORD013088,ORD013087,100.14,17,BUY
13093,ORD013093,ORD013092,100.81,7,BUY
13094,ORD013094,ORD013092,100.81,1,BUY
13095,ORD013095,ORD013092,100.81,49,BUY
13095,ORD013095,ORD013089,101.43,10,BUY
13098,ORD013098,ORD013088,100.18,30,SELL
13100,ORD013100,ORD013096,100.45,69,BUY
13101,ORD013101,ORD013088,100.18,20,SELL
13103,ORD013103,ORD013101,99.64,36,BUY
13103,ORD013103,ORD013096,100.45,29,BUY
13103,ORD013103,ORD013097,100.60,30,BUY
13104,ORD013104,ORD013097,100.60,33,BUY
13104,ORD013104,ORD013102,100.65,54,BUY
13109,ORD013109,ORD013105,100.50,36,BUY
13109,ORD013109,ORD013102,100.65,22,BUY
13110,ORD013110,ORD013108,99.12,7,SELL
13116,ORD013116,ORD013102,100.65,22,BUY
13117,ORD013117,ORD013099,100.75,64,BUY
13117,ORD013117,ORD013115,100.80,23,BUY
13121,ORD013121,ORD013119,99.80,2,BUY
13122,ORD013122,ORD013114,99.23,14,SELL
13123,ORD013123,ORD013119,99.80,29,BUY
13126,ORD013126,ORD013125,99.35,89,SELL
13129,ORD013129,ORD013125,99.35,1,SELL
13129,ORD013129,ORD013114,99.23,2,SELL
13129,ORD013129,ORD013127,99.20,5,SELL
13129,ORD013129,ORD013128,98.59,66,SELL
13130,ORD013130,ORD013124,99.57,4,BUY
13132,ORD013132,ORD013124,99.57,75,BUY
13135,ORD013135,ORD013124,99.57,21,BUY
13135,ORD013135,ORD013119,99.80,10,BUY
13135,ORD013135,ORD013133,100.70,14,BUY
13136,ORD013136,ORD013133,100.70,46,BUY
13136,ORD013136,ORD013115,100.80,40,BUY
13137,ORD013137,ORD013115,100.80,32,BUY
13137,ORD013137,ORD013131,100.90,26,BUY
13137,ORD013137,ORD013089,101.43,1,BUY
13142,ORD013142,ORD013138,99.87,68,SELL
13142,ORD013142,ORD013128,98.59,20,SELL
13143,ORD013143,ORD013139,99.94,29,BUY
13143,ORD013143,ORD013089,101.43,11,BUY
13143,ORD013143,ORD013113,101.47,54,BUY
13144,ORD013144,ORD013113,101.47,12,BUY
13144,ORD013144,ORD013075,101.55,4,BUY
13145,ORD013145,ORD013075,101.55,47,BUY
13145,ORD013145,ORD013134,101.55,35,BUY
13145,ORD013145,ORD013090,101.65,12,BUY
13147,ORD013147,ORD013146,99.04,57,SELL
13148,ORD013148,ORD013128,98.59,4,SELL
13148,ORD013148,ORD013118,98.56,16,SELL
13148,ORD013148,ORD013120,98.49,26,SELL
13150,ORD013150,ORD013120,98.49,55,SELL
13155,ORD013155,ORD013151,100.08,89,BUY
13155,ORD013155,ORD013153,100.50,8,BUY
13157,ORD013157,ORD013153,100.50,13,BUY
13157,ORD013157,ORD013152,100.99,49,BUY
13160,ORD013160,ORD013156,100.47,9,SELL
13162,ORD013162,ORD013160,99.62,15,BUY
13162,ORD013162,ORD013152,100.99,14,BUY
13162,ORD013162,ORD013090,101.65,5,BUY
13163,ORD013163,ORD013154,99.20,25,SELL
13163,ORD013163,ORD013159,98.51,64,SELL
13167,ORD013167,ORD013166,101.32,4,BUY
13169,ORD013169,ORD013159,98.51,1,SELL
13170,ORD013170,ORD013159,98.51,17,SELL
13170,ORD013170,ORD013161,98.22,26,SELL
13171,ORD013171,ORD013168,100.62,49,BUY
13172,ORD013172,ORD013168,100.62,50,BUY
13172,ORD013172,ORD013166,101.32,43,BUY
13175,ORD013175,ORD013174,101.00,11,BUY
13176,ORD013176,ORD013173,99.36,67,SELL
13177,ORD013177,ORD013174,101.00,12,BUY
13177,ORD013177,ORD013166,101.32,12,BUY
13177,ORD013177,ORD013165,101.59,38,BUY
13180,ORD013180,ORD013178,98.97,22,SELL
13180,ORD013180,ORD013179,98.48,41,SELL
13183,ORD013183,ORD013090,101.65,9,BUY
13183,ORD013183,ORD013164,101.78,15,BUY
13185,ORD013185,ORD013164,101.78,6,BUY
13185,ORD013185,ORD013149,101.80,43,BUY
13185,ORD013185,ORD013141,101.81,13,BUY
13187,ORD013187,ORD013186,100.58,13,BUY
13188,ORD013188,ORD013181,99.25,4,SELL
13188,ORD013188,ORD013182,98.89,75,SELL
13189,ORD013189,ORD013182,98.89,15,SELL
13189,ORD013189,ORD013179,98.48,13,SELL
13193,ORD013193,ORD013190,100.26,80,BUY
13194,ORD013194,ORD013192,100.03,9,SELL
13199,ORD013199,ORD013190,100.26,4,BUY
13199,ORD013199,ORD013186,100.58,40,BUY
13200,ORD013200,ORD013198,99.77,23,SELL
13205,ORD013205,ORD013201,100.03,57,SELL
13206,ORD013206,ORD013201,100.03,28,SELL
13206,ORD013206,ORD013198,99.77,35,SELL
13208,ORD013208,ORD013186,100.58,24,BUY
13210,ORD013210,ORD013209,100.25,60,BUY
13212,ORD013212,ORD013209,100.25,9,BUY
13213,ORD013213,ORD013211,99.81,4,SELL
13214,ORD013214,ORD013209,100.25,9,BUY
13215,ORD013215,ORD013214,100.28,42,SELL
13216,ORD013216,ORD013214,100.28,28,SELL
13216,ORD013216,ORD013211,99.81,54,SELL
13219,ORD013219,ORD013211,99.81,6,SELL
13219,ORD013219,ORD013198,99.77,20,SELL
13220,ORD013220,ORD013217,99.34,42,SELL
13220,ORD013220,ORD013207,98.80,11,SELL
13220,ORD013220,ORD013202,98.42,27,SELL
13221,ORD013221,ORD013219,99.71,33,BUY
13222,ORD013222,ORD013219,99.71,4,BUY
13222,ORD013222,ORD013186,100.58,8,BUY
13222,ORD013222,ORD013204,100.86,43,BUY
13222,ORD013222,ORD013203,101.06,30,BUY
13223,ORD013223,ORD013202,98.42,8,SELL
13223,ORD013223,ORD013218,98.34,76,SELL
13223,ORD013223,ORD013197,98.25,2,SELL
13224,ORD013224,ORD013197,98.25,25,SELL
13225,ORD013225,ORD013203,101.06,2,BUY
13225,ORD013225,ORD013196,101.78,7,BUY
13228,ORD013228,ORD013226,100.06,23,SELL
13232,ORD013232,ORD013226,100.06,19,SELL
13232,ORD013232,ORD013229,99.78,33,SELL
13233,ORD013233,ORD013230,100.30,61,BUY
13235,ORD013235,ORD013234,101.26,25,BUY
13235,ORD013235,ORD013196,101.78,21,BUY
13235,ORD013235,ORD013141,101.81,11,BUY
13235,ORD013235,ORD013231,101.83,1,BUY
13236,ORD013236,ORD013233,100.39,4,SELL
13236,ORD013236,ORD013229,99.78,45,SELL
13236,ORD013236,ORD013227,98.63,11,SELL
13243,ORD013243,ORD013241,99.77,11,SELL
13246,ORD013246,ORD013240,100.21,72,BUY
13247,ORD013247,ORD013245,100.06,14,SELL
13250,ORD013250,ORD013240,100.21,21,BUY
13250,ORD013250,ORD013237,100.66,22,BUY
13252,ORD013252,ORD013237,100.66,29,BUY
13252,ORD013252,ORD013239,100.77,3,BUY
13255,ORD013255,ORD013254,100.35,51,SELL
13255,ORD013255,ORD013245,100.06,3,SELL
13255,ORD013255,ORD013241,99.77,10,SELL
13256,ORD013256,ORD013239,100.77,3,BUY
13258,ORD013258,ORD013239,100.77,19,BUY
13258,ORD013258,ORD013253,100.78,8,BUY
13259,ORD013259,ORD013241,99.77,12,SELL
13263,ORD013263,ORD013241,99.77,7,SELL
13263,ORD013263,ORD013260,99.28,12,SELL
13265,ORD013265,ORD013262,99.86,64,BUY
13265,ORD013265,ORD013264,99.90,8,BUY
13265,ORD013265,ORD013253,100.78,2,BUY
13266,ORD013266,ORD013253,100.78,59,BUY
13271,ORD013271,ORD013253,100.78,5,BUY
13271,ORD013271,ORD013249,100.91,26,BUY
13271,ORD013271,ORD013268,101.77,29,BUY
13272,ORD013272,ORD013269,99.97,3,SELL
13274,ORD013274,ORD013269,99.97,25,SELL
13275,ORD013275,ORD013274,99.52,17,BUY
13276,ORD013276,ORD013274,99.52,29,BUY
13276,ORD013276,ORD013268,101.77,12,BUY
13277,ORD013277,ORD013268,101.77,8,BUY
13277,ORD013277,ORD013273,101.78,34,BUY
13277,ORD013277,ORD013261,101.80,22,BUY
13280,ORD013280,ORD013260,99.28,14,SELL
13283,ORD013283,ORD013281,100.82,51,BUY
13285,ORD013285,ORD013260,99.28,26,SELL
13285,ORD013285,ORD013282,99.13,21,SELL
13287,ORD013287,ORD013281,100.82,23,BUY
13287,ORD013287,ORD013261,101.80,53,BUY
13287,ORD013287,ORD013248,101.82,6,BUY
13287,ORD013287,ORD013231,101.83,5,BUY
13288,ORD013288,ORD013282,99.13,4,SELL
13288,ORD013288,ORD013242,98.80,21,SELL
13290,ORD013290,ORD013242,98.80,26,SELL
13290,ORD013290,ORD013278,98.72,47,SELL
13291,ORD013291,ORD013289,100.09,1,BUY
13291,ORD013291,ORD013231,101.83,5,BUY
13291,ORD013291,ORD013158,101.93,15,BUY
13291,ORD013291,ORD013244,101.96,21,BUY
13291,ORD013291,ORD013286,101.96,9,BUY
13292,ORD013292,ORD013278,98.72,35,SELL
13292,ORD013292,ORD013227,98.63,50,SELL
13301,ORD013301,ORD013297,100.36,9,SELL
13301,ORD013301,ORD013295,99.67,1,SELL
13301,ORD013301,ORD013227,98.63,13,SELL
13303,ORD013303,ORD013299,100.38,11,BUY
13303,ORD013303,ORD013302,101.85,67,BUY
13305,ORD013305,ORD013304,100.21,13,BUY
13311,ORD013311,ORD013306,99.74,47,SELL
13312,ORD013312,ORD013308,101.12,19,BUY
13312,ORD013312,ORD013309,101.91,43,BUY
13321,ORD013321,ORD013306,99.74,36,SELL
13321,ORD013321,ORD013319,99.70,18,SELL
13321,ORD013321,ORD013310,99.58,46,SELL
13322,ORD013322,ORD013317,99.90,17,BUY
13324,ORD013324,ORD013322,99.98,6,SELL
13326,ORD013326,ORD013318,100.02,68,BUY
13326,ORD013326,ORD013316,100.27,30,BUY
13329,ORD013329,ORD013316,100.27,42,BUY
13329,ORD013329,ORD013309,101.91,26,BUY
13331,ORD013331,ORD013322,99.98,19,SELL
13331,ORD013331,ORD013323,99.74,8,SELL
13331,ORD013331,ORD013310,99.58,18,SELL
13332,ORD013332,ORD013310,99.58,10,SELL
13332,ORD013332,ORD013314,99.12,17,SELL
13332,ORD013332,ORD013315,98.90,28,SELL
13332,ORD013332,ORD013227,98.63,12,SELL
13333,ORD013333,ORD013227,98.63,2,SELL
13333,ORD013333,ORD013251,98.50,29,SELL
13333,ORD013333,ORD013197,98.25,25,SELL
13334,ORD013334,ORD013197,98.25,8,SELL
13334,ORD013334,ORD013267,98.18,11,SELL
13335,ORD013335,ORD013267,98.18,3,SELL
13336,ORD013336,ORD013330,101.17,47,BUY
13339,ORD013339,ORD013338,98.43,55,SELL
13339,ORD013339,ORD013267,98.18,11,SELL
13342,ORD013342,ORD013341,99.75,29,SELL
13343,ORD013343,ORD013341,99.75,57,SELL
13343,ORD013343,ORD013267,98.18,19,SELL
13346,ORD013346,ORD013345,98.84,39,SELL
13348,ORD013348,ORD013345,98.84,6,SELL
13348,ORD013348,ORD013267,98.18,32,SELL
13348,ORD013348,ORD013320,98.18,31,SELL
13349,ORD013349,ORD013344,100.03,19,BUY
13349,ORD013349,ORD013347,100.04,37,BUY
13351,ORD013351,ORD013347,100.04,63,BUY
13351,ORD013351,ORD013337,100.28,19,BUY
13352,ORD013352,ORD013320,98.18,4,SELL
13356,ORD013356,ORD013355,99.31,80,SELL
13363,ORD013363,ORD013362,99.72,10,BUY
13366,ORD013366,ORD013355,99.31,11,SELL
13366,ORD013366,ORD013365,99.27,23,SELL
13367,ORD013367,ORD013365,99.27,60,SELL
13367,ORD013367,ORD013361,99.00,22,SELL
13370,ORD013370,ORD013362,99.72,17,BUY
13371,ORD013371,ORD013362,99.72,45,BUY
13373,ORD013373,ORD013337,100.28,17,BUY
13373,ORD013373,ORD013369,100.36,32,BUY
13373,ORD013373,ORD013359,100.38,13,BUY
13373,ORD013373,ORD013340,100.63,28,BUY
13374,ORD013374,ORD013340,100.63,58,BUY
13375,ORD013375,ORD013340,100.63,3,BUY
13375,ORD013375,ORD013364,100.98,2,BUY
13375,ORD013375,ORD013350,101.07,19,BUY
13377,ORD013377,ORD013350,101.07,31,BUY
13377,ORD013377,ORD013330,101.17,4,BUY
13377,ORD013377,ORD013354,101.19,57,BUY
13380,ORD013380,ORD013371,100.21,9,SELL
13384,ORD013384,ORD013371,100.21,25,SELL
13385,ORD013385,ORD013354,101.19,13,BUY
13386,ORD013386,ORD013371,100.21,12,SELL
13386,ORD013386,ORD013378,100.19,57,SELL
13386,ORD013386,ORD013372,99.67,5,SELL
13387,ORD013387,ORD013354,101.19,13,BUY
13387,ORD013387,ORD013381,101.33,1,BUY
13389,ORD013389,ORD013372,99.67,18,SELL
13389,ORD013389,ORD013379,99.62,36,SELL
13389,ORD013389,ORD013368,99.01,8,SELL
13391,ORD013391,ORD013390,101.07,35,BUY
13391,ORD013391,ORD013381,101.33,2,BUY
13391,ORD013391,ORD013382,101.63,1,BUY
13396,ORD013396,ORD013395,100.80,21,BUY
13398,ORD013398,ORD013395,100.80,22,BUY
13398,ORD013398,ORD013397,101.21,17,BUY
13398,ORD013398,ORD013382,101.63,17,BUY
13399,ORD013399,ORD013382,101.63,27,BUY
13399,ORD013399,ORD013353,101.82,31,BUY
13400,ORD013400,ORD013394,99.10,35,SELL
13403,ORD013403,ORD013402,99.66,1,BUY
13403,ORD013403,ORD013353,101.82,26,BUY
13404,ORD013404,ORD013401,99.47,52,SELL
13404,ORD013404,ORD013394,99.10,34,SELL
13404,ORD013404,ORD013368,99.01,7,SELL
13407,ORD013407,ORD013406,99.96,30,BUY
13407,ORD013407,ORD013353,101.82,11,BUY
13407,ORD013407,ORD013309,101.91,31,BUY
13408,ORD013408,ORD013405,99.30,22,SELL
13408,ORD013408,ORD013368,99.01,18,SELL
13410,ORD013410,ORD013409,101.92,43,BUY
13411,ORD013411,ORD013409,101.92,24,BUY
13412,ORD013412,ORD013409,101.92,17,BUY
13416,ORD013416,ORD013368,99.01,24,SELL
13417,ORD013417,ORD013413,99.52,5,BUY
13419,ORD013419,ORD013413,99.52,25,BUY
13419,ORD013419,ORD013414,100.05,62,BUY
13421,ORD013421,ORD013415,100.74,5,BUY
13422,ORD013422,ORD013415,100.74,83,BUY
13422,ORD013422,ORD013420,100.88,2,BUY
13424,ORD013424,ORD013420,100.88,44,BUY
13427,ORD013427,ORD013368,99.01,41,SELL
13432,ORD013432,ORD013426,99.79,29,BUY
13433,ORD013433,ORD013432,100.03,15,SELL
13434,ORD013434,ORD013431,100.50,32,BUY
13434,ORD013434,ORD013420,100.88,2,BUY
13434,ORD013434,ORD013429,100.95,20,BUY
13434,ORD013434,ORD013425,101.01,6,BUY
13438,ORD013438,ORD013432,100.03,34,SELL
13438,ORD013438,ORD013428,99.49,48,SELL
13440,ORD013440,ORD013435,100.15,26,BUY
13443,ORD013443,ORD013435,100.15,28,BUY
13444,ORD013444,ORD013428,99.49,5,SELL
13445,ORD013445,ORD013428,99.49,11,SELL
13445,ORD013445,ORD013430,99.36,84,SELL
13446,ORD013446,ORD013430,99.36,1,SELL
13446,ORD013446,ORD013368,99.01,1,SELL
13446,ORD013446,ORD013423,99.01,33,SELL
13447,ORD013447,ORD013435,100.15,20,BUY
13447,ORD013447,ORD013442,100.31,19,BUY
13448,ORD013448,ORD013423,99.01,21,SELL
13448,ORD013448,ORD013361,99.00,54,SELL
13455,ORD013455,ORD013450,99.61,1,SELL
13457,ORD013457,ORD013442,100.31,24,BUY
13460,ORD013460,ORD013457,100.46,3,SELL
13461,ORD013461,ORD013457,100.46,9,SELL
13464,ORD013464,ORD013437,100.49,13,BUY
13464,ORD013464,ORD013441,100.53,6,BUY
13465,ORD013465,ORD013457,100.46,15,SELL
13465,ORD013465,ORD013463,100.29,31,SELL
13469,ORD013469,ORD013463,100.29,6,SELL
13469,ORD013469,ORD013450,99.61,6,SELL
13470,ORD013470,ORD013441,100.53,40,BUY
13471,ORD013471,ORD013441,100.53,5,BUY
13475,ORD013475,ORD013472,100.41,10,SELL
13477,ORD013477,ORD013474,100.50,30,BUY
13477,ORD013477,ORD013441,100.53,22,BUY
13477,ORD013477,ORD013454,100.62,35,BUY
13479,ORD013479,ORD013472,100.41,6,SELL
13480,ORD013480,ORD013472,100.41,54,SELL
13480,ORD013480,ORD013450,99.61,22,SELL
13480,ORD013480,ORD013451,99.60,20,SELL
13481,ORD013481,ORD013454,100.62,21,BUY
13481,ORD013481,ORD013478,100.62,3,BUY
13481,ORD013481,ORD013453,100.79,23,BUY
13484,ORD013484,ORD013483,100.00,23,SELL
13485,ORD013485,ORD013482,100.76,49,BUY
13488,ORD013488,ORD013482,100.76,14,BUY
13488,ORD013488,ORD013453,100.79,4,BUY
13489,ORD013489,ORD013453,100.79,15,BUY
13490,ORD013490,ORD013483,100.00,14,SELL
13490,ORD013490,ORD013451,99.60,28,SELL
13491,ORD013491,ORD013451,99.60,37,SELL
13491,ORD013491,ORD013466,99.31,43,SELL
13494,ORD013494,ORD013453,100.79,16,BUY
13494,ORD013494,ORD013473,100.92,58,BUY
13496,ORD013496,ORD013473,100.92,35,BUY
13496,ORD013496,ORD013425,101.01,20,BUY
13497,ORD013497,ORD013495,99.98,57,SELL
13498,ORD013498,ORD013495,99.98,18,SELL
13501,ORD013501,ORD013425,101.01,36,BUY
13501,ORD013501,ORD013458,101.17,58,BUY
13507,ORD013507,ORD013500,100.33,56,SELL
13508,ORD013508,ORD013505,100.62,52,BUY
13509,ORD013509,ORD013505,100.62,16,BUY
13509,ORD013509,ORD013503,101.08,37,BUY
13510,ORD013510,ORD013500,100.33,23,SELL
13510,ORD013510,ORD013495,99.98,6,SELL
13510,ORD013510,ORD013456,99.01,27,SELL
13512,ORD013512,ORD013511,100.02,25,BUY
13512,ORD013512,ORD013503,101.08,55,BUY
13514,ORD013514,ORD013503,101.08,1,BUY
13514,ORD013514,ORD013458,101.17,7,BUY
13514,ORD013514,ORD013462,101.25,22,BUY
13516,ORD013516,ORD013462,101.25,6,BUY
13517,ORD013517,ORD013462,101.25,26,BUY
13520,ORD013520,ORD013518,100.92,17,BUY
13522,ORD013522,ORD013521,100.22,9,SELL
13522,ORD013522,ORD013456,99.01,6,SELL
13522,ORD013522,ORD013361,99.00,21,SELL
13522,ORD013522,ORD013515,98.76,1,SELL
13524,ORD013524,ORD013515,98.76,68,SELL
13524,ORD013524,ORD013388,98.70,1,SELL
13524,ORD013524,ORD013392,98.70,24,SELL
13528,ORD013528,ORD013525,99.70,11,BUY
13528,ORD013528,ORD013527,100.87,19,BUY
13528,ORD013528,ORD013518,100.92,41,BUY
13532,ORD013532,ORD013530,99.41,31,SELL
13532,ORD013532,ORD013392,98.70,60,SELL
13532,ORD013532,ORD013452,98.56,2,SELL
13533,ORD013533,ORD013452,98.56,53,SELL
13538,ORD013538,ORD013535,100.76,80,BUY
13540,ORD013540,ORD013535,100.76,3,BUY
13540,ORD013540,ORD013539,100.81,2,BUY
13543,ORD013543,ORD013537,100.23,75,SELL
13543,ORD013543,ORD013542,100.20,20,SELL
13545,ORD013545,ORD013539,100.81,69,BUY
13546,ORD013546,ORD013542,100.20,44,SELL
13547,ORD013547,ORD013542,100.20,23,SELL
13547,ORD013547,ORD013541,99.20,30,SELL
13547,ORD013547,ORD013452,98.56,24,SELL
13549,ORD013549,ORD013548,99.25,28,SELL
13550,ORD013550,ORD013539,100.81,4,BUY
13550,ORD013550,ORD013518,100.92,38,BUY
13550,ORD013550,ORD013536,101.02,36,BUY
13557,ORD013557,ORD013551,100.99,12,BUY
13557,ORD013557,ORD013536,101.02,1,BUY
13557,ORD013557,ORD013462,101.25,15,BUY
13557,ORD013557,ORD013553,101.26,21,BUY
13558,ORD013558,ORD013554,100.25,4,SELL
13560,ORD013560,ORD013548,99.25,43,SELL
13560,ORD013560,ORD013555,98.75,18,SELL
13562,ORD013562,ORD013558,100.23,5,BUY
13562,ORD013562,ORD013559,100.67,56,BUY
13562,ORD013562,ORD013561,100.91,38,BUY
13566,ORD013566,ORD013563,100.87,12,BUY
13566,ORD013566,ORD013561,100.91,16,BUY
13566,ORD013566,ORD013553,101.26,2,BUY
13566,ORD013566,ORD013519,101.27,45,BUY
13566,ORD013566,ORD013459,101.28,1,BUY
13567,ORD013567,ORD013459,101.28,43,BUY
13567,ORD013567,ORD013523,101.28,2,BUY
13568,ORD013568,ORD013564,100.23,9,SELL
13568,ORD013568,ORD013555,98.75,12,SELL
13571,ORD013571,ORD013570,98.77,54,SELL
13571,ORD013571,ORD013555,98.75,15,SELL
13571,ORD013571,ORD013452,98.56,4,SELL
13574,ORD013574,ORD013452,98.56,7,SELL
13575,ORD013575,ORD013452,98.56,3,SELL
13577,ORD013577,ORD013452,98.56,5,SELL
13577,ORD013577,ORD013418,98.54,17,SELL
13578,ORD013578,ORD013418,98.54,19,SELL
13578,ORD013578,ORD013513,98.53,8,SELL
13578,ORD013578,ORD013376,98.51,3,SELL
13579,ORD013579,ORD013573,99.72,84,BUY
13581,ORD013581,ORD013376,98.51,19,SELL
13582,ORD013582,ORD013573,99.72,12,BUY
13582,ORD013582,ORD013569,100.30,6,BUY
13583,ORD013583,ORD013569,100.30,14,BUY
13583,ORD013583,ORD013523,101.28,46,BUY
13586,ORD013586,ORD013585,100.35,49,SELL
13587,ORD013587,ORD013523,101.28,36,BUY
13588,ORD013588,ORD013585,100.35,19,SELL
13588,ORD013588,ORD013584,100.08,48,SELL
13589,ORD013589,ORD013588,99.78,30,BUY
13591,ORD013591,ORD013590,101.07,3,BUY
13594,ORD013594,ORD013590,101.07,56,BUY
13595,ORD013595,ORD013590,101.07,34,BUY
13595,ORD013595,ORD013523,101.28,1,BUY
13595,ORD013595,ORD013499,101.50,34,BUY
13598,ORD013598,ORD013597,100.61,26,BUY
13598,ORD013598,ORD013499,101.50,45,BUY
13598,ORD013598,ORD013576,101.55,8,BUY
13600,ORD013600,ORD013592,100.11,21,SELL
13603,ORD013603,ORD013576,101.55,35,BUY
13603,ORD013603,ORD013531,101.58,13,BUY
13606,ORD013606,ORD013605,100.20,22,SELL
13609,ORD013609,ORD013531,101.58,1,BUY
13611,ORD013611,ORD013610,101.50,4,BUY
13614,ORD013614,ORD013613,101.32,29,BUY
13616,ORD013616,ORD013605,100.20,55,SELL
13616,ORD013616,ORD013612,100.14,15,SELL
13618,ORD013618,ORD013613,101.32,27,BUY
13618,ORD013618,ORD013610,101.50,14,BUY
13620,ORD013620,ORD013619,100.34,70,BUY
13620,ORD013620,ORD013610,101.50,12,BUY
13622,ORD013622,ORD013612,100.14,42,SELL
13622,ORD013622,ORD013592,100.11,44,SELL
13623,ORD013623,ORD013592,100.11,25,SELL
13623,ORD013623,ORD013589,100.06,56,SELL
13623,ORD013623,ORD013615,99.97,2,SELL
13627,ORD013627,ORD013615,99.97,40,SELL
13627,ORD013627,ORD013604,99.86,51,SELL
13627,ORD013627,ORD013626,99.46,2,SELL
13629,ORD013629,ORD013628,100.73,80,BUY
13637,ORD013637,ORD013636,100.27,27,SELL
13637,ORD013637,ORD013630,100.15,20,SELL
13639,ORD013639,ORD013637,99.53,29,BUY
13640,ORD013640,ORD013637,99.53,2,BUY
13640,ORD013640,ORD013634,100.40,37,BUY
13643,ORD013643,ORD013634,100.40,36,BUY
13643,ORD013643,ORD013642,100.59,4,BUY
13644,ORD013644,ORD013626,99.46,8,SELL
13648,ORD013648,ORD013626,99.46,59,SELL
13652,ORD013652,ORD013647,99.32,69,SELL
13653,ORD013653,ORD013635,99.29,38,SELL
13653,ORD013653,ORD013593,98.90,43,SELL
13654,ORD013654,ORD013593,98.90,23,SELL
13654,ORD013654,ORD013633,98.58,4,SELL
13655,ORD013655,ORD013646,99.55,29,BUY
13656,ORD013656,ORD013646,99.55,37,BUY
13656,ORD013656,ORD013642,100.59,3,BUY
13658,ORD013658,ORD013642,100.59,3,BUY
13658,ORD013658,ORD013632,100.66,33,BUY
13658,ORD013658,ORD013628,100.73,4,BUY
13658,ORD013658,ORD013649,100.84,4,BUY
13659,ORD013659,ORD013649,100.84,72,BUY
13660,ORD013660,ORD013649,100.84,23,BUY
13660,ORD013660,ORD013610,101.50,54,BUY
13660,ORD013660,ORD013531,101.58,12,BUY
13660,ORD013660,ORD013599,101.64,5,BUY
13663,ORD013663,ORD013599,101.64,39,BUY
13663,ORD013663,ORD013504,101.67,24,BUY
13664,ORD013664,ORD013662,99.87,12,SELL
13665,ORD013665,ORD013661,99.26,12,SELL
13666,ORD013666,ORD013664,99.62,19,BUY
13667,ORD013667,ORD013664,99.62,10,BUY
13668,ORD013668,ORD013661,99.26,28,SELL
13669,ORD013669,ORD013661,99.26,43,SELL
13669,ORD013669,ORD013633,98.58,34,SELL
13669,ORD013669,ORD013376,98.51,16,SELL
13670,ORD013670,ORD013664,99.62,33,BUY
13670,ORD013670,ORD013504,101.67,66,BUY
13678,ORD013678,ORD013677,99.12,41,SELL
13678,ORD013678,ORD013675,99.07,4,SELL
13680,ORD013680,ORD013674,99.86,85,BUY
13680,ORD013680,ORD013676,101.10,4,BUY
13681,ORD013681,ORD013675,99.07,43,SELL
13681,ORD013681,ORD013376,98.51,1,SELL
13681,ORD013681,ORD013526,98.49,53,SELL
13681,ORD013681,ORD013617,98.40,3,SELL
13682,ORD013682,ORD013676,101.10,10,BUY
13682,ORD013682,ORD013671,101.38,14,BUY
13683,ORD013683,ORD013625,98.40,56,SELL
13683,ORD013683,ORD013449,98.37,8,SELL
13685,ORD013685,ORD013684,98.82,27,SELL
13685,ORD013685,ORD013449,98.37,70,SELL
13686,ORD013686,ORD013449,98.37,9,SELL
13686,ORD013686,ORD013657,98.35,22,SELL
13687,ORD013687,ORD013671,101.38,37,BUY
13687,ORD013687,ORD013504,101.67,5,BUY
13687,ORD013687,ORD013534,101.72,47,BUY
13688,ORD013688,ORD013657,98.35,34,SELL
13689,ORD013689,ORD013534,101.72,7,BUY
13689,ORD013689,ORD013439,101.73,56,BUY
13690,ORD013690,ORD013439,101.73,3,BUY
13691,ORD013691,ORD013657,98.35,33,SELL
13691,ORD013691,ORD013651,98.31,32,SELL
13693,ORD013693,ORD013692,101.04,79,BUY
13694,ORD013694,ORD013651,98.31,17,SELL
13694,ORD013694,ORD013672,98.29,60,SELL
13695,ORD013695,ORD013672,98.29,23,SELL
13695,ORD013695,ORD013544,98.23,68,SELL
13697,ORD013697,ORD013544,98.23,30,SELL
13697,ORD013697,ORD013320,98.18,18,SELL
13697,ORD013697,ORD013580,98.18,6,SELL
13698,ORD013698,ORD013580,98.18,11,SELL
13700,ORD013700,ORD013699,99.84,8,SELL
13700,ORD013700,ORD013580,98.18,4,SELL
13701,ORD013701,ORD013580,98.18,7,SELL
13701,ORD013701,ORD013493,98.13,12,SELL
13703,ORD013703,ORD013696,99.91,14,BUY
13703,ORD013703,ORD013692,101.04,19,BUY
13703,ORD013703,ORD013492,101.79,30,BUY
13704,ORD013704,ORD013492,101.79,35,BUY
13704,ORD013704,ORD013624,101.79,1,BUY
13709,ORD013709,ORD013706,101.24,18,BUY
13709,ORD013709,ORD013624,101.79,10,BUY
13710,ORD013710,ORD013624,101.79,34,BUY
13710,ORD013710,ORD013702,101.79,29,BUY
13714,ORD013714,ORD013711,100.05,24,BUY
13714,ORD013714,ORD013712,101.38,63,BUY
13715,ORD013715,ORD013712,101.38,32,BUY
13715,ORD013715,ORD013713,101.65,56,BUY
13716,ORD013716,ORD013705,99.11,39,SELL
13719,ORD013719,ORD013705,99.11,11,SELL
13719,ORD013719,ORD013707,98.68,74,SELL
13719,ORD013719,ORD013708,98.55,1,SELL
13721,ORD013721,ORD013717,101.51,1,BUY
13721,ORD013721,ORD013713,101.65,12,BUY
13721,ORD013721,ORD013702,101.79,16,BUY
13721,ORD013721,ORD013645,101.83,24,BUY
13723,ORD013723,ORD013720,100.13,52,SELL
13723,ORD013723,ORD013722,99.43,3,SELL
13724,ORD013724,ORD013722,99.43,14,SELL
13724,ORD013724,ORD013708,98.55,4,SELL
13724,ORD013724,ORD013493,98.13,37,SELL
13725,ORD013725,ORD013493,98.13,7,SELL
13725,ORD013725,ORD013270,98.12,41,SELL
13726,ORD013726,ORD013645,101.83,3,BUY
13727,ORD013727,ORD013270,98.12,2,SELL
13728,ORD013728,ORD013270,98.12,26,SELL
13732,ORD013732,ORD013729,99.43,13,SELL
13732,ORD013732,ORD013270,98.12,28,SELL
13732,ORD013732,ORD013487,98.11,26,SELL
13735,ORD013735,ORD013733,100.54,34,BUY
13735,ORD013735,ORD013730,101.48,38,BUY
13738,ORD013738,ORD013737,98.74,50,SELL
13738,ORD013738,ORD013487,98.11,11,SELL
13741,ORD013741,ORD013739,100.49,24,BUY
13741,ORD013741,ORD013730,101.48,45,BUY
13741,ORD013741,ORD013740,101.54,5,BUY
13742,ORD013742,ORD013487,98.11,14,SELL
13742,ORD013742,ORD013328,98.10,60,SELL
13745,ORD013745,ORD013743,100.23,10,SELL
13745,ORD013745,ORD013328,98.10,15,SELL
13745,ORD013745,ORD013467,98.07,2,SELL
13747,ORD013747,ORD013467,98.07,13,SELL
13747,ORD013747,ORD013325,98.05,29,SELL
13748,ORD013748,ORD013744,100.41,57,BUY
13748,ORD013748,ORD013746,101.20,23,BUY
13750,ORD013750,ORD013325,98.05,68,SELL
13750,ORD013750,ORD013601,98.05,9,SELL
13751,ORD013751,ORD013601,98.05,16,SELL
13751,ORD013751,ORD013679,98.04,55,SELL
13751,ORD013751,ORD013298,98.02,7,SELL
13754,ORD013754,ORD013752,99.02,6,SELL
13754,ORD013754,ORD013753,98.12,11,SELL
13754,ORD013754,ORD013298,98.02,30,SELL
13755,ORD013755,ORD013749,100.47,21,BUY
13758,ORD013758,ORD013749,100.47,21,BUY
13758,ORD013758,ORD013746,101.20,23,BUY
13759,ORD013759,ORD013746,101.20,40,BUY
13761,ORD013761,ORD013760,101.14,3,BUY
13763,ORD013763,ORD013762,101.12,4,BUY
13763,ORD013763,ORD013760,101.14,21,BUY
13768,ORD013768,ORD013766,100.90,54,BUY
13768,ORD013768,ORD013760,101.14,12,BUY
13771,ORD013771,ORD013760,101.14,16,BUY
13771,ORD013771,ORD013746,101.20,2,BUY
13771,ORD013771,ORD013740,101.54,21,BUY
13773,ORD013773,ORD013772,100.37,68,SELL
13773,ORD013773,ORD013770,98.25,9,SELL
13774,ORD013774,ORD013740,101.54,13,BUY
13774,ORD013774,ORD013645,101.83,55,BUY
13774,ORD013774,ORD013436,101.86,6,BUY
13776,ORD013776,ORD013775,98.32,8,SELL
13777,ORD013777,ORD013436,101.86,49,BUY
13777,ORD013777,ORD013602,101.88,6,BUY
13780,ORD013780,ORD013779,100.85,4,BUY
13780,ORD013780,ORD013602,101.88,55,BUY
13782,ORD013782,ORD013778,98.96,69,SELL
13782,ORD013782,ORD013775,98.32,24,SELL
13783,ORD013783,ORD013775,98.32,29,SELL
13783,ORD013783,ORD013770,98.25,69,SELL
13785,ORD013785,ORD013781,99.59,25,BUY
13786,ORD013786,ORD013785,100.26,66,SELL
13788,ORD013788,ORD013602,101.88,25,BUY
13790,ORD013790,ORD013785,100.26,2,SELL
13793,ORD013793,ORD013785,100.26,1,SELL
13793,ORD013793,ORD013791,100.04,2,SELL
13794,ORD013794,ORD013793,99.94,63,BUY
13795,ORD013795,ORD013793,99.94,22,BUY
13799,ORD013799,ORD013793,99.94,1,BUY
13799,ORD013799,ORD013797,100.72,22,BUY
13799,ORD013799,ORD013789,101.11,2,BUY
13800,ORD013800,ORD013789,101.11,20,BUY
13804,ORD013804,ORD013784,99.44,58,SELL
13805,ORD013805,ORD013801,99.88,51,BUY
13807,ORD013807,ORD013801,99.88,10,BUY
13807,ORD013807,ORD013806,100.16,30,BUY
13807,ORD013807,ORD013802,100.66,7,BUY
13807,ORD013807,ORD013789,101.11,45,BUY
13809,ORD013809,ORD013789,101.11,12,BUY
13809,ORD013809,ORD013602,101.88,1,BUY
13809,ORD013809,ORD013596,101.91,52,BUY
13810,ORD013810,ORD013596,101.91,32,BUY
13810,ORD013810,ORD013731,101.96,62,BUY
13810,ORD013810,ORD013673,101.99,4,BUY
13811,ORD013811,ORD013808,100.08,8,SELL
13811,ORD013811,ORD013784,99.44,25,SELL
13811,ORD013811,ORD013796,99.09,37,SELL
13811,ORD013811,ORD013798,98.63,16,SELL
13812,ORD013812,ORD013673,101.99,4,BUY
13815,ORD013815,ORD013798,98.63,18,SELL
13817,ORD013817,ORD013816,99.68,19,SELL
13817,ORD013817,ORD013798,98.63,9,SELL
13817,ORD013817,ORD013770,98.25,11,SELL
13817,ORD013817,ORD013803,98.10,11,SELL
13824,ORD013824,ORD013820,100.60,54,BUY
13824,ORD013824,ORD013823,101.46,21,BUY
13824,ORD013824,ORD013821,101.94,2,BUY
13825,ORD013825,ORD013821,101.94,15,BUY
13826,ORD013826,ORD013822,100.34,71,SELL
13827,ORD013827,ORD013822,100.34,7,SELL
13829,ORD013829,ORD013827,100.03,3,BUY
13829,ORD013829,ORD013821,101.94,19,BUY
13831,ORD013831,ORD013828,99.58,46,SELL
13834,ORD013834,ORD013830,100.13,7,BUY
13837,ORD013837,ORD013830,100.13,19,BUY
13840,ORD013840,ORD013830,100.13,1,BUY
13841,ORD013841,ORD013828,99.58,25,SELL
13842,ORD013842,ORD013830,100.13,3,BUY
13843,ORD013843,ORD013830,100.13,50,BUY
13844,ORD013844,ORD013828,99.58,17,SELL
13844,ORD013844,ORD013838,98.91,28,SELL
13847,ORD013847,ORD013845,100.38,29,BUY
13851,ORD013851,ORD013846,99.74,18,SELL
13852,ORD013852,ORD013845,100.38,41,BUY
13852,ORD013852,ORD013835,100.85,57,BUY
13853,ORD013853,ORD013846,99.74,35,SELL
13854,ORD013854,ORD013846,99.74,23,SELL
13854,ORD013854,ORD013848,99.30,64,SELL
13859,ORD013859,ORD013848,99.30,8,SELL
13859,ORD013859,ORD013856,99.24,17,SELL
13860,ORD013860,ORD013855,99.55,6,BUY
13861,ORD013861,ORD013855,99.55,2,BUY
13862,ORD013862,ORD013855,99.55,10,BUY
13864,ORD013864,ORD013855,99.55,26,BUY
13865,ORD013865,ORD013856,99.24,5,SELL
13866,ORD013866,ORD013855,99.55,11,BUY
13868,ORD013868,ORD013856,99.24,10,SELL
13868,ORD013868,ORD013838,98.91,12,SELL
13868,ORD013868,ORD013803,98.10,32,SELL
13869,ORD013869,ORD013855,99.55,27,BUY
13870,ORD013870,ORD013855,99.55,7,BUY
13870,ORD013870,ORD013867,100.56,30,BUY
13871,ORD013871,ORD013867,100.56,29,BUY
13871,ORD013871,ORD013835,100.85,17,BUY
13873,ORD013873,ORD013872,99.18,5,SELL
13876,ORD013876,ORD013835,100.85,4,BUY
13876,ORD013876,ORD013858,101.26,82,BUY
13876,ORD013876,ORD013849,101.45,3,BUY
13877,ORD013877,ORD013874,99.76,61,SELL
13877,ORD013877,ORD013875,98.32,38,SELL
13879,ORD013879,ORD013849,101.45,34,BUY
13882,ORD013882,ORD013880,100.58,76,BUY
13885,ORD013885,ORD013883,99.62,32,SELL
13885,ORD013885,ORD013875,98.32,12,SELL
13890,ORD013890,ORD013889,99.74,36,BUY
13890,ORD013890,ORD013880,100.58,5,BUY
13890,ORD013890,ORD013881,100.73,3,BUY
13891,ORD013891,ORD013881,100.73,17,BUY
13891,ORD013891,ORD013888,101.17,22,BUY
13891,ORD013891,ORD013849,101.45,12,BUY
13892,ORD013892,ORD013886,98.63,48,SELL
13894,ORD013894,ORD013849,101.45,37,BUY
13903,ORD013903,ORD013897,98.07,21,SELL
13904,ORD013904,ORD013902,99.96,69,BUY
13906,ORD013906,ORD013902,99.96,14,BUY
13912,ORD013912,ORD013909,99.59,67,BUY
13917,ORD013917,ORD013913,99.58,21,BUY
13917,ORD013917,ORD013909,99.59,24,BUY
13917,ORD013917,ORD013915,99.67,20,BUY
13918,ORD013918,ORD013914,98.97,51,SELL
13918,ORD013918,ORD013910,98.87,11,SELL
13921,ORD013921,ORD013915,99.67,4,BUY
13921,ORD013921,ORD013902,99.96,13,BUY
13922,ORD013922,ORD013902,99.96,3,BUY
13922,ORD013922,ORD013900,100.02,37,BUY
13922,ORD013922,ORD013899,100.04,28,BUY
13922,ORD013922,ORD013911,100.90,31,BUY
13923,ORD013923,ORD013911,100.90,30,BUY
13923,ORD013923,ORD013901,101.01,29,BUY
13923,ORD013923,ORD013849,101.45,2,BUY
13925,ORD013925,ORD013924,101.22,9,BUY
13926,ORD013926,ORD013924,101.22,17,BUY
13926,ORD013926,ORD013849,101.45,1,BUY
13926,ORD013926,ORD013836,101.58,39,BUY
13926,ORD013926,ORD013908,101.58,13,BUY
13927,ORD013927,ORD013910,98.87,1,SELL
13929,ORD013929,ORD013908,101.58,41,BUY
13931,ORD013931,ORD013930,99.61,41,SELL
13932,ORD013932,ORD013930,99.61,57,SELL
13933,ORD013933,ORD013908,101.58,11,BUY
13933,ORD013933,ORD013857,101.62,57,BUY
13934,ORD013934,ORD013857,101.62,6,BUY
13934,ORD013934,ORD013833,101.71,42,BUY
13935,ORD013935,ORD013833,101.71,14,BUY
13938,ORD013938,ORD013833,101.71,21,BUY
13938,ORD013938,ORD013920,101.80,44,BUY
13943,ORD013943,ORD013941,101.19,49,BUY
13944,ORD013944,ORD013937,99.52,26,SELL
13945,ORD013945,ORD013937,99.52,30,SELL
13946,ORD013946,ORD013941,101.19,22,BUY
13946,ORD013946,ORD013942,101.35,9,BUY
13946,ORD013946,ORD013939,101.65,29,BUY
13948,ORD013948,ORD013947,101.50,43,BUY
13950,ORD013950,ORD013937,99.52,8,SELL
13952,ORD013952,ORD013949,99.69,53,BUY
13952,ORD013952,ORD013951,100.54,17,BUY
13954,ORD013954,ORD013937,99.52,26,SELL
13954,ORD013954,ORD013940,99.21,15,SELL
13955,ORD013955,ORD013951,100.54,77,BUY
13961,ORD013961,ORD013956,100.26,26,SELL
13968,ORD013968,ORD013963,100.18,39,BUY
13968,ORD013968,ORD013960,100.29,42,BUY
13970,ORD013970,ORD013960,100.29,33,BUY
13970,ORD013970,ORD013951,100.54,4,BUY
13970,ORD013970,ORD013966,100.95,44,BUY
13972,ORD013972,ORD013969,100.18,52,SELL
13972,ORD013972,ORD013967,98.86,8,SELL
13973,ORD013973,ORD013967,98.86,47,SELL
13980,ORD013980,ORD013979,99.65,7,BUY
13983,ORD013983,ORD013981,100.55,27,BUY
13984,ORD013984,ORD013981,100.55,35,BUY
13984,ORD013984,ORD013971,100.75,18,BUY
13985,ORD013985,ORD013971,100.75,54,BUY
13987,ORD013987,ORD013980,100.22,17,SELL
13987,ORD013987,ORD013986,100.22,6,SELL
13990,ORD013990,ORD013989,99.54,21,BUY
13991,ORD013991,ORD013990,99.92,49,SELL
13992,ORD013992,ORD013971,100.75,14,BUY
13993,ORD013993,ORD013971,100.75,13,BUY
13993,ORD013993,ORD013982,100.76,31,BUY
13993,ORD013993,ORD013966,100.95,33,BUY
13993,ORD013993,ORD013988,100.96,12,BUY
13995,ORD013995,ORD013990,99.92,26,SELL
14001,ORD014001,ORD014000,100.24,18,BUY
14002,ORD014002,ORD013994,100.87,26,BUY
14002,ORD014002,ORD013988,100.96,23,BUY
14003,ORD014003,ORD014001,100.35,9,SELL
14003,ORD014003,ORD013997,100.16,7,SELL
14007,ORD014007,ORD014006,99.53,19,SELL
14011,ORD014011,ORD014005,99.57,54,BUY
14015,ORD014015,ORD014012,99.05,53,SELL
14015,ORD014015,ORD014013,98.38,5,SELL
14015,ORD014015,ORD014014,98.35,16,SELL
14018,ORD014018,ORD014005,99.57,31,BUY
14018,ORD014018,ORD014017,99.68,26,BUY
14021,ORD014021,ORD014016,98.65,50,SELL
14022,ORD014022,ORD014016,98.65,21,SELL
14022,ORD014022,ORD014014,98.35,8,SELL
14026,ORD014026,ORD014017,99.68,9,BUY
14026,ORD014026,ORD014025,99.71,56,BUY
14027,ORD014027,ORD014023,98.45,48,SELL
14027,ORD014027,ORD014014,98.35,7,SELL
14030,ORD014030,ORD014025,99.71,42,BUY
14030,ORD014030,ORD014003,99.93,39,BUY
14033,ORD014033,ORD014003,99.93,9,BUY
14033,ORD014033,ORD014031,100.68,24,BUY
14033,ORD014033,ORD013988,100.96,39,BUY
14036,ORD014036,ORD014035,100.38,14,BUY
14038,ORD014038,ORD014029,99.34,13,SELL
14040,ORD014040,ORD014035,100.38,34,BUY
14041,ORD014041,ORD014029,99.34,34,SELL
14044,ORD014044,ORD014035,100.38,5,BUY
14044,ORD014044,ORD014039,100.95,71,BUY
14051,ORD014051,ORD014048,99.77,22,SELL
14052,ORD014052,ORD014051,99.51,42,BUY
14052,ORD014052,ORD014047,99.80,25,BUY
14055,ORD014055,ORD014047,99.80,4,BUY
14055,ORD014055,ORD014053,99.87,34,BUY
14055,ORD014055,ORD014045,100.19,35,BUY
14056,ORD014056,ORD014045,100.19,4,BUY
14059,ORD014059,ORD014045,100.19,9,BUY
14064,ORD014064,ORD014045,100.19,22,BUY
14064,ORD014064,ORD014062,100.69,5,BUY
14070,ORD014070,ORD014066,100.41,75,SELL
14070,ORD014070,ORD014067,100.09,1,SELL
14072,ORD014072,ORD014062,100.69,30,BUY
14073,ORD014073,ORD014067,100.09,30,SELL
14073,ORD014073,ORD014061,99.81,46,SELL
14077,ORD014077,ORD014061,99.81,4,SELL
14077,ORD014077,ORD014058,99.75,28,SELL
14078,ORD014078,ORD014075,100.20,68,BUY
14080,ORD014080,ORD014058,99.75,63,SELL
14080,ORD014080,ORD014054,99.73,24,SELL
14082,ORD014082,ORD014079,100.06,33,BUY
14086,ORD014086,ORD014054,99.73,22,SELL
14086,ORD014086,ORD014060,99.62,20,SELL
14092,ORD014092,ORD014079,100.06,59,BUY
14092,ORD014092,ORD014075,100.20,2,BUY
14093,ORD014093,ORD014075,100.20,22,BUY
14093,ORD014093,ORD014090,100.33,63,BUY
14094,ORD014094,ORD014091,99.98,69,SELL
14094,ORD014094,ORD014060,99.62,9,SELL
14095,ORD014095,ORD014060,99.62,1,SELL
14095,ORD014095,ORD014043,99.43,23,SELL
14095,ORD014095,ORD014046,99.40,13,SELL
14096,ORD014096,ORD014090,100.33,3,BUY
14096,ORD014096,ORD014088,100.49,2,BUY
14096,ORD014096,ORD014062,100.69,29,BUY
14096,ORD014096,ORD014071,100.82,38,BUY
14098,ORD014098,ORD014097,99.68,37,BUY
14098,ORD014098,ORD014071,100.82,22,BUY
14098,ORD014098,ORD014039,100.95,7,BUY
14098,ORD014098,ORD013988,100.96,8,BUY
14098,ORD014098,ORD014009,101.01,7,BUY
14099,ORD014099,ORD014046,99.40,32,SELL
14099,ORD014099,ORD014029,99.34,40,SELL
14099,ORD014099,ORD014069,99.29,5,SELL
14103,ORD014103,ORD014069,99.29,17,SELL
14103,ORD014103,ORD014057,99.20,24,SELL
14105,ORD014105,ORD014101,100.56,79,BUY
14105,ORD014105,ORD014009,101.01,5,BUY
14107,ORD014107,ORD014057,99.20,44,SELL
14108,ORD014108,ORD014009,101.01,35,BUY
14111,ORD014111,ORD014009,101.01,23,BUY
14111,ORD014111,ORD014076,101.02,60,BUY
14111,ORD014111,ORD013999,101.06,9,BUY
14115,ORD014115,ORD014057,99.20,16,SELL
14115,ORD014115,ORD014081,98.90,5,SELL
14116,ORD014116,ORD014081,98.90,31,SELL
14116,ORD014116,ORD014028,98.83,10,SELL
14116,ORD014116,ORD014032,98.61,32,SELL
14121,ORD014121,ORD014118,99.81,55,SELL
14121,ORD014121,ORD014117,99.37,22,SELL
14124,ORD014124,ORD014117,99.37,13,SELL
14124,ORD014124,ORD014032,98.61,3,SELL
14124,ORD014124,ORD014034,98.40,12,SELL
14125,ORD014125,ORD014112,99.99,30,BUY
14127,ORD014127,ORD014112,99.99,2,BUY
14127,ORD014127,ORD014113,100.38,16,BUY
14127,ORD014127,ORD014119,100.40,28,BUY
14127,ORD014127,ORD013999,101.06,37,BUY
14128,ORD014128,ORD014034,98.40,18,SELL
14128,ORD014128,ORD014085,98.26,13,SELL
14128,ORD014128,ORD014063,98.20,22,SELL
14128,ORD014128,ORD014050,98.10,31,SELL
14132,ORD014132,ORD013999,101.06,16,BUY
14132,ORD014132,ORD014130,101.07,39,BUY
14135,ORD014135,ORD014129,100.30,5,SELL
14137,ORD014137,ORD014131,99.34,5,SELL
14139,ORD014139,ORD014131,99.34,29,SELL
14140,ORD014140,ORD014131,99.34,29,SELL
14141,ORD014141,ORD014135,99.58,42,BUY
14141,ORD014141,ORD014130,101.07,5,BUY
14141,ORD014141,ORD014087,101.08,38,BUY
14145,ORD014145,ORD014087,101.08,58,BUY
14145,ORD014145,ORD014020,101.18,32,BUY
14146,ORD014146,ORD014020,101.18,11,BUY
14149,ORD014149,ORD014147,100.80,33,BUY
14150,ORD014150,ORD014143,99.82,12,SELL
14150,ORD014150,ORD014131,99.34,23,SELL
14150,ORD014150,ORD014138,99.32,31,SELL
14151,ORD014151,ORD014138,99.32,45,SELL
14151,ORD014151,ORD014136,98.78,38,SELL
14152,ORD014152,ORD014133,98.61,20,SELL
14153,ORD014153,ORD014133,98.61,27,SELL
14154,ORD014154,ORD014133,98.61,29,SELL
14155,ORD014155,ORD014147,100.80,1,BUY
14156,ORD014156,ORD014020,101.18,17,BUY
14156,ORD014156,ORD014106,101.22,4,BUY
14156,ORD014156,ORD014148,101.27,31,BUY
14157,ORD014157,ORD014148,101.27,18,BUY
14157,ORD014157,ORD014037,101.32,66,BUY
14162,ORD014162,ORD014158,100.08,16,SELL
14162,ORD014162,ORD014161,99.83,38,SELL
14163,ORD014163,ORD014133,98.61,5,SELL
14165,ORD014165,ORD014164,99.19,31,SELL
14167,ORD014167,ORD014037,101.32,24,BUY
14167,ORD014167,ORD014049,101.45,10,BUY
14167,ORD014167,ORD014068,101.46,32,BUY
14167,ORD014167,ORD014114,101.48,22,BUY
14168,ORD014168,ORD014164,99.19,52,SELL
14171,ORD014171,ORD014114,101.48,39,BUY
14173,ORD014173,ORD014164,99.19,1,SELL
14176,ORD014176,ORD014164,99.19,14,SELL
14176,ORD014176,ORD014170,98.95,41,SELL
14177,ORD014177,ORD014174,100.18,35,BUY
14177,ORD014177,ORD014175,101.36,3,BUY
14179,ORD014179,ORD014170,98.95,37,SELL
14179,ORD014179,ORD014166,98.88,34,SELL
14179,ORD014179,ORD014169,98.77,8,SELL
14182,ORD014182,ORD014169,98.77,76,SELL
14183,ORD014183,ORD014169,98.77,13,SELL
14184,ORD014184,ORD014175,101.36,70,BUY
14184,ORD014184,ORD014114,101.48,24,BUY
14184,ORD014184,ORD013947,101.50,6,BUY
14185,ORD014185,ORD014169,98.77,3,SELL
14185,ORD014185,ORD014133,98.61,18,SELL
14185,ORD014185,ORD014160,98.34,2,SELL
14186,ORD014186,ORD013947,101.50,7,BUY
14186,ORD014186,ORD013996,101.50,4,BUY
14187,ORD014187,ORD014160,98.34,61,SELL
14187,ORD014187,ORD014144,98.26,33,SELL
14188,ORD014188,ORD013996,101.50,76,BUY
14188,ORD014188,ORD013959,101.51,10,BUY
14189,ORD014189,ORD014144,98.26,6,SELL
14190,ORD014190,ORD014144,98.26,33,SELL
14190,ORD014190,ORD014050,98.10,22,SELL
14190,ORD014190,ORD014120,98.05,9,SELL
14191,ORD014191,ORD013959,101.51,4,BUY
14191,ORD014191,ORD014089,101.56,5,BUY
14192,ORD014192,ORD014120,98.05,18,SELL
14192,ORD014192,ORD014159,98.03,1,SELL
14194,ORD014194,ORD014089,101.56,39,BUY
14194,ORD014194,ORD013977,101.60,2,BUY
14201,ORD014201,ORD014199,100.51,5,BUY
14201,ORD014201,ORD013977,101.60,13,BUY
14201,ORD014201,ORD013962,101.61,71,BUY
14203,ORD014203,ORD013962,101.61,18,BUY
14203,ORD014203,ORD014019,101.64,27,BUY
14203,ORD014203,ORD013939,101.65,19,BUY
14209,ORD014209,ORD014204,99.62,42,BUY
14211,ORD014211,ORD014209,100.30,13,SELL
14212,ORD014212,ORD014206,100.33,4,BUY
14213,ORD014213,ORD014209,100.30,6,SELL
14213,ORD014213,ORD014208,99.51,45,SELL
14213,ORD014213,ORD014210,98.89,31,SELL
14214,ORD014214,ORD014206,100.33,36,BUY
14215,ORD014215,ORD014210,98.89,20,SELL
14215,ORD014215,ORD014205,98.00,55,SELL
14216,ORD014216,ORD014206,100.33,5,BUY
14216,ORD014216,ORD013939,101.65,24,BUY
14219,ORD014219,ORD014218,100.08,47,SELL
14220,ORD014220,ORD014218,100.08,53,SELL
14224,ORD014224,ORD014223,99.44,24,SELL
14225,ORD014225,ORD014221,99.99,78,BUY
14225,ORD014225,ORD014220,100.03,3,BUY
14226,ORD014226,ORD014220,100.03,20,BUY
14228,ORD014228,ORD014223,99.44,10,SELL
14228,ORD014228,ORD014217,98.31,35,SELL
14228,ORD014228,ORD014227,98.29,6,SELL
14229,ORD014229,ORD014220,100.03,4,BUY
14233,ORD014233,ORD014222,100.43,5,BUY
14234,ORD014234,ORD014222,100.43,37,BUY
14234,ORD014234,ORD014232,100.77,26,BUY
14234,ORD014234,ORD014231,101.23,6,BUY
14235,ORD014235,ORD014231,101.23,38,BUY
14236,ORD014236,ORD014231,101.23,10,BUY
14236,ORD014236,ORD013939,101.65,4,BUY
14236,ORD014236,ORD013953,101.66,21,BUY
14237,ORD014237,ORD014229,100.37,77,SELL
14241,ORD014241,ORD014238,100.79,44,BUY
14243,ORD014243,ORD014238,100.79,23,BUY
14243,ORD014243,ORD014242,100.93,6,BUY
14245,ORD014245,ORD014242,100.93,14,BUY
14245,ORD014245,ORD013953,101.66,16,BUY
14245,ORD014245,ORD013958,101.67,39,BUY
14246,ORD014246,ORD014229,100.37,14,SELL
14246,ORD014246,ORD014230,99.73,1,SELL
14247,ORD014247,ORD014230,99.73,47,SELL
14248,ORD014248,ORD013958,101.67,1,BUY
14248,ORD014248,ORD014100,101.68,31,BUY
14248,ORD014248,ORD014084,101.79,2,BUY
14248,ORD014248,ORD014172,101.80,8,BUY
14248,ORD014248,ORD014104,101.81,16,BUY
14248,ORD014248,ORD013884,101.82,10,BUY
14248,ORD014248,ORD014109,101.82,13,BUY
14251,ORD014251,ORD014230,99.73,23,SELL
14251,ORD014251,ORD014239,98.70,68,SELL
14253,ORD014253,ORD014250,99.85,40,BUY
14253,ORD014253,ORD014249,101.81,12,BUY
14253,ORD014253,ORD014109,101.82,13,BUY
14256,ORD014256,ORD014239,98.70,8,SELL
14256,ORD014256,ORD014240,98.44,48,SELL
14259,ORD014259,ORD014258,99.73,63,BUY
14259,ORD014259,ORD014255,101.04,26,BUY
14259,ORD014259,ORD014109,101.82,11,BUY
14261,ORD014261,ORD014109,101.82,33,BUY
14265,ORD014265,ORD014260,99.03,4,SELL
14270,ORD014270,ORD014266,99.83,86,BUY
14270,ORD014270,ORD014268,99.94,5,BUY
14271,ORD014271,ORD014268,99.94,57,BUY
14272,ORD014272,ORD014267,100.24,15,BUY
14272,ORD014272,ORD014262,101.02,47,BUY
14275,ORD014275,ORD014262,101.02,33,BUY
14275,ORD014275,ORD014109,101.82,23,BUY
14275,ORD014275,ORD014200,101.82,21,BUY
14276,ORD014276,ORD014271,100.22,4,SELL
14276,ORD014276,ORD014273,99.31,38,SELL
14276,ORD014276,ORD014269,99.22,3,SELL
14278,ORD014278,ORD014200,101.82,6,BUY
14279,ORD014279,ORD014269,99.22,66,SELL
14281,ORD014281,ORD014280,101.78,38,BUY
14282,ORD014282,ORD014280,101.78,32,BUY
14282,ORD014282,ORD014200,101.82,8,BUY
14284,ORD014284,ORD014269,99.22,30,SELL
14284,ORD014284,ORD014260,99.03,26,SELL
14285,ORD014285,ORD014283,101.51,11,BUY
14289,ORD014289,ORD014288,100.96,70,BUY
14289,ORD014289,ORD014283,101.51,24,BUY
14290,ORD014290,ORD014287,100.45,66,SELL
14291,ORD014291,ORD014283,101.51,3,BUY
14291,ORD014291,ORD014200,101.82,4,BUY
14291,ORD014291,ORD014122,101.83,24,BUY
14292,ORD014292,ORD014122,101.83,16,BUY
14292,ORD014292,ORD013964,101.87,69,BUY
14293,ORD014293,ORD013964,101.87,24,BUY
14293,ORD014293,ORD013863,101.91,69,BUY
14294,ORD014294,ORD014287,100.45,3,SELL
14295,ORD014295,ORD014287,100.45,12,SELL
14295,ORD014295,ORD014260,99.03,20,SELL
14295,ORD014295,ORD014274,98.96,31,SELL
14295,ORD014295,ORD014263,98.42,22,SELL
14298,ORD014298,ORD013863,101.91,13,BUY
14298,ORD014298,ORD013905,101.92,14,BUY
14298,ORD014298,ORD013898,101.93,2,BUY
14306,ORD014306,ORD014300,99.81,28,BUY
14307,ORD014307,ORD014300,99.81,12,BUY
14309,ORD014309,ORD014300,99.81,17,BUY
14309,ORD014309,ORD014308,99.90,23,BUY
14310,ORD014310,ORD014309,100.46,13,SELL
14311,ORD014311,ORD014309,100.46,36,SELL
14311,ORD014311,ORD014296,99.63,1,SELL
14313,ORD014313,ORD014302,100.64,42,BUY
14317,ORD014317,ORD014296,99.63,20,SELL
14317,ORD014317,ORD014316,99.54,54,SELL
14318,ORD014318,ORD014315,100.49,14,BUY
14318,ORD014318,ORD014302,100.64,6,BUY
14318,ORD014318,ORD014299,101.27,52,BUY
14320,ORD014320,ORD014299,101.27,34,BUY
14321,ORD014321,ORD014299,101.27,2,BUY
14321,ORD014321,ORD014304,101.92,46,BUY
14321,ORD014321,ORD013821,101.94,15,BUY
14322,ORD014322,ORD014319,99.66,7,SELL
14323,ORD014323,ORD014319,99.66,60,SELL
14323,ORD014323,ORD014316,99.54,10,SELL
14325,ORD014325,ORD014316,99.54,12,SELL
14325,ORD014325,ORD014314,99.51,55,SELL
14329,ORD014329,ORD014326,99.66,44,BUY
14329,ORD014329,ORD014327,99.71,43,BUY
14335,ORD014335,ORD014327,99.71,5,BUY
14336,ORD014336,ORD014335,99.95,29,SELL
14337,ORD014337,ORD014335,99.95,6,SELL
14338,ORD014338,ORD014335,99.95,9,SELL
14338,ORD014338,ORD014314,99.51,44,SELL
14338,ORD014338,ORD014324,99.38,3,SELL
14338,ORD014338,ORD014303,98.93,25,SELL
14341,ORD014341,ORD014333,100.23,15,BUY
14342,ORD014342,ORD014303,98.93,7,SELL
14344,ORD014344,ORD014333,100.23,3,BUY
14345,ORD014345,ORD014344,100.40,17,SELL
14345,ORD014345,ORD014303,98.93,38,SELL
14347,ORD014347,ORD014346,99.37,18,SELL
14348,ORD014348,ORD014332,100.63,59,BUY
14348,ORD014348,ORD014330,100.84,1,BUY
14350,ORD014350,ORD014346,99.37,3,SELL
14353,ORD014353,ORD014352,99.92,34,SELL
14354,ORD014354,ORD014352,99.92,33,SELL
14355,ORD014355,ORD014346,99.37,26,SELL
14355,ORD014355,ORD014303,98.93,3,SELL
14355,ORD014355,ORD014331,98.80,10,SELL
14356,ORD014356,ORD014354,99.63,42,BUY
14357,ORD014357,ORD014351,100.68,33,BUY
14357,ORD014357,ORD014330,100.84,25,BUY
14357,ORD014357,ORD014340,100.84,21,BUY
14358,ORD014358,ORD014340,100.84,66,BUY
14358,ORD014358,ORD014328,100.96,31,BUY
14359,ORD014359,ORD014328,100.96,13,BUY
14359,ORD014359,ORD014349,101.12,47,BUY
14359,ORD014359,ORD014343,101.69,29,BUY
14361,ORD014361,ORD014356,100.34,13,SELL
14361,ORD014361,ORD014360,99.45,59,SELL
14362,ORD014362,ORD014360,99.45,9,SELL
14364,ORD014364,ORD014360,99.45,5,SELL
14364,ORD014364,ORD014331,98.80,1,SELL
14368,ORD014368,ORD014367,100.50,4,SELL
14369,ORD014369,ORD014343,101.69,66,BUY
14370,ORD014370,ORD014339,101.85,23,BUY
14370,ORD014370,ORD013821,101.94,13,BUY
14371,ORD014371,ORD014367,100.50,40,SELL
14371,ORD014371,ORD014366,99.18,30,SELL
14373,ORD014373,ORD014372,100.33,71,SELL
14376,ORD014376,ORD014372,100.33,25,SELL
14376,ORD014376,ORD014366,99.18,4,SELL
14376,ORD014376,ORD014331,98.80,42,SELL
14377,ORD014377,ORD014331,98.80,37,SELL
14377,ORD014377,ORD014363,98.75,20,SELL
14378,ORD014378,ORD014374,101.21,22,BUY
14381,ORD014381,ORD014363,98.75,3,SELL
14381,ORD014381,ORD014334,98.72,24,SELL
14381,ORD014381,ORD014365,98.54,19,SELL
14381,ORD014381,ORD014301,98.48,9,SELL
14381,ORD014381,ORD014297,98.47,35,SELL
14382,ORD014382,ORD014297,98.47,31,SELL
14382,ORD014382,ORD014263,98.42,1,SELL
14382,ORD014382,ORD014305,98.36,18,SELL
14387,ORD014387,ORD014384,98.67,4,SELL
14387,ORD014387,ORD014305,98.36,47,SELL
14388,ORD014388,ORD014379,100.13,43,BUY
14388,ORD014388,ORD014374,101.21,9,BUY
14389,ORD014389,ORD014374,101.21,24,BUY
14390,ORD014390,ORD014305,98.36,7,SELL
14390,ORD014390,ORD014312,98.04,43,SELL
14393,ORD014393,ORD014374,101.21,22,BUY
14393,ORD014393,ORD014385,101.53,6,BUY
14398,ORD014398,ORD014395,101.25,37,BUY
14398,ORD014398,ORD014396,101.27,35,BUY
14399,ORD014399,ORD014396,101.27,7,BUY
14400,ORD014400,ORD014392,98.17,5,SELL
14403,ORD014403,ORD014402,100.00,12,BUY
14404,ORD014404,ORD014402,100.00,72,BUY
14406,ORD014406,ORD014402,100.00,6,BUY
14406,ORD014406,ORD014401,100.69,19,BUY
14411,ORD014411,ORD014405,99.66,4,SELL
14414,ORD014414,ORD014405,99.66,36,SELL
14414,ORD014414,ORD014407,98.73,15,SELL
14415,ORD014415,ORD014407,98.73,45,SELL
14415,ORD014415,ORD014408,98.36,20,SELL
14417,ORD014417,ORD014412,100.16,31,BUY
14418,ORD014418,ORD014408,98.36,43,SELL
14423,ORD014423,ORD014412,100.16,4,BUY
14423,ORD014423,ORD014401,100.69,55,BUY
14423,ORD014423,ORD014409,100.92,16,BUY
14425,ORD014425,ORD014424,100.03,39,BUY
14425,ORD014425,ORD014409,100.92,1,BUY
14425,ORD014425,ORD014419,100.99,41,BUY
14425,ORD014425,ORD014396,101.27,9,BUY
14431,ORD014431,ORD014430,99.61,7,BUY
14431,ORD014431,ORD014427,100.22,18,BUY
14440,ORD014440,ORD014432,99.00,8,SELL
14440,ORD014440,ORD014438,98.68,48,SELL
14440,ORD014440,ORD014433,98.57,38,SELL
14443,ORD014443,ORD014434,99.58,42,BUY
14443,ORD014443,ORD014439,99.59,32,BUY
14445,ORD014445,ORD014441,99.40,51,SELL
14446,ORD014446,ORD014439,99.59,6,BUY
14447,ORD014447,ORD014439,99.59,55,BUY
14447,ORD014447,ORD014444,99.93,6,BUY
14448,ORD014448,ORD014444,99.93,6,BUY
14450,ORD014450,ORD014441,99.40,24,SELL
14450,ORD014450,ORD014433,98.57,15,SELL
14450,ORD014450,ORD014449,98.50,26,SELL
14450,ORD014450,ORD014442,98.25,25,SELL
14451,ORD014451,ORD014444,99.93,20,BUY
14452,ORD014452,ORD014442,98.25,40,SELL
14455,ORD014455,ORD014442,98.25,2,SELL
14456,ORD014456,ORD014442,98.25,30,SELL
14456,ORD014456,ORD014453,98.25,38,SELL
14456,ORD014456,ORD014435,98.23,30,SELL
14457,ORD014457,ORD014435,98.23,27,SELL
14459,ORD014459,ORD014444,99.93,3,BUY
14459,ORD014459,ORD014458,100.06,26,BUY
14459,ORD014459,ORD014427,100.22,64,BUY
14459,ORD014459,ORD014396,101.27,7,BUY
14460,ORD014460,ORD014396,101.27,5,BUY
14460,ORD014460,ORD014422,101.29,28,BUY
14461,ORD014461,ORD014435,98.23,13,SELL
14463,ORD014463,ORD014422,101.29,1,BUY
14463,ORD014463,ORD014397,101.40,18,BUY
14463,ORD014463,ORD014410,101.50,57,BUY
14464,ORD014464,ORD014462,100.31,49,SELL
14468,ORD014468,ORD014467,100.20,8,BUY
14471,ORD014471,ORD014467,100.20,36,BUY
14472,ORD014472,ORD014470,98.47,31,SELL
14472,ORD014472,ORD014466,98.02,34,SELL
14474,ORD014474,ORD014466,98.02,58,SELL
14480,ORD014480,ORD014467,100.20,14,BUY
14481,ORD014481,ORD014480,100.39,55,SELL
14482,ORD014482,ORD014410,101.50,28,BUY
14484,ORD014484,ORD014480,100.39,18,SELL
14484,ORD014484,ORD014477,99.70,45,SELL
14486,ORD014486,ORD014483,101.22,51,BUY
14486,ORD014486,ORD014410,101.50,13,BUY
14486,ORD014486,ORD014385,101.53,15,BUY
14486,ORD014486,ORD014413,101.74,12,BUY
14490,ORD014490,ORD014489,100.21,7,SELL
14491,ORD014491,ORD014489,100.21,41,SELL
14491,ORD014491,ORD014477,99.70,18,SELL
14492,ORD014492,ORD014488,100.78,70,BUY
14493,ORD014493,ORD014488,100.78,26,BUY
14493,ORD014493,ORD014413,101.74,41,BUY
14499,ORD014499,ORD014495,100.08,15,BUY
14500,ORD014500,ORD014497,100.04,80,SELL
14500,ORD014500,ORD014477,99.70,10,SELL
14501,ORD014501,ORD014477,99.70,26,SELL
14501,ORD014501,ORD014494,99.47,7,SELL
14503,ORD014503,ORD014495,100.08,27,BUY
14504,ORD014504,ORD014503,100.10,24,SELL
14505,ORD014505,ORD014503,100.10,19,SELL
14506,ORD014506,ORD014494,99.47,13,SELL
14506,ORD014506,ORD014487,98.57,24,SELL
14507,ORD014507,ORD014505,99.78,16,BUY
14509,ORD014509,ORD014487,98.57,10,SELL
14509,ORD014509,ORD014478,98.01,27,SELL
14511,ORD014511,ORD014505,99.78,46,BUY
14511,ORD014511,ORD014496,100.28,19,BUY
14516,ORD014516,ORD014496,100.28,70,BUY
14519,ORD014519,ORD014515,99.96,15,SELL
14520,ORD014520,ORD014518,99.27,4,SELL
14523,ORD014523,ORD014519,99.73,8,BUY
14523,ORD014523,ORD014496,100.28,8,BUY
14525,ORD014525,ORD014502,101.27,2,BUY
14525,ORD014525,ORD014521,101.38,57,BUY
14526,ORD014526,ORD014521,101.38,25,BUY
14526,ORD014526,ORD014498,101.68,24,BUY
14527,ORD014527,ORD014498,101.68,2,BUY
14527,ORD014527,ORD014413,101.74,16,BUY
14532,ORD014532,ORD014530,101.05,43,BUY
14532,ORD014532,ORD014531,101.26,22,BUY
14533,ORD014533,ORD014531,101.26,26,BUY
14533,ORD014533,ORD014529,101.45,72,BUY
14536,ORD014536,ORD014534,99.42,5,SELL
14537,ORD014537,ORD014534,99.42,41,SELL
14538,ORD014538,ORD014534,99.42,5,SELL
14540,ORD014540,ORD014534,99.42,32,SELL
14541,ORD014541,ORD014535,100.40,22,BUY
14541,ORD014541,ORD014529,101.45,27,BUY
14541,ORD014541,ORD014539,101.60,32,BUY
14542,ORD014542,ORD014539,101.60,7,BUY
14545,ORD014545,ORD014544,100.39,48,BUY
14546,ORD014546,ORD014544,100.39,14,BUY
14546,ORD014546,ORD014539,101.60,35,BUY
14546,ORD014546,ORD014413,101.74,4,BUY
14548,ORD014548,ORD014534,99.42,3,SELL
14548,ORD014548,ORD014524,99.17,34,SELL
14549,ORD014549,ORD014547,101.09,3,BUY
14550,ORD014550,ORD014524,99.17,5,SELL
14551,ORD014551,ORD014547,101.09,58,BUY
14551,ORD014551,ORD014413,101.74,19,BUY
14551,ORD014551,ORD014517,101.79,4,BUY
14553,ORD014553,ORD014517,101.79,18,BUY
14553,ORD014553,ORD014454,101.88,49,BUY
14553,ORD014553,ORD014508,101.88,16,BUY
14553,ORD014553,ORD014522,101.89,15,BUY
14554,ORD014554,ORD014552,98.83,42,SELL
14555,ORD014555,ORD014552,98.83,16,SELL
14556,ORD014556,ORD014552,98.83,7,SELL
14559,ORD014559,ORD014558,99.13,31,SELL
14559,ORD014559,ORD014557,98.22,45,SELL
14560,ORD014560,ORD014557,98.22,2,SELL
14562,ORD014562,ORD014557,98.22,51,SELL
14562,ORD014562,ORD014561,98.12,35,SELL
14564,ORD014564,ORD014563,99.70,30,SELL
14567,ORD014567,ORD014565,99.96,34,BUY
14567,ORD014567,ORD014522,101.89,37,BUY
14569,ORD014569,ORD014568,100.23,10,SELL
14571,ORD014571,ORD014570,101.60,16,BUY
14571,ORD014571,ORD014522,101.89,45,BUY
14571,ORD014571,ORD014383,101.92,36,BUY
14572,ORD014572,ORD014383,101.92,17,BUY
14572,ORD014572,ORD014476,101.93,49,BUY
14572,ORD014572,ORD013821,101.94,32,BUY
14572,ORD014572,ORD014110,101.94,1,BUY
14573,ORD014573,ORD014568,100.23,62,SELL
14574,ORD014574,ORD014110,101.94,14,BUY
14574,ORD014574,ORD014134,101.94,85,BUY
14575,ORD014575,ORD014568,100.23,12,SELL
14575,ORD014575,ORD014566,99.40,60,SELL
14578,ORD014578,ORD014576,100.57,44,BUY
14578,ORD014578,ORD014134,101.94,4,BUY
14578,ORD014578,ORD014386,101.98,46,BUY
14580,ORD014580,ORD014386,101.98,25,BUY
14580,ORD014580,ORD014394,101.98,1,BUY
14580,ORD014580,ORD014375,102.00,13,BUY
14583,ORD014583,ORD014579,99.81,6,SELL
14583,ORD014583,ORD014566,99.40,27,SELL
14583,ORD014583,ORD014582,99.08,5,SELL
14590,ORD014590,ORD014582,99.08,40,SELL
14590,ORD014590,ORD014586,98.96,12,SELL
14591,ORD014591,ORD014586,98.96,58,SELL
14591,ORD014591,ORD014577,98.72,20,SELL
14596,ORD014596,ORD014592,99.23,65,SELL
14600,ORD014600,ORD014592,99.23,10,SELL
14601,ORD014601,ORD014595,99.51,79,BUY
14602,ORD014602,ORD014595,99.51,5,BUY
14602,ORD014602,ORD014599,99.58,65,BUY
14603,ORD014603,ORD014599,99.58,22,BUY
14604,ORD014604,ORD014587,99.94,31,BUY
14604,ORD014604,ORD014593,99.95,6,BUY
14605,ORD014605,ORD014603,99.89,33,SELL
14606,ORD014606,ORD014593,99.95,18,BUY
14607,ORD014607,ORD014603,99.89,6,SELL
14607,ORD014607,ORD014592,99.23,11,SELL
14607,ORD014607,ORD014577,98.72,26,SELL
14607,ORD014607,ORD014597,98.42,46,SELL
14608,ORD014608,ORD014597,98.42,12,SELL
14610,ORD014610,ORD014593,99.95,57,BUY
14610,ORD014610,ORD014598,100.69,40,BUY
14611,ORD014611,ORD014588,100.87,44,BUY
14617,ORD014617,ORD014615,99.91,23,BUY
14617,ORD014617,ORD014612,99.93,2,BUY
14617,ORD014617,ORD014614,100.25,14,BUY
14617,ORD014617,ORD014616,100.57,58,BUY
14618,ORD014618,ORD014616,100.57,17,BUY
14618,ORD014618,ORD014588,100.87,9,BUY
14618,ORD014618,ORD014594,101.55,43,BUY
14622,ORD014622,ORD014620,100.45,13,SELL
14624,ORD014624,ORD014620,100.45,59,SELL
14626,ORD014626,ORD014620,100.45,21,SELL
14626,ORD014626,ORD014613,99.28,24,SELL
14629,ORD014629,ORD014627,99.60,3,BUY
14629,ORD014629,ORD014628,100.68,30,BUY
14629,ORD014629,ORD014625,100.95,27,BUY
14629,ORD014629,ORD014594,101.55,5,BUY
14630,ORD014630,ORD014594,101.55,35,BUY
14636,ORD014636,ORD014613,99.28,63,SELL
14638,ORD014638,ORD014633,99.61,4,BUY
14640,ORD014640,ORD014613,99.28,9,SELL
14640,ORD014640,ORD014619,99.23,19,SELL
14640,ORD014640,ORD014637,99.17,22,SELL
14642,ORD014642,ORD014637,99.17,73,SELL
14643,ORD014643,ORD014637,99.17,2,SELL
14643,ORD014643,ORD014597,98.42,39,SELL
14643,ORD014643,ORD014639,98.29,29,SELL
14644,ORD014644,ORD014639,98.29,1,SELL
14647,ORD014647,ORD014633,99.61,5,BUY
14648,ORD014648,ORD014639,98.29,62,SELL
14649,ORD014649,ORD014633,99.61,10,BUY
14649,ORD014649,ORD014635,99.83,48,BUY
14649,ORD014649,ORD014634,100.52,31,BUY
14650,ORD014650,ORD014639,98.29,3,SELL
14650,ORD014650,ORD014646,98.18,10,SELL
14653,ORD014653,ORD014634,100.52,28,BUY
14655,ORD014655,ORD014654,100.22,13,BUY
14655,ORD014655,ORD014634,100.52,16,BUY
14656,ORD014656,ORD014634,100.52,17,BUY
14656,ORD014656,ORD014645,100.82,40,BUY
14657,ORD014657,ORD014645,100.82,3,BUY
14657,ORD014657,ORD014632,100.84,82,BUY
14657,ORD014657,ORD014652,101.39,11,BUY
14661,ORD014661,ORD014660,99.81,65,SELL
14663,ORD014663,ORD014662,100.19,8,BUY
14663,ORD014663,ORD014658,101.18,3,BUY
14663,ORD014663,ORD014652,101.39,73,BUY
14663,ORD014663,ORD014641,101.42,13,BUY
14669,ORD014669,ORD014660,99.81,21,SELL
14669,ORD014669,ORD014667,99.79,6,SELL
14669,ORD014669,ORD014659,99.34,29,SELL
14671,ORD014671,ORD014659,99.34,12,SELL
14672,ORD014672,ORD014659,99.34,1,SELL
14672,ORD014672,ORD014670,98.36,9,SELL
14674,ORD014674,ORD014664,99.86,33,BUY
14677,ORD014677,ORD014673,99.78,3,SELL
14681,ORD014681,ORD014664,99.86,16,BUY
14681,ORD014681,ORD014679,100.48,15,BUY
14681,ORD014681,ORD014675,100.66,32,BUY
14681,ORD014681,ORD014666,100.81,9,BUY
14683,ORD014683,ORD014673,99.78,55,SELL
14687,ORD014687,ORD014685,99.86,9,SELL
14687,ORD014687,ORD014673,99.78,3,SELL
14687,ORD014687,ORD014680,99.61,43,SELL
14688,ORD014688,ORD014666,100.81,3,BUY
14690,ORD014690,ORD014680,99.61,35,SELL
14690,ORD014690,ORD014689,99.40,8,SELL
14690,ORD014690,ORD014682,99.25,49,SELL
14691,ORD014691,ORD014666,100.81,9,BUY
14693,ORD014693,ORD014666,100.81,9,BUY
14694,ORD014694,ORD014666,100.81,11,BUY
14698,ORD014698,ORD014666,100.81,15,BUY
14698,ORD014698,ORD014668,100.94,45,BUY
14700,ORD014700,ORD014695,98.53,59,SELL
14700,ORD014700,ORD014686,98.51,3,SELL
14702,ORD014702,ORD014686,98.51,17,SELL
14702,ORD014702,ORD014696,98.10,22,SELL
14703,ORD014703,ORD014699,99.55,76,BUY
14705,ORD014705,ORD014696,98.10,9,SELL
14705,ORD014705,ORD014684,98.09,71,SELL
14706,ORD014706,ORD014701,100.18,1,BUY
14706,ORD014706,ORD014704,100.40,43,BUY
14707,ORD014707,ORD014704,100.40,31,BUY
14708,ORD014708,ORD014704,100.40,18,BUY
14708,ORD014708,ORD014668,100.94,23,BUY
14710,ORD014710,ORD014709,100.09,55,BUY
14711,ORD014711,ORD014709,100.09,16,BUY
14712,ORD014712,ORD014709,100.09,24,BUY
14712,ORD014712,ORD014668,100.94,3,BUY
14713,ORD014713,ORD014684,98.09,17,SELL
14716,ORD014716,ORD014715,99.94,20,BUY
14716,ORD014716,ORD014668,100.94,21,BUY
14716,ORD014716,ORD014676,101.25,26,BUY
14719,ORD014719,ORD014676,101.25,65,BUY
14719,ORD014719,ORD014641,101.42,11,BUY
14719,ORD014719,ORD014665,101.79,8,BUY
14723,ORD014723,ORD014721,99.02,70,SELL
14725,ORD014725,ORD014721,99.02,15,SELL
14725,ORD014725,ORD014722,98.66,27,SELL
14725,ORD014725,ORD014718,98.52,34,SELL
14726,ORD014726,ORD014720,99.55,3,BUY
14726,ORD014726,ORD014724,100.90,47,BUY
14726,ORD014726,ORD014665,101.79,22,BUY
14727,ORD014727,ORD014665,101.79,27,BUY
14727,ORD014727,ORD014678,101.90,10,BUY
14728,ORD014728,ORD014718,98.52,26,SELL
14729,ORD014729,ORD014718,98.52,17,SELL
14729,ORD014729,ORD014714,98.31,18,SELL
14731,ORD014731,ORD014714,98.31,10,SELL
14731,ORD014731,ORD014717,98.12,9,SELL
14734,ORD014734,ORD014732,100.14,19,BUY
14734,ORD014734,ORD014678,101.90,40,BUY
14734,ORD014734,ORD014692,101.91,1,BUY
14736,ORD014736,ORD014692,101.91,67,BUY
14736,ORD014736,ORD014697,101.91,13,BUY
14737,ORD014737,ORD014733,99.60,68,SELL
14738,ORD014738,ORD014697,101.91,33,BUY
14740,ORD014740,ORD014733,99.60,3,SELL
14740,ORD014740,ORD014735,98.48,56,SELL
14742,ORD014742,ORD014735,98.48,31,SELL
14742,ORD014742,ORD014741,98.43,26,SELL
14743,ORD014743,ORD014739,100.13,44,BUY
14744,ORD014744,ORD014741,98.43,12,SELL
14745,ORD014745,ORD014741,98.43,16,SELL
14745,ORD014745,ORD014717,98.12,39,SELL
14747,ORD014747,ORD014717,98.12,7,SELL
14748,ORD014748,ORD014717,98.12,7,SELL
14749,ORD014749,ORD014746,99.65,28,BUY
14754,ORD014754,ORD014746,99.65,61,BUY
14754,ORD014754,ORD014750,101.79,34,BUY
14757,ORD014757,ORD014756,99.24,42,SELL
14761,ORD014761,ORD014755,101.26,36,BUY
14762,ORD014762,ORD014759,100.28,39,SELL
14763,ORD014763,ORD014759,100.28,36,SELL
14763,ORD014763,ORD014760,98.12,8,SELL
14764,ORD014764,ORD014755,101.26,51,BUY
14764,ORD014764,ORD014758,101.49,36,BUY
14765,ORD014765,ORD014758,101.49,41,BUY
14765,ORD014765,ORD014750,101.79,20,BUY
14770,ORD014770,ORD014767,101.06,55,BUY
14771,ORD014771,ORD014766,100.45,27,SELL
14773,ORD014773,ORD014766,100.45,34,SELL
14773,ORD014773,ORD014768,99.27,31,SELL
14773,ORD014773,ORD014769,98.98,1,SELL
14774,ORD014774,ORD014769,98.98,5,SELL
14775,ORD014775,ORD014769,98.98,10,SELL
14775,ORD014775,ORD014760,98.12,47,SELL
14775,ORD014775,ORD014772,98.11,39,SELL
14780,ORD014780,ORD014779,99.77,10,BUY
14787,ORD014787,ORD014785,101.40,41,BUY
14787,ORD014787,ORD014786,101.59,37,BUY
14788,ORD014788,ORD014781,99.88,34,SELL
14790,ORD014790,ORD014789,100.01,17,BUY
14791,ORD014791,ORD014781,99.88,14,SELL
14792,ORD014792,ORD014789,100.01,35,BUY
14794,ORD014794,ORD014781,99.88,28,SELL
14794,ORD014794,ORD014782,99.40,18,SELL
14794,ORD014794,ORD014778,99.36,37,SELL
14794,ORD014794,ORD014793,99.10,7,SELL
14796,ORD014796,ORD014793,99.10,51,SELL
14797,ORD014797,ORD014789,100.01,37,BUY
14797,ORD014797,ORD014795,100.13,36,BUY
14798,ORD014798,ORD014795,100.13,17,BUY
14799,ORD014799,ORD014793,99.10,18,SELL
14799,ORD014799,ORD014776,98.98,66,SELL
14799,ORD014799,ORD014772,98.11,13,SELL
14801,ORD014801,ORD014772,98.11,1,SELL
14803,ORD014803,ORD014795,100.13,37,BUY
14803,ORD014803,ORD014800,100.75,5,BUY
14803,ORD014803,ORD014802,100.80,32,BUY
14806,ORD014806,ORD014802,100.80,11,BUY
14806,ORD014806,ORD014804,101.93,81,BUY
14810,ORD014810,ORD014808,100.99,92,BUY
14810,ORD014810,ORD014809,101.84,2,BUY
14812,ORD014812,ORD014809,101.84,75,BUY
14812,ORD014812,ORD014804,101.93,7,BUY
14815,ORD014815,ORD014814,99.98,20,SELL
14815,ORD014815,ORD014811,99.75,31,SELL
14817,ORD014817,ORD014816,100.53,25,BUY
14818,ORD014818,ORD014811,99.75,36,SELL
14818,ORD014818,ORD014805,99.42,4,SELL
14821,ORD014821,ORD014820,100.24,1,SELL
14823,ORD014823,ORD014819,101.66,29,BUY
14828,ORD014828,ORD014820,100.24,29,SELL
14829,ORD014829,ORD014820,100.24,44,SELL
14829,ORD014829,ORD014824,100.16,16,SELL
14830,ORD014830,ORD014827,101.46,20,BUY
14833,ORD014833,ORD014824,100.16,23,SELL
14834,ORD014834,ORD014832,101.20,82,BUY
14834,ORD014834,ORD014827,101.46,2,BUY
14836,ORD014836,ORD014827,101.46,52,BUY
14836,ORD014836,ORD014819,101.66,42,BUY
14838,ORD014838,ORD014824,100.16,52,SELL
14838,ORD014838,ORD014826,99.52,36,SELL
14840,ORD014840,ORD014819,101.66,14,BUY
14840,ORD014840,ORD014837,101.72,8,BUY
14845,ORD014845,ORD014842,100.00,16,SELL
14846,ORD014846,ORD014842,100.00,23,SELL
14846,ORD014846,ORD014826,99.52,33,SELL
14846,ORD014846,ORD014805,99.42,20,SELL
14846,ORD014846,ORD014825,98.61,21,SELL
14850,ORD014850,ORD014847,100.44,14,BUY
14856,ORD014856,ORD014853,100.74,41,BUY
14856,ORD014856,ORD014855,101.52,11,BUY
14857,ORD014857,ORD014851,99.88,16,SELL
14857,ORD014857,ORD014849,99.44,3,SELL
14863,ORD014863,ORD014859,101.48,31,BUY
14865,ORD014865,ORD014859,101.48,36,BUY
14867,ORD014867,ORD014859,101.48,18,BUY
14867,ORD014867,ORD014860,101.66,20,BUY
14872,ORD014872,ORD014868,100.41,87,SELL
14872,ORD014872,ORD014866,100.03,2,SELL
14874,ORD014874,ORD014860,101.66,62,BUY
14875,ORD014875,ORD014866,100.03,87,SELL
14875,ORD014875,ORD014871,99.76,7,SELL
14878,ORD014878,ORD014871,99.76,3,SELL
14879,ORD014879,ORD014871,99.76,15,SELL
14879,ORD014879,ORD014861,99.55,11,SELL
14886,ORD014886,ORD014883,101.60,12,BUY
14888,ORD014888,ORD014887,100.80,33,BUY
14888,ORD014888,ORD014883,101.60,3,BUY
14894,ORD014894,ORD014893,101.61,19,BUY
14896,ORD014896,ORD014884,100.38,18,SELL
14896,ORD014896,ORD014861,99.55,28,SELL
14898,ORD014898,ORD014896,99.55,36,BUY
14899,ORD014899,ORD014897,101.13,27,BUY
14900,ORD014900,ORD014898,100.36,25,SELL
14902,ORD014902,ORD014898,100.36,4,SELL
14902,ORD014902,ORD014849,99.44,5,SELL
14902,ORD014902,ORD014862,99.43,52,SELL
14906,ORD014906,ORD014903,99.93,5,SELL
14906,ORD014906,ORD014862,99.43,26,SELL
14906,ORD014906,ORD014891,99.37,37,SELL
14906,ORD014906,ORD014852,99.35,10,SELL
14907,ORD014907,ORD014904,101.99,13,BUY
14914,ORD014914,ORD014852,99.35,55,SELL
14914,ORD014914,ORD014876,99.06,1,SELL
14915,ORD014915,ORD014911,99.51,2,BUY
14917,ORD014917,ORD014911,99.51,34,BUY
14917,ORD014917,ORD014912,100.35,31,BUY
14918,ORD014918,ORD014876,99.06,9,SELL
14918,ORD014918,ORD014869,99.02,23,SELL
14919,ORD014919,ORD014912,100.35,42,BUY
14919,ORD014919,ORD014913,100.83,7,BUY
14920,ORD014920,ORD014869,99.02,63,SELL
14920,ORD014920,ORD014885,98.86,6,SELL
14920,ORD014920,ORD014825,98.61,12,SELL
14921,ORD014921,ORD014913,100.83,80,BUY
14921,ORD014921,ORD014916,100.91,8,BUY
14922,ORD014922,ORD014916,100.91,13,BUY
14922,ORD014922,ORD014908,100.96,35,BUY
14922,ORD014922,ORD014910,101.73,27,BUY
14923,ORD014923,ORD014910,101.73,11,BUY
14923,ORD014923,ORD014904,101.99,40,BUY
14924,ORD014924,ORD014904,101.99,29,BUY
14932,ORD014932,ORD014930,100.41,44,BUY
14933,ORD014933,ORD014930,100.41,11,BUY
14934,ORD014934,ORD014825,98.61,50,SELL
14935,ORD014935,ORD014930,100.41,33,BUY
14935,ORD014935,ORD014928,100.42,42,BUY
14936,ORD014936,ORD014928,100.42,19,BUY
14936,ORD014936,ORD014931,100.50,2,BUY
14936,ORD014936,ORD014925,100.92,12,BUY
14936,ORD014936,ORD014929,101.14,4,BUY
14939,ORD014939,ORD014938,99.50,37,SELL
14939,ORD014939,ORD014937,98.79,45,SELL
14939,ORD014939,ORD014825,98.61,10,SELL
14939,ORD014939,ORD014909,98.59,3,SELL
14940,ORD014940,ORD014929,101.14,8,BUY
14942,ORD014942,ORD014929,101.14,4,BUY
14942,ORD014942,ORD014926,101.77,27,BUY
14942,ORD014942,ORD014941,101.86,6,BUY
14943,ORD014943,ORD014909,98.59,43,SELL
14944,ORD014944,ORD014941,101.86,56,BUY
14947,ORD014947,ORD014946,98.98,64,SELL
14949,ORD014949,ORD014945,101.03,49,BUY
14951,ORD014951,ORD014950,100.20,17,SELL
14951,ORD014951,ORD014946,98.98,2,SELL
14952,ORD014952,ORD014945,101.03,21,BUY
14952,ORD014952,ORD014948,101.75,8,BUY
14954,ORD014954,ORD014953,100.55,30,BUY
14954,ORD014954,ORD014948,101.75,32,BUY
14957,ORD014957,ORD014955,100.26,34,SELL
14958,ORD014958,ORD014955,100.26,30,SELL
14958,ORD014958,ORD014956,99.67,53,SELL
14958,ORD014958,ORD014909,98.59,6,SELL
14960,ORD014960,ORD014959,100.54,4,BUY
14963,ORD014963,ORD014962,99.94,35,BUY
14964,ORD014964,ORD014962,99.94,39,BUY
14965,ORD014965,ORD014962,99.94,15,BUY
14967,ORD014967,ORD014966,100.70,10,BUY
14969,ORD014969,ORD014961,98.64,54,SELL
14970,ORD014970,ORD014968,100.05,31,BUY
14972,ORD014972,ORD014971,98.82,73,SELL
14974,ORD014974,ORD014971,98.82,4,SELL
14974,ORD014974,ORD014961,98.64,21,SELL
14974,ORD014974,ORD014909,98.59,28,SELL
14974,ORD014974,ORD014839,98.58,21,SELL
14979,ORD014979,ORD014976,100.82,1,BUY
14980,ORD014980,ORD014839,98.58,26,SELL
14980,ORD014980,ORD014927,98.49,19,SELL
14981,ORD014981,ORD014927,98.49,68,SELL
14981,ORD014981,ORD014848,98.45,29,SELL
14982,ORD014982,ORD014976,100.82,27,BUY
14985,ORD014985,ORD014848,98.45,8,SELL
14985,ORD014985,ORD014873,98.33,82,SELL
14985,ORD014985,ORD014978,98.19,1,SELL
14986,ORD014986,ORD014984,101.20,67,BUY
14987,ORD014987,ORD014978,98.19,28,SELL
14990,ORD014990,ORD014989,101.57,88,BUY
14992,ORD014992,ORD014991,100.40,10,SELL
14994,ORD014994,ORD014991,100.40,66,SELL
14994,ORD014994,ORD014978,98.19,16,SELL
14995,ORD014995,ORD014993,100.61,7,BUY
14997,ORD014997,ORD014996,98.21,12,SELL
14998,ORD014998,ORD014993,100.61,26,BUY
14999,ORD014999,ORD014996,98.21,14,SELL
14999,ORD014999,ORD014978,98.19,7,SELL
14999,ORD014999,ORD014977,98.14,38,SELL
14999,ORD014999,ORD014772,98.11,22,SELL
15000,ORD015000,ORD014772,98.11,15,SELL
15000,ORD015000,ORD014870,98.07,4,SELL
15000,ORD015000,ORD014890,98.04,2,SELL
15000,ORD015000,ORD014905,98.04,48,SELL
15000,ORD015000,ORD014975,98.03,25,SELL
15002,ORD015002,ORD014993,100.61,16,BUY
15003,ORD015003,ORD015001,98.82,5,SELL
15003,ORD015003,ORD014975,98.03,18,SELL
15004,ORD015004,ORD014975,98.03,16,SELL
15006,ORD015006,ORD015005,100.10,42,BUY
15009,ORD015009,ORD015007,98.55,33,SELL
15012,ORD015012,ORD015005,100.10,2,BUY
15013,ORD015013,ORD015007,98.55,36,SELL
15013,ORD015013,ORD015011,98.13,38,SELL
15014,ORD015014,ORD015011,98.13,13,SELL
15014,ORD015014,ORD014975,98.03,11,SELL
15015,ORD015015,ORD015005,100.10,14,BUY
15015,ORD015015,ORD015010,100.32,70,BUY
15016,ORD015016,ORD015010,100.32,28,BUY
15016,ORD015016,ORD014993,100.61,18,BUY
15016,ORD015016,ORD015008,100.83,41,BUY
15020,ORD015020,ORD015008,100.83,17,BUY
15020,ORD015020,ORD015017,101.11,8,BUY
15023,ORD015023,ORD015019,99.68,32,SELL
15025,ORD015025,ORD015023,99.61,12,BUY
15025,ORD015025,ORD015022,100.60,6,BUY
15025,ORD015025,ORD015017,101.11,1,BUY
15031,ORD015031,ORD015029,100.19,32,SELL
15036,ORD015036,ORD015034,100.23,56,BUY
15036,ORD015036,ORD015030,100.82,2,BUY
15042,ORD015042,ORD015039,99.93,7,BUY
15042,ORD015042,ORD015038,100.13,9,BUY
15044,ORD015044,ORD015040,98.11,92,SELL
15046,ORD015046,ORD015045,99.82,71,SELL
15046,ORD015046,ORD015040,98.11,8,SELL
15047,ORD015047,ORD015038,100.13,63,BUY
15048,ORD015048,ORD015047,100.15,28,SELL
15053,ORD015053,ORD015049,100.34,95,BUY
15053,ORD015053,ORD015030,100.82,5,BUY
15055,ORD015055,ORD015051,98.92,17,SELL
15058,ORD015058,ORD015030,100.82,23,BUY
15058,ORD015058,ORD015028,100.90,29,BUY
15058,ORD015058,ORD015041,100.98,40,BUY
15061,ORD015061,ORD015051,98.92,36,SELL
15062,ORD015062,ORD015057,98.65,64,SELL
15065,ORD015065,ORD015063,100.25,25,SELL
15067,ORD015067,ORD015060,100.50,77,BUY
15067,ORD015067,ORD015041,100.98,22,BUY
15069,ORD015069,ORD015063,100.25,59,SELL
15070,ORD015070,ORD015063,100.25,3,SELL
15071,ORD015071,ORD015070,99.57,16,BUY
15072,ORD015072,ORD015071,99.79,20,SELL
15072,ORD015072,ORD015057,98.65,10,SELL
15077,ORD015077,ORD015076,100.29,22,SELL
15078,ORD015078,ORD015068,100.54,30,BUY
15078,ORD015078,ORD015041,100.98,32,BUY
15078,ORD015078,ORD015032,101.04,7,BUY
15078,ORD015078,ORD015052,101.08,22,BUY
15081,ORD015081,ORD015052,101.08,18,BUY
15084,ORD015084,ORD015076,100.29,16,SELL
15086,ORD015086,ORD015076,100.29,25,SELL
15086,ORD015086,ORD015079,99.97,24,SELL
15086,ORD015086,ORD015080,99.89,41,SELL
15086,ORD015086,ORD015085,99.54,5,SELL
15089,ORD015089,ORD015085,99.54,17,SELL
15090,ORD015090,ORD015087,99.78,29,BUY
15091,ORD015091,ORD015085,99.54,4,SELL
15091,ORD015091,ORD015088,99.40,78,SELL
15092,ORD015092,ORD015088,99.40,10,SELL
15092,ORD015092,ORD015075,99.20,54,SELL
15096,ORD015096,ORD015095,98.97,30,SELL
15097,ORD015097,ORD015095,98.97,30,SELL
15100,ORD015100,ORD015087,99.78,25,BUY
15104,ORD015104,ORD015103,98.36,67,SELL
15105,ORD015105,ORD015087,99.78,13,BUY
15105,ORD015105,ORD015098,100.03,48,BUY
15109,ORD015109,ORD015107,99.08,16,SELL
15110,ORD015110,ORD015107,99.08,6,SELL
15113,ORD015113,ORD015098,100.03,20,BUY
15114,ORD015114,ORD015098,100.03,8,BUY
15114,ORD015114,ORD015106,100.14,36,BUY
15115,ORD015115,ORD015114,100.29,11,SELL
15115,ORD015115,ORD015112,98.88,20,SELL
15117,ORD015117,ORD015116,99.63,9,BUY
15120,ORD015120,ORD015116,99.63,16,BUY
15121,ORD015121,ORD015094,100.41,14,BUY
15125,ORD015125,ORD015094,100.41,19,BUY
15125,ORD015125,ORD015083,100.76,10,BUY
15125,ORD015125,ORD015093,100.87,21,BUY
15125,ORD015125,ORD015082,101.04,26,BUY
15126,ORD015126,ORD015120,99.94,42,SELL
15126,ORD015126,ORD015122,99.72,36,SELL
15127,ORD015127,ORD015122,99.72,36,SELL
15127,ORD015127,ORD015124,99.22,43,SELL
15131,ORD015131,ORD015129,98.02,7,SELL
15135,ORD015135,ORD015082,101.04,59,BUY
15136,ORD015136,ORD015082,101.04,11,BUY
15136,ORD015136,ORD015052,101.08,49,BUY
15136,ORD015136,ORD015017,101.11,5,BUY
15137,ORD015137,ORD015133,100.30,31,SELL
15138,ORD015138,ORD015133,100.30,12,SELL
15141,ORD015141,ORD015017,101.11,7,BUY
15142,ORD015142,ORD015017,101.11,14,BUY
15143,ORD015143,ORD015133,100.30,4,SELL
15145,ORD015145,ORD015017,101.11,20,BUY
15145,ORD015145,ORD015050,101.20,28,BUY
15145,ORD015145,ORD015073,101.22,13,BUY
15145,ORD015145,ORD015123,101.22,15,BUY
15146,ORD015146,ORD015133,100.30,23,SELL
15146,ORD015146,ORD015134,98.76,27,SELL
15146,ORD015146,ORD015140,98.32,26,SELL
15148,ORD015148,ORD015140,98.32,24,SELL
15149,ORD015149,ORD015147,99.97,55,BUY
15149,ORD015149,ORD015123,101.22,33,BUY
15155,ORD015155,ORD015153,100.11,41,SELL
15155,ORD015155,ORD015151,99.97,2,SELL
15156,ORD015156,ORD015151,99.97,18,SELL
15156,ORD015156,ORD015150,99.25,7,SELL
15164,ORD015164,ORD015163,100.29,1,SELL
15165,ORD015165,ORD015164,100.26,48,BUY
15166,ORD015166,ORD015164,100.26,15,BUY
15166,ORD015166,ORD015162,100.55,7,BUY
15167,ORD015167,ORD015161,100.16,19,SELL
15169,ORD015169,ORD015162,100.55,76,BUY
15170,ORD015170,ORD015162,100.55,14,BUY
15170,ORD015170,ORD015168,100.69,16,BUY
15170,ORD015170,ORD015123,101.22,44,BUY
15170,ORD015170,ORD015130,101.27,8,BUY
15173,ORD015173,ORD015172,100.48,40,SELL
15174,ORD015174,ORD015130,101.27,1,BUY
15174,ORD015174,ORD015026,101.36,36,BUY
15174,ORD015174,ORD015139,101.37,26,BUY
15175,ORD015175,ORD015172,100.48,52,SELL
15175,ORD015175,ORD015161,100.16,39,SELL
15177,ORD015177,ORD015161,100.16,3,SELL
15177,ORD015177,ORD015176,99.66,5,SELL
15177,ORD015177,ORD015150,99.25,8,SELL
15177,ORD015177,ORD015154,99.18,48,SELL
15177,ORD015177,ORD015157,99.05,10,SELL
15181,ORD015181,ORD015178,99.83,3,BUY
15185,ORD015185,ORD015178,99.83,2,BUY
15186,ORD015186,ORD015178,99.83,24,BUY
15186,ORD015186,ORD015184,100.11,23,BUY
15190,ORD015190,ORD015188,99.55,47,SELL
15190,ORD015190,ORD015157,99.05,32,SELL
15191,ORD015191,ORD015157,99.05,38,SELL
15191,ORD015191,ORD015152,98.39,19,SELL
15192,ORD015192,ORD015184,100.11,20,BUY
15192,ORD015192,ORD015179,100.16,9,BUY
15192,ORD015192,ORD015183,100.33,35,BUY
15192,ORD015192,ORD015182,101.02,4,BUY
15192,ORD015192,ORD015139,101.37,20,BUY
15194,ORD015194,ORD015152,98.39,32,SELL
15200,ORD015200,ORD015196,98.63,14,SELL
15200,ORD015200,ORD015195,98.59,31,SELL
15202,ORD015202,ORD015195,98.59,26,SELL
15204,ORD015204,ORD015203,99.55,21,SELL
15204,ORD015204,ORD015195,98.59,2,SELL
15209,ORD015209,ORD015201,99.74,40,BUY
15210,ORD015210,ORD015201,99.74,1,BUY
15210,ORD015210,ORD015197,99.84,6,BUY
15211,ORD015211,ORD015206,99.25,21,SELL
15212,ORD015212,ORD015206,99.25,33,SELL
15212,ORD015212,ORD015195,98.59,1,SELL
15212,ORD015212,ORD015208,98.50,34,SELL
15213,ORD015213,ORD015208,98.50,63,SELL
15213,ORD015213,ORD015152,98.39,12,SELL
15214,ORD015214,ORD015197,99.84,65,BUY
15214,ORD015214,ORD015193,100.23,3,BUY
15217,ORD015217,ORD015216,99.87,42,BUY
15217,ORD015217,ORD015193,100.23,40,BUY
15218,ORD015218,ORD015193,100.23,32,BUY
15219,ORD015219,ORD015215,99.33,17,SELL
15219,ORD015219,ORD015152,98.39,35,SELL
15219,ORD015219,ORD015189,98.24,16,SELL
15221,ORD015221,ORD015193,100.23,21,BUY
15221,ORD015221,ORD015198,100.72,5,BUY
15222,ORD015222,ORD015189,98.24,17,SELL
15223,ORD015223,ORD015198,100.72,5,BUY
15224,ORD015224,ORD015189,98.24,7,SELL
15225,ORD015225,ORD015198,100.72,3,BUY
15225,ORD015225,ORD015199,101.08,71,BUY
15226,ORD015226,ORD015189,98.24,22,SELL
15226,ORD015226,ORD015220,98.19,19,SELL
15231,ORD015231,ORD015199,101.08,17,BUY
15231,ORD015231,ORD015207,101.31,4,BUY
15231,ORD015231,ORD015139,101.37,1,BUY
15233,ORD015233,ORD015139,101.37,6,BUY
15235,ORD015235,ORD015064,101.43,31,BUY
15237,ORD015237,ORD015064,101.43,61,BUY
15237,ORD015237,ORD015054,101.51,30,BUY
15240,ORD015240,ORD015239,101.48,38,BUY
15240,ORD015240,ORD015054,101.51,39,BUY
15241,ORD015241,ORD015054,101.51,2,BUY
15241,ORD015241,ORD015132,101.51,5,BUY
15241,ORD015241,ORD015101,101.60,23,BUY
15242,ORD015242,ORD015101,101.60,44,BUY
15242,ORD015242,ORD015066,101.61,17,BUY
15243,ORD015243,ORD015066,101.61,38,BUY
15243,ORD015243,ORD015118,101.70,60,BUY
15249,ORD015249,ORD015245,99.90,61,SELL
15250,ORD015250,ORD015247,100.18,5,BUY
15250,ORD015250,ORD015248,100.33,53,BUY
15252,ORD015252,ORD015245,99.90,13,SELL
15252,ORD015252,ORD015230,99.81,44,SELL
15252,ORD015252,ORD015244,99.65,34,SELL
15253,ORD015253,ORD015248,100.33,18,BUY
15253,ORD015253,ORD015246,100.39,54,BUY
15253,ORD015253,ORD015251,100.58,17,BUY
15253,ORD015253,ORD015118,101.70,2,BUY
15253,ORD015253,ORD015027,101.78,9,BUY
15254,ORD015254,ORD015027,101.78,27,BUY
15255,ORD015255,ORD015244,99.65,6,SELL
15255,ORD015255,ORD015238,98.80,44,SELL
15256,ORD015256,ORD015027,101.78,45,BUY
15256,ORD015256,ORD015043,101.78,4,BUY
15256,ORD015256,ORD015171,101.81,6,BUY
15256,ORD015256,ORD015232,101.83,5,BUY
15260,ORD015260,ORD015257,100.33,84,SELL
15260,ORD015260,ORD015238,98.80,9,SELL
15260,ORD015260,ORD015259,98.79,3,SELL
15261,ORD015261,ORD015258,101.80,40,BUY
15262,ORD015262,ORD015259,98.79,31,SELL
15262,ORD015262,ORD015234,98.62,2,SELL
15262,ORD015262,ORD015228,98.16,42,SELL
15262,ORD015262,ORD015236,98.08,21,SELL
15263,ORD015263,ORD015236,98.08,27,SELL
15266,ORD015266,ORD015265,100.31,25,SELL
15267,ORD015267,ORD015266,100.30,19,BUY
15267,ORD015267,ORD015258,101.80,15,BUY
15267,ORD015267,ORD015232,101.83,3,BUY
15267,ORD015267,ORD015056,101.86,24,BUY
15271,ORD015271,ORD015056,101.86,51,BUY
15271,ORD015271,ORD015160,101.87,36,BUY
15274,ORD015274,ORD015273,100.81,8,BUY
15278,ORD015278,ORD015276,98.13,83,SELL
15280,ORD015280,ORD015279,99.51,1,BUY
15280,ORD015280,ORD015275,99.85,41,BUY
15282,ORD015282,ORD015273,100.81,67,BUY
15282,ORD015282,ORD015099,101.96,5,BUY
15283,ORD015283,ORD015280,100.25,5,SELL
15285,ORD015285,ORD015283,100.16,10,BUY
15285,ORD015285,ORD015099,101.96,8,BUY
15289,ORD015289,ORD015286,100.60,30,BUY
15289,ORD015289,ORD015099,101.96,13,BUY
15289,ORD015289,ORD015144,101.99,15,BUY
15290,ORD015290,ORD015284,100.06,34,SELL
15291,ORD015291,ORD015284,100.06,19,SELL
15291,ORD015291,ORD015281,99.30,8,SELL
15294,ORD015294,ORD015281,99.30,61,SELL
15295,ORD015295,ORD015293,99.80,33,BUY
15297,ORD015297,ORD015293,99.80,5,BUY
15298,ORD015298,ORD015293,99.80,7,BUY
15299,ORD015299,ORD015292,101.39,85,BUY
15301,ORD015301,ORD015298,100.02,45,SELL
15302,ORD015302,ORD015281,99.30,3,SELL
15306,ORD015306,ORD015301,99.76,52,BUY
15306,ORD015306,ORD015303,100.67,30,BUY
15308,ORD015308,ORD015305,99.65,16,SELL
15308,ORD015308,ORD015281,99.30,25,SELL
15308,ORD015308,ORD015288,98.49,8,SELL
15308,ORD015308,ORD015296,98.37,31,SELL
15310,ORD015310,ORD015309,99.02,65,SELL
15311,ORD015311,ORD015307,99.70,3,BUY
15312,ORD015312,ORD015309,99.02,28,SELL
15312,ORD015312,ORD015296,98.37,18,SELL
15315,ORD015315,ORD015314,99.20,8,SELL
15316,ORD015316,ORD015307,99.70,27,BUY
15316,ORD015316,ORD015303,100.67,25,BUY
15316,ORD015316,ORD015300,100.93,33,BUY
15317,ORD015317,ORD015300,100.93,24,BUY
15319,ORD015319,ORD015300,100.93,35,BUY
15319,ORD015319,ORD015304,101.11,24,BUY
15320,ORD015320,ORD015314,99.20,56,SELL
15321,ORD015321,ORD015304,101.11,51,BUY
15321,ORD015321,ORD015292,101.39,9,BUY
15321,ORD015321,ORD015318,101.63,15,BUY
15324,ORD015324,ORD015318,101.63,61,BUY
15325,ORD015325,ORD015323,99.90,26,SELL
15325,ORD015325,ORD015314,99.20,5,SELL
15325,ORD015325,ORD015313,98.86,7,SELL
15328,ORD015328,ORD015327,99.15,18,SELL
15328,ORD015328,ORD015313,98.86,27,SELL
15328,ORD015328,ORD015296,98.37,20,SELL
15335,ORD015335,ORD015332,99.89,14,SELL
15335,ORD015335,ORD015334,99.01,34,SELL
15335,ORD015335,ORD015333,98.84,6,SELL
15336,ORD015336,ORD015333,98.84,18,SELL
15338,ORD015338,ORD015337,98.54,39,SELL
15341,ORD015341,ORD015337,98.54,18,SELL
15342,ORD015342,ORD015339,99.90,11,BUY
15342,ORD015342,ORD015340,101.32,21,BUY
15345,ORD015345,ORD015344,100.10,65,BUY
15346,ORD015346,ORD015343,99.55,32,SELL
15347,ORD015347,ORD015344,100.10,11,BUY
15348,ORD015348,ORD015340,101.32,37,BUY
15352,ORD015352,ORD015351,100.22,19,BUY
15355,ORD015355,ORD015354,99.43,43,SELL
15361,ORD015361,ORD015359,100.97,6,BUY
15362,ORD015362,ORD015360,99.40,75,SELL
15365,ORD015365,ORD015364,99.91,5,BUY
15365,ORD015365,ORD015359,100.97,1,BUY
15368,ORD015368,ORD015366,99.95,19,BUY
15368,ORD015368,ORD015367,100.48,61,BUY
15370,ORD015370,ORD015367,100.48,1,BUY
15370,ORD015370,ORD015359,100.97,30,BUY
15370,ORD015370,ORD015363,101.85,37,BUY
15372,ORD015372,ORD015363,101.85,38,BUY
15373,ORD015373,ORD015363,101.85,18,BUY
15375,ORD015375,ORD015371,99.62,55,SELL
15376,ORD015376,ORD015371,99.62,37,SELL
15376,ORD015376,ORD015369,99.38,29,SELL
15377,ORD015377,ORD015369,99.38,1,SELL
15378,ORD015378,ORD015369,99.38,60,SELL
15378,ORD015378,ORD015374,99.00,6,SELL
15383,ORD015383,ORD015381,101.04,47,BUY
15386,ORD015386,ORD015384,100.10,58,BUY
15386,ORD015386,ORD015381,101.04,36,BUY
15390,ORD015390,ORD015387,99.30,77,SELL
15390,ORD015390,ORD015388,98.42,7,SELL
15394,ORD015394,ORD015381,101.04,14,BUY
15394,ORD015394,ORD015382,101.55,8,BUY
15395,ORD015395,ORD015392,99.82,19,SELL
15396,ORD015396,ORD015392,99.82,14,SELL
15396,ORD015396,ORD015393,98.96,4,SELL
15397,ORD015397,ORD015393,98.96,62,SELL
15399,ORD015399,ORD015393,98.96,28,SELL
15399,ORD015399,ORD015391,98.63,60,SELL
15401,ORD015401,ORD015391,98.63,37,SELL
15401,ORD015401,ORD015398,98.55,47,SELL
15405,ORD015405,ORD015402,100.26,35,BUY
15408,ORD015408,ORD015407,100.73,21,BUY
15411,ORD015411,ORD015409,101.04,5,BUY
15412,ORD015412,ORD015404,99.29,11,SELL
15412,ORD015412,ORD015410,99.02,57,SELL
15412,ORD015412,ORD015398,98.55,26,SELL
15415,ORD015415,ORD015413,100.72,46,BUY
15417,ORD015417,ORD015398,98.55,23,SELL
15417,ORD015417,ORD015403,98.55,54,SELL
15418,ORD015418,ORD015413,100.72,9,BUY
15418,ORD015418,ORD015416,101.62,29,BUY
15421,ORD015421,ORD015403,98.55,26,SELL
15421,ORD015421,ORD015414,98.51,33,SELL
15421,ORD015421,ORD015406,98.43,3,SELL
15422,ORD015422,ORD015406,98.43,53,SELL
15422,ORD015422,ORD015388,98.42,9,SELL
15422,ORD015422,ORD015389,98.31,11,SELL
15424,ORD015424,ORD015423,99.97,29,SELL
15428,ORD015428,ORD015420,101.04,57,BUY
15430,ORD015430,ORD015427,98.21,30,SELL
15433,ORD015433,ORD015431,99.94,1,SELL
15436,ORD015436,ORD015434,100.43,37,SELL
15436,ORD015436,ORD015431,99.94,5,SELL
15438,ORD015438,ORD015432,101.07,3,BUY
15440,ORD015440,ORD015439,100.02,25,BUY
15440,ORD015440,ORD015432,101.07,32,BUY
15442,ORD015442,ORD015437,99.56,88,SELL
15445,ORD015445,ORD015432,101.07,37,BUY
15445,ORD015445,ORD015435,101.81,52,BUY
15450,ORD015450,ORD015448,101.49,3,BUY
15451,ORD015451,ORD015448,101.49,59,BUY
15458,ORD015458,ORD015444,100.09,19,SELL
15459,ORD015459,ORD015444,100.09,5,SELL
15462,ORD015462,ORD015455,100.11,3,BUY
15462,ORD015462,ORD015454,101.15,44,BUY
15467,ORD015467,ORD015466,100.51,5,BUY
15468,ORD015468,ORD015463,100.43,10,SELL
15469,ORD015469,ORD015463,100.43,28,SELL
15470,ORD015470,ORD015466,100.51,11,BUY
15471,ORD015471,ORD015463,100.43,58,SELL
15471,ORD015471,ORD015444,100.09,29,SELL
15479,ORD015479,ORD015444,100.09,4,SELL
15480,ORD015480,ORD015466,100.51,20,BUY
15481,ORD015481,ORD015444,100.09,43,SELL
15481,ORD015481,ORD015453,100.07,27,SELL
15482,ORD015482,ORD015466,100.51,19,BUY
15482,ORD015482,ORD015478,100.69,58,BUY
15483,ORD015483,ORD015478,100.69,28,BUY
15484,ORD015484,ORD015478,100.69,10,BUY
15484,ORD015484,ORD015454,101.15,29,BUY
15484,ORD015484,ORD015464,101.19,34,BUY
15485,ORD015485,ORD015453,100.07,38,SELL
15485,ORD015485,ORD015449,99.94,49,SELL
15487,ORD015487,ORD015464,101.19,3,BUY
15487,ORD015487,ORD015476,101.45,16,BUY
15489,ORD015489,ORD015488,100.27,16,SELL
15490,ORD015490,ORD015488,100.27,1,SELL
15492,ORD015492,ORD015486,100.14,44,SELL
15492,ORD015492,ORD015449,99.94,28,SELL
15492,ORD015492,ORD015446,99.65,10,SELL
15493,ORD015493,ORD015491,101.39,31,BUY
15494,ORD015494,ORD015491,101.39,27,BUY
15494,ORD015494,ORD015476,101.45,13,BUY
15498,ORD015498,ORD015446,99.65,39,SELL
15498,ORD015498,ORD015437,99.56,10,SELL
15498,ORD015498,ORD015457,99.56,2,SELL
15498,ORD015498,ORD015460,99.55,21,SELL
15499,ORD015499,ORD015496,100.15,55,BUY
15500,ORD015500,ORD015460,99.55,36,SELL
15502,ORD015502,ORD015460,99.55,6,SELL
15502,ORD015502,ORD015465,99.45,33,SELL
15504,ORD015504,ORD015496,100.15,1,BUY
15504,ORD015504,ORD015476,101.45,20,BUY
15506,ORD015506,ORD015505,100.53,38,BUY
15507,ORD015507,ORD015465,99.45,38,SELL
15511,ORD015511,ORD015510,100.41,17,BUY
15513,ORD015513,ORD015465,99.45,16,SELL
15513,ORD015513,ORD015495,99.42,25,SELL
15515,ORD015515,ORD015495,99.42,7,SELL
15515,ORD015515,ORD015456,99.32,64,SELL
15517,ORD015517,ORD015510,100.41,4,BUY
15517,ORD015517,ORD015505,100.53,21,BUY
15518,ORD015518,ORD015456,99.32,3,SELL
15519,ORD015519,ORD015505,100.53,12,BUY
15520,ORD015520,ORD015505,100.53,26,BUY
15520,ORD015520,ORD015476,101.45,37,BUY
15520,ORD015520,ORD015448,101.49,2,BUY
15523,ORD015523,ORD015521,99.53,48,SELL
15523,ORD015523,ORD015456,99.32,18,SELL
15523,ORD015523,ORD015473,99.15,11,SELL
15524,ORD015524,ORD015473,99.15,37,SELL
15524,ORD015524,ORD015441,98.97,33,SELL
15525,ORD015525,ORD015441,98.97,5,SELL
15525,ORD015525,ORD015503,98.92,87,SELL
15525,ORD015525,ORD015447,98.85,2,SELL
15526,ORD015526,ORD015447,98.85,79,SELL
15528,ORD015528,ORD015522,100.71,11,BUY
15529,ORD015529,ORD015527,100.44,33,SELL
15530,ORD015530,ORD015522,100.71,35,BUY
15532,ORD015532,ORD015527,100.44,59,SELL
15532,ORD015532,ORD015447,98.85,15,SELL
15532,ORD015532,ORD015461,98.43,17,SELL
15532,ORD015532,ORD015497,98.38,6,SELL
15534,ORD015534,ORD015497,98.38,45,SELL
15534,ORD015534,ORD015531,98.30,19,SELL
15534,ORD015534,ORD015443,98.20,18,SELL
15536,ORD015536,ORD015535,100.50,42,BUY
15539,ORD015539,ORD015535,100.50,44,BUY
15539,ORD015539,ORD015522,100.71,9,BUY
15541,ORD015541,ORD015537,99.63,56,SELL
15541,ORD015541,ORD015443,98.20,13,SELL
15543,ORD015543,ORD015443,98.20,1,SELL
15543,ORD015543,ORD015512,98.12,37,SELL
15543,ORD015543,ORD015516,98.12,20,SELL
15544,ORD015544,ORD015522,100.71,17,BUY
15544,ORD015544,ORD015448,101.49,14,BUY
15544,ORD015544,ORD015472,101.53,19,BUY
15545,ORD015545,ORD015472,101.53,7,BUY
15545,ORD015545,ORD015475,101.80,36,BUY
15548,ORD015548,ORD015546,99.46,36,SELL
15548,ORD015548,ORD015547,98.67,44,SELL
15550,ORD015550,ORD015475,101.80,23,BUY
15551,ORD015551,ORD015547,98.67,43,SELL
15553,ORD015553,ORD015552,99.77,5,BUY
15554,ORD015554,ORD015552,99.77,29,BUY
15554,ORD015554,ORD015475,101.80,1,BUY
15556,ORD015556,ORD015475,101.80,6,BUY
15556,ORD015556,ORD015435,101.81,20,BUY
15557,ORD015557,ORD015435,101.81,23,BUY
15559,ORD015559,ORD015555,98.95,11,SELL
15559,ORD015559,ORD015547,98.67,4,SELL
15559,ORD015559,ORD015516,98.12,33,SELL
15560,ORD015560,ORD015558,99.97,75,BUY
15563,ORD015563,ORD015516,98.12,40,SELL
15563,ORD015563,ORD015540,98.08,32,SELL
15563,ORD015563,ORD015477,98.02,10,SELL
15563,ORD015563,ORD015533,98.02,2,SELL
15565,ORD015565,ORD015558,99.97,20,BUY
15565,ORD015565,ORD015562,100.32,66,BUY
15566,ORD015566,ORD015562,100.32,13,BUY
15566,ORD015566,ORD015564,100.97,44,BUY
15567,ORD015567,ORD015533,98.02,66,SELL
15569,ORD015569,ORD015568,98.66,61,SELL
15570,ORD015570,ORD015568,98.66,10,SELL
15572,ORD015572,ORD015564,100.97,15,BUY
15576,ORD015576,ORD015575,99.71,44,BUY
15576,ORD015576,ORD015574,100.61,9,BUY
15578,ORD015578,ORD015577,100.37,18,BUY
15579,ORD015579,ORD015577,100.37,1,BUY
15579,ORD015579,ORD015574,100.61,13,BUY
15586,ORD015586,ORD015585,99.86,12,SELL
15587,ORD015587,ORD015585,99.86,18,SELL
15588,ORD015588,ORD015582,100.03,45,BUY
15589,ORD015589,ORD015585,99.86,26,SELL
15590,ORD015590,ORD015582,100.03,23,BUY
15590,ORD015590,ORD015574,100.61,62,BUY
15590,ORD015590,ORD015583,100.85,14,BUY
15592,ORD015592,ORD015591,100.48,39,SELL
15592,ORD015592,ORD015585,99.86,27,SELL
15595,ORD015595,ORD015583,100.85,9,BUY
15597,ORD015597,ORD015593,100.36,17,SELL
15597,ORD015597,ORD015585,99.86,1,SELL
15597,ORD015597,ORD015594,98.86,18,SELL
15597,ORD015597,ORD015596,98.20,39,SELL
15598,ORD015598,ORD015583,100.85,60,BUY
15598,ORD015598,ORD015564,100.97,15,BUY
15598,ORD015598,ORD015561,101.48,5,BUY
15599,ORD015599,ORD015561,101.48,16,BUY
15599,ORD015599,ORD015573,101.80,75,BUY
15600,ORD015600,ORD015573,101.80,5,BUY
15605,ORD015605,ORD015573,101.80,17,BUY
15605,ORD015605,ORD015604,101.80,35,BUY
15605,ORD015605,ORD015435,101.81,1,BUY
15605,ORD015605,ORD015514,101.95,21,BUY
15607,ORD015607,ORD015606,100.82,1,BUY
15608,ORD015608,ORD015606,100.82,53,BUY
15608,ORD015608,ORD015514,101.95,40,BUY
15608,ORD015608,ORD015501,101.96,4,BUY
15609,ORD015609,ORD015601,100.18,40,SELL
15609,ORD015609,ORD015603,99.66,60,SELL
15610,ORD015610,ORD015501,101.96,38,BUY
15610,ORD015610,ORD015508,101.99,6,BUY
15611,ORD015611,ORD015603,99.66,13,SELL
15611,ORD015611,ORD015602,98.69,2,SELL
15617,ORD015617,ORD015613,99.16,22,SELL
15617,ORD015617,ORD015614,99.16,26,SELL
15619,ORD015619,ORD015614,99.16,9,SELL
15620,ORD015620,ORD015614,99.16,12,SELL
15620,ORD015620,ORD015602,98.69,18,SELL
15621,ORD015621,ORD015602,98.69,27,SELL
15622,ORD015622,ORD015602,98.69,10,SELL
15627,ORD015627,ORD015625,100.20,14,SELL
15628,ORD015628,ORD015625,100.20,48,SELL
15631,ORD015631,ORD015625,100.20,25,SELL
15631,ORD015631,ORD015623,99.94,21,SELL
15633,ORD015633,ORD015632,101.02,9,BUY
15634,ORD015634,ORD015623,99.94,2,SELL
15636,ORD015636,ORD015634,99.68,25,BUY
15637,ORD015637,ORD015634,99.68,23,BUY
15637,ORD015637,ORD015632,101.02,34,BUY
15638,ORD015638,ORD015624,99.44,6,SELL
15642,ORD015642,ORD015641,101.88,13,BUY
15647,ORD015647,ORD015624,99.44,42,SELL
15649,ORD015649,ORD015648,99.78,7,BUY
15651,ORD015651,ORD015648,99.78,47,BUY
15651,ORD015651,ORD015645,100.95,41,BUY
15652,ORD015652,ORD015624,99.44,25,SELL
15652,ORD015652,ORD015602,98.69,26,SELL
15652,ORD015652,ORD015635,98.37,46,SELL
15653,ORD015653,ORD015645,100.95,25,BUY
15653,ORD015653,ORD015646,101.80,29,BUY
15656,ORD015656,ORD015654,99.97,64,SELL
15656,ORD015656,ORD015635,98.37,17,SELL
15656,ORD015656,ORD015596,98.20,8,SELL
15660,ORD015660,ORD015659,100.48,24,SELL
15661,ORD015661,ORD015659,100.48,31,SELL
15663,ORD015663,ORD015662,98.87,78,SELL
15664,ORD015664,ORD015662,98.87,2,SELL
15670,ORD015670,ORD015661,100.18,46,BUY
15670,ORD015670,ORD015666,100.53,21,BUY
15671,ORD015671,ORD015666,100.53,33,BUY
15671,ORD015671,ORD015667,101.54,57,BUY
15678,ORD015678,ORD015677,101.77,73,BUY
15680,ORD015680,ORD015669,99.81,20,SELL
15680,ORD015680,ORD015674,98.29,3,SELL
15683,ORD015683,ORD015682,99.80,19,SELL
15684,ORD015684,ORD015682,99.80,50,SELL
15687,ORD015687,ORD015686,99.94,4,BUY
15688,ORD015688,ORD015686,99.94,66,BUY
15689,ORD015689,ORD015682,99.80,14,SELL
15689,ORD015689,ORD015685,99.74,55,SELL
15690,ORD015690,ORD015686,99.94,13,BUY
15691,ORD015691,ORD015685,99.74,5,SELL
15691,ORD015691,ORD015674,98.29,42,SELL
15692,ORD015692,ORD015674,98.29,12,SELL
15695,ORD015695,ORD015674,98.29,28,SELL
15695,ORD015695,ORD015672,98.26,1,SELL
15697,ORD015697,ORD015696,98.28,54,SELL
15700,ORD015700,ORD015698,100.45,86,SELL
15701,ORD015701,ORD015698,100.45,7,SELL
15701,ORD015701,ORD015699,100.45,1,SELL
15701,ORD015701,ORD015696,98.28,10,SELL
15703,ORD015703,ORD015696,98.28,32,SELL
15703,ORD015703,ORD015702,98.27,31,SELL
15705,ORD015705,ORD015694,100.67,41,BUY
15708,ORD015708,ORD015706,99.91,39,BUY
15710,ORD015710,ORD015706,99.91,3,BUY
15712,ORD015712,ORD015709,101.44,22,BUY
15712,ORD015712,ORD015711,101.84,11,BUY
15712,ORD015712,ORD015707,101.89,28,BUY
15713,ORD015713,ORD015710,100.45,80,SELL
15713,ORD015713,ORD015704,98.64,11,SELL
15713,ORD015713,ORD015702,98.27,6,SELL
15714,ORD015714,ORD015702,98.27,15,SELL
15716,ORD015716,ORD015715,100.98,63,BUY
15717,ORD015717,ORD015702,98.27,10,SELL
15717,ORD015717,ORD015672,98.26,60,SELL
15719,ORD015719,ORD015718,99.60,18,BUY
15720,ORD015720,ORD015718,99.60,39,BUY
15720,ORD015720,ORD015715,100.98,5,BUY
15720,ORD015720,ORD015707,101.89,2,BUY
15722,ORD015722,ORD015707,101.89,14,BUY
15723,ORD015723,ORD015672,98.26,33,SELL
15726,ORD015726,ORD015725,101.56,65,BUY
15726,ORD015726,ORD015707,101.89,5,BUY
15727,ORD015727,ORD015707,101.89,48,BUY
15727,ORD015727,ORD015721,101.89,5,BUY
15729,ORD015729,ORD015728,100.69,32,BUY
15729,ORD015729,ORD015721,101.89,48,BUY
15730,ORD015730,ORD015724,98.65,56,SELL
15730,ORD015730,ORD015672,98.26,2,SELL
15733,ORD015733,ORD015721,101.89,25,BUY
15736,ORD015736,ORD015731,100.28,64,SELL
15736,ORD015736,ORD015734,100.22,30,SELL
15737,ORD015737,ORD015734,100.22,1,SELL
15739,ORD015739,ORD015734,100.22,45,SELL
15742,ORD015742,ORD015734,100.22,10,SELL
15743,ORD015743,ORD015738,99.32,4,SELL
15745,ORD015745,ORD015738,99.32,5,SELL
15746,ORD015746,ORD015738,99.32,11,SELL
15746,ORD015746,ORD015740,99.07,81,SELL
15746,ORD015746,ORD015744,98.85,3,SELL
15747,ORD015747,ORD015744,98.85,15,SELL
15747,ORD015747,ORD015741,98.39,78,SELL
15748,ORD015748,ORD015741,98.39,19,SELL
15748,ORD015748,ORD015732,98.36,46,SELL
15750,ORD015750,ORD015749,99.57,41,BUY
15750,ORD015750,ORD015742,99.90,50,BUY
15753,ORD015753,ORD015752,99.53,26,SELL
15754,ORD015754,ORD015752,99.53,38,SELL
15757,ORD015757,ORD015754,99.52,28,BUY
15758,ORD015758,ORD015754,99.52,10,BUY
15758,ORD015758,ORD015755,99.54,20,BUY
15759,ORD015759,ORD015755,99.54,51,BUY
15759,ORD015759,ORD015742,99.90,25,BUY
15759,ORD015759,ORD015756,101.66,19,BUY
15762,ORD015762,ORD015756,101.66,8,BUY
15765,ORD015765,ORD015764,100.81,3,BUY
15766,ORD015766,ORD015764,100.81,43,BUY
15768,ORD015768,ORD015763,100.03,41,SELL
15770,ORD015770,ORD015764,100.81,44,BUY
15770,ORD015770,ORD015769,101.08,40,BUY
15771,ORD015771,ORD015763,100.03,36,SELL
15772,ORD015772,ORD015761,99.20,36,SELL
15772,ORD015772,ORD015767,99.03,38,SELL
15775,ORD015775,ORD015771,99.54,7,BUY
15776,ORD015776,ORD015775,99.92,10,SELL
15777,ORD015777,ORD015775,99.92,35,SELL
15777,ORD015777,ORD015773,99.43,13,SELL
15777,ORD015777,ORD015767,99.03,2,SELL
15777,ORD015777,ORD015774,98.78,32,SELL
15778,ORD015778,ORD015769,101.08,24,BUY
15778,ORD015778,ORD015756,101.66,64,BUY
15780,ORD015780,ORD015774,98.78,4,SELL
15784,ORD015784,ORD015782,99.31,94,SELL
15785,ORD015785,ORD015782,99.31,1,SELL
15788,ORD015788,ORD015779,100.55,23,BUY
15789,ORD015789,ORD015786,100.12,2,SELL
15790,ORD015790,ORD015786,100.12,27,SELL
15792,ORD015792,ORD015779,100.55,54,BUY
15792,ORD015792,ORD015791,101.15,16,BUY
15794,ORD015794,ORD015791,101.15,14,BUY
15794,ORD015794,ORD015781,101.32,13,BUY
15794,ORD015794,ORD015787,101.38,62,BUY
15794,ORD015794,ORD015756,101.66,1,BUY
15797,ORD015797,ORD015756,101.66,4,BUY
15797,ORD015797,ORD015735,101.77,35,BUY
15798,ORD015798,ORD015796,99.49,43,SELL
15800,ORD015800,ORD015796,99.49,23,SELL
15803,ORD015803,ORD015802,99.88,1,SELL
15804,ORD015804,ORD015803,99.67,9,BUY
15806,ORD015806,ORD015796,99.49,28,SELL
15806,ORD015806,ORD015799,98.72,5,SELL
15808,ORD015808,ORD015799,98.72,7,SELL
15809,ORD015809,ORD015799,98.72,10,SELL
15813,ORD015813,ORD015811,100.16,4,SELL
15816,ORD015816,ORD015813,99.77,27,BUY
15818,ORD015818,ORD015813,99.77,41,BUY
15820,ORD015820,ORD015815,99.22,24,SELL
15822,ORD015822,ORD015815,99.22,68,SELL
15824,ORD015824,ORD015813,99.77,12,BUY
15825,ORD015825,ORD015815,99.22,7,SELL
15827,ORD015827,ORD015826,98.62,49,SELL
15828,ORD015828,ORD015813,99.77,11,BUY
15828,ORD015828,ORD015823,99.98,19,BUY
15828,ORD015828,ORD015817,100.52,30,BUY
15828,ORD015828,ORD015807,101.23,39,BUY
15830,ORD015830,ORD015807,101.23,20,BUY
15833,ORD015833,ORD015807,101.23,27,BUY
15833,ORD015833,ORD015812,101.23,16,BUY
15836,ORD015836,ORD015832,99.24,48,SELL
15839,ORD015839,ORD015838,99.49,28,SELL
15842,ORD015842,ORD015841,99.64,13,BUY
15842,ORD015842,ORD015812,101.23,4,BUY
15842,ORD015842,ORD015835,101.26,9,BUY
15842,ORD015842,ORD015814,101.33,34,BUY
15843,ORD015843,ORD015814,101.33,16,BUY
15843,ORD015843,ORD015821,101.41,5,BUY
15848,ORD015848,ORD015846,99.56,9,SELL
15848,ORD015848,ORD015838,99.49,14,SELL
15849,ORD015849,ORD015838,99.49,44,SELL
15850,ORD015850,ORD015838,99.49,13,SELL
15850,ORD015850,ORD015832,99.24,13,SELL
15852,ORD015852,ORD015851,99.73,10,BUY
15852,ORD015852,ORD015844,100.55,71,BUY
15854,ORD015854,ORD015853,99.60,40,BUY
15855,ORD015855,ORD015832,99.24,27,SELL
15855,ORD015855,ORD015834,98.71,36,SELL
15856,ORD015856,ORD015834,98.71,18,SELL
15856,ORD015856,ORD015826,98.62,9,SELL
15857,ORD015857,ORD015826,98.62,35,SELL
15857,ORD015857,ORD015837,98.30,45,SELL
15858,ORD015858,ORD015853,99.60,29,BUY
15859,ORD015859,ORD015844,100.55,9,BUY
15859,ORD015859,ORD015845,100.56,38,BUY
15859,ORD015859,ORD015840,101.60,40,BUY
15862,ORD015862,ORD015858,99.80,20,SELL
15862,ORD015862,ORD015861,98.88,7,SELL
15862,ORD015862,ORD015860,98.34,3,SELL
15863,ORD015863,ORD015840,101.60,8,BUY
15867,ORD015867,ORD015864,100.42,36,BUY
15867,ORD015867,ORD015865,100.90,39,BUY
15869,ORD015869,ORD015868,98.39,48,SELL
15870,ORD015870,ORD015865,100.90,20,BUY
15870,ORD015870,ORD015840,101.60,43,BUY
15872,ORD015872,ORD015840,101.60,7,BUY
15872,ORD015872,ORD015831,101.81,82,BUY
15874,ORD015874,ORD015873,99.86,25,SELL
15875,ORD015875,ORD015873,99.86,6,SELL
15875,ORD015875,ORD015868,98.39,24,SELL
15877,ORD015877,ORD015876,99.42,55,SELL
15877,ORD015877,ORD015868,98.39,22,SELL
15878,ORD015878,ORD015831,101.81,18,BUY
15878,ORD015878,ORD015871,101.86,9,BUY
15878,ORD015878,ORD015819,101.91,59,BUY
15879,ORD015879,ORD015868,98.39,6,SELL
15879,ORD015879,ORD015860,98.34,51,SELL
15879,ORD015879,ORD015837,98.30,1,SELL
15880,ORD015880,ORD015819,101.91,32,BUY
15880,ORD015880,ORD015866,101.97,32,BUY
15881,ORD015881,ORD015837,98.30,20,SELL
15882,ORD015882,ORD015837,98.30,27,SELL
15892,ORD015892,ORD015884,100.50,17,SELL
15893,ORD015893,ORD015884,100.50,22,SELL
15893,ORD015893,ORD015885,98.20,43,SELL
15897,ORD015897,ORD015894,99.85,61,SELL
15900,ORD015900,ORD015894,99.85,20,SELL
15900,ORD015900,ORD015895,99.74,12,SELL
15901,ORD015901,ORD015899,100.21,6,BUY
15901,ORD015901,ORD015898,100.83,34,BUY
15905,ORD015905,ORD015895,99.74,77,SELL
15905,ORD015905,ORD015896,99.39,7,SELL
15906,ORD015906,ORD015896,99.39,22,SELL
15906,ORD015906,ORD015904,98.55,3,SELL
15907,ORD015907,ORD015904,98.55,61,SELL
15909,ORD015909,ORD015908,99.89,53,BUY
15909,ORD015909,ORD015902,99.96,18,BUY
15910,ORD015910,ORD015904,98.55,10,SELL
15914,ORD015914,ORD015902,99.96,2,BUY
15914,ORD015914,ORD015913,100.97,33,BUY
15915,ORD015915,ORD015912,98.91,46,SELL
15917,ORD015917,ORD015913,100.97,9,BUY
15920,ORD015920,ORD015918,100.05,19,SELL
15920,ORD015920,ORD015919,98.26,27,SELL
15921,ORD015921,ORD015919,98.26,72,SELL
15922,ORD015922,ORD015913,100.97,52,BUY
15922,ORD015922,ORD015903,101.45,30,BUY
15923,ORD015923,ORD015903,101.45,13,BUY
15926,ORD015926,ORD015925,98.71,2,SELL
15927,ORD015927,ORD015925,98.71,32,SELL
15928,ORD015928,ORD015924,99.85,49,BUY
15931,ORD015931,ORD015924,99.85,16,BUY
15932,ORD015932,ORD015931,100.34,11,SELL
15935,ORD015935,ORD015930,98.95,19,SELL
15935,ORD015935,ORD015925,98.71,9,SELL
15937,ORD015937,ORD015932,100.17,22,BUY
15938,ORD015938,ORD015932,100.17,27,BUY
15940,ORD015940,ORD015932,100.17,5,BUY
15941,ORD015941,ORD015932,100.17,5,BUY
15943,ORD015943,ORD015939,99.63,54,SELL
15943,ORD015943,ORD015925,98.71,13,SELL
15944,ORD015944,ORD015932,100.17,17,BUY
15947,ORD015947,ORD015945,100.06,9,BUY
15947,ORD015947,ORD015932,100.17,1,BUY
15947,ORD015947,ORD015936,100.52,35,BUY
15951,ORD015951,ORD015950,100.51,57,BUY
15956,ORD015956,ORD015949,100.19,48,SELL
15957,ORD015957,ORD015949,100.19,10,SELL
15959,ORD015959,ORD015949,100.19,23,SELL
15959,ORD015959,ORD015953,99.21,19,SELL
15959,ORD015959,ORD015925,98.71,27,SELL
15962,ORD015962,ORD015960,100.06,68,SELL
15962,ORD015962,ORD015925,98.71,15,SELL
15962,ORD015962,ORD015954,98.68,10,SELL
15963,ORD015963,ORD015950,100.51,4,BUY
15963,ORD015963,ORD015936,100.52,42,BUY
15966,ORD015966,ORD015965,99.91,4,SELL
15967,ORD015967,ORD015936,100.52,8,BUY
15967,ORD015967,ORD015958,100.60,66,BUY
15972,ORD015972,ORD015958,100.60,16,BUY
15972,ORD015972,ORD015971,100.75,27,BUY
15972,ORD015972,ORD015946,100.76,48,BUY
15976,ORD015976,ORD015965,99.91,41,SELL
15976,ORD015976,ORD015969,99.18,30,SELL
15981,ORD015981,ORD015969,99.18,30,SELL
15985,ORD015985,ORD015974,100.06,81,BUY
15985,ORD015985,ORD015979,100.66,9,BUY
15985,ORD015985,ORD015946,100.76,6,BUY
15986,ORD015986,ORD015946,100.76,31,BUY
15986,ORD015986,ORD015984,100.85,28,BUY
15990,ORD015990,ORD015987,100.68,13,BUY
15992,ORD015992,ORD015987,100.68,27,BUY
15993,ORD015993,ORD015987,100.68,2,BUY
15993,ORD015993,ORD015984,100.85,21,BUY
15993,ORD015993,ORD015975,101.05,41,BUY
15994,ORD015994,ORD015975,101.05,26,BUY
15994,ORD015994,ORD015929,101.14,32,BUY
15996,ORD015996,ORD015991,99.90,47,SELL
15996,ORD015996,ORD015969,99.18,7,SELL
15996,ORD015996,ORD015983,99.12,25,SELL
15997,ORD015997,ORD015929,101.14,9,BUY
15997,ORD015997,ORD015952,101.35,5,BUY
15997,ORD015997,ORD015903,101.45,39,BUY
15997,ORD015997,ORD015964,101.54,10,BUY
15998,ORD015998,ORD015983,99.12,26,SELL
15998,ORD015998,ORD015977,99.10,41,SELL
15998,ORD015998,ORD015980,98.97,10,SELL
16002,ORD016002,ORD015964,101.54,81,BUY
16002,ORD016002,ORD015995,101.67,12,BUY
16005,ORD016005,ORD016000,100.39,62,SELL
16005,ORD016005,ORD015980,98.97,16,SELL
16006,ORD016006,ORD015980,98.97,54,SELL
16006,ORD016006,ORD015973,98.86,27,SELL
16008,ORD016008,ORD016007,100.84,16,BUY
16012,ORD016012,ORD016007,100.84,7,BUY
16014,ORD016014,ORD016007,100.84,62,BUY
16014,ORD016014,ORD015995,101.67,1,BUY
16015,ORD016015,ORD015995,101.67,82,BUY
16015,ORD016015,ORD015988,101.73,7,BUY
16016,ORD016016,ORD015988,101.73,29,BUY
16017,ORD016017,ORD016010,99.68,52,SELL
16017,ORD016017,ORD015973,98.86,33,SELL
16020,ORD016020,ORD015988,101.73,35,BUY
16020,ORD016020,ORD015933,101.75,12,BUY
16021,ORD016021,ORD015973,98.86,3,SELL
16022,ORD016022,ORD015933,101.75,7,BUY
16022,ORD016022,ORD015968,101.92,26,BUY
16023,ORD016023,ORD015973,98.86,32,SELL
16023,ORD016023,ORD016011,98.73,3,SELL
16023,ORD016023,ORD015982,98.69,6,SELL
16024,ORD016024,ORD015968,101.92,24,BUY
16025,ORD016025,ORD015968,101.92,11,BUY
16025,ORD016025,ORD015948,101.98,5,BUY
16027,ORD016027,ORD015982,98.69,65,SELL
16029,ORD016029,ORD015982,98.69,2,SELL
16029,ORD016029,ORD015954,98.68,14,SELL
16035,ORD016035,ORD015954,98.68,39,SELL
16038,ORD016038,ORD015954,98.68,16,SELL
16038,ORD016038,ORD016028,98.64,9,SELL
16038,ORD016038,ORD015970,98.62,15,SELL
16038,ORD016038,ORD015955,98.55,7,SELL
16038,ORD016038,ORD016001,98.49,51,SELL
16039,ORD016039,ORD016036,99.67,8,BUY
16039,ORD016039,ORD016030,100.33,60,BUY
16039,ORD016039,ORD016034,100.60,4,BUY
16039,ORD016039,ORD016032,100.80,2,BUY
16041,ORD016041,ORD016032,100.80,29,BUY
16041,ORD016041,ORD016037,101.63,43,BUY
16042,ORD016042,ORD016037,101.63,44,BUY
16042,ORD016042,ORD016026,101.95,53,BUY
16044,ORD016044,ORD016040,99.26,16,SELL
16044,ORD016044,ORD016001,98.49,37,SELL
16044,ORD016044,ORD015961,98.48,3,SELL
16044,ORD016044,ORD016043,98.45,9,SELL
16044,ORD016044,ORD016019,98.44,11,SELL
16045,ORD016045,ORD016026,101.95,16,BUY
16047,ORD016047,ORD016019,98.44,4,SELL
16047,ORD016047,ORD016033,98.42,50,SELL
16048,ORD016048,ORD016033,98.42,4,SELL
16049,ORD016049,ORD016026,101.95,27,BUY
16049,ORD016049,ORD015948,101.98,3,BUY
16051,ORD016051,ORD016050,98.76,4,SELL
16052,ORD016052,ORD016050,98.76,27,SELL
16052,ORD016052,ORD016033,98.42,36,SELL
16053,ORD016053,ORD016033,98.42,5,SELL
16053,ORD016053,ORD016018,98.21,38,SELL
16054,ORD016054,ORD016018,98.21,20,SELL
16056,ORD016056,ORD016055,100.97,30,BUY
16056,ORD016056,ORD015948,101.98,39,BUY
16057,ORD016057,ORD016018,98.21,4,SELL
16057,ORD016057,ORD016004,98.17,75,SELL
16058,ORD016058,ORD015948,101.98,5,BUY
16061,ORD016061,ORD016004,98.17,8,SELL
16061,ORD016061,ORD015989,98.16,50,SELL
16063,ORD016063,ORD015989,98.16,27,SELL
16067,ORD016067,ORD016066,101.70,30,BUY
16070,ORD016070,ORD016068,98.26,70,SELL
16070,ORD016070,ORD015989,98.16,4,SELL
16074,ORD016074,ORD015989,98.16,11,SELL
16074,ORD016074,ORD016013,98.14,32,SELL
16076,ORD016076,ORD016013,98.14,27,SELL
16076,ORD016076,ORD016009,98.13,66,SELL
16077,ORD016077,ORD016009,98.13,26,SELL
16078,ORD016078,ORD016072,100.19,7,BUY
16079,ORD016079,ORD016072,100.19,71,BUY
16082,ORD016082,ORD016080,99.08,29,SELL
16082,ORD016082,ORD016081,98.44,14,SELL
16084,ORD016084,ORD016072,100.19,2,BUY
16084,ORD016084,ORD016073,100.35,71,BUY
16084,ORD016084,ORD016069,100.84,5,BUY
16084,ORD016084,ORD016075,101.72,3,BUY
16088,ORD016088,ORD016086,101.51,25,BUY
16088,ORD016088,ORD016075,101.72,9,BUY
16095,ORD016095,ORD016093,100.41,1,BUY
16099,ORD016099,ORD016092,100.24,46,SELL
16101,ORD016101,ORD016099,100.20,35,BUY
16101,ORD016101,ORD016097,100.36,12,BUY
16102,ORD016102,ORD016097,100.36,20,BUY
16102,ORD016102,ORD016093,100.41,60,BUY
16103,ORD016103,ORD016093,100.41,25,BUY
16105,ORD016105,ORD016093,100.41,3,BUY
16105,ORD016105,ORD016094,100.52,58,BUY
16106,ORD016106,ORD016100,98.39,68,SELL
16109,ORD016109,ORD016108,99.76,81,SELL
16110,ORD016110,ORD016108,99.76,13,SELL
16113,ORD016113,ORD016110,99.69,59,BUY
16114,ORD016114,ORD016112,100.13,79,BUY
16114,ORD016114,ORD016094,100.52,16,BUY
16116,ORD016116,ORD016094,100.52,12,BUY
16116,ORD016116,ORD016075,101.72,6,BUY
16116,ORD016116,ORD016083,101.95,14,BUY
16123,ORD016123,ORD016122,100.76,37,BUY
16123,ORD016123,ORD016121,100.87,42,BUY
16124,ORD016124,ORD016117,100.42,63,SELL
16125,ORD016125,ORD016117,100.42,24,SELL
16126,ORD016126,ORD016121,100.87,31,BUY
16127,ORD016127,ORD016117,100.42,9,SELL
16127,ORD016127,ORD016113,100.03,12,SELL
16127,ORD016127,ORD016118,99.38,47,SELL
16131,ORD016131,ORD016130,99.55,81,SELL
16131,ORD016131,ORD016118,99.38,1,SELL
16134,ORD016134,ORD016128,100.83,59,BUY
16137,ORD016137,ORD016135,99.48,3,SELL
16138,ORD016138,ORD016136,100.67,9,BUY
16139,ORD016139,ORD016135,99.48,24,SELL
16140,ORD016140,ORD016135,99.48,37,SELL
16141,ORD016141,ORD016136,100.67,17,BUY
16142,ORD016142,ORD016136,100.67,17,BUY
16142,ORD016142,ORD016128,100.83,22,BUY
16142,ORD016142,ORD016121,100.87,6,BUY
16142,ORD016142,ORD016132,100.93,31,BUY
16142,ORD016142,ORD016133,101.46,14,BUY
16145,ORD016145,ORD016135,99.48,12,SELL
16145,ORD016145,ORD016118,99.38,31,SELL
16145,ORD016145,ORD016107,99.31,54,SELL
16146,ORD016146,ORD016107,99.31,22,SELL
16146,ORD016146,ORD016115,98.82,11,SELL
16149,ORD016149,ORD016148,100.02,45,BUY
16150,ORD016150,ORD016115,98.82,29,SELL
16152,ORD016152,ORD016148,100.02,5,BUY
16152,ORD016152,ORD016147,101.35,65,BUY
16153,ORD016153,ORD016147,101.35,20,BUY
16153,ORD016153,ORD016133,101.46,1,BUY
16153,ORD016153,ORD016144,101.70,2,BUY
16153,ORD016153,ORD016151,101.74,57,BUY
16154,ORD016154,ORD016151,101.74,25,BUY
16154,ORD016154,ORD016143,101.78,9,BUY
16154,ORD016154,ORD016083,101.95,18,BUY
16156,ORD016156,ORD016083,101.95,39,BUY
16162,ORD016162,ORD016161,100.28,26,SELL
16162,ORD016162,ORD016159,100.25,34,SELL
16163,ORD016163,ORD016158,100.98,11,BUY
16163,ORD016163,ORD016157,101.33,60,BUY
16165,ORD016165,ORD016159,100.25,28,SELL
16165,ORD016165,ORD016160,99.13,55,SELL
16166,ORD016166,ORD016157,101.33,19,BUY
16166,ORD016166,ORD016164,101.47,40,BUY
16167,ORD016167,ORD016164,101.47,23,BUY
16169,ORD016169,ORD016168,100.19,51,SELL
16170,ORD016170,ORD016168,100.19,8,SELL
16172,ORD016172,ORD016171,100.26,11,BUY
16172,ORD016172,ORD016164,101.47,2,BUY
16172,ORD016172,ORD016083,101.95,23,BUY
16172,ORD016172,ORD016104,101.97,32,BUY
16174,ORD016174,ORD016168,100.19,6,SELL
16177,ORD016177,ORD016168,100.19,7,SELL
16181,ORD016181,ORD016168,100.19,12,SELL
16181,ORD016181,ORD016160,99.13,7,SELL
16181,ORD016181,ORD016115,98.82,25,SELL
16184,ORD016184,ORD016183,99.32,9,SELL
16185,ORD016185,ORD016180,100.29,10,BUY
16186,ORD016186,ORD016183,99.32,13,SELL
16193,ORD016193,ORD016189,100.04,33,BUY
16194,ORD016194,ORD016183,99.32,52,SELL
16195,ORD016195,ORD016189,100.04,13,BUY
16195,ORD016195,ORD016192,100.74,25,BUY
16195,ORD016195,ORD016190,101.41,8,BUY
16196,ORD016196,ORD016183,99.32,21,SELL
16196,ORD016196,ORD016115,98.82,14,SELL
16196,ORD016196,ORD016111,98.66,1,SELL
16197,ORD016197,ORD016111,98.66,7,SELL
16197,ORD016197,ORD016120,98.57,76,SELL
16199,ORD016199,ORD016120,98.57,20,SELL
16199,ORD016199,ORD016119,98.53,35,SELL
16201,ORD016201,ORD016190,101.41,3,BUY
16204,ORD016204,ORD016200,99.52,37,SELL
16206,ORD016206,ORD016205,99.99,12,BUY
16208,ORD016208,ORD016200,99.52,17,SELL
16208,ORD016208,ORD016202,99.33,16,SELL
16208,ORD016208,ORD016207,98.75,17,SELL
16208,ORD016208,ORD016119,98.53,42,SELL
16209,ORD016209,ORD016205,99.99,51,BUY
16209,ORD016209,ORD016203,101.18,20,BUY
16210,ORD016210,ORD016119,98.53,10,SELL
16210,ORD016210,ORD016178,98.40,12,SELL
16211,ORD016211,ORD016178,98.40,24,SELL
16211,ORD016211,ORD016100,98.39,14,SELL
16212,ORD016212,ORD016100,98.39,3,SELL
16212,ORD016212,ORD016155,98.07,61,SELL
16216,ORD016216,ORD016214,100.68,27,BUY
16216,ORD016216,ORD016203,101.18,29,BUY
16222,ORD016222,ORD016221,99.52,30,BUY
16222,ORD016222,ORD016218,100.19,33,BUY
16225,ORD016225,ORD016203,101.18,8,BUY
16225,ORD016225,ORD016219,101.23,1,BUY
16225,ORD016225,ORD016190,101.41,7,BUY
16225,ORD016225,ORD016198,101.51,52,BUY
16227,ORD016227,ORD016223,100.49,83,SELL
16229,ORD016229,ORD016223,100.49,12,SELL
16229,ORD016229,ORD016222,100.43,15,SELL
16229,ORD016229,ORD016226,98.96,25,SELL
16230,ORD016230,ORD016198,101.51,45,BUY
16230,ORD016230,ORD016215,101.52,25,BUY
16231,ORD016231,ORD016226,98.96,22,SELL
16233,ORD016233,ORD016215,101.52,21,BUY
16238,ORD016238,ORD016235,99.72,11,BUY
16238,ORD016238,ORD016237,101.10,4,BUY
16240,ORD016240,ORD016234,99.39,7,SELL
16240,ORD016240,ORD016226,98.96,4,SELL
16241,ORD016241,ORD016237,101.10,60,BUY
16245,ORD016245,ORD016243,100.38,55,SELL
16246,ORD016246,ORD016243,100.38,30,SELL
16246,ORD016246,ORD016226,98.96,24,SELL
16246,ORD016246,ORD016236,98.75,30,SELL
16247,ORD016247,ORD016244,100.95,11,BUY
16248,ORD016248,ORD016236,98.75,13,SELL
16248,ORD016248,ORD016232,98.67,35,SELL
16249,ORD016249,ORD016232,98.67,55,SELL
16249,ORD016249,ORD016228,98.61,8,SELL
16251,ORD016251,ORD016228,98.61,43,SELL
16251,ORD016251,ORD016239,98.55,34,SELL
16254,ORD016254,ORD016244,100.95,21,BUY
16255,ORD016255,ORD016252,99.93,79,SELL
16255,ORD016255,ORD016239,98.55,10,SELL
16256,ORD016256,ORD016239,98.55,6,SELL
16256,ORD016256,ORD016253,98.51,47,SELL
16258,ORD016258,ORD016253,98.51,15,SELL
16258,ORD016258,ORD016224,98.35,55,SELL
16258,ORD016258,ORD016220,98.31,19,SELL
16258,ORD016258,ORD016250,98.21,2,SELL
16259,ORD016259,ORD016250,98.21,29,SELL
16260,ORD016260,ORD016250,98.21,33,SELL
16263,ORD016263,ORD016262,100.98,26,BUY
16267,ORD016267,ORD016266,100.34,29,BUY
16272,ORD016272,ORD016271,99.56,14,BUY
16272,ORD016272,ORD016268,99.92,32,BUY
16273,ORD016273,ORD016268,99.92,18,BUY
16273,ORD016273,ORD016266,100.34,21,BUY
16274,ORD016274,ORD016266,100.34,18,BUY
16274,ORD016274,ORD016269,100.58,16,BUY
16276,ORD016276,ORD016270,98.49,44,SELL
16280,ORD016280,ORD016275,99.62,2,BUY
16280,ORD016280,ORD016277,100.37,11,BUY
16280,ORD016280,ORD016269,100.58,78,BUY
16285,ORD016285,ORD016269,100.58,1,BUY
16285,ORD016285,ORD016279,100.60,82,BUY
16287,ORD016287,ORD016279,100.60,13,BUY
16287,ORD016287,ORD016283,100.73,72,BUY
16289,ORD016289,ORD016283,100.73,28,BUY
16289,ORD016289,ORD016286,101.37,44,BUY
16290,ORD016290,ORD016286,101.37,34,BUY
16293,ORD016293,ORD016288,101.50,23,BUY
16297,ORD016297,ORD016296,99.51,10,SELL
16298,ORD016298,ORD016295,100.07,75,BUY
16302,ORD016302,ORD016296,99.51,15,SELL
16304,ORD016304,ORD016296,99.51,43,SELL
16304,ORD016304,ORD016292,99.39,24,SELL
16305,ORD016305,ORD016295,100.07,19,BUY
16306,ORD016306,ORD016292,99.39,51,SELL
16306,ORD016306,ORD016300,99.36,11,SELL
16307,ORD016307,ORD016300,99.36,12,SELL
16307,ORD016307,ORD016294,98.96,37,SELL
16309,ORD016309,ORD016295,100.07,2,BUY
16309,ORD016309,ORD016301,101.11,24,BUY
16310,ORD016310,ORD016301,101.11,16,BUY
16310,ORD016310,ORD016303,101.17,41,BUY
16311,ORD016311,ORD016308,98.97,4,SELL
16312,ORD016312,ORD016303,101.17,21,BUY
16313,ORD016313,ORD016308,98.97,45,SELL
16313,ORD016313,ORD016294,98.96,29,SELL
16316,ORD016316,ORD016315,100.42,73,BUY
16319,ORD016319,ORD016318,99.33,46,SELL
16319,ORD016319,ORD016294,98.96,21,SELL
16319,ORD016319,ORD016291,98.67,25,SELL
16320,ORD016320,ORD016291,98.67,37,SELL
16329,ORD016329,ORD016322,99.15,25,SELL
16329,ORD016329,ORD016326,99.12,25,SELL
16331,ORD016331,ORD016326,99.12,4,SELL
16334,ORD016334,ORD016333,99.20,78,SELL
16335,ORD016335,ORD016333,99.20,13,SELL
16335,ORD016335,ORD016326,99.12,43,SELL
16335,ORD016335,ORD016328,99.02,34,SELL
16336,ORD016336,ORD016328,99.02,38,SELL
16336,ORD016336,ORD016321,98.25,17,SELL
16337,ORD016337,ORD016332,100.12,84,BUY
16338,ORD016338,ORD016332,100.12,1,BUY
16338,ORD016338,ORD016330,101.52,34,BUY
16343,ORD016343,ORD016340,100.64,26,BUY
16343,ORD016343,ORD016342,101.00,23,BUY
16349,ORD016349,ORD016348,99.81,1,BUY
16349,ORD016349,ORD016342,101.00,30,BUY
16352,ORD016352,ORD016350,101.43,23,BUY
16353,ORD016353,ORD016344,99.60,39,SELL
16353,ORD016353,ORD016347,99.26,18,SELL
16354,ORD016354,ORD016350,101.43,3,BUY
16362,ORD016362,ORD016359,101.02,73,BUY
16363,ORD016363,ORD016357,100.43,9,SELL
16364,ORD016364,ORD016359,101.02,20,BUY
16364,ORD016364,ORD016361,101.22,74,BUY
16365,ORD016365,ORD016357,100.43,4,SELL
16365,ORD016365,ORD016360,99.08,11,SELL
16366,ORD016366,ORD016361,101.22,19,BUY
16366,ORD016366,ORD016350,101.43,41,BUY
16366,ORD016366,ORD016345,102.00,26,BUY
16368,ORD016368,ORD016367,100.13,36,SELL
16370,ORD016370,ORD016367,100.13,24,SELL
16371,ORD016371,ORD016345,102.00,41,BUY
16374,ORD016374,ORD016367,100.13,11,SELL
16374,ORD016374,ORD016372,99.48,16,SELL
16375,ORD016375,ORD016373,100.98,58,BUY
16378,ORD016378,ORD016377,100.07,87,SELL
16378,ORD016378,ORD016372,99.48,13,SELL
16382,ORD016382,ORD016372,99.48,67,SELL
16382,ORD016382,ORD016360,99.08,14,SELL
16383,ORD016383,ORD016360,99.08,11,SELL
16384,ORD016384,ORD016360,99.08,53,SELL
16384,ORD016384,ORD016369,98.84,46,SELL
16387,ORD016387,ORD016369,98.84,5,SELL
16387,ORD016387,ORD016358,98.81,5,SELL
16390,ORD016390,ORD016389,100.21,14,SELL
16390,ORD016390,ORD016388,99.90,16,SELL
16391,ORD016391,ORD016385,100.60,30,BUY
16393,ORD016393,ORD016388,99.90,42,SELL
16393,ORD016393,ORD016358,98.81,37,SELL
16396,ORD016396,ORD016395,99.63,69,SELL
16396,ORD016396,ORD016358,98.81,8,SELL
16397,ORD016397,ORD016385,100.60,15,BUY
16397,ORD016397,ORD016392,101.60,25,BUY
16401,ORD016401,ORD016400,99.57,45,BUY
16402,ORD016402,ORD016358,98.81,6,SELL
16402,ORD016402,ORD016356,98.20,47,SELL
16404,ORD016404,ORD016356,98.20,39,SELL
16409,ORD016409,ORD016407,99.81,69,BUY
16409,ORD016409,ORD016405,101.10,9,BUY
16411,ORD016411,ORD016410,99.44,92,SELL
16412,ORD016412,ORD016405,101.10,52,BUY
16413,ORD016413,ORD016410,99.44,7,SELL
16413,ORD016413,ORD016408,99.28,39,SELL
16414,ORD016414,ORD016405,101.10,10,BUY
16414,ORD016414,ORD016406,101.97,27,BUY
16416,ORD016416,ORD016415,101.05,84,BUY
16419,ORD016419,ORD016408,99.28,3,SELL
16420,ORD016420,ORD016408,99.28,45,SELL
16420,ORD016420,ORD016417,98.99,2,SELL
16422,ORD016422,ORD016415,101.05,13,BUY
16422,ORD016422,ORD016418,101.85,3,BUY
16426,ORD016426,ORD016425,98.65,33,SELL
16429,ORD016429,ORD016427,99.45,41,SELL
16432,ORD016432,ORD016430,98.07,27,SELL
16435,ORD016435,ORD016424,99.70,5,BUY
16436,ORD016436,ORD016424,99.70,6,BUY
16438,ORD016438,ORD016424,99.70,53,BUY
16438,ORD016438,ORD016428,100.57,33,BUY
16440,ORD016440,ORD016439,99.36,1,SELL
16442,ORD016442,ORD016439,99.36,9,SELL
16444,ORD016444,ORD016428,100.57,9,BUY
16444,ORD016444,ORD016441,100.76,15,BUY
16447,ORD016447,ORD016446,100.19,30,SELL
16447,ORD016447,ORD016439,99.36,10,SELL
16448,ORD016448,ORD016445,100.69,94,BUY
16449,ORD016449,ORD016439,99.36,21,SELL
16449,ORD016449,ORD016434,99.32,28,SELL
16449,ORD016449,ORD016443,99.15,45,SELL
16451,ORD016451,ORD016445,100.69,3,BUY
16451,ORD016451,ORD016441,100.76,28,BUY
16451,ORD016451,ORD016450,101.20,2,BUY
16453,ORD016453,ORD016452,99.68,10,BUY
16454,ORD016454,ORD016452,99.68,15,BUY
16454,ORD016454,ORD016450,101.20,9,BUY
16454,ORD016454,ORD016423,101.62,6,BUY
16458,ORD016458,ORD016423,101.62,41,BUY
16458,ORD016458,ORD016431,101.90,19,BUY
16459,ORD016459,ORD016455,100.01,6,SELL
16459,ORD016459,ORD016443,99.15,23,SELL
16459,ORD016459,ORD016456,98.98,9,SELL
16461,ORD016461,ORD016431,101.90,43,BUY
16466,ORD016466,ORD016463,99.95,18,SELL
16466,ORD016466,ORD016464,99.55,10,SELL
16466,ORD016466,ORD016460,99.06,5,SELL
16466,ORD016466,ORD016456,98.98,2,SELL
16469,ORD016469,ORD016462,100.37,64,BUY
16470,ORD016470,ORD016462,100.37,29,BUY
16470,ORD016470,ORD016468,100.41,14,BUY
16470,ORD016470,ORD016465,100.58,4,BUY
16472,ORD016472,ORD016456,98.98,3,SELL
16472,ORD016472,ORD016433,98.89,67,SELL
16472,ORD016472,ORD016467,98.79,6,SELL
16475,ORD016475,ORD016474,99.57,5,SELL
16476,ORD016476,ORD016474,99.57,19,SELL
16476,ORD016476,ORD016467,98.79,55,SELL
16477,ORD016477,ORD016465,100.58,42,BUY
16478,ORD016478,ORD016467,98.79,16,SELL
16478,ORD016478,ORD016471,98.52,48,SELL
16479,ORD016479,ORD016465,100.58,52,BUY
16479,ORD016479,ORD016473,100.58,36,BUY
16480,ORD016480,ORD016473,100.58,64,BUY
16482,ORD016482,ORD016481,100.66,24,BUY
16484,ORD016484,ORD016471,98.52,21,SELL
16487,ORD016487,ORD016483,100.96,35,BUY
16489,ORD016489,ORD016486,100.04,34,SELL
16490,ORD016490,ORD016486,100.04,22,SELL
16490,ORD016490,ORD016485,99.79,25,SELL
16491,ORD016491,ORD016485,99.79,5,SELL
16492,ORD016492,ORD016485,99.79,21,SELL
16496,ORD016496,ORD016495,98.55,23,SELL
16497,ORD016497,ORD016494,100.31,32,BUY
16497,ORD016497,ORD016483,100.96,27,BUY
16503,ORD016503,ORD016502,98.03,41,SELL
16506,ORD016506,ORD016505,99.56,45,BUY
16506,ORD016506,ORD016500,100.14,6,BUY
16508,ORD016508,ORD016500,100.14,67,BUY
16508,ORD016508,ORD016483,100.96,18,BUY
16511,ORD016511,ORD016483,100.96,19,BUY
16511,ORD016511,ORD016488,101.35,20,BUY
16516,ORD016516,ORD016488,101.35,54,BUY
16516,ORD016516,ORD016504,101.51,1,BUY
16516,ORD016516,ORD016513,101.62,5,BUY
16519,ORD016519,ORD016513,101.62,63,BUY
16523,ORD016523,ORD016514,100.23,54,SELL
16523,ORD016523,ORD016509,100.07,1,SELL
16524,ORD016524,ORD016509,100.07,52,SELL
16524,ORD016524,ORD016517,99.89,27,SELL
16526,ORD016526,ORD016517,99.89,11,SELL
16526,ORD016526,ORD016522,99.37,72,SELL
16527,ORD016527,ORD016525,100.89,60,BUY
16532,ORD016532,ORD016530,100.38,71,SELL
16532,ORD016532,ORD016522,99.37,11,SELL
16533,ORD016533,ORD016528,100.78,57,BUY
16534,ORD016534,ORD016528,100.78,17,BUY
16535,ORD016535,ORD016522,99.37,5,SELL
16536,ORD016536,ORD016522,99.37,5,SELL
16536,ORD016536,ORD016518,99.34,63,SELL
16543,ORD016543,ORD016538,100.02,63,SELL
16545,ORD016545,ORD016539,100.63,57,BUY
16548,ORD016548,ORD016539,100.63,29,BUY
16548,ORD016548,ORD016544,100.95,3,BUY
16549,ORD016549,ORD016544,100.95,45,BUY
16550,ORD016550,ORD016538,100.02,1,SELL
16550,ORD016550,ORD016547,99.80,9,SELL
16554,ORD016554,ORD016552,99.97,85,BUY
16555,ORD016555,ORD016544,100.95,17,BUY
16559,ORD016559,ORD016557,101.12,13,BUY
16561,ORD016561,ORD016560,100.31,80,BUY
16562,ORD016562,ORD016554,100.30,2,SELL
16562,ORD016562,ORD016547,99.80,17,SELL
16565,ORD016565,ORD016547,99.80,1,SELL
16566,ORD016566,ORD016560,100.31,13,BUY
16566,ORD016566,ORD016564,100.55,24,BUY
16568,ORD016568,ORD016547,99.80,7,SELL
16569,ORD016569,ORD016537,99.73,14,SELL
16569,ORD016569,ORD016553,99.64,6,SELL
16571,ORD016571,ORD016553,99.64,10,SELL
16572,ORD016572,ORD016568,99.74,39,BUY
16573,ORD016573,ORD016553,99.64,17,SELL
16573,ORD016573,ORD016551,99.60,69,SELL
16574,ORD016574,ORD016518,99.34,20,SELL
16574,ORD016574,ORD016529,99.31,64,SELL
16576,ORD016576,ORD016529,99.31,18,SELL
16576,ORD016576,ORD016507,99.13,19,SELL
16576,ORD016576,ORD016558,99.03,20,SELL
16576,ORD016576,ORD016510,99.01,29,SELL
16580,ORD016580,ORD016578,99.56,12,BUY
16580,ORD016580,ORD016568,99.74,33,BUY
16581,ORD016581,ORD016568,99.74,12,BUY
16584,ORD016584,ORD016582,100.47,37,SELL
16585,ORD016585,ORD016582,100.47,8,SELL
16588,ORD016588,ORD016587,100.94,10,BUY
16589,ORD016589,ORD016587,100.94,34,BUY
16589,ORD016589,ORD016577,100.96,30,BUY
16590,ORD016590,ORD016582,100.47,22,SELL
16590,ORD016590,ORD016583,100.10,53,SELL
16595,ORD016595,ORD016583,100.10,21,SELL
16596,ORD016596,ORD016583,100.10,7,SELL
16596,ORD016596,ORD016581,99.90,4,SELL
16599,ORD016599,ORD016510,99.01,41,SELL
16599,ORD016599,ORD016540,98.89,31,SELL
16600,ORD016600,ORD016540,98.89,18,SELL
16600,ORD016600,ORD016594,98.79,77,SELL
16600,ORD016600,ORD016570,98.71,1,SELL
16601,ORD016601,ORD016570,98.71,16,SELL
16602,ORD016602,ORD016570,98.71,36,SELL
16602,ORD016602,ORD016515,98.70,21,SELL
16602,ORD016602,ORD016567,98.65,2,SELL
16602,ORD016602,ORD016579,98.63,26,SELL
16603,ORD016603,ORD016596,99.78,82,BUY
16603,ORD016603,ORD016577,100.96,3,BUY
16607,ORD016607,ORD016605,99.50,66,SELL
16607,ORD016607,ORD016579,98.63,30,SELL
16608,ORD016608,ORD016579,98.63,5,SELL
16608,ORD016608,ORD016541,98.41,27,SELL
16609,ORD016609,ORD016541,98.41,31,SELL
16609,ORD016609,ORD016598,98.39,14,SELL
16610,ORD016610,ORD016598,98.39,57,SELL
16612,ORD016612,ORD016611,100.11,80,BUY
16613,ORD016613,ORD016577,100.96,63,BUY
16613,ORD016613,ORD016597,101.31,7,BUY
16617,ORD016617,ORD016615,99.56,28,SELL
16617,ORD016617,ORD016616,98.73,54,SELL
16619,ORD016619,ORD016597,101.31,53,BUY
16619,ORD016619,ORD016604,101.42,12,BUY
16620,ORD016620,ORD016604,101.42,7,BUY
16620,ORD016620,ORD016614,101.55,33,BUY
16621,ORD016621,ORD016616,98.73,9,SELL
16621,ORD016621,ORD016598,98.39,27,SELL
16621,ORD016621,ORD016563,98.26,12,SELL
16622,ORD016622,ORD016563,98.26,78,SELL
16622,ORD016622,ORD016575,98.25,15,SELL
16623,ORD016623,ORD016575,98.25,11,SELL
16624,ORD016624,ORD016614,101.55,11,BUY
16624,ORD016624,ORD016592,101.88,17,BUY
16624,ORD016624,ORD016593,101.98,28,BUY
16628,ORD016628,ORD016626,100.63,24,BUY
16628,ORD016628,ORD016627,101.50,11,BUY
16628,ORD016628,ORD016625,101.79,14,BUY
16629,ORD016629,ORD016575,98.25,41,SELL
16629,ORD016629,ORD016591,98.17,26,SELL
16629,ORD016629,ORD016531,98.14,12,SELL
16630,ORD016630,ORD016625,101.79,16,BUY
16633,ORD016633,ORD016625,101.79,7,BUY
16634,ORD016634,ORD016625,101.79,26,BUY
16635,ORD016635,ORD016631,98.80,28,SELL
16636,ORD016636,ORD016631,98.80,14,SELL
16637,ORD016637,ORD016631,98.80,18,SELL
16637,ORD016637,ORD016531,98.14,14,SELL
16637,ORD016637,ORD016618,98.13,21,SELL
16637,ORD016637,ORD016586,98.07,37,SELL
16638,ORD016638,ORD016586,98.07,22,SELL
16638,ORD016638,ORD016556,98.02,17,SELL
16639,ORD016639,ORD016556,98.02,35,SELL
16640,ORD016640,ORD016556,98.02,26,SELL
16642,ORD016642,ORD016641,100.96,67,BUY
16643,ORD016643,ORD016641,100.96,29,BUY
16651,ORD016651,ORD016649,99.57,42,BUY
16651,ORD016651,ORD016648,101.85,42,BUY
16653,ORD016653,ORD016650,99.36,8,SELL
16653,ORD016653,ORD016556,98.02,6,SELL
16658,ORD016658,ORD016648,101.85,4,BUY
16658,ORD016658,ORD016645,101.93,42,BUY
16660,ORD016660,ORD016655,100.29,1,SELL
16661,ORD016661,ORD016659,100.63,9,BUY
16663,ORD016663,ORD016655,100.29,61,SELL
16666,ORD016666,ORD016665,100.71,8,BUY
16670,ORD016670,ORD016655,100.29,32,SELL
16670,ORD016670,ORD016657,100.14,2,SELL
16672,ORD016672,ORD016667,100.41,11,BUY
16673,ORD016673,ORD016657,100.14,1,SELL
16674,ORD016674,ORD016667,100.41,3,BUY
16675,ORD016675,ORD016667,100.41,18,BUY
16676,ORD016676,ORD016657,100.14,33,SELL
16678,ORD016678,ORD016677,100.16,64,BUY
16678,ORD016678,ORD016667,100.41,18,BUY
16679,ORD016679,ORD016667,100.41,4,BUY
16681,ORD016681,ORD016657,100.14,19,SELL
16681,ORD016681,ORD016669,99.91,19,SELL
16681,ORD016681,ORD016656,99.51,11,SELL
16682,ORD016682,ORD016656,99.51,19,SELL
16682,ORD016682,ORD016671,98.64,7,SELL
16684,ORD016684,ORD016683,98.88,6,SELL
16686,ORD016686,ORD016685,100.37,6,SELL
16687,ORD016687,ORD016683,98.88,3,SELL
16688,ORD016688,ORD016686,100.01,22,BUY
16688,ORD016688,ORD016667,100.41,30,BUY
16688,ORD016688,ORD016668,100.95,8,BUY
16688,ORD016688,ORD016680,101.30,2,BUY
16692,ORD016692,ORD016691,100.63,31,BUY
16695,ORD016695,ORD016690,101.75,17,BUY
16697,ORD016697,ORD016690,101.75,20,BUY
16701,ORD016701,ORD016700,100.12,34,SELL
16701,ORD016701,ORD016689,99.97,15,SELL
16701,ORD016701,ORD016694,99.96,1,SELL
16701,ORD016701,ORD016696,99.13,10,SELL
16704,ORD016704,ORD016702,100.19,76,BUY
16705,ORD016705,ORD016696,99.13,72,SELL
16705,ORD016705,ORD016703,99.10,21,SELL
16708,ORD016708,ORD016702,100.19,19,BUY
16709,ORD016709,ORD016706,99.84,4,SELL
16712,ORD016712,ORD016706,99.84,3,SELL
16716,ORD016716,ORD016715,99.97,30,SELL
16718,ORD016718,ORD016715,99.97,5,SELL
16718,ORD016718,ORD016706,99.84,21,SELL
16718,ORD016718,ORD016710,99.45,37,SELL
16720,ORD016720,ORD016710,99.45,28,SELL
16720,ORD016720,ORD016703,99.10,2,SELL
16723,ORD016723,ORD016722,100.71,75,BUY
16726,ORD016726,ORD016703,99.10,4,SELL
16726,ORD016726,ORD016714,99.08,27,SELL
16731,ORD016731,ORD016730,99.74,29,SELL
16733,ORD016733,ORD016727,100.27,37,BUY
16734,ORD016734,ORD016732,99.94,20,SELL
16734,ORD016734,ORD016730,99.74,40,SELL
16734,ORD016734,ORD016728,99.15,11,SELL
16736,ORD016736,ORD016728,99.15,55,SELL
16736,ORD016736,ORD016714,99.08,7,SELL
16738,ORD016738,ORD016727,100.27,42,BUY
16738,ORD016738,ORD016725,100.28,5,BUY
16739,ORD016739,ORD016714,99.08,22,SELL
16739,ORD016739,ORD016683,98.88,8,SELL
16742,ORD016742,ORD016740,99.52,50,BUY
16747,ORD016747,ORD016683,98.88,77,SELL
16748,ORD016748,ORD016683,98.88,6,SELL
16748,ORD016748,ORD016744,98.83,40,SELL
16750,ORD016750,ORD016740,99.52,44,BUY
16750,ORD016750,ORD016745,99.82,8,BUY
16753,ORD016753,ORD016744,98.83,13,SELL
16753,ORD016753,ORD016671,98.64,15,SELL
16753,ORD016753,ORD016707,98.58,5,SELL
16753,ORD016753,ORD016724,98.58,62,SELL
16754,ORD016754,ORD016745,99.82,20,BUY
16759,ORD016759,ORD016755,99.64,70,BUY
16760,ORD016760,ORD016755,99.64,23,BUY
16760,ORD016760,ORD016756,99.77,16,BUY
16761,ORD016761,ORD016724,98.58,2,SELL
16761,ORD016761,ORD016757,98.36,25,SELL
16761,ORD016761,ORD016737,98.34,16,SELL
16762,ORD016762,ORD016756,99.77,39,BUY
16762,ORD016762,ORD016745,99.82,2,BUY
16762,ORD016762,ORD016743,99.86,51,BUY
16763,ORD016763,ORD016743,99.86,8,BUY
16764,ORD016764,ORD016743,99.86,29,BUY
16764,ORD016764,ORD016725,100.28,35,BUY
16764,ORD016764,ORD016722,100.71,8,BUY
16765,ORD016765,ORD016722,100.71,16,BUY
16765,ORD016765,ORD016751,100.75,5,BUY
16768,ORD016768,ORD016699,98.17,93,SELL
16775,ORD016775,ORD016772,99.55,57,SELL
16778,ORD016778,ORD016777,99.77,7,BUY
16779,ORD016779,ORD016772,99.55,5,SELL
16779,ORD016779,ORD016774,98.50,62,SELL
16779,ORD016779,ORD016699,98.17,7,SELL
16779,ORD016779,ORD016654,98.04,16,SELL
16783,ORD016783,ORD016777,99.77,19,BUY
16785,ORD016785,ORD016777,99.77,11,BUY
16786,ORD016786,ORD016777,99.77,17,BUY
16786,ORD016786,ORD016767,99.86,16,BUY
16788,ORD016788,ORD016780,99.35,19,SELL
16791,ORD016791,ORD016767,99.86,39,BUY
16794,ORD016794,ORD016789,99.82,62,SELL
16795,ORD016795,ORD016767,99.86,30,BUY
16795,ORD016795,ORD016782,100.52,32,BUY
16796,ORD016796,ORD016782,100.52,63,BUY
16796,ORD016796,ORD016771,100.61,15,BUY
16796,ORD016796,ORD016776,100.61,1,BUY
16797,ORD016797,ORD016776,100.61,17,BUY
16798,ORD016798,ORD016776,100.61,9,BUY
16802,ORD016802,ORD016789,99.82,4,SELL
16806,ORD016806,ORD016804,99.89,15,BUY
16807,ORD016807,ORD016789,99.82,21,SELL
16807,ORD016807,ORD016792,99.36,37,SELL
16807,ORD016807,ORD016780,99.35,9,SELL
16808,ORD016808,ORD016804,99.89,84,BUY
16809,ORD016809,ORD016804,99.89,1,BUY
16809,ORD016809,ORD016776,100.61,1,BUY
16809,ORD016809,ORD016803,100.70,5,BUY
16809,ORD016809,ORD016751,100.75,24,BUY
16810,ORD016810,ORD016780,99.35,64,SELL
16810,ORD016810,ORD016793,98.88,18,SELL
16810,ORD016810,ORD016790,98.87,4,SELL
16812,ORD016812,ORD016790,98.87,4,SELL
16812,ORD016812,ORD016784,98.60,10,SELL
16812,ORD016812,ORD016800,98.26,8,SELL
16812,ORD016812,ORD016654,98.04,53,SELL
16815,ORD016815,ORD016811,100.21,42,BUY
16817,ORD016817,ORD016815,100.40,16,SELL
16818,ORD016818,ORD016751,100.75,19,BUY
16821,ORD016821,ORD016819,100.59,37,BUY
16821,ORD016821,ORD016751,100.75,38,BUY
16822,ORD016822,ORD016751,100.75,2,BUY
16822,ORD016822,ORD016758,100.77,4,BUY
16824,ORD016824,ORD016815,100.40,3,SELL
16827,ORD016827,ORD016824,99.90,2,BUY
16828,ORD016828,ORD016824,99.90,6,BUY
16830,ORD016830,ORD016823,99.47,15,SELL
16830,ORD016830,ORD016826,98.80,25,SELL
16832,ORD016832,ORD016824,99.90,49,BUY
16832,ORD016832,ORD016831,100.11,35,BUY
16834,ORD016834,ORD016833,98.88,19,SELL
16834,ORD016834,ORD016826,98.80,32,SELL
16834,ORD016834,ORD016825,98.64,1,SELL
16834,ORD016834,ORD016813,98.57,17,SELL
16836,ORD016836,ORD016831,100.11,63,BUY
16836,ORD016836,ORD016835,100.74,35,BUY
16841,ORD016841,ORD016840,99.78,31,BUY
16842,ORD016842,ORD016840,99.78,8,BUY
16843,ORD016843,ORD016840,99.78,14,BUY
16844,ORD016844,ORD016840,99.78,32,BUY
16844,ORD016844,ORD016839,99.81,1,BUY
16844,ORD016844,ORD016835,100.74,16,BUY
16846,ORD016846,ORD016845,100.26,25,SELL
16852,ORD016852,ORD016835,100.74,29,BUY
16852,ORD016852,ORD016758,100.77,19,BUY
16853,ORD016853,ORD016847,100.29,33,SELL
16853,ORD016853,ORD016845,100.26,31,SELL
16855,ORD016855,ORD016845,100.26,9,SELL
16856,ORD016856,ORD016845,100.26,1,SELL
16856,ORD016856,ORD016851,99.90,52,SELL
16859,ORD016859,ORD016851,99.90,2,SELL
16862,ORD016862,ORD016851,99.90,34,SELL
16862,ORD016862,ORD016848,99.05,15,SELL
16862,ORD016862,ORD016861,98.98,24,SELL
16863,ORD016863,ORD016861,98.98,31,SELL
16863,ORD016863,ORD016813,98.57,9,SELL
16864,ORD016864,ORD016854,100.33,17,BUY
16864,ORD016864,ORD016860,100.76,65,BUY
16868,ORD016868,ORD016866,99.52,27,BUY
16869,ORD016869,ORD016866,99.52,1,BUY
16869,ORD016869,ORD016867,100.14,46,BUY
16870,ORD016870,ORD016867,100.14,25,BUY
16872,ORD016872,ORD016813,98.57,9,SELL
16875,ORD016875,ORD016874,99.86,26,SELL
16875,ORD016875,ORD016813,98.57,48,SELL
16879,ORD016879,ORD016867,100.14,1,BUY
16879,ORD016879,ORD016873,100.25,58,BUY
16879,ORD016879,ORD016860,100.76,13,BUY
16879,ORD016879,ORD016758,100.77,20,BUY
16880,ORD016880,ORD016758,100.77,30,BUY
16880,ORD016880,ORD016820,100.82,27,BUY
16880,ORD016880,ORD016871,100.89,24,BUY
16880,ORD016880,ORD016878,100.98,7,BUY
16881,ORD016881,ORD016878,100.98,31,BUY
16883,ORD016883,ORD016876,98.96,24,SELL
16885,ORD016885,ORD016884,100.41,24,BUY
16887,ORD016887,ORD016876,98.96,22,SELL
16887,ORD016887,ORD016877,98.92,34,SELL
16887,ORD016887,ORD016813,98.57,14,SELL
16887,ORD016887,ORD016829,98.54,28,SELL
16888,ORD016888,ORD016886,99.89,7,BUY
16894,ORD016894,ORD016893,99.71,27,BUY
16895,ORD016895,ORD016893,99.71,7,BUY
16895,ORD016895,ORD016886,99.89,13,BUY
16895,ORD016895,ORD016889,100.37,13,BUY
16895,ORD016895,ORD016884,100.41,11,BUY
16899,ORD016899,ORD016898,98.89,18,SELL
16899,ORD016899,ORD016897,98.67,30,SELL
16900,ORD016900,ORD016884,100.41,57,BUY
16900,ORD016900,ORD016892,100.65,30,BUY
16902,ORD016902,ORD016901,98.79,16,SELL
16905,ORD016905,ORD016892,100.65,50,BUY
16906,ORD016906,ORD016892,100.65,3,BUY
16906,ORD016906,ORD016882,100.90,66,BUY
16906,ORD016906,ORD016878,100.98,15,BUY
16908,ORD016908,ORD016907,100.67,39,BUY
16915,ORD016915,ORD016903,99.18,32,SELL
16915,ORD016915,ORD016914,99.13,15,SELL
16917,ORD016917,ORD016912,100.31,60,BUY
16917,ORD016917,ORD016907,100.67,28,BUY
16919,ORD016919,ORD016907,100.67,9,BUY
16920,ORD016920,ORD016914,99.13,17,SELL
16920,ORD016920,ORD016901,98.79,24,SELL
16922,ORD016922,ORD016921,99.74,34,SELL
16925,ORD016925,ORD016907,100.67,16,BUY
16925,ORD016925,ORD016878,100.98,44,BUY
16925,ORD016925,ORD016814,101.01,28,BUY
16926,ORD016926,ORD016814,101.01,11,BUY
16927,ORD016927,ORD016923,99.92,27,SELL
16927,ORD016927,ORD016921,99.74,12,SELL
16928,ORD016928,ORD016814,101.01,33,BUY
16928,ORD016928,ORD016838,101.08,19,BUY
16930,ORD016930,ORD016921,99.74,10,SELL
16932,ORD016932,ORD016838,101.08,73,BUY
16933,ORD016933,ORD016838,101.08,3,BUY
16934,ORD016934,ORD016921,99.74,40,SELL
16934,ORD016934,ORD016901,98.79,20,SELL
16935,ORD016935,ORD016838,101.08,4,BUY
16935,ORD016935,ORD016931,101.11,3,BUY
16940,ORD016940,ORD016931,101.11,2,BUY
16940,ORD016940,ORD016769,101.21,18,BUY
16941,ORD016941,ORD016937,99.83,10,SELL
16942,ORD016942,ORD016937,99.83,11,SELL
16942,ORD016942,ORD016939,99.49,52,SELL
16949,ORD016949,ORD016947,99.78,15,SELL
16949,ORD016949,ORD016946,99.56,3,SELL
16951,ORD016951,ORD016946,99.56,21,SELL
16952,ORD016952,ORD016945,100.06,41,BUY
16952,ORD016952,ORD016769,101.21,45,BUY
16953,ORD016953,ORD016769,101.21,9,BUY
16953,ORD016953,ORD016787,101.21,16,BUY
16953,ORD016953,ORD016766,101.22,29,BUY
16955,ORD016955,ORD016946,99.56,21,SELL
16956,ORD016956,ORD016766,101.22,43,BUY
16956,ORD016956,ORD016741,101.24,17,BUY
16958,ORD016958,ORD016946,99.56,5,SELL
16959,ORD016959,ORD016741,101.24,38,BUY
16959,ORD016959,ORD016799,101.29,30,BUY
16964,ORD016964,ORD016960,99.99,6,SELL
16964,ORD016964,ORD016946,99.56,32,SELL
16964,ORD016964,ORD016939,99.49,6,SELL
16964,ORD016964,ORD016948,98.95,35,SELL
16965,ORD016965,ORD016948,98.95,1,SELL
16965,ORD016965,ORD016901,98.79,2,SELL
16966,ORD016966,ORD016901,98.79,10,SELL
16967,ORD016967,ORD016901,98.79,2,SELL
16967,ORD016967,ORD016910,98.71,7,SELL
16967,ORD016967,ORD016897,98.67,24,SELL
16968,ORD016968,ORD016961,100.30,14,BUY
16970,ORD016970,ORD016897,98.67,28,SELL
16970,ORD016970,ORD016916,98.63,1,SELL
16970,ORD016970,ORD016890,98.56,44,SELL
16971,ORD016971,ORD016890,98.56,33,SELL
16971,ORD016971,ORD016829,98.54,35,SELL
16971,ORD016971,ORD016816,98.50,6,SELL
16975,ORD016975,ORD016974,99.25,50,SELL
16975,ORD016975,ORD016816,98.50,35,SELL
16977,ORD016977,ORD016961,100.30,12,BUY
16980,ORD016980,ORD016978,100.28,15,SELL
16980,ORD016980,ORD016816,98.50,50,SELL
16980,ORD016980,ORD016911,98.42,15,SELL
16982,ORD016982,ORD016981,99.84,39,SELL
16983,ORD016983,ORD016911,98.42,27,SELL
16983,ORD016983,ORD016913,98.06,21,SELL
16983,ORD016983,ORD016924,98.06,18,SELL
16985,ORD016985,ORD016924,98.06,33,SELL
16985,ORD016985,ORD016837,98.03,14,SELL
16988,ORD016988,ORD016982,99.57,17,BUY
16988,ORD016988,ORD016987,99.86,15,BUY
16989,ORD016989,ORD016988,99.95,14,SELL
16992,ORD016992,ORD016961,100.30,6,BUY
16992,ORD016992,ORD016969,100.39,22,BUY
16993,ORD016993,ORD016988,99.95,38,SELL
16994,ORD016994,ORD016988,99.95,12,SELL
16994,ORD016994,ORD016990,98.44,17,SELL
16994,ORD016994,ORD016986,98.33,37,SELL
16995,ORD016995,ORD016986,98.33,4,SELL
16996,ORD016996,ORD016986,98.33,35,SELL
16997,ORD016997,ORD016969,100.39,30,BUY
17000,ORD017000,ORD016998,100.22,95,SELL
17000,ORD017000,ORD016986,98.33,3,SELL
17001,ORD017001,ORD016986,98.33,10,SELL
17002,ORD017002,ORD016986,98.33,3,SELL
17002,ORD017002,ORD016991,98.33,5,SELL
17002,ORD017002,ORD016837,98.03,14,SELL
17002,ORD017002,ORD016954,98.03,28,SELL
17008,ORD017008,ORD017004,99.97,10,SELL
17012,ORD017012,ORD017004,99.97,4,SELL
17014,ORD017014,ORD017004,99.97,67,SELL
17016,ORD017016,ORD017004,99.97,10,SELL
17016,ORD017016,ORD017010,99.37,9,SELL
17016,ORD017016,ORD017013,99.16,15,SELL
17016,ORD017016,ORD017003,99.07,61,SELL
17017,ORD017017,ORD017003,99.07,8,SELL
17017,ORD017017,ORD017007,98.71,37,SELL
17018,ORD017018,ORD017007,98.71,28,SELL
17022,ORD017022,ORD017007,98.71,29,SELL
17022,ORD017022,ORD017005,98.47,6,SELL
17023,ORD017023,ORD017005,98.47,25,SELL
17024,ORD017024,ORD017005,98.47,55,SELL
17024,ORD017024,ORD017011,98.17,3,SELL
17026,ORD017026,ORD017020,99.69,19,BUY
17026,ORD017026,ORD017009,100.06,21,BUY
17026,ORD017026,ORD017019,100.34,53,BUY
17027,ORD017027,ORD017011,98.17,70,SELL
17027,ORD017027,ORD017021,98.04,13,SELL
17030,ORD017030,ORD017019,100.34,13,BUY
17031,ORD017031,ORD017029,99.44,31,SELL
17035,ORD017035,ORD017034,98.46,19,SELL
17035,ORD017035,ORD017033,98.30,28,SELL
17036,ORD017036,ORD017032,99.99,5,BUY
17036,ORD017036,ORD017019,100.34,6,BUY
17041,ORD017041,ORD017019,100.34,5,BUY
17041,ORD017041,ORD016969,100.39,21,BUY
17041,ORD017041,ORD017015,100.59,20,BUY
17041,ORD017041,ORD016979,100.65,23,BUY
17044,ORD017044,ORD016979,100.65,18,BUY
17044,ORD017044,ORD016963,101.02,24,BUY
17044,ORD017044,ORD016984,101.06,51,BUY
17045,ORD017045,ORD017040,100.14,62,SELL
17047,ORD017047,ORD017040,100.14,20,SELL
17049,ORD017049,ORD017040,100.14,12,SELL
17051,ORD017051,ORD017049,99.87,6,BUY
17052,ORD017052,ORD017049,99.87,14,BUY
17053,ORD017053,ORD017046,99.27,3,SELL
17059,ORD017059,ORD017057,99.64,11,BUY
17059,ORD017059,ORD017056,99.82,47,BUY
17061,ORD017061,ORD017046,99.27,52,SELL
17062,ORD017062,ORD017056,99.82,17,BUY
17062,ORD017062,ORD017049,99.87,54,BUY
17064,ORD017064,ORD017046,99.27,29,SELL
17064,ORD017064,ORD017058,99.06,6,SELL
17065,ORD017065,ORD017058,99.06,46,SELL
17067,ORD017067,ORD017049,99.87,4,BUY
17067,ORD017067,ORD017055,100.43,16,BUY
17067,ORD017067,ORD017060,100.74,3,BUY
17068,ORD017068,ORD017058,99.06,23,SELL
17068,ORD017068,ORD017039,98.88,4,SELL
17068,ORD017068,ORD017042,98.36,30,SELL
17070,ORD017070,ORD017069,98.86,23,SELL
17070,ORD017070,ORD017042,98.36,37,SELL
17073,ORD017073,ORD017072,99.29,4,SELL
17073,ORD017073,ORD017042,98.36,33,SELL
17073,ORD017073,ORD017071,98.22,5,SELL
17074,ORD017074,ORD017071,98.22,15,SELL
17074,ORD017074,ORD017050,98.12,74,SELL
17075,ORD017075,ORD017050,98.12,9,SELL
17077,ORD017077,ORD017060,100.74,39,BUY
17080,ORD017080,ORD017060,100.74,21,BUY
17080,ORD017080,ORD017078,100.83,40,BUY
17081,ORD017081,ORD017078,100.83,27,BUY
17081,ORD017081,ORD016984,101.06,25,BUY
17082,ORD017082,ORD016984,101.06,4,BUY
17082,ORD017082,ORD017054,101.15,61,BUY
17082,ORD017082,ORD017048,101.16,16,BUY
17084,ORD017084,ORD017079,98.83,45,SELL
17089,ORD017089,ORD017086,100.68,59,BUY
17089,ORD017089,ORD017048,101.16,20,BUY
17091,ORD017091,ORD017048,101.16,10,BUY
17091,ORD017091,ORD016799,101.29,69,BUY
17091,ORD017091,ORD017083,101.32,13,BUY
17092,ORD017092,ORD017090,99.67,41,SELL
17095,ORD017095,ORD017090,99.67,10,SELL
17096,ORD017096,ORD017093,100.99,31,BUY
17096,ORD017096,ORD017083,101.32,11,BUY
17098,ORD017098,ORD017090,99.67,10,SELL
17098,ORD017098,ORD017094,99.64,32,SELL
17100,ORD017100,ORD017083,101.32,36,BUY
17100,ORD017100,ORD016950,101.34,36,BUY
17102,ORD017102,ORD017094,99.64,8,SELL
17102,ORD017102,ORD017097,99.07,50,SELL
17103,ORD017103,ORD017097,99.07,35,SELL
17104,ORD017104,ORD017097,99.07,5,SELL
17104,ORD017104,ORD017087,98.46,5,SELL
17104,ORD017104,ORD017099,98.02,24,SELL
17107,ORD017107,ORD017101,100.98,27,BUY
17107,ORD017107,ORD016950,101.34,28,BUY
17107,ORD017107,ORD016729,101.38,4,BUY
17108,ORD017108,ORD016729,101.38,4,BUY
17111,ORD017111,ORD017110,98.59,15,SELL
17124,ORD017124,ORD017117,100.12,32,BUY
17124,ORD017124,ORD017118,101.18,24,BUY
17126,ORD017126,ORD017114,99.93,76,SELL
17128,ORD017128,ORD017114,99.93,8,SELL
17128,ORD017128,ORD017113,99.73,12,SELL
17128,ORD017128,ORD017120,99.55,7,SELL
17128,ORD017128,ORD017122,98.59,14,SELL
17129,ORD017129,ORD017122,98.59,16,SELL
17129,ORD017129,ORD017116,98.28,48,SELL
17132,ORD017132,ORD017130,99.64,2,SELL
17135,ORD017135,ORD017133,99.65,44,BUY
17136,ORD017136,ORD017133,99.65,17,BUY
17136,ORD017136,ORD017125,100.93,45,BUY
17136,ORD017136,ORD017118,101.18,7,BUY
17138,ORD017138,ORD017137,100.27,2,BUY
17139,ORD017139,ORD017130,99.64,50,SELL
17142,ORD017142,ORD017130,99.64,28,SELL
17145,ORD017145,ORD017141,99.83,79,BUY
17146,ORD017146,ORD017130,99.64,15,SELL
17146,ORD017146,ORD017140,99.24,15,SELL
17147,ORD017147,ORD017141,99.83,7,BUY
17147,ORD017147,ORD017137,100.27,68,BUY
17147,ORD017147,ORD017118,101.18,2,BUY
17147,ORD017147,ORD016729,101.38,1,BUY
17148,ORD017148,ORD017140,99.24,71,SELL
17148,ORD017148,ORD017144,99.18,7,SELL
17149,ORD017149,ORD016729,101.38,51,BUY
17150,ORD017150,ORD016729,101.38,9,BUY
17150,ORD017150,ORD017006,101.40,19,BUY
17152,ORD017152,ORD017006,101.40,17,BUY
17152,ORD017152,ORD017134,101.40,6,BUY
17153,ORD017153,ORD017144,99.18,16,SELL
17154,ORD017154,ORD017134,101.40,29,BUY
17154,ORD017154,ORD016858,101.43,27,BUY
17161,ORD017161,ORD017155,101.01,1,BUY
17162,ORD017162,ORD017159,99.56,27,SELL
17163,ORD017163,ORD017155,101.01,13,BUY
17163,ORD017163,ORD017160,101.36,32,BUY
17164,ORD017164,ORD017160,101.36,42,BUY
17164,ORD017164,ORD016858,101.43,33,BUY
17164,ORD017164,ORD017151,101.47,25,BUY
17166,ORD017166,ORD017165,101.27,18,BUY
17167,ORD017167,ORD017165,101.27,29,BUY
17168,ORD017168,ORD017165,101.27,25,BUY
17168,ORD017168,ORD017151,101.47,34,BUY
17168,ORD017168,ORD017063,101.50,30,BUY
17170,ORD017170,ORD017159,99.56,2,SELL
17171,ORD017171,ORD017159,99.56,22,SELL
17171,ORD017171,ORD017144,99.18,8,SELL
17171,ORD017171,ORD017156,98.88,9,SELL
17179,ORD017179,ORD017169,100.27,9,BUY
17179,ORD017179,ORD017063,101.50,5,BUY
17179,ORD017179,ORD016904,101.55,4,BUY
17184,ORD017184,ORD017181,100.27,12,BUY
17184,ORD017184,ORD017180,101.34,52,BUY
17187,ORD017187,ORD017185,100.82,7,BUY
17192,ORD017192,ORD017191,100.68,29,BUY
17194,ORD017194,ORD017156,98.88,8,SELL
17195,ORD017195,ORD017193,99.96,17,BUY
17195,ORD017195,ORD017191,100.68,17,BUY
17196,ORD017196,ORD017191,100.68,38,BUY
17196,ORD017196,ORD017185,100.82,31,BUY
17197,ORD017197,ORD017185,100.82,24,BUY
17197,ORD017197,ORD017189,100.86,4,BUY
17202,ORD017202,ORD017199,99.74,72,SELL
17204,ORD017204,ORD017200,100.72,6,BUY
17205,ORD017205,ORD017200,100.72,9,BUY
17205,ORD017205,ORD017189,100.86,70,BUY
17206,ORD017206,ORD017199,99.74,15,SELL
17207,ORD017207,ORD017189,100.86,5,BUY
17208,ORD017208,ORD017189,100.86,15,BUY
17208,ORD017208,ORD017180,101.34,38,BUY
17208,ORD017208,ORD017188,101.34,30,BUY
17210,ORD017210,ORD017199,99.74,2,SELL
17210,ORD017210,ORD017198,99.65,31,SELL
17214,ORD017214,ORD017211,99.88,9,SELL
17214,ORD017214,ORD017198,99.65,3,SELL
17215,ORD017215,ORD017212,101.33,10,BUY
17218,ORD017218,ORD017212,101.33,76,BUY
17218,ORD017218,ORD017188,101.34,3,BUY
17219,ORD017219,ORD017188,101.34,25,BUY
17219,ORD017219,ORD016904,101.55,61,BUY
17219,ORD017219,ORD016918,101.55,6,BUY
17221,ORD017221,ORD017216,100.11,34,SELL
17221,ORD017221,ORD017198,99.65,3,SELL
17221,ORD017221,ORD017209,99.44,15,SELL
17221,ORD017221,ORD017217,99.29,20,SELL
17221,ORD017221,ORD017220,99.07,5,SELL
17225,ORD017225,ORD016918,101.55,48,BUY
17225,ORD017225,ORD016770,101.56,41,BUY
17229,ORD017229,ORD017224,100.19,30,SELL
17229,ORD017229,ORD017220,99.07,66,SELL
17232,ORD017232,ORD017220,99.07,23,SELL
17232,ORD017232,ORD017222,99.05,22,SELL
17232,ORD017232,ORD017213,98.92,31,SELL
17233,ORD017233,ORD017230,99.89,15,BUY
17233,ORD017233,ORD017228,100.63,33,BUY
17235,ORD017235,ORD017228,100.63,14,BUY
17235,ORD017235,ORD017226,101.15,2,BUY
17235,ORD017235,ORD017227,101.36,71,BUY
17236,ORD017236,ORD017213,98.92,33,SELL
17236,ORD017236,ORD017156,98.88,2,SELL
17237,ORD017237,ORD017156,98.88,4,SELL
17237,ORD017237,ORD017231,98.81,22,SELL
17239,ORD017239,ORD017227,101.36,10,BUY
17239,ORD017239,ORD016770,101.56,44,BUY
17239,ORD017239,ORD016857,101.57,20,BUY
17242,ORD017242,ORD017231,98.81,21,SELL
17242,ORD017242,ORD017183,98.79,7,SELL
17242,ORD017242,ORD017240,98.72,32,SELL
17245,ORD017245,ORD017243,100.46,2,SELL
17246,ORD017246,ORD017245,100.33,83,BUY
17248,ORD017248,ORD017240,98.72,7,SELL
17250,ORD017250,ORD017240,98.72,40,SELL
17250,ORD017250,ORD017244,98.69,34,SELL
17257,ORD017257,ORD017254,99.08,63,SELL
17257,ORD017257,ORD017244,98.69,23,SELL
17258,ORD017258,ORD017251,100.06,93,BUY
17258,ORD017258,ORD017245,100.33,7,BUY
17259,ORD017259,ORD017244,98.69,28,SELL
17259,ORD017259,ORD017182,98.62,45,SELL
17259,ORD017259,ORD017203,98.62,1,SELL
17259,ORD017259,ORD017178,98.57,15,SELL
17261,ORD017261,ORD017260,100.28,41,BUY
17261,ORD017261,ORD017245,100.33,5,BUY
17261,ORD017261,ORD017255,100.95,38,BUY
17261,ORD017261,ORD017252,101.02,12,BUY
17262,ORD017262,ORD017178,98.57,1,SELL
17262,ORD017262,ORD017177,98.52,8,SELL
17263,ORD017263,ORD017177,98.52,50,SELL
17263,ORD017263,ORD017234,98.46,2,SELL
17263,ORD017263,ORD017143,98.38,10,SELL
17266,ORD017266,ORD017264,99.59,8,BUY
17266,ORD017266,ORD017252,101.02,27,BUY
17266,ORD017266,ORD016857,101.57,32,BUY
17270,ORD017270,ORD017268,99.66,18,SELL
17270,ORD017270,ORD017265,98.56,3,SELL
17271,ORD017271,ORD017267,100.70,90,BUY
17272,ORD017272,ORD017267,100.70,3,BUY
17272,ORD017272,ORD016857,101.57,5,BUY
17272,ORD017272,ORD016896,101.57,38,BUY
17274,ORD017274,ORD017273,101.32,68,BUY
17274,ORD017274,ORD016896,101.57,11,BUY
17275,ORD017275,ORD016896,101.57,8,BUY
17275,ORD017275,ORD016973,101.58,12,BUY
17278,ORD017278,ORD017276,99.62,5,SELL
17278,ORD017278,ORD017277,98.68,43,SELL
17278,ORD017278,ORD017265,98.56,18,SELL
17279,ORD017279,ORD016973,101.58,66,BUY
17279,ORD017279,ORD017076,101.59,25,BUY
17282,ORD017282,ORD017281,99.70,7,BUY
17283,ORD017283,ORD017281,99.70,44,BUY
17283,ORD017283,ORD017076,101.59,13,BUY
17285,ORD017285,ORD017076,101.59,2,BUY
17290,ORD017290,ORD017288,99.88,66,SELL
17292,ORD017292,ORD017288,99.88,11,SELL
17294,ORD017294,ORD017288,99.88,2,SELL
17296,ORD017296,ORD017288,99.88,2,SELL
17296,ORD017296,ORD017280,99.48,38,SELL
17296,ORD017296,ORD017286,99.09,37,SELL
17296,ORD017296,ORD017265,98.56,1,SELL
17304,ORD017304,ORD017299,99.51,21,BUY
17305,ORD017305,ORD017299,99.51,2,BUY
17305,ORD017305,ORD017298,99.54,82,BUY
17305,ORD017305,ORD017287,100.10,7,BUY
17308,ORD017308,ORD017306,99.80,34,SELL
17308,ORD017308,ORD017265,98.56,6,SELL
17309,ORD017309,ORD017287,100.10,4,BUY
17309,ORD017309,ORD017307,100.34,5,BUY
17309,ORD017309,ORD017301,100.61,12,BUY
17309,ORD017309,ORD017291,101.02,18,BUY
17309,ORD017309,ORD017289,101.41,12,BUY
17310,ORD017310,ORD017289,101.41,36,BUY
17310,ORD017310,ORD017300,101.52,39,BUY
17311,ORD017311,ORD017300,101.52,30,BUY
17312,ORD017312,ORD017265,98.56,39,SELL
17312,ORD017312,ORD017295,98.49,46,SELL
17312,ORD017312,ORD017297,98.45,4,SELL
17313,ORD017313,ORD017297,98.45,55,SELL
17318,ORD017318,ORD017315,100.95,11,BUY
17318,ORD017318,ORD017300,101.52,11,BUY
17318,ORD017318,ORD017076,101.59,26,BUY
17321,ORD017321,ORD017319,101.15,47,BUY
17321,ORD017321,ORD017076,101.59,5,BUY
17321,ORD017321,ORD017173,101.60,27,BUY
17323,ORD017323,ORD017320,99.61,11,SELL
17325,ORD017325,ORD017324,99.71,2,SELL
17325,ORD017325,ORD017320,99.61,15,SELL
17325,ORD017325,ORD017314,99.47,51,SELL
17329,ORD017329,ORD017327,99.69,35,SELL
17329,ORD017329,ORD017314,99.47,33,SELL
17333,ORD017333,ORD017314,99.47,6,SELL
17333,ORD017333,ORD017326,98.78,85,SELL
17333,ORD017333,ORD017322,98.59,4,SELL
17334,ORD017334,ORD017330,99.76,20,BUY
17336,ORD017336,ORD017330,99.76,69,BUY
17337,ORD017337,ORD017335,98.94,59,SELL
17338,ORD017338,ORD017330,99.76,2,BUY
17338,ORD017338,ORD017328,101.01,22,BUY
17338,ORD017338,ORD017332,101.48,55,BUY
17339,ORD017339,ORD017335,98.94,22,SELL
17340,ORD017340,ORD017335,98.94,13,SELL
17340,ORD017340,ORD017322,98.59,16,SELL
17340,ORD017340,ORD017297,98.45,24,SELL
17341,ORD017341,ORD017332,101.48,24,BUY
17342,ORD017342,ORD017332,101.48,16,BUY
17342,ORD017342,ORD017173,101.60,27,BUY
17342,ORD017342,ORD017241,101.60,39,BUY
17342,ORD017342,ORD016976,101.61,4,BUY
17345,ORD017345,ORD017344,99.04,64,SELL
17347,ORD017347,ORD016976,101.61,20,BUY
17350,ORD017350,ORD017344,99.04,22,SELL
17350,ORD017350,ORD017346,98.74,34,SELL
17350,ORD017350,ORD017297,98.45,16,SELL
17350,ORD017350,ORD017143,98.38,18,SELL
17351,ORD017351,ORD017143,98.38,61,SELL
17351,ORD017351,ORD017253,98.29,29,SELL
17352,ORD017352,ORD017349,101.30,64,BUY
17352,ORD017352,ORD016976,101.61,14,BUY
17353,ORD017353,ORD017253,98.29,23,SELL
17353,ORD017353,ORD017116,98.28,19,SELL
17354,ORD017354,ORD016976,101.61,19,BUY
17354,ORD017354,ORD016909,101.63,42,BUY
17357,ORD017357,ORD016909,101.63,4,BUY
17357,ORD017357,ORD016735,101.65,48,BUY
17357,ORD017357,ORD016938,101.66,1,BUY
17359,ORD017359,ORD017355,99.62,97,SELL
17359,ORD017359,ORD017116,98.28,3,SELL
17363,ORD017363,ORD017361,98.66,4,SELL
17367,ORD017367,ORD016938,101.66,17,BUY
17367,ORD017367,ORD016957,101.66,11,BUY
17369,ORD017369,ORD017366,100.31,31,SELL
17370,ORD017370,ORD017368,101.35,18,BUY
17370,ORD017370,ORD016957,101.66,14,BUY
17372,ORD017372,ORD017366,100.31,11,SELL
17375,ORD017375,ORD017365,99.47,24,SELL
17375,ORD017375,ORD017374,99.34,7,SELL
17377,ORD017377,ORD017372,100.00,22,BUY
17379,ORD017379,ORD017372,100.00,8,BUY
17379,ORD017379,ORD017376,100.93,41,BUY
17379,ORD017379,ORD016957,101.66,4,BUY
17379,ORD017379,ORD017358,101.67,23,BUY
17379,ORD017379,ORD017190,101.70,13,BUY
17379,ORD017379,ORD017360,101.72,8,BUY
17381,ORD017381,ORD017380,100.11,35,BUY
17386,ORD017386,ORD017380,100.11,59,BUY
17386,ORD017386,ORD017384,100.88,6,BUY
17387,ORD017387,ORD017374,99.34,62,SELL
17389,ORD017389,ORD017384,100.88,29,BUY
17390,ORD017390,ORD017374,99.34,11,SELL
17390,ORD017390,ORD017371,98.98,4,SELL
17390,ORD017390,ORD017361,98.66,7,SELL
17390,ORD017390,ORD017364,98.53,20,SELL
17390,ORD017390,ORD017378,98.49,48,SELL
17391,ORD017391,ORD017378,98.49,45,SELL
17391,ORD017391,ORD017382,98.44,1,SELL
17392,ORD017392,ORD017382,98.44,35,SELL
17393,ORD017393,ORD017382,98.44,29,SELL
17394,ORD017394,ORD017382,98.44,5,SELL
17394,ORD017394,ORD017362,98.36,35,SELL
17395,ORD017395,ORD017362,98.36,48,SELL
17395,ORD017395,ORD017116,98.28,19,SELL
17395,ORD017395,ORD017269,98.26,15,SELL
17396,ORD017396,ORD017384,100.88,46,BUY
17397,ORD017397,ORD017384,100.88,2,BUY
17397,ORD017397,ORD017385,101.22,3,BUY
17402,ORD017402,ORD017400,101.17,14,BUY
17402,ORD017402,ORD017385,101.22,46,BUY
17402,ORD017402,ORD017401,101.30,5,BUY
17402,ORD017402,ORD017360,101.72,29,BUY
17404,ORD017404,ORD017360,101.72,27,BUY
17404,ORD017404,ORD016773,101.74,11,BUY
17405,ORD017405,ORD017398,99.68,48,SELL
17406,ORD017406,ORD016773,101.74,54,BUY
17408,ORD017408,ORD017407,101.64,46,BUY
17408,ORD017408,ORD016773,101.74,2,BUY
17410,ORD017410,ORD016773,101.74,1,BUY
17410,ORD017410,ORD016936,101.74,17,BUY
17413,ORD017413,ORD017398,99.68,26,SELL
17413,ORD017413,ORD017403,98.89,31,SELL
17420,ORD017420,ORD017419,99.59,26,SELL
17420,ORD017420,ORD017418,99.40,22,SELL
17420,ORD017420,ORD017403,98.89,44,SELL
17420,ORD017420,ORD017417,98.51,7,SELL
17425,ORD017425,ORD017415,99.76,34,BUY
17428,ORD017428,ORD017423,99.43,33,SELL
17428,ORD017428,ORD017427,98.75,41,SELL
17430,ORD017430,ORD017427,98.75,12,SELL
17430,ORD017430,ORD017426,98.68,14,SELL
17430,ORD017430,ORD017417,98.51,16,SELL
17430,ORD017430,ORD017269,98.26,33,SELL
17430,ORD017430,ORD017388,98.26,17,SELL
17431,ORD017431,ORD017415,99.76,41,BUY
17433,ORD017433,ORD017388,98.26,75,SELL
17433,ORD017433,ORD017293,98.22,21,SELL
17436,ORD017436,ORD017415,99.76,13,BUY
17437,ORD017437,ORD017436,99.77,20,SELL
17438,ORD017438,ORD017436,99.77,14,SELL
17438,ORD017438,ORD017293,98.22,63,SELL
17438,ORD017438,ORD017186,98.21,3,SELL
17441,ORD017441,ORD017439,98.71,11,SELL
17441,ORD017441,ORD017186,98.21,42,SELL
17441,ORD017441,ORD017303,98.21,30,SELL
17441,ORD017441,ORD017172,98.18,6,SELL
17442,ORD017442,ORD017172,98.18,44,SELL
17443,ORD017443,ORD017172,98.18,25,SELL
17443,ORD017443,ORD017317,98.17,8,SELL
17443,ORD017443,ORD017176,98.09,39,SELL
17446,ORD017446,ORD017445,100.07,44,BUY
17446,ORD017446,ORD017422,100.45,3,BUY
17446,ORD017446,ORD017411,100.59,7,BUY
17447,ORD017447,ORD017176,98.09,6,SELL
17447,ORD017447,ORD017331,98.08,40,SELL
17447,ORD017447,ORD017247,98.05,47,SELL
17448,ORD017448,ORD017247,98.05,45,SELL
17448,ORD017448,ORD017429,98.02,47,SELL
17449,ORD017449,ORD017429,98.02,5,SELL
17452,ORD017452,ORD017451,99.88,8,BUY
17453,ORD017453,ORD017429,98.02,46,SELL
17455,ORD017455,ORD017451,99.88,3,BUY
17455,ORD017455,ORD017450,100.20,36,BUY
17458,ORD017458,ORD017454,99.23,67,SELL
17459,ORD017459,ORD017454,99.23,4,SELL
17463,ORD017463,ORD017450,100.20,11,BUY
17463,ORD017463,ORD017411,100.59,52,BUY
17463,ORD017463,ORD017416,100.61,6,BUY
17464,ORD017464,ORD017416,100.61,6,BUY
17464,ORD017464,ORD017460,100.64,17,BUY
17465,ORD017465,ORD017421,100.70,13,BUY
17465,ORD017465,ORD017424,100.88,39,BUY
17465,ORD017465,ORD017414,101.16,48,BUY
17469,ORD017469,ORD017414,101.16,9,BUY
17469,ORD017469,ORD017457,101.33,17,BUY
17470,ORD017470,ORD017467,99.90,37,SELL
17470,ORD017470,ORD017461,99.88,19,SELL
17473,ORD017473,ORD017471,100.50,69,BUY
17473,ORD017473,ORD017457,101.33,4,BUY
17477,ORD017477,ORD017466,99.79,11,SELL
17478,ORD017478,ORD017476,100.70,16,BUY
17479,ORD017479,ORD017466,99.79,42,SELL
17479,ORD017479,ORD017468,99.72,28,SELL
17481,ORD017481,ORD017468,99.72,29,SELL
17481,ORD017481,ORD017454,99.23,20,SELL
17481,ORD017481,ORD017462,99.07,26,SELL
17484,ORD017484,ORD017476,100.70,18,BUY
17484,ORD017484,ORD017483,100.92,10,BUY
17487,ORD017487,ORD017486,100.34,34,SELL
17491,ORD017491,ORD017486,100.34,20,SELL
17494,ORD017494,ORD017486,100.34,6,SELL
17494,ORD017494,ORD017482,100.15,60,SELL
17495,ORD017495,ORD017485,100.63,12,BUY
17496,ORD017496,ORD017485,100.63,49,BUY
17496,ORD017496,ORD017483,100.92,25,BUY
17496,ORD017496,ORD017492,101.32,2,BUY
17498,ORD017498,ORD017482,100.15,18,SELL
17498,ORD017498,ORD017462,99.07,5,SELL
17499,ORD017499,ORD017462,99.07,10,SELL
17499,ORD017499,ORD017475,98.46,67,SELL
17500,ORD017500,ORD017497,101.09,37,BUY
17501,ORD017501,ORD017475,98.46,24,SELL
17501,ORD017501,ORD017489,98.43,33,SELL
17501,ORD017501,ORD017456,98.04,19,SELL
17502,ORD017502,ORD017497,101.09,44,BUY
17504,ORD017504,ORD017503,100.31,40,SELL
17505,ORD017505,ORD017503,100.31,43,SELL
17506,ORD017506,ORD017456,98.04,2,SELL
17506,ORD017506,ORD017480,98.02,14,SELL
17511,ORD017511,ORD017505,100.25,25,BUY
17511,ORD017511,ORD017509,100.48,23,BUY
17514,ORD017514,ORD017512,100.25,5,BUY
17514,ORD017514,ORD017509,100.48,11,BUY
17514,ORD017514,ORD017507,100.82,14,BUY
17514,ORD017514,ORD017497,101.09,2,BUY
17515,ORD017515,ORD017497,101.09,13,BUY
17518,ORD017518,ORD017497,101.09,4,BUY
17518,ORD017518,ORD017492,101.32,27,BUY
17518,ORD017518,ORD017457,101.33,14,BUY
17518,ORD017518,ORD017472,101.43,25,BUY
17521,ORD017521,ORD017513,100.14,11,SELL
17521,ORD017521,ORD017520,99.69,20,SELL
17521,ORD017521,ORD017517,99.53,8,SELL
17523,ORD017523,ORD017522,98.57,68,SELL
17524,ORD017524,ORD017522,98.57,1,SELL
17525,ORD017525,ORD017472,101.43,69,BUY
17525,ORD017525,ORD017490,101.56,14,BUY
17529,ORD017529,ORD017527,100.19,60,SELL
17530,ORD017530,ORD017528,100.52,13,BUY
17530,ORD017530,ORD017490,101.56,65,BUY
17530,ORD017530,ORD017516,101.58,7,BUY
17533,ORD017533,ORD017527,100.19,37,SELL
17533,ORD017533,ORD017531,98.99,21,SELL
17534,ORD017534,ORD017531,98.99,4,SELL
17538,ORD017538,ORD017536,99.53,42,BUY
17539,ORD017539,ORD017535,99.36,28,SELL
17542,ORD017542,ORD017536,99.53,9,BUY
17542,ORD017542,ORD017537,99.65,7,BUY
17543,ORD017543,ORD017540,98.71,24,SELL
17544,ORD017544,ORD017537,99.65,2,BUY
17546,ORD017546,ORD017541,100.51,26,BUY
17546,ORD017546,ORD017532,101.48,49,BUY
17546,ORD017546,ORD017516,101.58,1,BUY
17547,ORD017547,ORD017544,100.49,8,SELL
17548,ORD017548,ORD017545,99.28,74,SELL
17549,ORD017549,ORD017545,99.28,11,SELL
17549,ORD017549,ORD017540,98.71,6,SELL
17550,ORD017550,ORD017540,98.71,39,SELL
17551,ORD017551,ORD017547,99.64,24,BUY
17551,ORD017551,ORD017516,101.58,71,BUY
17553,ORD017553,ORD017552,98.97,57,SELL
17554,ORD017554,ORD017516,101.58,2,BUY
17554,ORD017554,ORD017488,101.61,29,BUY
17560,ORD017560,ORD017559,99.73,70,BUY
17561,ORD017561,ORD017559,99.73,22,BUY
17562,ORD017562,ORD017552,98.97,30,SELL
17562,ORD017562,ORD017556,98.26,9,SELL
17567,ORD017567,ORD017559,99.73,2,BUY
17567,ORD017567,ORD017555,99.83,58,BUY
17570,ORD017570,ORD017569,99.63,60,BUY
17571,ORD017571,ORD017569,99.63,10,BUY
17571,ORD017571,ORD017555,99.83,9,BUY
17571,ORD017571,ORD017564,100.02,12,BUY
17571,ORD017571,ORD017557,101.53,1,BUY
17572,ORD017572,ORD017557,101.53,41,BUY
17572,ORD017572,ORD017488,101.61,25,BUY
17574,ORD017574,ORD017568,98.83,4,SELL
17577,ORD017577,ORD017573,100.05,48,BUY
17580,ORD017580,ORD017573,100.05,25,BUY
17582,ORD017582,ORD017581,99.74,20,BUY
17584,ORD017584,ORD017578,99.39,5,SELL
17584,ORD017584,ORD017583,98.97,55,SELL
17586,ORD017586,ORD017583,98.97,15,SELL
17588,ORD017588,ORD017581,99.74,63,BUY
17588,ORD017588,ORD017585,100.00,26,BUY
17589,ORD017589,ORD017585,100.00,30,BUY
17594,ORD017594,ORD017585,100.00,1,BUY
17596,ORD017596,ORD017585,100.00,11,BUY
17596,ORD017596,ORD017573,100.05,2,BUY
17597,ORD017597,ORD017573,100.05,6,BUY
17597,ORD017597,ORD017595,100.47,48,BUY
17597,ORD017597,ORD017579,101.30,12,BUY
17597,ORD017597,ORD017488,101.61,27,BUY
17598,ORD017598,ORD017590,99.97,83,SELL
17599,ORD017599,ORD017590,99.97,14,SELL
17599,ORD017599,ORD017593,99.88,48,SELL
17599,ORD017599,ORD017591,99.54,7,SELL
17600,ORD017600,ORD017474,101.69,40,BUY
17602,ORD017602,ORD017474,101.69,23,BUY
17602,ORD017602,ORD017440,101.70,13,BUY
17602,ORD017602,ORD017565,101.72,25,BUY
17602,ORD017602,ORD017119,101.77,13,BUY
17602,ORD017602,ORD017121,101.77,4,BUY
17605,ORD017605,ORD017591,99.54,29,SELL
17605,ORD017605,ORD017604,98.95,7,SELL
17605,ORD017605,ORD017601,98.63,18,SELL
17606,ORD017606,ORD017601,98.63,10,SELL
17607,ORD017607,ORD017601,98.63,54,SELL
17608,ORD017608,ORD017601,98.63,4,SELL
17610,ORD017610,ORD017603,101.12,41,BUY
17614,ORD017614,ORD017613,98.80,15,SELL
17615,ORD017615,ORD017613,98.80,54,SELL
17616,ORD017616,ORD017611,100.78,54,BUY
17619,ORD017619,ORD017611,100.78,34,BUY
17619,ORD017619,ORD017603,101.12,34,BUY
17619,ORD017619,ORD017121,101.77,15,BUY
17621,ORD017621,ORD017620,100.50,51,BUY
17621,ORD017621,ORD017121,101.77,26,BUY
17625,ORD017625,ORD017624,99.73,65,BUY
17625,ORD017625,ORD017121,101.77,15,BUY
17625,ORD017625,ORD017592,101.77,3,BUY
17627,ORD017627,ORD017592,101.77,17,BUY
17627,ORD017627,ORD016929,101.79,10,BUY
17627,ORD017627,ORD017435,101.79,17,BUY
17627,ORD017627,ORD016749,101.80,25,BUY
17630,ORD017630,ORD016749,101.80,3,BUY
17633,ORD017633,ORD017628,98.83,7,SELL
17638,ORD017638,ORD017636,99.65,50,SELL
17638,ORD017638,ORD017637,99.09,50,SELL
17642,ORD017642,ORD017632,99.96,62,BUY
17644,ORD017644,ORD017643,99.55,23,SELL
17645,ORD017645,ORD017643,99.55,54,SELL
17645,ORD017645,ORD017641,99.32,40,SELL
17647,ORD017647,ORD017641,99.32,17,SELL
17647,ORD017647,ORD017637,99.09,7,SELL
17647,ORD017647,ORD017628,98.83,45,SELL
17648,ORD017648,ORD017632,99.96,4,BUY
17648,ORD017648,ORD017635,100.69,66,BUY
17648,ORD017648,ORD017639,100.69,3,BUY
17650,ORD017650,ORD017628,98.83,16,SELL
17651,ORD017651,ORD017628,98.83,25,SELL
17651,ORD017651,ORD017640,98.41,24,SELL
17653,ORD017653,ORD017639,100.69,55,BUY
17656,ORD017656,ORD017639,100.69,14,BUY
17656,ORD017656,ORD017649,101.23,12,BUY
17658,ORD017658,ORD017649,101.23,4,BUY
17658,ORD017658,ORD017646,101.55,65,BUY
17658,ORD017658,ORD017631,101.64,14,BUY
17659,ORD017659,ORD017631,101.64,7,BUY
17659,ORD017659,ORD016749,101.80,21,BUY
17659,ORD017659,ORD017123,101.80,34,BUY
17659,ORD017659,ORD017109,101.81,7,BUY
17659,ORD017659,ORD017025,101.82,11,BUY
17659,ORD017659,ORD017037,101.82,6,BUY
17662,ORD017662,ORD017660,100.42,23,BUY
17668,ORD017668,ORD017667,99.95,73,SELL
17668,ORD017668,ORD017666,99.75,13,SELL
17670,ORD017670,ORD017666,99.75,54,SELL
17670,ORD017670,ORD017663,99.65,43,SELL
17671,ORD017671,ORD017660,100.42,47,BUY
17671,ORD017671,ORD017664,100.45,17,BUY
17672,ORD017672,ORD017663,99.65,37,SELL
17672,ORD017672,ORD017661,99.40,12,SELL
17676,ORD017676,ORD017661,99.40,43,SELL
17676,ORD017676,ORD017669,98.74,9,SELL
17679,ORD017679,ORD017673,99.71,15,BUY
17681,ORD017681,ORD017673,99.71,61,BUY
17682,ORD017682,ORD017678,98.48,7,SELL
17684,ORD017684,ORD017673,99.71,5,BUY
17685,ORD017685,ORD017673,99.71,9,BUY
17686,ORD017686,ORD017673,99.71,1,BUY
17687,ORD017687,ORD017673,99.71,2,BUY
17687,ORD017687,ORD017664,100.45,14,BUY
17690,ORD017690,ORD017688,100.08,20,SELL
17691,ORD017691,ORD017688,100.08,36,SELL
17692,ORD017692,ORD017688,100.08,16,SELL
17692,ORD017692,ORD017689,99.52,66,SELL
17695,ORD017695,ORD017694,99.85,2,BUY
17698,ORD017698,ORD017664,100.45,16,BUY
17703,ORD017703,ORD017695,100.09,11,SELL
17704,ORD017704,ORD017664,100.45,14,BUY
17704,ORD017704,ORD017701,100.56,15,BUY
17704,ORD017704,ORD017680,100.58,6,BUY
17704,ORD017704,ORD017700,100.70,40,BUY
17704,ORD017704,ORD017702,100.79,19,BUY
17705,ORD017705,ORD017695,100.09,4,SELL
17705,ORD017705,ORD017689,99.52,9,SELL
17705,ORD017705,ORD017693,99.48,9,SELL
17708,ORD017708,ORD017693,99.48,29,SELL
17708,ORD017708,ORD017699,99.17,16,SELL
17708,ORD017708,ORD017683,98.86,14,SELL
17710,ORD017710,ORD017702,100.79,25,BUY
17711,ORD017711,ORD017683,98.86,12,SELL
17714,ORD017714,ORD017702,100.79,12,BUY
17716,ORD017716,ORD017715,100.24,18,BUY
17717,ORD017717,ORD017715,100.24,4,BUY
17717,ORD017717,ORD017702,100.79,31,BUY
17717,ORD017717,ORD017675,101.01,44,BUY
17722,ORD017722,ORD017721,99.89,75,BUY
17723,ORD017723,ORD017712,99.05,2,SELL
17725,ORD017725,ORD017724,99.84,44,BUY
17725,ORD017725,ORD017721,99.89,10,BUY
17725,ORD017725,ORD017719,100.20,27,BUY
17726,ORD017726,ORD017719,100.20,9,BUY
17726,ORD017726,ORD017675,101.01,51,BUY
17726,ORD017726,ORD017706,101.42,16,BUY
17727,ORD017727,ORD017706,101.42,50,BUY
17728,ORD017728,ORD017712,99.05,8,SELL
17728,ORD017728,ORD017718,98.97,21,SELL
17730,ORD017730,ORD017718,98.97,25,SELL
17731,ORD017731,ORD017729,101.12,2,BUY
17731,ORD017731,ORD017706,101.42,33,BUY
17731,ORD017731,ORD017674,101.53,38,BUY
17731,ORD017731,ORD017665,101.67,10,BUY
17734,ORD017734,ORD017733,100.71,40,BUY
17734,ORD017734,ORD017665,101.67,7,BUY
17734,ORD017734,ORD017697,101.68,21,BUY
17735,ORD017735,ORD017697,101.68,23,BUY
17735,ORD017735,ORD017037,101.82,15,BUY
17735,ORD017735,ORD017223,101.82,1,BUY
17735,ORD017735,ORD017115,101.85,36,BUY
17736,ORD017736,ORD017732,99.11,6,SELL
17737,ORD017737,ORD017115,101.85,5,BUY
17737,ORD017737,ORD017043,101.89,14,BUY
17737,ORD017737,ORD017519,101.90,27,BUY
17738,ORD017738,ORD017519,101.90,50,BUY
17738,ORD017738,ORD017256,101.92,6,BUY
17741,ORD017741,ORD017740,100.04,32,BUY
17743,ORD017743,ORD017740,100.04,14,BUY
17743,ORD017743,ORD017256,101.92,19,BUY
17743,ORD017743,ORD017634,101.93,7,BUY
17743,ORD017743,ORD016746,101.94,17,BUY
17743,ORD017743,ORD017038,101.94,25,BUY
17744,ORD017744,ORD017742,99.87,65,SELL
17744,ORD017744,ORD017739,99.56,3,SELL
17746,ORD017746,ORD017745,100.21,59,SELL
17747,ORD017747,ORD017038,101.94,23,BUY
17757,ORD017757,ORD017753,101.24,31,BUY
17757,ORD017757,ORD017755,101.25,64,BUY
17758,ORD017758,ORD017745,100.21,11,SELL
17758,ORD017758,ORD017748,99.85,61,SELL
17761,ORD017761,ORD017748,99.85,35,SELL
17761,ORD017761,ORD017739,99.56,24,SELL
17761,ORD017761,ORD017759,99.24,10,SELL
17763,ORD017763,ORD017762,100.86,25,BUY
17764,ORD017764,ORD017762,100.86,50,BUY
17764,ORD017764,ORD017755,101.25,3,BUY
17766,ORD017766,ORD017759,99.24,7,SELL
17766,ORD017766,ORD017751,99.19,13,SELL
17766,ORD017766,ORD017732,99.11,23,SELL
17767,ORD017767,ORD017732,99.11,28,SELL
17771,ORD017771,ORD017765,100.88,60,BUY
17771,ORD017771,ORD017755,101.25,12,BUY
17772,ORD017772,ORD017769,99.91,18,SELL
17772,ORD017772,ORD017768,99.22,8,SELL
17775,ORD017775,ORD017773,100.43,61,BUY
17779,ORD017779,ORD017776,99.72,28,BUY
17781,ORD017781,ORD017777,99.27,5,SELL
17781,ORD017781,ORD017768,99.22,16,SELL
17783,ORD017783,ORD017768,99.22,10,SELL
17783,ORD017783,ORD017732,99.11,43,SELL
17783,ORD017783,ORD017778,99.07,5,SELL
17784,ORD017784,ORD017778,99.07,79,SELL
17784,ORD017784,ORD017718,98.97,5,SELL
17787,ORD017787,ORD017776,99.72,42,BUY
17787,ORD017787,ORD017780,100.20,29,BUY
17788,ORD017788,ORD017718,98.97,29,SELL
17788,ORD017788,ORD017683,98.86,37,SELL
17789,ORD017789,ORD017780,100.20,17,BUY
17792,ORD017792,ORD017790,99.64,49,SELL
17792,ORD017792,ORD017683,98.86,1,SELL
17792,ORD017792,ORD017770,98.83,21,SELL
17792,ORD017792,ORD017707,98.82,4,SELL
17792,ORD017792,ORD017713,98.82,5,SELL
17792,ORD017792,ORD017760,98.61,1,SELL
17792,ORD017792,ORD017752,98.55,10,SELL
17796,ORD017796,ORD017791,100.18,40,BUY
17797,ORD017797,ORD017795,99.66,48,SELL
17799,ORD017799,ORD017791,100.18,26,BUY
17799,ORD017799,ORD017780,100.20,41,BUY
17799,ORD017799,ORD017793,100.36,17,BUY
17801,ORD017801,ORD017793,100.36,22,BUY
17802,ORD017802,ORD017795,99.66,21,SELL
17804,ORD017804,ORD017802,99.56,21,BUY
17806,ORD017806,ORD017800,99.40,12,SELL
17808,ORD017808,ORD017800,99.40,72,SELL
17808,ORD017808,ORD017798,99.06,21,SELL
17809,ORD017809,ORD017798,99.06,27,SELL
17809,ORD017809,ORD017794,98.58,17,SELL
17809,ORD017809,ORD017752,98.55,26,SELL
17809,ORD017809,ORD017756,98.18,20,SELL
17811,ORD017811,ORD017810,100.12,57,SELL
17813,ORD017813,ORD017810,100.12,14,SELL
17813,ORD017813,ORD017756,98.18,72,SELL
17815,ORD017815,ORD017814,100.19,31,SELL
17817,ORD017817,ORD017793,100.36,8,BUY
17817,ORD017817,ORD017773,100.43,17,BUY
17817,ORD017817,ORD017812,100.89,22,BUY
17817,ORD017817,ORD017774,100.92,38,BUY
17819,ORD017819,ORD017814,100.19,1,SELL
17820,ORD017820,ORD017756,98.18,5,SELL
17820,ORD017820,ORD017754,98.10,6,SELL
17821,ORD017821,ORD017819,99.82,54,BUY
17822,ORD017822,ORD017819,99.82,4,BUY
17826,ORD017826,ORD017824,99.71,29,SELL
17826,ORD017826,ORD017825,98.63,14,SELL
17826,ORD017826,ORD017754,98.10,13,SELL
17826,ORD017826,ORD017785,98.09,19,SELL
17828,ORD017828,ORD017819,99.82,5,BUY
17828,ORD017828,ORD017823,100.35,36,BUY
17830,ORD017830,ORD017829,99.76,85,BUY
17830,ORD017830,ORD017823,100.35,2,BUY
17831,ORD017831,ORD017823,100.35,52,BUY
17831,ORD017831,ORD017827,100.58,5,BUY
17835,ORD017835,ORD017834,98.56,62,SELL
17839,ORD017839,ORD017837,100.43,42,SELL
17839,ORD017839,ORD017836,99.07,37,SELL
17839,ORD017839,ORD017838,98.90,17,SELL
17840,ORD017840,ORD017827,100.58,38,BUY
17840,ORD017840,ORD017774,100.92,4,BUY
17841,ORD017841,ORD017838,98.90,42,SELL
17841,ORD017841,ORD017834,98.56,28,SELL
17841,ORD017841,ORD017832,98.48,23,SELL
17844,ORD017844,ORD017774,100.92,2,BUY
17844,ORD017844,ORD017786,101.03,34,BUY
17846,ORD017846,ORD017845,100.69,9,BUY
17846,ORD017846,ORD017786,101.03,9,BUY
17847,ORD017847,ORD017786,101.03,50,BUY
17847,ORD017847,ORD017782,101.15,14,BUY
17849,ORD017849,ORD017782,101.15,23,BUY
17850,ORD017850,ORD017782,101.15,21,BUY
17850,ORD017850,ORD017755,101.25,4,BUY
17850,ORD017850,ORD017803,101.68,44,BUY
17851,ORD017851,ORD017803,101.68,27,BUY
17851,ORD017851,ORD017848,101.76,40,BUY
17854,ORD017854,ORD017842,99.67,3,SELL
17854,ORD017854,ORD017832,98.48,43,SELL
17856,ORD017856,ORD017852,101.39,34,BUY
17858,ORD017858,ORD017857,100.06,63,SELL
17859,ORD017859,ORD017832,98.48,16,SELL
17859,ORD017859,ORD017843,98.12,22,SELL
17859,ORD017859,ORD017785,98.09,44,SELL
17859,ORD017859,ORD017749,98.06,5,SELL
17864,ORD017864,ORD017858,99.76,14,BUY
17864,ORD017864,ORD017863,100.22,37,BUY
17868,ORD017868,ORD017862,98.67,35,SELL
17868,ORD017868,ORD017867,98.13,32,SELL
17872,ORD017872,ORD017871,99.69,43,BUY
17873,ORD017873,ORD017869,99.23,19,SELL
17873,ORD017873,ORD017867,98.13,38,SELL
17875,ORD017875,ORD017867,98.13,17,SELL
17875,ORD017875,ORD017749,98.06,21,SELL
17876,ORD017876,ORD017874,99.61,51,BUY
17876,ORD017876,ORD017871,99.69,4,BUY
17876,ORD017876,ORD017870,99.89,20,BUY
17878,ORD017878,ORD017877,99.03,10,SELL
17879,ORD017879,ORD017870,99.89,50,BUY
17879,ORD017879,ORD017863,100.22,39,BUY
17885,ORD017885,ORD017860,100.65,24,BUY
17885,ORD017885,ORD017852,101.39,24,BUY
17885,ORD017885,ORD017881,101.85,15,BUY
17890,ORD017890,ORD017888,100.68,9,BUY
17892,ORD017892,ORD017889,100.06,8,SELL
17892,ORD017892,ORD017883,99.71,75,SELL
17896,ORD017896,ORD017883,99.71,22,SELL
17898,ORD017898,ORD017882,99.37,23,SELL
17899,ORD017899,ORD017896,99.62,5,BUY
17899,ORD017899,ORD017888,100.68,3,BUY
17899,ORD017899,ORD017891,100.89,29,BUY
17902,ORD017902,ORD017882,99.37,18,SELL
17902,ORD017902,ORD017887,98.94,24,SELL
17902,ORD017902,ORD017894,98.87,27,SELL
17904,ORD017904,ORD017891,100.89,59,BUY
17904,ORD017904,ORD017893,101.70,17,BUY
17906,ORD017906,ORD017893,101.70,71,BUY
17907,ORD017907,ORD017893,101.70,10,BUY
17907,ORD017907,ORD017897,101.74,50,BUY
17909,ORD017909,ORD017908,101.21,62,BUY
17911,ORD017911,ORD017910,99.85,23,BUY
17911,ORD017911,ORD017908,101.21,21,BUY
17911,ORD017911,ORD017897,101.74,23,BUY
17911,ORD017911,ORD017881,101.85,7,BUY
17913,ORD017913,ORD017881,101.85,37,BUY
17914,ORD017914,ORD017912,99.64,3,SELL
17915,ORD017915,ORD017912,99.64,44,SELL
17915,ORD017915,ORD017894,98.87,9,SELL
17917,ORD017917,ORD017881,101.85,4,BUY
17917,ORD017917,ORD017853,101.89,72,BUY
17919,ORD017919,ORD017853,101.89,2,BUY
17919,ORD017919,ORD017807,101.93,5,BUY
17919,ORD017919,ORD017038,101.94,42,BUY
17919,ORD017919,ORD017174,101.95,2,BUY
17920,ORD017920,ORD017918,100.43,8,SELL
17920,ORD017920,ORD017916,99.49,6,SELL
17921,ORD017921,ORD017916,99.49,3,SELL
17921,ORD017921,ORD017894,98.87,47,SELL
17921,ORD017921,ORD017901,98.86,7,SELL
17922,ORD017922,ORD017174,101.95,32,BUY
17922,ORD017922,ORD017865,101.95,5,BUY
17923,ORD017923,ORD017901,98.86,42,SELL
17923,ORD017923,ORD017905,98.70,12,SELL
17926,ORD017926,ORD017905,98.70,54,SELL
17926,ORD017926,ORD017903,98.69,46,SELL
17927,ORD017927,ORD017924,101.77,18,BUY
17928,ORD017928,ORD017903,98.69,39,SELL
17928,ORD017928,ORD017900,98.52,41,SELL
17929,ORD017929,ORD017924,101.77,59,BUY
17934,ORD017934,ORD017933,100.47,33,SELL
17936,ORD017936,ORD017933,100.47,5,SELL
17938,ORD017938,ORD017930,100.75,53,BUY
17938,ORD017938,ORD017924,101.77,7,BUY
17938,ORD017938,ORD017865,101.95,19,BUY
17940,ORD017940,ORD017933,100.47,44,SELL
17940,ORD017940,ORD017935,99.93,6,SELL
17941,ORD017941,ORD017939,101.32,12,BUY
17942,ORD017942,ORD017935,99.93,3,SELL
17942,ORD017942,ORD017931,99.88,80,SELL
17942,ORD017942,ORD017937,99.11,15,SELL
17943,ORD017943,ORD017937,99.11,58,SELL
17944,ORD017944,ORD017939,101.32,71,BUY
17944,ORD017944,ORD017865,101.95,11,BUY
17945,ORD017945,ORD017937,99.11,13,SELL
17945,ORD017945,ORD017900,98.52,35,SELL
17945,ORD017945,ORD017932,98.33,12,SELL
17948,ORD017948,ORD017946,99.66,29,BUY
17951,ORD017951,ORD017946,99.66,20,BUY
17952,ORD017952,ORD017946,99.66,8,BUY
17954,ORD017954,ORD017947,100.89,38,BUY
17956,ORD017956,ORD017947,100.89,4,BUY
17957,ORD017957,ORD017947,100.89,12,BUY
17957,ORD017957,ORD017066,101.97,38,BUY
17961,ORD017961,ORD017959,101.83,27,BUY
17962,ORD017962,ORD017952,100.16,19,SELL
17963,ORD017963,ORD017959,101.83,5,BUY
17965,ORD017965,ORD017952,100.16,24,SELL
17965,ORD017965,ORD017950,99.28,28,SELL
17970,ORD017970,ORD017967,100.41,72,SELL
17972,ORD017972,ORD017969,101.02,3,BUY
17973,ORD017973,ORD017967,100.41,4,SELL
17973,ORD017973,ORD017971,99.92,91,SELL
17978,ORD017978,ORD017977,100.14,69,SELL
17978,ORD017978,ORD017971,99.92,2,SELL
17978,ORD017978,ORD017950,99.28,12,SELL
17983,ORD017983,ORD017982,101.60,39,BUY
17984,ORD017984,ORD017981,99.52,18,SELL
17986,ORD017986,ORD017985,99.68,24,BUY
17990,ORD017990,ORD017981,99.52,8,SELL
17995,ORD017995,ORD017991,100.00,22,BUY
17996,ORD017996,ORD017991,100.00,56,BUY
17997,ORD017997,ORD017992,99.92,62,SELL
18001,ORD018001,ORD017991,100.00,5,BUY
18002,ORD018002,ORD017988,100.33,23,BUY
18003,ORD018003,ORD017988,100.33,1,BUY
18005,ORD018005,ORD017988,100.33,37,BUY
18009,ORD018009,ORD017988,100.33,38,BUY
18009,ORD018009,ORD018004,100.34,1,BUY
18013,ORD018013,ORD018007,100.31,34,SELL
18020,ORD018020,ORD018004,100.34,32,BUY
18023,ORD018023,ORD018007,100.31,13,SELL
18023,ORD018023,ORD018006,100.26,10,SELL
18024,ORD018024,ORD018006,100.26,10,SELL
18025,ORD018025,ORD018004,100.34,5,BUY
18026,ORD018026,ORD018014,100.48,8,BUY
18026,ORD018026,ORD018018,101.01,77,BUY
18032,ORD018032,ORD018018,101.01,17,BUY
18032,ORD018032,ORD018028,101.13,74,BUY
18033,ORD018033,ORD018025,100.34,28,SELL
18033,ORD018033,ORD018006,100.26,2,SELL
18035,ORD018035,ORD018006,100.26,1,SELL
18035,ORD018035,ORD018027,100.20,2,SELL
18035,ORD018035,ORD018001,100.10,10,SELL
18035,ORD018035,ORD017999,99.93,30,SELL
18035,ORD018035,ORD017992,99.92,4,SELL
18038,ORD018038,ORD018037,100.46,2,BUY
18040,ORD018040,ORD018037,100.46,54,BUY
18042,ORD018042,ORD018041,99.95,5,SELL
18047,ORD018047,ORD018037,100.46,32,BUY
18047,ORD018047,ORD018028,101.13,8,BUY
18047,ORD018047,ORD018036,101.34,43,BUY
18047,ORD018047,ORD018046,101.43,1,BUY
18048,ORD018048,ORD018046,101.43,40,BUY
18048,ORD018048,ORD018043,101.60,6,BUY
18049,ORD018049,ORD018041,99.95,32,SELL
18050,ORD018050,ORD018041,99.95,2,SELL
18050,ORD018050,ORD017992,99.92,27,SELL
18050,ORD018050,ORD018010,99.86,7,SELL
18050,ORD018050,ORD018011,99.77,30,SELL
18050,ORD018050,ORD017994,99.66,30,SELL
18051,ORD018051,ORD018043,101.60,62,BUY
18051,ORD018051,ORD018012,101.79,32,BUY
18052,ORD018052,ORD018012,101.79,11,BUY
18052,ORD018052,ORD018039,101.94,6,BUY
18055,ORD018055,ORD018054,100.37,76,SELL
18056,ORD018056,ORD018039,101.94,47,BUY
18057,ORD018057,ORD018054,100.37,2,SELL
18058,ORD018058,ORD017994,99.66,16,SELL
18062,ORD018062,ORD018060,100.04,63,SELL
18062,ORD018062,ORD017994,99.66,33,SELL
18062,ORD018062,ORD018029,99.65,2,SELL
18063,ORD018063,ORD018029,99.65,41,SELL
18063,ORD018063,ORD018045,99.55,27,SELL
18064,ORD018064,ORD018057,100.25,40,BUY
18064,ORD018064,ORD018061,100.39,42,BUY
18066,ORD018066,ORD018045,99.55,12,SELL
18067,ORD018067,ORD018045,99.55,32,SELL
18067,ORD018067,ORD017981,99.52,24,SELL
18067,ORD018067,ORD017993,99.37,4,SELL
18068,ORD018068,ORD018061,100.39,40,BUY
18068,ORD018068,ORD018059,101.74,14,BUY
18068,ORD018068,ORD018039,101.94,6,BUY
18069,ORD018069,ORD018039,101.94,37,BUY
18069,ORD018069,ORD018053,101.94,10,BUY
18075,ORD018075,ORD018073,100.89,82,BUY
18077,ORD018077,ORD018070,100.36,35,SELL
18079,ORD018079,ORD018073,100.89,16,BUY
18079,ORD018079,ORD018078,101.02,14,BUY
18079,ORD018079,ORD018074,101.18,51,BUY
18080,ORD018080,ORD018070,100.36,24,SELL
18080,ORD018080,ORD017993,99.37,57,SELL
18080,ORD018080,ORD017950,99.28,19,SELL
18081,ORD018081,ORD018074,101.18,4,BUY
18081,ORD018081,ORD018076,101.29,25,BUY
18083,ORD018083,ORD018076,101.29,48,BUY
18085,ORD018085,ORD017950,99.28,3,SELL
18085,ORD018085,ORD018015,99.28,20,SELL
18085,ORD018085,ORD018044,99.25,38,SELL
18085,ORD018085,ORD017998,99.22,19,SELL
18088,ORD018088,ORD017998,99.22,73,SELL
18088,ORD018088,ORD018030,99.21,12,SELL
18094,ORD018094,ORD018092,99.99,2,BUY
18094,ORD018094,ORD018090,100.46,13,BUY
18095,ORD018095,ORD018090,100.46,6,BUY
18095,ORD018095,ORD018091,100.96,17,BUY
18100,ORD018100,ORD018099,101.26,26,BUY
18104,ORD018104,ORD018096,99.75,14,SELL
18104,ORD018104,ORD018101,99.49,35,SELL
18107,ORD018107,ORD018105,100.20,4,BUY
18108,ORD018108,ORD018105,100.20,4,BUY
18108,ORD018108,ORD018106,100.43,51,BUY
18108,ORD018108,ORD018103,101.71,1,BUY
18109,ORD018109,ORD018101,99.49,23,SELL
18109,ORD018109,ORD018030,99.21,35,SELL
18112,ORD018112,ORD018030,99.21,3,SELL
18113,ORD018113,ORD018030,99.21,21,SELL
18113,ORD018113,ORD018034,99.16,2,SELL
18115,ORD018115,ORD018034,99.16,13,SELL
18120,ORD018120,ORD018118,101.91,25,BUY
18121,ORD018121,ORD018118,101.91,26,BUY
18122,ORD018122,ORD018116,100.49,77,SELL
18125,ORD018125,ORD018116,100.49,6,SELL
18125,ORD018125,ORD018119,99.59,29,SELL
18126,ORD018126,ORD018119,99.59,67,SELL
18126,ORD018126,ORD018034,99.16,10,SELL
18130,ORD018130,ORD018034,99.16,61,SELL
18130,ORD018130,ORD017987,99.15,17,SELL
18131,ORD018131,ORD017987,99.15,71,SELL
18131,ORD018131,ORD018087,99.03,26,SELL
18132,ORD018132,ORD018128,101.98,23,BUY
18133,ORD018133,ORD018128,101.98,37,BUY
18136,ORD018136,ORD018134,99.76,19,BUY
18140,ORD018140,ORD018136,99.93,34,SELL
18141,ORD018141,ORD018135,100.05,72,BUY
18142,ORD018142,ORD018135,100.05,14,BUY
18142,ORD018142,ORD018139,101.65,45,BUY
18143,ORD018143,ORD018139,101.65,54,BUY
18145,ORD018145,ORD018144,101.84,3,BUY
18148,ORD018148,ORD018146,100.38,6,BUY
18149,ORD018149,ORD018136,99.93,1,SELL
18150,ORD018150,ORD018136,99.93,32,SELL
18151,ORD018151,ORD018136,99.93,13,SELL
18151,ORD018151,ORD018087,99.03,2,SELL
18159,ORD018159,ORD018153,99.73,31,SELL
18159,ORD018159,ORD018156,99.69,52,SELL
18162,ORD018162,ORD018156,99.69,22,SELL
18162,ORD018162,ORD018152,99.45,78,SELL
18167,ORD018167,ORD018161,99.72,24,BUY
18168,ORD018168,ORD018152,99.45,8,SELL
18168,ORD018168,ORD018087,99.03,25,SELL
18168,ORD018168,ORD018155,98.94,9,SELL
18169,ORD018169,ORD018155,98.94,76,SELL
18172,ORD018172,ORD018161,99.72,32,BUY
18174,ORD018174,ORD018161,99.72,38,BUY
18175,ORD018175,ORD018161,99.72,3,BUY
18175,ORD018175,ORD018160,100.19,11,BUY
18177,ORD018177,ORD018176,99.72,54,SELL
18177,ORD018177,ORD018171,99.45,22,SELL
18178,ORD018178,ORD018171,99.45,29,SELL
18178,ORD018178,ORD018155,98.94,8,SELL
18178,ORD018178,ORD018173,98.89,14,SELL
18179,ORD018179,ORD018173,98.89,22,SELL
18179,ORD018179,ORD018138,98.77,53,SELL
18180,ORD018180,ORD018160,100.19,57,BUY
18180,ORD018180,ORD018164,100.24,6,BUY
18181,ORD018181,ORD018164,100.24,49,BUY
18182,ORD018182,ORD018164,100.24,8,BUY
18182,ORD018182,ORD018170,100.69,59,BUY
18182,ORD018182,ORD018166,101.18,19,BUY
18184,ORD018184,ORD018138,98.77,20,SELL
18184,ORD018184,ORD018158,98.59,21,SELL
18184,ORD018184,ORD017960,98.55,1,SELL
18187,ORD018187,ORD018185,99.90,51,SELL
18189,ORD018189,ORD018183,100.17,7,BUY
18190,ORD018190,ORD018183,100.17,10,BUY
18190,ORD018190,ORD018166,101.18,40,BUY
18190,ORD018190,ORD018154,101.67,20,BUY
18194,ORD018194,ORD018192,101.03,24,BUY
18196,ORD018196,ORD018185,99.90,2,SELL
18196,ORD018196,ORD018195,99.76,82,SELL
18197,ORD018197,ORD018195,99.76,1,SELL
18198,ORD018198,ORD018197,99.60,21,BUY
18200,ORD018200,ORD018192,101.03,48,BUY
18201,ORD018201,ORD018192,101.03,8,BUY
18202,ORD018202,ORD018198,99.89,42,SELL
18202,ORD018202,ORD018193,99.55,35,SELL
18204,ORD018204,ORD018193,99.55,32,SELL
18204,ORD018204,ORD017960,98.55,6,SELL
18204,ORD018204,ORD018065,98.49,38,SELL
18205,ORD018205,ORD018065,98.49,14,SELL
18205,ORD018205,ORD017974,98.47,18,SELL
18206,ORD018206,ORD017974,98.47,33,SELL
18208,ORD018208,ORD018207,100.57,26,BUY
18208,ORD018208,ORD018192,101.03,1,BUY
18208,ORD018208,ORD018203,101.42,12,BUY
18211,ORD018211,ORD017974,98.47,12,SELL
18211,ORD018211,ORD017955,98.43,5,SELL
18211,ORD018211,ORD018191,98.39,57,SELL
18213,ORD018213,ORD018203,101.42,4,BUY
18213,ORD018213,ORD018154,101.67,69,BUY
18213,ORD018213,ORD018163,101.84,5,BUY
18214,ORD018214,ORD018163,101.84,41,BUY
18216,ORD018216,ORD018215,101.01,5,BUY
18217,ORD018217,ORD018212,100.24,34,SELL
18217,ORD018217,ORD018191,98.39,30,SELL
18217,ORD018217,ORD017932,98.33,2,SELL
18219,ORD018219,ORD018215,101.01,59,BUY
18223,ORD018223,ORD018222,100.90,69,BUY
18223,ORD018223,ORD018215,101.01,8,BUY
18227,ORD018227,ORD018215,101.01,24,BUY
18227,ORD018227,ORD018226,101.59,35,BUY
18227,ORD018227,ORD018163,101.84,41,BUY
18228,ORD018228,ORD018163,101.84,4,BUY
18231,ORD018231,ORD018221,100.49,20,SELL
18231,ORD018231,ORD018220,100.48,59,SELL
18232,ORD018232,ORD018230,101.31,6,BUY
18235,ORD018235,ORD018220,100.48,3,SELL
18235,ORD018235,ORD018218,99.32,28,SELL
18237,ORD018237,ORD018218,99.32,63,SELL
18237,ORD018237,ORD018234,98.39,15,SELL
18237,ORD018237,ORD017932,98.33,9,SELL
18237,ORD018237,ORD018031,98.26,1,SELL
18238,ORD018238,ORD018236,99.77,12,BUY
18243,ORD018243,ORD018031,98.26,16,SELL
18243,ORD018243,ORD018224,98.25,7,SELL
18245,ORD018245,ORD018224,98.25,61,SELL
18248,ORD018248,ORD018239,99.64,58,BUY
18253,ORD018253,ORD018247,99.51,27,SELL
18256,ORD018256,ORD018247,99.51,10,SELL
18257,ORD018257,ORD018239,99.64,1,BUY
18257,ORD018257,ORD018244,99.86,19,BUY
18258,ORD018258,ORD018244,99.86,73,BUY
18258,ORD018258,ORD018242,100.53,14,BUY
18260,ORD018260,ORD018242,100.53,12,BUY
18260,ORD018260,ORD018246,100.54,2,BUY
18261,ORD018261,ORD018259,100.31,70,SELL
18266,ORD018266,ORD018259,100.31,4,SELL
18266,ORD018266,ORD018265,100.01,7,SELL
18268,ORD018268,ORD018267,100.27,25,BUY
18270,ORD018270,ORD018267,100.27,1,BUY
18271,ORD018271,ORD018265,100.01,22,SELL
18272,ORD018272,ORD018267,100.27,6,BUY
18272,ORD018272,ORD018246,100.54,20,BUY
18272,ORD018272,ORD018269,101.14,5,BUY
18274,ORD018274,ORD018269,101.14,33,BUY
18274,ORD018274,ORD018249,101.18,28,BUY
18274,ORD018274,ORD018241,101.33,8,BUY
18279,ORD018279,ORD018276,100.62,45,BUY
18280,ORD018280,ORD018276,100.62,44,BUY
18280,ORD018280,ORD018241,101.33,50,BUY
18280,ORD018280,ORD018254,101.44,1,BUY
18282,ORD018282,ORD018265,100.01,14,SELL
18282,ORD018282,ORD018247,99.51,35,SELL
18282,ORD018282,ORD018262,99.25,11,SELL
18282,ORD018282,ORD018251,99.11,21,SELL
18285,ORD018285,ORD018251,99.11,22,SELL
18286,ORD018286,ORD018284,99.69,14,BUY
18293,ORD018293,ORD018251,99.11,8,SELL
18293,ORD018293,ORD018281,98.44,6,SELL
18294,ORD018294,ORD018284,99.69,61,BUY
18296,ORD018296,ORD018284,99.69,13,BUY
18296,ORD018296,ORD018288,100.09,22,BUY
18297,ORD018297,ORD018288,100.09,37,BUY
18297,ORD018297,ORD018290,100.76,32,BUY
18298,ORD018298,ORD018290,100.76,15,BUY
18302,ORD018302,ORD018301,98.72,8,SELL
18304,ORD018304,ORD018301,98.72,41,SELL
18305,ORD018305,ORD018301,98.72,41,SELL
18306,ORD018306,ORD018301,98.72,10,SELL
18306,ORD018306,ORD018281,98.44,5,SELL
18306,ORD018306,ORD018224,98.25,23,SELL
18306,ORD018306,ORD018017,98.24,3,SELL
18310,ORD018310,ORD018303,99.75,52,BUY
18311,ORD018311,ORD018308,99.61,12,SELL
18311,ORD018311,ORD018309,99.53,22,SELL
18311,ORD018311,ORD018017,98.24,3,SELL
18311,ORD018311,ORD018147,98.22,56,SELL
18312,ORD018312,ORD018303,99.75,26,BUY
18312,ORD018312,ORD018300,100.53,22,BUY
18313,ORD018313,ORD018147,98.22,23,SELL
18313,ORD018313,ORD018209,98.22,33,SELL
18318,ORD018318,ORD018316,99.63,21,SELL
18318,ORD018318,ORD018209,98.22,38,SELL
18318,ORD018318,ORD017949,98.21,6,SELL
18323,ORD018323,ORD018320,100.05,37,BUY
18323,ORD018323,ORD018319,100.17,13,BUY
18325,ORD018325,ORD018321,99.80,68,SELL
18329,ORD018329,ORD018321,99.80,30,SELL
18329,ORD018329,ORD018324,99.38,11,SELL
18330,ORD018330,ORD018319,100.17,31,BUY
18333,ORD018333,ORD018331,100.14,57,BUY
18335,ORD018335,ORD018324,99.38,5,SELL
18339,ORD018339,ORD018337,99.39,14,SELL
18339,ORD018339,ORD018324,99.38,41,SELL
18340,ORD018340,ORD018324,99.38,9,SELL
18340,ORD018340,ORD018326,98.69,65,SELL
18341,ORD018341,ORD018331,100.14,36,BUY
18341,ORD018341,ORD018332,100.15,4,BUY
18345,ORD018345,ORD018332,100.15,14,BUY
18345,ORD018345,ORD018319,100.17,10,BUY
18345,ORD018345,ORD018300,100.53,11,BUY
18346,ORD018346,ORD018300,100.53,57,BUY
18346,ORD018346,ORD018290,100.76,21,BUY
18348,ORD018348,ORD018347,99.60,1,BUY
18348,ORD018348,ORD018290,100.76,22,BUY
18348,ORD018348,ORD018292,100.90,2,BUY
18352,ORD018352,ORD018350,100.71,81,BUY
18355,ORD018355,ORD018350,100.71,3,BUY
18356,ORD018356,ORD018353,100.20,31,SELL
18356,ORD018356,ORD018351,100.03,11,SELL
18358,ORD018358,ORD018350,100.71,7,BUY
18358,ORD018358,ORD018292,100.90,10,BUY
18358,ORD018358,ORD018291,100.91,28,BUY
18358,ORD018358,ORD018343,101.04,5,BUY
18359,ORD018359,ORD018351,100.03,10,SELL
18360,ORD018360,ORD018351,100.03,51,SELL
18361,ORD018361,ORD018351,100.03,1,SELL
18366,ORD018366,ORD018351,100.03,6,SELL
18366,ORD018366,ORD018354,99.76,59,SELL
18367,ORD018367,ORD018354,99.76,30,SELL
18367,ORD018367,ORD018362,99.19,14,SELL
18367,ORD018367,ORD018365,98.73,41,SELL
18368,ORD018368,ORD018365,98.73,12,SELL
18368,ORD018368,ORD018326,98.69,1,SELL
18368,ORD018368,ORD018328,98.64,50,SELL
18369,ORD018369,ORD018343,101.04,58,BUY
18369,ORD018369,ORD018283,101.11,8,BUY
18369,ORD018369,ORD018254,101.44,10,BUY
18369,ORD018369,ORD018317,101.44,19,BUY
18371,ORD018371,ORD018317,101.44,2,BUY
18371,ORD018371,ORD018273,101.45,44,BUY
18373,ORD018373,ORD018372,100.45,41,SELL
18373,ORD018373,ORD018370,99.06,37,SELL
18375,ORD018375,ORD018370,99.06,55,SELL
18376,ORD018376,ORD018374,100.96,56,BUY
18376,ORD018376,ORD018273,101.45,4,BUY
18377,ORD018377,ORD018273,101.45,2,BUY
18378,ORD018378,ORD018273,101.45,46,BUY
18378,ORD018378,ORD018336,101.48,12,BUY
18378,ORD018378,ORD018314,101.57,33,BUY
18380,ORD018380,ORD018370,99.06,4,SELL
18380,ORD018380,ORD018328,98.64,40,SELL
18380,ORD018380,ORD018357,98.52,15,SELL
18380,ORD018380,ORD018322,98.49,12,SELL
18381,ORD018381,ORD018379,100.23,9,BUY
18382,ORD018382,ORD018379,100.23,63,BUY
18383,ORD018383,ORD018322,98.49,69,SELL
18389,ORD018389,ORD018379,100.23,1,BUY
18389,ORD018389,ORD018385,100.44,25,BUY
18391,ORD018391,ORD018390,100.13,15,BUY
18394,ORD018394,ORD018388,98.68,32,SELL
18394,ORD018394,ORD018322,98.49,14,SELL
18394,ORD018394,ORD018363,98.40,4,SELL
18396,ORD018396,ORD018390,100.13,6,BUY
18396,ORD018396,ORD018393,100.31,32,BUY
18398,ORD018398,ORD018363,98.40,59,SELL
18401,ORD018401,ORD018393,100.31,5,BUY
18401,ORD018401,ORD018385,100.44,63,BUY
18401,ORD018401,ORD018395,100.59,7,BUY
18402,ORD018402,ORD018395,100.59,28,BUY
18402,ORD018402,ORD018399,100.99,6,BUY
18402,ORD018402,ORD018384,101.03,3,BUY
18402,ORD018402,ORD018397,101.54,19,BUY
18405,ORD018405,ORD018397,101.54,10,BUY
18405,ORD018405,ORD018314,101.57,22,BUY
18406,ORD018406,ORD018314,101.57,30,BUY
18406,ORD018406,ORD018392,101.58,13,BUY
18407,ORD018407,ORD018403,100.25,10,SELL
18408,ORD018408,ORD018407,100.07,24,BUY
18408,ORD018408,ORD018392,101.58,66,BUY
18410,ORD018410,ORD018392,101.58,11,BUY
18410,ORD018410,ORD018364,101.67,8,BUY
18410,ORD018410,ORD018287,101.72,1,BUY
18411,ORD018411,ORD018287,101.72,20,BUY
18412,ORD018412,ORD018287,101.72,19,BUY
18412,ORD018412,ORD018275,101.73,25,BUY
18416,ORD018416,ORD018413,99.80,25,SELL
18417,ORD018417,ORD018413,99.80,54,SELL
18417,ORD018417,ORD018409,98.96,11,SELL
18421,ORD018421,ORD018420,99.33,47,SELL
18422,ORD018422,ORD018415,99.85,41,BUY
18422,ORD018422,ORD018414,100.33,5,BUY
18423,ORD018423,ORD018422,100.38,9,SELL
18423,ORD018423,ORD018420,99.33,2,SELL
18424,ORD018424,ORD018420,99.33,19,SELL
18425,ORD018425,ORD018419,100.82,18,BUY
18425,ORD018425,ORD018418,101.03,29,BUY
18426,ORD018426,ORD018418,101.03,37,BUY
18426,ORD018426,ORD018275,101.73,3,BUY
18428,ORD018428,ORD018427,100.02,35,SELL
18431,ORD018431,ORD018275,101.73,69,BUY
18431,ORD018431,ORD018289,101.75,5,BUY
18433,ORD018433,ORD018432,100.65,14,BUY
18434,ORD018434,ORD018432,100.65,16,BUY
18434,ORD018434,ORD018289,101.75,25,BUY
18434,ORD018434,ORD018327,101.76,12,BUY
18434,ORD018434,ORD018386,101.80,4,BUY
18434,ORD018434,ORD018278,101.87,19,BUY
18434,ORD018434,ORD018344,101.89,15,BUY
18435,ORD018435,ORD018344,101.89,4,BUY
18436,ORD018436,ORD018344,101.89,10,BUY
18436,ORD018436,ORD018307,101.97,36,BUY
18438,ORD018438,ORD018430,100.04,14,SELL
18438,ORD018438,ORD018427,100.02,24,SELL
18439,ORD018439,ORD018427,100.02,12,SELL
18444,ORD018444,ORD018427,100.02,5,SELL
18444,ORD018444,ORD018443,99.50,63,SELL
18444,ORD018444,ORD018420,99.33,2,SELL
18447,ORD018447,ORD018446,101.05,44,BUY
18448,ORD018448,ORD018446,101.05,14,BUY
18448,ORD018448,ORD018441,101.56,6,BUY
18450,ORD018450,ORD018449,99.75,23,BUY
18452,ORD018452,ORD018420,99.33,29,SELL
18452,ORD018452,ORD018442,99.18,11,SELL
18452,ORD018452,ORD018409,98.96,1,SELL
18452,ORD018452,ORD018445,98.58,8,SELL
18452,ORD018452,ORD018363,98.40,6,SELL
18452,ORD018452,ORD018387,98.38,17,SELL
18452,ORD018452,ORD018429,98.32,4,SELL
18453,ORD018453,ORD018449,99.75,40,BUY
18453,ORD018453,ORD018451,101.55,44,BUY
18453,ORD018453,ORD018441,101.56,6,BUY
18456,ORD018456,ORD018429,98.32,44,SELL
18460,ORD018460,ORD018457,100.19,2,SELL
18463,ORD018463,ORD018461,99.03,20,SELL
18463,ORD018463,ORD018462,98.40,2,SELL
18463,ORD018463,ORD018429,98.32,3,SELL
18464,ORD018464,ORD018460,99.51,35,BUY
18465,ORD018465,ORD018429,98.32,8,SELL
18469,ORD018469,ORD018460,99.51,62,BUY
18470,ORD018470,ORD018454,100.41,5,BUY
18470,ORD018470,ORD018468,100.96,24,BUY
18470,ORD018470,ORD018455,101.47,3,BUY
18470,ORD018470,ORD018441,101.56,34,BUY
18477,ORD018477,ORD018475,100.49,25,SELL
18478,ORD018478,ORD018474,101.11,18,BUY
18481,ORD018481,ORD018475,100.49,38,SELL
18484,ORD018484,ORD018479,100.89,18,BUY
18486,ORD018486,ORD018479,100.89,9,BUY
18489,ORD018489,ORD018479,100.89,59,BUY
18491,ORD018491,ORD018475,100.49,22,SELL
18491,ORD018491,ORD018469,100.26,17,SELL
18491,ORD018491,ORD018476,98.79,47,SELL
18491,ORD018491,ORD018466,98.74,11,SELL
18493,ORD018493,ORD018479,100.89,6,BUY
18493,ORD018493,ORD018474,101.11,5,BUY
18493,ORD018493,ORD018482,101.38,76,BUY
18494,ORD018494,ORD018482,101.38,4,BUY
18495,ORD018495,ORD018492,99.11,4,SELL
18497,ORD018497,ORD018492,99.11,18,SELL
18497,ORD018497,ORD018466,98.74,6,SELL
18499,ORD018499,ORD018482,101.38,18,BUY
18499,ORD018499,ORD018441,101.56,43,BUY
18499,ORD018499,ORD018485,101.69,1,BUY
18500,ORD018500,ORD018485,101.69,60,BUY
18501,ORD018501,ORD018485,101.69,38,BUY
18501,ORD018501,ORD018498,101.76,31,BUY
18502,ORD018502,ORD018466,98.74,39,SELL
18502,ORD018502,ORD018487,98.70,24,SELL
18505,ORD018505,ORD018503,100.05,44,SELL
18505,ORD018505,ORD018487,98.70,6,SELL
18506,ORD018506,ORD018487,98.70,54,SELL
18506,ORD018506,ORD018472,98.56,27,SELL
18509,ORD018509,ORD018472,98.56,43,SELL
18509,ORD018509,ORD018429,98.32,12,SELL
18514,ORD018514,ORD018511,99.68,34,SELL
18514,ORD018514,ORD018429,98.32,7,SELL
18514,ORD018514,ORD018404,98.23,6,SELL
18514,ORD018514,ORD017949,98.21,7,SELL
18518,ORD018518,ORD017949,98.21,47,SELL
18518,ORD018518,ORD018098,98.21,50,SELL
18519,ORD018519,ORD018504,100.22,21,BUY
18519,ORD018519,ORD018517,100.28,31,BUY
18519,ORD018519,ORD018513,100.50,15,BUY
18521,ORD018521,ORD018098,98.21,38,SELL
18521,ORD018521,ORD018129,98.17,23,SELL
18521,ORD018521,ORD018459,98.17,11,SELL
18522,ORD018522,ORD018459,98.17,42,SELL
18523,ORD018523,ORD018459,98.17,6,SELL
18524,ORD018524,ORD018459,98.17,5,SELL
18524,ORD018524,ORD018000,98.15,2,SELL
18524,ORD018524,ORD018165,98.14,31,SELL
18525,ORD018525,ORD018165,98.14,50,SELL
18525,ORD018525,ORD018102,98.13,27,SELL
18526,ORD018526,ORD018513,100.50,21,BUY
18527,ORD018527,ORD018102,98.13,50,SELL
18527,ORD018527,ORD018008,98.12,20,SELL
18529,ORD018529,ORD018008,98.12,42,SELL
18529,ORD018529,ORD018084,98.11,48,SELL
18530,ORD018530,ORD018513,100.50,8,BUY
18531,ORD018531,ORD018084,98.11,49,SELL
18531,ORD018531,ORD018467,98.11,24,SELL
18532,ORD018532,ORD018277,98.10,71,SELL
18533,ORD018533,ORD018513,100.50,46,BUY
18533,ORD018533,ORD018528,100.79,10,BUY
18533,ORD018533,ORD018510,101.12,38,BUY
18536,ORD018536,ORD018510,101.12,13,BUY
18536,ORD018536,ORD018520,101.42,40,BUY
18536,ORD018536,ORD018512,101.69,21,BUY
18538,ORD018538,ORD018512,101.69,66,BUY
18538,ORD018538,ORD018498,101.76,34,BUY
18540,ORD018540,ORD018535,98.39,64,SELL
18540,ORD018540,ORD018277,98.10,1,SELL
18541,ORD018541,ORD018277,98.10,18,SELL
18541,ORD018541,ORD018022,98.08,23,SELL
18544,ORD018544,ORD018542,100.09,27,BUY
18546,ORD018546,ORD018542,100.09,36,BUY
18550,ORD018550,ORD018539,100.62,65,BUY
18550,ORD018550,ORD018547,101.10,20,BUY
18551,ORD018551,ORD018548,100.35,40,SELL
18551,ORD018551,ORD018546,100.14,37,SELL
18552,ORD018552,ORD018546,100.14,23,SELL
18552,ORD018552,ORD018022,98.08,3,SELL
18555,ORD018555,ORD018553,99.69,11,SELL
18555,ORD018555,ORD018554,98.10,35,SELL
18557,ORD018557,ORD018547,101.10,26,BUY
18560,ORD018560,ORD018556,99.34,16,SELL
18562,ORD018562,ORD018556,99.34,9,SELL
18562,ORD018562,ORD018561,99.26,79,SELL
18562,ORD018562,ORD018554,98.10,1,SELL
18562,ORD018562,ORD018022,98.08,3,SELL
18564,ORD018564,ORD018558,99.84,1,BUY
18564,ORD018564,ORD018559,100.50,8,BUY
18565,ORD018565,ORD018022,98.08,23,SELL
18567,ORD018567,ORD018022,98.08,39,SELL
18567,ORD018567,ORD018186,98.07,11,SELL
18567,ORD018567,ORD018016,98.06,14,SELL
18567,ORD018567,ORD017884,98.05,27,SELL
18569,ORD018569,ORD018566,100.19,15,BUY
18570,ORD018570,ORD018566,100.19,19,BUY
18573,ORD018573,ORD018566,100.19,56,BUY
18573,ORD018573,ORD018571,100.23,23,BUY
18574,ORD018574,ORD018568,99.65,51,SELL
18577,ORD018577,ORD018571,100.23,61,BUY
18577,ORD018577,ORD018559,100.50,11,BUY
18577,ORD018577,ORD018547,101.10,1,BUY
18579,ORD018579,ORD018547,101.10,48,BUY
18579,ORD018579,ORD018543,101.32,21,BUY
18582,ORD018582,ORD018580,99.98,2,SELL
18582,ORD018582,ORD018575,99.74,32,SELL
18584,ORD018584,ORD018543,101.32,15,BUY
18585,ORD018585,ORD018543,101.32,41,BUY
18588,ORD018588,ORD018587,100.47,84,BUY
18589,ORD018589,ORD018587,100.47,13,BUY
18589,ORD018589,ORD018586,100.61,73,BUY
18590,ORD018590,ORD018575,99.74,31,SELL
18590,ORD018590,ORD018568,99.65,5,SELL
18590,ORD018590,ORD018572,98.78,45,SELL
18591,ORD018591,ORD018572,98.78,35,SELL
18591,ORD018591,ORD017884,98.05,51,SELL
18593,ORD018593,ORD018592,98.34,57,SELL
18593,ORD018593,ORD017884,98.05,18,SELL
18593,ORD018593,ORD018349,98.04,15,SELL
18594,ORD018594,ORD018349,98.04,27,SELL
18594,ORD018594,ORD017886,98.02,27,SELL
18594,ORD018594,ORD017895,98.02,28,SELL
18595,ORD018595,ORD017895,98.02,56,SELL
18596,ORD018596,ORD017895,98.02,2,SELL
18600,ORD018600,ORD018598,100.47,15,SELL
18600,ORD018600,ORD018599,98.30,34,SELL
18602,ORD018602,ORD018601,98.39,2,SELL
18604,ORD018604,ORD018603,99.73,1,BUY
18608,ORD018608,ORD018606,99.54,34,BUY
18608,ORD018608,ORD018603,99.73,26,BUY
18609,ORD018609,ORD018603,99.73,67,BUY
18611,ORD018611,ORD018603,99.73,4,BUY
18611,ORD018611,ORD018610,99.87,41,BUY
18611,ORD018611,ORD018586,100.61,12,BUY
18611,ORD018611,ORD018605,101.08,4,BUY
18611,ORD018611,ORD018543,101.32,12,BUY
18611,ORD018611,ORD018597,101.40,15,BUY
18612,ORD018612,ORD018597,101.40,28,BUY
18612,ORD018612,ORD018563,101.57,2,BUY
18616,ORD018616,ORD018614,101.53,42,BUY
18616,ORD018616,ORD018563,101.57,23,BUY
18617,ORD018617,ORD018563,101.57,15,BUY
18617,ORD018617,ORD018607,101.63,56,BUY
18617,ORD018617,ORD018578,101.72,1,BUY
18617,ORD018617,ORD018498,101.76,1,BUY
18619,ORD018619,ORD018498,101.76,12,BUY
18619,ORD018619,ORD018490,101.78,31,BUY
18619,ORD018619,ORD018549,101.87,43,BUY
18622,ORD018622,ORD018549,101.87,16,BUY
18622,ORD018622,ORD018480,101.91,43,BUY
18623,ORD018623,ORD018618,100.01,6,SELL
18624,ORD018624,ORD018618,100.01,1,SELL
18624,ORD018624,ORD018613,99.84,51,SELL
18625,ORD018625,ORD018621,99.28,25,SELL
18625,ORD018625,ORD018615,99.19,57,SELL
18626,ORD018626,ORD018624,99.64,4,BUY
18626,ORD018626,ORD018480,101.91,21,BUY
18628,ORD018628,ORD018615,99.19,6,SELL
18628,ORD018628,ORD018620,98.75,24,SELL
18628,ORD018628,ORD018601,98.39,5,SELL
18629,ORD018629,ORD018627,99.73,11,BUY
18631,ORD018631,ORD018627,99.73,49,BUY
18637,ORD018637,ORD018627,99.73,24,BUY
18637,ORD018637,ORD018630,99.97,26,BUY
18637,ORD018637,ORD018632,101.75,24,BUY
18639,ORD018639,ORD018638,98.92,17,SELL
18640,ORD018640,ORD018638,98.92,72,SELL
18643,ORD018643,ORD018632,101.75,4,BUY
18649,ORD018649,ORD018647,99.89,37,BUY
18650,ORD018650,ORD018647,99.89,13,BUY
18650,ORD018650,ORD018646,100.91,8,BUY
18651,ORD018651,ORD018645,99.57,71,SELL
18654,ORD018654,ORD018645,99.57,23,SELL
18654,ORD018654,ORD018652,99.47,5,SELL
18657,ORD018657,ORD018652,99.47,21,SELL
18657,ORD018657,ORD018656,98.89,12,SELL
18657,ORD018657,ORD018655,98.85,29,SELL
18660,ORD018660,ORD018655,98.85,62,SELL
18660,ORD018660,ORD018648,98.51,5,SELL
18661,ORD018661,ORD018648,98.51,7,SELL
18662,ORD018662,ORD018658,99.91,13,BUY
18662,ORD018662,ORD018646,100.91,16,BUY
18663,ORD018663,ORD018646,100.91,3,BUY
18664,ORD018664,ORD018646,100.91,36,BUY
18664,ORD018664,ORD018632,101.75,28,BUY
18666,ORD018666,ORD018632,101.75,21,BUY
18666,ORD018666,ORD018633,101.87,71,BUY
18666,ORD018666,ORD018480,101.91,1,BUY
18669,ORD018669,ORD018668,101.02,11,BUY
18670,ORD018670,ORD018668,101.02,71,BUY
18670,ORD018670,ORD018667,101.24,23,BUY
18671,ORD018671,ORD018667,101.24,15,BUY
18671,ORD018671,ORD018480,101.91,30,BUY
18671,ORD018671,ORD018507,101.91,4,BUY
18671,ORD018671,ORD018534,101.91,3,BUY
18676,ORD018676,ORD018673,100.28,42,SELL
18677,ORD018677,ORD018674,101.30,21,BUY
18677,ORD018677,ORD018675,101.87,7,BUY
18677,ORD018677,ORD018534,101.91,3,BUY
18677,ORD018677,ORD018488,101.92,5,BUY
18678,ORD018678,ORD018488,101.92,9,BUY
18679,ORD018679,ORD018673,100.28,34,SELL
18679,ORD018679,ORD018648,98.51,11,SELL
18681,ORD018681,ORD018648,98.51,73,SELL
18681,ORD018681,ORD018680,98.14,25,SELL
18684,ORD018684,ORD018682,99.92,32,BUY
18684,ORD018684,ORD018488,101.92,39,BUY
18685,ORD018685,ORD018683,99.20,48,SELL
18685,ORD018685,ORD018680,98.14,16,SELL
18691,ORD018691,ORD018690,100.33,19,SELL
18691,ORD018691,ORD018689,98.21,47,SELL
18695,ORD018695,ORD018692,100.09,3,SELL
18698,ORD018698,ORD018696,99.64,46,BUY
18698,ORD018698,ORD018695,100.02,2,BUY
18700,ORD018700,ORD018686,100.50,19,BUY
18701,ORD018701,ORD018686,100.50,22,BUY
18703,ORD018703,ORD018698,100.08,3,SELL
18703,ORD018703,ORD018697,98.69,74,SELL
18704,ORD018704,ORD018697,98.69,11,SELL
18704,ORD018704,ORD018702,98.67,5,SELL
18704,ORD018704,ORD018699,98.32,22,SELL
18706,ORD018706,ORD018705,99.78,16,SELL
18706,ORD018706,ORD018699,98.32,8,SELL
18710,ORD018710,ORD018709,99.17,20,SELL
18710,ORD018710,ORD018708,98.92,56,SELL
18710,ORD018710,ORD018707,98.69,22,SELL
18712,ORD018712,ORD018707,98.69,40,SELL
18715,ORD018715,ORD018707,98.69,31,SELL
18715,ORD018715,ORD018699,98.32,50,SELL
18716,ORD018716,ORD018699,98.32,19,SELL
18716,ORD018716,ORD018694,98.28,36,SELL
18716,ORD018716,ORD018689,98.21,8,SELL
18718,ORD018718,ORD018686,100.50,24,BUY
18718,ORD018718,ORD018688,101.55,30,BUY
18719,ORD018719,ORD018688,101.55,36,BUY
18722,ORD018722,ORD018688,101.55,5,BUY
18722,ORD018722,ORD018693,101.56,27,BUY
18722,ORD018722,ORD018713,101.60,13,BUY
18723,ORD018723,ORD018721,100.49,16,SELL
18723,ORD018723,ORD018720,100.40,22,SELL
18726,ORD018726,ORD018720,100.40,37,SELL
18729,ORD018729,ORD018724,101.11,62,BUY
18729,ORD018729,ORD018713,101.60,11,BUY
18729,ORD018729,ORD018725,101.62,6,BUY
18735,ORD018735,ORD018733,99.82,20,SELL
18735,ORD018735,ORD018734,99.05,22,SELL
18736,ORD018736,ORD018734,99.05,47,SELL
18736,ORD018736,ORD018731,98.42,27,SELL
18739,ORD018739,ORD018730,100.90,24,BUY
18739,ORD018739,ORD018725,101.62,42,BUY
18744,ORD018744,ORD018737,99.49,32,SELL
18745,ORD018745,ORD018737,99.49,31,SELL
18746,ORD018746,ORD018743,100.96,54,BUY
18747,ORD018747,ORD018737,99.49,1,SELL
18747,ORD018747,ORD018731,98.42,36,SELL
18748,ORD018748,ORD018743,100.96,19,BUY
18748,ORD018748,ORD018741,101.05,47,BUY
18748,ORD018748,ORD018742,101.25,26,BUY
18749,ORD018749,ORD018731,98.42,17,SELL
18750,ORD018750,ORD018742,101.25,37,BUY
18750,ORD018750,ORD018725,101.62,7,BUY
18750,ORD018750,ORD018714,101.63,8,BUY
18750,ORD018750,ORD018711,101.82,10,BUY
18757,ORD018757,ORD018755,99.83,1,BUY
18758,ORD018758,ORD018755,99.83,9,BUY
18759,ORD018759,ORD018755,99.83,43,BUY
18759,ORD018759,ORD018753,100.04,52,BUY
18760,ORD018760,ORD018753,100.04,43,BUY
18760,ORD018760,ORD018751,100.33,30,BUY
18764,ORD018764,ORD018751,100.33,25,BUY
18767,ORD018767,ORD018751,100.33,31,BUY
18768,ORD018768,ORD018765,99.46,52,SELL
18769,ORD018769,ORD018751,100.33,6,BUY
18769,ORD018769,ORD018761,101.02,59,BUY
18770,ORD018770,ORD018765,99.46,7,SELL
18770,ORD018770,ORD018756,99.21,11,SELL
18772,ORD018772,ORD018771,100.86,32,BUY
18774,ORD018774,ORD018756,99.21,15,SELL
18774,ORD018774,ORD018754,98.70,24,SELL
18775,ORD018775,ORD018754,98.70,29,SELL
18775,ORD018775,ORD018762,98.22,16,SELL
18775,ORD018775,ORD018763,98.22,33,SELL
18776,ORD018776,ORD018771,100.86,29,BUY
18776,ORD018776,ORD018761,101.02,6,BUY
18779,ORD018779,ORD018778,100.23,28,BUY
18782,ORD018782,ORD018781,99.64,15,BUY
18783,ORD018783,ORD018781,99.64,63,BUY
18783,ORD018783,ORD018778,100.23,13,BUY
18783,ORD018783,ORD018761,101.02,3,BUY
18786,ORD018786,ORD018763,98.22,8,SELL
18791,ORD018791,ORD018790,99.56,36,SELL
18791,ORD018791,ORD018789,99.24,9,SELL
18792,ORD018792,ORD018789,99.24,20,SELL
18792,ORD018792,ORD018788,98.50,20,SELL
18795,ORD018795,ORD018793,99.21,35,SELL
18797,ORD018797,ORD018793,99.21,59,SELL
18797,ORD018797,ORD018794,98.60,11,SELL
18802,ORD018802,ORD018800,99.59,40,BUY
18805,ORD018805,ORD018802,99.66,5,SELL
18808,ORD018808,ORD018802,99.66,17,SELL
18808,ORD018808,ORD018807,99.22,36,SELL
18808,ORD018808,ORD018803,99.20,35,SELL
18809,ORD018809,ORD018796,99.85,44,BUY
18809,ORD018809,ORD018784,99.92,12,BUY
18811,ORD018811,ORD018803,99.20,12,SELL
18811,ORD018811,ORD018801,99.11,27,SELL
18813,ORD018813,ORD018801,99.11,6,SELL
18813,ORD018813,ORD018798,98.74,67,SELL
18813,ORD018813,ORD018794,98.60,1,SELL
18813,ORD018813,ORD018788,98.50,16,SELL
18814,ORD018814,ORD018788,98.50,25,SELL
18816,ORD018816,ORD018784,99.92,62,BUY
18816,ORD018816,ORD018806,100.47,16,BUY
18819,ORD018819,ORD018806,100.47,26,BUY
18821,ORD018821,ORD018806,100.47,35,BUY
18821,ORD018821,ORD018818,100.71,39,BUY
18823,ORD018823,ORD018817,99.47,11,SELL
18823,ORD018823,ORD018822,99.09,53,SELL
18826,ORD018826,ORD018815,100.86,47,BUY
18827,ORD018827,ORD018815,100.86,29,BUY
18831,ORD018831,ORD018825,99.45,4,SELL
18832,ORD018832,ORD018825,99.45,48,SELL
18833,ORD018833,ORD018830,99.90,60,BUY
18835,ORD018835,ORD018830,99.90,29,BUY
18835,ORD018835,ORD018815,100.86,1,BUY
18836,ORD018836,ORD018815,100.86,15,BUY
18836,ORD018836,ORD018820,100.97,68,BUY
18837,ORD018837,ORD018820,100.97,27,BUY
18837,ORD018837,ORD018761,101.02,23,BUY
18837,ORD018837,ORD018780,101.11,48,BUY
18839,ORD018839,ORD018834,98.32,10,SELL
18842,ORD018842,ORD018780,101.11,35,BUY
18848,ORD018848,ORD018780,101.11,4,BUY
18848,ORD018848,ORD018812,101.16,13,BUY
18852,ORD018852,ORD018812,101.16,8,BUY
18852,ORD018852,ORD018850,101.26,41,BUY
18852,ORD018852,ORD018799,101.39,42,BUY
18856,ORD018856,ORD018855,100.97,33,BUY
18857,ORD018857,ORD018849,99.58,83,SELL
18857,ORD018857,ORD018851,99.55,2,SELL
18859,ORD018859,ORD018851,99.55,60,SELL
18861,ORD018861,ORD018854,99.49,18,SELL
18861,ORD018861,ORD018847,99.41,61,SELL
18862,ORD018862,ORD018859,99.52,14,BUY
18864,ORD018864,ORD018859,99.52,22,BUY
18864,ORD018864,ORD018858,99.71,47,BUY
18865,ORD018865,ORD018858,99.71,6,BUY
18865,ORD018865,ORD018863,100.13,54,BUY
18866,ORD018866,ORD018863,100.13,13,BUY
18867,ORD018867,ORD018855,100.97,19,BUY
18868,ORD018868,ORD018855,100.97,31,BUY
18868,ORD018868,ORD018799,101.39,14,BUY
18869,ORD018869,ORD018799,101.39,1,BUY
18869,ORD018869,ORD018773,101.46,67,BUY
18870,ORD018870,ORD018773,101.46,9,BUY
18870,ORD018870,ORD018785,101.46,58,BUY
18870,ORD018870,ORD018845,101.59,24,BUY
18871,ORD018871,ORD018845,101.59,21,BUY
18872,ORD018872,ORD018845,101.59,46,BUY
18872,ORD018872,ORD018804,101.72,19,BUY
18872,ORD018872,ORD018777,101.81,12,BUY
18873,ORD018873,ORD018866,100.34,40,SELL
18874,ORD018874,ORD018866,100.34,4,SELL
18876,ORD018876,ORD018866,100.34,23,SELL
18876,ORD018876,ORD018875,100.25,4,SELL
18884,ORD018884,ORD018877,100.43,49,BUY
18885,ORD018885,ORD018877,100.43,33,BUY
18885,ORD018885,ORD018777,101.81,57,BUY
18887,ORD018887,ORD018875,100.25,11,SELL
18890,ORD018890,ORD018880,99.97,24,SELL
18890,ORD018890,ORD018881,99.87,22,SELL
18891,ORD018891,ORD018881,99.87,27,SELL
18894,ORD018894,ORD018881,99.87,51,SELL
18894,ORD018894,ORD018889,99.58,26,SELL
18896,ORD018896,ORD018847,99.41,9,SELL
18896,ORD018896,ORD018846,99.39,20,SELL
18896,ORD018896,ORD018860,98.91,22,SELL
18900,ORD018900,ORD018887,100.16,42,BUY
18903,ORD018903,ORD018901,99.98,62,BUY
18903,ORD018903,ORD018887,100.16,8,BUY
18906,ORD018906,ORD018898,99.73,18,SELL
18906,ORD018906,ORD018902,99.34,9,SELL
18907,ORD018907,ORD018902,99.34,38,SELL
18908,ORD018908,ORD018905,100.08,36,BUY
18908,ORD018908,ORD018887,100.16,26,BUY
18908,ORD018908,ORD018899,100.43,30,BUY
18909,ORD018909,ORD018902,99.34,7,SELL
18909,ORD018909,ORD018860,98.91,32,SELL
18909,ORD018909,ORD018888,98.90,47,SELL
18909,ORD018909,ORD018897,98.87,6,SELL
18910,ORD018910,ORD018897,98.87,32,SELL
18910,ORD018910,ORD018892,98.78,64,SELL
18911,ORD018911,ORD018892,98.78,19,SELL
18913,ORD018913,ORD018912,99.91,15,BUY
18914,ORD018914,ORD018892,98.78,2,SELL
18914,ORD018914,ORD018895,98.47,2,SELL
18914,ORD018914,ORD018879,98.30,27,SELL
18914,ORD018914,ORD018853,98.13,5,SELL
18916,ORD018916,ORD018853,98.13,31,SELL
18916,ORD018916,ORD018882,98.10,46,SELL
18916,ORD018916,ORD018886,98.09,17,SELL
18917,ORD018917,ORD018886,98.09,64,SELL
18921,ORD018921,ORD018912,99.91,53,BUY
18925,ORD018925,ORD018912,99.91,11,BUY
18925,ORD018925,ORD018919,99.93,7,BUY
18925,ORD018925,ORD018915,100.07,45,BUY
18928,ORD018928,ORD018915,100.07,7,BUY
18928,ORD018928,ORD018899,100.43,56,BUY
18930,ORD018930,ORD018926,99.99,70,SELL
18931,ORD018931,ORD018899,100.43,1,BUY
18931,ORD018931,ORD018920,101.13,13,BUY
18935,ORD018935,ORD018934,100.84,33,BUY
18935,ORD018935,ORD018920,101.13,36,BUY
18935,ORD018935,ORD018893,101.56,13,BUY
18937,ORD018937,ORD018932,100.06,10,SELL
18937,ORD018937,ORD018926,99.99,9,SELL
18938,ORD018938,ORD018936,101.27,39,BUY
18941,ORD018941,ORD018926,99.99,3,SELL
18941,ORD018941,ORD018923,99.76,29,SELL
18945,ORD018945,ORD018923,99.76,25,SELL
18945,ORD018945,ORD018924,99.18,67,SELL
18946,ORD018946,ORD018924,99.18,1,SELL
18947,ORD018947,ORD018944,100.66,46,BUY
18947,ORD018947,ORD018942,101.06,21,BUY
18948,ORD018948,ORD018942,101.06,42,BUY
18948,ORD018948,ORD018936,101.27,12,BUY
18950,ORD018950,ORD018936,101.27,37,BUY
18950,ORD018950,ORD018893,101.56,15,BUY
18950,ORD018950,ORD018904,101.76,29,BUY
18952,ORD018952,ORD018904,101.76,40,BUY
18952,ORD018952,ORD018777,101.81,3,BUY
18954,ORD018954,ORD018953,101.65,47,BUY
18955,ORD018955,ORD018949,99.76,4,SELL
18955,ORD018955,ORD018924,99.18,3,SELL
18955,ORD018955,ORD018951,98.86,31,SELL
18955,ORD018955,ORD018943,98.70,25,SELL
18956,ORD018956,ORD018953,101.65,13,BUY
18956,ORD018956,ORD018777,101.81,24,BUY
18956,ORD018956,ORD018711,101.82,24,BUY
18957,ORD018957,ORD018711,101.82,2,BUY
18957,ORD018957,ORD018878,101.89,21,BUY
18958,ORD018958,ORD018878,101.89,15,BUY
18960,ORD018960,ORD018959,99.98,78,SELL
18960,ORD018960,ORD018943,98.70,5,SELL
18961,ORD018961,ORD018878,101.89,20,BUY
18961,ORD018961,ORD018838,101.90,1,BUY
18961,ORD018961,ORD018738,101.91,15,BUY
18962,ORD018962,ORD018943,98.70,49,SELL
18962,ORD018962,ORD018929,98.61,31,SELL
18966,ORD018966,ORD018964,100.29,43,BUY
18966,ORD018966,ORD018738,101.91,17,BUY
18966,ORD018966,ORD018488,101.92,31,BUY
18966,ORD018966,ORD018939,101.93,2,BUY
18967,ORD018967,ORD018939,101.93,65,BUY
18967,ORD018967,ORD018933,101.95,31,BUY
18968,ORD018968,ORD018965,99.57,56,SELL
18968,ORD018968,ORD018963,99.37,25,SELL
18969,ORD018969,ORD018933,101.95,28,BUY
18969,ORD018969,ORD018665,101.98,52,BUY
18969,ORD018969,ORD018732,101.98,12,BUY
18973,ORD018973,ORD018970,100.74,58,BUY
18974,ORD018974,ORD018970,100.74,25,BUY
18974,ORD018974,ORD018972,101.60,71,BUY
18975,ORD018975,ORD018963,99.37,43,SELL
18975,ORD018975,ORD018929,98.61,18,SELL
18975,ORD018975,ORD018927,98.22,14,SELL
18980,ORD018980,ORD018978,100.00,25,SELL
18981,ORD018981,ORD018977,100.22,27,BUY
18981,ORD018981,ORD018972,101.60,19,BUY
18981,ORD018981,ORD018971,101.73,44,BUY
18983,ORD018983,ORD018971,101.73,27,BUY
18983,ORD018983,ORD018732,101.98,12,BUY
18985,ORD018985,ORD018984,101.69,18,BUY
18985,ORD018985,ORD018732,101.98,8,BUY
18990,ORD018990,ORD018986,99.51,38,SELL
18999,ORD018999,ORD018986,99.51,57,SELL
18999,ORD018999,ORD018976,99.18,16,SELL
19001,ORD019001,ORD018976,99.18,41,SELL
19002,ORD019002,ORD018998,99.81,10,BUY
19004,ORD019004,ORD018998,99.81,6,BUY
19005,ORD019005,ORD018976,99.18,33,SELL
19005,ORD019005,ORD019003,98.74,7,SELL
19006,ORD019006,ORD019003,98.74,20,SELL
19007,ORD019007,ORD019003,98.74,54,SELL
19007,ORD019007,ORD018927,98.22,14,SELL
19011,ORD019011,ORD018998,99.81,31,BUY
19011,ORD019011,ORD019010,101.17,51,BUY
19014,ORD019014,ORD019010,101.17,7,BUY
19017,ORD019017,ORD019016,101.03,29,BUY
19019,ORD019019,ORD019016,101.03,12,BUY
19020,ORD019020,ORD019016,101.03,1,BUY
19020,ORD019020,ORD019010,101.17,13,BUY
19027,ORD019027,ORD019025,100.00,33,SELL
19028,ORD019028,ORD019025,100.00,28,SELL
19028,ORD019028,ORD019026,98.71,57,SELL
19032,ORD019032,ORD019031,99.91,30,SELL
19034,ORD019034,ORD019030,100.82,6,BUY
19034,ORD019034,ORD019029,100.85,8,BUY
19038,ORD019038,ORD019031,99.91,44,SELL
19038,ORD019038,ORD019036,99.78,22,SELL
19041,ORD019041,ORD019036,99.78,8,SELL
19047,ORD019047,ORD019045,100.07,6,BUY
19048,ORD019048,ORD019036,99.78,17,SELL
19049,ORD019049,ORD019036,99.78,27,SELL
19050,ORD019050,ORD019036,99.78,23,SELL
19052,ORD019052,ORD019050,99.57,2,BUY
19053,ORD019053,ORD019045,100.07,32,BUY
19054,ORD019054,ORD019045,100.07,23,BUY
19055,ORD019055,ORD019052,99.92,4,SELL
19055,ORD019055,ORD019051,99.10,2,SELL
19055,ORD019055,ORD019026,98.71,13,SELL
19055,ORD019055,ORD019040,98.56,2,SELL
19057,ORD019057,ORD019056,99.32,25,SELL
19058,ORD019058,ORD019056,99.32,14,SELL
19063,ORD019063,ORD019061,99.99,10,SELL
19063,ORD019063,ORD019059,99.76,51,SELL
19064,ORD019064,ORD019045,100.07,23,BUY
19064,ORD019064,ORD019046,101.49,52,BUY
19067,ORD019067,ORD019046,101.49,8,BUY
19067,ORD019067,ORD019066,101.98,47,BUY
19067,ORD019067,ORD019060,101.99,23,BUY
19069,ORD019069,ORD019059,99.76,47,SELL
19071,ORD019071,ORD019065,99.63,42,SELL
19073,ORD019073,ORD019065,99.63,55,SELL
19073,ORD019073,ORD019068,99.41,24,SELL
19075,ORD019075,ORD019069,99.67,23,BUY
19075,ORD019075,ORD019074,101.84,22,BUY
19076,ORD019076,ORD019074,101.84,57,BUY
19076,ORD019076,ORD019060,101.99,1,BUY
19079,ORD019079,ORD019077,100.80,60,BUY
19081,ORD019081,ORD019068,99.41,28,SELL
19082,ORD019082,ORD019077,100.80,10,BUY
19083,ORD019083,ORD019068,99.41,15,SELL
19090,ORD019090,ORD019085,99.58,64,BUY
19090,ORD019090,ORD019086,100.00,9,BUY
19092,ORD019092,ORD019086,100.00,28,BUY
19092,ORD019092,ORD019091,100.22,30,BUY
19094,ORD019094,ORD019068,99.41,23,SELL
19094,ORD019094,ORD019056,99.32,3,SELL
19096,ORD019096,ORD019091,100.22,66,BUY
19096,ORD019096,ORD019088,100.95,3,BUY
19096,ORD019096,ORD019093,101.07,20,BUY
19098,ORD019098,ORD019056,99.32,12,SELL
19098,ORD019098,ORD019062,99.30,62,SELL
19100,ORD019100,ORD019099,100.44,6,SELL
19101,ORD019101,ORD019097,101.95,97,BUY
19103,ORD019103,ORD019099,100.44,24,SELL
19104,ORD019104,ORD019062,99.30,4,SELL
19104,ORD019104,ORD019087,98.99,44,SELL
19105,ORD019105,ORD019087,98.99,44,SELL
19105,ORD019105,ORD019078,98.91,38,SELL
19105,ORD019105,ORD019095,98.58,9,SELL
19106,ORD019106,ORD019095,98.58,59,SELL
19106,ORD019106,ORD019040,98.56,27,SELL
19107,ORD019107,ORD019040,98.56,71,SELL
19107,ORD019107,ORD019089,98.56,5,SELL
19108,ORD019108,ORD019103,99.74,25,BUY
19109,ORD019109,ORD019089,98.56,32,SELL
19110,ORD019110,ORD019089,98.56,31,SELL
19110,ORD019110,ORD019035,98.54,1,SELL
19111,ORD019111,ORD019035,98.54,19,SELL
19111,ORD019111,ORD019033,98.49,19,SELL
19112,ORD019112,ORD019103,99.74,26,BUY
19113,ORD019113,ORD019033,98.49,31,SELL
19114,ORD019114,ORD019033,98.49,12,SELL
19117,ORD019117,ORD019116,99.56,33,BUY
19118,ORD019118,ORD019033,98.49,6,SELL
19121,ORD019121,ORD019116,99.56,39,BUY
19121,ORD019121,ORD019103,99.74,10,BUY
19121,ORD019121,ORD019120,99.78,14,BUY
19123,ORD019123,ORD019122,98.79,10,SELL
19123,ORD019123,ORD019033,98.49,26,SELL
19123,ORD019123,ORD019080,98.47,4,SELL
19124,ORD019124,ORD019120,99.78,6,BUY
19125,ORD019125,ORD019120,99.78,34,BUY
19125,ORD019125,ORD019115,100.18,28,BUY
19125,ORD019125,ORD019119,100.71,22,BUY
19127,ORD019127,ORD019080,98.47,63,SELL
19128,ORD019128,ORD019080,98.47,28,SELL
19129,ORD019129,ORD019080,98.47,2,SELL
19129,ORD019129,ORD019072,98.45,58,SELL
19130,ORD019130,ORD019126,99.69,49,BUY
19131,ORD019131,ORD019072,98.45,4,SELL
19131,ORD019131,ORD019042,98.42,34,SELL
19131,ORD019131,ORD019044,98.41,6,SELL
19132,ORD019132,ORD019126,99.69,20,BUY
19135,ORD019135,ORD019126,99.69,5,BUY
19135,ORD019135,ORD019119,100.71,56,BUY
19135,ORD019135,ORD019134,101.50,19,BUY
19139,ORD019139,ORD019138,100.42,28,BUY
19139,ORD019139,ORD019134,101.50,17,BUY
19142,ORD019142,ORD019136,100.03,41,SELL
19142,ORD019142,ORD019137,100.02,42,SELL
19144,ORD019144,ORD019140,100.27,18,BUY
19144,ORD019144,ORD019141,100.60,28,BUY
19144,ORD019144,ORD019134,101.50,36,BUY
19147,ORD019147,ORD019137,100.02,21,SELL
19147,ORD019147,ORD019143,99.93,39,SELL
19148,ORD019148,ORD019044,98.41,51,SELL
19149,ORD019149,ORD019147,99.75,15,BUY
19154,ORD019154,ORD019149,100.49,24,SELL
19154,ORD019154,ORD019151,99.94,35,SELL
19158,ORD019158,ORD019151,99.94,10,SELL
19159,ORD019159,ORD019151,99.94,9,SELL
19159,ORD019159,ORD019156,99.51,21,SELL
19159,ORD019159,ORD019153,98.51,9,SELL
19160,ORD019160,ORD019153,98.51,4,SELL
19161,ORD019161,ORD019152,100.67,17,BUY
19162,ORD019162,ORD019152,100.67,39,BUY
19163,ORD019163,ORD019153,98.51,43,SELL
19163,ORD019163,ORD019044,98.41,22,SELL
19163,ORD019163,ORD019133,98.37,11,SELL
19164,ORD019164,ORD019152,100.67,7,BUY
19164,ORD019164,ORD019145,101.23,62,BUY
19168,ORD019168,ORD019167,100.35,33,BUY
19168,ORD019168,ORD019145,101.23,3,BUY
19168,ORD019168,ORD019150,101.29,44,BUY
19168,ORD019168,ORD019146,101.45,6,BUY
19173,ORD019173,ORD019172,101.00,39,BUY
19173,ORD019173,ORD019146,101.45,9,BUY
19178,ORD019178,ORD019165,100.32,4,SELL
19178,ORD019178,ORD019170,100.01,48,SELL
19180,ORD019180,ORD019170,100.01,26,SELL
19180,ORD019180,ORD019174,99.27,22,SELL
19181,ORD019181,ORD019174,99.27,17,SELL
19182,ORD019182,ORD019174,99.27,15,SELL
19183,ORD019183,ORD019146,101.45,25,BUY
19186,ORD019186,ORD019185,100.37,21,SELL
19187,ORD019187,ORD019185,100.37,12,SELL
19188,ORD019188,ORD019185,100.37,5,SELL
19190,ORD019190,ORD019185,100.37,14,SELL
19193,ORD019193,ORD019185,100.37,21,SELL
19193,ORD019193,ORD019191,99.79,56,SELL
19194,ORD019194,ORD019191,99.79,14,SELL
19194,ORD019194,ORD019174,99.27,1,SELL
19195,ORD019195,ORD019174,99.27,35,SELL
19195,ORD019195,ORD019166,98.71,20,SELL
19196,ORD019196,ORD019184,100.88,51,BUY
19197,ORD019197,ORD019166,98.71,6,SELL
19197,ORD019197,ORD019177,98.69,56,SELL
19197,ORD019197,ORD019176,98.41,37,SELL
19198,ORD019198,ORD019176,98.41,40,SELL
19202,ORD019202,ORD019200,100.80,4,BUY
19202,ORD019202,ORD019184,100.88,39,BUY
19202,ORD019202,ORD019192,101.18,49,BUY
19205,ORD019205,ORD019204,100.68,9,BUY
19206,ORD019206,ORD019199,99.69,70,SELL
19206,ORD019206,ORD019203,99.38,15,SELL
19207,ORD019207,ORD019203,99.38,74,SELL
19207,ORD019207,ORD019176,98.41,14,SELL
19208,ORD019208,ORD019204,100.68,34,BUY
19208,ORD019208,ORD019192,101.18,35,BUY
19208,ORD019208,ORD019146,101.45,11,BUY
19211,ORD019211,ORD019176,98.41,6,SELL
19211,ORD019211,ORD019133,98.37,46,SELL
19212,ORD019212,ORD019209,100.41,36,BUY
19212,ORD019212,ORD019146,101.45,15,BUY
19212,ORD019212,ORD019179,101.68,30,BUY
19212,ORD019212,ORD019210,101.75,10,BUY
19213,ORD019213,ORD019133,98.37,2,SELL
19213,ORD019213,ORD019189,98.36,18,SELL
19214,ORD019214,ORD019210,101.75,1,BUY
19214,ORD019214,ORD019169,101.96,60,BUY
19214,ORD019214,ORD019201,102.00,6,BUY
19216,ORD019216,ORD019189,98.36,37,SELL
19219,ORD019219,ORD019217,99.84,25,SELL
19221,ORD019221,ORD019215,101.83,56,BUY
19221,ORD019221,ORD019220,101.86,24,BUY
19222,ORD019222,ORD019217,99.84,21,SELL
19222,ORD019222,ORD019218,98.39,22,SELL
19222,ORD019222,ORD019189,98.36,4,SELL
19222,ORD019222,ORD019023,98.30,19,SELL
19222,ORD019222,ORD019175,98.14,32,SELL
19223,ORD019223,ORD019220,101.86,56,BUY
19223,ORD019223,ORD019201,102.00,5,BUY
19225,ORD019225,ORD019175,98.14,37,SELL
19228,ORD019228,ORD019224,99.63,88,BUY
19231,ORD019231,ORD019229,98.47,77,SELL
19232,ORD019232,ORD019224,99.63,10,BUY
19233,ORD019233,ORD019232,99.84,65,SELL
19233,ORD019233,ORD019229,98.47,12,SELL
19233,ORD019233,ORD019226,98.18,19,SELL
19235,ORD019235,ORD019234,101.52,2,BUY
19236,ORD019236,ORD019226,98.18,1,SELL
19236,ORD019236,ORD019175,98.14,15,SELL
19236,ORD019236,ORD019155,98.06,30,SELL
19236,ORD019236,ORD019070,98.04,2,SELL
19242,ORD019242,ORD019240,99.74,16,SELL
19242,ORD019242,ORD019241,99.02,47,SELL
19249,ORD019249,ORD019248,100.01,4,BUY
19249,ORD019249,ORD019238,100.60,64,BUY
19252,ORD019252,ORD019247,100.00,89,SELL
19254,ORD019254,ORD019250,98.26,55,SELL
19255,ORD019255,ORD019238,100.60,6,BUY
19255,ORD019255,ORD019253,100.87,46,BUY
19256,ORD019256,ORD019253,100.87,24,BUY
19256,ORD019256,ORD019234,101.52,3,BUY
19256,ORD019256,ORD019237,101.79,29,BUY
19261,ORD019261,ORD019237,101.79,18,BUY
19262,ORD019262,ORD019257,98.36,4,SELL
19263,ORD019263,ORD019257,98.36,24,SELL
19265,ORD019265,ORD019257,98.36,2,SELL
19265,ORD019265,ORD019259,98.12,61,SELL
19265,ORD019265,ORD019258,98.02,3,SELL
19267,ORD019267,ORD019258,98.02,22,SELL
19271,ORD019271,ORD019270,98.84,66,SELL
19272,ORD019272,ORD019270,98.84,19,SELL
19273,ORD019273,ORD019266,99.91,28,BUY
19278,ORD019278,ORD019266,99.91,1,BUY
19278,ORD019278,ORD019269,100.91,68,BUY
19278,ORD019278,ORD019275,101.45,4,BUY
19280,ORD019280,ORD019279,101.03,13,BUY
19283,ORD019283,ORD019277,98.47,95,SELL
19285,ORD019285,ORD019277,98.47,4,SELL
19289,ORD019289,ORD019284,100.26,30,BUY
19289,ORD019289,ORD019282,101.24,50,BUY
19296,ORD019296,ORD019294,100.41,7,SELL
19300,ORD019300,ORD019294,100.41,4,SELL
19303,ORD019303,ORD019294,100.41,16,SELL
19303,ORD019303,ORD019297,100.13,10,SELL
19303,ORD019303,ORD019302,99.57,22,SELL
19305,ORD019305,ORD019304,101.00,34,BUY
19306,ORD019306,ORD019302,99.57,10,SELL
19308,ORD019308,ORD019302,99.57,63,SELL
19311,ORD019311,ORD019304,101.00,4,BUY
19311,ORD019311,ORD019310,101.70,11,BUY
19313,ORD019313,ORD019312,100.54,49,BUY
19313,ORD019313,ORD019310,101.70,45,BUY
19313,ORD019313,ORD019307,101.78,1,BUY
19315,ORD019315,ORD019314,100.12,18,SELL
19319,ORD019319,ORD019318,101.12,20,BUY
19319,ORD019319,ORD019307,101.78,15,BUY
19320,ORD019320,ORD019314,100.12,19,SELL
19321,ORD019321,ORD019316,98.48,75,SELL
19322,ORD019322,ORD019320,99.70,35,BUY
19323,ORD019323,ORD019307,101.78,47,BUY
19328,ORD019328,ORD019322,99.70,62,SELL
19328,ORD019328,ORD019325,98.44,14,SELL
19330,ORD019330,ORD019325,98.44,45,SELL
19335,ORD019335,ORD019332,99.93,49,SELL
19336,ORD019336,ORD019332,99.93,24,SELL
19337,ORD019337,ORD019332,99.93,13,SELL
19339,ORD019339,ORD019326,100.00,49,BUY
19339,ORD019339,ORD019333,100.26,42,BUY
19340,ORD019340,ORD019333,100.26,9,BUY
19343,ORD019343,ORD019333,100.26,35,BUY
19343,ORD019343,ORD019327,100.51,30,BUY
19345,ORD019345,ORD019327,100.51,20,BUY
19345,ORD019345,ORD019331,101.49,49,BUY
19345,ORD019345,ORD019334,101.93,17,BUY
19352,ORD019352,ORD019347,99.98,4,BUY
19360,ORD019360,ORD019359,98.02,80,SELL
19361,ORD019361,ORD019357,99.58,37,BUY
19361,ORD019361,ORD019347,99.98,41,BUY
19363,ORD019363,ORD019347,99.98,40,BUY
19363,ORD019363,ORD019350,100.12,30,BUY
19364,ORD019364,ORD019350,100.12,16,BUY
19364,ORD019364,ORD019358,100.62,4,BUY
19364,ORD019364,ORD019348,100.85,8,BUY
19364,ORD019364,ORD019354,100.91,20,BUY
19365,ORD019365,ORD019354,100.91,22,BUY
19372,ORD019372,ORD019370,98.93,30,SELL
19374,ORD019374,ORD019369,100.23,31,BUY
19376,ORD019376,ORD019375,100.48,55,BUY
19376,ORD019376,ORD019371,100.56,7,BUY
19376,ORD019376,ORD019354,100.91,24,BUY
19378,ORD019378,ORD019351,101.03,58,BUY
19379,ORD019379,ORD019374,100.47,33,SELL
19379,ORD019379,ORD019377,99.10,17,SELL
19381,ORD019381,ORD019351,101.03,8,BUY
19381,ORD019381,ORD019366,101.30,19,BUY
19382,ORD019382,ORD019366,101.30,18,BUY
19384,ORD019384,ORD019380,99.99,75,SELL
19387,ORD019387,ORD019385,100.12,8,BUY
19389,ORD019389,ORD019380,99.99,22,SELL
19389,ORD019389,ORD019377,99.10,37,SELL
19390,ORD019390,ORD019377,99.10,41,SELL
19390,ORD019390,ORD019388,99.07,36,SELL
19392,ORD019392,ORD019385,100.12,31,BUY
19393,ORD019393,ORD019385,100.12,42,BUY
19393,ORD019393,ORD019366,101.30,29,BUY
19393,ORD019393,ORD019353,101.53,24,BUY
19396,ORD019396,ORD019395,99.31,32,SELL
19397,ORD019397,ORD019394,100.70,26,BUY
19401,ORD019401,ORD019399,100.68,57,BUY
19403,ORD019403,ORD019399,100.68,9,BUY
19403,ORD019403,ORD019394,100.70,23,BUY
19404,ORD019404,ORD019394,100.70,46,BUY
19404,ORD019404,ORD019398,100.86,41,BUY
19405,ORD019405,ORD019398,100.86,51,BUY
19405,ORD019405,ORD019353,101.53,40,BUY
19406,ORD019406,ORD019402,99.84,22,SELL
19407,ORD019407,ORD019402,99.84,16,SELL
19408,ORD019408,ORD019353,101.53,14,BUY
19408,ORD019408,ORD019346,101.59,19,BUY
19408,ORD019408,ORD019362,101.62,50,BUY
19408,ORD019408,ORD019367,101.81,2,BUY
19409,ORD019409,ORD019367,101.81,62,BUY
19409,ORD019409,ORD019334,101.93,17,BUY
19411,ORD019411,ORD019402,99.84,57,SELL
19411,ORD019411,ORD019395,99.31,19,SELL
19411,ORD019411,ORD019388,99.07,21,SELL
19413,ORD019413,ORD019391,98.10,14,SELL
19413,ORD019413,ORD019400,98.08,3,SELL
19414,ORD019414,ORD019400,98.08,1,SELL
19415,ORD019415,ORD019410,100.66,50,BUY
19417,ORD019417,ORD019416,99.28,13,SELL
19418,ORD019418,ORD019410,100.66,34,BUY
19418,ORD019418,ORD019412,101.21,3,BUY
19418,ORD019418,ORD019334,101.93,5,BUY
19418,ORD019418,ORD019383,101.94,27,BUY
19420,ORD019420,ORD019419,99.36,59,SELL
19423,ORD019423,ORD019419,99.36,29,SELL
19423,ORD019423,ORD019421,99.01,24,SELL
19424,ORD019424,ORD019421,99.01,9,SELL
19427,ORD019427,ORD019425,100.67,11,BUY
19427,ORD019427,ORD019422,100.89,14,BUY
19431,ORD019431,ORD019422,100.89,1,BUY
19434,ORD019434,ORD019433,100.78,7,BUY
19435,ORD019435,ORD019426,100.07,12,SELL
19435,ORD019435,ORD019430,100.00,26,SELL
19436,ORD019436,ORD019430,100.00,18,SELL
19436,ORD019436,ORD019432,99.55,13,SELL
19440,ORD019440,ORD019433,100.78,12,BUY
19440,ORD019440,ORD019438,100.83,62,BUY
19440,ORD019440,ORD019422,100.89,8,BUY
19441,ORD019441,ORD019422,100.89,12,BUY
19441,ORD019441,ORD019439,101.47,26,BUY
19441,ORD019441,ORD019383,101.94,15,BUY
19441,ORD019441,ORD019329,101.95,7,BUY
19442,ORD019442,ORD019329,101.95,14,BUY
19443,ORD019443,ORD019437,99.77,60,SELL
19444,ORD019444,ORD019437,99.77,18,SELL
19444,ORD019444,ORD019429,98.53,26,SELL
19447,ORD019447,ORD019445,99.59,48,SELL
19449,ORD019449,ORD019445,99.59,17,SELL
19453,ORD019453,ORD019445,99.59,21,SELL
19453,ORD019453,ORD019429,98.53,26,SELL
19454,ORD019454,ORD019448,99.61,34,BUY
19455,ORD019455,ORD019448,99.61,62,BUY
19456,ORD019456,ORD019452,100.92,7,BUY
19457,ORD019457,ORD019452,100.92,63,BUY
19461,ORD019461,ORD019458,100.10,7,SELL
19461,ORD019461,ORD019455,99.80,1,SELL
19461,ORD019461,ORD019459,98.54,11,SELL
19461,ORD019461,ORD019429,98.53,38,SELL
19461,ORD019461,ORD019428,98.35,14,SELL
19461,ORD019461,ORD019450,98.27,11,SELL
19465,ORD019465,ORD019463,98.51,14,SELL
19467,ORD019467,ORD019460,100.67,25,BUY
19471,ORD019471,ORD019460,100.67,8,BUY
19471,ORD019471,ORD019452,100.92,5,BUY
19474,ORD019474,ORD019472,99.74,45,BUY
19475,ORD019475,ORD019466,99.33,14,SELL
19476,ORD019476,ORD019466,99.33,19,SELL
19477,ORD019477,ORD019466,99.33,38,SELL
19477,ORD019477,ORD019473,99.08,28,SELL
19479,ORD019479,ORD019473,99.08,28,SELL
19480,ORD019480,ORD019473,99.08,26,SELL
19480,ORD019480,ORD019470,98.90,60,SELL
19482,ORD019482,ORD019472,99.74,21,BUY
19482,ORD019482,ORD019478,100.78,5,BUY
19485,ORD019485,ORD019478,100.78,4,BUY
19485,ORD019485,ORD019452,100.92,16,BUY
19485,ORD019485,ORD019462,101.21,24,BUY
19486,ORD019486,ORD019470,98.90,11,SELL
19486,ORD019486,ORD019483,98.84,54,SELL
19486,ORD019486,ORD019484,98.60,25,SELL
19487,ORD019487,ORD019484,98.60,8,SELL
19487,ORD019487,ORD019463,98.51,42,SELL
19487,ORD019487,ORD019450,98.27,42,SELL
19488,ORD019488,ORD019450,98.27,32,SELL
19490,ORD019490,ORD019489,99.44,44,SELL
19491,ORD019491,ORD019489,99.44,24,SELL
19495,ORD019495,ORD019492,100.84,37,BUY
19495,ORD019495,ORD019462,101.21,36,BUY
19497,ORD019497,ORD019462,101.21,2,BUY
19498,ORD019498,ORD019462,101.21,22,BUY
19498,ORD019498,ORD019469,101.25,46,BUY
19499,ORD019499,ORD019469,101.25,24,BUY
19499,ORD019499,ORD019464,101.35,12,BUY
19499,ORD019499,ORD019481,101.36,10,BUY
19500,ORD019500,ORD019494,100.20,24,SELL
19500,ORD019500,ORD019493,99.94,3,SELL
19500,ORD019500,ORD019496,98.98,1,SELL
19507,ORD019507,ORD019504,100.55,1,BUY
19509,ORD019509,ORD019504,100.55,19,BUY
19512,ORD019512,ORD019504,100.55,7,BUY
19513,ORD019513,ORD019504,100.55,52,BUY
19513,ORD019513,ORD019502,100.88,32,BUY
19513,ORD019513,ORD019481,101.36,6,BUY
19514,ORD019514,ORD019481,101.36,58,BUY
19515,ORD019515,ORD019481,101.36,3,BUY
19515,ORD019515,ORD019468,101.45,17,BUY
19516,ORD019516,ORD019501,100.35,10,SELL
19516,ORD019516,ORD019503,98.84,5,SELL
19519,ORD019519,ORD019503,98.84,75,SELL
19521,ORD019521,ORD019517,100.67,54,BUY
19521,ORD019521,ORD019518,101.35,32,BUY
19522,ORD019522,ORD019518,101.35,7,BUY
19522,ORD019522,ORD019468,101.45,17,BUY
19522,ORD019522,ORD019451,101.59,43,BUY
19523,ORD019523,ORD019520,99.14,88,SELL
19526,ORD019526,ORD019451,101.59,18,BUY
19528,ORD019528,ORD019451,101.59,2,BUY
19528,ORD019528,ORD019506,101.79,65,BUY
19531,ORD019531,ORD019525,100.32,14,SELL
19531,ORD019531,ORD019520,99.14,11,SELL
19531,ORD019531,ORD019503,98.84,7,SELL
19531,ORD019531,ORD019530,98.84,3,SELL
19534,ORD019534,ORD019506,101.79,22,BUY
19534,ORD019534,ORD019527,101.93,20,BUY
19537,ORD019537,ORD019533,99.32,48,SELL
19540,ORD019540,ORD019533,99.32,9,SELL
19546,ORD019546,ORD019545,100.44,55,BUY
19553,ORD019553,ORD019549,100.47,44,SELL
19555,ORD019555,ORD019552,100.53,16,BUY
19555,ORD019555,ORD019551,101.82,45,BUY
19556,ORD019556,ORD019551,101.82,22,BUY
19556,ORD019556,ORD019548,101.97,5,BUY
19559,ORD019559,ORD019549,100.47,12,SELL
19559,ORD019559,ORD019554,100.19,68,SELL
19560,ORD019560,ORD019543,99.67,49,SELL
19561,ORD019561,ORD019543,99.67,7,SELL
19563,ORD019563,ORD019558,100.68,50,BUY
19564,ORD019564,ORD019543,99.67,33,SELL
19564,ORD019564,ORD019533,99.32,18,SELL
19565,ORD019565,ORD019558,100.68,43,BUY
19565,ORD019565,ORD019562,100.89,28,BUY
19568,ORD019568,ORD019533,99.32,20,SELL
19568,ORD019568,ORD019550,99.13,30,SELL
19568,ORD019568,ORD019542,98.96,4,SELL
19569,ORD019569,ORD019542,98.96,24,SELL
19570,ORD019570,ORD019567,99.51,89,BUY
19570,ORD019570,ORD019562,100.89,11,BUY
19572,ORD019572,ORD019542,98.96,54,SELL
19572,ORD019572,ORD019530,98.84,32,SELL
19574,ORD019574,ORD019571,99.72,60,BUY
19576,ORD019576,ORD019573,99.65,34,SELL
19577,ORD019577,ORD019573,99.65,25,SELL
19577,ORD019577,ORD019530,98.84,31,SELL
19577,ORD019577,ORD019511,98.79,6,SELL
19577,ORD019577,ORD019539,98.53,12,SELL
19577,ORD019577,ORD019505,98.40,24,SELL
19578,ORD019578,ORD019571,99.72,16,BUY
19578,ORD019578,ORD019562,100.89,7,BUY
19578,ORD019578,ORD019575,101.81,69,BUY
19583,ORD019583,ORD019581,99.85,15,SELL
19583,ORD019583,ORD019582,99.37,16,SELL
19583,ORD019583,ORD019505,98.40,6,SELL
19583,ORD019583,ORD019566,98.18,18,SELL
19585,ORD019585,ORD019566,98.18,42,SELL
19585,ORD019585,ORD019510,98.14,49,SELL
19587,ORD019587,ORD019579,100.19,78,BUY
19587,ORD019587,ORD019584,100.57,8,BUY
19590,ORD019590,ORD019584,100.57,25,BUY
19590,ORD019590,ORD019575,101.81,11,BUY
19594,ORD019594,ORD019591,100.04,26,SELL
19594,ORD019594,ORD019589,99.57,22,SELL
19598,ORD019598,ORD019597,100.68,26,BUY
19599,ORD019599,ORD019595,100.31,57,SELL
19600,ORD019600,ORD019595,100.31,3,SELL
19600,ORD019600,ORD019589,99.57,11,SELL
19603,ORD019603,ORD019601,100.13,13,BUY
19604,ORD019604,ORD019601,100.13,34,BUY
19604,ORD019604,ORD019602,100.54,28,BUY
19604,ORD019604,ORD019597,100.68,5,BUY
19605,ORD019605,ORD019589,99.57,45,SELL
19606,ORD019606,ORD019597,100.68,22,BUY
19611,ORD019611,ORD019610,100.67,56,BUY
19611,ORD019611,ORD019608,100.75,11,BUY
19612,ORD019612,ORD019589,99.57,14,SELL
19612,ORD019612,ORD019596,99.57,44,SELL
19613,ORD019613,ORD019596,99.57,7,SELL
19614,ORD019614,ORD019596,99.57,18,SELL
19616,ORD019616,ORD019596,99.57,8,SELL
19616,ORD019616,ORD019592,99.28,88,SELL
19617,ORD019617,ORD019615,100.21,18,BUY
19618,ORD019618,ORD019615,100.21,32,BUY
19618,ORD019618,ORD019608,100.75,7,BUY
19619,ORD019619,ORD019592,99.28,9,SELL
19619,ORD019619,ORD019609,98.90,24,SELL
19624,ORD019624,ORD019623,99.79,69,BUY
19625,ORD019625,ORD019624,99.92,7,SELL
19625,ORD019625,ORD019609,98.90,20,SELL
19625,ORD019625,ORD019621,98.68,54,SELL
19626,ORD019626,ORD019622,100.20,62,BUY
19628,ORD019628,ORD019627,100.52,41,BUY
19636,ORD019636,ORD019634,100.40,33,SELL
19640,ORD019640,ORD019638,101.04,78,BUY
19641,ORD019641,ORD019634,100.40,48,SELL
19641,ORD019641,ORD019631,100.39,35,SELL
19642,ORD019642,ORD019631,100.39,61,SELL
19642,ORD019642,ORD019637,100.16,13,SELL
19648,ORD019648,ORD019637,100.16,63,SELL
19649,ORD019649,ORD019635,99.46,10,SELL
19653,ORD019653,ORD019635,99.46,40,SELL
19659,ORD019659,ORD019657,99.52,25,SELL
19662,ORD019662,ORD019657,99.52,30,SELL
19665,ORD019665,ORD019652,100.35,41,BUY
19666,ORD019666,ORD019652,100.35,8,BUY
19669,ORD019669,ORD019652,100.35,2,BUY
19669,ORD019669,ORD019655,101.06,15,BUY
19669,ORD019669,ORD019668,101.26,36,BUY
19671,ORD019671,ORD019670,100.21,46,SELL
19671,ORD019671,ORD019663,100.01,13,SELL
19674,ORD019674,ORD019663,100.01,67,SELL
19678,ORD019678,ORD019672,100.43,1,BUY
19678,ORD019678,ORD019677,101.87,40,BUY
19683,ORD019683,ORD019680,101.72,32,BUY
19685,ORD019685,ORD019680,101.72,31,BUY
19687,ORD019687,ORD019680,101.72,26,BUY
19687,ORD019687,ORD019677,101.87,17,BUY
19690,ORD019690,ORD019686,100.29,22,SELL
19690,ORD019690,ORD019663,100.01,5,SELL
19693,ORD019693,ORD019692,100.35,71,BUY
19693,ORD019693,ORD019691,101.79,28,BUY
19694,ORD019694,ORD019691,101.79,3,BUY
19699,ORD019699,ORD019663,100.01,7,SELL
19699,ORD019699,ORD019689,99.80,1,SELL
19701,ORD019701,ORD019700,101.58,76,BUY
19701,ORD019701,ORD019691,101.79,5,BUY
19703,ORD019703,ORD019691,101.79,16,BUY
19703,ORD019703,ORD019702,101.80,72,BUY
19705,ORD019705,ORD019702,101.80,12,BUY
19707,ORD019707,ORD019706,100.39,12,SELL
19708,ORD019708,ORD019706,100.39,8,SELL
19708,ORD019708,ORD019689,99.80,16,SELL
19709,ORD019709,ORD019689,99.80,16,SELL
19714,ORD019714,ORD019713,100.10,81,BUY
19715,ORD019715,ORD019713,100.10,4,BUY
19720,ORD019720,ORD019719,100.48,22,BUY
19723,ORD019723,ORD019715,100.16,80,SELL
19723,ORD019723,ORD019718,99.84,16,SELL
19726,ORD019726,ORD019719,100.48,20,BUY
19726,ORD019726,ORD019725,100.68,13,BUY
19730,ORD019730,ORD019727,100.07,32,SELL
19731,ORD019731,ORD019725,100.68,2,BUY
19731,ORD019731,ORD019710,101.44,42,BUY
19731,ORD019731,ORD019712,101.61,20,BUY
19732,ORD019732,ORD019712,101.61,21,BUY
19735,ORD019735,ORD019733,100.35,15,SELL
19736,ORD019736,ORD019733,100.35,19,SELL
19739,ORD019739,ORD019738,101.70,23,BUY
19741,ORD019741,ORD019733,100.35,10,SELL
19741,ORD019741,ORD019727,100.07,64,SELL
19741,ORD019741,ORD019740,99.96,10,SELL
19743,ORD019743,ORD019740,99.96,9,SELL
19744,ORD019744,ORD019740,99.96,26,SELL
19744,ORD019744,ORD019718,99.84,52,SELL
19744,ORD019744,ORD019689,99.80,20,SELL
19745,ORD019745,ORD019689,99.80,40,SELL
19745,ORD019745,ORD019696,99.78,17,SELL
19745,ORD019745,ORD019698,99.78,19,SELL
19747,ORD019747,ORD019738,101.70,22,BUY
19751,ORD019751,ORD019698,99.78,56,SELL
19751,ORD019751,ORD019688,99.74,7,SELL
19753,ORD019753,ORD019688,99.74,37,SELL
19755,ORD019755,ORD019752,100.16,23,BUY
19755,ORD019755,ORD019749,100.42,37,BUY
19757,ORD019757,ORD019688,99.74,55,SELL
19757,ORD019757,ORD019711,99.63,27,SELL
19758,ORD019758,ORD019749,100.42,37,BUY
19761,ORD019761,ORD019711,99.63,28,SELL
19761,ORD019761,ORD019748,99.62,63,SELL
19761,ORD019761,ORD019679,99.57,5,SELL
19763,ORD019763,ORD019679,99.57,18,SELL
19764,ORD019764,ORD019679,99.57,32,SELL
19765,ORD019765,ORD019679,99.57,31,SELL
19765,ORD019765,ORD019657,99.52,4,SELL
19765,ORD019765,ORD019673,99.48,15,SELL
19765,ORD019765,ORD019681,99.47,44,SELL
19767,ORD019767,ORD019766,100.95,21,BUY
19769,ORD019769,ORD019768,100.83,9,BUY
19770,ORD019770,ORD019681,99.47,6,SELL
19770,ORD019770,ORD019635,99.46,46,SELL
19770,ORD019770,ORD019639,99.43,7,SELL
19774,ORD019774,ORD019768,100.83,15,BUY
19775,ORD019775,ORD019772,100.48,54,SELL
19780,ORD019780,ORD019772,100.48,31,SELL
19781,ORD019781,ORD019768,100.83,31,BUY
19782,ORD019782,ORD019772,100.48,1,SELL
19782,ORD019782,ORD019773,100.39,44,SELL
19782,ORD019782,ORD019639,99.43,41,SELL
19784,ORD019784,ORD019768,100.83,19,BUY
19784,ORD019784,ORD019779,100.98,23,BUY
19788,ORD019788,ORD019787,99.89,24,BUY
19788,ORD019788,ORD019779,100.98,16,BUY
19788,ORD019788,ORD019785,101.17,46,BUY
19788,ORD019788,ORD019778,101.28,3,BUY
19789,ORD019789,ORD019639,99.43,17,SELL
19789,ORD019789,ORD019704,99.17,45,SELL
19789,ORD019789,ORD019717,99.15,4,SELL
19790,ORD019790,ORD019778,101.28,8,BUY
19790,ORD019790,ORD019771,101.61,39,BUY
19790,ORD019790,ORD019786,101.64,38,BUY
19794,ORD019794,ORD019717,99.15,24,SELL
19794,ORD019794,ORD019654,99.14,17,SELL
19795,ORD019795,ORD019654,99.14,43,SELL
19795,ORD019795,ORD019661,99.14,57,SELL
19796,ORD019796,ORD019793,101.22,13,BUY
19797,ORD019797,ORD019793,101.22,33,BUY
19799,ORD019799,ORD019798,99.40,72,SELL
19799,ORD019799,ORD019661,99.14,27,SELL
19802,ORD019802,ORD019793,101.22,13,BUY
19802,ORD019802,ORD019786,101.64,2,BUY
19805,ORD019805,ORD019801,100.33,16,SELL
19805,ORD019805,ORD019800,100.15,43,SELL
19806,ORD019806,ORD019800,100.15,50,SELL
19806,ORD019806,ORD019803,100.07,42,SELL
19807,ORD019807,ORD019804,100.57,12,BUY
19808,ORD019808,ORD019803,100.07,13,SELL
19808,ORD019808,ORD019661,99.14,11,SELL
19808,ORD019808,ORD019754,99.02,27,SELL
19808,ORD019808,ORD019729,98.88,15,SELL
19809,ORD019809,ORD019804,100.57,4,BUY
19817,ORD019817,ORD019816,99.74,51,SELL
19817,ORD019817,ORD019811,99.28,3,SELL
19817,ORD019817,ORD019729,98.88,44,SELL
19817,ORD019817,ORD019812,98.87,2,SELL
19820,ORD019820,ORD019819,100.35,34,BUY
19820,ORD019820,ORD019815,101.01,28,BUY
19821,ORD019821,ORD019815,101.01,43,BUY
19822,ORD019822,ORD019815,101.01,4,BUY
19825,ORD019825,ORD019823,100.45,78,SELL
19826,ORD019826,ORD019815,101.01,7,BUY
19826,ORD019826,ORD019824,101.66,13,BUY
19827,ORD019827,ORD019823,100.45,1,SELL
19827,ORD019827,ORD019818,99.71,2,SELL
19827,ORD019827,ORD019812,98.87,8,SELL
19828,ORD019828,ORD019812,98.87,14,SELL
19828,ORD019828,ORD019667,98.83,21,SELL
19831,ORD019831,ORD019830,100.08,47,BUY
19833,ORD019833,ORD019667,98.83,24,SELL
19833,ORD019833,ORD019716,98.80,55,SELL
19833,ORD019833,ORD019647,98.76,21,SELL
19834,ORD019834,ORD019647,98.76,28,SELL
19834,ORD019834,ORD019792,98.74,28,SELL
19835,ORD019835,ORD019792,98.74,38,SELL
19835,ORD019835,ORD019621,98.68,29,SELL
19835,ORD019835,ORD019737,98.55,25,SELL
19838,ORD019838,ORD019836,98.97,81,SELL
19838,ORD019838,ORD019737,98.55,2,SELL
19839,ORD019839,ORD019737,98.55,15,SELL
19839,ORD019839,ORD019644,98.47,4,SELL
19839,ORD019839,ORD019750,98.47,2,SELL
19839,ORD019839,ORD019675,98.44,2,SELL
19839,ORD019839,ORD019588,98.41,50,SELL
19841,ORD019841,ORD019830,100.08,41,BUY
19841,ORD019841,ORD019832,100.10,1,BUY
19842,ORD019842,ORD019588,98.41,14,SELL
19842,ORD019842,ORD019813,98.41,85,SELL
19845,ORD019845,ORD019843,99.60,5,BUY
19846,ORD019846,ORD019813,98.41,4,SELL
19846,ORD019846,ORD019658,98.39,28,SELL
19846,ORD019846,ORD019791,98.31,36,SELL
19849,ORD019849,ORD019791,98.31,12,SELL
19850,ORD019850,ORD019791,98.31,3,SELL
19850,ORD019850,ORD019682,98.28,42,SELL
19850,ORD019850,ORD019728,98.28,34,SELL
19851,ORD019851,ORD019728,98.28,8,SELL
19852,ORD019852,ORD019728,98.28,37,SELL
19852,ORD019852,ORD019722,98.26,41,SELL
19853,ORD019853,ORD019843,99.60,3,BUY
19854,ORD019854,ORD019848,100.02,15,BUY
19856,ORD019856,ORD019848,100.02,19,BUY
19861,ORD019861,ORD019853,99.91,17,SELL
19861,ORD019861,ORD019858,98.68,38,SELL
19861,ORD019861,ORD019855,98.58,4,SELL
19862,ORD019862,ORD019855,98.58,83,SELL
19862,ORD019862,ORD019722,98.26,1,SELL
19863,ORD019863,ORD019848,100.02,17,BUY
19863,ORD019863,ORD019832,100.10,59,BUY
19863,ORD019863,ORD019844,101.15,8,BUY
19864,ORD019864,ORD019844,101.15,24,BUY
19867,ORD019867,ORD019865,100.06,33,SELL
19869,ORD019869,ORD019865,100.06,9,SELL
19869,ORD019869,ORD019866,100.00,40,SELL
19875,ORD019875,ORD019874,100.13,15,BUY
19879,ORD019879,ORD019866,100.00,44,SELL
19879,ORD019879,ORD019722,98.26,48,SELL
19879,ORD019879,ORD019742,98.19,2,SELL
19882,ORD019882,ORD019881,98.50,62,SELL
19884,ORD019884,ORD019881,98.50,23,SELL
19884,ORD019884,ORD019742,98.19,14,SELL
19885,ORD019885,ORD019874,100.13,43,BUY
19885,ORD019885,ORD019883,100.45,21,BUY
19886,ORD019886,ORD019883,100.45,18,BUY
19886,ORD019886,ORD019871,100.61,64,BUY
19886,ORD019886,ORD019873,100.75,11,BUY
19887,ORD019887,ORD019873,100.75,11,BUY
19887,ORD019887,ORD019868,100.82,64,BUY
19887,ORD019887,ORD019844,101.15,12,BUY
19890,ORD019890,ORD019742,98.19,18,SELL
19890,ORD019890,ORD019510,98.14,5,SELL
19890,ORD019890,ORD019878,98.13,17,SELL
19892,ORD019892,ORD019844,101.15,1,BUY
19892,ORD019892,ORD019847,101.22,22,BUY
19892,ORD019892,ORD019829,101.48,33,BUY
19894,ORD019894,ORD019829,101.48,33,BUY
19894,ORD019894,ORD019872,101.59,67,BUY
19895,ORD019895,ORD019893,100.42,89,SELL
19896,ORD019896,ORD019872,101.59,27,BUY
19896,ORD019896,ORD019837,101.62,60,BUY
19897,ORD019897,ORD019893,100.42,5,SELL
19897,ORD019897,ORD019891,98.81,38,SELL
19903,ORD019903,ORD019899,100.98,3,BUY
19903,ORD019903,ORD019837,101.62,1,BUY
19903,ORD019903,ORD019824,101.66,10,BUY
19903,ORD019903,ORD019870,101.81,33,BUY
19904,ORD019904,ORD019870,101.81,62,BUY
19904,ORD019904,ORD019840,101.84,33,BUY
19905,ORD019905,ORD019840,101.84,33,BUY
19905,ORD019905,ORD019877,101.85,32,BUY
19905,ORD019905,ORD019859,101.96,28,BUY
19906,ORD019906,ORD019859,101.96,45,BUY
19908,ORD019908,ORD019900,100.40,17,SELL
19908,ORD019908,ORD019898,99.97,7,SELL
19912,ORD019912,ORD019911,101.52,26,BUY
19914,ORD019914,ORD019898,99.97,24,SELL
19914,ORD019914,ORD019910,99.33,44,SELL
19916,ORD019916,ORD019915,100.19,56,BUY
19919,ORD019919,ORD019910,99.33,27,SELL
19919,ORD019919,ORD019901,98.99,28,SELL
19920,ORD019920,ORD019901,98.99,19,SELL
19920,ORD019920,ORD019902,98.91,50,SELL
19922,ORD019922,ORD019921,99.32,8,SELL
19922,ORD019922,ORD019902,98.91,11,SELL
19922,ORD019922,ORD019891,98.81,29,SELL
19922,ORD019922,ORD019913,98.36,42,SELL
19923,ORD019923,ORD019918,99.97,2,BUY
19924,ORD019924,ORD019918,99.97,25,BUY
19926,ORD019926,ORD019918,99.97,23,BUY
19927,ORD019927,ORD019918,99.97,45,BUY
19930,ORD019930,ORD019927,100.16,47,SELL
19930,ORD019930,ORD019929,99.82,33,SELL
19933,ORD019933,ORD019932,100.26,27,BUY
19933,ORD019933,ORD019917,101.09,33,BUY
19934,ORD019934,ORD019929,99.82,3,SELL
19936,ORD019936,ORD019929,99.82,19,SELL
19936,ORD019936,ORD019931,99.10,5,SELL
19939,ORD019939,ORD019931,99.10,28,SELL
19940,ORD019940,ORD019937,99.68,24,BUY
19941,ORD019941,ORD019931,99.10,27,SELL
19941,ORD019941,ORD019938,98.37,3,SELL
19941,ORD019941,ORD019913,98.36,46,SELL
19941,ORD019941,ORD019907,98.27,19,SELL
19942,ORD019942,ORD019937,99.68,45,BUY
19943,ORD019943,ORD019942,99.95,14,SELL
19943,ORD019943,ORD019907,98.27,36,SELL
19944,ORD019944,ORD019907,98.27,8,SELL
19944,ORD019944,ORD019928,98.14,31,SELL
19952,ORD019952,ORD019951,99.72,35,BUY
19953,ORD019953,ORD019951,99.72,15,BUY
19954,ORD019954,ORD019951,99.72,5,BUY
19956,ORD019956,ORD019954,100.34,55,SELL
19957,ORD019957,ORD019954,100.34,2,SELL
19958,ORD019958,ORD019957,99.65,11,BUY
19959,ORD019959,ORD019957,99.65,12,BUY
19959,ORD019959,ORD019947,101.44,26,BUY
19959,ORD019959,ORD019946,101.56,26,BUY
19963,ORD019963,ORD019962,100.40,43,SELL
19964,ORD019964,ORD019946,101.56,39,BUY
19965,ORD019965,ORD019962,100.40,19,SELL
19965,ORD019965,ORD019961,99.07,24,SELL
19965,ORD019965,ORD019950,99.02,3,SELL
19965,ORD019965,ORD019948,98.94,54,SELL
19968,ORD019968,ORD019966,99.31,73,SELL
19968,ORD019968,ORD019948,98.94,4,SELL
19971,ORD019971,ORD019967,100.09,34,BUY
19976,ORD019976,ORD019970,99.17,49,SELL
19976,ORD019976,ORD019948,98.94,5,SELL
19976,ORD019976,ORD019945,98.77,42,SELL
19978,ORD019978,ORD019945,98.77,29,SELL
19978,ORD019978,ORD019960,98.45,57,SELL
19980,ORD019980,ORD019972,99.76,74,BUY
19980,ORD019980,ORD019977,99.84,12,BUY
19981,ORD019981,ORD019979,99.41,9,SELL
19983,ORD019983,ORD019977,99.84,30,BUY
19983,ORD019983,ORD019967,100.09,20,BUY
19983,ORD019983,ORD019973,100.37,2,BUY
19984,ORD019984,ORD019979,99.41,34,SELL
19984,ORD019984,ORD019960,98.45,9,SELL
19984,ORD019984,ORD019955,98.40,2,SELL
19985,ORD019985,ORD019973,100.37,24,BUY
19985,ORD019985,ORD019982,100.39,38,BUY
19985,ORD019985,ORD019975,101.05,2,BUY
19986,ORD019986,ORD019975,101.05,24,BUY
19989,ORD019989,ORD019975,101.05,68,BUY
19989,ORD019989,ORD019969,101.24,32,BUY
19990,ORD019990,ORD019969,101.24,52,BUY
19991,ORD019991,ORD019969,101.24,5,BUY
19996,ORD019996,ORD019993,100.13,6,BUY
19996,ORD019996,ORD019992,101.17,63,BUY
