sequence,order_id,type,side,price,quantity
1,ORD000001,LIMIT,BUY,98.61,18
2,ORD000002,LIMIT,BUY,98.08,12
3,ORD000003,LIMIT,BUY,99.79,90
4,ORD000004,MARKET,BUY,,36
5,ORD000005,LIMIT,BUY,98.4,55
6,ORD000006,MARKET,BUY,,98
7,ORD000007,MARKET,BUY,,46
8,ORD000008,LIMIT,SELL,101.32,69
9,ORD000009,MARKET,SELL,,38
10,ORD000010,LIMIT,SELL,101.26,6
11,ORD000011,LIMIT,SELL,101.64,13
12,ORD000012,LIMIT,SELL,100.41,48
13,ORD000013,LIMIT,SELL,101.21,10
14,ORD000014,LIMIT,BUY,98.61,60
15,ORD000015,LIMIT,BUY,100.11,100
16,ORD000016,LIMIT,BUY,99.0,9
17,ORD000017,MARKET,SELL,,64
18,ORD000018,MARKET,SELL,,18
19,ORD000019,LIMIT,SELL,100.57,75
20,ORD000020,LIMIT,BUY,98.35,64
21,ORD000021,LIMIT,BUY,98.38,21
22,ORD000022,LIMIT,SELL,100.46,77
23,ORD000023,LIMIT,SELL,101.65,2
24,ORD000024,LIMIT,BUY,99.34,35
25,ORD000025,MARKET,SELL,,56
26,ORD000026,LIMIT,BUY,100.19,34
27,ORD000027,LIMIT,BUY,98.27,81
28,ORD000028,MARKET,BUY,,98
29,ORD000029,LIMIT,BUY,99.22,15
30,ORD000030,MARKET,SELL,,31
31,ORD000031,MARKET,BUY,,63
32,ORD000032,MARKET,BUY,,61
33,ORD000033,MARKET,BUY,,78
34,ORD000034,LIMIT,BUY,99.89,89
35,ORD000035,MARKET,SELL,,86
36,ORD000036,LIMIT,SELL,100.63,32
37,ORD000037,MARKET,SELL,,71
38,ORD000038,MARKET,BUY,,91
39,ORD000039,MARKET,BUY,,5
40,ORD000040,LIMIT,BUY,98.7,63
41,ORD000041,LIMIT,BUY,100.21,74
42,ORD000042,LIMIT,SELL,99.98,13
43,ORD000043,MARKET,SELL,,60
44,ORD000044,LIMIT,BUY,100.46,13
45,ORD000045,LIMIT,SELL,99.77,25
46,ORD000046,MARKET,SELL,,24
47,ORD000047,LIMIT,BUY,98.19,71
48,ORD000048,LIMIT,BUY,100.32,31
49,ORD000049,MARKET,SELL,,52
50,ORD000050,MARKET,BUY,,50
51,ORD000051,MARKET,SELL,,90
52,ORD000052,MARKET,SELL,,38
53,ORD000053,LIMIT,BUY,99.36,96
54,ORD000054,LIMIT,BUY,99.26,68
55,ORD000055,LIMIT,BUY,98.17,9
56,ORD000056,MARKET,BUY,,73
57,ORD000057,LIMIT,BUY,99.05,75
58,ORD000058,LIMIT,SELL,100.01,92
59,ORD000059,MARKET,SELL,,86
60,ORD000060,MARKET,SELL,,97
61,ORD000061,MARKET,BUY,,73
62,ORD000062,LIMIT,BUY,99.26,17
63,ORD000063,LIMIT,BUY,98.92,21
64,ORD000064,LIMIT,SELL,101.97,84
65,ORD000065,LIMIT,SELL,99.76,18
66,ORD000066,LIMIT,BUY,98.39,37
67,ORD000067,MARKET,SELL,,82
68,ORD000068,MARKET,SELL,,7
69,ORD000069,LIMIT,SELL,99.61,43
70,ORD000070,MARKET,SELL,,57
71,ORD000071,LIMIT,SELL,99.78,89
72,ORD000072,LIMIT,BUY,99.46,19
73,ORD000073,MARKET,BUY,,6
74,ORD000074,LIMIT,BUY,99.67,46
75,ORD000075,LIMIT,SELL,101.37,31
76,ORD000076,LIMIT,BUY,98.06,95
77,ORD000077,LIMIT,SELL,101.66,32
78,ORD000078,MARKET,BUY,,5
79,ORD000079,MARKET,BUY,,59
80,ORD000080,MARKET,BUY,,85
81,ORD000081,MARKET,SELL,,9
82,ORD000082,MARKET,SELL,,66
83,ORD000083,LIMIT,SELL,99.79,34
84,ORD000084,MARKET,SELL,,77
85,ORD000085,MARKET,SELL,,66
86,ORD000086,MARKET,BUY,,91
87,ORD000087,MARKET,BUY,,9
88,ORD000088,LIMIT,SELL,101.16,16
89,ORD000089,LIMIT,SELL,101.17,42
90,ORD000090,LIMIT,SELL,99.98,86
91,ORD000091,LIMIT,BUY,98.75,71
92,ORD000092,MARKET,SELL,,56
93,ORD000093,MARKET,SELL,,57
94,ORD000094,LIMIT,SELL,101.9,95
95,ORD000095,MARKET,BUY,,85
96,ORD000096,MARKET,SELL,,97
97,ORD000097,MARKET,SELL,,26
98,ORD000098,MARKET,BUY,,61
99,ORD000099,MARKET,BUY,,81
100,ORD000100,MARKET,SELL,,32
101,ORD000101,LIMIT,BUY,100.15,14
102,ORD000102,MARKET,BUY,,90
103,ORD000103,LIMIT,BUY,100.29,16
104,ORD000104,LIMIT,SELL,101.97,77
105,ORD000105,LIMIT,SELL,101.3,65
106,ORD000106,LIMIT,SELL,101.36,61
107,ORD000107,LIMIT,BUY,98.69,100
108,ORD000108,MARKET,BUY,,10
109,ORD000109,MARKET,BUY,,41
110,ORD000110,MARKET,BUY,,30
111,ORD000111,LIMIT,BUY,98.16,53
112,ORD000112,MARKET,SELL,,27
113,ORD000113,LIMIT,SELL,100.96,90
114,ORD000106,CANCEL,,,
115,ORD000115,MARKET,SELL,,46
116,ORD000116,LIMIT,SELL,101.88,54
117,ORD000117,MARKET,BUY,,35
118,ORD000118,MARKET,BUY,,86
119,ORD000119,LIMIT,SELL,101.6,17
120,ORD000120,LIMIT,BUY,99.48,85
121,ORD000072,CANCEL,,,
122,ORD000122,MARKET,SELL,,34
123,ORD000123,MARKET,BUY,,44
124,ORD000124,MARKET,SELL,,54
125,ORD000125,MARKET,BUY,,96
126,ORD000126,MARKET,SELL,,9
127,ORD000127,LIMIT,BUY,100.37,26
128,ORD000128,MARKET,BUY,,61
129,ORD000129,MARKET,BUY,,33
130,ORD000130,LIMIT,BUY,100.41,92
131,ORD000131,LIMIT,BUY,98.27,4
132,ORD000132,MARKET,SELL,,92
133,ORD000133,MARKET,BUY,,99
134,ORD000134,LIMIT,BUY,99.41,6
135,ORD000135,LIMIT,SELL,99.67,83
136,ORD000136,LIMIT,SELL,99.76,47
137,ORD000137,LIMIT,SELL,100.59,94
138,ORD000138,LIMIT,SELL,101.8,100
139,ORD000139,LIMIT,SELL,100.98,42
140,ORD000140,MARKET,BUY,,58
141,ORD000141,LIMIT,SELL,101.17,44
142,ORD000074,CANCEL,,,
143,ORD000143,MARKET,BUY,,34
144,ORD000144,LIMIT,SELL,100.79,25
145,ORD000145,MARKET,SELL,,98
146,ORD000146,LIMIT,SELL,100.73,3
147,ORD000147,MARKET,BUY,,32
148,ORD000148,MARKET,SELL,,68
149,ORD000149,MARKET,SELL,,59
150,ORD000150,MARKET,SELL,,93
151,ORD000151,LIMIT,BUY,100.38,89
152,ORD000152,LIMIT,BUY,98.69,76
153,ORD000153,LIMIT,SELL,101.58,38
154,ORD000154,MARKET,BUY,,91
155,ORD000155,MARKET,SELL,,7
156,ORD000156,LIMIT,BUY,99.88,14
157,ORD000157,MARKET,SELL,,57
158,ORD000158,MARKET,BUY,,62
159,ORD000159,MARKET,BUY,,10
160,ORD000160,MARKET,BUY,,73
161,ORD000161,LIMIT,BUY,98.3,98
162,ORD000162,LIMIT,BUY,98.95,57
163,ORD000163,MARKET,SELL,,80
164,ORD000164,LIMIT,BUY,98.52,28
165,ORD000165,MARKET,BUY,,23
166,ORD000166,MARKET,BUY,,58
167,ORD000167,MARKET,SELL,,30
168,ORD000168,LIMIT,SELL,100.64,88
169,ORD000169,LIMIT,SELL,101.06,85
170,ORD000170,MARKET,BUY,,70
171,ORD000171,LIMIT,BUY,100.07,10
172,ORD000172,LIMIT,SELL,101.56,37
173,ORD000173,LIMIT,SELL,101.25,35
174,ORD000174,MARKET,SELL,,77
175,ORD000111,CANCEL,,,
176,ORD000176,MARKET,SELL,,30
177,ORD000177,LIMIT,BUY,99.68,35
178,ORD000178,MARKET,BUY,,84
179,ORD000179,MARKET,SELL,,75
180,ORD000180,LIMIT,SELL,100.68,53
181,ORD000181,LIMIT,BUY,98.82,89
182,ORD000182,LIMIT,SELL,100.88,59
183,ORD000183,MARKET,SELL,,99
184,ORD000184,LIMIT,BUY,99.36,53
185,ORD000185,LIMIT,SELL,100.75,57
186,ORD000186,MARKET,BUY,,17
187,ORD000187,LIMIT,SELL,100.71,4
188,ORD000188,LIMIT,BUY,98.78,2
189,ORD000189,MARKET,BUY,,15
190,ORD000190,LIMIT,BUY,98.38,92
191,ORD000191,MARKET,SELL,,62
192,ORD000192,MARKET,BUY,,19
193,ORD000193,LIMIT,BUY,98.69,54
194,ORD000194,LIMIT,SELL,100.21,39
195,ORD000195,LIMIT,SELL,100.62,62
196,ORD000196,MARKET,SELL,,42
197,ORD000197,LIMIT,BUY,98.58,100
198,ORD000198,LIMIT,SELL,101.26,49
199,ORD000199,MARKET,BUY,,5
200,ORD000200,LIMIT,SELL,101.69,57
201,ORD000201,MARKET,SELL,,19
202,ORD000202,MARKET,BUY,,34
203,ORD000203,LIMIT,SELL,101.63,87
204,ORD000204,LIMIT,SELL,101.07,98
205,ORD000205,LIMIT,BUY,98.59,88
206,ORD000206,LIMIT,BUY,99.08,13
207,ORD000207,MARKET,BUY,,89
208,ORD000208,MARKET,BUY,,8
209,ORD000209,MARKET,SELL,,32
210,ORD000210,MARKET,BUY,,11
211,ORD000211,LIMIT,SELL,100.1,75
212,ORD000212,LIMIT,SELL,100.65,86
213,ORD000211,CANCEL,,,
214,ORD000214,LIMIT,SELL,99.89,57
215,ORD000215,LIMIT,SELL,100.56,33
216,ORD000216,MARKET,SELL,,50
217,ORD000217,MARKET,BUY,,74
218,ORD000218,LIMIT,SELL,100.24,85
219,ORD000219,LIMIT,BUY,99.71,96
220,ORD000220,LIMIT,SELL,101.76,100
221,ORD000221,MARKET,SELL,,25
222,ORD000222,LIMIT,BUY,100.26,83
223,ORD000205,CANCEL,,,
224,ORD000224,LIMIT,SELL,99.73,38
225,ORD000225,MARKET,SELL,,17
226,ORD000226,LIMIT,SELL,101.78,22
227,ORD000227,LIMIT,SELL,100.24,44
228,ORD000228,LIMIT,SELL,99.85,29
229,ORD000229,LIMIT,SELL,101.51,47
230,ORD000230,MARKET,SELL,,69
231,ORD000231,LIMIT,SELL,101.18,75
232,ORD000232,MARKET,SELL,,30
233,ORD000233,LIMIT,SELL,100.05,9
234,ORD000234,LIMIT,SELL,100.26,53
235,ORD000235,LIMIT,BUY,98.76,64
236,ORD000236,LIMIT,BUY,98.34,59
237,ORD000237,LIMIT,SELL,101.32,54
238,ORD000238,LIMIT,SELL,101.85,36
239,ORD000090,CANCEL,,,
240,ORD000240,LIMIT,SELL,101.64,13
241,ORD000241,LIMIT,SELL,101.94,46
242,ORD000242,MARKET,SELL,,16
243,ORD000243,MARKET,SELL,,28
244,ORD000244,MARKET,BUY,,43
245,ORD000245,LIMIT,BUY,98.51,98
246,ORD000246,LIMIT,BUY,98.58,100
247,ORD000247,MARKET,BUY,,19
248,ORD000248,LIMIT,SELL,99.77,4
249,ORD000249,LIMIT,SELL,100.09,42
250,ORD000058,CANCEL,,,
251,ORD000251,LIMIT,SELL,101.36,61
252,ORD000252,LIMIT,SELL,99.77,65
253,ORD000253,LIMIT,BUY,100.27,85
254,ORD000254,LIMIT,SELL,99.58,62
255,ORD000255,LIMIT,SELL,100.73,57
256,ORD000256,MARKET,BUY,,19
257,ORD000257,LIMIT,SELL,100.96,92
258,ORD000258,MARKET,SELL,,78
259,ORD000259,LIMIT,BUY,99.63,99
260,ORD000260,MARKET,BUY,,30
261,ORD000261,MARKET,SELL,,94
262,ORD000262,MARKET,SELL,,33
263,ORD000263,LIMIT,BUY,99.19,12
264,ORD000264,MARKET,BUY,,96
265,ORD000265,LIMIT,BUY,99.47,72
266,ORD000266,MARKET,BUY,,86
267,ORD000267,LIMIT,SELL,101.3,37
268,ORD000268,MARKET,SELL,,65
269,ORD000269,MARKET,SELL,,14
270,ORD000270,MARKET,SELL,,36
271,ORD000271,LIMIT,SELL,101.94,80
272,ORD000272,LIMIT,BUY,99.64,89
273,ORD000273,MARKET,BUY,,98
274,ORD000274,MARKET,SELL,,24
275,ORD000275,MARKET,SELL,,95
276,ORD000276,MARKET,BUY,,68
277,ORD000277,MARKET,SELL,,21
278,ORD000278,LIMIT,SELL,100.92,11
279,ORD000279,MARKET,BUY,,80
280,ORD000029,CANCEL,,,
281,ORD000281,MARKET,SELL,,57
282,ORD000282,LIMIT,BUY,98.28,56
283,ORD000283,LIMIT,SELL,100.27,29
284,ORD000284,MARKET,BUY,,39
285,ORD000285,LIMIT,BUY,98.72,16
286,ORD000233,CANCEL,,,
287,ORD000287,LIMIT,SELL,100.08,72
288,ORD000288,MARKET,SELL,,95
289,ORD000008,CANCEL,,,
290,ORD000290,LIMIT,BUY,99.44,74
291,ORD000291,MARKET,SELL,,52
292,ORD000184,CANCEL,,,
293,ORD000293,LIMIT,SELL,101.8,12
294,ORD000294,MARKET,BUY,,76
295,ORD000295,MARKET,BUY,,40
296,ORD000296,MARKET,BUY,,22
297,ORD000297,LIMIT,BUY,98.48,100
298,ORD000298,MARKET,BUY,,19
299,ORD000299,LIMIT,BUY,99.9,84
300,ORD000300,MARKET,SELL,,73
301,ORD000301,LIMIT,SELL,101.71,83
302,ORD000302,LIMIT,SELL,101.07,20
303,ORD000303,MARKET,SELL,,39
304,ORD000304,MARKET,BUY,,10
305,ORD000305,MARKET,SELL,,48
306,ORD000306,LIMIT,BUY,100.44,12
307,ORD000307,MARKET,SELL,,71
308,ORD000308,MARKET,BUY,,74
309,ORD000309,LIMIT,SELL,100.75,8
310,ORD000310,LIMIT,SELL,99.71,83
311,ORD000311,LIMIT,BUY,100.48,68
312,ORD000312,MARKET,BUY,,37
313,ORD000313,LIMIT,SELL,99.63,81
314,ORD000314,MARKET,BUY,,72
315,ORD000315,MARKET,SELL,,85
316,ORD000316,MARKET,BUY,,75
317,ORD000317,MARKET,SELL,,84
318,ORD000318,MARKET,SELL,,91
319,ORD000319,LIMIT,SELL,101.11,43
320,ORD000320,LIMIT,BUY,99.06,47
321,ORD000177,CANCEL,,,
322,ORD000322,MARKET,BUY,,99
323,ORD000323,LIMIT,BUY,98.39,38
324,ORD000324,LIMIT,BUY,99.35,95
325,ORD000325,LIMIT,BUY,100.19,80
326,ORD000326,MARKET,SELL,,24
327,ORD000327,LIMIT,BUY,98.11,47
328,ORD000328,LIMIT,BUY,99.53,97
329,ORD000329,MARKET,SELL,,31
330,ORD000330,LIMIT,SELL,99.99,87
331,ORD000331,MARKET,SELL,,37
332,ORD000332,LIMIT,SELL,101.54,78
333,ORD000333,MARKET,SELL,,62
334,ORD000334,LIMIT,BUY,99.29,16
335,ORD000335,MARKET,BUY,,66
336,ORD000336,MARKET,SELL,,29
337,ORD000337,LIMIT,SELL,100.54,51
338,ORD000338,MARKET,BUY,,11
339,ORD000339,MARKET,BUY,,13
340,ORD000340,LIMIT,SELL,99.84,37
341,ORD000341,LIMIT,SELL,99.85,91
342,ORD000342,LIMIT,BUY,98.05,28
343,ORD000343,MARKET,SELL,,37
344,ORD000344,MARKET,BUY,,54
345,ORD000345,MARKET,SELL,,64
346,ORD000346,LIMIT,BUY,99.44,92
347,ORD000347,MARKET,SELL,,46
348,ORD000348,MARKET,SELL,,86
349,ORD000349,MARKET,SELL,,68
350,ORD000350,MARKET,BUY,,61
351,ORD000219,CANCEL,,,
352,ORD000352,LIMIT,SELL,100.39,9
353,ORD000353,LIMIT,BUY,99.84,43
354,ORD000354,LIMIT,SELL,101.53,23
355,ORD000355,LIMIT,SELL,100.7,24
356,ORD000356,LIMIT,BUY,100.36,5
357,ORD000357,LIMIT,BUY,100.21,41
358,ORD000358,LIMIT,SELL,100.86,33
359,ORD000104,CANCEL,,,
360,ORD000360,LIMIT,BUY,98.83,16
361,ORD000361,LIMIT,SELL,101.36,50
362,ORD000362,MARKET,BUY,,64
363,ORD000363,LIMIT,SELL,101.32,11
364,ORD000364,LIMIT,BUY,98.8,11
365,ORD000365,MARKET,SELL,,78
366,ORD000366,LIMIT,BUY,98.88,6
367,ORD000367,LIMIT,SELL,100.59,82
368,ORD000368,MARKET,BUY,,82
369,ORD000369,LIMIT,BUY,98.36,78
370,ORD000370,MARKET,SELL,,9
371,ORD000371,MARKET,SELL,,73
372,ORD000076,CANCEL,,,
373,ORD000373,MARKET,SELL,,98
374,ORD000374,LIMIT,BUY,99.0,84
375,ORD000375,MARKET,BUY,,24
376,ORD000376,LIMIT,SELL,99.79,100
377,ORD000377,MARKET,SELL,,79
378,ORD000378,MARKET,SELL,,18
379,ORD000379,MARKET,SELL,,92
380,ORD000380,LIMIT,BUY,100.42,41
381,ORD000381,LIMIT,BUY,98.73,39
382,ORD000382,LIMIT,BUY,99.27,16
383,ORD000383,MARKET,BUY,,64
384,ORD000319,CANCEL,,,
385,ORD000385,LIMIT,SELL,100.88,79
386,ORD000386,MARKET,BUY,,92
387,ORD000387,LIMIT,SELL,101.56,10
388,ORD000388,LIMIT,SELL,100.62,88
389,ORD000389,LIMIT,BUY,99.95,82
390,ORD000390,MARKET,BUY,,8
391,ORD000391,MARKET,BUY,,21
392,ORD000392,MARKET,BUY,,67
393,ORD000393,MARKET,BUY,,82
394,ORD000394,MARKET,SELL,,39
395,ORD000395,LIMIT,BUY,98.42,75
396,ORD000396,LIMIT,SELL,100.91,4
397,ORD000397,LIMIT,SELL,101.42,54
398,ORD000398,MARKET,BUY,,81
399,ORD000399,MARKET,SELL,,88
400,ORD000400,MARKET,SELL,,8
401,ORD000401,MARKET,SELL,,27
402,ORD000402,MARKET,BUY,,92
403,ORD000403,LIMIT,SELL,99.83,48
404,ORD000404,MARKET,BUY,,60
405,ORD000405,MARKET,SELL,,13
406,ORD000406,LIMIT,SELL,100.55,21
407,ORD000407,MARKET,SELL,,21
408,ORD000408,MARKET,SELL,,40
409,ORD000409,LIMIT,BUY,99.26,31
410,ORD000410,MARKET,SELL,,37
411,ORD000411,MARKET,SELL,,2
412,ORD000412,MARKET,SELL,,34
413,ORD000413,MARKET,SELL,,52
414,ORD000414,MARKET,BUY,,37
415,ORD000415,LIMIT,SELL,100.2,80
416,ORD000416,MARKET,BUY,,13
417,ORD000417,LIMIT,SELL,100.41,19
418,ORD000418,LIMIT,SELL,99.61,18
419,ORD000419,LIMIT,SELL,99.87,66
420,ORD000420,MARKET,SELL,,79
421,ORD000421,LIMIT,SELL,100.77,66
422,ORD000422,MARKET,SELL,,3
423,ORD000423,LIMIT,BUY,99.46,93
424,ORD000424,LIMIT,BUY,98.66,84
425,ORD000425,LIMIT,BUY,99.46,22
426,ORD000426,MARKET,SELL,,88
427,ORD000427,MARKET,BUY,,57
428,ORD000428,MARKET,BUY,,27
429,ORD000429,LIMIT,SELL,101.34,8
430,ORD000430,LIMIT,BUY,100.5,62
431,ORD000431,LIMIT,SELL,100.65,69
432,ORD000432,LIMIT,SELL,101.67,88
433,ORD000433,LIMIT,SELL,99.98,32
434,ORD000434,MARKET,SELL,,39
435,ORD000435,LIMIT,BUY,99.22,62
436,ORD000436,MARKET,SELL,,74
437,ORD000437,LIMIT,SELL,100.49,45
438,ORD000438,MARKET,BUY,,37
439,ORD000439,MARKET,BUY,,57
440,ORD000440,MARKET,SELL,,69
441,ORD000441,MARKET,SELL,,79
442,ORD000442,MARKET,BUY,,86
443,ORD000443,LIMIT,BUY,98.13,53
444,ORD000444,MARKET,SELL,,99
445,ORD000445,MARKET,BUY,,61
446,ORD000446,LIMIT,BUY,98.72,37
447,ORD000447,LIMIT,BUY,98.58,95
448,ORD000448,LIMIT,BUY,98.44,23
449,ORD000449,LIMIT,BUY,98.99,64
450,ORD000450,LIMIT,SELL,99.52,73
451,ORD000451,MARKET,SELL,,83
452,ORD000452,LIMIT,SELL,99.84,65
453,ORD000453,LIMIT,BUY,98.83,94
454,ORD000454,LIMIT,SELL,99.54,44
455,ORD000455,MARKET,BUY,,82
456,ORD000456,LIMIT,SELL,99.72,86
457,ORD000457,MARKET,BUY,,32
458,ORD000224,CANCEL,,,
459,ORD000459,LIMIT,SELL,100.25,93
460,ORD000460,LIMIT,SELL,101.23,8
461,ORD000461,MARKET,SELL,,52
462,ORD000462,LIMIT,SELL,101.1,38
463,ORD000463,MARKET,BUY,,18
464,ORD000464,LIMIT,SELL,101.01,54
465,ORD000465,LIMIT,SELL,101.5,28
466,ORD000466,LIMIT,BUY,99.32,47
467,ORD000467,MARKET,BUY,,71
468,ORD000468,LIMIT,BUY,98.37,42
469,ORD000469,MARKET,SELL,,27
470,ORD000470,MARKET,SELL,,66
471,ORD000471,MARKET,BUY,,66
472,ORD000472,LIMIT,BUY,99.68,40
473,ORD000473,MARKET,SELL,,1
474,ORD000474,MARKET,BUY,,45
475,ORD000475,LIMIT,BUY,98.17,61
476,ORD000235,CANCEL,,,
477,ORD000477,LIMIT,BUY,100.45,83
478,ORD000478,LIMIT,SELL,100.46,49
479,ORD000479,LIMIT,BUY,98.87,23
480,ORD000480,LIMIT,SELL,101.32,29
481,ORD000481,LIMIT,BUY,99.16,93
482,ORD000482,LIMIT,SELL,100.12,45
483,ORD000483,LIMIT,BUY,99.81,15
484,ORD000382,CANCEL,,,
485,ORD000485,MARKET,BUY,,9
486,ORD000486,MARKET,BUY,,87
487,ORD000487,MARKET,BUY,,6
488,ORD000488,LIMIT,BUY,99.89,100
489,ORD000489,MARKET,SELL,,94
490,ORD000490,MARKET,SELL,,19
491,ORD000491,MARKET,BUY,,36
492,ORD000492,LIMIT,BUY,99.07,64
493,ORD000198,CANCEL,,,
494,ORD000494,LIMIT,SELL,100.3,54
495,ORD000495,MARKET,SELL,,97
496,ORD000496,LIMIT,BUY,98.75,91
497,ORD000497,LIMIT,SELL,100.91,54
498,ORD000498,MARKET,BUY,,33
499,ORD000499,LIMIT,BUY,100.12,12
500,ORD000500,MARKET,BUY,,49
501,ORD000501,LIMIT,BUY,98.47,98
502,ORD000502,MARKET,BUY,,43
503,ORD000503,MARKET,BUY,,25
504,ORD000504,LIMIT,BUY,99.89,32
505,ORD000505,MARKET,BUY,,31
506,ORD000506,MARKET,SELL,,69
507,ORD000507,MARKET,SELL,,66
508,ORD000508,MARKET,SELL,,93
509,ORD000509,LIMIT,SELL,100.43,53
510,ORD000496,CANCEL,,,
511,ORD000511,MARKET,BUY,,71
512,ORD000512,MARKET,SELL,,26
513,ORD000513,LIMIT,SELL,100.11,71
514,ORD000514,MARKET,SELL,,63
515,ORD000515,MARKET,SELL,,94
516,ORD000516,MARKET,BUY,,70
517,ORD000517,LIMIT,BUY,100.1,10
518,ORD000518,LIMIT,BUY,99.03,81
519,ORD000519,MARKET,BUY,,65
520,ORD000520,LIMIT,BUY,99.67,79
521,ORD000521,MARKET,SELL,,69
522,ORD000522,MARKET,BUY,,93
523,ORD000523,MARKET,SELL,,90
524,ORD000524,MARKET,BUY,,13
525,ORD000525,MARKET,BUY,,68
526,ORD000526,MARKET,SELL,,51
527,ORD000527,MARKET,SELL,,32
528,ORD000528,MARKET,BUY,,11
529,ORD000529,MARKET,BUY,,49
530,ORD000530,MARKET,SELL,,2
531,ORD000531,MARKET,BUY,,56
532,ORD000532,LIMIT,SELL,101.64,13
533,ORD000533,MARKET,BUY,,89
534,ORD000534,MARKET,SELL,,10
535,ORD000535,LIMIT,SELL,100.91,5
536,ORD000536,MARKET,SELL,,27
537,ORD000537,LIMIT,SELL,100.25,73
538,ORD000538,LIMIT,SELL,100.85,50
539,ORD000539,LIMIT,BUY,99.72,11
540,ORD000540,MARKET,SELL,,56
541,ORD000541,MARKET,BUY,,99
542,ORD000542,LIMIT,SELL,100.32,82
543,ORD000543,MARKET,SELL,,46
544,ORD000544,MARKET,SELL,,88
545,ORD000545,MARKET,SELL,,80
546,ORD000546,LIMIT,BUY,98.21,20
547,ORD000547,LIMIT,BUY,98.79,14
548,ORD000548,MARKET,SELL,,98
549,ORD000549,MARKET,BUY,,56
550,ORD000550,MARKET,SELL,,12
551,ORD000551,LIMIT,BUY,99.96,50
552,ORD000238,CANCEL,,,
553,ORD000553,LIMIT,BUY,99.4,32
554,ORD000554,LIMIT,BUY,98.42,35
555,ORD000555,MARKET,SELL,,22
556,ORD000556,MARKET,SELL,,10
557,ORD000557,LIMIT,BUY,99.24,79
558,ORD000558,MARKET,BUY,,1
559,ORD000559,LIMIT,SELL,100.45,43
560,ORD000560,LIMIT,SELL,101.65,77
561,ORD000561,LIMIT,SELL,101.24,62
562,ORD000562,LIMIT,SELL,100.23,89
563,ORD000563,MARKET,BUY,,36
564,ORD000564,MARKET,SELL,,73
565,ORD000565,LIMIT,BUY,99.38,94
566,ORD000566,MARKET,BUY,,38
567,ORD000567,LIMIT,BUY,99.99,53
568,ORD000568,LIMIT,BUY,98.61,85
569,ORD000569,LIMIT,SELL,99.68,77
570,ORD000570,LIMIT,SELL,101.81,89
571,ORD000571,LIMIT,BUY,98.9,69
572,ORD000572,MARKET,BUY,,32
573,ORD000573,MARKET,SELL,,79
574,ORD000376,CANCEL,,,
575,ORD000575,LIMIT,SELL,100.33,56
576,ORD000576,MARKET,BUY,,66
577,ORD000577,MARKET,BUY,,51
578,ORD000578,MARKET,BUY,,4
579,ORD000579,MARKET,SELL,,11
580,ORD000580,MARKET,BUY,,44
581,ORD000581,LIMIT,BUY,98.87,13
582,ORD000582,MARKET,SELL,,39
583,ORD000423,CANCEL,,,
584,ORD000584,LIMIT,SELL,101.19,22
585,ORD000585,LIMIT,BUY,99.38,43
586,ORD000586,MARKET,SELL,,52
587,ORD000587,LIMIT,BUY,99.08,4
588,ORD000588,MARKET,BUY,,55
589,ORD000589,MARKET,BUY,,97
590,ORD000590,LIMIT,BUY,100.0,69
591,ORD000591,MARKET,SELL,,15
592,ORD000592,LIMIT,SELL,101.1,77
593,ORD000593,LIMIT,SELL,100.37,59
594,ORD000594,LIMIT,SELL,100.98,87
595,ORD000595,MARKET,BUY,,15
596,ORD000596,LIMIT,BUY,99.05,18
597,ORD000597,MARKET,SELL,,82
598,ORD000598,LIMIT,BUY,99.22,18
599,ORD000599,LIMIT,SELL,101.66,2
600,ORD000600,LIMIT,BUY,100.41,65
601,ORD000601,LIMIT,SELL,100.54,57
602,ORD000602,LIMIT,BUY,99.99,29
603,ORD000603,MARKET,SELL,,37
604,ORD000604,LIMIT,SELL,101.43,64
605,ORD000605,LIMIT,BUY,98.67,70
606,ORD000606,LIMIT,SELL,101.39,98
607,ORD000607,LIMIT,BUY,98.26,84
608,ORD000608,LIMIT,SELL,99.58,34
609,ORD000609,MARKET,BUY,,16
610,ORD000610,MARKET,BUY,,95
611,ORD000611,LIMIT,SELL,101.03,55
612,ORD000612,LIMIT,BUY,100.03,8
613,ORD000613,LIMIT,SELL,99.92,91
614,ORD000614,LIMIT,SELL,100.79,87
615,ORD000615,LIMIT,BUY,99.96,8
616,ORD000616,LIMIT,BUY,98.33,19
617,ORD000617,LIMIT,BUY,99.69,63
618,ORD000618,LIMIT,SELL,100.44,10
619,ORD000619,MARKET,BUY,,96
620,ORD000620,MARKET,SELL,,63
621,ORD000621,LIMIT,BUY,100.12,12
622,ORD000622,LIMIT,SELL,101.24,9
623,ORD000623,MARKET,SELL,,55
624,ORD000624,MARKET,SELL,,37
625,ORD000625,LIMIT,BUY,99.21,44
626,ORD000626,MARKET,BUY,,81
627,ORD000627,MARKET,SELL,,21
628,ORD000628,LIMIT,BUY,99.07,89
629,ORD000629,MARKET,SELL,,36
630,ORD000630,MARKET,SELL,,48
631,ORD000631,MARKET,BUY,,81
632,ORD000632,MARKET,BUY,,12
633,ORD000633,MARKET,BUY,,10
634,ORD000634,LIMIT,BUY,99.11,2
635,ORD000635,LIMIT,BUY,99.06,17
636,ORD000636,MARKET,BUY,,94
637,ORD000637,MARKET,BUY,,39
638,ORD000638,LIMIT,BUY,99.69,9
639,ORD000639,LIMIT,BUY,98.41,45
640,ORD000640,LIMIT,BUY,99.54,57
641,ORD000641,LIMIT,BUY,98.35,16
642,ORD000642,MARKET,SELL,,55
643,ORD000643,MARKET,BUY,,83
644,ORD000644,LIMIT,SELL,101.23,85
645,ORD000645,LIMIT,BUY,99.27,96
646,ORD000646,LIMIT,BUY,99.98,31
647,ORD000647,MARKET,BUY,,82
648,ORD000648,LIMIT,BUY,100.33,17
649,ORD000649,MARKET,SELL,,88
650,ORD000650,LIMIT,SELL,101.43,3
651,ORD000651,MARKET,BUY,,6
652,ORD000652,LIMIT,SELL,101.07,65
653,ORD000653,LIMIT,SELL,99.71,69
654,ORD000654,MARKET,BUY,,40
655,ORD000655,LIMIT,BUY,98.39,42
656,ORD000656,MARKET,BUY,,56
657,ORD000657,MARKET,BUY,,12
658,ORD000658,MARKET,BUY,,78
659,ORD000659,MARKET,BUY,,91
660,ORD000660,MARKET,BUY,,45
661,ORD000661,MARKET,SELL,,17
662,ORD000662,LIMIT,SELL,99.8,4
663,ORD000663,MARKET,SELL,,9
664,ORD000664,MARKET,BUY,,66
665,ORD000665,LIMIT,SELL,99.92,21
666,ORD000666,LIMIT,BUY,99.69,15
667,ORD000667,MARKET,BUY,,2
668,ORD000668,MARKET,SELL,,20
669,ORD000669,LIMIT,BUY,100.28,95
670,ORD000670,MARKET,BUY,,54
671,ORD000671,MARKET,SELL,,10
672,ORD000672,LIMIT,BUY,100.25,23
673,ORD000673,LIMIT,BUY,98.17,60
674,ORD000674,MARKET,SELL,,71
675,ORD000675,MARKET,SELL,,73
676,ORD000676,MARKET,BUY,,76
677,ORD000677,LIMIT,BUY,99.37,32
678,ORD000678,MARKET,SELL,,70
679,ORD000679,LIMIT,BUY,98.0,85
680,ORD000680,MARKET,SELL,,68
681,ORD000681,MARKET,SELL,,8
682,ORD000682,LIMIT,BUY,98.23,30
683,ORD000683,LIMIT,SELL,100.43,96
684,ORD000684,LIMIT,BUY,99.59,51
685,ORD000685,MARKET,BUY,,17
686,ORD000686,LIMIT,SELL,101.82,51
687,ORD000687,MARKET,SELL,,35
688,ORD000688,MARKET,BUY,,99
689,ORD000689,MARKET,BUY,,58
690,ORD000690,MARKET,SELL,,46
691,ORD000691,MARKET,BUY,,60
692,ORD000692,MARKET,BUY,,88
693,ORD000693,MARKET,BUY,,42
694,ORD000694,LIMIT,BUY,98.99,7
695,ORD000695,LIMIT,SELL,99.93,52
696,ORD000696,MARKET,BUY,,14
697,ORD000697,MARKET,BUY,,8
698,ORD000698,MARKET,BUY,,52
699,ORD000699,LIMIT,BUY,98.65,10
700,ORD000064,CANCEL,,,
701,ORD000701,LIMIT,SELL,99.73,43
702,ORD000702,MARKET,SELL,,74
703,ORD000703,MARKET,SELL,,49
704,ORD000704,MARKET,BUY,,24
705,ORD000705,LIMIT,SELL,99.59,80
706,ORD000706,MARKET,SELL,,71
707,ORD000707,MARKET,BUY,,18
708,ORD000708,LIMIT,BUY,100.01,3
709,ORD000709,MARKET,SELL,,63
710,ORD000710,MARKET,SELL,,24
711,ORD000694,CANCEL,,,
712,ORD000712,MARKET,SELL,,61
713,ORD000713,LIMIT,BUY,98.25,85
714,ORD000714,LIMIT,BUY,100.37,74
715,ORD000715,MARKET,SELL,,23
716,ORD000716,LIMIT,SELL,101.24,76
717,ORD000424,CANCEL,,,
718,ORD000718,LIMIT,BUY,98.47,64
719,ORD000719,MARKET,BUY,,12
720,ORD000720,MARKET,BUY,,62
721,ORD000237,CANCEL,,,
722,ORD000722,LIMIT,SELL,101.8,42
723,ORD000723,LIMIT,BUY,100.29,100
724,ORD000724,LIMIT,SELL,100.43,85
725,ORD000725,MARKET,BUY,,42
726,ORD000726,LIMIT,BUY,99.09,82
727,ORD000727,MARKET,SELL,,72
728,ORD000728,MARKET,SELL,,76
729,ORD000729,MARKET,SELL,,89
730,ORD000730,LIMIT,BUY,100.37,74
731,ORD000731,MARKET,BUY,,41
732,ORD000732,LIMIT,BUY,98.26,64
733,ORD000733,MARKET,BUY,,41
734,ORD000734,LIMIT,BUY,99.68,94
735,ORD000735,MARKET,SELL,,27
736,ORD000736,MARKET,BUY,,14
737,ORD000737,MARKET,BUY,,94
738,ORD000738,LIMIT,BUY,99.23,49
739,ORD000739,MARKET,SELL,,62
740,ORD000740,MARKET,BUY,,10
741,ORD000741,MARKET,BUY,,41
742,ORD000742,MARKET,BUY,,22
743,ORD000743,LIMIT,BUY,99.37,12
744,ORD000744,LIMIT,SELL,100.58,84
745,ORD000745,MARKET,SELL,,13
746,ORD000746,MARKET,BUY,,71
747,ORD000747,LIMIT,SELL,100.24,13
748,ORD000665,CANCEL,,,
749,ORD000749,MARKET,SELL,,47
750,ORD000101,CANCEL,,,
751,ORD000751,MARKET,SELL,,4
752,ORD000752,LIMIT,SELL,100.68,15
753,ORD000753,MARKET,SELL,,85
754,ORD000754,MARKET,SELL,,49
755,ORD000755,MARKET,SELL,,57
756,ORD000756,LIMIT,BUY,99.41,20
757,ORD000757,MARKET,BUY,,45
758,ORD000758,LIMIT,SELL,100.97,71
759,ORD000759,LIMIT,SELL,100.55,69
760,ORD000760,LIMIT,SELL,100.09,39
761,ORD000761,LIMIT,BUY,100.25,74
762,ORD000762,MARKET,BUY,,97
763,ORD000763,LIMIT,BUY,100.02,17
764,ORD000088,CANCEL,,,
765,ORD000765,MARKET,SELL,,81
766,ORD000766,MARKET,SELL,,94
767,ORD000767,MARKET,BUY,,72
768,ORD000768,LIMIT,SELL,100.8,2
769,ORD000769,MARKET,SELL,,20
770,ORD000770,LIMIT,BUY,99.41,13
771,ORD000771,LIMIT,SELL,100.16,84
772,ORD000772,MARKET,SELL,,36
773,ORD000773,MARKET,SELL,,43
774,ORD000774,LIMIT,BUY,100.3,48
775,ORD000363,CANCEL,,,
776,ORD000776,LIMIT,SELL,101.21,30
777,ORD000777,LIMIT,SELL,100.3,94
778,ORD000778,MARKET,BUY,,28
779,ORD000779,LIMIT,SELL,101.4,48
780,ORD000780,MARKET,BUY,,91
781,ORD000781,LIMIT,BUY,99.31,73
782,ORD000231,CANCEL,,,
783,ORD000783,LIMIT,BUY,98.62,59
784,ORD000784,LIMIT,SELL,100.18,60
785,ORD000785,LIMIT,BUY,98.6,63
786,ORD000786,LIMIT,BUY,99.19,71
787,ORD000787,LIMIT,BUY,98.65,89
788,ORD000788,MARKET,BUY,,21
789,ORD000789,LIMIT,BUY,99.62,87
790,ORD000790,LIMIT,SELL,101.66,99
791,ORD000791,LIMIT,SELL,101.12,77
792,ORD000792,MARKET,BUY,,40
793,ORD000793,MARKET,SELL,,49
794,ORD000794,MARKET,SELL,,60
795,ORD000795,LIMIT,SELL,99.52,85
796,ORD000796,LIMIT,SELL,100.98,37
797,ORD000797,MARKET,BUY,,44
798,ORD000798,LIMIT,SELL,100.15,92
799,ORD000799,MARKET,SELL,,67
800,ORD000800,LIMIT,BUY,100.01,77
801,ORD000801,LIMIT,SELL,101.3,84
802,ORD000802,MARKET,SELL,,54
803,ORD000803,LIMIT,BUY,100.49,25
804,ORD000804,LIMIT,BUY,99.6,61
805,ORD000805,LIMIT,SELL,101.61,85
806,ORD000806,MARKET,BUY,,61
807,ORD000807,LIMIT,SELL,100.9,24
808,ORD000808,LIMIT,SELL,100.06,29
809,ORD000809,MARKET,SELL,,43
810,ORD000810,MARKET,SELL,,16
811,ORD000811,MARKET,BUY,,25
812,ORD000812,LIMIT,SELL,100.53,20
813,ORD000813,MARKET,BUY,,73
814,ORD000814,MARKET,SELL,,92
815,ORD000815,MARKET,BUY,,81
816,ORD000816,LIMIT,SELL,99.51,36
817,ORD000817,LIMIT,BUY,98.4,98
818,ORD000818,LIMIT,BUY,99.58,52
819,ORD000819,MARKET,SELL,,5
820,ORD000820,LIMIT,SELL,101.73,97
821,ORD000821,MARKET,BUY,,1
822,ORD000822,MARKET,BUY,,45
823,ORD000823,MARKET,BUY,,76
824,ORD000824,LIMIT,BUY,98.75,38
825,ORD000825,MARKET,SELL,,88
826,ORD000826,LIMIT,SELL,100.73,97
827,ORD000827,MARKET,SELL,,29
828,ORD000828,MARKET,BUY,,3
829,ORD000829,MARKET,BUY,,92
830,ORD000830,MARKET,BUY,,82
831,ORD000831,LIMIT,BUY,98.12,14
832,ORD000832,MARKET,BUY,,15
833,ORD000833,MARKET,SELL,,33
834,ORD000834,MARKET,BUY,,88
835,ORD000835,MARKET,SELL,,13
836,ORD000836,LIMIT,SELL,101.25,54
837,ORD000837,LIMIT,BUY,99.54,37
838,ORD000838,MARKET,BUY,,78
839,ORD000839,LIMIT,SELL,101.93,46
840,ORD000840,MARKET,SELL,,71
841,ORD000841,LIMIT,BUY,99.2,31
842,ORD000804,CANCEL,,,
843,ORD000843,LIMIT,BUY,99.67,20
844,ORD000844,LIMIT,BUY,98.25,33
845,ORD000845,LIMIT,SELL,100.24,60
846,ORD000846,LIMIT,BUY,100.13,47
847,ORD000847,MARKET,SELL,,15
848,ORD000848,MARKET,BUY,,18
849,ORD000849,MARKET,BUY,,57
850,ORD000850,LIMIT,SELL,99.73,44
851,ORD000851,MARKET,SELL,,59
852,ORD000852,LIMIT,SELL,100.7,54
853,ORD000853,MARKET,BUY,,90
854,ORD000854,MARKET,BUY,,76
855,ORD000855,MARKET,SELL,,49
856,ORD000856,LIMIT,BUY,100.2,94
857,ORD000857,MARKET,BUY,,63
858,ORD000858,MARKET,SELL,,9
859,ORD000859,MARKET,SELL,,87
860,ORD000860,LIMIT,BUY,99.67,44
861,ORD000861,MARKET,BUY,,94
862,ORD000862,LIMIT,SELL,101.1,20
863,ORD000863,MARKET,BUY,,21
864,ORD000864,LIMIT,SELL,101.67,10
865,ORD000865,MARKET,SELL,,36
866,ORD000866,LIMIT,BUY,98.95,31
867,ORD000867,LIMIT,SELL,100.62,64
868,ORD000868,LIMIT,BUY,99.86,3
869,ORD000869,MARKET,SELL,,71
870,ORD000113,CANCEL,,,
871,ORD000871,LIMIT,SELL,100.91,84
872,ORD000872,MARKET,SELL,,7
873,ORD000873,MARKET,SELL,,99
874,ORD000874,LIMIT,SELL,100.41,58
875,ORD000875,MARKET,BUY,,46
876,ORD000876,LIMIT,SELL,100.43,14
877,ORD000200,CANCEL,,,
878,ORD000878,MARKET,SELL,,79
879,ORD000879,LIMIT,BUY,98.98,59
880,ORD000880,LIMIT,BUY,98.27,54
881,ORD000776,CANCEL,,,
882,ORD000882,LIMIT,BUY,99.13,85
883,ORD000883,LIMIT,BUY,98.01,95
884,ORD000538,CANCEL,,,
885,ORD000885,LIMIT,SELL,101.45,23
886,ORD000886,LIMIT,BUY,98.32,50
887,ORD000887,LIMIT,SELL,100.46,78
888,ORD000888,MARKET,BUY,,44
889,ORD000889,LIMIT,SELL,99.85,78
890,ORD000890,LIMIT,SELL,100.87,41
891,ORD000891,MARKET,BUY,,80
892,ORD000892,LIMIT,SELL,99.83,91
893,ORD000893,LIMIT,BUY,99.74,42
894,ORD000894,LIMIT,SELL,100.96,86
895,ORD000895,LIMIT,SELL,100.56,2
896,ORD000896,MARKET,BUY,,7
897,ORD000897,MARKET,BUY,,21
898,ORD000898,MARKET,SELL,,8
899,ORD000899,MARKET,SELL,,70
900,ORD000561,CANCEL,,,
901,ORD000901,LIMIT,BUY,99.4,31
902,ORD000902,LIMIT,SELL,99.62,49
903,ORD000903,LIMIT,SELL,99.63,96
904,ORD000904,LIMIT,SELL,101.78,91
905,ORD000905,LIMIT,SELL,100.87,78
906,ORD000906,MARKET,BUY,,23
907,ORD000907,MARKET,BUY,,23
908,ORD000908,MARKET,BUY,,55
909,ORD000909,MARKET,SELL,,75
910,ORD000910,MARKET,BUY,,91
911,ORD000911,MARKET,BUY,,42
912,ORD000912,MARKET,SELL,,74
913,ORD000913,LIMIT,BUY,98.79,29
914,ORD000914,LIMIT,BUY,98.4,70
915,ORD000915,MARKET,BUY,,28
916,ORD000916,MARKET,SELL,,28
917,ORD000917,LIMIT,SELL,101.56,84
918,ORD000816,CANCEL,,,
919,ORD000919,LIMIT,BUY,99.53,80
920,ORD000920,LIMIT,BUY,98.8,15
921,ORD000921,MARKET,SELL,,67
922,ORD000922,LIMIT,SELL,100.77,63
923,ORD000795,CANCEL,,,
924,ORD000924,LIMIT,BUY,98.42,99
925,ORD000925,LIMIT,BUY,98.53,81
926,ORD000926,LIMIT,SELL,100.01,90
927,ORD000927,LIMIT,SELL,101.85,96
928,ORD000928,MARKET,BUY,,43
929,ORD000075,CANCEL,,,
930,ORD000930,LIMIT,SELL,100.94,30
931,ORD000931,MARKET,SELL,,81
932,ORD000932,MARKET,SELL,,87
933,ORD000933,LIMIT,BUY,99.55,97
934,ORD000934,LIMIT,BUY,98.18,65
935,ORD000935,LIMIT,SELL,100.2,57
936,ORD000936,MARKET,BUY,,69
937,ORD000937,LIMIT,SELL,101.62,38
938,ORD000938,MARKET,BUY,,94
939,ORD000939,LIMIT,BUY,99.39,16
940,ORD000695,CANCEL,,,
941,ORD000941,MARKET,BUY,,96
942,ORD000942,MARKET,SELL,,83
943,ORD000943,MARKET,BUY,,29
944,ORD000944,MARKET,SELL,,24
945,ORD000945,LIMIT,BUY,100.33,71
946,ORD000946,MARKET,BUY,,9
947,ORD000947,LIMIT,BUY,99.22,43
948,ORD000948,MARKET,BUY,,80
949,ORD000949,MARKET,BUY,,58
950,ORD000950,LIMIT,SELL,99.88,73
951,ORD000951,LIMIT,SELL,99.92,41
952,ORD000952,LIMIT,BUY,99.6,36
953,ORD000953,LIMIT,BUY,98.83,62
954,ORD000954,LIMIT,SELL,100.72,14
955,ORD000955,LIMIT,BUY,100.15,18
956,ORD000956,MARKET,BUY,,81
957,ORD000957,LIMIT,BUY,100.12,81
958,ORD000716,CANCEL,,,
959,ORD000959,LIMIT,BUY,99.38,70
960,ORD000960,LIMIT,SELL,99.87,51
961,ORD000961,MARKET,SELL,,65
962,ORD000962,MARKET,SELL,,2
963,ORD000963,LIMIT,BUY,98.35,21
964,ORD000964,LIMIT,BUY,99.21,46
965,ORD000925,CANCEL,,,
966,ORD000966,MARKET,BUY,,30
967,ORD000254,CANCEL,,,
968,ORD000968,MARKET,SELL,,59
969,ORD000969,LIMIT,BUY,98.81,91
970,ORD000970,LIMIT,SELL,100.16,70
971,ORD000971,LIMIT,SELL,100.41,84
972,ORD000972,LIMIT,BUY,98.94,29
973,ORD000973,LIMIT,SELL,100.36,62
974,ORD000974,LIMIT,BUY,98.35,22
975,ORD000975,MARKET,SELL,,24
976,ORD000976,LIMIT,BUY,99.04,43
977,ORD000977,LIMIT,SELL,100.7,76
978,ORD000978,MARKET,SELL,,6
979,ORD000979,MARKET,BUY,,66
980,ORD000701,CANCEL,,,
981,ORD000981,MARKET,BUY,,24
982,ORD000982,LIMIT,SELL,100.91,3
983,ORD000983,LIMIT,SELL,100.04,78
984,ORD000984,MARKET,SELL,,53
985,ORD000985,LIMIT,BUY,99.28,22
986,ORD000986,LIMIT,SELL,100.99,9
987,ORD000987,MARKET,SELL,,3
988,ORD000988,LIMIT,SELL,101.01,23
989,ORD000989,LIMIT,BUY,99.33,97
990,ORD000990,LIMIT,SELL,101.75,70
991,ORD000991,LIMIT,SELL,100.43,6
992,ORD000992,MARKET,SELL,,62
993,ORD000993,MARKET,SELL,,95
994,ORD000994,MARKET,BUY,,33
995,ORD000995,LIMIT,BUY,98.21,77
996,ORD000996,MARKET,SELL,,1
997,ORD000997,LIMIT,BUY,98.29,1
998,ORD000998,LIMIT,BUY,98.79,47
999,ORD000999,LIMIT,SELL,100.13,69
1000,ORD001000,LIMIT,SELL,101.98,51
1001,ORD001001,LIMIT,SELL,100.89,23
1002,ORD001002,MARKET,SELL,,40
1003,ORD001003,LIMIT,SELL,101.64,85
1004,ORD001004,MARKET,BUY,,90
1005,ORD001005,MARKET,BUY,,52
1006,ORD001006,MARKET,BUY,,82
1007,ORD000119,CANCEL,,,
1008,ORD001008,LIMIT,SELL,100.59,9
1009,ORD001009,MARKET,SELL,,5
1010,ORD001010,LIMIT,SELL,100.8,92
1011,ORD001011,LIMIT,BUY,100.05,82
1012,ORD001012,MARKET,BUY,,85
1013,ORD001013,MARKET,SELL,,77
1014,ORD001014,LIMIT,BUY,99.69,47
1015,ORD001015,LIMIT,BUY,98.22,36
1016,ORD001016,LIMIT,SELL,100.51,26
1017,ORD001017,LIMIT,BUY,99.37,93
1018,ORD001018,MARKET,SELL,,36
1019,ORD001019,MARKET,BUY,,52
1020,ORD001020,MARKET,SELL,,65
1021,ORD001021,LIMIT,BUY,98.85,15
1022,ORD001022,LIMIT,SELL,101.53,74
1023,ORD001023,LIMIT,SELL,100.91,99
1024,ORD001024,LIMIT,SELL,100.65,59
1025,ORD001025,MARKET,BUY,,34
1026,ORD001026,LIMIT,BUY,98.57,41
1027,ORD001027,LIMIT,SELL,99.52,34
1028,ORD001028,MARKET,BUY,,96
1029,ORD001029,LIMIT,BUY,98.45,41
1030,ORD001030,MARKET,SELL,,96
1031,ORD001031,MARKET,BUY,,26
1032,ORD001032,LIMIT,BUY,98.52,26
1033,ORD001033,MARKET,SELL,,14
1034,ORD001034,LIMIT,BUY,99.66,79
1035,ORD001024,CANCEL,,,
1036,ORD001036,LIMIT,BUY,98.93,41
1037,ORD001037,MARKET,SELL,,98
1038,ORD001038,MARKET,SELL,,97
1039,ORD001039,LIMIT,BUY,99.06,70
1040,ORD000443,CANCEL,,,
1041,ORD001041,MARKET,BUY,,16
1042,ORD001042,MARKET,SELL,,2
1043,ORD000263,CANCEL,,,
1044,ORD001044,MARKET,BUY,,79
1045,ORD001045,LIMIT,BUY,98.59,61
1046,ORD001046,MARKET,SELL,,64
1047,ORD001047,LIMIT,SELL,100.43,52
1048,ORD001048,LIMIT,BUY,100.45,88
1049,ORD001049,LIMIT,BUY,100.01,72
1050,ORD001050,MARKET,SELL,,95
1051,ORD001051,MARKET,BUY,,64
1052,ORD001052,LIMIT,SELL,100.25,72
1053,ORD001053,MARKET,BUY,,89
1054,ORD001054,LIMIT,BUY,99.19,81
1055,ORD001055,MARKET,SELL,,47
1056,ORD001056,MARKET,SELL,,53
1057,ORD001057,LIMIT,BUY,99.62,69
1058,ORD001058,MARKET,SELL,,87
1059,ORD001059,LIMIT,SELL,100.45,37
1060,ORD001060,LIMIT,BUY,99.6,44
1061,ORD001061,LIMIT,SELL,99.68,21
1062,ORD001062,MARKET,SELL,,38
1063,ORD001063,MARKET,SELL,,57
1064,ORD001064,LIMIT,SELL,100.8,58
1065,ORD001065,LIMIT,BUY,98.31,31
1066,ORD001066,MARKET,BUY,,51
1067,ORD001067,LIMIT,BUY,99.18,7
1068,ORD000494,CANCEL,,,
1069,ORD001069,MARKET,BUY,,80
1070,ORD001070,MARKET,SELL,,32
1071,ORD001071,LIMIT,SELL,99.83,22
1072,ORD000837,CANCEL,,,
1073,ORD001073,LIMIT,SELL,100.67,70
1074,ORD001074,MARKET,SELL,,90
1075,ORD001075,LIMIT,SELL,101.09,73
1076,ORD001076,LIMIT,SELL,100.7,30
1077,ORD001077,MARKET,SELL,,53
1078,ORD001078,MARKET,SELL,,67
1079,ORD001079,MARKET,BUY,,61
1080,ORD001080,LIMIT,SELL,100.69,2
1081,ORD001081,LIMIT,SELL,101.49,71
1082,ORD001082,LIMIT,SELL,100.59,32
1083,ORD001083,LIMIT,SELL,100.05,11
1084,ORD001084,LIMIT,BUY,100.0,79
1085,ORD001085,MARKET,SELL,,96
1086,ORD001086,MARKET,SELL,,9
1087,ORD001087,MARKET,SELL,,59
1088,ORD001088,LIMIT,SELL,100.73,42
1089,ORD000047,CANCEL,,,
1090,ORD001090,MARKET,BUY,,14
1091,ORD001091,LIMIT,BUY,99.82,30
1092,ORD001092,MARKET,BUY,,44
1093,ORD001093,LIMIT,SELL,100.66,5
1094,ORD001094,MARKET,BUY,,100
1095,ORD001095,MARKET,SELL,,33
1096,ORD001096,MARKET,BUY,,99
1097,ORD001097,LIMIT,SELL,100.61,95
1098,ORD001098,MARKET,BUY,,99
1099,ORD001099,MARKET,BUY,,88
1100,ORD001100,MARKET,SELL,,94
1101,ORD000677,CANCEL,,,
1102,ORD001102,MARKET,SELL,,39
1103,ORD001103,LIMIT,BUY,98.54,15
1104,ORD001104,MARKET,SELL,,22
1105,ORD001105,MARKET,BUY,,32
1106,ORD000040,CANCEL,,,
1107,ORD001107,LIMIT,SELL,99.89,99
1108,ORD001108,MARKET,BUY,,88
1109,ORD001109,MARKET,BUY,,83
1110,ORD001110,MARKET,BUY,,30
1111,ORD001111,LIMIT,SELL,100.6,25
1112,ORD000478,CANCEL,,,
1113,ORD001113,MARKET,BUY,,6
1114,ORD001114,LIMIT,SELL,100.86,63
1115,ORD001115,LIMIT,BUY,98.81,60
1116,ORD001116,MARKET,BUY,,20
1117,ORD001117,LIMIT,SELL,100.64,100
1118,ORD001118,LIMIT,SELL,101.71,80
1119,ORD001119,MARKET,BUY,,9
1120,ORD001120,MARKET,SELL,,88
1121,ORD001121,LIMIT,BUY,98.81,83
1122,ORD001122,LIMIT,BUY,98.17,17
1123,ORD001123,MARKET,BUY,,63
1124,ORD001124,LIMIT,BUY,100.09,85
1125,ORD001125,MARKET,SELL,,29
1126,ORD001126,MARKET,BUY,,27
1127,ORD001127,MARKET,BUY,,82
1128,ORD001128,LIMIT,SELL,101.49,8
1129,ORD001129,LIMIT,SELL,101.34,39
1130,ORD001130,LIMIT,BUY,98.24,93
1131,ORD001131,MARKET,SELL,,68
1132,ORD001132,LIMIT,BUY,99.4,96
1133,ORD001133,LIMIT,SELL,101.26,55
1134,ORD001134,LIMIT,BUY,99.37,65
1135,ORD001135,LIMIT,BUY,99.5,46
1136,ORD001136,LIMIT,SELL,100.53,82
1137,ORD001137,LIMIT,SELL,100.91,28
1138,ORD001138,MARKET,SELL,,58
1139,ORD001139,MARKET,SELL,,5
1140,ORD001140,LIMIT,BUY,100.48,39
1141,ORD000287,CANCEL,,,
1142,ORD001142,MARKET,SELL,,89
1143,ORD001143,MARKET,BUY,,59
1144,ORD001144,MARKET,BUY,,75
1145,ORD001145,LIMIT,SELL,99.73,52
1146,ORD001146,LIMIT,BUY,99.81,62
1147,ORD001147,LIMIT,BUY,98.75,94
1148,ORD001148,MARKET,SELL,,8
1149,ORD001149,MARKET,SELL,,56
1150,ORD001150,LIMIT,BUY,98.57,84
1151,ORD001151,LIMIT,BUY,99.58,7
1152,ORD001152,MARKET,BUY,,73
1153,ORD001153,MARKET,BUY,,87
1154,ORD001154,LIMIT,SELL,101.38,74
1155,ORD001155,MARKET,BUY,,51
1156,ORD001156,MARKET,SELL,,74
1157,ORD001157,MARKET,SELL,,52
1158,ORD001158,LIMIT,BUY,99.2,26
1159,ORD001159,LIMIT,BUY,100.49,68
1160,ORD001160,MARKET,BUY,,56
1161,ORD001161,MARKET,BUY,,53
1162,ORD001162,MARKET,SELL,,45
1163,ORD001163,LIMIT,BUY,98.42,45
1164,ORD001164,LIMIT,SELL,100.6,30
1165,ORD001165,MARKET,SELL,,94
1166,ORD001166,LIMIT,BUY,98.61,80
1167,ORD001167,MARKET,SELL,,89
1168,ORD001168,MARKET,SELL,,3
1169,ORD001169,MARKET,BUY,,67
1170,ORD001170,LIMIT,SELL,101.98,89
1171,ORD001171,MARKET,BUY,,85
1172,ORD001172,MARKET,SELL,,37
1173,ORD001173,MARKET,SELL,,84
1174,ORD001174,MARKET,BUY,,35
1175,ORD001175,LIMIT,SELL,99.55,84
1176,ORD001176,LIMIT,SELL,101.27,41
1177,ORD001177,MARKET,BUY,,65
1178,ORD001178,MARKET,BUY,,68
1179,ORD001179,MARKET,SELL,,21
1180,ORD000874,CANCEL,,,
1181,ORD001181,MARKET,SELL,,65
1182,ORD001182,LIMIT,BUY,100.2,4
1183,ORD001183,MARKET,SELL,,44
1184,ORD001184,MARKET,BUY,,49
1185,ORD001185,MARKET,BUY,,74
1186,ORD001186,LIMIT,SELL,100.32,70
1187,ORD001187,LIMIT,BUY,99.71,26
1188,ORD001188,LIMIT,SELL,101.75,18
1189,ORD001189,LIMIT,BUY,99.41,21
1190,ORD001190,MARKET,BUY,,19
1191,ORD001191,LIMIT,SELL,100.54,53
1192,ORD001192,MARKET,SELL,,25
1193,ORD001193,MARKET,BUY,,79
1194,ORD001194,LIMIT,BUY,98.58,4
1195,ORD001195,MARKET,SELL,,78
1196,ORD001196,MARKET,SELL,,50
1197,ORD001197,MARKET,BUY,,29
1198,ORD000957,CANCEL,,,
1199,ORD001199,LIMIT,SELL,100.06,86
1200,ORD001200,MARKET,BUY,,57
1201,ORD001201,LIMIT,SELL,101.67,32
1202,ORD001202,LIMIT,BUY,100.06,93
1203,ORD001203,LIMIT,BUY,99.13,6
1204,ORD001204,LIMIT,BUY,98.99,95
1205,ORD000492,CANCEL,,,
1206,ORD001206,MARKET,BUY,,57
1207,ORD001207,LIMIT,SELL,100.21,22
1208,ORD001208,LIMIT,BUY,100.26,60
1209,ORD001209,MARKET,SELL,,65
1210,ORD001210,MARKET,BUY,,42
1211,ORD001211,MARKET,BUY,,92
1212,ORD001212,MARKET,SELL,,42
1213,ORD001213,LIMIT,BUY,98.31,15
1214,ORD001214,MARKET,SELL,,91
1215,ORD001215,MARKET,BUY,,49
1216,ORD000220,CANCEL,,,
1217,ORD001217,MARKET,BUY,,19
1218,ORD001218,MARKET,BUY,,40
1219,ORD001219,MARKET,SELL,,24
1220,ORD001220,LIMIT,BUY,98.01,98
1221,ORD001221,MARKET,SELL,,64
1222,ORD001222,LIMIT,BUY,99.23,28
1223,ORD001223,MARKET,SELL,,57
1224,ORD001224,MARKET,BUY,,71
1225,ORD001225,MARKET,BUY,,19
1226,ORD001226,MARKET,SELL,,5
1227,ORD001227,MARKET,SELL,,12
1228,ORD000551,CANCEL,,,
1229,ORD001229,LIMIT,BUY,99.53,89
1230,ORD001230,LIMIT,BUY,99.87,47
1231,ORD001231,LIMIT,BUY,98.81,49
1232,ORD001232,LIMIT,SELL,99.66,61
1233,ORD001233,MARKET,SELL,,53
1234,ORD001234,LIMIT,BUY,98.27,94
1235,ORD001235,MARKET,BUY,,89
1236,ORD001236,MARKET,SELL,,41
1237,ORD001237,LIMIT,SELL,101.04,64
1238,ORD001238,MARKET,SELL,,24
1239,ORD001239,LIMIT,BUY,100.45,1
1240,ORD001240,LIMIT,SELL,99.79,27
1241,ORD001241,MARKET,SELL,,43
1242,ORD001242,MARKET,BUY,,26
1243,ORD001243,LIMIT,SELL,100.27,65
1244,ORD001244,MARKET,BUY,,43
1245,ORD001245,LIMIT,BUY,98.49,44
1246,ORD001246,LIMIT,SELL,101.49,83
1247,ORD001247,LIMIT,BUY,100.23,69
1248,ORD001248,LIMIT,SELL,100.53,96
1249,ORD001249,LIMIT,SELL,101.2,72
1250,ORD001250,LIMIT,BUY,98.83,46
1251,ORD001251,MARKET,BUY,,4
1252,ORD001252,LIMIT,SELL,101.61,74
1253,ORD001253,LIMIT,BUY,100.16,97
1254,ORD001254,LIMIT,SELL,100.18,12
1255,ORD001255,MARKET,BUY,,39
1256,ORD001256,MARKET,SELL,,48
1257,ORD001257,LIMIT,BUY,99.11,4
1258,ORD001258,MARKET,BUY,,62
1259,ORD001259,LIMIT,SELL,99.86,13
1260,ORD001260,MARKET,BUY,,5
1261,ORD001261,MARKET,BUY,,6
1262,ORD001262,MARKET,BUY,,6
1263,ORD001263,MARKET,SELL,,98
1264,ORD001264,MARKET,BUY,,25
1265,ORD001265,LIMIT,SELL,101.18,35
1266,ORD001266,MARKET,SELL,,80
1267,ORD001267,MARKET,BUY,,45
1268,ORD001268,MARKET,SELL,,91
1269,ORD001269,MARKET,BUY,,40
1270,ORD001270,LIMIT,SELL,99.63,4
1271,ORD001271,MARKET,BUY,,7
1272,ORD001272,MARKET,SELL,,77
1273,ORD001273,LIMIT,SELL,100.28,26
1274,ORD001274,LIMIT,BUY,99.89,60
1275,ORD001275,LIMIT,BUY,100.3,60
1276,ORD001276,LIMIT,SELL,101.28,60
1277,ORD001277,MARKET,BUY,,79
1278,ORD001278,MARKET,SELL,,90
1279,ORD001279,LIMIT,SELL,101.71,59
1280,ORD001280,MARKET,BUY,,45
1281,ORD001281,MARKET,BUY,,45
1282,ORD001282,LIMIT,BUY,99.01,92
1283,ORD001283,LIMIT,SELL,99.68,39
1284,ORD001284,LIMIT,SELL,100.1,32
1285,ORD001285,MARKET,SELL,,44
1286,ORD001286,LIMIT,SELL,100.59,44
1287,ORD001287,MARKET,BUY,,86
1288,ORD001288,MARKET,SELL,,77
1289,ORD001289,LIMIT,BUY,98.44,52
1290,ORD001290,LIMIT,BUY,99.49,49
1291,ORD001291,MARKET,BUY,,18
1292,ORD001292,LIMIT,BUY,99.65,58
1293,ORD001293,LIMIT,SELL,100.62,27
1294,ORD001294,MARKET,SELL,,87
1295,ORD001295,LIMIT,SELL,101.79,12
1296,ORD001296,LIMIT,SELL,101.63,8
1297,ORD001297,MARKET,BUY,,72
1298,ORD001298,MARKET,SELL,,37
1299,ORD001299,MARKET,BUY,,76
1300,ORD001300,LIMIT,SELL,100.52,56
1301,ORD001301,MARKET,BUY,,25
1302,ORD001302,LIMIT,SELL,99.89,86
1303,ORD001303,MARKET,BUY,,3
1304,ORD001304,LIMIT,SELL,101.94,18
1305,ORD001305,LIMIT,SELL,101.73,90
1306,ORD001306,LIMIT,SELL,100.64,55
1307,ORD001307,MARKET,SELL,,29
1308,ORD001308,LIMIT,BUY,100.12,31
1309,ORD001309,MARKET,SELL,,70
1310,ORD001310,LIMIT,BUY,99.42,91
1311,ORD001311,LIMIT,SELL,99.7,94
1312,ORD001312,MARKET,SELL,,11
1313,ORD001313,MARKET,BUY,,81
1314,ORD001314,LIMIT,BUY,99.35,75
1315,ORD001315,LIMIT,BUY,99.34,2
1316,ORD001316,LIMIT,SELL,100.33,46
1317,ORD001317,MARKET,SELL,,5
1318,ORD001318,LIMIT,SELL,100.91,8
1319,ORD001319,LIMIT,BUY,99.64,38
1320,ORD001320,MARKET,BUY,,11
1321,ORD001321,LIMIT,BUY,98.69,17
1322,ORD001322,LIMIT,SELL,99.54,15
1323,ORD001323,LIMIT,BUY,98.92,23
1324,ORD001324,MARKET,BUY,,68
1325,ORD001325,LIMIT,SELL,101.92,77
1326,ORD001326,LIMIT,BUY,99.88,53
1327,ORD001327,LIMIT,BUY,99.81,22
1328,ORD001328,MARKET,SELL,,34
1329,ORD001329,MARKET,BUY,,60
1330,ORD001330,MARKET,SELL,,97
1331,ORD001331,MARKET,BUY,,91
1332,ORD001332,MARKET,SELL,,56
1333,ORD001111,CANCEL,,,
1334,ORD001334,LIMIT,SELL,101.21,6
1335,ORD001335,LIMIT,SELL,100.58,84
1336,ORD001336,MARKET,SELL,,13
1337,ORD001337,MARKET,SELL,,87
1338,ORD001338,LIMIT,BUY,99.69,24
1339,ORD001339,LIMIT,BUY,100.08,2
1340,ORD001340,LIMIT,BUY,98.88,93
1341,ORD001341,MARKET,BUY,,80
1342,ORD001342,LIMIT,BUY,99.6,91
1343,ORD001343,LIMIT,BUY,98.32,85
1344,ORD001344,LIMIT,BUY,99.74,33
1345,ORD001345,LIMIT,BUY,100.31,36
1346,ORD001346,MARKET,SELL,,100
1347,ORD001347,MARKET,BUY,,43
1348,ORD001348,LIMIT,SELL,100.16,57
1349,ORD001349,LIMIT,BUY,98.45,63
1350,ORD001350,MARKET,SELL,,83
1351,ORD001351,LIMIT,SELL,99.76,10
1352,ORD001352,LIMIT,SELL,99.55,64
1353,ORD001353,LIMIT,BUY,99.66,35
1354,ORD001354,LIMIT,SELL,100.94,66
1355,ORD001355,MARKET,SELL,,52
1356,ORD001356,LIMIT,BUY,98.01,89
1357,ORD001357,MARKET,SELL,,69
1358,ORD001358,MARKET,SELL,,39
1359,ORD001359,MARKET,BUY,,44
1360,ORD001360,LIMIT,SELL,100.22,26
1361,ORD001361,LIMIT,BUY,99.65,39
1362,ORD001362,LIMIT,BUY,98.9,11
1363,ORD001363,LIMIT,SELL,99.85,25
1364,ORD000608,CANCEL,,,
1365,ORD001365,LIMIT,BUY,99.61,64
1366,ORD001366,LIMIT,SELL,99.54,44
1367,ORD001367,MARKET,BUY,,28
1368,ORD001368,LIMIT,SELL,101.68,69
1369,ORD001369,LIMIT,BUY,98.09,19
1370,ORD001370,MARKET,BUY,,80
1371,ORD000341,CANCEL,,,
1372,ORD000137,CANCEL,,,
1373,ORD001373,MARKET,BUY,,22
1374,ORD001374,LIMIT,BUY,98.27,64
1375,ORD001375,MARKET,BUY,,26
1376,ORD001376,MARKET,SELL,,88
1377,ORD001377,MARKET,BUY,,28
1378,ORD001378,MARKET,BUY,,16
1379,ORD001379,MARKET,SELL,,48
1380,ORD001380,MARKET,SELL,,75
1381,ORD000259,CANCEL,,,
1382,ORD001382,LIMIT,SELL,99.54,63
1383,ORD001383,MARKET,BUY,,12
1384,ORD001384,MARKET,SELL,,99
1385,ORD001385,MARKET,BUY,,82
1386,ORD001386,MARKET,SELL,,23
1387,ORD001387,LIMIT,BUY,99.79,79
1388,ORD001388,MARKET,SELL,,1
1389,ORD001389,MARKET,BUY,,68
1390,ORD001390,LIMIT,SELL,101.97,65
1391,ORD001391,MARKET,BUY,,25
1392,ORD001392,LIMIT,BUY,100.42,61
1393,ORD001393,LIMIT,BUY,98.11,83
1394,ORD001394,MARKET,BUY,,43
1395,ORD001395,MARKET,SELL,,95
1396,ORD001396,MARKET,BUY,,4
1397,ORD001397,MARKET,BUY,,31
1398,ORD001398,MARKET,SELL,,96
1399,ORD001399,MARKET,SELL,,15
1400,ORD001400,MARKET,BUY,,53
1401,ORD001401,LIMIT,SELL,99.68,75
1402,ORD001402,MARKET,SELL,,79
1403,ORD001403,MARKET,SELL,,59
1404,ORD001404,LIMIT,SELL,100.01,17
1405,ORD001393,CANCEL,,,
1406,ORD001406,MARKET,BUY,,60
1407,ORD001407,LIMIT,BUY,98.55,38
1408,ORD001408,LIMIT,BUY,99.38,30
1409,ORD001409,LIMIT,SELL,100.04,61
1410,ORD001410,MARKET,SELL,,55
1411,ORD001411,MARKET,BUY,,56
1412,ORD001412,LIMIT,BUY,100.25,54
1413,ORD001413,LIMIT,BUY,99.83,65
1414,ORD001310,CANCEL,,,
1415,ORD001415,MARKET,BUY,,31
1416,ORD001416,LIMIT,BUY,99.02,28
1417,ORD001417,MARKET,SELL,,12
1418,ORD000796,CANCEL,,,
1419,ORD001419,LIMIT,SELL,101.37,4
1420,ORD001420,LIMIT,SELL,101.69,52
1421,ORD001421,LIMIT,SELL,101.26,1
1422,ORD001422,MARKET,BUY,,89
1423,ORD001423,MARKET,BUY,,97
1424,ORD001424,LIMIT,BUY,98.2,43
1425,ORD001425,LIMIT,BUY,100.28,47
1426,ORD001426,MARKET,BUY,,60
1427,ORD001427,MARKET,SELL,,83
1428,ORD001428,LIMIT,BUY,99.93,18
1429,ORD001429,LIMIT,BUY,99.62,95
1430,ORD001430,LIMIT,BUY,99.9,42
1431,ORD001431,LIMIT,SELL,100.56,7
1432,ORD001432,MARKET,SELL,,65
1433,ORD001433,MARKET,BUY,,69
1434,ORD001434,MARKET,SELL,,48
1435,ORD001435,MARKET,BUY,,59
1436,ORD001436,LIMIT,SELL,100.22,10
1437,ORD001437,MARKET,SELL,,19
1438,ORD001438,LIMIT,BUY,99.57,38
1439,ORD001439,MARKET,BUY,,54
1440,ORD001440,MARKET,BUY,,9
1441,ORD000604,CANCEL,,,
1442,ORD001442,MARKET,SELL,,44
1443,ORD001443,MARKET,SELL,,86
1444,ORD001444,MARKET,SELL,,73
1445,ORD001445,MARKET,SELL,,34
1446,ORD001446,LIMIT,SELL,101.42,7
1447,ORD001447,MARKET,SELL,,22
1448,ORD001448,LIMIT,BUY,98.71,23
1449,ORD001449,MARKET,BUY,,15
1450,ORD000836,CANCEL,,,
1451,ORD001451,MARKET,SELL,,24
1452,ORD001452,LIMIT,BUY,100.45,19
1453,ORD001453,LIMIT,BUY,98.3,4
1454,ORD001454,LIMIT,SELL,101.87,41
1455,ORD001455,LIMIT,SELL,100.24,38
1456,ORD001456,LIMIT,BUY,99.82,57
1457,ORD001457,LIMIT,BUY,100.25,18
1458,ORD001458,MARKET,BUY,,52
1459,ORD001459,MARKET,BUY,,12
1460,ORD001460,LIMIT,BUY,98.56,99
1461,ORD001461,MARKET,BUY,,58
1462,ORD001462,LIMIT,BUY,98.99,63
1463,ORD001463,LIMIT,BUY,98.9,19
1464,ORD001464,MARKET,SELL,,48
1465,ORD000895,CANCEL,,,
1466,ORD001466,LIMIT,SELL,99.72,94
1467,ORD001467,LIMIT,SELL,100.22,94
1468,ORD001468,LIMIT,SELL,100.54,76
1469,ORD001469,MARKET,BUY,,61
1470,ORD001470,MARKET,SELL,,76
1471,ORD001471,MARKET,BUY,,82
1472,ORD001472,MARKET,SELL,,60
1473,ORD001473,MARKET,BUY,,49
1474,ORD001474,MARKET,SELL,,39
1475,ORD001475,MARKET,SELL,,95
1476,ORD001476,LIMIT,BUY,98.39,39
1477,ORD001477,MARKET,SELL,,86
1478,ORD001478,MARKET,SELL,,89
1479,ORD001479,MARKET,BUY,,36
1480,ORD001480,LIMIT,BUY,98.9,62
1481,ORD001481,LIMIT,SELL,100.69,89
1482,ORD001482,LIMIT,SELL,100.94,34
1483,ORD001483,MARKET,BUY,,60
1484,ORD001484,MARKET,BUY,,7
1485,ORD001485,LIMIT,SELL,101.89,7
1486,ORD001486,LIMIT,BUY,99.92,24
1487,ORD001487,LIMIT,BUY,100.18,88
1488,ORD001488,LIMIT,SELL,101.22,13
1489,ORD001489,LIMIT,SELL,99.53,67
1490,ORD001490,MARKET,SELL,,21
1491,ORD001491,LIMIT,BUY,100.08,72
1492,ORD001492,MARKET,BUY,,10
1493,ORD001493,LIMIT,BUY,99.2,40
1494,ORD001494,LIMIT,BUY,100.22,77
1495,ORD001495,MARKET,SELL,,39
1496,ORD000323,CANCEL,,,
1497,ORD001497,LIMIT,BUY,98.77,27
1498,ORD001498,MARKET,BUY,,98
1499,ORD001499,MARKET,BUY,,62
1500,ORD001500,MARKET,BUY,,5
1501,ORD001501,MARKET,BUY,,33
1502,ORD000790,CANCEL,,,
1503,ORD001503,LIMIT,BUY,100.3,27
1504,ORD001504,MARKET,BUY,,45
1505,ORD000389,CANCEL,,,
1506,ORD001506,LIMIT,SELL,100.37,21
1507,ORD001507,LIMIT,BUY,98.17,75
1508,ORD001508,LIMIT,BUY,100.41,22
1509,ORD001509,LIMIT,BUY,98.25,28
1510,ORD001510,MARKET,SELL,,76
1511,ORD001511,MARKET,BUY,,46
1512,ORD001512,MARKET,SELL,,30
1513,ORD001513,MARKET,SELL,,15
1514,ORD001514,LIMIT,SELL,101.26,72
1515,ORD001515,MARKET,BUY,,15
1516,ORD001516,LIMIT,SELL,100.28,57
1517,ORD001517,MARKET,SELL,,55
1518,ORD001518,LIMIT,BUY,100.01,87
1519,ORD001519,LIMIT,BUY,99.23,14
1520,ORD001520,MARKET,BUY,,51
1521,ORD001521,LIMIT,BUY,100.23,22
1522,ORD001522,MARKET,BUY,,77
1523,ORD001523,MARKET,SELL,,55
1524,ORD001524,LIMIT,SELL,101.41,76
1525,ORD001525,MARKET,SELL,,86
1526,ORD001526,LIMIT,SELL,100.78,19
1527,ORD001527,MARKET,BUY,,63
1528,ORD001528,MARKET,BUY,,95
1529,ORD001529,MARKET,BUY,,4
1530,ORD001530,LIMIT,SELL,100.32,39
1531,ORD001531,LIMIT,BUY,99.65,67
1532,ORD001532,MARKET,SELL,,85
1533,ORD001533,LIMIT,SELL,101.52,70
1534,ORD001534,LIMIT,BUY,100.2,16
1535,ORD001535,LIMIT,SELL,100.61,5
1536,ORD001382,CANCEL,,,
1537,ORD001537,LIMIT,SELL,99.91,56
1538,ORD001538,MARKET,SELL,,15
1539,ORD001539,LIMIT,SELL,101.21,74
1540,ORD001540,LIMIT,BUY,98.98,64
1541,ORD001541,LIMIT,SELL,100.38,37
1542,ORD001542,LIMIT,BUY,98.32,47
1543,ORD001543,LIMIT,BUY,99.56,49
1544,ORD001544,LIMIT,SELL,100.53,8
1545,ORD001545,MARKET,BUY,,40
1546,ORD001546,LIMIT,BUY,98.29,22
1547,ORD000866,CANCEL,,,
1548,ORD001071,CANCEL,,,
1549,ORD001549,MARKET,SELL,,90
1550,ORD001550,LIMIT,BUY,98.94,50
1551,ORD001551,LIMIT,BUY,98.25,87
1552,ORD001552,LIMIT,SELL,101.41,44
1553,ORD001553,MARKET,SELL,,56
1554,ORD001554,LIMIT,BUY,99.34,37
1555,ORD001555,LIMIT,SELL,100.51,29
1556,ORD001556,LIMIT,BUY,99.45,76
1557,ORD001557,LIMIT,BUY,99.33,55
1558,ORD001558,LIMIT,BUY,98.75,39
1559,ORD001559,MARKET,SELL,,52
1560,ORD001560,LIMIT,SELL,100.87,3
1561,ORD001561,LIMIT,BUY,98.53,96
1562,ORD001562,LIMIT,SELL,100.83,79
1563,ORD001563,LIMIT,SELL,101.32,8
1564,ORD001564,MARKET,SELL,,31
1565,ORD001565,LIMIT,SELL,100.53,9
1566,ORD001566,MARKET,SELL,,37
1567,ORD001567,LIMIT,SELL,100.09,31
1568,ORD001568,MARKET,BUY,,40
1569,ORD001569,MARKET,SELL,,5
1570,ORD001570,MARKET,SELL,,34
1571,ORD001571,LIMIT,SELL,99.94,6
1572,ORD001572,LIMIT,SELL,99.64,11
1573,ORD001573,LIMIT,SELL,101.75,53
1574,ORD001574,MARKET,BUY,,93
1575,ORD001575,MARKET,BUY,,95
1576,ORD001576,LIMIT,BUY,100.07,100
1577,ORD001577,MARKET,SELL,,12
1578,ORD001578,LIMIT,BUY,98.78,75
1579,ORD001579,LIMIT,BUY,98.55,14
1580,ORD001580,MARKET,SELL,,33
1581,ORD001581,MARKET,BUY,,48
1582,ORD001582,MARKET,BUY,,55
1583,ORD001583,LIMIT,BUY,100.2,19
1584,ORD001584,LIMIT,SELL,99.55,78
1585,ORD000146,CANCEL,,,
1586,ORD001586,MARKET,BUY,,50
1587,ORD001587,LIMIT,SELL,101.21,69
1588,ORD001588,MARKET,SELL,,51
1589,ORD001589,MARKET,SELL,,97
1590,ORD001590,LIMIT,BUY,98.4,57
1591,ORD001591,LIMIT,SELL,100.19,11
1592,ORD001592,MARKET,SELL,,53
1593,ORD001593,LIMIT,SELL,101.69,13
1594,ORD001594,LIMIT,SELL,100.38,78
1595,ORD001595,MARKET,SELL,,4
1596,ORD001596,LIMIT,BUY,99.98,18
1597,ORD000542,CANCEL,,,
1598,ORD001598,LIMIT,SELL,99.78,32
1599,ORD001599,LIMIT,BUY,99.71,41
1600,ORD001600,MARKET,BUY,,88
1601,ORD001601,LIMIT,SELL,100.0,54
1602,ORD001602,LIMIT,SELL,101.86,74
1603,ORD001603,LIMIT,BUY,99.62,81
1604,ORD001604,LIMIT,BUY,98.5,90
1605,ORD001605,MARKET,BUY,,55
1606,ORD001606,MARKET,BUY,,48
1607,ORD001607,MARKET,BUY,,68
1608,ORD001608,LIMIT,SELL,100.74,29
1609,ORD001609,LIMIT,BUY,100.03,35
1610,ORD001610,MARKET,SELL,,56
1611,ORD001611,LIMIT,BUY,98.71,87
1612,ORD001612,MARKET,BUY,,19
1613,ORD000683,CANCEL,,,
1614,ORD001614,LIMIT,SELL,100.42,88
1615,ORD001615,MARKET,BUY,,18
1616,ORD001616,LIMIT,SELL,101.28,91
1617,ORD001617,MARKET,SELL,,72
1618,ORD001618,LIMIT,SELL,100.68,46
1619,ORD001619,MARKET,BUY,,65
1620,ORD001620,LIMIT,SELL,101.18,17
1621,ORD001621,LIMIT,BUY,98.65,65
1622,ORD001622,LIMIT,SELL,99.83,41
1623,ORD001623,MARKET,SELL,,15
1624,ORD001624,MARKET,BUY,,36
1625,ORD001625,MARKET,SELL,,34
1626,ORD001626,LIMIT,SELL,100.59,22
1627,ORD001627,LIMIT,SELL,99.88,85
1628,ORD001628,MARKET,SELL,,20
1629,ORD001629,MARKET,BUY,,34
1630,ORD001630,MARKET,SELL,,64
1631,ORD000939,CANCEL,,,
1632,ORD001632,MARKET,SELL,,15
1633,ORD001633,MARKET,BUY,,12
1634,ORD001634,MARKET,SELL,,22
1635,ORD001635,LIMIT,SELL,101.16,28
1636,ORD001636,LIMIT,BUY,99.43,54
1637,ORD001637,LIMIT,BUY,99.69,43
1638,ORD000330,CANCEL,,,
1639,ORD001639,LIMIT,BUY,98.38,11
1640,ORD001640,MARKET,SELL,,35
1641,ORD001641,MARKET,BUY,,6
1642,ORD001642,MARKET,SELL,,94
1643,ORD001643,MARKET,BUY,,7
1644,ORD001644,MARKET,SELL,,8
1645,ORD001645,MARKET,SELL,,33
1646,ORD001646,MARKET,SELL,,27
1647,ORD001647,MARKET,SELL,,97
1648,ORD001648,MARKET,BUY,,63
1649,ORD001649,LIMIT,SELL,101.01,46
1650,ORD001650,LIMIT,SELL,100.72,50
1651,ORD001651,MARKET,SELL,,55
1652,ORD001652,MARKET,BUY,,55
1653,ORD001653,LIMIT,SELL,101.19,83
1654,ORD001654,LIMIT,BUY,99.32,83
1655,ORD001655,MARKET,SELL,,11
1656,ORD001656,MARKET,SELL,,17
1657,ORD001657,LIMIT,SELL,100.81,38
1658,ORD001658,LIMIT,BUY,99.28,66
1659,ORD001659,MARKET,BUY,,93
1660,ORD001660,MARKET,SELL,,75
1661,ORD001661,MARKET,BUY,,85
1662,ORD001662,LIMIT,BUY,98.11,54
1663,ORD001663,MARKET,SELL,,93
1664,ORD001664,LIMIT,SELL,100.16,24
1665,ORD001665,LIMIT,BUY,99.51,87
1666,ORD001666,MARKET,BUY,,15
1667,ORD001611,CANCEL,,,
1668,ORD001668,LIMIT,SELL,101.91,78
1669,ORD001669,LIMIT,SELL,101.93,47
1670,ORD001670,LIMIT,SELL,99.72,18
1671,ORD000302,CANCEL,,,
1672,ORD001672,LIMIT,BUY,98.52,84
1673,ORD001673,MARKET,BUY,,81
1674,ORD001674,MARKET,BUY,,99
1675,ORD001675,MARKET,SELL,,15
1676,ORD001676,LIMIT,BUY,99.11,63
1677,ORD001677,LIMIT,SELL,100.0,73
1678,ORD001678,MARKET,SELL,,2
1679,ORD001679,LIMIT,SELL,101.62,95
1680,ORD001680,MARKET,SELL,,52
1681,ORD001681,MARKET,SELL,,8
1682,ORD001682,LIMIT,SELL,100.88,35
1683,ORD001683,LIMIT,SELL,99.79,80
1684,ORD001684,MARKET,SELL,,56
1685,ORD000779,CANCEL,,,
1686,ORD001686,MARKET,SELL,,30
1687,ORD001687,LIMIT,SELL,101.63,92
1688,ORD001688,LIMIT,BUY,99.81,50
1689,ORD001689,LIMIT,SELL,101.5,21
1690,ORD001690,LIMIT,SELL,99.72,62
1691,ORD001691,MARKET,BUY,,63
1692,ORD001692,LIMIT,SELL,100.73,31
1693,ORD001693,LIMIT,BUY,98.9,34
1694,ORD001694,MARKET,BUY,,65
1695,ORD000172,CANCEL,,,
1696,ORD001696,LIMIT,BUY,98.3,29
1697,ORD001697,LIMIT,SELL,101.42,99
1698,ORD001698,LIMIT,SELL,101.63,66
1699,ORD001699,LIMIT,BUY,100.32,57
1700,ORD001700,LIMIT,BUY,99.95,79
1701,ORD001701,LIMIT,BUY,98.1,14
1702,ORD001702,LIMIT,BUY,100.28,21
1703,ORD001703,LIMIT,SELL,100.75,13
1704,ORD001704,MARKET,SELL,,18
1705,ORD001705,MARKET,BUY,,54
1706,ORD001706,MARKET,BUY,,61
1707,ORD001707,MARKET,BUY,,48
1708,ORD001708,MARKET,SELL,,86
1709,ORD001709,LIMIT,SELL,99.84,55
1710,ORD001710,LIMIT,SELL,101.88,67
1711,ORD001711,LIMIT,SELL,100.61,99
1712,ORD001316,CANCEL,,,
1713,ORD001713,MARKET,BUY,,52
1714,ORD001714,MARKET,BUY,,51
1715,ORD001715,LIMIT,BUY,98.14,81
1716,ORD001716,MARKET,SELL,,88
1717,ORD001717,LIMIT,SELL,100.28,45
1718,ORD000760,CANCEL,,,
1719,ORD001719,LIMIT,BUY,99.12,27
1720,ORD001720,LIMIT,SELL,101.72,84
1721,ORD001721,LIMIT,BUY,98.21,69
1722,ORD001722,LIMIT,BUY,99.35,28
1723,ORD001723,LIMIT,SELL,101.39,21
1724,ORD001362,CANCEL,,,
1725,ORD001725,LIMIT,BUY,98.76,55
1726,ORD001726,LIMIT,BUY,100.1,34
1727,ORD001727,MARKET,SELL,,97
1728,ORD001728,MARKET,BUY,,74
1729,ORD001729,MARKET,SELL,,31
1730,ORD001730,MARKET,BUY,,37
1731,ORD001731,LIMIT,BUY,99.3,32
1732,ORD001732,LIMIT,BUY,98.9,13
1733,ORD001733,LIMIT,SELL,99.7,8
1734,ORD001734,MARKET,BUY,,58
1735,ORD001735,LIMIT,SELL,100.8,51
1736,ORD001736,LIMIT,SELL,101.99,89
1737,ORD001737,LIMIT,SELL,100.54,21
1738,ORD001738,MARKET,BUY,,59
1739,ORD001739,LIMIT,BUY,99.14,5
1740,ORD001740,LIMIT,SELL,99.8,53
1741,ORD001741,LIMIT,SELL,99.6,20
1742,ORD001742,LIMIT,SELL,100.26,63
1743,ORD000396,CANCEL,,,
1744,ORD001744,MARKET,SELL,,40
1745,ORD001745,MARKET,BUY,,95
1746,ORD001746,LIMIT,BUY,98.17,6
1747,ORD001747,LIMIT,SELL,101.75,49
1748,ORD001748,LIMIT,BUY,99.26,59
1749,ORD001749,MARKET,SELL,,94
1750,ORD001750,MARKET,SELL,,51
1751,ORD001751,LIMIT,BUY,100.23,95
1752,ORD001752,LIMIT,BUY,99.77,74
1753,ORD001753,LIMIT,SELL,99.81,72
1754,ORD001754,LIMIT,BUY,99.3,97
1755,ORD001755,MARKET,BUY,,69
1756,ORD001756,MARKET,BUY,,27
1757,ORD001757,MARKET,SELL,,69
1758,ORD001758,LIMIT,SELL,100.73,3
1759,ORD001759,MARKET,BUY,,68
1760,ORD001760,MARKET,SELL,,13
1761,ORD001761,MARKET,SELL,,33
1762,ORD001762,MARKET,BUY,,53
1763,ORD001763,LIMIT,BUY,98.81,4
1764,ORD001764,MARKET,SELL,,41
1765,ORD001765,MARKET,SELL,,16
1766,ORD001766,LIMIT,BUY,99.47,64
1767,ORD001767,LIMIT,SELL,100.17,41
1768,ORD001768,MARKET,SELL,,4
1769,ORD001769,LIMIT,BUY,98.05,71
1770,ORD001770,MARKET,BUY,,72
1771,ORD001771,MARKET,BUY,,53
1772,ORD001772,LIMIT,BUY,98.36,70
1773,ORD001773,LIMIT,BUY,99.06,72
1774,ORD001774,LIMIT,BUY,100.4,80
1775,ORD001775,MARKET,BUY,,62
1776,ORD001776,LIMIT,SELL,100.45,45
1777,ORD001777,LIMIT,BUY,99.28,6
1778,ORD001778,MARKET,BUY,,51
1779,ORD001779,LIMIT,BUY,100.5,56
1780,ORD001780,LIMIT,SELL,101.86,82
1781,ORD001781,MARKET,SELL,,85
1782,ORD001782,MARKET,SELL,,77
1783,ORD001783,LIMIT,BUY,98.01,61
1784,ORD000015,CANCEL,,,
1785,ORD001785,LIMIT,SELL,101.24,63
1786,ORD001786,LIMIT,BUY,99.62,10
1787,ORD001787,LIMIT,SELL,100.38,49
1788,ORD001788,MARKET,SELL,,99
1789,ORD001789,MARKET,BUY,,48
1790,ORD001790,MARKET,SELL,,96
1791,ORD000770,CANCEL,,,
1792,ORD001792,MARKET,SELL,,79
1793,ORD001793,MARKET,BUY,,64
1794,ORD001794,MARKET,BUY,,91
1795,ORD001795,MARKET,BUY,,82
1796,ORD001796,LIMIT,SELL,100.74,71
1797,ORD001797,MARKET,BUY,,17
1798,ORD001798,MARKET,BUY,,73
1799,ORD001799,MARKET,SELL,,87
1800,ORD001717,CANCEL,,,
1801,ORD001801,LIMIT,SELL,101.71,1
1802,ORD001802,LIMIT,BUY,98.81,53
1803,ORD001803,MARKET,SELL,,67
1804,ORD001804,MARKET,BUY,,54
1805,ORD001805,MARKET,SELL,,25
1806,ORD001806,LIMIT,BUY,98.56,89
1807,ORD001807,LIMIT,BUY,98.49,43
1808,ORD001808,MARKET,BUY,,56
1809,ORD001809,LIMIT,SELL,100.12,61
1810,ORD001810,LIMIT,SELL,101.55,67
1811,ORD001811,LIMIT,BUY,99.55,98
1812,ORD001812,LIMIT,SELL,99.71,8
1813,ORD001813,MARKET,SELL,,89
1814,ORD001814,MARKET,BUY,,57
1815,ORD001815,MARKET,SELL,,87
1816,ORD001816,MARKET,BUY,,49
1817,ORD001817,MARKET,SELL,,77
1818,ORD001818,MARKET,BUY,,60
1819,ORD001819,MARKET,BUY,,87
1820,ORD001820,LIMIT,SELL,100.97,14
1821,ORD001821,LIMIT,BUY,100.1,74
1822,ORD001822,MARKET,SELL,,62
1823,ORD001823,MARKET,SELL,,18
1824,ORD001824,MARKET,BUY,,75
1825,ORD001825,MARKET,SELL,,70
1826,ORD001826,MARKET,BUY,,78
1827,ORD001827,LIMIT,SELL,100.79,85
1828,ORD001828,MARKET,BUY,,72
1829,ORD001829,MARKET,SELL,,26
1830,ORD001830,LIMIT,BUY,98.85,86
1831,ORD001831,LIMIT,SELL,100.33,75
1832,ORD001832,LIMIT,SELL,100.55,21
1833,ORD001833,MARKET,BUY,,1
1834,ORD001834,MARKET,BUY,,28
1835,ORD001835,LIMIT,SELL,100.44,52
1836,ORD001836,MARKET,BUY,,10
1837,ORD001837,MARKET,BUY,,57
1838,ORD001838,MARKET,SELL,,4
1839,ORD001839,MARKET,SELL,,34
1840,ORD001840,LIMIT,SELL,100.11,26
1841,ORD000718,CANCEL,,,
1842,ORD001842,LIMIT,BUY,98.34,84
1843,ORD001843,MARKET,BUY,,27
1844,ORD001844,MARKET,BUY,,48
1845,ORD001845,LIMIT,SELL,99.66,19
1846,ORD001846,LIMIT,BUY,98.48,49
1847,ORD001847,LIMIT,SELL,101.94,32
1848,ORD001848,LIMIT,BUY,98.74,20
1849,ORD001849,LIMIT,BUY,98.7,17
1850,ORD001850,MARKET,SELL,,11
1851,ORD001851,MARKET,BUY,,50
1852,ORD001852,MARKET,SELL,,60
1853,ORD001853,LIMIT,SELL,100.71,64
1854,ORD001854,LIMIT,SELL,101.48,84
1855,ORD000599,CANCEL,,,
1856,ORD001856,LIMIT,SELL,100.49,40
1857,ORD001857,LIMIT,SELL,101.84,48
1858,ORD001858,MARKET,BUY,,11
1859,ORD001859,MARKET,SELL,,6
1860,ORD001860,MARKET,SELL,,60
1861,ORD001861,LIMIT,SELL,100.29,49
1862,ORD001150,CANCEL,,,
1863,ORD001863,MARKET,BUY,,11
1864,ORD001864,LIMIT,BUY,100.32,13
1865,ORD001865,MARKET,SELL,,26
1866,ORD001866,MARKET,SELL,,96
1867,ORD001867,MARKET,SELL,,78
1868,ORD001868,MARKET,SELL,,39
1869,ORD001869,LIMIT,SELL,100.51,52
1870,ORD001870,MARKET,BUY,,66
1871,ORD001871,LIMIT,BUY,98.57,93
1872,ORD001872,MARKET,SELL,,76
1873,ORD001873,LIMIT,SELL,100.65,11
1874,ORD001874,MARKET,BUY,,90
1875,ORD001875,MARKET,SELL,,72
1876,ORD000387,CANCEL,,,
1877,ORD001877,MARKET,BUY,,95
1878,ORD001657,CANCEL,,,
1879,ORD001879,MARKET,SELL,,55
1880,ORD001880,LIMIT,SELL,101.23,39
1881,ORD001881,LIMIT,BUY,98.08,18
1882,ORD001882,LIMIT,SELL,101.5,78
1883,ORD001883,LIMIT,SELL,100.01,51
1884,ORD001884,MARKET,SELL,,14
1885,ORD001885,LIMIT,SELL,100.26,22
1886,ORD001886,MARKET,BUY,,89
1887,ORD001887,MARKET,BUY,,9
1888,ORD001888,MARKET,SELL,,30
1889,ORD001889,MARKET,BUY,,48
1890,ORD001890,MARKET,BUY,,53
1891,ORD001891,MARKET,BUY,,54
1892,ORD001892,MARKET,BUY,,27
1893,ORD001893,MARKET,BUY,,91
1894,ORD001894,LIMIT,BUY,100.35,76
1895,ORD001895,MARKET,SELL,,1
1896,ORD001896,MARKET,SELL,,52
1897,ORD001897,LIMIT,BUY,100.28,63
1898,ORD001898,LIMIT,BUY,98.72,59
1899,ORD001899,MARKET,SELL,,23
1900,ORD001900,LIMIT,BUY,99.83,59
1901,ORD001901,LIMIT,BUY,98.24,90
1902,ORD001902,LIMIT,BUY,98.39,81
1903,ORD001903,LIMIT,BUY,99.81,28
1904,ORD001904,LIMIT,SELL,100.88,48
1905,ORD001905,LIMIT,BUY,99.95,53
1906,ORD001906,MARKET,SELL,,6
1907,ORD001907,LIMIT,BUY,99.69,60
1908,ORD001908,LIMIT,SELL,100.49,2
1909,ORD001909,MARKET,BUY,,96
1910,ORD001910,MARKET,SELL,,71
1911,ORD001911,MARKET,SELL,,36
1912,ORD001912,LIMIT,BUY,99.52,23
1913,ORD001913,MARKET,SELL,,86
1914,ORD001914,MARKET,SELL,,46
1915,ORD001915,LIMIT,BUY,99.33,57
1916,ORD001916,MARKET,BUY,,40
1917,ORD001917,MARKET,BUY,,49
1918,ORD001918,MARKET,BUY,,31
1919,ORD001919,MARKET,BUY,,2
1920,ORD001920,LIMIT,BUY,98.16,13
1921,ORD001921,LIMIT,BUY,98.11,66
1922,ORD001922,MARKET,SELL,,81
1923,ORD001923,LIMIT,BUY,98.99,55
1924,ORD001924,MARKET,BUY,,42
1925,ORD001925,LIMIT,SELL,99.53,28
1926,ORD001926,LIMIT,BUY,98.7,80
1927,ORD001927,LIMIT,BUY,99.03,99
1928,ORD001928,LIMIT,BUY,99.98,73
1929,ORD001929,LIMIT,BUY,100.45,90
1930,ORD001930,MARKET,BUY,,82
1931,ORD001931,LIMIT,SELL,101.17,9
1932,ORD001932,MARKET,SELL,,82
1933,ORD001933,MARKET,BUY,,79
1934,ORD001934,MARKET,BUY,,95
1935,ORD001935,LIMIT,BUY,98.15,48
1936,ORD001936,MARKET,BUY,,27
1937,ORD001937,LIMIT,BUY,99.5,57
1938,ORD001938,MARKET,SELL,,41
1939,ORD001939,LIMIT,BUY,100.44,83
1940,ORD001940,MARKET,BUY,,94
1941,ORD001941,MARKET,BUY,,7
1942,ORD001942,LIMIT,BUY,99.74,29
1943,ORD001943,LIMIT,SELL,99.96,81
1944,ORD001282,CANCEL,,,
1945,ORD001945,MARKET,BUY,,19
1946,ORD001946,MARKET,BUY,,76
1947,ORD001947,MARKET,BUY,,11
1948,ORD001948,MARKET,SELL,,93
1949,ORD001949,MARKET,SELL,,32
1950,ORD001950,LIMIT,SELL,100.0,62
1951,ORD001951,MARKET,SELL,,22
1952,ORD001952,LIMIT,SELL,101.34,98
1953,ORD001953,MARKET,SELL,,49
1954,ORD001954,LIMIT,BUY,100.3,77
1955,ORD001955,MARKET,BUY,,60
1956,ORD001956,MARKET,SELL,,78
1957,ORD001957,MARKET,SELL,,61
1958,ORD001958,MARKET,BUY,,65
1959,ORD001959,MARKET,SELL,,54
1960,ORD001960,MARKET,SELL,,40
1961,ORD001961,MARKET,BUY,,5
1962,ORD001962,MARKET,BUY,,73
1963,ORD001963,LIMIT,SELL,101.43,97
1964,ORD001964,LIMIT,SELL,100.42,8
1965,ORD001965,LIMIT,SELL,100.11,5
1966,ORD001966,LIMIT,SELL,101.19,90
1967,ORD001967,MARKET,BUY,,59
1968,ORD001968,MARKET,BUY,,78
1969,ORD001969,MARKET,BUY,,99
1970,ORD001970,MARKET,SELL,,76
1971,ORD001971,LIMIT,BUY,98.47,55
1972,ORD001972,MARKET,SELL,,39
1973,ORD001973,LIMIT,SELL,101.33,97
1974,ORD001974,MARKET,BUY,,74
1975,ORD001975,LIMIT,SELL,100.17,27
1976,ORD001976,LIMIT,SELL,99.52,22
1977,ORD001977,MARKET,BUY,,100
1978,ORD001978,LIMIT,SELL,101.33,22
1979,ORD001979,LIMIT,BUY,98.5,24
1980,ORD001980,MARKET,BUY,,28
1981,ORD001981,LIMIT,BUY,100.02,25
1982,ORD001982,MARKET,SELL,,80
1983,ORD001983,MARKET,BUY,,11
1984,ORD001984,MARKET,SELL,,4
1985,ORD001985,MARKET,SELL,,98
1986,ORD001986,MARKET,BUY,,1
1987,ORD001987,MARKET,BUY,,67
1988,ORD001988,LIMIT,SELL,101.97,98
1989,ORD001989,MARKET,SELL,,44
1990,ORD001990,MARKET,SELL,,44
1991,ORD001991,LIMIT,BUY,99.66,49
1992,ORD001992,LIMIT,SELL,101.52,1
1993,ORD001993,LIMIT,SELL,101.72,18
1994,ORD000342,CANCEL,,,
1995,ORD001995,LIMIT,SELL,101.38,32
1996,ORD001996,LIMIT,SELL,101.15,1
1997,ORD001997,MARKET,SELL,,47
1998,ORD001998,LIMIT,SELL,100.08,63
1999,ORD001999,MARKET,BUY,,61
2000,ORD002000,LIMIT,BUY,98.73,25
2001,ORD002001,MARKET,BUY,,12
2002,ORD002002,MARKET,SELL,,58
2003,ORD002003,LIMIT,SELL,100.1,28
2004,ORD002004,MARKET,BUY,,92
2005,ORD000901,CANCEL,,,
2006,ORD002006,MARKET,SELL,,33
2007,ORD002007,LIMIT,BUY,100.31,82
2008,ORD002008,LIMIT,BUY,98.83,29
2009,ORD002009,LIMIT,BUY,98.94,92
2010,ORD002010,LIMIT,SELL,101.46,56
2011,ORD002011,MARKET,BUY,,38
2012,ORD002012,MARKET,BUY,,76
2013,ORD002013,LIMIT,BUY,98.32,41
2014,ORD002014,MARKET,BUY,,76
2015,ORD002015,LIMIT,SELL,100.3,47
2016,ORD002016,LIMIT,BUY,99.5,29
2017,ORD002017,LIMIT,BUY,99.15,19
2018,ORD002018,LIMIT,SELL,100.75,59
2019,ORD002019,MARKET,SELL,,86
2020,ORD002020,LIMIT,BUY,98.77,89
2021,ORD002021,LIMIT,SELL,100.04,38
2022,ORD002022,MARKET,SELL,,43
2023,ORD002023,LIMIT,BUY,100.34,29
2024,ORD002024,LIMIT,BUY,99.94,63
2025,ORD002025,LIMIT,SELL,101.15,21
2026,ORD002026,MARKET,SELL,,87
2027,ORD002027,LIMIT,SELL,100.48,68
2028,ORD002028,LIMIT,SELL,99.99,71
2029,ORD002029,MARKET,BUY,,75
2030,ORD002030,LIMIT,BUY,99.77,59
2031,ORD002031,MARKET,BUY,,62
2032,ORD002032,MARKET,BUY,,96
2033,ORD002033,MARKET,BUY,,74
2034,ORD002034,MARKET,BUY,,55
2035,ORD002035,LIMIT,BUY,98.24,61
2036,ORD002036,MARKET,BUY,,66
2037,ORD002037,LIMIT,SELL,101.07,52
2038,ORD002038,MARKET,BUY,,63
2039,ORD002039,LIMIT,BUY,98.94,89
2040,ORD002040,LIMIT,BUY,100.16,84
2041,ORD002041,MARKET,SELL,,16
2042,ORD002042,MARKET,BUY,,86
2043,ORD002043,MARKET,BUY,,74
2044,ORD002044,MARKET,SELL,,96
2045,ORD002045,MARKET,BUY,,83
2046,ORD002046,LIMIT,SELL,99.75,9
2047,ORD002047,MARKET,BUY,,90
2048,ORD001446,CANCEL,,,
2049,ORD002049,MARKET,SELL,,75
2050,ORD002050,LIMIT,BUY,98.52,85
2051,ORD002051,LIMIT,BUY,99.74,1
2052,ORD002052,MARKET,SELL,,17
2053,ORD002053,MARKET,BUY,,33
2054,ORD002054,MARKET,BUY,,16
2055,ORD002055,LIMIT,SELL,99.93,85
2056,ORD000841,CANCEL,,,
2057,ORD001344,CANCEL,,,
2058,ORD002058,LIMIT,SELL,100.61,74
2059,ORD002059,LIMIT,SELL,101.97,46
2060,ORD002060,LIMIT,BUY,99.66,6
2061,ORD002061,MARKET,BUY,,28
2062,ORD002062,LIMIT,BUY,98.69,94
2063,ORD002063,LIMIT,BUY,98.65,84
2064,ORD002064,MARKET,SELL,,33
2065,ORD002065,LIMIT,BUY,98.18,94
2066,ORD002066,LIMIT,BUY,99.41,83
2067,ORD002067,MARKET,BUY,,20
2068,ORD002068,MARKET,SELL,,78
2069,ORD002069,MARKET,SELL,,15
2070,ORD002070,MARKET,SELL,,82
2071,ORD002071,LIMIT,SELL,99.87,29
2072,ORD002072,MARKET,BUY,,29
2073,ORD002073,LIMIT,BUY,98.31,68
2074,ORD002074,LIMIT,SELL,101.52,13
2075,ORD002075,LIMIT,SELL,101.02,7
2076,ORD002076,MARKET,SELL,,95
2077,ORD002077,MARKET,SELL,,17
2078,ORD002078,LIMIT,BUY,98.36,73
2079,ORD002079,LIMIT,BUY,99.6,48
2080,ORD002080,LIMIT,BUY,99.05,59
2081,ORD002081,LIMIT,SELL,100.76,36
2082,ORD002082,MARKET,BUY,,12
2083,ORD002083,LIMIT,SELL,101.61,82
2084,ORD002084,LIMIT,BUY,98.41,8
2085,ORD002085,LIMIT,SELL,100.73,2
2086,ORD002086,LIMIT,SELL,101.83,18
2087,ORD002087,MARKET,BUY,,79
2088,ORD002088,LIMIT,BUY,99.76,96
2089,ORD002089,LIMIT,BUY,100.41,87
2090,ORD002090,MARKET,BUY,,47
2091,ORD002091,LIMIT,SELL,100.56,49
2092,ORD002092,MARKET,BUY,,87
2093,ORD002093,MARKET,BUY,,62
2094,ORD002094,MARKET,BUY,,81
2095,ORD002095,LIMIT,BUY,100.32,83
2096,ORD002096,LIMIT,BUY,100.23,63
2097,ORD002097,LIMIT,BUY,98.82,46
2098,ORD002098,LIMIT,SELL,99.97,46
2099,ORD001135,CANCEL,,,
2100,ORD002100,LIMIT,BUY,100.25,53
2101,ORD002101,MARKET,SELL,,99
2102,ORD002102,MARKET,BUY,,48
2103,ORD002103,LIMIT,SELL,100.84,35
2104,ORD002104,LIMIT,SELL,100.6,18
2105,ORD002105,MARKET,SELL,,91
2106,ORD002106,MARKET,BUY,,18
2107,ORD002107,LIMIT,SELL,99.9,26
2108,ORD002108,MARKET,SELL,,63
2109,ORD002109,MARKET,BUY,,98
2110,ORD002110,LIMIT,SELL,101.81,50
2111,ORD002111,LIMIT,BUY,98.32,45
2112,ORD002112,MARKET,BUY,,44
2113,ORD002113,MARKET,BUY,,38
2114,ORD002114,LIMIT,BUY,98.62,20
2115,ORD002115,MARKET,BUY,,99
2116,ORD002116,LIMIT,SELL,100.12,55
2117,ORD002117,LIMIT,BUY,99.26,24
2118,ORD002118,MARKET,BUY,,17
2119,ORD002119,LIMIT,SELL,101.82,55
2120,ORD000562,CANCEL,,,
2121,ORD002121,MARKET,BUY,,68
2122,ORD002122,MARKET,BUY,,55
2123,ORD002123,LIMIT,SELL,100.26,35
2124,ORD002124,LIMIT,SELL,100.12,7
2125,ORD002125,MARKET,BUY,,96
2126,ORD002126,MARKET,SELL,,78
2127,ORD002127,MARKET,BUY,,63
2128,ORD002128,MARKET,SELL,,86
2129,ORD001448,CANCEL,,,
2130,ORD002130,MARKET,BUY,,95
2131,ORD002131,MARKET,SELL,,36
2132,ORD002132,MARKET,SELL,,14
2133,ORD002133,MARKET,BUY,,84
2134,ORD002134,LIMIT,BUY,100.31,10
2135,ORD002135,MARKET,SELL,,61
2136,ORD002136,LIMIT,BUY,98.38,17
2137,ORD002137,LIMIT,SELL,101.4,72
2138,ORD002138,MARKET,SELL,,92
2139,ORD002139,MARKET,SELL,,54
2140,ORD002140,MARKET,BUY,,36
2141,ORD002141,MARKET,BUY,,73
2142,ORD002142,LIMIT,BUY,98.99,88
2143,ORD002143,MARKET,BUY,,97
2144,ORD002144,MARKET,SELL,,35
2145,ORD002145,MARKET,BUY,,28
2146,ORD002146,LIMIT,BUY,99.98,59
2147,ORD002147,MARKET,SELL,,29
2148,ORD002148,LIMIT,SELL,99.93,6
2149,ORD002149,MARKET,SELL,,19
2150,ORD002150,LIMIT,SELL,100.18,7
2151,ORD002151,LIMIT,BUY,98.52,15
2152,ORD000953,CANCEL,,,
2153,ORD002153,MARKET,SELL,,91
2154,ORD002154,LIMIT,SELL,100.52,79
2155,ORD002155,LIMIT,BUY,98.03,46
2156,ORD002156,MARKET,SELL,,3
2157,ORD002157,LIMIT,BUY,99.72,84
2158,ORD002158,LIMIT,BUY,98.55,35
2159,ORD002159,MARKET,SELL,,30
2160,ORD002160,MARKET,SELL,,62
2161,ORD002161,MARKET,BUY,,23
2162,ORD002162,LIMIT,SELL,99.95,37
2163,ORD000454,CANCEL,,,
2164,ORD002164,LIMIT,SELL,99.97,19
2165,ORD002165,MARKET,BUY,,83
2166,ORD002166,LIMIT,BUY,98.34,97
2167,ORD002167,MARKET,BUY,,3
2168,ORD002168,LIMIT,BUY,99.61,6
2169,ORD002169,MARKET,BUY,,81
2170,ORD002170,LIMIT,BUY,98.27,95
2171,ORD002171,MARKET,BUY,,62
2172,ORD002172,LIMIT,SELL,100.27,62
2173,ORD002173,LIMIT,BUY,98.67,70
2174,ORD002174,MARKET,BUY,,38
2175,ORD002175,MARKET,SELL,,29
2176,ORD001134,CANCEL,,,
2177,ORD002177,LIMIT,SELL,100.06,88
2178,ORD002178,MARKET,BUY,,15
2179,ORD002179,MARKET,SELL,,79
2180,ORD002180,LIMIT,SELL,101.8,6
2181,ORD002181,MARKET,BUY,,43
2182,ORD002182,MARKET,SELL,,86
2183,ORD002183,MARKET,SELL,,14
2184,ORD002184,LIMIT,SELL,101.83,92
2185,ORD002185,LIMIT,BUY,100.45,100
2186,ORD002186,MARKET,SELL,,58
2187,ORD002187,LIMIT,SELL,99.78,55
2188,ORD002188,MARKET,SELL,,42
2189,ORD002189,LIMIT,BUY,98.88,64
2190,ORD002190,LIMIT,SELL,101.09,18
2191,ORD002191,MARKET,BUY,,71
2192,ORD002192,LIMIT,SELL,101.55,50
2193,ORD002193,LIMIT,SELL,101.44,96
2194,ORD002194,MARKET,BUY,,1
2195,ORD002195,MARKET,BUY,,61
2196,ORD002196,MARKET,BUY,,45
2197,ORD002197,MARKET,BUY,,19
2198,ORD002198,MARKET,SELL,,29
2199,ORD002199,MARKET,BUY,,90
2200,ORD002200,LIMIT,SELL,101.24,55
2201,ORD002201,LIMIT,BUY,98.18,77
2202,ORD002202,MARKET,BUY,,19
2203,ORD002203,MARKET,BUY,,54
2204,ORD002204,MARKET,BUY,,18
2205,ORD002205,MARKET,SELL,,93
2206,ORD002206,MARKET,BUY,,20
2207,ORD002207,LIMIT,BUY,98.43,21
2208,ORD002081,CANCEL,,,
2209,ORD002209,LIMIT,SELL,101.57,74
2210,ORD002210,MARKET,BUY,,21
2211,ORD002211,LIMIT,BUY,100.44,17
2212,ORD002212,LIMIT,SELL,100.05,24
2213,ORD002213,LIMIT,BUY,99.17,41
2214,ORD002214,LIMIT,SELL,99.91,48
2215,ORD002215,MARKET,BUY,,14
2216,ORD002216,MARKET,SELL,,37
2217,ORD002217,MARKET,BUY,,77
2218,ORD000868,CANCEL,,,
2219,ORD002219,LIMIT,BUY,98.08,35
2220,ORD002220,LIMIT,BUY,99.98,6
2221,ORD000251,CANCEL,,,
2222,ORD002222,LIMIT,BUY,99.88,51
2223,ORD002223,LIMIT,SELL,101.31,17
2224,ORD002224,MARKET,BUY,,95
2225,ORD002225,MARKET,BUY,,49
2226,ORD002226,MARKET,BUY,,20
2227,ORD002227,LIMIT,BUY,98.23,92
2228,ORD002228,LIMIT,BUY,99.64,99
2229,ORD002229,MARKET,SELL,,17
2230,ORD002230,LIMIT,SELL,101.85,6
2231,ORD002231,MARKET,SELL,,79
2232,ORD002232,LIMIT,BUY,100.49,13
2233,ORD002233,LIMIT,BUY,98.77,12
2234,ORD002234,MARKET,SELL,,38
2235,ORD002235,LIMIT,SELL,100.38,10
2236,ORD002236,MARKET,SELL,,61
2237,ORD002237,LIMIT,SELL,99.85,16
2238,ORD002238,MARKET,SELL,,37
2239,ORD002239,MARKET,BUY,,66
2240,ORD002240,MARKET,SELL,,88
2241,ORD002241,MARKET,SELL,,88
2242,ORD001654,CANCEL,,,
2243,ORD002243,LIMIT,BUY,99.4,20
2244,ORD002244,MARKET,SELL,,73
2245,ORD002245,MARKET,BUY,,60
2246,ORD002246,MARKET,SELL,,83
2247,ORD002247,MARKET,SELL,,24
2248,ORD002248,LIMIT,SELL,100.0,43
2249,ORD002249,LIMIT,SELL,100.72,90
2250,ORD002250,MARKET,BUY,,5
2251,ORD002251,MARKET,SELL,,28
2252,ORD002252,LIMIT,BUY,99.94,8
2253,ORD002253,LIMIT,SELL,101.95,28
2254,ORD002254,LIMIT,BUY,99.71,35
2255,ORD002255,MARKET,BUY,,9
2256,ORD002256,MARKET,BUY,,92
2257,ORD002257,LIMIT,SELL,101.17,34
2258,ORD002258,MARKET,BUY,,55
2259,ORD002259,MARKET,SELL,,45
2260,ORD002260,MARKET,SELL,,89
2261,ORD002261,MARKET,SELL,,89
2262,ORD002262,LIMIT,BUY,100.23,26
2263,ORD002263,MARKET,BUY,,94
2264,ORD002264,MARKET,SELL,,59
2265,ORD002265,LIMIT,SELL,99.78,87
2266,ORD002266,LIMIT,BUY,100.36,17
2267,ORD002267,MARKET,BUY,,96
2268,ORD002268,LIMIT,SELL,101.44,77
2269,ORD002269,MARKET,SELL,,25
2270,ORD002270,MARKET,BUY,,47
2271,ORD002249,CANCEL,,,
2272,ORD002272,LIMIT,BUY,99.62,59
2273,ORD002273,MARKET,SELL,,70
2274,ORD002274,MARKET,SELL,,23
2275,ORD002275,MARKET,SELL,,77
2276,ORD002276,MARKET,SELL,,85
2277,ORD002277,LIMIT,SELL,101.26,13
2278,ORD002278,MARKET,BUY,,3
2279,ORD002279,MARKET,SELL,,96
2280,ORD002280,LIMIT,BUY,99.26,5
2281,ORD002281,MARKET,SELL,,100
2282,ORD002282,MARKET,SELL,,61
2283,ORD002283,LIMIT,SELL,101.79,53
2284,ORD002284,MARKET,SELL,,48
2285,ORD002285,MARKET,SELL,,85
2286,ORD002286,LIMIT,SELL,99.51,54
2287,ORD000055,CANCEL,,,
2288,ORD002288,LIMIT,SELL,100.8,95
2289,ORD002289,MARKET,SELL,,74
2290,ORD002290,LIMIT,BUY,98.98,79
2291,ORD002291,LIMIT,BUY,99.44,17
2292,ORD002292,LIMIT,SELL,99.93,41
2293,ORD002293,MARKET,SELL,,91
2294,ORD002294,LIMIT,BUY,99.96,98
2295,ORD002295,LIMIT,SELL,99.9,42
2296,ORD002296,MARKET,BUY,,2
2297,ORD002297,MARKET,BUY,,91
2298,ORD002298,LIMIT,BUY,98.06,94
2299,ORD002299,LIMIT,SELL,101.44,24
2300,ORD002300,MARKET,BUY,,69
2301,ORD002301,LIMIT,SELL,101.15,36
2302,ORD002302,LIMIT,BUY,99.6,75
2303,ORD002303,MARKET,BUY,,77
2304,ORD002304,MARKET,BUY,,24
2305,ORD002305,LIMIT,SELL,101.78,27
2306,ORD002306,LIMIT,SELL,100.53,63
2307,ORD002307,MARKET,BUY,,54
2308,ORD002308,LIMIT,SELL,100.63,21
2309,ORD002309,LIMIT,BUY,99.65,81
2310,ORD002310,MARKET,BUY,,44
2311,ORD002311,LIMIT,SELL,101.0,1
2312,ORD002312,LIMIT,SELL,99.98,4
2313,ORD002313,MARKET,BUY,,47
2314,ORD002314,MARKET,BUY,,18
2315,ORD002315,MARKET,BUY,,62
2316,ORD002316,MARKET,BUY,,71
2317,ORD002317,LIMIT,SELL,100.74,66
2318,ORD002318,MARKET,BUY,,26
2319,ORD002319,LIMIT,SELL,99.76,99
2320,ORD002320,LIMIT,BUY,100.38,63
2321,ORD002321,MARKET,SELL,,96
2322,ORD002322,LIMIT,SELL,101.02,55
2323,ORD002323,MARKET,SELL,,81
2324,ORD002324,MARKET,SELL,,5
2325,ORD002325,LIMIT,SELL,100.23,83
2326,ORD002326,MARKET,SELL,,15
2327,ORD002327,MARKET,SELL,,24
2328,ORD002328,MARKET,BUY,,48
2329,ORD002329,MARKET,SELL,,41
2330,ORD002330,MARKET,SELL,,73
2331,ORD002331,LIMIT,BUY,98.96,78
2332,ORD002332,MARKET,BUY,,36
2333,ORD002333,LIMIT,BUY,99.62,88
2334,ORD002334,LIMIT,SELL,100.0,7
2335,ORD002335,MARKET,SELL,,36
2336,ORD002336,MARKET,BUY,,77
2337,ORD002337,MARKET,SELL,,3
2338,ORD002338,LIMIT,BUY,98.71,52
2339,ORD001413,CANCEL,,,
2340,ORD002340,MARKET,BUY,,3
2341,ORD002341,LIMIT,BUY,99.04,39
2342,ORD002342,MARKET,SELL,,72
2343,ORD002343,LIMIT,SELL,100.48,90
2344,ORD002344,LIMIT,SELL,101.92,16
2345,ORD002345,MARKET,BUY,,7
2346,ORD002346,MARKET,BUY,,42
2347,ORD002347,MARKET,SELL,,12
2348,ORD002348,LIMIT,SELL,100.84,1
2349,ORD002349,MARKET,BUY,,6
2350,ORD002350,MARKET,SELL,,43
2351,ORD002351,MARKET,SELL,,22
2352,ORD002352,MARKET,SELL,,41
2353,ORD002353,LIMIT,SELL,101.17,67
2354,ORD002354,LIMIT,SELL,101.94,42
2355,ORD002355,MARKET,SELL,,34
2356,ORD002356,MARKET,BUY,,32
2357,ORD002357,LIMIT,BUY,98.19,64
2358,ORD002358,LIMIT,BUY,99.17,50
2359,ORD002359,MARKET,BUY,,76
2360,ORD002360,LIMIT,SELL,100.28,59
2361,ORD002361,LIMIT,BUY,98.55,47
2362,ORD002362,LIMIT,SELL,100.78,100
2363,ORD002363,MARKET,BUY,,22
2364,ORD002364,MARKET,BUY,,14
2365,ORD002365,MARKET,BUY,,59
2366,ORD002366,MARKET,BUY,,68
2367,ORD002367,MARKET,SELL,,71
2368,ORD002368,MARKET,SELL,,51
2369,ORD002369,MARKET,SELL,,35
2370,ORD002370,LIMIT,BUY,99.83,55
2371,ORD002371,MARKET,BUY,,77
2372,ORD002372,LIMIT,SELL,99.77,7
2373,ORD002373,MARKET,BUY,,7
2374,ORD002374,MARKET,SELL,,69
2375,ORD002375,LIMIT,BUY,99.75,52
2376,ORD002376,MARKET,BUY,,89
2377,ORD002377,MARKET,BUY,,27
2378,ORD002378,LIMIT,SELL,100.22,1
2379,ORD002379,LIMIT,SELL,101.63,89
2380,ORD002380,LIMIT,SELL,99.92,43
2381,ORD002381,LIMIT,BUY,99.67,55
2382,ORD002382,LIMIT,BUY,100.2,22
2383,ORD002383,LIMIT,BUY,100.42,75
2384,ORD002193,CANCEL,,,
2385,ORD002385,MARKET,BUY,,3
2386,ORD002386,LIMIT,SELL,100.81,22
2387,ORD002387,MARKET,BUY,,95
2388,ORD002388,LIMIT,SELL,101.97,33
2389,ORD002389,MARKET,SELL,,2
2390,ORD002390,LIMIT,SELL,101.73,100
2391,ORD002391,MARKET,SELL,,88
2392,ORD002392,MARKET,BUY,,53
2393,ORD002393,MARKET,BUY,,4
2394,ORD002394,MARKET,SELL,,96
2395,ORD002395,LIMIT,SELL,101.91,81
2396,ORD002396,LIMIT,SELL,101.69,23
2397,ORD002397,LIMIT,SELL,100.48,54
2398,ORD002398,MARKET,SELL,,6
2399,ORD002399,LIMIT,SELL,99.81,59
2400,ORD002400,MARKET,SELL,,2
2401,ORD002401,MARKET,BUY,,20
2402,ORD002402,LIMIT,SELL,101.16,39
2403,ORD002403,LIMIT,BUY,98.04,6
2404,ORD002404,MARKET,BUY,,40
2405,ORD000974,CANCEL,,,
2406,ORD002406,MARKET,BUY,,18
2407,ORD002407,LIMIT,SELL,100.75,99
2408,ORD002408,LIMIT,BUY,98.36,94
2409,ORD002409,MARKET,BUY,,5
2410,ORD002410,MARKET,SELL,,87
2411,ORD002411,MARKET,SELL,,13
2412,ORD002412,LIMIT,SELL,99.93,56
2413,ORD002413,LIMIT,SELL,99.85,99
2414,ORD002414,MARKET,BUY,,26
2415,ORD002415,MARKET,BUY,,81
2416,ORD002416,MARKET,BUY,,56
2417,ORD002417,LIMIT,SELL,100.76,88
2418,ORD002418,MARKET,SELL,,60
2419,ORD002419,MARKET,SELL,,72
2420,ORD001939,CANCEL,,,
2421,ORD002421,LIMIT,BUY,98.76,32
2422,ORD002422,MARKET,SELL,,70
2423,ORD002423,MARKET,SELL,,51
2424,ORD002424,MARKET,BUY,,98
2425,ORD002425,LIMIT,SELL,99.71,35
2426,ORD002426,MARKET,BUY,,13
2427,ORD002427,LIMIT,SELL,101.66,16
2428,ORD002428,LIMIT,BUY,99.29,72
2429,ORD002429,MARKET,SELL,,87
2430,ORD002430,MARKET,BUY,,40
2431,ORD002431,LIMIT,BUY,99.56,26
2432,ORD002432,MARKET,BUY,,16
2433,ORD002433,MARKET,BUY,,61
2434,ORD001338,CANCEL,,,
2435,ORD002435,LIMIT,BUY,98.75,62
2436,ORD002436,LIMIT,BUY,99.37,79
2437,ORD002437,MARKET,BUY,,82
2438,ORD000415,CANCEL,,,
2439,ORD002439,MARKET,BUY,,95
2440,ORD002440,MARKET,BUY,,38
2441,ORD002441,LIMIT,BUY,99.23,86
2442,ORD002442,LIMIT,SELL,99.77,54
2443,ORD002443,MARKET,BUY,,59
2444,ORD002444,MARKET,SELL,,39
2445,ORD001683,CANCEL,,,
2446,ORD002446,MARKET,SELL,,46
2447,ORD002447,LIMIT,SELL,100.65,2
2448,ORD002448,LIMIT,SELL,101.65,27
2449,ORD002449,LIMIT,SELL,99.94,20
2450,ORD002450,MARKET,SELL,,18
2451,ORD002451,LIMIT,SELL,99.67,83
2452,ORD002452,LIMIT,SELL,99.95,91
2453,ORD002453,MARKET,SELL,,42
2454,ORD002454,LIMIT,SELL,101.57,9
2455,ORD002157,CANCEL,,,
2456,ORD002456,MARKET,BUY,,14
2457,ORD002457,MARKET,SELL,,30
2458,ORD002458,MARKET,BUY,,23
2459,ORD002459,LIMIT,SELL,100.55,9
2460,ORD002460,MARKET,SELL,,96
2461,ORD002461,LIMIT,SELL,101.6,23
2462,ORD002462,MARKET,SELL,,82
2463,ORD002463,MARKET,BUY,,63
2464,ORD002464,MARKET,SELL,,95
2465,ORD002465,MARKET,BUY,,4
2466,ORD002466,MARKET,BUY,,18
2467,ORD002467,LIMIT,SELL,100.92,10
2468,ORD002468,MARKET,SELL,,27
2469,ORD002469,LIMIT,SELL,100.39,72
2470,ORD002470,MARKET,BUY,,81
2471,ORD002471,LIMIT,BUY,98.32,67
2472,ORD002472,MARKET,BUY,,7
2473,ORD002473,MARKET,SELL,,38
2474,ORD002474,MARKET,SELL,,46
2475,ORD002475,LIMIT,BUY,98.19,74
2476,ORD002476,MARKET,SELL,,8
2477,ORD002477,LIMIT,BUY,100.34,34
2478,ORD002478,MARKET,BUY,,34
2479,ORD002479,MARKET,BUY,,71
2480,ORD002480,LIMIT,SELL,101.16,8
2481,ORD002481,LIMIT,BUY,99.41,79
2482,ORD002482,MARKET,BUY,,10
2483,ORD002483,LIMIT,BUY,99.2,17
2484,ORD002484,MARKET,BUY,,64
2485,ORD002485,MARKET,SELL,,39
2486,ORD002486,MARKET,BUY,,8
2487,ORD001993,CANCEL,,,
2488,ORD002488,LIMIT,SELL,101.34,71
2489,ORD002489,LIMIT,SELL,101.24,56
2490,ORD002490,MARKET,BUY,,16
2491,ORD002491,MARKET,SELL,,44
2492,ORD002492,MARKET,BUY,,12
2493,ORD002493,MARKET,BUY,,97
2494,ORD002494,LIMIT,BUY,98.04,93
2495,ORD002495,MARKET,BUY,,17
2496,ORD002496,MARKET,SELL,,45
2497,ORD002497,LIMIT,BUY,98.32,51
2498,ORD002498,LIMIT,BUY,98.19,70
2499,ORD002499,LIMIT,SELL,101.65,57
2500,ORD002500,LIMIT,SELL,100.23,84
2501,ORD002501,MARKET,SELL,,70
2502,ORD002502,MARKET,BUY,,53
2503,ORD002503,MARKET,SELL,,27
2504,ORD002504,MARKET,BUY,,71
2505,ORD002505,LIMIT,SELL,101.47,5
2506,ORD002506,LIMIT,SELL,100.63,15
2507,ORD002114,CANCEL,,,
2508,ORD000786,CANCEL,,,
2509,ORD002509,LIMIT,SELL,99.71,36
2510,ORD002510,MARKET,SELL,,49
2511,ORD002511,MARKET,BUY,,49
2512,ORD002512,LIMIT,SELL,101.15,5
2513,ORD002513,LIMIT,SELL,101.78,97
2514,ORD002514,LIMIT,SELL,100.98,97
2515,ORD001849,CANCEL,,,
2516,ORD002516,LIMIT,SELL,101.46,95
2517,ORD002517,LIMIT,BUY,100.38,87
2518,ORD002518,MARKET,SELL,,93
2519,ORD002519,MARKET,SELL,,49
2520,ORD002520,MARKET,BUY,,2
2521,ORD002521,MARKET,SELL,,32
2522,ORD002522,MARKET,SELL,,51
2523,ORD000781,CANCEL,,,
2524,ORD002524,LIMIT,SELL,101.53,78
2525,ORD000880,CANCEL,,,
2526,ORD002526,LIMIT,SELL,101.62,57
2527,ORD002527,MARKET,SELL,,5
2528,ORD002528,LIMIT,SELL,100.89,53
2529,ORD002529,MARKET,BUY,,79
2530,ORD002530,MARKET,BUY,,34
2531,ORD002531,MARKET,SELL,,64
2532,ORD002532,MARKET,BUY,,80
2533,ORD002533,MARKET,BUY,,5
2534,ORD002534,LIMIT,SELL,99.6,92
2535,ORD002535,LIMIT,SELL,99.54,46
2536,ORD002536,LIMIT,BUY,98.87,10
2537,ORD002537,LIMIT,BUY,98.59,42
2538,ORD002538,MARKET,SELL,,55
2539,ORD002539,MARKET,BUY,,78
2540,ORD002540,LIMIT,SELL,101.74,48
2541,ORD002541,LIMIT,SELL,99.9,6
2542,ORD002542,LIMIT,BUY,98.06,78
2543,ORD002543,LIMIT,SELL,101.45,66
2544,ORD002544,LIMIT,SELL,100.45,75
2545,ORD001856,CANCEL,,,
2546,ORD002546,LIMIT,BUY,100.4,29
2547,ORD002547,LIMIT,SELL,99.8,68
2548,ORD002548,LIMIT,SELL,100.8,41
2549,ORD002549,LIMIT,SELL,100.32,99
2550,ORD002550,MARKET,BUY,,96
2551,ORD002551,MARKET,BUY,,53
2552,ORD002552,LIMIT,SELL,99.69,47
2553,ORD002553,MARKET,BUY,,54
2554,ORD002554,LIMIT,BUY,98.61,53
2555,ORD002555,LIMIT,BUY,99.99,44
2556,ORD002556,MARKET,BUY,,65
2557,ORD002557,LIMIT,SELL,101.43,24
2558,ORD002558,MARKET,BUY,,54
2559,ORD002559,LIMIT,SELL,99.82,5
2560,ORD002560,LIMIT,BUY,100.47,17
2561,ORD002561,LIMIT,SELL,100.39,52
2562,ORD002562,LIMIT,BUY,98.3,44
2563,ORD002563,LIMIT,BUY,98.11,95
2564,ORD002564,LIMIT,SELL,101.08,95
2565,ORD002565,LIMIT,SELL,101.25,94
2566,ORD002566,MARKET,BUY,,1
2567,ORD002567,LIMIT,SELL,100.63,42
2568,ORD002568,LIMIT,SELL,99.74,39
2569,ORD002569,LIMIT,BUY,100.24,75
2570,ORD002570,MARKET,SELL,,50
2571,ORD002571,LIMIT,BUY,98.1,95
2572,ORD002572,MARKET,BUY,,36
2573,ORD002573,MARKET,SELL,,37
2574,ORD002574,MARKET,SELL,,57
2575,ORD002575,MARKET,BUY,,34
2576,ORD002576,LIMIT,BUY,99.67,19
2577,ORD002577,MARKET,BUY,,6
2578,ORD002578,MARKET,BUY,,4
2579,ORD002579,LIMIT,SELL,100.93,94
2580,ORD002580,LIMIT,BUY,98.74,15
2581,ORD002581,MARKET,BUY,,56
2582,ORD002582,LIMIT,BUY,100.48,94
2583,ORD002583,LIMIT,SELL,101.36,29
2584,ORD002584,MARKET,SELL,,43
2585,ORD002585,LIMIT,BUY,98.79,5
2586,ORD002586,MARKET,SELL,,72
2587,ORD002587,LIMIT,BUY,99.57,32
2588,ORD002588,LIMIT,SELL,100.05,26
2589,ORD002589,MARKET,BUY,,24
2590,ORD002590,MARKET,SELL,,82
2591,ORD002591,MARKET,BUY,,9
2592,ORD002592,LIMIT,BUY,98.1,89
2593,ORD002593,LIMIT,SELL,100.09,45
2594,ORD002594,LIMIT,BUY,100.1,38
2595,ORD002595,LIMIT,SELL,100.48,46
2596,ORD002596,MARKET,SELL,,15
2597,ORD002597,MARKET,SELL,,58
2598,ORD002598,MARKET,SELL,,60
2599,ORD002599,MARKET,BUY,,51
2600,ORD002600,LIMIT,SELL,101.66,77
2601,ORD002601,MARKET,BUY,,35
2602,ORD002602,MARKET,SELL,,99
2603,ORD002603,MARKET,SELL,,57
2604,ORD002604,LIMIT,SELL,100.17,94
2605,ORD002605,MARKET,BUY,,53
2606,ORD002606,LIMIT,BUY,99.95,15
2607,ORD002607,MARKET,SELL,,70
2608,ORD000127,CANCEL,,,
2609,ORD002609,LIMIT,BUY,98.83,46
2610,ORD002610,LIMIT,BUY,99.3,47
2611,ORD002611,LIMIT,BUY,98.99,92
2612,ORD002612,LIMIT,BUY,98.83,28
2613,ORD002613,LIMIT,BUY,98.09,3
2614,ORD002614,LIMIT,BUY,99.98,6
2615,ORD002615,MARKET,SELL,,81
2616,ORD002616,MARKET,BUY,,96
2617,ORD002617,LIMIT,SELL,99.83,95
2618,ORD002618,MARKET,BUY,,65
2619,ORD002619,MARKET,SELL,,96
2620,ORD002620,MARKET,BUY,,76
2621,ORD002621,LIMIT,BUY,100.15,42
2622,ORD002622,MARKET,BUY,,59
2623,ORD002623,LIMIT,SELL,100.94,49
2624,ORD002624,MARKET,BUY,,53
2625,ORD002625,MARKET,SELL,,90
2626,ORD002626,MARKET,BUY,,64
2627,ORD002627,LIMIT,SELL,101.29,58
2628,ORD002628,MARKET,BUY,,30
2629,ORD002629,LIMIT,SELL,101.11,43
2630,ORD002630,MARKET,BUY,,22
2631,ORD002631,LIMIT,SELL,99.71,52
2632,ORD002632,LIMIT,SELL,101.6,98
2633,ORD002633,MARKET,SELL,,40
2634,ORD002634,MARKET,BUY,,89
2635,ORD002635,LIMIT,SELL,100.17,27
2636,ORD002636,LIMIT,SELL,100.28,84
2637,ORD002637,LIMIT,SELL,100.79,95
2638,ORD002638,LIMIT,BUY,99.06,10
2639,ORD002639,MARKET,BUY,,96
2640,ORD002640,MARKET,BUY,,15
2641,ORD002168,CANCEL,,,
2642,ORD002642,MARKET,SELL,,71
2643,ORD002643,MARKET,BUY,,56
2644,ORD002644,LIMIT,SELL,101.04,48
2645,ORD002645,MARKET,BUY,,67
2646,ORD002646,LIMIT,SELL,100.13,60
2647,ORD002647,LIMIT,SELL,101.3,18
2648,ORD002648,MARKET,SELL,,54
2649,ORD002649,MARKET,SELL,,1
2650,ORD002650,MARKET,BUY,,13
2651,ORD002651,MARKET,SELL,,80
2652,ORD002652,MARKET,BUY,,82
2653,ORD002653,MARKET,BUY,,2
2654,ORD002654,MARKET,SELL,,55
2655,ORD002655,MARKET,SELL,,99
2656,ORD002656,LIMIT,SELL,101.1,26
2657,ORD002657,MARKET,BUY,,28
2658,ORD002658,LIMIT,SELL,99.82,67
2659,ORD002659,MARKET,SELL,,99
2660,ORD002660,LIMIT,SELL,101.34,79
2661,ORD002661,MARKET,SELL,,1
2662,ORD002662,MARKET,BUY,,79
2663,ORD002663,MARKET,BUY,,1
2664,ORD002664,MARKET,BUY,,57
2665,ORD002665,MARKET,SELL,,65
2666,ORD002666,LIMIT,BUY,98.94,50
2667,ORD002667,MARKET,SELL,,67
2668,ORD002668,LIMIT,BUY,100.11,22
2669,ORD002669,LIMIT,SELL,101.6,72
2670,ORD002670,LIMIT,SELL,100.89,56
2671,ORD002671,MARKET,BUY,,47
2672,ORD002672,LIMIT,SELL,100.03,72
2673,ORD002673,MARKET,BUY,,23
2674,ORD002674,MARKET,BUY,,47
2675,ORD002675,LIMIT,BUY,98.82,48
2676,ORD002676,LIMIT,BUY,98.08,36
2677,ORD002677,MARKET,SELL,,90
2678,ORD002678,LIMIT,SELL,101.93,4
2679,ORD002679,LIMIT,SELL,101.08,63
2680,ORD002680,MARKET,BUY,,4
2681,ORD002681,LIMIT,BUY,98.44,17
2682,ORD002682,MARKET,BUY,,82
2683,ORD002683,MARKET,SELL,,70
2684,ORD002684,LIMIT,BUY,99.84,43
2685,ORD002685,LIMIT,SELL,99.92,76
2686,ORD002686,LIMIT,SELL,101.85,52
2687,ORD002687,MARKET,BUY,,98
2688,ORD002688,MARKET,SELL,,57
2689,ORD001081,CANCEL,,,
2690,ORD002690,MARKET,SELL,,96
2691,ORD002691,MARKET,BUY,,72
2692,ORD002692,MARKET,SELL,,90
2693,ORD002693,MARKET,SELL,,12
2694,ORD002694,MARKET,BUY,,76
2695,ORD002695,LIMIT,BUY,99.97,28
2696,ORD002696,MARKET,SELL,,93
2697,ORD002697,LIMIT,SELL,101.11,25
2698,ORD002698,MARKET,BUY,,49
2699,ORD002699,MARKET,BUY,,73
2700,ORD002700,LIMIT,BUY,98.68,26
2701,ORD002701,MARKET,SELL,,57
2702,ORD002702,MARKET,SELL,,47
2703,ORD002703,LIMIT,SELL,101.22,22
2704,ORD001981,CANCEL,,,
2705,ORD002705,LIMIT,BUY,99.08,83
2706,ORD002706,MARKET,SELL,,90
2707,ORD002707,MARKET,SELL,,99
2708,ORD002708,MARKET,BUY,,5
2709,ORD002709,MARKET,BUY,,60
2710,ORD002710,LIMIT,SELL,101.15,5
2711,ORD002711,LIMIT,BUY,100.17,2
2712,ORD002712,MARKET,SELL,,83
2713,ORD002713,LIMIT,BUY,98.77,60
2714,ORD002714,MARKET,BUY,,79
2715,ORD002715,LIMIT,SELL,100.68,32
2716,ORD002716,LIMIT,SELL,100.71,52
2717,ORD002717,LIMIT,BUY,100.25,65
2718,ORD002718,LIMIT,SELL,101.88,52
2719,ORD002719,LIMIT,BUY,100.31,77
2720,ORD002720,LIMIT,BUY,99.42,18
2721,ORD002721,LIMIT,SELL,99.63,12
2722,ORD002722,LIMIT,BUY,99.15,22
2723,ORD002723,MARKET,BUY,,23
2724,ORD002724,MARKET,BUY,,27
2725,ORD002725,MARKET,BUY,,72
2726,ORD002726,MARKET,SELL,,21
2727,ORD002727,LIMIT,SELL,100.49,28
2728,ORD002728,LIMIT,SELL,101.27,98
2729,ORD002729,MARKET,SELL,,98
2730,ORD002730,LIMIT,SELL,101.75,87
2731,ORD002731,LIMIT,SELL,100.84,45
2732,ORD002732,MARKET,BUY,,78
2733,ORD002733,MARKET,BUY,,44
2734,ORD002734,LIMIT,BUY,99.88,10
2735,ORD002735,MARKET,BUY,,6
2736,ORD002736,MARKET,SELL,,50
2737,ORD002737,MARKET,SELL,,40
2738,ORD002738,MARKET,SELL,,54
2739,ORD002739,LIMIT,SELL,101.59,60
2740,ORD002740,LIMIT,SELL,99.75,52
2741,ORD002741,MARKET,BUY,,17
2742,ORD002742,LIMIT,SELL,99.53,84
2743,ORD002743,MARKET,SELL,,7
2744,ORD002744,LIMIT,SELL,99.79,58
2745,ORD002745,LIMIT,SELL,101.61,47
2746,ORD002746,LIMIT,BUY,99.33,50
2747,ORD002747,MARKET,BUY,,44
2748,ORD002748,MARKET,SELL,,79
2749,ORD002749,MARKET,SELL,,60
2750,ORD002750,LIMIT,BUY,99.15,7
2751,ORD002751,MARKET,SELL,,44
2752,ORD002752,LIMIT,BUY,98.45,46
2753,ORD002753,MARKET,SELL,,82
2754,ORD000618,CANCEL,,,
2755,ORD002755,LIMIT,BUY,98.99,23
2756,ORD002756,MARKET,BUY,,19
2757,ORD002757,LIMIT,SELL,100.36,59
2758,ORD002758,LIMIT,BUY,100.26,94
2759,ORD002759,MARKET,SELL,,42
2760,ORD002760,LIMIT,BUY,99.81,13
2761,ORD002761,MARKET,BUY,,82
2762,ORD002762,MARKET,SELL,,24
2763,ORD002763,LIMIT,SELL,101.36,11
2764,ORD002764,LIMIT,SELL,101.48,74
2765,ORD002765,LIMIT,SELL,100.85,32
2766,ORD002766,MARKET,BUY,,61
2767,ORD002767,MARKET,SELL,,89
2768,ORD002768,LIMIT,SELL,99.61,52
2769,ORD002769,MARKET,SELL,,53
2770,ORD002770,LIMIT,SELL,100.19,60
2771,ORD002771,MARKET,SELL,,29
2772,ORD001693,CANCEL,,,
2773,ORD002773,LIMIT,SELL,101.02,59
2774,ORD002774,LIMIT,SELL,100.69,72
2775,ORD001752,CANCEL,,,
2776,ORD002776,MARKET,SELL,,96
2777,ORD002777,LIMIT,BUY,98.64,5
2778,ORD002778,LIMIT,BUY,99.4,45
2779,ORD002779,MARKET,SELL,,97
2780,ORD002780,MARKET,SELL,,80
2781,ORD002781,LIMIT,SELL,100.54,98
2782,ORD001521,CANCEL,,,
2783,ORD002783,LIMIT,SELL,100.44,69
2784,ORD002784,MARKET,BUY,,28
2785,ORD002785,LIMIT,BUY,98.45,21
2786,ORD002786,LIMIT,SELL,100.38,28
2787,ORD002787,MARKET,SELL,,47
2788,ORD002788,LIMIT,SELL,100.83,29
2789,ORD002789,LIMIT,SELL,100.22,58
2790,ORD002790,MARKET,BUY,,1
2791,ORD002791,LIMIT,SELL,101.14,88
2792,ORD002792,LIMIT,SELL,100.55,54
2793,ORD002793,LIMIT,BUY,98.35,80
2794,ORD002794,LIMIT,BUY,99.83,3
2795,ORD002795,MARKET,BUY,,81
2796,ORD002796,LIMIT,BUY,98.06,77
2797,ORD002797,LIMIT,SELL,101.66,21
2798,ORD002798,MARKET,BUY,,92
2799,ORD002799,MARKET,SELL,,9
2800,ORD002800,LIMIT,BUY,99.15,88
2801,ORD002801,LIMIT,BUY,100.43,65
2802,ORD002802,LIMIT,SELL,101.77,32
2803,ORD002803,MARKET,BUY,,5
2804,ORD002804,LIMIT,SELL,101.99,50
2805,ORD002805,LIMIT,SELL,101.71,69
2806,ORD002806,MARKET,BUY,,93
2807,ORD002807,LIMIT,SELL,101.31,6
2808,ORD002808,MARKET,SELL,,16
2809,ORD002809,LIMIT,SELL,100.95,15
2810,ORD002810,MARKET,SELL,,44
2811,ORD002811,LIMIT,BUY,98.53,13
2812,ORD002812,MARKET,BUY,,91
2813,ORD002813,LIMIT,BUY,98.86,89
2814,ORD002814,LIMIT,SELL,100.92,77
2815,ORD000801,CANCEL,,,
2816,ORD002816,MARKET,SELL,,48
2817,ORD002817,MARKET,SELL,,92
2818,ORD002818,MARKET,SELL,,57
2819,ORD002819,LIMIT,BUY,99.74,19
2820,ORD002820,MARKET,SELL,,30
2821,ORD001158,CANCEL,,,
2822,ORD002822,LIMIT,BUY,98.65,93
2823,ORD002823,MARKET,SELL,,22
2824,ORD002824,LIMIT,BUY,99.25,67
2825,ORD002825,LIMIT,SELL,101.68,62
2826,ORD002826,MARKET,SELL,,9
2827,ORD002827,MARKET,SELL,,20
2828,ORD002828,LIMIT,BUY,98.89,59
2829,ORD002829,LIMIT,BUY,100.11,68
2830,ORD002830,MARKET,BUY,,5
2831,ORD002831,LIMIT,BUY,99.27,35
2832,ORD002832,LIMIT,BUY,98.14,73
2833,ORD002833,MARKET,BUY,,95
2834,ORD002834,MARKET,BUY,,92
2835,ORD002835,LIMIT,BUY,98.66,36
2836,ORD002836,LIMIT,BUY,100.29,17
2837,ORD002837,MARKET,BUY,,32
2838,ORD002838,MARKET,SELL,,69
2839,ORD002839,MARKET,BUY,,82
2840,ORD002840,MARKET,SELL,,11
2841,ORD002841,LIMIT,BUY,98.54,63
2842,ORD002842,LIMIT,BUY,100.15,15
2843,ORD002843,LIMIT,SELL,99.99,82
2844,ORD002844,LIMIT,SELL,100.13,53
2845,ORD002845,LIMIT,SELL,100.32,62
2846,ORD002846,MARKET,SELL,,69
2847,ORD002847,LIMIT,SELL,100.76,81
2848,ORD002848,MARKET,BUY,,41
2849,ORD002849,MARKET,SELL,,23
2850,ORD002850,LIMIT,SELL,99.74,57
2851,ORD002851,MARKET,BUY,,14
2852,ORD002852,MARKET,BUY,,40
2853,ORD002853,MARKET,SELL,,39
2854,ORD002854,LIMIT,BUY,98.39,21
2855,ORD002855,LIMIT,SELL,101.63,79
2856,ORD002856,LIMIT,SELL,101.95,84
2857,ORD002857,LIMIT,SELL,100.17,34
2858,ORD002858,MARKET,SELL,,40
2859,ORD002859,LIMIT,SELL,100.29,40
2860,ORD002860,LIMIT,SELL,99.51,52
2861,ORD002861,MARKET,SELL,,18
2862,ORD002862,MARKET,SELL,,91
2863,ORD002863,MARKET,SELL,,48
2864,ORD002211,CANCEL,,,
2865,ORD002865,LIMIT,SELL,101.35,28
2866,ORD002866,LIMIT,SELL,99.77,32
2867,ORD002867,LIMIT,SELL,100.98,6
2868,ORD002868,LIMIT,SELL,101.77,63
2869,ORD002869,MARKET,SELL,,8
2870,ORD002870,LIMIT,SELL,100.6,37
2871,ORD002871,LIMIT,BUY,98.18,100
2872,ORD002872,LIMIT,BUY,99.47,74
2873,ORD002873,MARKET,BUY,,42
2874,ORD002874,LIMIT,SELL,101.54,89
2875,ORD000395,CANCEL,,,
2876,ORD002876,LIMIT,SELL,100.4,99
2877,ORD002877,MARKET,BUY,,60
2878,ORD002878,MARKET,SELL,,87
2879,ORD002879,MARKET,SELL,,96
2880,ORD002880,MARKET,BUY,,53
2881,ORD002881,LIMIT,SELL,101.58,8
2882,ORD002882,MARKET,SELL,,56
2883,ORD002883,LIMIT,SELL,100.73,74
2884,ORD002884,LIMIT,BUY,99.41,72
2885,ORD002885,LIMIT,BUY,100.12,12
2886,ORD002886,LIMIT,SELL,101.98,97
2887,ORD002887,LIMIT,SELL,100.66,95
2888,ORD002888,MARKET,SELL,,83
2889,ORD002889,LIMIT,SELL,101.23,56
2890,ORD002890,LIMIT,SELL,99.52,50
2891,ORD001237,CANCEL,,,
2892,ORD002892,MARKET,BUY,,29
2893,ORD002893,LIMIT,SELL,101.13,26
2894,ORD002894,LIMIT,SELL,101.29,74
2895,ORD002895,MARKET,BUY,,24
2896,ORD002896,LIMIT,BUY,99.35,9
2897,ORD002897,LIMIT,SELL,101.15,26
2898,ORD002898,LIMIT,SELL,100.08,28
2899,ORD002899,MARKET,BUY,,57
2900,ORD002900,MARKET,SELL,,96
2901,ORD002901,MARKET,BUY,,58
2902,ORD002902,MARKET,BUY,,49
2903,ORD002903,MARKET,BUY,,23
2904,ORD002904,MARKET,BUY,,27
2905,ORD002905,LIMIT,SELL,100.4,41
2906,ORD002906,LIMIT,BUY,100.0,47
2907,ORD002907,LIMIT,BUY,98.04,49
2908,ORD002908,LIMIT,SELL,99.75,47
2909,ORD002909,MARKET,BUY,,84
2910,ORD002910,LIMIT,BUY,100.03,61
2911,ORD001487,CANCEL,,,
2912,ORD002912,MARKET,SELL,,32
2913,ORD002913,MARKET,BUY,,20
2914,ORD002914,LIMIT,SELL,99.65,27
2915,ORD002915,MARKET,SELL,,54
2916,ORD002916,MARKET,SELL,,67
2917,ORD002917,MARKET,BUY,,15
2918,ORD002918,MARKET,BUY,,40
2919,ORD002919,LIMIT,SELL,100.16,42
2920,ORD000151,CANCEL,,,
2921,ORD002921,MARKET,SELL,,19
2922,ORD002922,LIMIT,BUY,99.91,93
2923,ORD002923,MARKET,BUY,,45
2924,ORD002924,MARKET,BUY,,9
2925,ORD002925,MARKET,SELL,,54
2926,ORD002926,MARKET,SELL,,78
2927,ORD002927,MARKET,BUY,,61
2928,ORD002928,MARKET,SELL,,85
2929,ORD002929,MARKET,BUY,,96
2930,ORD002930,MARKET,BUY,,66
2931,ORD002931,MARKET,BUY,,11
2932,ORD002932,MARKET,SELL,,79
2933,ORD002933,MARKET,BUY,,94
2934,ORD002934,LIMIT,SELL,100.66,76
2935,ORD002935,LIMIT,SELL,99.83,55
2936,ORD002936,LIMIT,BUY,100.34,5
2937,ORD002937,LIMIT,SELL,101.49,24
2938,ORD000193,CANCEL,,,
2939,ORD002939,MARKET,BUY,,42
2940,ORD002499,CANCEL,,,
2941,ORD002941,MARKET,SELL,,74
2942,ORD002942,MARKET,BUY,,34
2943,ORD002943,LIMIT,BUY,99.64,66
2944,ORD002944,LIMIT,SELL,99.97,44
2945,ORD002945,LIMIT,SELL,100.64,13
2946,ORD002946,LIMIT,SELL,100.16,47
2947,ORD002947,LIMIT,BUY,98.32,30
2948,ORD002948,MARKET,BUY,,92
2949,ORD002949,MARKET,SELL,,56
2950,ORD002950,LIMIT,BUY,100.43,24
2951,ORD002951,MARKET,BUY,,88
2952,ORD002952,MARKET,BUY,,96
2953,ORD002953,LIMIT,BUY,99.33,7
2954,ORD002954,LIMIT,SELL,101.23,68
2955,ORD002955,MARKET,BUY,,22
2956,ORD002956,LIMIT,BUY,99.88,20
2957,ORD002957,LIMIT,SELL,100.2,52
2958,ORD002958,LIMIT,SELL,100.67,18
2959,ORD002959,MARKET,SELL,,33
2960,ORD002960,MARKET,SELL,,94
2961,ORD002961,MARKET,BUY,,53
2962,ORD002962,LIMIT,SELL,101.41,32
2963,ORD002963,LIMIT,BUY,98.98,25
2964,ORD002964,MARKET,SELL,,36
2965,ORD002965,MARKET,SELL,,95
2966,ORD002966,MARKET,BUY,,19
2967,ORD002967,MARKET,SELL,,16
2968,ORD002968,LIMIT,BUY,99.5,30
2969,ORD002969,LIMIT,SELL,100.85,79
2970,ORD002970,LIMIT,BUY,99.89,93
2971,ORD002971,LIMIT,SELL,99.6,33
2972,ORD002972,MARKET,SELL,,22
2973,ORD002973,LIMIT,SELL,100.06,14
2974,ORD002974,MARKET,SELL,,86
2975,ORD002975,MARKET,SELL,,82
2976,ORD002976,LIMIT,SELL,101.33,33
2977,ORD002977,MARKET,SELL,,33
2978,ORD002978,MARKET,BUY,,92
2979,ORD002979,LIMIT,BUY,98.55,56
2980,ORD002980,LIMIT,BUY,100.07,63
2981,ORD002981,LIMIT,SELL,101.68,86
2982,ORD002982,LIMIT,BUY,99.98,13
2983,ORD002983,LIMIT,BUY,98.6,75
2984,ORD002984,LIMIT,SELL,101.3,6
2985,ORD002985,LIMIT,SELL,100.93,67
2986,ORD002073,CANCEL,,,
2987,ORD002987,LIMIT,SELL,99.56,73
2988,ORD002988,MARKET,SELL,,53
2989,ORD002989,LIMIT,SELL,100.13,88
2990,ORD002990,MARKET,BUY,,7
2991,ORD002991,LIMIT,SELL,99.9,72
2992,ORD002992,LIMIT,SELL,101.38,100
2993,ORD002993,LIMIT,SELL,100.33,79
2994,ORD002994,MARKET,BUY,,40
2995,ORD002995,LIMIT,BUY,98.78,64
2996,ORD002996,MARKET,SELL,,91
2997,ORD002997,LIMIT,SELL,101.74,97
2998,ORD002998,MARKET,BUY,,15
2999,ORD002999,LIMIT,SELL,101.25,72
3000,ORD003000,MARKET,BUY,,90
3001,ORD003001,MARKET,BUY,,77
3002,ORD003002,LIMIT,SELL,99.86,44
3003,ORD003003,MARKET,SELL,,50
3004,ORD003004,LIMIT,SELL,101.93,42
3005,ORD003005,LIMIT,SELL,100.11,20
3006,ORD003006,MARKET,SELL,,29
3007,ORD003007,MARKET,BUY,,29
3008,ORD003008,MARKET,BUY,,38
3009,ORD003009,LIMIT,BUY,99.21,57
3010,ORD003010,MARKET,BUY,,67
3011,ORD003011,LIMIT,SELL,101.27,47
3012,ORD003012,MARKET,SELL,,47
3013,ORD003013,MARKET,BUY,,46
3014,ORD003014,MARKET,BUY,,90
3015,ORD003015,MARKET,BUY,,65
3016,ORD003016,MARKET,SELL,,78
3017,ORD003017,LIMIT,SELL,101.11,71
3018,ORD003018,MARKET,BUY,,74
3019,ORD003019,LIMIT,SELL,100.74,56
3020,ORD003020,MARKET,BUY,,58
3021,ORD003021,LIMIT,BUY,99.19,91
3022,ORD003022,MARKET,SELL,,93
3023,ORD003023,LIMIT,SELL,101.32,92
3024,ORD003024,LIMIT,SELL,101.86,51
3025,ORD003025,MARKET,SELL,,90
3026,ORD003026,MARKET,SELL,,66
3027,ORD003027,LIMIT,BUY,100.45,76
3028,ORD003028,LIMIT,BUY,98.13,97
3029,ORD003029,LIMIT,BUY,98.18,9
3030,ORD003030,LIMIT,BUY,98.62,77
3031,ORD003031,LIMIT,BUY,98.07,64
3032,ORD003032,MARKET,SELL,,52
3033,ORD003033,LIMIT,SELL,100.45,61
3034,ORD003034,MARKET,SELL,,40
3035,ORD003035,LIMIT,SELL,100.75,24
3036,ORD003036,MARKET,BUY,,83
3037,ORD003037,MARKET,SELL,,13
3038,ORD003038,LIMIT,BUY,98.15,72
3039,ORD003039,MARKET,SELL,,1
3040,ORD003040,MARKET,BUY,,50
3041,ORD003041,LIMIT,SELL,101.89,25
3042,ORD003042,MARKET,SELL,,28
3043,ORD003043,LIMIT,BUY,100.28,77
3044,ORD003044,LIMIT,BUY,99.77,99
3045,ORD003045,LIMIT,BUY,99.11,80
3046,ORD002763,CANCEL,,,
3047,ORD003047,LIMIT,BUY,98.78,38
3048,ORD003048,LIMIT,BUY,98.42,13
3049,ORD003049,LIMIT,BUY,100.3,59
3050,ORD003050,LIMIT,SELL,101.86,86
3051,ORD003051,MARKET,SELL,,19
3052,ORD003052,MARKET,SELL,,52
3053,ORD000346,CANCEL,,,
3054,ORD003054,LIMIT,SELL,101.77,91
3055,ORD003055,LIMIT,BUY,98.23,84
3056,ORD003056,LIMIT,SELL,101.11,37
3057,ORD003057,LIMIT,SELL,100.23,81
3058,ORD003058,MARKET,SELL,,63
3059,ORD000601,CANCEL,,,
3060,ORD003060,LIMIT,SELL,100.26,99
3061,ORD003061,LIMIT,BUY,98.1,12
3062,ORD003062,LIMIT,BUY,99.85,69
3063,ORD001604,CANCEL,,,
3064,ORD003064,LIMIT,SELL,99.63,88
3065,ORD003065,LIMIT,BUY,99.7,6
3066,ORD003066,MARKET,BUY,,24
3067,ORD003067,MARKET,SELL,,27
3068,ORD003068,MARKET,BUY,,49
3069,ORD003069,LIMIT,BUY,98.01,31
3070,ORD003070,LIMIT,SELL,101.97,30
3071,ORD003071,MARKET,SELL,,19
3072,ORD003072,LIMIT,SELL,100.56,74
3073,ORD003073,MARKET,SELL,,84
3074,ORD003074,MARKET,SELL,,2
3075,ORD003075,MARKET,SELL,,25
3076,ORD003076,MARKET,SELL,,2
3077,ORD003077,MARKET,SELL,,99
3078,ORD003078,MARKET,BUY,,15
3079,ORD003079,MARKET,SELL,,69
3080,ORD003080,LIMIT,SELL,101.29,89
3081,ORD003081,MARKET,SELL,,73
3082,ORD003082,MARKET,BUY,,26
3083,ORD003083,MARKET,SELL,,67
3084,ORD003084,MARKET,SELL,,15
3085,ORD003085,MARKET,SELL,,98
3086,ORD003086,MARKET,BUY,,79
3087,ORD003087,MARKET,BUY,,99
3088,ORD002609,CANCEL,,,
3089,ORD003089,LIMIT,BUY,99.81,6
3090,ORD003090,MARKET,BUY,,33
3091,ORD003091,MARKET,SELL,,83
3092,ORD003092,MARKET,SELL,,38
3093,ORD003093,MARKET,BUY,,25
3094,ORD003094,MARKET,SELL,,57
3095,ORD003095,LIMIT,BUY,98.72,21
3096,ORD003096,MARKET,SELL,,88
3097,ORD003097,LIMIT,BUY,98.42,42
3098,ORD003098,LIMIT,BUY,99.71,1
3099,ORD003099,LIMIT,BUY,99.92,16
3100,ORD003100,LIMIT,BUY,98.18,84
3101,ORD003101,LIMIT,SELL,101.11,37
3102,ORD003102,MARKET,SELL,,96
3103,ORD003103,LIMIT,SELL,100.36,82
3104,ORD003104,MARKET,BUY,,47
3105,ORD003105,LIMIT,SELL,99.94,50
3106,ORD003106,MARKET,BUY,,3
3107,ORD003107,MARKET,SELL,,59
3108,ORD003108,LIMIT,BUY,98.31,81
3109,ORD003109,MARKET,SELL,,54
3110,ORD003110,MARKET,SELL,,50
3111,ORD003111,MARKET,SELL,,52
3112,ORD003112,MARKET,BUY,,92
3113,ORD003113,LIMIT,BUY,99.82,80
3114,ORD003114,LIMIT,SELL,101.41,53
3115,ORD003115,MARKET,SELL,,19
3116,ORD003116,MARKET,SELL,,100
3117,ORD003117,MARKET,SELL,,28
3118,ORD003118,LIMIT,BUY,100.34,56
3119,ORD003119,MARKET,SELL,,27
3120,ORD003120,MARKET,BUY,,96
3121,ORD003121,LIMIT,BUY,99.44,26
3122,ORD003122,MARKET,SELL,,95
3123,ORD003123,MARKET,SELL,,98
3124,ORD003124,LIMIT,BUY,99.97,11
3125,ORD000309,CANCEL,,,
3126,ORD003126,MARKET,BUY,,46
3127,ORD003127,LIMIT,BUY,98.77,9
3128,ORD003128,LIMIT,SELL,101.57,61
3129,ORD003129,MARKET,BUY,,13
3130,ORD003130,LIMIT,BUY,98.38,54
3131,ORD003131,MARKET,SELL,,71
3132,ORD003132,LIMIT,SELL,101.76,15
3133,ORD003133,LIMIT,BUY,98.24,6
3134,ORD003134,MARKET,SELL,,62
3135,ORD003135,LIMIT,BUY,100.47,47
3136,ORD003136,MARKET,BUY,,3
3137,ORD003137,LIMIT,SELL,101.97,48
3138,ORD003138,LIMIT,BUY,99.69,20
3139,ORD003139,LIMIT,BUY,98.8,92
3140,ORD003140,MARKET,BUY,,64
3141,ORD002997,CANCEL,,,
3142,ORD003142,MARKET,BUY,,33
3143,ORD003143,LIMIT,SELL,101.76,4
3144,ORD003144,MARKET,BUY,,31
3145,ORD003145,MARKET,SELL,,56
3146,ORD003146,LIMIT,SELL,101.4,59
3147,ORD003147,LIMIT,SELL,99.83,80
3148,ORD002922,CANCEL,,,
3149,ORD001998,CANCEL,,,
3150,ORD003150,MARKET,SELL,,5
3151,ORD003151,LIMIT,SELL,100.34,66
3152,ORD003152,MARKET,SELL,,44
3153,ORD003153,LIMIT,SELL,100.88,63
3154,ORD003154,LIMIT,BUY,100.3,11
3155,ORD003155,LIMIT,SELL,101.74,3
3156,ORD003156,MARKET,BUY,,23
3157,ORD003157,LIMIT,BUY,98.59,12
3158,ORD003158,LIMIT,BUY,99.84,44
3159,ORD003159,MARKET,BUY,,81
3160,ORD003160,LIMIT,SELL,100.33,86
3161,ORD003161,MARKET,BUY,,18
3162,ORD003162,MARKET,BUY,,92
3163,ORD003163,MARKET,BUY,,88
3164,ORD003164,LIMIT,BUY,98.97,81
3165,ORD003165,LIMIT,SELL,101.27,64
3166,ORD003166,MARKET,BUY,,94
3167,ORD003167,MARKET,BUY,,65
3168,ORD000999,CANCEL,,,
3169,ORD003169,MARKET,SELL,,70
3170,ORD003170,LIMIT,BUY,99.76,10
3171,ORD003171,LIMIT,SELL,100.07,51
3172,ORD003172,LIMIT,SELL,100.77,37
3173,ORD003173,LIMIT,SELL,101.34,68
3174,ORD001368,CANCEL,,,
3175,ORD003175,MARKET,BUY,,9
3176,ORD003176,LIMIT,BUY,100.04,11
3177,ORD003177,MARKET,SELL,,96
3178,ORD003178,LIMIT,SELL,101.79,47
3179,ORD003179,LIMIT,BUY,99.82,41
3180,ORD003180,MARKET,SELL,,39
3181,ORD003181,LIMIT,SELL,101.36,30
3182,ORD003182,LIMIT,BUY,99.02,60
3183,ORD003183,MARKET,SELL,,60
3184,ORD003184,LIMIT,BUY,98.96,4
3185,ORD003185,MARKET,SELL,,81
3186,ORD003186,MARKET,SELL,,85
3187,ORD003187,LIMIT,BUY,98.46,13
3188,ORD002477,CANCEL,,,
3189,ORD003189,MARKET,SELL,,64
3190,ORD003190,LIMIT,SELL,101.63,36
3191,ORD003191,LIMIT,SELL,100.75,56
3192,ORD003192,MARKET,BUY,,86
3193,ORD003193,MARKET,BUY,,42
3194,ORD003194,MARKET,SELL,,67
3195,ORD003195,MARKET,BUY,,2
3196,ORD003196,MARKET,BUY,,40
3197,ORD003197,LIMIT,SELL,101.0,68
3198,ORD003198,LIMIT,SELL,101.66,48
3199,ORD003199,MARKET,SELL,,58
3200,ORD003200,MARKET,BUY,,42
3201,ORD003201,LIMIT,SELL,101.75,61
3202,ORD003202,LIMIT,SELL,100.33,25
3203,ORD003203,LIMIT,SELL,100.93,30
3204,ORD003204,LIMIT,BUY,98.62,73
3205,ORD003205,MARKET,BUY,,13
3206,ORD003206,LIMIT,BUY,98.2,63
3207,ORD003207,MARKET,SELL,,50
3208,ORD003208,LIMIT,SELL,100.41,100
3209,ORD003209,MARKET,BUY,,1
3210,ORD003210,LIMIT,SELL,101.46,41
3211,ORD003211,LIMIT,SELL,100.84,83
3212,ORD003212,MARKET,BUY,,8
3213,ORD003213,LIMIT,BUY,99.26,32
3214,ORD003214,LIMIT,SELL,101.63,39
3215,ORD003215,MARKET,BUY,,4
3216,ORD003216,MARKET,SELL,,60
3217,ORD003217,MARKET,BUY,,49
3218,ORD003218,LIMIT,SELL,99.77,36
3219,ORD003219,LIMIT,BUY,99.13,21
3220,ORD003220,LIMIT,SELL,99.81,42
3221,ORD003221,MARKET,SELL,,93
3222,ORD003222,LIMIT,BUY,99.62,51
3223,ORD003223,LIMIT,BUY,98.81,97
3224,ORD003224,LIMIT,BUY,99.78,64
3225,ORD003225,MARKET,BUY,,14
3226,ORD003226,MARKET,BUY,,47
3227,ORD003227,MARKET,SELL,,44
3228,ORD003228,MARKET,SELL,,8
3229,ORD003229,LIMIT,SELL,100.87,12
3230,ORD003230,MARKET,SELL,,98
3231,ORD003231,MARKET,SELL,,8
3232,ORD003232,MARKET,BUY,,90
3233,ORD003233,MARKET,BUY,,98
3234,ORD003234,LIMIT,BUY,98.34,41
3235,ORD003235,MARKET,SELL,,98
3236,ORD003236,LIMIT,BUY,99.74,71
3237,ORD003237,LIMIT,BUY,98.52,75
3238,ORD003238,LIMIT,SELL,100.95,48
3239,ORD003239,MARKET,BUY,,20
3240,ORD003240,MARKET,SELL,,48
3241,ORD003241,LIMIT,BUY,99.89,33
3242,ORD003242,LIMIT,SELL,100.48,84
3243,ORD003243,MARKET,BUY,,84
3244,ORD003244,MARKET,SELL,,15
3245,ORD000613,CANCEL,,,
3246,ORD003246,MARKET,BUY,,73
3247,ORD003247,LIMIT,SELL,101.19,76
3248,ORD003248,MARKET,SELL,,83
3249,ORD003249,MARKET,SELL,,4
3250,ORD003250,LIMIT,BUY,100.15,27
3251,ORD003251,LIMIT,SELL,100.64,51
3252,ORD003252,LIMIT,BUY,99.2,77
3253,ORD003253,MARKET,BUY,,14
3254,ORD003254,LIMIT,BUY,100.14,36
3255,ORD003255,MARKET,SELL,,94
3256,ORD003256,MARKET,BUY,,48
3257,ORD003257,LIMIT,BUY,99.85,48
3258,ORD003258,LIMIT,SELL,100.24,5
3259,ORD003259,MARKET,SELL,,59
3260,ORD003260,MARKET,BUY,,82
3261,ORD003261,LIMIT,BUY,100.33,23
3262,ORD000501,CANCEL,,,
3263,ORD003263,LIMIT,SELL,100.95,72
3264,ORD003264,LIMIT,BUY,99.2,94
3265,ORD003265,MARKET,BUY,,87
3266,ORD003266,MARKET,BUY,,60
3267,ORD003267,LIMIT,BUY,98.11,9
3268,ORD003268,LIMIT,SELL,101.3,26
3269,ORD003269,LIMIT,BUY,100.41,25
3270,ORD003270,LIMIT,SELL,101.99,6
3271,ORD003271,LIMIT,SELL,101.26,30
3272,ORD003272,MARKET,BUY,,12
3273,ORD003273,LIMIT,SELL,100.86,48
3274,ORD003274,LIMIT,SELL,100.85,42
3275,ORD003275,MARKET,SELL,,75
3276,ORD003276,LIMIT,SELL,101.42,19
3277,ORD003277,LIMIT,SELL,100.52,56
3278,ORD003278,LIMIT,SELL,100.33,46
3279,ORD003279,LIMIT,SELL,101.65,22
3280,ORD003280,LIMIT,SELL,101.65,81
3281,ORD003281,LIMIT,SELL,101.58,21
3282,ORD003282,LIMIT,BUY,99.98,89
3283,ORD003283,LIMIT,SELL,101.98,70
3284,ORD000605,CANCEL,,,
3285,ORD003285,LIMIT,SELL,101.16,22
3286,ORD003286,MARKET,SELL,,42
3287,ORD003287,LIMIT,SELL,100.49,85
3288,ORD003288,LIMIT,BUY,99.87,89
3289,ORD003289,MARKET,BUY,,83
3290,ORD003290,LIMIT,BUY,100.23,65
3291,ORD003291,MARKET,SELL,,10
3292,ORD003292,MARKET,SELL,,52
3293,ORD003293,LIMIT,BUY,98.24,25
3294,ORD000181,CANCEL,,,
3295,ORD003295,MARKET,BUY,,100
3296,ORD003296,MARKET,BUY,,16
3297,ORD003297,LIMIT,SELL,99.53,77
3298,ORD003298,MARKET,SELL,,39
3299,ORD003299,LIMIT,SELL,100.98,87
3300,ORD003300,MARKET,BUY,,45
3301,ORD002497,CANCEL,,,
3302,ORD003302,LIMIT,SELL,101.42,55
3303,ORD003303,LIMIT,SELL,101.21,4
3304,ORD003304,LIMIT,SELL,99.72,33
3305,ORD003305,MARKET,BUY,,92
3306,ORD003306,MARKET,BUY,,96
3307,ORD003307,MARKET,SELL,,40
3308,ORD003308,MARKET,SELL,,53
3309,ORD003309,LIMIT,BUY,99.69,4
3310,ORD003310,MARKET,SELL,,24
3311,ORD003311,LIMIT,SELL,100.84,93
3312,ORD003002,CANCEL,,,
3313,ORD003313,MARKET,SELL,,58
3314,ORD003314,MARKET,BUY,,77
3315,ORD003315,LIMIT,BUY,100.42,10
3316,ORD003316,MARKET,SELL,,50
3317,ORD003317,LIMIT,BUY,98.11,24
3318,ORD003318,MARKET,SELL,,57
3319,ORD003319,MARKET,BUY,,18
3320,ORD003320,MARKET,BUY,,47
3321,ORD003321,MARKET,SELL,,68
3322,ORD003322,LIMIT,SELL,99.77,61
3323,ORD002299,CANCEL,,,
3324,ORD003324,MARKET,SELL,,12
3325,ORD003325,MARKET,SELL,,65
3326,ORD003326,MARKET,BUY,,21
3327,ORD003327,LIMIT,BUY,99.12,70
3328,ORD003328,MARKET,SELL,,85
3329,ORD003329,MARKET,SELL,,6
3330,ORD003330,MARKET,BUY,,96
3331,ORD003331,MARKET,BUY,,66
3332,ORD003332,LIMIT,BUY,98.66,68
3333,ORD000817,CANCEL,,,
3334,ORD003334,LIMIT,BUY,100.0,25
3335,ORD003335,MARKET,SELL,,13
3336,ORD003336,MARKET,BUY,,17
3337,ORD003337,LIMIT,BUY,98.17,66
3338,ORD003338,LIMIT,BUY,98.62,97
3339,ORD003339,LIMIT,SELL,101.57,53
3340,ORD003340,MARKET,SELL,,42
3341,ORD003341,MARKET,BUY,,93
3342,ORD003342,MARKET,SELL,,29
3343,ORD003343,MARKET,BUY,,66
3344,ORD003344,MARKET,BUY,,67
3345,ORD003345,MARKET,BUY,,4
3346,ORD003346,LIMIT,BUY,99.94,99
3347,ORD003347,MARKET,SELL,,36
3348,ORD003348,MARKET,SELL,,69
3349,ORD003349,LIMIT,SELL,100.67,63
3350,ORD003350,MARKET,BUY,,12
3351,ORD003351,LIMIT,SELL,101.04,9
3352,ORD003352,LIMIT,SELL,101.69,77
3353,ORD003353,LIMIT,SELL,100.31,31
3354,ORD003354,LIMIT,SELL,99.98,43
3355,ORD003355,MARKET,SELL,,77
3356,ORD003356,LIMIT,BUY,100.23,18
3357,ORD003357,MARKET,SELL,,88
3358,ORD003358,MARKET,SELL,,60
3359,ORD003359,MARKET,BUY,,93
3360,ORD003360,MARKET,BUY,,82
3361,ORD003361,LIMIT,BUY,100.02,48
3362,ORD003362,LIMIT,SELL,101.83,59
3363,ORD003363,MARKET,BUY,,10
3364,ORD003364,LIMIT,SELL,101.96,1
3365,ORD003365,LIMIT,SELL,100.64,71
3366,ORD003366,LIMIT,SELL,100.55,35
3367,ORD003367,LIMIT,SELL,100.72,14
3368,ORD003368,MARKET,SELL,,18
3369,ORD003369,LIMIT,SELL,101.99,6
3370,ORD003370,MARKET,SELL,,69
3371,ORD003371,LIMIT,BUY,99.72,27
3372,ORD003349,CANCEL,,,
3373,ORD003373,MARKET,BUY,,80
3374,ORD003374,MARKET,SELL,,30
3375,ORD003375,LIMIT,SELL,100.38,31
3376,ORD003376,LIMIT,SELL,99.93,50
3377,ORD003377,LIMIT,BUY,98.23,95
3378,ORD003378,LIMIT,SELL,99.81,32
3379,ORD003379,MARKET,BUY,,79
3380,ORD003380,LIMIT,BUY,98.7,1
3381,ORD003381,MARKET,SELL,,77
3382,ORD003382,MARKET,SELL,,13
3383,ORD003383,LIMIT,SELL,100.61,95
3384,ORD003384,MARKET,SELL,,98
3385,ORD003385,MARKET,SELL,,68
3386,ORD003386,MARKET,BUY,,79
3387,ORD003387,LIMIT,SELL,100.43,91
3388,ORD003388,MARKET,SELL,,52
3389,ORD003389,MARKET,SELL,,36
3390,ORD003390,LIMIT,SELL,100.45,61
3391,ORD003391,LIMIT,BUY,98.16,92
3392,ORD003392,LIMIT,SELL,100.4,3
3393,ORD003393,LIMIT,SELL,99.72,33
3394,ORD003394,MARKET,SELL,,34
3395,ORD003395,MARKET,BUY,,75
3396,ORD003396,LIMIT,BUY,100.45,47
3397,ORD001279,CANCEL,,,
3398,ORD003398,MARKET,BUY,,90
3399,ORD003399,MARKET,SELL,,33
3400,ORD003400,MARKET,SELL,,56
3401,ORD003401,MARKET,BUY,,40
3402,ORD003402,MARKET,BUY,,12
3403,ORD003403,MARKET,BUY,,61
3404,ORD003404,MARKET,BUY,,26
3405,ORD003405,MARKET,BUY,,13
3406,ORD003406,LIMIT,BUY,99.95,71
3407,ORD003407,MARKET,BUY,,24
3408,ORD003408,MARKET,BUY,,22
3409,ORD003409,LIMIT,BUY,100.24,51
3410,ORD003410,MARKET,BUY,,17
3411,ORD003411,LIMIT,SELL,100.2,32
3412,ORD003412,LIMIT,BUY,98.41,78
3413,ORD003413,LIMIT,BUY,98.34,37
3414,ORD003414,LIMIT,SELL,100.49,70
3415,ORD003415,LIMIT,SELL,101.86,46
3416,ORD003416,LIMIT,SELL,100.81,53
3417,ORD003417,MARKET,SELL,,5
3418,ORD003418,LIMIT,SELL,99.79,53
3419,ORD003419,MARKET,SELL,,41
3420,ORD003420,MARKET,BUY,,100
3421,ORD003421,MARKET,BUY,,76
3422,ORD003422,LIMIT,BUY,98.75,32
3423,ORD003423,LIMIT,BUY,98.63,52
3424,ORD003424,MARKET,SELL,,27
3425,ORD003425,LIMIT,SELL,100.11,19
3426,ORD003426,MARKET,BUY,,7
3427,ORD003427,LIMIT,SELL,101.68,10
3428,ORD003428,LIMIT,SELL,100.88,6
3429,ORD003429,MARKET,SELL,,43
3430,ORD003430,MARKET,BUY,,13
3431,ORD003431,MARKET,SELL,,66
3432,ORD003432,MARKET,SELL,,52
3433,ORD003433,MARKET,SELL,,42
3434,ORD003434,LIMIT,BUY,99.46,57
3435,ORD003435,LIMIT,SELL,99.59,100
3436,ORD003436,LIMIT,BUY,98.38,49
3437,ORD003437,LIMIT,SELL,101.09,19
3438,ORD003438,MARKET,BUY,,50
3439,ORD003439,MARKET,BUY,,39
3440,ORD000789,CANCEL,,,
3441,ORD003441,MARKET,BUY,,20
3442,ORD003442,LIMIT,SELL,100.03,9
3443,ORD003443,MARKET,BUY,,62
3444,ORD003444,MARKET,BUY,,22
3445,ORD003445,MARKET,SELL,,86
3446,ORD003446,LIMIT,SELL,101.95,61
3447,ORD003447,LIMIT,SELL,100.87,95
3448,ORD003448,LIMIT,SELL,101.17,92
3449,ORD003449,LIMIT,SELL,101.45,32
3450,ORD003450,MARKET,BUY,,35
3451,ORD003451,MARKET,SELL,,93
3452,ORD003452,LIMIT,BUY,98.75,33
3453,ORD003453,LIMIT,BUY,100.11,29
3454,ORD003454,MARKET,BUY,,20
3455,ORD003455,MARKET,SELL,,52
3456,ORD003456,MARKET,SELL,,32
3457,ORD003457,LIMIT,SELL,101.16,100
3458,ORD003458,MARKET,BUY,,56
3459,ORD003459,LIMIT,SELL,100.33,48
3460,ORD003460,MARKET,BUY,,63
3461,ORD003461,LIMIT,SELL,100.51,31
3462,ORD003462,MARKET,BUY,,77
3463,ORD003463,LIMIT,SELL,99.75,11
3464,ORD003464,MARKET,BUY,,55
3465,ORD003465,LIMIT,BUY,99.98,90
3466,ORD003466,MARKET,BUY,,23
3467,ORD001579,CANCEL,,,
3468,ORD003468,LIMIT,SELL,101.8,90
3469,ORD003469,MARKET,BUY,,40
3470,ORD003470,LIMIT,BUY,98.21,6
3471,ORD003471,LIMIT,BUY,100.24,63
3472,ORD003472,LIMIT,SELL,100.82,79
3473,ORD003473,MARKET,BUY,,34
3474,ORD003474,MARKET,BUY,,29
3475,ORD003475,MARKET,BUY,,44
3476,ORD003476,LIMIT,SELL,100.4,66
3477,ORD003477,MARKET,SELL,,31
3478,ORD003478,LIMIT,SELL,100.03,60
3479,ORD003479,MARKET,BUY,,8
3480,ORD003480,MARKET,BUY,,58
3481,ORD003481,MARKET,BUY,,43
3482,ORD003482,LIMIT,BUY,99.09,16
3483,ORD003483,LIMIT,SELL,100.02,61
3484,ORD003484,MARKET,SELL,,25
3485,ORD003485,MARKET,BUY,,33
3486,ORD003486,MARKET,SELL,,51
3487,ORD003487,MARKET,SELL,,42
3488,ORD003488,LIMIT,SELL,101.9,97
3489,ORD003489,MARKET,BUY,,22
3490,ORD003490,MARKET,SELL,,43
3491,ORD003491,MARKET,BUY,,78
3492,ORD003492,LIMIT,SELL,101.3,54
3493,ORD000034,CANCEL,,,
3494,ORD003494,LIMIT,SELL,100.43,1
3495,ORD003495,MARKET,BUY,,43
3496,ORD003496,LIMIT,SELL,101.72,76
3497,ORD003497,MARKET,BUY,,94
3498,ORD003498,LIMIT,SELL,100.98,38
3499,ORD003499,MARKET,SELL,,43
3500,ORD003031,CANCEL,,,
3501,ORD003501,MARKET,BUY,,54
3502,ORD003502,LIMIT,BUY,100.09,29
3503,ORD003503,LIMIT,SELL,101.63,30
3504,ORD003504,MARKET,SELL,,1
3505,ORD003505,MARKET,BUY,,58
3506,ORD003506,MARKET,BUY,,10
3507,ORD003507,LIMIT,SELL,101.75,54
3508,ORD003264,CANCEL,,,
3509,ORD003509,MARKET,BUY,,75
3510,ORD003510,LIMIT,SELL,101.64,50
3511,ORD003511,MARKET,SELL,,84
3512,ORD003512,MARKET,SELL,,83
3513,ORD003513,MARKET,SELL,,17
3514,ORD003514,MARKET,SELL,,38
3515,ORD003515,MARKET,SELL,,55
3516,ORD003516,MARKET,BUY,,98
3517,ORD003517,LIMIT,SELL,101.23,82
3518,ORD003518,LIMIT,BUY,100.13,1
3519,ORD003519,LIMIT,BUY,99.99,35
3520,ORD003520,LIMIT,BUY,98.84,65
3521,ORD003521,LIMIT,SELL,100.7,79
3522,ORD003522,MARKET,BUY,,12
3523,ORD003523,LIMIT,SELL,100.86,33
3524,ORD003524,LIMIT,BUY,98.41,44
3525,ORD003525,MARKET,BUY,,97
3526,ORD003526,MARKET,BUY,,50
3527,ORD003527,MARKET,SELL,,66
3528,ORD003528,MARKET,SELL,,25
3529,ORD003529,LIMIT,SELL,101.37,9
3530,ORD003530,LIMIT,BUY,100.33,100
3531,ORD003531,MARKET,SELL,,83
3532,ORD003532,MARKET,BUY,,25
3533,ORD001898,CANCEL,,,
3534,ORD003380,CANCEL,,,
3535,ORD003535,MARKET,SELL,,1
3536,ORD003536,MARKET,SELL,,13
3537,ORD003537,LIMIT,BUY,99.18,71
3538,ORD003538,MARKET,SELL,,5
3539,ORD003539,MARKET,SELL,,69
3540,ORD003540,MARKET,SELL,,14
3541,ORD003541,LIMIT,SELL,102.0,90
3542,ORD003542,LIMIT,SELL,100.2,53
3543,ORD003543,MARKET,SELL,,40
3544,ORD003544,MARKET,SELL,,37
3545,ORD003545,LIMIT,BUY,100.33,78
3546,ORD003546,MARKET,BUY,,13
3547,ORD003547,MARKET,SELL,,16
3548,ORD003548,LIMIT,BUY,98.2,7
3549,ORD003549,LIMIT,BUY,99.37,74
3550,ORD003550,LIMIT,SELL,101.14,13
3551,ORD003551,MARKET,BUY,,54
3552,ORD003552,MARKET,SELL,,7
3553,ORD003553,LIMIT,BUY,99.47,14
3554,ORD003554,MARKET,BUY,,47
3555,ORD003555,MARKET,BUY,,76
3556,ORD003556,MARKET,BUY,,22
3557,ORD003557,LIMIT,BUY,98.04,28
3558,ORD003558,MARKET,BUY,,88
3559,ORD003559,MARKET,SELL,,67
3560,ORD003560,MARKET,BUY,,31
3561,ORD003561,LIMIT,BUY,98.97,68
3562,ORD003562,MARKET,BUY,,76
3563,ORD003563,MARKET,SELL,,79
3564,ORD003564,LIMIT,BUY,98.64,78
3565,ORD003565,MARKET,BUY,,25
3566,ORD003566,LIMIT,BUY,100.04,75
3567,ORD003567,MARKET,BUY,,6
3568,ORD003568,LIMIT,BUY,99.83,88
3569,ORD003569,MARKET,BUY,,15
3570,ORD003570,LIMIT,BUY,100.07,2
3571,ORD003571,MARKET,SELL,,19
3572,ORD003572,LIMIT,BUY,98.81,53
3573,ORD003573,MARKET,SELL,,26
3574,ORD003574,MARKET,BUY,,46
3575,ORD003575,MARKET,BUY,,36
3576,ORD003576,MARKET,SELL,,60
3577,ORD003577,LIMIT,BUY,99.31,27
3578,ORD003578,MARKET,SELL,,36
3579,ORD003579,MARKET,BUY,,98
3580,ORD003580,MARKET,SELL,,83
3581,ORD003581,LIMIT,BUY,98.69,62
3582,ORD003582,MARKET,SELL,,29
3583,ORD003583,MARKET,BUY,,31
3584,ORD003584,MARKET,SELL,,71
3585,ORD003585,MARKET,BUY,,93
3586,ORD003586,LIMIT,SELL,100.18,85
3587,ORD003587,LIMIT,SELL,99.55,73
3588,ORD003588,MARKET,BUY,,37
3589,ORD003589,LIMIT,BUY,99.67,72
3590,ORD003590,LIMIT,BUY,100.44,1
3591,ORD003591,MARKET,BUY,,89
3592,ORD003592,LIMIT,SELL,99.5,25
3593,ORD003593,LIMIT,SELL,100.56,90
3594,ORD003594,LIMIT,BUY,99.67,78
3595,ORD003595,MARKET,SELL,,61
3596,ORD003596,MARKET,BUY,,44
3597,ORD003597,LIMIT,BUY,99.23,56
3598,ORD003598,LIMIT,BUY,98.26,18
3599,ORD003599,MARKET,BUY,,53
3600,ORD003600,MARKET,BUY,,71
3601,ORD003601,MARKET,BUY,,28
3602,ORD003602,MARKET,BUY,,2
3603,ORD003603,MARKET,SELL,,36
3604,ORD003604,LIMIT,SELL,99.73,31
3605,ORD003605,LIMIT,BUY,99.98,69
3606,ORD003606,MARKET,BUY,,89
3607,ORD003607,LIMIT,BUY,99.74,1
3608,ORD003608,LIMIT,SELL,100.04,53
3609,ORD003609,MARKET,BUY,,75
3610,ORD003610,MARKET,SELL,,90
3611,ORD003611,LIMIT,SELL,100.89,22
3612,ORD000584,CANCEL,,,
3613,ORD003613,LIMIT,BUY,98.48,21
3614,ORD003614,LIMIT,BUY,98.49,27
3615,ORD003615,MARKET,SELL,,85
3616,ORD003616,MARKET,BUY,,93
3617,ORD003617,MARKET,BUY,,97
3618,ORD003618,LIMIT,SELL,100.58,89
3619,ORD003619,MARKET,BUY,,1
3620,ORD003620,LIMIT,BUY,99.71,54
3621,ORD003621,MARKET,BUY,,20
3622,ORD003622,MARKET,SELL,,22
3623,ORD003623,LIMIT,SELL,99.89,77
3624,ORD003624,LIMIT,BUY,99.06,79
3625,ORD003625,MARKET,SELL,,34
3626,ORD003626,MARKET,BUY,,38
3627,ORD003627,LIMIT,SELL,101.69,15
3628,ORD003628,LIMIT,BUY,98.57,90
3629,ORD003629,LIMIT,BUY,98.99,84
3630,ORD003630,MARKET,BUY,,24
3631,ORD003631,LIMIT,BUY,98.6,7
3632,ORD003632,MARKET,BUY,,71
3633,ORD003633,MARKET,BUY,,43
3634,ORD003634,MARKET,BUY,,63
3635,ORD003635,MARKET,BUY,,29
3636,ORD003636,LIMIT,BUY,99.56,10
3637,ORD003637,LIMIT,BUY,98.8,22
3638,ORD003638,MARKET,SELL,,98
3639,ORD000162,CANCEL,,,
3640,ORD003640,LIMIT,BUY,99.81,11
3641,ORD003641,MARKET,BUY,,25
3642,ORD003642,MARKET,BUY,,69
3643,ORD003643,LIMIT,BUY,99.87,78
3644,ORD000902,CANCEL,,,
3645,ORD003645,MARKET,SELL,,15
3646,ORD003646,LIMIT,SELL,100.15,11
3647,ORD003647,LIMIT,BUY,99.44,62
3648,ORD003648,MARKET,BUY,,98
3649,ORD003649,MARKET,BUY,,61
3650,ORD002311,CANCEL,,,
3651,ORD003651,LIMIT,BUY,98.01,34
3652,ORD003652,MARKET,SELL,,44
3653,ORD003653,LIMIT,SELL,100.51,73
3654,ORD003654,MARKET,SELL,,35
3655,ORD003655,MARKET,SELL,,7
3656,ORD003656,LIMIT,BUY,98.94,6
3657,ORD003657,LIMIT,BUY,98.13,27
3658,ORD003658,LIMIT,SELL,101.47,3
3659,ORD003659,MARKET,BUY,,8
3660,ORD003660,LIMIT,BUY,100.16,33
3661,ORD003661,LIMIT,BUY,100.29,95
3662,ORD003213,CANCEL,,,
3663,ORD003663,LIMIT,BUY,99.18,32
3664,ORD003664,LIMIT,SELL,99.97,83
3665,ORD003665,MARKET,SELL,,87
3666,ORD003666,LIMIT,SELL,100.24,22
3667,ORD003667,MARKET,SELL,,21
3668,ORD002232,CANCEL,,,
3669,ORD003669,MARKET,BUY,,93
3670,ORD003670,MARKET,SELL,,40
3671,ORD003671,MARKET,SELL,,6
3672,ORD003672,LIMIT,SELL,101.08,21
3673,ORD003673,LIMIT,SELL,101.67,6
3674,ORD003674,LIMIT,BUY,98.92,70
3675,ORD003675,MARKET,SELL,,94
3676,ORD000504,CANCEL,,,
3677,ORD003677,MARKET,SELL,,36
3678,ORD003678,LIMIT,BUY,99.83,48
3679,ORD003679,LIMIT,BUY,98.69,93
3680,ORD003680,LIMIT,SELL,101.24,87
3681,ORD003681,MARKET,BUY,,82
3682,ORD003682,MARKET,SELL,,28
3683,ORD003683,MARKET,SELL,,68
3684,ORD003684,LIMIT,SELL,99.81,94
3685,ORD003685,LIMIT,BUY,98.23,92
3686,ORD003686,LIMIT,SELL,101.47,70
3687,ORD001133,CANCEL,,,
3688,ORD003688,LIMIT,BUY,98.49,28
3689,ORD003689,LIMIT,SELL,99.6,53
3690,ORD003690,LIMIT,BUY,100.3,79
3691,ORD003691,LIMIT,SELL,100.32,50
3692,ORD003692,LIMIT,SELL,101.3,68
3693,ORD003693,LIMIT,BUY,98.52,4
3694,ORD003694,LIMIT,BUY,98.84,54
3695,ORD003695,LIMIT,BUY,99.31,2
3696,ORD003696,MARKET,SELL,,82
3697,ORD003697,LIMIT,SELL,101.56,77
3698,ORD003698,LIMIT,SELL,101.71,88
3699,ORD003699,LIMIT,SELL,100.36,8
3700,ORD003700,LIMIT,BUY,100.18,82
3701,ORD003701,MARKET,SELL,,38
3702,ORD003702,LIMIT,SELL,100.36,4
3703,ORD003703,MARKET,SELL,,93
3704,ORD003704,LIMIT,BUY,99.26,10
3705,ORD003705,MARKET,SELL,,54
3706,ORD003706,LIMIT,SELL,101.24,94
3707,ORD003707,LIMIT,SELL,99.61,47
3708,ORD003708,MARKET,SELL,,51
3709,ORD003709,LIMIT,BUY,98.24,96
3710,ORD003710,LIMIT,BUY,100.36,8
3711,ORD003711,MARKET,BUY,,51
3712,ORD003712,LIMIT,BUY,99.91,50
3713,ORD003713,MARKET,SELL,,96
3714,ORD003714,LIMIT,BUY,98.64,44
3715,ORD003715,LIMIT,SELL,99.96,74
3716,ORD003716,MARKET,SELL,,72
3717,ORD003717,LIMIT,BUY,100.46,34
3718,ORD003718,MARKET,BUY,,39
3719,ORD003719,LIMIT,BUY,100.46,100
3720,ORD003720,MARKET,SELL,,86
3721,ORD003721,MARKET,BUY,,28
3722,ORD003722,LIMIT,SELL,99.81,14
3723,ORD003723,LIMIT,SELL,99.55,7
3724,ORD003724,LIMIT,BUY,98.71,24
3725,ORD003725,LIMIT,SELL,100.96,22
3726,ORD003726,LIMIT,SELL,100.93,49
3727,ORD003727,LIMIT,SELL,101.1,98
3728,ORD003728,MARKET,SELL,,67
3729,ORD003729,LIMIT,SELL,101.09,73
3730,ORD003730,LIMIT,SELL,100.24,99
3731,ORD003731,LIMIT,SELL,101.48,25
3732,ORD003732,MARKET,BUY,,100
3733,ORD003733,MARKET,BUY,,19
3734,ORD003734,MARKET,SELL,,72
3735,ORD003735,MARKET,BUY,,90
3736,ORD002894,CANCEL,,,
3737,ORD003737,LIMIT,SELL,100.64,54
3738,ORD003738,LIMIT,BUY,98.43,28
3739,ORD003739,LIMIT,BUY,98.55,86
3740,ORD003740,LIMIT,SELL,101.75,67
3741,ORD003741,LIMIT,BUY,100.45,1
3742,ORD003742,LIMIT,SELL,99.79,19
3743,ORD003743,MARKET,SELL,,71
3744,ORD003744,MARKET,BUY,,98
3745,ORD003745,MARKET,BUY,,35
3746,ORD003746,LIMIT,SELL,100.36,81
3747,ORD003747,MARKET,BUY,,62
3748,ORD003748,LIMIT,BUY,99.71,19
3749,ORD003749,LIMIT,SELL,101.95,97
3750,ORD003750,LIMIT,BUY,99.0,20
3751,ORD003751,LIMIT,SELL,100.18,6
3752,ORD003752,MARKET,BUY,,29
3753,ORD003425,CANCEL,,,
3754,ORD003754,LIMIT,SELL,101.77,50
3755,ORD003755,MARKET,BUY,,98
3756,ORD003756,MARKET,BUY,,86
3757,ORD003757,LIMIT,SELL,101.56,4
3758,ORD000409,CANCEL,,,
3759,ORD003759,LIMIT,BUY,98.7,38
3760,ORD003760,LIMIT,BUY,98.8,59
3761,ORD003761,LIMIT,BUY,99.3,75
3762,ORD003762,LIMIT,SELL,99.63,48
3763,ORD003763,MARKET,SELL,,64
3764,ORD003764,MARKET,SELL,,8
3765,ORD003765,LIMIT,SELL,101.32,98
3766,ORD003766,LIMIT,BUY,98.86,72
3767,ORD003767,LIMIT,SELL,101.57,50
3768,ORD003768,LIMIT,BUY,100.33,9
3769,ORD003769,MARKET,SELL,,68
3770,ORD003770,MARKET,SELL,,25
3771,ORD003771,MARKET,SELL,,17
3772,ORD003772,MARKET,SELL,,22
3773,ORD003773,MARKET,SELL,,70
3774,ORD003774,MARKET,SELL,,22
3775,ORD003775,LIMIT,BUY,98.0,15
3776,ORD003776,MARKET,SELL,,66
3777,ORD003777,MARKET,SELL,,64
3778,ORD003778,MARKET,SELL,,25
3779,ORD003779,LIMIT,BUY,99.36,40
3780,ORD003780,LIMIT,BUY,98.42,75
3781,ORD003781,LIMIT,BUY,98.74,6
3782,ORD003782,MARKET,BUY,,37
3783,ORD003783,MARKET,BUY,,88
3784,ORD003784,MARKET,BUY,,69
3785,ORD003785,LIMIT,BUY,99.85,64
3786,ORD003786,LIMIT,BUY,98.19,21
3787,ORD003787,LIMIT,SELL,100.97,24
3788,ORD003788,MARKET,BUY,,54
3789,ORD003789,LIMIT,SELL,100.73,94
3790,ORD003790,MARKET,SELL,,55
3791,ORD003791,LIMIT,BUY,99.35,15
3792,ORD003792,LIMIT,BUY,100.49,53
3793,ORD001296,CANCEL,,,
3794,ORD003794,LIMIT,SELL,99.56,90
3795,ORD003795,MARKET,SELL,,16
3796,ORD003796,MARKET,BUY,,64
3797,ORD003797,LIMIT,SELL,101.52,2
3798,ORD003798,MARKET,BUY,,19
3799,ORD003799,MARKET,BUY,,81
3800,ORD003800,MARKET,BUY,,51
3801,ORD003801,MARKET,SELL,,43
3802,ORD003802,LIMIT,SELL,101.22,52
3803,ORD003803,LIMIT,BUY,99.93,23
3804,ORD003804,MARKET,BUY,,51
3805,ORD003805,LIMIT,BUY,99.34,88
3806,ORD003806,LIMIT,SELL,100.85,70
3807,ORD003807,MARKET,BUY,,5
3808,ORD003808,LIMIT,BUY,99.73,30
3809,ORD003809,LIMIT,SELL,101.0,89
3810,ORD003810,LIMIT,SELL,100.25,78
3811,ORD003811,LIMIT,BUY,98.71,58
3812,ORD003812,LIMIT,SELL,101.38,5
3813,ORD003813,MARKET,SELL,,23
3814,ORD003814,MARKET,SELL,,62
3815,ORD003815,MARKET,BUY,,79
3816,ORD003816,LIMIT,SELL,101.91,9
3817,ORD003817,MARKET,SELL,,69
3818,ORD003818,LIMIT,BUY,99.44,56
3819,ORD003819,LIMIT,BUY,98.32,67
3820,ORD003820,LIMIT,SELL,99.6,83
3821,ORD003821,MARKET,BUY,,24
3822,ORD003822,MARKET,BUY,,90
3823,ORD003823,LIMIT,BUY,100.17,97
3824,ORD003824,LIMIT,SELL,100.33,59
3825,ORD003825,LIMIT,BUY,98.42,70
3826,ORD003826,LIMIT,SELL,100.17,24
3827,ORD003827,MARKET,SELL,,51
3828,ORD003828,LIMIT,SELL,101.03,24
3829,ORD003829,LIMIT,BUY,99.85,35
3830,ORD003830,LIMIT,BUY,98.49,74
3831,ORD003831,MARKET,SELL,,34
3832,ORD003832,MARKET,SELL,,98
3833,ORD003833,MARKET,SELL,,44
3834,ORD003834,MARKET,BUY,,76
3835,ORD003835,MARKET,BUY,,78
3836,ORD003836,MARKET,SELL,,65
3837,ORD003837,MARKET,SELL,,4
3838,ORD003838,LIMIT,SELL,101.89,72
3839,ORD003839,LIMIT,SELL,101.43,37
3840,ORD003840,MARKET,BUY,,40
3841,ORD003841,LIMIT,BUY,100.23,74
3842,ORD003842,LIMIT,BUY,99.5,22
3843,ORD002755,CANCEL,,,
3844,ORD003844,LIMIT,SELL,100.17,5
3845,ORD003845,MARKET,SELL,,40
3846,ORD003846,MARKET,SELL,,42
3847,ORD003847,MARKET,BUY,,94
3848,ORD003848,LIMIT,BUY,99.19,68
3849,ORD003849,MARKET,SELL,,41
3850,ORD003208,CANCEL,,,
3851,ORD003851,LIMIT,BUY,99.61,14
3852,ORD003852,MARKET,BUY,,46
3853,ORD003853,LIMIT,SELL,101.87,16
3854,ORD003854,LIMIT,SELL,101.01,17
3855,ORD003855,MARKET,BUY,,17
3856,ORD003856,MARKET,SELL,,18
3857,ORD003857,MARKET,SELL,,42
3858,ORD003858,LIMIT,SELL,100.62,57
3859,ORD003859,MARKET,BUY,,91
3860,ORD003860,LIMIT,SELL,101.73,36
3861,ORD003861,LIMIT,SELL,100.55,47
3862,ORD003862,LIMIT,SELL,101.6,37
3863,ORD003863,MARKET,BUY,,79
3864,ORD003864,LIMIT,BUY,99.07,43
3865,ORD000021,CANCEL,,,
3866,ORD003866,MARKET,BUY,,40
3867,ORD003867,LIMIT,BUY,100.2,10
3868,ORD003868,LIMIT,BUY,100.06,15
3869,ORD003869,MARKET,SELL,,1
3870,ORD003870,MARKET,SELL,,27
3871,ORD003871,LIMIT,SELL,99.96,13
3872,ORD003872,LIMIT,SELL,100.81,50
3873,ORD003873,MARKET,SELL,,89
3874,ORD003874,MARKET,BUY,,82
3875,ORD003875,LIMIT,SELL,99.87,1
3876,ORD003876,LIMIT,BUY,98.72,9
3877,ORD003877,LIMIT,BUY,100.02,14
3878,ORD003878,LIMIT,BUY,98.32,78
3879,ORD003879,LIMIT,BUY,99.56,8
3880,ORD003880,LIMIT,BUY,99.3,54
3881,ORD003881,MARKET,BUY,,71
3882,ORD003882,LIMIT,BUY,99.92,52
3883,ORD003883,LIMIT,BUY,98.44,24
3884,ORD003884,MARKET,SELL,,34
3885,ORD003885,LIMIT,SELL,100.16,18
3886,ORD003886,MARKET,BUY,,80
3887,ORD003887,MARKET,SELL,,85
3888,ORD003888,MARKET,BUY,,71
3889,ORD003889,LIMIT,SELL,101.11,23
3890,ORD003890,MARKET,BUY,,92
3891,ORD003891,LIMIT,BUY,100.32,42
3892,ORD003892,LIMIT,BUY,99.42,79
3893,ORD003893,LIMIT,SELL,101.89,94
3894,ORD003894,LIMIT,SELL,100.96,82
3895,ORD003895,MARKET,BUY,,22
3896,ORD003896,LIMIT,SELL,100.11,74
3897,ORD003897,MARKET,BUY,,40
3898,ORD003898,MARKET,BUY,,83
3899,ORD003899,MARKET,SELL,,51
3900,ORD003900,LIMIT,BUY,98.65,33
3901,ORD003901,LIMIT,SELL,101.31,24
3902,ORD003902,MARKET,SELL,,74
3903,ORD003903,MARKET,BUY,,43
3904,ORD003904,LIMIT,SELL,101.78,93
3905,ORD003905,LIMIT,SELL,101.54,18
3906,ORD003906,MARKET,BUY,,4
3907,ORD003907,MARKET,BUY,,47
3908,ORD003908,LIMIT,BUY,98.43,6
3909,ORD003909,LIMIT,SELL,101.85,60
3910,ORD003910,MARKET,SELL,,27
3911,ORD003911,LIMIT,SELL,100.39,31
3912,ORD003912,LIMIT,SELL,101.5,97
3913,ORD003913,MARKET,BUY,,36
3914,ORD003914,LIMIT,BUY,99.61,74
3915,ORD003915,MARKET,SELL,,9
3916,ORD003916,LIMIT,BUY,100.18,74
3917,ORD003917,MARKET,BUY,,20
3918,ORD003918,LIMIT,BUY,99.82,76
3919,ORD003919,MARKET,BUY,,26
3920,ORD003920,MARKET,BUY,,26
3921,ORD003921,LIMIT,SELL,99.71,88
3922,ORD003922,LIMIT,BUY,98.29,51
3923,ORD000919,CANCEL,,,
3924,ORD003924,MARKET,BUY,,16
3925,ORD003925,MARKET,SELL,,97
3926,ORD003926,MARKET,BUY,,99
3927,ORD003927,MARKET,BUY,,49
3928,ORD003928,LIMIT,BUY,98.1,80
3929,ORD003929,MARKET,SELL,,44
3930,ORD003930,LIMIT,SELL,99.99,80
3931,ORD003931,MARKET,BUY,,74
3932,ORD003932,MARKET,SELL,,69
3933,ORD001045,CANCEL,,,
3934,ORD003934,LIMIT,SELL,99.76,98
3935,ORD003935,MARKET,BUY,,37
3936,ORD002919,CANCEL,,,
3937,ORD003937,LIMIT,BUY,100.15,74
3938,ORD003938,MARKET,BUY,,37
3939,ORD003939,LIMIT,BUY,99.48,90
3940,ORD003940,LIMIT,SELL,101.6,9
3941,ORD003941,LIMIT,BUY,98.54,86
3942,ORD003942,MARKET,SELL,,89
3943,ORD003943,LIMIT,BUY,98.57,59
3944,ORD003944,MARKET,SELL,,46
3945,ORD003945,MARKET,SELL,,98
3946,ORD003946,LIMIT,BUY,98.65,10
3947,ORD003947,MARKET,BUY,,62
3948,ORD003948,MARKET,SELL,,79
3949,ORD003949,LIMIT,BUY,98.69,22
3950,ORD003950,MARKET,BUY,,93
3951,ORD003951,MARKET,SELL,,76
3952,ORD001304,CANCEL,,,
3953,ORD003953,LIMIT,SELL,101.86,14
3954,ORD003954,LIMIT,SELL,99.9,88
3955,ORD003955,MARKET,BUY,,91
3956,ORD003956,MARKET,BUY,,16
3957,ORD001965,CANCEL,,,
3958,ORD003958,LIMIT,SELL,100.91,99
3959,ORD003959,MARKET,SELL,,40
3960,ORD003960,MARKET,SELL,,87
3961,ORD003961,MARKET,SELL,,55
3962,ORD003962,MARKET,BUY,,14
3963,ORD003963,MARKET,SELL,,1
3964,ORD003964,LIMIT,BUY,99.99,66
3965,ORD003965,MARKET,BUY,,95
3966,ORD003966,MARKET,BUY,,52
3967,ORD003967,MARKET,BUY,,55
3968,ORD003968,LIMIT,BUY,100.03,86
3969,ORD003969,MARKET,BUY,,4
3970,ORD003970,LIMIT,BUY,99.76,60
3971,ORD003971,MARKET,BUY,,14
3972,ORD003972,LIMIT,SELL,100.33,7
3973,ORD003973,MARKET,SELL,,68
3974,ORD003974,MARKET,SELL,,52
3975,ORD003975,MARKET,BUY,,73
3976,ORD003976,LIMIT,SELL,100.82,46
3977,ORD003977,LIMIT,SELL,100.74,27
3978,ORD003978,MARKET,BUY,,86
3979,ORD003979,LIMIT,BUY,98.39,57
3980,ORD003980,LIMIT,SELL,100.59,20
3981,ORD003981,LIMIT,BUY,100.08,90
3982,ORD003982,MARKET,BUY,,35
3983,ORD003983,MARKET,SELL,,43
3984,ORD003984,LIMIT,BUY,99.99,7
3985,ORD003985,LIMIT,SELL,99.81,33
3986,ORD003812,CANCEL,,,
3987,ORD003987,LIMIT,BUY,100.35,9
3988,ORD003988,LIMIT,SELL,100.29,86
3989,ORD003989,MARKET,BUY,,23
3990,ORD003178,CANCEL,,,
3991,ORD003991,LIMIT,BUY,98.74,77
3992,ORD003992,LIMIT,SELL,100.82,64
3993,ORD003993,MARKET,BUY,,76
3994,ORD003994,LIMIT,BUY,98.96,72
3995,ORD003995,MARKET,BUY,,49
3996,ORD003996,MARKET,BUY,,37
3997,ORD003997,MARKET,SELL,,35
3998,ORD003998,LIMIT,BUY,99.09,27
3999,ORD003999,LIMIT,SELL,101.78,79
4000,ORD004000,MARKET,BUY,,34
4001,ORD004001,LIMIT,SELL,101.89,18
4002,ORD002516,CANCEL,,,
4003,ORD004003,LIMIT,SELL,100.85,22
4004,ORD004004,MARKET,SELL,,21
4005,ORD004005,LIMIT,BUY,99.65,34
4006,ORD004006,MARKET,BUY,,88
4007,ORD004007,LIMIT,SELL,101.74,11
4008,ORD004008,LIMIT,BUY,99.34,81
4009,ORD004009,LIMIT,SELL,100.77,10
4010,ORD004010,LIMIT,SELL,100.26,18
4011,ORD004011,MARKET,BUY,,46
4012,ORD004012,LIMIT,BUY,99.1,65
4013,ORD004013,LIMIT,BUY,98.15,4
4014,ORD004014,MARKET,BUY,,41
4015,ORD004015,LIMIT,BUY,98.45,25
4016,ORD004016,MARKET,BUY,,52
4017,ORD004017,LIMIT,BUY,99.28,64
4018,ORD004018,LIMIT,SELL,101.0,55
4019,ORD004019,MARKET,BUY,,97
4020,ORD004020,LIMIT,SELL,99.63,6
4021,ORD004021,LIMIT,BUY,98.65,12
4022,ORD004022,MARKET,SELL,,55
4023,ORD002889,CANCEL,,,
4024,ORD004024,MARKET,BUY,,87
4025,ORD004025,MARKET,BUY,,49
4026,ORD004026,LIMIT,SELL,101.65,85
4027,ORD004027,MARKET,SELL,,82
4028,ORD003155,CANCEL,,,
4029,ORD004029,LIMIT,SELL,100.44,70
4030,ORD004030,LIMIT,SELL,100.57,35
4031,ORD004031,MARKET,SELL,,57
4032,ORD002953,CANCEL,,,
4033,ORD004033,MARKET,SELL,,46
4034,ORD004034,LIMIT,BUY,99.02,70
4035,ORD004035,LIMIT,BUY,99.43,100
4036,ORD004036,LIMIT,SELL,100.75,79
4037,ORD002348,CANCEL,,,
4038,ORD004038,MARKET,SELL,,20
4039,ORD004039,LIMIT,SELL,99.67,3
4040,ORD004040,MARKET,BUY,,10
4041,ORD004041,LIMIT,BUY,99.89,93
4042,ORD004042,LIMIT,BUY,100.18,92
4043,ORD004043,MARKET,BUY,,93
4044,ORD004044,MARKET,BUY,,32
4045,ORD001454,CANCEL,,,
4046,ORD004046,MARKET,BUY,,100
4047,ORD004047,LIMIT,BUY,98.9,36
4048,ORD004048,MARKET,SELL,,16
4049,ORD004049,MARKET,SELL,,5
4050,ORD004050,MARKET,SELL,,73
4051,ORD004051,MARKET,BUY,,95
4052,ORD004052,LIMIT,BUY,98.32,34
4053,ORD004053,LIMIT,BUY,100.39,94
4054,ORD002158,CANCEL,,,
4055,ORD004055,MARKET,BUY,,11
4056,ORD004056,LIMIT,SELL,101.99,29
4057,ORD004057,LIMIT,BUY,99.57,34
4058,ORD004058,LIMIT,BUY,99.45,90
4059,ORD004059,MARKET,SELL,,65
4060,ORD004060,LIMIT,SELL,101.67,42
4061,ORD004061,LIMIT,SELL,101.51,7
4062,ORD004062,LIMIT,BUY,99.7,8
4063,ORD004063,LIMIT,SELL,100.12,49
4064,ORD004064,MARKET,BUY,,10
4065,ORD004065,LIMIT,SELL,99.65,77
4066,ORD004066,MARKET,SELL,,41
4067,ORD004067,MARKET,BUY,,75
4068,ORD004068,LIMIT,SELL,100.45,1
4069,ORD003114,CANCEL,,,
4070,ORD004070,LIMIT,SELL,100.25,75
4071,ORD004071,MARKET,BUY,,49
4072,ORD004072,LIMIT,SELL,101.35,72
4073,ORD004073,MARKET,SELL,,7
4074,ORD004074,MARKET,SELL,,2
4075,ORD004075,MARKET,SELL,,47
4076,ORD004076,MARKET,SELL,,4
4077,ORD004077,LIMIT,SELL,101.91,25
4078,ORD004078,MARKET,BUY,,32
4079,ORD004079,MARKET,SELL,,52
4080,ORD004080,LIMIT,BUY,98.46,54
4081,ORD004081,MARKET,SELL,,51
4082,ORD004082,MARKET,SELL,,7
4083,ORD003510,CANCEL,,,
4084,ORD004084,MARKET,BUY,,20
4085,ORD004085,MARKET,SELL,,62
4086,ORD004086,MARKET,SELL,,18
4087,ORD004087,MARKET,BUY,,14
4088,ORD004088,LIMIT,SELL,99.75,48
4089,ORD004089,LIMIT,SELL,100.79,50
4090,ORD004090,LIMIT,BUY,100.45,2
4091,ORD004091,MARKET,SELL,,64
4092,ORD004092,MARKET,BUY,,11
4093,ORD004093,MARKET,SELL,,2
4094,ORD004094,MARKET,SELL,,92
4095,ORD004095,LIMIT,SELL,101.1,55
4096,ORD004096,LIMIT,BUY,98.13,68
4097,ORD004097,MARKET,SELL,,56
4098,ORD004098,LIMIT,SELL,100.83,60
4099,ORD004099,MARKET,BUY,,34
4100,ORD004100,MARKET,BUY,,16
4101,ORD004101,LIMIT,BUY,100.2,47
4102,ORD004102,MARKET,SELL,,87
4103,ORD004103,MARKET,SELL,,48
4104,ORD004104,MARKET,SELL,,19
4105,ORD004105,MARKET,BUY,,25
4106,ORD004106,MARKET,SELL,,69
4107,ORD004107,LIMIT,SELL,101.05,11
4108,ORD004108,LIMIT,SELL,100.11,38
4109,ORD004109,MARKET,BUY,,4
4110,ORD004110,LIMIT,SELL,101.55,61
4111,ORD004111,LIMIT,BUY,98.15,9
4112,ORD004112,LIMIT,SELL,101.57,33
4113,ORD004113,MARKET,BUY,,78
4114,ORD004114,MARKET,BUY,,70
4115,ORD004115,MARKET,BUY,,30
4116,ORD004116,LIMIT,BUY,98.03,90
4117,ORD004117,LIMIT,BUY,99.79,51
4118,ORD004118,LIMIT,SELL,99.67,55
4119,ORD004119,MARKET,BUY,,33
4120,ORD004120,MARKET,SELL,,55
4121,ORD004121,LIMIT,BUY,100.2,89
4122,ORD004122,MARKET,BUY,,71
4123,ORD004123,MARKET,SELL,,77
4124,ORD004124,LIMIT,SELL,100.78,33
4125,ORD004125,LIMIT,SELL,100.92,55
4126,ORD004126,LIMIT,BUY,99.91,77
4127,ORD004127,MARKET,SELL,,90
4128,ORD004128,MARKET,SELL,,58
4129,ORD004129,MARKET,SELL,,5
4130,ORD004130,LIMIT,SELL,99.94,17
4131,ORD004131,LIMIT,BUY,98.41,31
4132,ORD004132,MARKET,BUY,,15
4133,ORD004133,MARKET,SELL,,21
4134,ORD004134,LIMIT,BUY,99.29,66
4135,ORD004135,MARKET,BUY,,16
4136,ORD000699,CANCEL,,,
4137,ORD001318,CANCEL,,,
4138,ORD004138,MARKET,BUY,,89
4139,ORD004139,MARKET,SELL,,15
4140,ORD000185,CANCEL,,,
4141,ORD004141,LIMIT,SELL,99.8,71
4142,ORD004142,MARKET,SELL,,50
4143,ORD004143,MARKET,SELL,,93
4144,ORD004144,LIMIT,SELL,101.12,83
4145,ORD004145,LIMIT,BUY,98.69,97
4146,ORD004146,MARKET,BUY,,40
4147,ORD004147,LIMIT,SELL,101.48,5
4148,ORD003779,CANCEL,,,
4149,ORD004149,MARKET,BUY,,97
4150,ORD004150,MARKET,BUY,,36
4151,ORD004151,MARKET,SELL,,10
4152,ORD004152,MARKET,BUY,,86
4153,ORD004153,MARKET,SELL,,2
4154,ORD004154,LIMIT,SELL,100.25,12
4155,ORD004155,LIMIT,BUY,98.0,58
4156,ORD004156,MARKET,BUY,,76
4157,ORD004157,MARKET,SELL,,79
4158,ORD003953,CANCEL,,,
4159,ORD004159,MARKET,BUY,,71
4160,ORD004160,MARKET,BUY,,93
4161,ORD004161,MARKET,SELL,,78
4162,ORD004162,LIMIT,BUY,99.35,72
4163,ORD004163,MARKET,BUY,,88
4164,ORD004164,LIMIT,SELL,99.68,4
4165,ORD004165,MARKET,SELL,,59
4166,ORD004166,LIMIT,SELL,99.56,77
4167,ORD004167,LIMIT,BUY,98.33,90
4168,ORD004168,MARKET,SELL,,81
4169,ORD004169,MARKET,BUY,,39
4170,ORD004170,LIMIT,BUY,100.45,74
4171,ORD004171,LIMIT,BUY,99.96,47
4172,ORD004172,LIMIT,SELL,99.79,63
4173,ORD004173,LIMIT,BUY,98.34,38
4174,ORD004174,LIMIT,BUY,98.24,87
4175,ORD004175,MARKET,BUY,,78
4176,ORD004176,LIMIT,SELL,100.59,23
4177,ORD004177,MARKET,SELL,,76
4178,ORD004178,LIMIT,BUY,100.2,34
4179,ORD004179,MARKET,SELL,,17
4180,ORD004180,LIMIT,SELL,100.43,6
4181,ORD004181,MARKET,BUY,,74
4182,ORD004182,MARKET,SELL,,1
4183,ORD004183,LIMIT,BUY,98.12,81
4184,ORD004184,MARKET,SELL,,7
4185,ORD004185,LIMIT,BUY,98.7,61
4186,ORD004186,LIMIT,BUY,99.53,93
4187,ORD004187,MARKET,SELL,,12
4188,ORD004188,MARKET,BUY,,34
4189,ORD004189,MARKET,BUY,,54
4190,ORD004190,MARKET,SELL,,9
4191,ORD004191,LIMIT,SELL,101.1,97
4192,ORD004192,MARKET,BUY,,48
4193,ORD004193,LIMIT,BUY,100.21,14
4194,ORD004194,MARKET,BUY,,55
4195,ORD004195,LIMIT,BUY,98.57,57
4196,ORD004196,MARKET,BUY,,5
4197,ORD004197,LIMIT,SELL,101.2,1
4198,ORD004198,LIMIT,SELL,101.57,84
4199,ORD004199,LIMIT,SELL,100.32,38
4200,ORD004200,LIMIT,BUY,99.3,53
4201,ORD004201,LIMIT,BUY,99.03,17
4202,ORD004202,LIMIT,SELL,101.41,53
4203,ORD004203,LIMIT,BUY,99.98,66
4204,ORD004204,MARKET,SELL,,40
4205,ORD004205,MARKET,BUY,,99
4206,ORD004206,MARKET,BUY,,43
4207,ORD001912,CANCEL,,,
4208,ORD004208,MARKET,SELL,,24
4209,ORD004209,MARKET,SELL,,94
4210,ORD004210,LIMIT,SELL,101.7,31
4211,ORD004211,MARKET,BUY,,8
4212,ORD004212,LIMIT,SELL,100.59,96
4213,ORD004213,LIMIT,BUY,98.55,92
4214,ORD004214,LIMIT,SELL,100.76,71
4215,ORD004215,MARKET,BUY,,30
4216,ORD004216,MARKET,SELL,,18
4217,ORD004217,MARKET,SELL,,58
4218,ORD004218,LIMIT,SELL,100.48,58
4219,ORD004219,MARKET,SELL,,51
4220,ORD004220,LIMIT,BUY,98.02,5
4221,ORD004221,LIMIT,SELL,100.31,6
4222,ORD004222,LIMIT,SELL,101.17,77
4223,ORD004223,MARKET,BUY,,11
4224,ORD004224,LIMIT,SELL,101.85,13
4225,ORD004225,MARKET,BUY,,38
4226,ORD004226,LIMIT,SELL,99.63,90
4227,ORD004227,MARKET,BUY,,80
4228,ORD004228,MARKET,BUY,,35
4229,ORD004229,LIMIT,BUY,100.5,11
4230,ORD004230,MARKET,BUY,,41
4231,ORD004231,LIMIT,SELL,99.65,21
4232,ORD004232,MARKET,BUY,,15
4233,ORD004233,LIMIT,BUY,98.87,84
4234,ORD004234,MARKET,SELL,,80
4235,ORD004235,MARKET,SELL,,64
4236,ORD004236,LIMIT,SELL,101.61,60
4237,ORD004237,LIMIT,BUY,99.77,76
4238,ORD004238,LIMIT,BUY,99.67,9
4239,ORD002119,CANCEL,,,
4240,ORD004240,LIMIT,BUY,99.93,2
4241,ORD004241,MARKET,BUY,,45
4242,ORD004242,LIMIT,BUY,99.07,65
4243,ORD004243,MARKET,SELL,,70
4244,ORD004244,LIMIT,BUY,100.48,44
4245,ORD004245,LIMIT,BUY,98.9,98
4246,ORD004246,LIMIT,SELL,100.35,6
4247,ORD004247,MARKET,BUY,,53
4248,ORD004248,LIMIT,BUY,98.99,55
4249,ORD004249,MARKET,BUY,,50
4250,ORD004250,MARKET,SELL,,100
4251,ORD004251,LIMIT,BUY,99.25,89
4252,ORD004252,LIMIT,BUY,99.43,37
4253,ORD004253,LIMIT,SELL,99.55,51
4254,ORD004254,LIMIT,SELL,101.62,43
4255,ORD004255,MARKET,BUY,,45
4256,ORD004256,MARKET,BUY,,49
4257,ORD004257,LIMIT,BUY,98.46,14
4258,ORD004258,MARKET,SELL,,8
4259,ORD004259,MARKET,BUY,,29
4260,ORD004260,MARKET,BUY,,95
4261,ORD004261,LIMIT,BUY,100.23,87
4262,ORD001407,CANCEL,,,
4263,ORD003912,CANCEL,,,
4264,ORD004264,LIMIT,SELL,100.11,20
4265,ORD004265,MARKET,BUY,,51
4266,ORD004266,LIMIT,BUY,98.02,87
4267,ORD004267,MARKET,SELL,,73
4268,ORD004268,MARKET,SELL,,73
4269,ORD004269,MARKET,BUY,,95
4270,ORD004270,MARKET,SELL,,51
4271,ORD001365,CANCEL,,,
4272,ORD004272,LIMIT,BUY,100.21,19
4273,ORD004273,LIMIT,SELL,99.69,60
4274,ORD004274,LIMIT,BUY,98.32,57
4275,ORD004275,LIMIT,SELL,100.06,97
4276,ORD004276,MARKET,BUY,,90
4277,ORD004277,LIMIT,BUY,99.52,85
4278,ORD004278,LIMIT,SELL,100.81,16
4279,ORD004279,LIMIT,SELL,101.22,73
4280,ORD004280,LIMIT,BUY,99.26,28
4281,ORD004281,LIMIT,SELL,99.7,76
4282,ORD004282,LIMIT,SELL,100.68,91
4283,ORD004283,LIMIT,SELL,99.61,7
4284,ORD004284,LIMIT,SELL,100.7,98
4285,ORD004285,MARKET,BUY,,49
4286,ORD004286,LIMIT,BUY,99.45,23
4287,ORD004287,MARKET,SELL,,40
4288,ORD004288,LIMIT,BUY,98.35,93
4289,ORD004289,MARKET,BUY,,23
4290,ORD004290,LIMIT,SELL,101.06,30
4291,ORD004291,MARKET,BUY,,12
4292,ORD004292,LIMIT,SELL,101.14,94
4293,ORD004293,MARKET,BUY,,47
4294,ORD004294,LIMIT,BUY,99.68,95
4295,ORD004295,MARKET,BUY,,82
4296,ORD004296,MARKET,BUY,,92
4297,ORD004297,LIMIT,BUY,98.33,57
4298,ORD004298,LIMIT,BUY,98.26,48
4299,ORD004299,LIMIT,BUY,99.9,65
4300,ORD004300,LIMIT,SELL,100.52,51
4301,ORD004301,MARKET,BUY,,77
4302,ORD004302,MARKET,SELL,,46
4303,ORD004303,LIMIT,BUY,98.56,99
4304,ORD004304,LIMIT,BUY,100.48,12
4305,ORD004305,MARKET,BUY,,49
4306,ORD004306,LIMIT,BUY,98.4,96
4307,ORD004307,MARKET,BUY,,4
4308,ORD004308,MARKET,SELL,,50
4309,ORD004309,LIMIT,BUY,100.0,26
4310,ORD004310,MARKET,SELL,,65
4311,ORD004311,LIMIT,SELL,100.42,54
4312,ORD004312,MARKET,SELL,,97
4313,ORD004313,MARKET,BUY,,90
4314,ORD004314,MARKET,BUY,,66
4315,ORD004315,MARKET,SELL,,39
4316,ORD004316,MARKET,SELL,,5
4317,ORD004317,MARKET,SELL,,26
4318,ORD004318,LIMIT,BUY,99.42,45
4319,ORD003378,CANCEL,,,
4320,ORD004320,MARKET,BUY,,17
4321,ORD004321,MARKET,SELL,,16
4322,ORD004322,MARKET,BUY,,53
4323,ORD004323,LIMIT,SELL,100.89,42
4324,ORD004324,MARKET,BUY,,66
4325,ORD004325,LIMIT,BUY,99.23,77
4326,ORD004326,LIMIT,BUY,100.33,19
4327,ORD004327,LIMIT,SELL,101.28,85
4328,ORD004328,MARKET,SELL,,26
4329,ORD004329,LIMIT,BUY,99.8,37
4330,ORD004330,LIMIT,BUY,99.67,47
4331,ORD004331,MARKET,BUY,,26
4332,ORD004332,LIMIT,BUY,98.6,11
4333,ORD004333,LIMIT,SELL,100.82,52
4334,ORD003729,CANCEL,,,
4335,ORD004335,LIMIT,SELL,100.48,89
4336,ORD004336,MARKET,SELL,,59
4337,ORD004337,LIMIT,SELL,101.86,82
4338,ORD004338,MARKET,BUY,,31
4339,ORD004339,LIMIT,SELL,100.18,50
4340,ORD004340,LIMIT,SELL,99.66,27
4341,ORD004341,MARKET,BUY,,44
4342,ORD004342,LIMIT,BUY,100.27,74
4343,ORD004343,LIMIT,SELL,101.54,24
4344,ORD004344,MARKET,BUY,,48
4345,ORD004345,MARKET,SELL,,58
4346,ORD004346,MARKET,BUY,,36
4347,ORD004347,LIMIT,SELL,100.97,16
4348,ORD004348,MARKET,SELL,,37
4349,ORD004349,LIMIT,SELL,100.96,32
4350,ORD004350,LIMIT,BUY,100.04,39
4351,ORD004351,MARKET,SELL,,8
4352,ORD004352,MARKET,SELL,,99
4353,ORD004353,LIMIT,BUY,99.7,3
4354,ORD003375,CANCEL,,,
4355,ORD004355,MARKET,BUY,,68
4356,ORD004356,MARKET,BUY,,16
4357,ORD004357,MARKET,SELL,,72
4358,ORD004358,MARKET,BUY,,85
4359,ORD004359,MARKET,BUY,,65
4360,ORD004360,MARKET,SELL,,88
4361,ORD004361,MARKET,SELL,,64
4362,ORD004362,LIMIT,BUY,100.33,87
4363,ORD002822,CANCEL,,,
4364,ORD004364,LIMIT,SELL,101.55,29
4365,ORD004365,MARKET,SELL,,74
4366,ORD004366,MARKET,SELL,,25
4367,ORD004367,MARKET,BUY,,8
4368,ORD004368,LIMIT,BUY,99.57,46
4369,ORD004369,LIMIT,SELL,99.66,48
4370,ORD004370,MARKET,BUY,,20
4371,ORD004371,LIMIT,BUY,98.16,24
4372,ORD004372,MARKET,BUY,,4
4373,ORD004373,LIMIT,BUY,99.73,16
4374,ORD004374,LIMIT,BUY,99.32,81
4375,ORD004375,LIMIT,SELL,101.77,26
4376,ORD004376,LIMIT,SELL,100.38,20
4377,ORD004377,MARKET,SELL,,93
4378,ORD003371,CANCEL,,,
4379,ORD004379,LIMIT,SELL,100.36,93
4380,ORD004380,LIMIT,SELL,101.65,88
4381,ORD004381,MARKET,BUY,,20
4382,ORD004382,MARKET,SELL,,79
4383,ORD004383,MARKET,BUY,,47
4384,ORD004384,LIMIT,BUY,98.56,30
4385,ORD004385,LIMIT,BUY,100.43,61
4386,ORD004386,LIMIT,BUY,99.15,66
4387,ORD004387,LIMIT,SELL,99.8,65
4388,ORD004388,MARKET,BUY,,13
4389,ORD000761,CANCEL,,,
4390,ORD004390,MARKET,BUY,,71
4391,ORD004391,LIMIT,BUY,100.41,64
4392,ORD004392,LIMIT,SELL,101.41,69
4393,ORD004393,MARKET,SELL,,42
4394,ORD004394,MARKET,SELL,,27
4395,ORD004395,LIMIT,BUY,100.46,19
4396,ORD004396,LIMIT,BUY,99.89,38
4397,ORD004397,MARKET,BUY,,86
4398,ORD004398,LIMIT,BUY,99.66,88
4399,ORD004399,MARKET,BUY,,46
4400,ORD004400,MARKET,SELL,,80
4401,ORD004401,MARKET,SELL,,84
4402,ORD002110,CANCEL,,,
4403,ORD004403,LIMIT,SELL,100.11,83
4404,ORD004404,MARKET,BUY,,88
4405,ORD004405,MARKET,SELL,,31
4406,ORD003518,CANCEL,,,
4407,ORD004407,LIMIT,SELL,101.13,42
4408,ORD004408,MARKET,BUY,,50
4409,ORD004409,LIMIT,BUY,98.72,52
4410,ORD004410,LIMIT,SELL,100.47,41
4411,ORD004411,MARKET,SELL,,41
4412,ORD004412,LIMIT,BUY,100.34,85
4413,ORD004413,MARKET,BUY,,93
4414,ORD004414,LIMIT,BUY,100.3,44
4415,ORD004415,MARKET,SELL,,86
4416,ORD004416,LIMIT,SELL,100.03,42
4417,ORD004417,MARKET,SELL,,24
4418,ORD004418,LIMIT,BUY,98.05,22
4419,ORD004419,LIMIT,BUY,98.18,84
4420,ORD004420,LIMIT,BUY,98.22,40
4421,ORD004421,LIMIT,BUY,99.88,56
4422,ORD004422,MARKET,SELL,,73
4423,ORD004423,MARKET,SELL,,67
4424,ORD004424,MARKET,BUY,,63
4425,ORD004425,MARKET,BUY,,78
4426,ORD004426,MARKET,BUY,,84
4427,ORD004427,MARKET,BUY,,44
4428,ORD004428,LIMIT,SELL,100.55,31
4429,ORD004429,LIMIT,BUY,99.71,90
4430,ORD004430,MARKET,BUY,,12
4431,ORD004431,MARKET,SELL,,25
4432,ORD002752,CANCEL,,,
4433,ORD004433,MARKET,SELL,,16
4434,ORD004434,MARKET,BUY,,9
4435,ORD004435,LIMIT,BUY,99.22,49
4436,ORD004436,LIMIT,SELL,100.64,37
4437,ORD004437,MARKET,BUY,,54
4438,ORD004438,MARKET,SELL,,40
4439,ORD004439,MARKET,SELL,,39
4440,ORD004440,LIMIT,SELL,101.71,12
4441,ORD004441,MARKET,BUY,,45
4442,ORD004442,MARKET,BUY,,43
4443,ORD002219,CANCEL,,,
4444,ORD004444,LIMIT,SELL,100.68,5
4445,ORD004445,LIMIT,SELL,100.91,79
4446,ORD004446,MARKET,SELL,,15
4447,ORD004447,MARKET,SELL,,90
4448,ORD004448,MARKET,SELL,,89
4449,ORD004449,LIMIT,SELL,99.95,45
4450,ORD004450,MARKET,BUY,,87
4451,ORD004451,MARKET,SELL,,11
4452,ORD004452,LIMIT,SELL,101.05,72
4453,ORD004453,LIMIT,SELL,100.37,37
4454,ORD004454,MARKET,SELL,,43
4455,ORD004455,LIMIT,SELL,100.27,33
4456,ORD004456,LIMIT,SELL,100.49,78
4457,ORD004457,LIMIT,BUY,100.36,34
4458,ORD004458,MARKET,SELL,,74
4459,ORD004459,MARKET,SELL,,68
4460,ORD004460,MARKET,BUY,,7
4461,ORD004461,MARKET,SELL,,93
4462,ORD004462,LIMIT,BUY,99.67,69
4463,ORD004463,MARKET,SELL,,21
4464,ORD004464,LIMIT,BUY,99.9,58
4465,ORD004465,MARKET,BUY,,62
4466,ORD004466,MARKET,SELL,,67
4467,ORD004467,LIMIT,SELL,101.46,48
4468,ORD004468,LIMIT,BUY,98.31,32
4469,ORD001682,CANCEL,,,
4470,ORD004470,LIMIT,SELL,100.45,9
4471,ORD004471,LIMIT,BUY,100.06,19
4472,ORD004472,MARKET,SELL,,100
4473,ORD004473,MARKET,SELL,,51
4474,ORD004474,MARKET,SELL,,75
4475,ORD004475,LIMIT,SELL,100.89,56
4476,ORD004476,LIMIT,BUY,99.52,9
4477,ORD004477,LIMIT,SELL,99.97,90
4478,ORD004478,MARKET,SELL,,10
4479,ORD004479,MARKET,SELL,,27
4480,ORD004480,MARKET,BUY,,53
4481,ORD004481,MARKET,BUY,,32
4482,ORD004482,MARKET,SELL,,34
4483,ORD004483,MARKET,BUY,,30
4484,ORD004484,LIMIT,SELL,101.23,85
4485,ORD004485,MARKET,BUY,,84
4486,ORD004486,LIMIT,BUY,98.7,97
4487,ORD004487,MARKET,BUY,,84
4488,ORD004488,MARKET,SELL,,37
4489,ORD004489,MARKET,SELL,,5
4490,ORD004490,MARKET,SELL,,30
4491,ORD004491,LIMIT,SELL,99.91,72
4492,ORD004492,MARKET,SELL,,44
4493,ORD004493,LIMIT,SELL,101.38,98
4494,ORD004494,MARKET,BUY,,20
4495,ORD004495,MARKET,BUY,,3
4496,ORD004496,LIMIT,SELL,99.77,27
4497,ORD004497,MARKET,BUY,,26
4498,ORD004498,MARKET,SELL,,94
4499,ORD004499,LIMIT,SELL,100.41,2
4500,ORD004500,MARKET,SELL,,62
4501,ORD004501,LIMIT,SELL,100.29,96
4502,ORD004502,LIMIT,SELL,100.03,11
4503,ORD004503,LIMIT,BUY,99.84,72
4504,ORD004504,MARKET,SELL,,4
4505,ORD004505,MARKET,BUY,,70
4506,ORD004506,LIMIT,BUY,100.0,95
4507,ORD004507,MARKET,BUY,,92
4508,ORD004508,LIMIT,BUY,98.33,7
4509,ORD004509,MARKET,BUY,,93
4510,ORD004510,LIMIT,SELL,100.87,94
4511,ORD004511,LIMIT,BUY,99.19,82
4512,ORD004512,LIMIT,SELL,100.53,80
4513,ORD004513,LIMIT,BUY,98.13,47
4514,ORD004514,LIMIT,BUY,100.3,20
4515,ORD004515,LIMIT,SELL,100.35,9
4516,ORD004516,LIMIT,SELL,101.51,75
4517,ORD004517,MARKET,SELL,,98
4518,ORD004518,LIMIT,SELL,101.31,19
4519,ORD004519,MARKET,SELL,,25
4520,ORD004520,LIMIT,BUY,98.25,11
4521,ORD004521,MARKET,BUY,,59
4522,ORD004522,MARKET,BUY,,45
4523,ORD004523,LIMIT,SELL,101.36,7
4524,ORD004524,MARKET,BUY,,7
4525,ORD004525,MARKET,SELL,,5
4526,ORD004526,LIMIT,BUY,98.88,76
4527,ORD004527,LIMIT,SELL,99.95,41
4528,ORD004528,MARKET,BUY,,23
4529,ORD004529,LIMIT,SELL,101.37,32
4530,ORD004530,MARKET,SELL,,3
4531,ORD004531,MARKET,SELL,,15
4532,ORD004532,LIMIT,SELL,101.21,34
4533,ORD004533,LIMIT,SELL,99.98,25
4534,ORD004534,LIMIT,BUY,100.04,26
4535,ORD004535,MARKET,SELL,,3
4536,ORD004536,LIMIT,SELL,100.95,43
4537,ORD002541,CANCEL,,,
4538,ORD000995,CANCEL,,,
4539,ORD002050,CANCEL,,,
4540,ORD004540,LIMIT,SELL,101.21,10
4541,ORD004541,MARKET,SELL,,88
4542,ORD004542,LIMIT,SELL,101.76,51
4543,ORD004543,MARKET,BUY,,77
4544,ORD004544,MARKET,SELL,,24
4545,ORD004545,MARKET,SELL,,22
4546,ORD004546,LIMIT,SELL,99.54,11
4547,ORD004547,LIMIT,SELL,99.85,78
4548,ORD004548,LIMIT,SELL,101.82,20
4549,ORD004549,MARKET,BUY,,99
4550,ORD004550,MARKET,BUY,,41
4551,ORD004551,MARKET,SELL,,32
4552,ORD004552,LIMIT,BUY,98.43,80
4553,ORD004553,MARKET,BUY,,49
4554,ORD004554,LIMIT,SELL,99.57,86
4555,ORD004555,MARKET,BUY,,93
4556,ORD004556,MARKET,BUY,,74
4557,ORD004557,LIMIT,BUY,98.39,83
4558,ORD004558,MARKET,BUY,,23
4559,ORD004559,LIMIT,SELL,100.78,15
4560,ORD004560,LIMIT,BUY,99.36,69
4561,ORD004561,MARKET,SELL,,2
4562,ORD004562,LIMIT,BUY,98.66,69
4563,ORD004563,LIMIT,SELL,101.38,87
4564,ORD004108,CANCEL,,,
4565,ORD004565,MARKET,SELL,,68
4566,ORD004566,LIMIT,SELL,101.44,50
4567,ORD004567,LIMIT,SELL,100.5,40
4568,ORD004568,LIMIT,BUY,99.81,28
4569,ORD004569,MARKET,BUY,,19
4570,ORD004570,LIMIT,SELL,99.95,25
4571,ORD004571,LIMIT,SELL,99.61,21
4572,ORD004572,LIMIT,BUY,98.28,94
4573,ORD004573,MARKET,BUY,,79
4574,ORD004574,LIMIT,SELL,100.99,79
4575,ORD004575,LIMIT,BUY,99.28,26
4576,ORD004576,MARKET,BUY,,56
4577,ORD004577,LIMIT,BUY,99.86,91
4578,ORD000020,CANCEL,,,
4579,ORD004579,LIMIT,BUY,99.35,25
4580,ORD004580,LIMIT,BUY,98.01,81
4581,ORD004186,CANCEL,,,
4582,ORD004582,LIMIT,BUY,100.25,71
4583,ORD004583,LIMIT,SELL,99.9,54
4584,ORD004584,LIMIT,BUY,99.41,79
4585,ORD004585,MARKET,SELL,,90
4586,ORD004586,LIMIT,SELL,101.83,30
4587,ORD004587,LIMIT,BUY,99.25,50
4588,ORD004588,MARKET,BUY,,62
4589,ORD004589,LIMIT,BUY,99.59,81
4590,ORD004590,MARKET,SELL,,59
4591,ORD004591,LIMIT,SELL,101.91,14
4592,ORD000460,CANCEL,,,
4593,ORD004593,MARKET,BUY,,29
4594,ORD004594,MARKET,BUY,,70
4595,ORD004595,MARKET,BUY,,24
4596,ORD004596,LIMIT,BUY,98.81,98
4597,ORD004597,MARKET,BUY,,62
4598,ORD004598,LIMIT,BUY,99.06,81
4599,ORD004599,MARKET,BUY,,69
4600,ORD004600,MARKET,SELL,,10
4601,ORD004601,LIMIT,SELL,101.89,15
4602,ORD004602,MARKET,BUY,,76
4603,ORD004603,LIMIT,BUY,98.75,85
4604,ORD004604,LIMIT,BUY,100.05,20
4605,ORD004605,MARKET,SELL,,52
4606,ORD004606,LIMIT,BUY,98.88,13
4607,ORD004607,MARKET,SELL,,79
4608,ORD004608,MARKET,BUY,,29
4609,ORD004609,LIMIT,SELL,99.52,57
4610,ORD004610,LIMIT,BUY,99.52,57
4611,ORD004611,MARKET,SELL,,80
4612,ORD004612,MARKET,SELL,,57
4613,ORD004613,MARKET,SELL,,72
4614,ORD004041,CANCEL,,,
4615,ORD004615,LIMIT,SELL,100.75,72
4616,ORD004616,MARKET,SELL,,10
4617,ORD004617,LIMIT,BUY,100.0,39
4618,ORD004618,MARKET,SELL,,59
4619,ORD004619,MARKET,SELL,,94
4620,ORD004620,LIMIT,BUY,98.73,75
4621,ORD004621,MARKET,SELL,,2
4622,ORD004622,LIMIT,BUY,99.29,51
4623,ORD004623,LIMIT,SELL,99.8,5
4624,ORD004624,LIMIT,BUY,98.1,52
4625,ORD004625,MARKET,BUY,,70
4626,ORD004626,MARKET,SELL,,14
4627,ORD004627,LIMIT,BUY,99.35,72
4628,ORD004628,MARKET,BUY,,40
4629,ORD004629,LIMIT,BUY,99.84,34
4630,ORD004630,LIMIT,BUY,99.04,31
4631,ORD002451,CANCEL,,,
4632,ORD004632,MARKET,BUY,,28
4633,ORD001901,CANCEL,,,
4634,ORD004634,MARKET,SELL,,100
4635,ORD004635,MARKET,BUY,,46
4636,ORD004636,LIMIT,BUY,99.92,25
4637,ORD004637,MARKET,SELL,,73
4638,ORD004638,LIMIT,SELL,101.78,84
4639,ORD004639,MARKET,SELL,,83
4640,ORD004640,MARKET,BUY,,97
4641,ORD004641,LIMIT,SELL,99.81,30
4642,ORD004642,MARKET,SELL,,33
4643,ORD004643,MARKET,BUY,,36
4644,ORD004644,LIMIT,SELL,101.82,48
4645,ORD004645,MARKET,BUY,,100
4646,ORD004646,LIMIT,SELL,101.03,56
4647,ORD004647,MARKET,BUY,,55
4648,ORD004648,LIMIT,BUY,98.45,78
4649,ORD001354,CANCEL,,,
4650,ORD004650,MARKET,SELL,,4
4651,ORD004651,MARKET,SELL,,50
4652,ORD004652,LIMIT,SELL,100.31,77
4653,ORD004653,MARKET,SELL,,13
4654,ORD004654,LIMIT,BUY,98.78,63
4655,ORD004655,MARKET,BUY,,94
4656,ORD004656,MARKET,BUY,,77
4657,ORD004657,MARKET,BUY,,85
4658,ORD004658,LIMIT,BUY,98.17,92
4659,ORD004659,LIMIT,BUY,99.6,82
4660,ORD004660,MARKET,SELL,,99
4661,ORD004661,LIMIT,BUY,99.39,92
4662,ORD004662,MARKET,SELL,,75
4663,ORD004663,LIMIT,BUY,98.87,92
4664,ORD004664,MARKET,BUY,,65
4665,ORD004665,LIMIT,SELL,100.62,8
4666,ORD004666,LIMIT,BUY,99.59,47
4667,ORD004667,MARKET,BUY,,59
4668,ORD004668,MARKET,SELL,,47
4669,ORD004669,LIMIT,SELL,100.24,68
4670,ORD004670,MARKET,SELL,,60
4671,ORD004671,LIMIT,SELL,101.95,59
4672,ORD004672,LIMIT,SELL,101.01,5
4673,ORD004673,LIMIT,SELL,99.58,25
4674,ORD004674,MARKET,BUY,,9
4675,ORD004675,LIMIT,BUY,99.3,77
4676,ORD004676,LIMIT,SELL,100.78,65
4677,ORD004677,LIMIT,BUY,99.39,46
4678,ORD004678,LIMIT,SELL,99.99,37
4679,ORD004679,MARKET,SELL,,88
4680,ORD004680,MARKET,BUY,,89
4681,ORD004681,LIMIT,SELL,100.03,42
4682,ORD004682,LIMIT,SELL,101.46,7
4683,ORD004683,MARKET,BUY,,88
4684,ORD004684,MARKET,SELL,,49
4685,ORD004685,MARKET,SELL,,49
4686,ORD004686,LIMIT,SELL,99.66,40
4687,ORD004687,MARKET,SELL,,78
4688,ORD004688,LIMIT,SELL,100.58,44
4689,ORD004689,LIMIT,BUY,98.28,69
4690,ORD004690,MARKET,SELL,,74
4691,ORD004627,CANCEL,,,
4692,ORD004692,MARKET,SELL,,91
4693,ORD004693,LIMIT,SELL,100.23,37
4694,ORD004694,MARKET,SELL,,95
4695,ORD004695,LIMIT,SELL,101.85,86
4696,ORD004696,LIMIT,SELL,100.6,72
4697,ORD004697,LIMIT,SELL,101.72,43
4698,ORD004698,LIMIT,SELL,99.82,67
4699,ORD004699,MARKET,BUY,,10
4700,ORD004700,LIMIT,SELL,101.02,85
4701,ORD004701,LIMIT,BUY,98.75,70
4702,ORD004702,LIMIT,SELL,100.66,43
4703,ORD004703,LIMIT,SELL,100.16,43
4704,ORD004704,LIMIT,SELL,100.02,64
4705,ORD004705,LIMIT,BUY,98.98,67
4706,ORD004706,LIMIT,BUY,99.6,27
4707,ORD004707,LIMIT,SELL,101.62,15
4708,ORD004708,LIMIT,BUY,100.46,69
4709,ORD004709,LIMIT,SELL,101.72,3
4710,ORD004710,LIMIT,BUY,99.11,74
4711,ORD001742,CANCEL,,,
4712,ORD004712,LIMIT,SELL,100.96,29
4713,ORD004713,MARKET,SELL,,85
4714,ORD004714,LIMIT,BUY,99.16,96
4715,ORD004304,CANCEL,,,
4716,ORD004716,MARKET,BUY,,51
4717,ORD003877,CANCEL,,,
4718,ORD004718,LIMIT,BUY,98.2,32
4719,ORD004719,LIMIT,BUY,100.46,40
4720,ORD004720,MARKET,SELL,,32
4721,ORD004721,LIMIT,BUY,99.73,42
4722,ORD004722,LIMIT,BUY,99.79,6
4723,ORD004723,LIMIT,BUY,98.75,92
4724,ORD004724,MARKET,SELL,,44
4725,ORD004725,MARKET,SELL,,97
4726,ORD004726,MARKET,SELL,,89
4727,ORD004727,LIMIT,SELL,100.02,31
4728,ORD004728,LIMIT,BUY,99.57,70
4729,ORD004729,MARKET,SELL,,82
4730,ORD004730,LIMIT,SELL,99.71,43
4731,ORD004731,MARKET,SELL,,63
4732,ORD004732,MARKET,SELL,,15
4733,ORD004733,MARKET,SELL,,87
4734,ORD004734,LIMIT,BUY,100.28,61
4735,ORD004735,MARKET,SELL,,21
4736,ORD004736,LIMIT,SELL,101.13,53
4737,ORD004675,CANCEL,,,
4738,ORD004738,LIMIT,BUY,98.94,33
4739,ORD004739,MARKET,SELL,,14
4740,ORD004740,LIMIT,SELL,100.31,27
4741,ORD004741,MARKET,SELL,,34
4742,ORD002059,CANCEL,,,
4743,ORD004743,MARKET,BUY,,72
4744,ORD004744,MARKET,BUY,,28
4745,ORD000887,CANCEL,,,
4746,ORD004746,MARKET,BUY,,66
4747,ORD004747,LIMIT,SELL,101.19,59
4748,ORD004748,LIMIT,BUY,99.99,3
4749,ORD004749,MARKET,BUY,,52
4750,ORD004750,LIMIT,BUY,98.43,69
4751,ORD004751,LIMIT,SELL,100.77,98
4752,ORD004752,LIMIT,SELL,100.38,91
4753,ORD004753,LIMIT,SELL,101.73,18
4754,ORD004754,MARKET,BUY,,26
4755,ORD002353,CANCEL,,,
4756,ORD004756,LIMIT,BUY,99.89,35
4757,ORD004757,MARKET,BUY,,27
4758,ORD004758,LIMIT,BUY,98.51,61
4759,ORD004759,LIMIT,SELL,100.06,30
4760,ORD004760,LIMIT,SELL,100.62,33
4761,ORD004761,LIMIT,BUY,99.56,15
4762,ORD004762,MARKET,SELL,,82
4763,ORD004763,MARKET,BUY,,17
4764,ORD004764,MARKET,SELL,,22
4765,ORD004765,MARKET,SELL,,22
4766,ORD004766,LIMIT,BUY,99.53,93
4767,ORD004767,MARKET,SELL,,1
4768,ORD004768,MARKET,SELL,,8
4769,ORD004769,LIMIT,SELL,101.6,35
4770,ORD004770,MARKET,BUY,,48
4771,ORD004771,LIMIT,BUY,99.61,8
4772,ORD004772,MARKET,SELL,,82
4773,ORD004773,LIMIT,BUY,99.36,60
4774,ORD003820,CANCEL,,,
4775,ORD004775,MARKET,SELL,,50
4776,ORD004776,MARKET,SELL,,23
4777,ORD004777,LIMIT,SELL,101.48,24
4778,ORD004778,LIMIT,SELL,101.23,87
4779,ORD004779,MARKET,SELL,,69
4780,ORD004780,MARKET,BUY,,40
4781,ORD004781,MARKET,SELL,,49
4782,ORD004782,MARKET,SELL,,70
4783,ORD004783,MARKET,BUY,,20
4784,ORD004784,LIMIT,BUY,99.95,31
4785,ORD004785,LIMIT,SELL,99.68,47
4786,ORD004786,MARKET,BUY,,60
4787,ORD004787,MARKET,SELL,,13
4788,ORD004788,MARKET,BUY,,73
4789,ORD004789,LIMIT,BUY,98.54,60
4790,ORD004790,LIMIT,BUY,98.43,12
4791,ORD004791,LIMIT,SELL,101.36,61
4792,ORD004792,MARKET,SELL,,24
4793,ORD004793,MARKET,SELL,,91
4794,ORD004794,LIMIT,SELL,102.0,15
4795,ORD004795,MARKET,BUY,,1
4796,ORD004796,MARKET,SELL,,7
4797,ORD004797,LIMIT,BUY,99.9,38
4798,ORD004798,MARKET,BUY,,19
4799,ORD004799,MARKET,SELL,,44
4800,ORD004800,LIMIT,SELL,99.85,94
4801,ORD004801,LIMIT,BUY,98.76,58
4802,ORD004802,LIMIT,SELL,100.44,3
4803,ORD004803,MARKET,BUY,,81
4804,ORD004804,MARKET,BUY,,17
4805,ORD004805,LIMIT,BUY,99.51,39
4806,ORD004806,LIMIT,BUY,99.69,35
4807,ORD004807,LIMIT,SELL,100.38,49
4808,ORD000639,CANCEL,,,
4809,ORD004809,MARKET,BUY,,69
4810,ORD004810,MARKET,BUY,,56
4811,ORD004811,LIMIT,SELL,101.26,94
4812,ORD004812,MARKET,SELL,,72
4813,ORD004813,MARKET,SELL,,60
4814,ORD004814,LIMIT,BUY,99.25,35
4815,ORD004815,MARKET,SELL,,96
4816,ORD004816,LIMIT,BUY,98.27,5
4817,ORD004817,MARKET,BUY,,39
4818,ORD002230,CANCEL,,,
4819,ORD004819,MARKET,BUY,,94
4820,ORD004820,LIMIT,BUY,100.45,36
4821,ORD004821,MARKET,SELL,,6
4822,ORD004822,MARKET,BUY,,68
4823,ORD004823,MARKET,SELL,,19
4824,ORD004824,MARKET,BUY,,22
4825,ORD004825,LIMIT,SELL,101.36,2
4826,ORD004826,MARKET,SELL,,27
4827,ORD004827,MARKET,BUY,,3
4828,ORD004828,MARKET,SELL,,38
4829,ORD004829,MARKET,SELL,,76
4830,ORD004830,MARKET,BUY,,67
4831,ORD004831,MARKET,BUY,,16
4832,ORD004832,MARKET,BUY,,12
4833,ORD004833,LIMIT,BUY,98.35,64
4834,ORD004834,LIMIT,SELL,100.95,69
4835,ORD004835,LIMIT,SELL,101.04,50
4836,ORD004145,CANCEL,,,
4837,ORD004837,LIMIT,SELL,101.61,11
4838,ORD004838,MARKET,SELL,,34
4839,ORD004839,MARKET,BUY,,77
4840,ORD004840,LIMIT,SELL,100.12,16
4841,ORD004841,LIMIT,BUY,98.21,13
4842,ORD004842,MARKET,BUY,,85
4843,ORD004843,LIMIT,SELL,100.32,19
4844,ORD004844,MARKET,SELL,,3
4845,ORD004845,LIMIT,SELL,101.16,9
4846,ORD004846,LIMIT,SELL,100.19,53
4847,ORD001777,CANCEL,,,
4848,ORD004848,MARKET,SELL,,91
4849,ORD004849,MARKET,SELL,,19
4850,ORD004850,MARKET,BUY,,18
4851,ORD004851,LIMIT,BUY,99.77,70
4852,ORD004852,LIMIT,BUY,99.63,66
4853,ORD004853,LIMIT,SELL,99.87,51
4854,ORD004854,LIMIT,SELL,99.68,34
4855,ORD004855,MARKET,BUY,,46
4856,ORD004856,MARKET,BUY,,21
4857,ORD004857,MARKET,BUY,,59
4858,ORD001664,CANCEL,,,
4859,ORD004859,LIMIT,BUY,99.4,18
4860,ORD004860,MARKET,SELL,,15
4861,ORD004861,LIMIT,BUY,99.97,42
4862,ORD004862,MARKET,BUY,,51
4863,ORD004863,MARKET,BUY,,78
4864,ORD004864,MARKET,BUY,,53
4865,ORD000535,CANCEL,,,
4866,ORD004866,LIMIT,BUY,99.15,4
4867,ORD004867,MARKET,BUY,,17
4868,ORD004868,MARKET,SELL,,12
4869,ORD004869,LIMIT,SELL,101.29,2
4870,ORD004870,MARKET,SELL,,42
4871,ORD004871,MARKET,SELL,,93
4872,ORD004518,CANCEL,,,
4873,ORD004873,LIMIT,BUY,100.45,54
4874,ORD004874,MARKET,SELL,,4
4875,ORD004875,MARKET,BUY,,1
4876,ORD004876,LIMIT,BUY,98.77,20
4877,ORD004877,LIMIT,SELL,100.55,63
4878,ORD004878,MARKET,BUY,,41
4879,ORD004879,LIMIT,BUY,99.67,24
4880,ORD004880,LIMIT,BUY,100.12,91
4881,ORD004881,LIMIT,SELL,101.46,20
4882,ORD004882,LIMIT,SELL,101.89,80
4883,ORD004883,LIMIT,SELL,100.6,35
4884,ORD004884,MARKET,SELL,,11
4885,ORD004885,LIMIT,BUY,98.9,5
4886,ORD004886,LIMIT,BUY,98.76,73
4887,ORD004887,LIMIT,SELL,99.81,41
4888,ORD004888,MARKET,BUY,,40
4889,ORD004889,LIMIT,SELL,101.87,20
4890,ORD004890,LIMIT,SELL,101.01,97
4891,ORD004891,MARKET,SELL,,23
4892,ORD002220,CANCEL,,,
4893,ORD004893,LIMIT,SELL,101.11,12
4894,ORD004894,LIMIT,BUY,99.53,100
4895,ORD004895,LIMIT,BUY,99.16,1
4896,ORD004896,MARKET,SELL,,29
4897,ORD004897,LIMIT,SELL,101.66,23
4898,ORD004898,LIMIT,SELL,100.55,3
4899,ORD004899,MARKET,SELL,,100
4900,ORD004386,CANCEL,,,
4901,ORD004901,LIMIT,BUY,98.45,21
4902,ORD004902,MARKET,SELL,,85
4903,ORD004903,LIMIT,BUY,98.47,4
4904,ORD004904,MARKET,SELL,,79
4905,ORD004905,MARKET,SELL,,31
4906,ORD004906,LIMIT,BUY,99.6,65
4907,ORD004907,MARKET,BUY,,8
4908,ORD004908,MARKET,BUY,,58
4909,ORD004909,MARKET,BUY,,36
4910,ORD000066,CANCEL,,,
4911,ORD004911,LIMIT,SELL,100.1,97
4912,ORD004912,LIMIT,BUY,99.17,84
4913,ORD004913,LIMIT,BUY,98.26,81
4914,ORD004914,LIMIT,BUY,100.35,88
4915,ORD004915,LIMIT,BUY,98.65,75
4916,ORD004916,LIMIT,SELL,100.32,47
4917,ORD004917,MARKET,BUY,,57
4918,ORD004918,LIMIT,SELL,101.27,3
4919,ORD004919,LIMIT,BUY,99.69,57
4920,ORD004920,MARKET,BUY,,100
4921,ORD004921,LIMIT,BUY,99.17,54
4922,ORD004922,LIMIT,BUY,99.28,100
4923,ORD004923,MARKET,BUY,,26
4924,ORD004924,MARKET,SELL,,63
4925,ORD004925,MARKET,BUY,,30
4926,ORD004542,CANCEL,,,
4927,ORD004927,LIMIT,BUY,98.02,37
4928,ORD004928,LIMIT,SELL,100.66,65
4929,ORD001022,CANCEL,,,
4930,ORD004930,MARKET,SELL,,99
4931,ORD004931,LIMIT,SELL,99.91,16
4932,ORD004932,LIMIT,BUY,98.96,86
4933,ORD004933,LIMIT,SELL,100.15,86
4934,ORD004934,LIMIT,SELL,101.21,46
4935,ORD004935,MARKET,BUY,,47
4936,ORD004936,MARKET,BUY,,8
4937,ORD004937,LIMIT,SELL,101.56,50
4938,ORD004938,LIMIT,SELL,100.04,47
4939,ORD004834,CANCEL,,,
4940,ORD004940,LIMIT,SELL,99.89,28
4941,ORD004941,LIMIT,BUY,100.16,74
4942,ORD004942,LIMIT,SELL,100.05,2
4943,ORD004943,LIMIT,BUY,99.5,10
4944,ORD004944,LIMIT,SELL,99.62,13
4945,ORD004945,MARKET,BUY,,93
4946,ORD004946,LIMIT,SELL,100.51,32
4947,ORD004947,MARKET,SELL,,71
4948,ORD004948,MARKET,BUY,,16
4949,ORD004949,LIMIT,SELL,100.55,99
4950,ORD004950,LIMIT,SELL,101.52,55
4951,ORD004951,MARKET,BUY,,32
4952,ORD004952,LIMIT,SELL,101.79,15
4953,ORD004953,LIMIT,BUY,100.27,43
4954,ORD004954,MARKET,BUY,,48
4955,ORD004955,LIMIT,SELL,100.35,34
4956,ORD004956,LIMIT,BUY,100.03,60
4957,ORD004957,MARKET,SELL,,38
4958,ORD004958,LIMIT,SELL,101.61,48
4959,ORD004959,LIMIT,SELL,100.67,5
4960,ORD004960,MARKET,SELL,,59
4961,ORD004961,MARKET,SELL,,50
4962,ORD004962,LIMIT,SELL,101.1,30
4963,ORD004963,MARKET,BUY,,63
4964,ORD004964,LIMIT,BUY,99.94,57
4965,ORD004965,LIMIT,BUY,99.26,42
4966,ORD004966,MARKET,BUY,,21
4967,ORD004967,MARKET,SELL,,97
4968,ORD004968,LIMIT,SELL,101.73,24
4969,ORD004969,LIMIT,SELL,100.62,55
4970,ORD004970,MARKET,BUY,,49
4971,ORD004971,MARKET,BUY,,9
4972,ORD004972,LIMIT,BUY,98.52,71
4973,ORD004973,MARKET,SELL,,89
4974,ORD004974,MARKET,BUY,,68
4975,ORD004975,LIMIT,SELL,100.52,86
4976,ORD004976,LIMIT,SELL,101.84,51
4977,ORD004977,MARKET,BUY,,89
4978,ORD004978,LIMIT,SELL,100.15,45
4979,ORD004979,MARKET,BUY,,74
4980,ORD004980,LIMIT,BUY,98.82,58
4981,ORD004981,LIMIT,SELL,100.29,88
4982,ORD004982,MARKET,SELL,,8
4983,ORD004983,MARKET,SELL,,44
4984,ORD004984,MARKET,BUY,,10
4985,ORD004985,MARKET,BUY,,68
4986,ORD004986,MARKET,BUY,,52
4987,ORD004987,MARKET,BUY,,27
4988,ORD004988,MARKET,BUY,,83
4989,ORD004989,MARKET,BUY,,10
4990,ORD004990,LIMIT,SELL,100.73,78
4991,ORD004991,MARKET,SELL,,22
4992,ORD004992,MARKET,SELL,,70
4993,ORD004993,MARKET,SELL,,71
4994,ORD004994,MARKET,BUY,,23
4995,ORD004995,LIMIT,SELL,99.52,75
4996,ORD004996,MARKET,BUY,,24
4997,ORD004997,MARKET,BUY,,35
4998,ORD004998,MARKET,SELL,,10
4999,ORD004999,LIMIT,BUY,99.13,98
5000,ORD001273,CANCEL,,,
5001,ORD005001,MARKET,BUY,,25
5002,ORD005002,LIMIT,BUY,99.71,5
5003,ORD005003,MARKET,BUY,,53
5004,ORD005004,MARKET,BUY,,36
5005,ORD005005,LIMIT,BUY,100.16,57
5006,ORD005006,LIMIT,SELL,100.58,31
5007,ORD005007,LIMIT,BUY,100.39,5
5008,ORD005008,MARKET,SELL,,21
5009,ORD005009,MARKET,SELL,,78
5010,ORD005010,MARKET,BUY,,90
5011,ORD005011,MARKET,SELL,,12
5012,ORD005012,LIMIT,BUY,98.56,84
5013,ORD004975,CANCEL,,,
5014,ORD005014,MARKET,SELL,,56
5015,ORD005015,MARKET,SELL,,43
5016,ORD005016,LIMIT,SELL,100.88,39
5017,ORD005017,LIMIT,BUY,98.66,96
5018,ORD005018,MARKET,SELL,,93
5019,ORD004457,CANCEL,,,
5020,ORD005020,LIMIT,SELL,100.55,64
5021,ORD005021,LIMIT,SELL,99.55,6
5022,ORD005022,LIMIT,BUY,100.11,22
5023,ORD005023,MARKET,BUY,,10
5024,ORD005024,LIMIT,SELL,100.1,5
5025,ORD005025,LIMIT,BUY,98.43,21
5026,ORD005026,MARKET,BUY,,23
5027,ORD001015,CANCEL,,,
5028,ORD005028,MARKET,BUY,,48
5029,ORD005029,MARKET,SELL,,8
5030,ORD005030,LIMIT,BUY,98.71,92
5031,ORD005031,MARKET,BUY,,52
5032,ORD005032,LIMIT,SELL,100.02,25
5033,ORD005033,MARKET,BUY,,21
5034,ORD005034,MARKET,BUY,,21
5035,ORD005035,MARKET,BUY,,69
5036,ORD003048,CANCEL,,,
5037,ORD005037,MARKET,BUY,,35
5038,ORD005038,MARKET,BUY,,75
5039,ORD005039,LIMIT,SELL,100.48,79
5040,ORD005040,LIMIT,BUY,98.29,32
5041,ORD005041,MARKET,SELL,,62
5042,ORD005042,MARKET,SELL,,9
5043,ORD005043,MARKET,SELL,,100
5044,ORD005044,LIMIT,BUY,100.25,44
5045,ORD005045,LIMIT,BUY,98.45,58
5046,ORD005046,MARKET,BUY,,48
5047,ORD005047,MARKET,SELL,,55
5048,ORD005048,MARKET,SELL,,20
5049,ORD005049,MARKET,SELL,,14
5050,ORD005050,LIMIT,BUY,100.23,55
5051,ORD005051,MARKET,BUY,,74
5052,ORD005052,MARKET,SELL,,18
5053,ORD005053,MARKET,BUY,,14
5054,ORD005054,LIMIT,BUY,98.89,41
5055,ORD005055,LIMIT,BUY,98.35,75
5056,ORD005056,MARKET,SELL,,7
5057,ORD005057,MARKET,SELL,,76
5058,ORD005058,MARKET,BUY,,78
5059,ORD005059,LIMIT,SELL,100.13,17
5060,ORD005060,LIMIT,BUY,98.59,33
5061,ORD005061,LIMIT,SELL,100.85,15
5062,ORD005062,MARKET,BUY,,70
5063,ORD005063,MARKET,BUY,,82
5064,ORD005064,LIMIT,BUY,100.2,97
5065,ORD005065,MARKET,SELL,,46
5066,ORD005066,MARKET,BUY,,60
5067,ORD005067,LIMIT,SELL,100.19,67
5068,ORD005068,LIMIT,SELL,100.83,95
5069,ORD005069,LIMIT,SELL,101.28,62
5070,ORD005070,MARKET,BUY,,66
5071,ORD005071,MARKET,SELL,,75
5072,ORD005072,MARKET,SELL,,28
5073,ORD005073,LIMIT,SELL,99.7,75
5074,ORD005074,MARKET,BUY,,45
5075,ORD000645,CANCEL,,,
5076,ORD005076,LIMIT,SELL,101.16,82
5077,ORD005077,MARKET,SELL,,71
5078,ORD005078,LIMIT,SELL,101.12,12
5079,ORD005079,LIMIT,BUY,98.61,36
5080,ORD005080,LIMIT,BUY,99.97,78
5081,ORD005081,MARKET,SELL,,89
5082,ORD005082,MARKET,BUY,,1
5083,ORD005083,LIMIT,SELL,99.63,75
5084,ORD005084,MARKET,BUY,,62
5085,ORD005085,MARKET,BUY,,30
5086,ORD005086,LIMIT,BUY,98.21,29
5087,ORD005087,LIMIT,BUY,98.44,21
5088,ORD005088,MARKET,SELL,,76
5089,ORD005089,LIMIT,BUY,99.05,3
5090,ORD005090,MARKET,BUY,,85
5091,ORD002237,CANCEL,,,
5092,ORD005092,LIMIT,BUY,99.87,8
5093,ORD005093,LIMIT,SELL,100.48,28
5094,ORD005094,MARKET,SELL,,74
5095,ORD005095,MARKET,SELL,,35
5096,ORD005096,LIMIT,SELL,101.15,29
5097,ORD005097,LIMIT,BUY,100.22,53
5098,ORD005098,MARKET,SELL,,12
5099,ORD005099,MARKET,SELL,,26
5100,ORD005100,MARKET,SELL,,37
5101,ORD005101,MARKET,BUY,,60
5102,ORD005102,LIMIT,SELL,100.69,54
5103,ORD005103,MARKET,BUY,,89
5104,ORD005104,LIMIT,SELL,99.95,6
5105,ORD005105,LIMIT,SELL,100.68,44
5106,ORD005106,MARKET,SELL,,12
5107,ORD005107,LIMIT,SELL,100.91,23
5108,ORD005108,MARKET,BUY,,22
5109,ORD005109,MARKET,BUY,,35
5110,ORD005110,LIMIT,BUY,98.42,35
5111,ORD005111,LIMIT,SELL,100.75,50
5112,ORD005112,LIMIT,SELL,101.99,22
5113,ORD005113,LIMIT,SELL,100.42,29
5114,ORD005114,MARKET,BUY,,73
5115,ORD003684,CANCEL,,,
5116,ORD005116,LIMIT,BUY,99.83,35
5117,ORD005117,LIMIT,BUY,98.01,44
5118,ORD005118,LIMIT,SELL,100.28,95
5119,ORD005119,MARKET,BUY,,93
5120,ORD005120,LIMIT,SELL,101.01,5
5121,ORD005121,MARKET,BUY,,10
5122,ORD005122,MARKET,SELL,,63
5123,ORD005123,LIMIT,SELL,100.23,59
5124,ORD005124,MARKET,SELL,,59
5125,ORD005125,MARKET,SELL,,97
5126,ORD005126,LIMIT,SELL,100.14,54
5127,ORD005127,LIMIT,BUY,98.97,30
5128,ORD005128,MARKET,BUY,,39
5129,ORD005129,LIMIT,BUY,100.04,96
5130,ORD005130,LIMIT,BUY,98.37,61
5131,ORD005131,LIMIT,BUY,98.27,100
5132,ORD005132,MARKET,SELL,,59
5133,ORD005133,MARKET,SELL,,31
5134,ORD005134,MARKET,SELL,,5
5135,ORD005135,MARKET,BUY,,55
5136,ORD005136,MARKET,BUY,,51
5137,ORD005137,LIMIT,SELL,99.56,52
5138,ORD005138,LIMIT,BUY,98.34,95
5139,ORD005139,LIMIT,SELL,100.69,74
5140,ORD005140,LIMIT,BUY,99.93,58
5141,ORD005141,MARKET,SELL,,65
5142,ORD005142,MARKET,BUY,,97
5143,ORD005143,MARKET,SELL,,88
5144,ORD005144,LIMIT,SELL,99.56,41
5145,ORD005145,LIMIT,SELL,101.61,82
5146,ORD005146,MARKET,BUY,,16
5147,ORD005147,MARKET,BUY,,72
5148,ORD005148,LIMIT,BUY,99.0,93
5149,ORD005149,MARKET,SELL,,24
5150,ORD005150,MARKET,BUY,,21
5151,ORD005151,MARKET,BUY,,75
5152,ORD005152,LIMIT,BUY,99.42,69
5153,ORD005153,MARKET,SELL,,20
5154,ORD005154,LIMIT,SELL,101.42,99
5155,ORD005155,MARKET,SELL,,95
5156,ORD005156,LIMIT,BUY,100.06,40
5157,ORD005157,MARKET,BUY,,38
5158,ORD005158,LIMIT,BUY,99.48,88
5159,ORD005159,LIMIT,BUY,98.22,99
5160,ORD005160,MARKET,SELL,,82
5161,ORD005161,MARKET,BUY,,46
5162,ORD005162,MARKET,SELL,,49
5163,ORD005163,LIMIT,BUY,100.05,57
5164,ORD005164,MARKET,SELL,,78
5165,ORD005165,MARKET,SELL,,66
5166,ORD005166,LIMIT,SELL,100.11,7
5167,ORD005167,MARKET,BUY,,69
5168,ORD005168,LIMIT,SELL,101.82,50
5169,ORD005169,LIMIT,SELL,101.19,44
5170,ORD005170,MARKET,BUY,,84
5171,ORD005171,LIMIT,BUY,99.64,12
5172,ORD005172,LIMIT,BUY,99.94,15
5173,ORD005173,MARKET,BUY,,39
5174,ORD000596,CANCEL,,,
5175,ORD005175,LIMIT,BUY,100.25,9
5176,ORD005176,MARKET,SELL,,22
5177,ORD005177,LIMIT,SELL,101.13,99
5178,ORD005178,LIMIT,SELL,100.32,4
5179,ORD005179,MARKET,BUY,,67
5180,ORD005180,LIMIT,SELL,99.96,83
5181,ORD005181,MARKET,SELL,,54
5182,ORD005182,LIMIT,SELL,101.21,93
5183,ORD005183,LIMIT,SELL,99.93,61
5184,ORD005184,MARKET,BUY,,5
5185,ORD005185,MARKET,BUY,,16
5186,ORD005186,LIMIT,BUY,99.05,87
5187,ORD005187,MARKET,SELL,,28
5188,ORD005188,LIMIT,SELL,99.96,33
5189,ORD005189,LIMIT,SELL,99.7,2
5190,ORD005190,LIMIT,SELL,101.83,19
5191,ORD005191,MARKET,SELL,,77
5192,ORD001082,CANCEL,,,
5193,ORD005193,LIMIT,BUY,99.15,32
5194,ORD002896,CANCEL,,,
5195,ORD005195,LIMIT,SELL,101.82,8
5196,ORD005196,LIMIT,SELL,100.62,17
5197,ORD005197,MARKET,SELL,,41
5198,ORD005198,MARKET,SELL,,46
5199,ORD005199,MARKET,SELL,,97
5200,ORD005200,LIMIT,SELL,101.45,36
5201,ORD005201,LIMIT,BUY,100.07,35
5202,ORD005202,MARKET,BUY,,92
5203,ORD005203,MARKET,SELL,,48
5204,ORD005204,MARKET,SELL,,26
5205,ORD005205,MARKET,BUY,,49
5206,ORD005206,LIMIT,SELL,101.06,68
5207,ORD005207,MARKET,BUY,,75
5208,ORD005208,LIMIT,SELL,101.64,86
5209,ORD005209,LIMIT,BUY,100.38,24
5210,ORD005210,MARKET,SELL,,53
5211,ORD005211,MARKET,BUY,,54
5212,ORD005212,LIMIT,SELL,100.92,53
5213,ORD005213,MARKET,SELL,,76
5214,ORD005214,LIMIT,BUY,99.84,94
5215,ORD005215,MARKET,BUY,,71
5216,ORD005216,LIMIT,SELL,100.66,64
5217,ORD005217,MARKET,BUY,,100
5218,ORD005218,MARKET,SELL,,33
5219,ORD005219,LIMIT,BUY,100.17,33
5220,ORD005220,MARKET,BUY,,26
5221,ORD005221,LIMIT,BUY,99.5,20
5222,ORD005222,MARKET,SELL,,1
5223,ORD005223,MARKET,SELL,,84
5224,ORD005224,LIMIT,SELL,99.87,79
5225,ORD005225,LIMIT,BUY,98.76,84
5226,ORD005226,LIMIT,BUY,99.83,73
5227,ORD005227,MARKET,SELL,,27
5228,ORD005228,MARKET,SELL,,82
5229,ORD005229,MARKET,SELL,,76
5230,ORD005230,LIMIT,SELL,101.58,50
5231,ORD005231,MARKET,BUY,,2
5232,ORD005232,MARKET,BUY,,24
5233,ORD005233,MARKET,BUY,,63
5234,ORD005234,LIMIT,SELL,101.5,80
5235,ORD005235,MARKET,SELL,,73
5236,ORD005236,LIMIT,BUY,100.14,52
5237,ORD005237,MARKET,BUY,,85
5238,ORD005238,MARKET,BUY,,53
5239,ORD005239,LIMIT,SELL,101.95,20
5240,ORD005240,LIMIT,SELL,99.52,32
5241,ORD005241,MARKET,SELL,,16
5242,ORD005242,MARKET,SELL,,10
5243,ORD005243,LIMIT,SELL,100.29,52
5244,ORD005244,MARKET,BUY,,64
5245,ORD005245,MARKET,BUY,,45
5246,ORD005246,MARKET,SELL,,74
5247,ORD005247,LIMIT,BUY,98.37,43
5248,ORD005248,LIMIT,BUY,99.29,25
5249,ORD005249,MARKET,BUY,,94
5250,ORD005250,LIMIT,SELL,100.28,58
5251,ORD005251,LIMIT,BUY,99.23,4
5252,ORD005252,LIMIT,SELL,101.44,41
5253,ORD005253,LIMIT,BUY,99.18,42
5254,ORD005254,LIMIT,BUY,99.57,89
5255,ORD005255,MARKET,SELL,,89
5256,ORD005256,LIMIT,BUY,99.48,11
5257,ORD005257,MARKET,SELL,,33
5258,ORD000924,CANCEL,,,
5259,ORD005259,LIMIT,SELL,100.36,70
5260,ORD005260,MARKET,BUY,,58
5261,ORD005261,LIMIT,SELL,100.12,86
5262,ORD005262,MARKET,SELL,,63
5263,ORD005263,MARKET,BUY,,2
5264,ORD005264,LIMIT,BUY,98.8,40
5265,ORD005265,LIMIT,SELL,101.99,32
5266,ORD005266,MARKET,BUY,,70
5267,ORD002357,CANCEL,,,
5268,ORD005268,LIMIT,SELL,101.42,95
5269,ORD005269,LIMIT,BUY,100.29,70
5270,ORD005270,LIMIT,SELL,101.23,3
5271,ORD005271,MARKET,BUY,,42
5272,ORD005272,MARKET,SELL,,49
5273,ORD005273,LIMIT,SELL,100.02,27
5274,ORD005274,LIMIT,SELL,99.83,8
5275,ORD005275,MARKET,SELL,,3
5276,ORD005276,LIMIT,BUY,100.1,63
5277,ORD004959,CANCEL,,,
5278,ORD005278,LIMIT,BUY,98.1,87
5279,ORD005279,LIMIT,BUY,99.81,89
5280,ORD005280,LIMIT,SELL,99.7,26
5281,ORD005281,LIMIT,BUY,98.95,13
5282,ORD005282,LIMIT,SELL,100.9,44
5283,ORD005283,MARKET,SELL,,85
5284,ORD005284,MARKET,SELL,,59
5285,ORD005285,MARKET,BUY,,41
5286,ORD005286,LIMIT,SELL,100.69,35
5287,ORD005287,MARKET,SELL,,93
5288,ORD005288,LIMIT,BUY,99.7,87
5289,ORD005289,MARKET,BUY,,97
5290,ORD005290,LIMIT,SELL,101.56,74
5291,ORD005291,LIMIT,BUY,99.05,63
5292,ORD005292,MARKET,SELL,,53
5293,ORD005293,LIMIT,SELL,100.94,1
5294,ORD005294,MARKET,BUY,,50
5295,ORD005295,MARKET,SELL,,48
5296,ORD005296,MARKET,SELL,,50
5297,ORD005297,MARKET,BUY,,7
5298,ORD005298,MARKET,BUY,,31
5299,ORD005299,MARKET,BUY,,17
5300,ORD005300,LIMIT,BUY,99.07,2
5301,ORD005301,MARKET,BUY,,28
5302,ORD005302,LIMIT,BUY,98.15,95
5303,ORD005303,MARKET,BUY,,18
5304,ORD002868,CANCEL,,,
5305,ORD005305,LIMIT,BUY,99.15,48
5306,ORD005306,MARKET,SELL,,15
5307,ORD005307,LIMIT,BUY,98.1,80
5308,ORD005308,MARKET,SELL,,60
5309,ORD005309,LIMIT,SELL,101.15,33
5310,ORD005310,MARKET,BUY,,37
5311,ORD005311,LIMIT,SELL,101.81,29
5312,ORD005312,LIMIT,BUY,99.58,16
5313,ORD005313,MARKET,SELL,,45
5314,ORD005314,LIMIT,SELL,101.61,98
5315,ORD005315,MARKET,SELL,,22
5316,ORD005316,MARKET,SELL,,64
5317,ORD005317,MARKET,BUY,,53
5318,ORD005318,LIMIT,BUY,99.02,54
5319,ORD005319,LIMIT,SELL,99.58,2
5320,ORD005320,LIMIT,BUY,100.25,52
5321,ORD002207,CANCEL,,,
5322,ORD005322,MARKET,BUY,,47
5323,ORD003958,CANCEL,,,
5324,ORD005324,MARKET,BUY,,30
5325,ORD005325,MARKET,BUY,,13
5326,ORD005326,MARKET,BUY,,57
5327,ORD005327,MARKET,SELL,,33
5328,ORD005328,MARKET,BUY,,42
5329,ORD005329,MARKET,SELL,,49
5330,ORD005330,MARKET,SELL,,88
5331,ORD005331,LIMIT,SELL,100.3,59
5332,ORD005332,LIMIT,BUY,100.33,82
5333,ORD005333,MARKET,SELL,,96
5334,ORD005334,LIMIT,SELL,100.57,50
5335,ORD005335,MARKET,BUY,,42
5336,ORD005336,MARKET,SELL,,86
5337,ORD005337,LIMIT,SELL,99.52,88
5338,ORD005338,LIMIT,BUY,100.48,89
5339,ORD005339,LIMIT,SELL,99.72,34
5340,ORD005340,LIMIT,BUY,98.25,24
5341,ORD005341,MARKET,SELL,,31
5342,ORD005342,LIMIT,BUY,99.51,62
5343,ORD005343,MARKET,BUY,,52
5344,ORD005344,MARKET,BUY,,72
5345,ORD005345,MARKET,SELL,,21
5346,ORD005346,MARKET,SELL,,76
5347,ORD005347,MARKET,SELL,,61
5348,ORD005348,MARKET,BUY,,69
5349,ORD005349,MARKET,BUY,,31
5350,ORD005350,LIMIT,BUY,98.63,1
5351,ORD005351,MARKET,BUY,,23
5352,ORD005352,MARKET,SELL,,39
5353,ORD005353,LIMIT,BUY,99.31,78
5354,ORD004969,CANCEL,,,
5355,ORD005355,LIMIT,SELL,100.32,35
5356,ORD005356,LIMIT,BUY,98.14,57
5357,ORD005357,MARKET,BUY,,29
5358,ORD005358,LIMIT,BUY,98.98,37
5359,ORD005359,LIMIT,BUY,98.46,98
5360,ORD005360,LIMIT,BUY,99.23,60
5361,ORD005361,LIMIT,BUY,99.04,93
5362,ORD005362,LIMIT,BUY,99.0,39
5363,ORD005363,LIMIT,BUY,99.11,27
5364,ORD005364,MARKET,BUY,,5
5365,ORD005365,MARKET,SELL,,65
5366,ORD005366,LIMIT,BUY,98.21,5
5367,ORD005367,LIMIT,SELL,99.83,64
5368,ORD005368,MARKET,SELL,,98
5369,ORD005369,MARKET,BUY,,54
5370,ORD005370,LIMIT,BUY,99.07,21
5371,ORD000483,CANCEL,,,
5372,ORD005372,MARKET,SELL,,66
5373,ORD005373,LIMIT,SELL,101.48,52
5374,ORD005374,LIMIT,SELL,101.32,37
5375,ORD005375,MARKET,SELL,,63
5376,ORD005376,MARKET,BUY,,28
5377,ORD005377,LIMIT,SELL,101.6,91
5378,ORD005378,MARKET,BUY,,91
5379,ORD005379,LIMIT,BUY,99.55,41
5380,ORD005380,LIMIT,BUY,99.49,85
5381,ORD005381,LIMIT,SELL,100.59,28
5382,ORD005382,LIMIT,BUY,98.64,49
5383,ORD005383,MARKET,BUY,,71
5384,ORD005384,LIMIT,BUY,100.28,43
5385,ORD005385,MARKET,SELL,,3
5386,ORD000926,CANCEL,,,
5387,ORD005387,MARKET,SELL,,90
5388,ORD005388,MARKET,BUY,,25
5389,ORD005389,LIMIT,SELL,100.25,82
5390,ORD005390,LIMIT,SELL,101.37,90
5391,ORD005391,LIMIT,BUY,98.32,58
5392,ORD005392,MARKET,SELL,,85
5393,ORD005393,MARKET,SELL,,67
5394,ORD000970,CANCEL,,,
5395,ORD005395,LIMIT,BUY,98.64,83
5396,ORD005396,MARKET,SELL,,74
5397,ORD005397,MARKET,SELL,,97
5398,ORD005398,LIMIT,SELL,101.06,73
5399,ORD005399,MARKET,SELL,,87
5400,ORD005400,LIMIT,BUY,100.15,57
5401,ORD005401,LIMIT,SELL,99.63,70
5402,ORD005402,MARKET,BUY,,50
5403,ORD005403,MARKET,BUY,,42
5404,ORD005404,LIMIT,SELL,101.21,53
5405,ORD005405,MARKET,SELL,,67
5406,ORD005406,MARKET,SELL,,98
5407,ORD005407,MARKET,SELL,,23
5408,ORD005408,MARKET,SELL,,1
5409,ORD005409,MARKET,SELL,,54
5410,ORD005410,MARKET,BUY,,8
5411,ORD005411,MARKET,SELL,,33
5412,ORD005412,MARKET,BUY,,33
5413,ORD005413,MARKET,SELL,,66
5414,ORD005414,LIMIT,SELL,99.51,26
5415,ORD005415,LIMIT,SELL,102.0,3
5416,ORD005416,LIMIT,BUY,100.05,6
5417,ORD005417,MARKET,SELL,,32
5418,ORD005418,LIMIT,BUY,98.75,35
5419,ORD005419,LIMIT,BUY,99.03,23
5420,ORD003604,CANCEL,,,
5421,ORD005421,MARKET,BUY,,78
5422,ORD005422,LIMIT,SELL,100.03,86
5423,ORD005423,LIMIT,SELL,101.56,61
5424,ORD005424,MARKET,SELL,,35
5425,ORD005425,LIMIT,BUY,98.27,47
5426,ORD005426,LIMIT,SELL,100.25,6
5427,ORD005427,LIMIT,SELL,100.44,89
5428,ORD005428,LIMIT,BUY,99.25,82
5429,ORD005429,LIMIT,SELL,101.72,75
5430,ORD005430,MARKET,BUY,,56
5431,ORD002786,CANCEL,,,
5432,ORD005432,LIMIT,BUY,100.42,46
5433,ORD005433,MARKET,BUY,,36
5434,ORD005434,MARKET,BUY,,40
5435,ORD005435,MARKET,BUY,,96
5436,ORD005436,MARKET,SELL,,69
5437,ORD005437,LIMIT,SELL,101.89,15
5438,ORD005438,LIMIT,BUY,99.06,35
5439,ORD005439,MARKET,BUY,,65
5440,ORD005440,LIMIT,BUY,98.8,83
5441,ORD005441,LIMIT,SELL,101.51,36
5442,ORD005442,MARKET,SELL,,83
5443,ORD005443,LIMIT,BUY,99.07,95
5444,ORD005444,LIMIT,SELL,101.39,22
5445,ORD005445,MARKET,SELL,,67
5446,ORD005446,MARKET,SELL,,1
5447,ORD005447,LIMIT,BUY,98.53,83
5448,ORD005448,MARKET,BUY,,68
5449,ORD005449,MARKET,BUY,,65
5450,ORD005450,LIMIT,BUY,100.06,44
5451,ORD005451,LIMIT,SELL,100.98,3
5452,ORD005452,MARKET,BUY,,59
5453,ORD005453,LIMIT,BUY,98.3,80
5454,ORD005454,LIMIT,BUY,100.21,30
5455,ORD005455,MARKET,BUY,,98
5456,ORD005456,LIMIT,SELL,101.68,92
5457,ORD005457,MARKET,SELL,,71
5458,ORD005458,LIMIT,SELL,100.95,91
5459,ORD005459,MARKET,SELL,,41
5460,ORD005460,LIMIT,BUY,100.2,70
5461,ORD005461,LIMIT,BUY,99.87,60
5462,ORD005462,LIMIT,SELL,100.3,78
5463,ORD005463,MARKET,SELL,,78
5464,ORD005464,MARKET,SELL,,71
5465,ORD005465,LIMIT,SELL,100.61,27
5466,ORD005466,LIMIT,BUY,99.71,52
5467,ORD005467,LIMIT,BUY,99.7,24
5468,ORD005468,LIMIT,BUY,98.83,12
5469,ORD005469,MARKET,BUY,,73
5470,ORD005470,LIMIT,SELL,101.46,13
5471,ORD005471,LIMIT,BUY,98.07,63
5472,ORD004240,CANCEL,,,
5473,ORD005473,LIMIT,BUY,98.12,76
5474,ORD005474,LIMIT,SELL,100.97,19
5475,ORD005475,MARKET,BUY,,91
5476,ORD005476,LIMIT,SELL,101.02,59
5477,ORD005477,LIMIT,BUY,98.11,63
5478,ORD005478,LIMIT,SELL,101.46,29
5479,ORD005479,MARKET,BUY,,89
5480,ORD005480,MARKET,SELL,,95
5481,ORD005481,LIMIT,BUY,99.65,28
5482,ORD005482,MARKET,SELL,,6
5483,ORD005483,MARKET,SELL,,5
5484,ORD005484,LIMIT,BUY,99.54,87
5485,ORD005485,LIMIT,BUY,99.78,36
5486,ORD005486,MARKET,SELL,,66
5487,ORD005487,LIMIT,BUY,98.78,40
5488,ORD005488,LIMIT,BUY,99.75,97
5489,ORD005489,LIMIT,BUY,99.98,7
5490,ORD005490,MARKET,SELL,,81
5491,ORD005491,LIMIT,BUY,99.46,57
5492,ORD005492,LIMIT,SELL,100.84,19
5493,ORD005493,LIMIT,SELL,101.07,46
5494,ORD005494,MARKET,SELL,,61
5495,ORD005495,MARKET,SELL,,98
5496,ORD005496,LIMIT,SELL,100.57,39
5497,ORD005497,MARKET,BUY,,18
5498,ORD005498,MARKET,SELL,,64
5499,ORD005499,LIMIT,BUY,98.89,64
5500,ORD005500,LIMIT,BUY,99.76,19
5501,ORD005501,MARKET,BUY,,51
5502,ORD005502,LIMIT,BUY,98.34,12
5503,ORD005503,LIMIT,SELL,101.15,83
5504,ORD005504,MARKET,BUY,,39
5505,ORD005505,MARKET,SELL,,45
5506,ORD005506,LIMIT,SELL,100.96,50
5507,ORD004845,CANCEL,,,
5508,ORD005508,MARKET,SELL,,50
5509,ORD005509,MARKET,SELL,,94
5510,ORD005510,LIMIT,SELL,101.13,81
5511,ORD005511,MARKET,BUY,,57
5512,ORD000168,CANCEL,,,
5513,ORD005513,MARKET,BUY,,86
5514,ORD005514,LIMIT,BUY,100.36,13
5515,ORD005515,LIMIT,SELL,101.17,50
5516,ORD005516,LIMIT,BUY,98.64,72
5517,ORD005517,LIMIT,SELL,100.22,95
5518,ORD005518,LIMIT,BUY,98.72,82
5519,ORD005519,LIMIT,BUY,98.07,20
5520,ORD005520,LIMIT,SELL,101.37,74
5521,ORD005521,LIMIT,SELL,99.97,72
5522,ORD005522,MARKET,SELL,,59
5523,ORD005523,LIMIT,SELL,100.53,10
5524,ORD003391,CANCEL,,,
5525,ORD005525,MARKET,BUY,,5
5526,ORD005526,MARKET,BUY,,90
5527,ORD005527,LIMIT,SELL,100.86,10
5528,ORD005528,LIMIT,BUY,100.43,71
5529,ORD005529,MARKET,SELL,,80
5530,ORD005530,MARKET,BUY,,58
5531,ORD005531,MARKET,SELL,,39
5532,ORD005532,MARKET,SELL,,38
5533,ORD001853,CANCEL,,,
5534,ORD005534,MARKET,SELL,,39
5535,ORD005535,MARKET,SELL,,40
5536,ORD005536,LIMIT,SELL,99.78,50
5537,ORD005537,MARKET,BUY,,9
5538,ORD005538,LIMIT,SELL,101.11,79
5539,ORD005539,LIMIT,SELL,99.89,24
5540,ORD005540,MARKET,SELL,,34
5541,ORD005541,LIMIT,SELL,99.57,71
5542,ORD005542,LIMIT,BUY,98.84,9
5543,ORD005543,LIMIT,BUY,99.95,35
5544,ORD005544,LIMIT,SELL,100.5,19
5545,ORD005545,LIMIT,BUY,98.75,97
5546,ORD005546,MARKET,BUY,,47
5547,ORD005547,MARKET,BUY,,62
5548,ORD005548,MARKET,BUY,,12
5549,ORD005549,LIMIT,SELL,100.67,41
5550,ORD005550,LIMIT,BUY,98.02,2
5551,ORD005551,MARKET,SELL,,64
5552,ORD005552,MARKET,SELL,,25
5553,ORD005553,LIMIT,SELL,99.65,93
5554,ORD005554,LIMIT,SELL,99.71,27
5555,ORD005555,MARKET,SELL,,9
5556,ORD005556,MARKET,SELL,,53
5557,ORD005557,LIMIT,BUY,98.04,71
5558,ORD005558,MARKET,SELL,,79
5559,ORD005559,MARKET,SELL,,17
5560,ORD005560,LIMIT,SELL,100.52,71
5561,ORD005561,MARKET,BUY,,55
5562,ORD005562,MARKET,BUY,,93
5563,ORD005563,MARKET,SELL,,96
5564,ORD005564,MARKET,SELL,,24
5565,ORD005565,LIMIT,BUY,99.08,43
5566,ORD005566,LIMIT,SELL,99.55,42
5567,ORD005567,MARKET,BUY,,95
5568,ORD005568,LIMIT,SELL,99.57,53
5569,ORD005569,MARKET,BUY,,33
5570,ORD005570,MARKET,BUY,,52
5571,ORD005571,MARKET,BUY,,95
5572,ORD005572,MARKET,BUY,,18
5573,ORD005573,LIMIT,BUY,98.58,76
5574,ORD005574,MARKET,BUY,,49
5575,ORD005575,MARKET,BUY,,85
5576,ORD005576,LIMIT,BUY,98.28,27
5577,ORD005577,MARKET,SELL,,74
5578,ORD005578,LIMIT,BUY,98.91,67
5579,ORD005579,LIMIT,BUY,98.4,94
5580,ORD005580,LIMIT,SELL,100.53,37
5581,ORD005581,MARKET,BUY,,65
5582,ORD005582,LIMIT,SELL,100.57,1
5583,ORD005583,MARKET,SELL,,35
5584,ORD005584,LIMIT,BUY,99.46,46
5585,ORD005585,LIMIT,SELL,100.68,32
5586,ORD005586,MARKET,SELL,,61
5587,ORD005587,MARKET,SELL,,100
5588,ORD005588,LIMIT,BUY,100.45,52
5589,ORD005589,LIMIT,SELL,99.67,63
5590,ORD005590,LIMIT,SELL,100.42,32
5591,ORD005591,LIMIT,BUY,99.04,39
5592,ORD005592,LIMIT,SELL,100.42,32
5593,ORD005593,MARKET,SELL,,57
5594,ORD005594,LIMIT,SELL,100.48,93
5595,ORD005595,MARKET,BUY,,72
5596,ORD005596,MARKET,SELL,,82
5597,ORD005597,LIMIT,SELL,99.89,26
5598,ORD005598,MARKET,SELL,,76
5599,ORD005599,MARKET,BUY,,11
5600,ORD005600,LIMIT,SELL,101.24,54
5601,ORD005601,MARKET,BUY,,28
5602,ORD005602,MARKET,SELL,,43
5603,ORD005603,MARKET,SELL,,74
5604,ORD001229,CANCEL,,,
5605,ORD005605,MARKET,BUY,,61
5606,ORD005606,LIMIT,BUY,99.88,98
5607,ORD005607,MARKET,BUY,,46
5608,ORD005608,MARKET,BUY,,66
5609,ORD005609,MARKET,SELL,,32
5610,ORD002362,CANCEL,,,
5611,ORD005611,MARKET,SELL,,89
5612,ORD005612,LIMIT,BUY,98.68,79
5613,ORD005613,LIMIT,SELL,101.76,3
5614,ORD005614,MARKET,BUY,,36
5615,ORD005615,MARKET,BUY,,16
5616,ORD005616,LIMIT,SELL,100.98,39
5617,ORD005617,MARKET,SELL,,42
5618,ORD005618,LIMIT,BUY,100.48,82
5619,ORD005619,MARKET,SELL,,52
5620,ORD005620,LIMIT,BUY,99.15,96
5621,ORD005621,MARKET,SELL,,51
5622,ORD005622,LIMIT,SELL,101.16,86
5623,ORD005623,LIMIT,SELL,100.46,38
5624,ORD005624,LIMIT,BUY,99.13,87
5625,ORD005612,CANCEL,,,
5626,ORD005626,MARKET,SELL,,15
5627,ORD004134,CANCEL,,,
5628,ORD005628,LIMIT,SELL,100.93,15
5629,ORD005629,LIMIT,BUY,98.68,75
5630,ORD001010,CANCEL,,,
5631,ORD005631,MARKET,BUY,,35
5632,ORD005632,LIMIT,SELL,101.14,27
5633,ORD005633,LIMIT,SELL,99.75,6
5634,ORD005634,MARKET,SELL,,8
5635,ORD005635,MARKET,SELL,,28
5636,ORD002797,CANCEL,,,
5637,ORD005637,MARKET,BUY,,2
5638,ORD005638,LIMIT,BUY,98.12,40
5639,ORD005639,LIMIT,BUY,98.1,68
5640,ORD005640,LIMIT,SELL,101.81,52
5641,ORD005641,LIMIT,BUY,98.18,80
5642,ORD005642,MARKET,BUY,,16
5643,ORD005643,MARKET,BUY,,96
5644,ORD005644,LIMIT,SELL,101.72,8
5645,ORD005645,MARKET,BUY,,8
5646,ORD005646,MARKET,BUY,,76
5647,ORD005647,MARKET,SELL,,42
5648,ORD005648,LIMIT,BUY,100.21,64
5649,ORD005649,LIMIT,BUY,98.24,88
5650,ORD005650,LIMIT,BUY,98.76,60
5651,ORD005651,MARKET,BUY,,67
5652,ORD005652,MARKET,BUY,,16
5653,ORD005653,LIMIT,SELL,100.25,18
5654,ORD005654,LIMIT,BUY,99.52,56
5655,ORD005655,MARKET,SELL,,38
5656,ORD005656,LIMIT,BUY,98.6,11
5657,ORD005169,CANCEL,,,
5658,ORD005658,LIMIT,BUY,98.95,74
5659,ORD005659,MARKET,BUY,,20
5660,ORD005660,LIMIT,SELL,99.69,31
5661,ORD005661,MARKET,SELL,,7
5662,ORD005662,LIMIT,SELL,99.96,9
5663,ORD005663,LIMIT,SELL,100.34,42
5664,ORD005664,LIMIT,SELL,101.73,1
5665,ORD005665,MARKET,SELL,,93
5666,ORD005666,LIMIT,SELL,100.99,79
5667,ORD005667,MARKET,SELL,,78
5668,ORD005668,LIMIT,BUY,98.08,14
5669,ORD005669,MARKET,SELL,,45
5670,ORD005670,MARKET,SELL,,47
5671,ORD005671,LIMIT,SELL,101.63,24
5672,ORD005672,MARKET,BUY,,50
5673,ORD005673,MARKET,SELL,,4
5674,ORD005674,MARKET,BUY,,85
5675,ORD003218,CANCEL,,,
5676,ORD005676,MARKET,SELL,,29
5677,ORD004018,CANCEL,,,
5678,ORD005678,LIMIT,SELL,100.15,90
5679,ORD005679,LIMIT,BUY,98.01,82
5680,ORD005680,MARKET,SELL,,77
5681,ORD005681,LIMIT,SELL,101.51,13
5682,ORD005682,MARKET,BUY,,53
5683,ORD005683,MARKET,BUY,,85
5684,ORD005684,MARKET,BUY,,19
5685,ORD005685,MARKET,BUY,,69
5686,ORD005686,LIMIT,SELL,100.82,46
5687,ORD005687,MARKET,SELL,,35
5688,ORD005688,MARKET,SELL,,15
5689,ORD005689,LIMIT,BUY,100.34,45
5690,ORD005690,MARKET,SELL,,100
5691,ORD005691,MARKET,BUY,,83
5692,ORD005692,LIMIT,BUY,98.02,56
5693,ORD005693,LIMIT,SELL,100.89,6
5694,ORD005694,LIMIT,SELL,99.57,70
5695,ORD000927,CANCEL,,,
5696,ORD003273,CANCEL,,,
5697,ORD005697,LIMIT,SELL,101.28,43
5698,ORD005698,LIMIT,BUY,100.18,17
5699,ORD005699,LIMIT,BUY,98.66,61
5700,ORD005700,MARKET,SELL,,81
5701,ORD005701,MARKET,BUY,,83
5702,ORD005702,MARKET,BUY,,29
5703,ORD005703,LIMIT,SELL,100.9,91
5704,ORD005704,MARKET,BUY,,75
5705,ORD005705,MARKET,BUY,,85
5706,ORD005706,MARKET,SELL,,31
5707,ORD005707,LIMIT,SELL,99.53,43
5708,ORD005708,LIMIT,SELL,101.46,76
5709,ORD005709,LIMIT,BUY,98.7,74
5710,ORD005710,LIMIT,BUY,99.51,56
5711,ORD005711,LIMIT,BUY,98.9,20
5712,ORD005712,MARKET,SELL,,9
5713,ORD005713,MARKET,SELL,,59
5714,ORD005714,LIMIT,SELL,100.43,6
5715,ORD005715,MARKET,SELL,,54
5716,ORD005716,MARKET,BUY,,72
5717,ORD005717,MARKET,BUY,,29
5718,ORD005718,MARKET,SELL,,93
5719,ORD005719,LIMIT,BUY,100.12,38
5720,ORD005720,LIMIT,SELL,100.75,24
5721,ORD005721,LIMIT,BUY,99.69,31
5722,ORD005722,MARKET,SELL,,39
5723,ORD005723,MARKET,BUY,,59
5724,ORD005724,MARKET,SELL,,43
5725,ORD005725,LIMIT,SELL,100.32,44
5726,ORD005726,LIMIT,SELL,100.96,4
5727,ORD005727,LIMIT,SELL,100.45,21
5728,ORD005728,MARKET,SELL,,31
5729,ORD005729,MARKET,BUY,,19
5730,ORD005730,LIMIT,SELL,100.23,24
5731,ORD005731,MARKET,BUY,,69
5732,ORD005732,LIMIT,BUY,98.57,36
5733,ORD001618,CANCEL,,,
5734,ORD005734,MARKET,SELL,,89
5735,ORD005735,MARKET,BUY,,13
5736,ORD005736,LIMIT,BUY,100.07,4
5737,ORD005737,MARKET,SELL,,99
5738,ORD005738,MARKET,BUY,,31
5739,ORD005739,MARKET,SELL,,27
5740,ORD005740,MARKET,BUY,,17
5741,ORD005741,LIMIT,BUY,98.3,30
5742,ORD005742,MARKET,BUY,,100
5743,ORD005743,MARKET,SELL,,20
5744,ORD001164,CANCEL,,,
5745,ORD005745,MARKET,BUY,,31
5746,ORD005746,MARKET,BUY,,29
5747,ORD005747,MARKET,SELL,,8
5748,ORD000271,CANCEL,,,
5749,ORD005749,MARKET,SELL,,49
5750,ORD005750,MARKET,SELL,,92
5751,ORD005751,MARKET,SELL,,95
5752,ORD005752,MARKET,SELL,,58
5753,ORD005753,MARKET,BUY,,37
5754,ORD005754,LIMIT,SELL,101.94,18
5755,ORD005755,LIMIT,BUY,99.63,60
5756,ORD005756,MARKET,BUY,,49
5757,ORD005757,LIMIT,SELL,100.61,95
5758,ORD005758,LIMIT,SELL,100.38,87
5759,ORD005759,LIMIT,BUY,99.68,64
5760,ORD005760,LIMIT,SELL,100.35,45
5761,ORD005761,LIMIT,SELL,101.4,9
5762,ORD005762,LIMIT,BUY,100.05,83
5763,ORD005763,MARKET,BUY,,10
5764,ORD005764,MARKET,BUY,,32
5765,ORD005765,MARKET,BUY,,81
5766,ORD005766,MARKET,SELL,,81
5767,ORD005767,MARKET,SELL,,32
5768,ORD005768,LIMIT,BUY,98.31,46
5769,ORD005769,LIMIT,BUY,98.95,82
5770,ORD005770,LIMIT,SELL,100.42,29
5771,ORD005771,MARKET,BUY,,20
5772,ORD005772,MARKET,BUY,,4
5773,ORD005773,MARKET,BUY,,44
5774,ORD005774,LIMIT,BUY,99.34,90
5775,ORD005775,LIMIT,BUY,98.18,19
5776,ORD005776,LIMIT,SELL,101.07,49
5777,ORD005777,MARKET,BUY,,62
5778,ORD005778,MARKET,SELL,,85
5779,ORD005779,MARKET,SELL,,73
5780,ORD005780,LIMIT,SELL,101.8,18
5781,ORD001202,CANCEL,,,
5782,ORD005782,LIMIT,BUY,100.01,21
5783,ORD005783,MARKET,SELL,,56
5784,ORD005784,LIMIT,BUY,98.92,19
5785,ORD005785,MARKET,SELL,,45
5786,ORD005786,MARKET,BUY,,47
5787,ORD005787,LIMIT,SELL,100.46,61
5788,ORD005788,LIMIT,SELL,100.78,76
5789,ORD005789,MARKET,BUY,,74
5790,ORD005790,LIMIT,SELL,99.55,53
5791,ORD005791,MARKET,SELL,,53
5792,ORD005792,MARKET,SELL,,69
5793,ORD005793,MARKET,BUY,,87
5794,ORD005794,LIMIT,SELL,101.38,54
5795,ORD005795,LIMIT,BUY,98.58,41
5796,ORD005796,LIMIT,SELL,100.04,88
5797,ORD005797,MARKET,BUY,,74
5798,ORD005798,LIMIT,SELL,101.14,1
5799,ORD005799,MARKET,BUY,,64
5800,ORD005800,MARKET,BUY,,45
5801,ORD005801,LIMIT,SELL,99.84,15
5802,ORD005802,LIMIT,SELL,99.63,4
5803,ORD005803,MARKET,BUY,,58
5804,ORD005804,LIMIT,BUY,98.48,83
5805,ORD005805,LIMIT,BUY,100.32,90
5806,ORD005806,MARKET,SELL,,51
5807,ORD005807,MARKET,SELL,,26
5808,ORD005808,LIMIT,BUY,100.12,67
5809,ORD005809,MARKET,BUY,,18
5810,ORD005810,MARKET,BUY,,7
5811,ORD005811,LIMIT,SELL,100.17,50
5812,ORD005812,MARKET,BUY,,97
5813,ORD005813,LIMIT,SELL,100.45,66
5814,ORD005814,MARKET,SELL,,95
5815,ORD005815,MARKET,BUY,,43
5816,ORD005816,LIMIT,SELL,100.22,56
5817,ORD005817,MARKET,BUY,,48
5818,ORD005818,LIMIT,SELL,101.58,15
5819,ORD005819,MARKET,BUY,,48
5820,ORD005820,LIMIT,BUY,100.33,48
5821,ORD000005,CANCEL,,,
5822,ORD005822,MARKET,SELL,,15
5823,ORD005823,LIMIT,BUY,98.12,68
5824,ORD005824,MARKET,BUY,,82
5825,ORD005825,MARKET,SELL,,31
5826,ORD005826,MARKET,SELL,,66
5827,ORD005827,LIMIT,BUY,98.48,82
5828,ORD005828,LIMIT,SELL,100.04,40
5829,ORD005829,LIMIT,SELL,99.99,80
5830,ORD005830,LIMIT,BUY,99.29,41
5831,ORD005831,MARKET,SELL,,58
5832,ORD005832,MARKET,BUY,,78
5833,ORD004846,CANCEL,,,
5834,ORD005834,MARKET,BUY,,78
5835,ORD005835,MARKET,BUY,,14
5836,ORD005836,MARKET,BUY,,50
5837,ORD005837,MARKET,SELL,,73
5838,ORD005838,MARKET,SELL,,75
5839,ORD005839,LIMIT,BUY,98.4,9
5840,ORD005840,LIMIT,BUY,100.16,43
5841,ORD005841,MARKET,BUY,,33
5842,ORD005842,LIMIT,BUY,99.05,57
5843,ORD005843,MARKET,SELL,,31
5844,ORD005844,MARKET,BUY,,50
5845,ORD005845,MARKET,BUY,,100
5846,ORD005846,LIMIT,SELL,99.67,43
5847,ORD005847,LIMIT,SELL,100.57,63
5848,ORD005848,MARKET,BUY,,100
5849,ORD005849,LIMIT,BUY,98.85,21
5850,ORD005850,MARKET,SELL,,97
5851,ORD005851,MARKET,BUY,,9
5852,ORD005852,MARKET,BUY,,17
5853,ORD005853,LIMIT,SELL,100.57,31
5854,ORD005582,CANCEL,,,
5855,ORD005855,LIMIT,BUY,98.02,73
5856,ORD005856,LIMIT,BUY,100.11,82
5857,ORD005857,LIMIT,BUY,99.79,22
5858,ORD005858,MARKET,SELL,,96
5859,ORD005859,MARKET,BUY,,98
5860,ORD005860,MARKET,BUY,,89
5861,ORD005861,MARKET,SELL,,100
5862,ORD005862,MARKET,BUY,,11
5863,ORD005863,LIMIT,BUY,99.79,36
5864,ORD005864,LIMIT,SELL,100.72,87
5865,ORD005865,LIMIT,SELL,100.71,89
5866,ORD005866,MARKET,SELL,,80
5867,ORD005867,LIMIT,SELL,101.19,75
5868,ORD005868,MARKET,BUY,,91
5869,ORD005869,LIMIT,SELL,100.51,59
5870,ORD005870,LIMIT,BUY,99.81,49
5871,ORD005871,MARKET,BUY,,100
5872,ORD005872,LIMIT,BUY,98.92,21
5873,ORD005873,LIMIT,SELL,101.97,49
5874,ORD005874,MARKET,SELL,,59
5875,ORD005875,MARKET,BUY,,12
5876,ORD005876,MARKET,SELL,,80
5877,ORD005877,MARKET,SELL,,89
5878,ORD005878,MARKET,BUY,,98
5879,ORD005879,LIMIT,SELL,100.97,11
5880,ORD005880,MARKET,SELL,,90
5881,ORD005881,MARKET,BUY,,20
5882,ORD005882,LIMIT,BUY,98.34,45
5883,ORD005883,LIMIT,BUY,100.11,44
5884,ORD005884,MARKET,BUY,,37
5885,ORD005885,MARKET,BUY,,12
5886,ORD005886,MARKET,BUY,,52
5887,ORD005887,LIMIT,BUY,98.96,91
5888,ORD005888,LIMIT,SELL,100.47,37
5889,ORD005889,LIMIT,BUY,98.06,27
5890,ORD005890,LIMIT,SELL,101.54,53
5891,ORD005891,LIMIT,BUY,98.35,51
5892,ORD005892,LIMIT,SELL,100.98,22
5893,ORD005893,LIMIT,SELL,100.23,6
5894,ORD005894,MARKET,BUY,,51
5895,ORD005895,MARKET,BUY,,96
5896,ORD005896,MARKET,BUY,,76
5897,ORD003688,CANCEL,,,
5898,ORD005898,MARKET,BUY,,15
5899,ORD005899,LIMIT,BUY,100.2,90
5900,ORD005900,MARKET,BUY,,54
5901,ORD005901,MARKET,BUY,,92
5902,ORD005902,LIMIT,BUY,98.22,8
5903,ORD005903,LIMIT,BUY,99.32,77
5904,ORD005904,LIMIT,BUY,99.3,94
5905,ORD003387,CANCEL,,,
5906,ORD005906,MARKET,BUY,,83
5907,ORD005907,MARKET,BUY,,36
5908,ORD005908,LIMIT,BUY,98.13,95
5909,ORD005909,LIMIT,SELL,101.08,54
5910,ORD005910,LIMIT,BUY,98.98,69
5911,ORD005911,LIMIT,BUY,100.03,18
5912,ORD005912,LIMIT,SELL,100.37,98
5913,ORD005913,LIMIT,SELL,101.95,99
5914,ORD005914,LIMIT,BUY,100.28,29
5915,ORD005915,MARKET,BUY,,45
5916,ORD005916,LIMIT,BUY,99.85,2
5917,ORD005917,MARKET,SELL,,26
5918,ORD005918,LIMIT,SELL,99.74,75
5919,ORD005919,MARKET,SELL,,55
5920,ORD005920,LIMIT,SELL,101.33,46
5921,ORD005921,MARKET,BUY,,63
5922,ORD005922,LIMIT,BUY,99.2,17
5923,ORD005923,MARKET,BUY,,31
5924,ORD005924,MARKET,SELL,,94
5925,ORD005925,MARKET,BUY,,52
5926,ORD005926,MARKET,BUY,,56
5927,ORD005927,LIMIT,BUY,99.72,58
5928,ORD005928,LIMIT,BUY,100.47,42
5929,ORD005929,MARKET,BUY,,75
5930,ORD005930,LIMIT,SELL,99.77,42
5931,ORD005931,MARKET,SELL,,20
5932,ORD005932,MARKET,SELL,,4
5933,ORD005933,LIMIT,BUY,98.92,95
5934,ORD005934,MARKET,SELL,,10
5935,ORD005935,MARKET,SELL,,57
5936,ORD005936,MARKET,SELL,,71
5937,ORD005937,LIMIT,BUY,98.35,46
5938,ORD005938,LIMIT,SELL,100.84,57
5939,ORD005939,LIMIT,BUY,98.77,55
5940,ORD003879,CANCEL,,,
5941,ORD005941,LIMIT,BUY,98.46,35
5942,ORD005942,LIMIT,BUY,99.12,63
5943,ORD005943,LIMIT,SELL,101.07,83
5944,ORD001650,CANCEL,,,
5945,ORD005945,MARKET,BUY,,94
5946,ORD005946,LIMIT,SELL,99.66,65
5947,ORD005947,MARKET,BUY,,22
5948,ORD005948,MARKET,BUY,,83
5949,ORD005949,LIMIT,BUY,98.41,25
5950,ORD005950,LIMIT,BUY,99.58,3
5951,ORD005951,MARKET,BUY,,64
5952,ORD005952,LIMIT,BUY,100.03,23
5953,ORD005953,MARKET,SELL,,90
5954,ORD005954,MARKET,SELL,,61
5955,ORD005955,LIMIT,SELL,101.24,42
5956,ORD005956,LIMIT,BUY,99.91,40
5957,ORD005957,LIMIT,SELL,101.2,64
5958,ORD005958,LIMIT,SELL,100.73,27
5959,ORD005959,MARKET,SELL,,48
5960,ORD005960,LIMIT,SELL,100.2,84
5961,ORD005961,MARKET,SELL,,66
5962,ORD005962,LIMIT,SELL,101.47,72
5963,ORD005963,LIMIT,BUY,100.32,84
5964,ORD005964,LIMIT,SELL,101.64,64
5965,ORD005965,LIMIT,SELL,100.79,31
5966,ORD005966,MARKET,SELL,,68
5967,ORD005967,MARKET,SELL,,99
5968,ORD005968,LIMIT,SELL,101.03,28
5969,ORD005969,MARKET,SELL,,94
5970,ORD005970,LIMIT,SELL,99.58,4
5971,ORD005971,MARKET,SELL,,8
5972,ORD005972,LIMIT,BUY,99.33,52
5973,ORD005973,MARKET,BUY,,26
5974,ORD005974,LIMIT,BUY,99.74,58
5975,ORD005975,LIMIT,SELL,101.61,76
5976,ORD005976,LIMIT,SELL,101.92,1
5977,ORD005977,MARKET,BUY,,18
5978,ORD005978,MARKET,SELL,,5
5979,ORD005979,MARKET,BUY,,44
5980,ORD002097,CANCEL,,,
5981,ORD005981,MARKET,BUY,,44
5982,ORD005982,MARKET,BUY,,60
5983,ORD005983,LIMIT,BUY,99.88,80
5984,ORD005984,MARKET,SELL,,93
5985,ORD005985,MARKET,BUY,,31
5986,ORD005986,MARKET,BUY,,22
5987,ORD005987,LIMIT,BUY,100.04,20
5988,ORD005988,LIMIT,SELL,101.52,45
5989,ORD005989,LIMIT,BUY,99.24,68
5990,ORD005990,MARKET,SELL,,44
5991,ORD005991,LIMIT,SELL,100.58,6
5992,ORD005992,LIMIT,BUY,98.81,11
5993,ORD005993,MARKET,SELL,,46
5994,ORD005994,LIMIT,BUY,99.75,98
5995,ORD005995,MARKET,SELL,,14
5996,ORD005996,MARKET,BUY,,33
5997,ORD005997,LIMIT,BUY,99.67,61
5998,ORD005998,LIMIT,SELL,101.41,96
5999,ORD005999,MARKET,SELL,,13
6000,ORD006000,MARKET,SELL,,33
6001,ORD006001,MARKET,SELL,,2
6002,ORD006002,MARKET,BUY,,30
6003,ORD006003,MARKET,SELL,,31
6004,ORD006004,LIMIT,SELL,100.59,64
6005,ORD006005,MARKET,SELL,,92
6006,ORD006006,LIMIT,BUY,98.31,87
6007,ORD006007,MARKET,SELL,,87
6008,ORD006008,LIMIT,BUY,98.54,30
6009,ORD006009,MARKET,BUY,,45
6010,ORD006010,LIMIT,BUY,99.63,8
6011,ORD006011,MARKET,BUY,,47
6012,ORD001692,CANCEL,,,
6013,ORD006013,MARKET,BUY,,33
6014,ORD006014,LIMIT,SELL,100.6,60
6015,ORD006015,MARKET,BUY,,43
6016,ORD006016,LIMIT,BUY,99.57,25
6017,ORD006017,LIMIT,BUY,98.62,79
6018,ORD006018,LIMIT,BUY,99.71,21
6019,ORD006019,MARKET,SELL,,87
6020,ORD006020,MARKET,SELL,,19
6021,ORD006021,LIMIT,BUY,100.34,78
6022,ORD006022,LIMIT,SELL,101.77,28
6023,ORD006023,LIMIT,BUY,98.35,79
6024,ORD006024,LIMIT,BUY,99.22,80
6025,ORD006025,LIMIT,BUY,98.62,73
6026,ORD006026,MARKET,SELL,,87
6027,ORD006027,MARKET,SELL,,4
6028,ORD006028,MARKET,SELL,,57
6029,ORD006029,LIMIT,SELL,101.35,94
6030,ORD006030,MARKET,BUY,,36
6031,ORD006031,LIMIT,BUY,98.44,17
6032,ORD006032,LIMIT,SELL,100.8,72
6033,ORD006033,LIMIT,BUY,99.86,40
6034,ORD006034,MARKET,BUY,,41
6035,ORD006035,LIMIT,SELL,99.62,84
6036,ORD006036,MARKET,SELL,,100
6037,ORD006037,MARKET,BUY,,88
6038,ORD006038,MARKET,SELL,,9
6039,ORD006039,MARKET,BUY,,55
6040,ORD006040,MARKET,BUY,,32
6041,ORD006041,MARKET,BUY,,10
6042,ORD003446,CANCEL,,,
6043,ORD006043,MARKET,BUY,,8
6044,ORD006044,MARKET,SELL,,1
6045,ORD006045,MARKET,BUY,,31
6046,ORD006046,LIMIT,BUY,98.19,97
6047,ORD006047,LIMIT,BUY,99.59,29
6048,ORD006048,MARKET,BUY,,73
6049,ORD006049,LIMIT,BUY,99.75,32
6050,ORD006050,MARKET,BUY,,66
6051,ORD006051,LIMIT,SELL,100.57,24
6052,ORD000297,CANCEL,,,
6053,ORD006053,MARKET,BUY,,92
6054,ORD006054,LIMIT,BUY,100.28,59
6055,ORD006055,MARKET,BUY,,47
6056,ORD006056,LIMIT,BUY,99.68,78
6057,ORD006057,MARKET,BUY,,1
6058,ORD006058,LIMIT,BUY,100.21,75
6059,ORD006059,LIMIT,SELL,100.26,34
6060,ORD006060,LIMIT,SELL,99.85,51
6061,ORD006061,LIMIT,SELL,101.0,59
6062,ORD006062,MARKET,BUY,,58
6063,ORD006063,LIMIT,BUY,99.69,65
6064,ORD006064,LIMIT,BUY,98.6,46
6065,ORD006065,LIMIT,BUY,99.91,49
6066,ORD006066,LIMIT,SELL,101.85,48
6067,ORD006067,MARKET,BUY,,26
6068,ORD006068,LIMIT,SELL,101.56,6
6069,ORD006069,MARKET,BUY,,84
6070,ORD006070,LIMIT,SELL,101.9,39
6071,ORD006071,LIMIT,SELL,99.94,55
6072,ORD006072,MARKET,BUY,,88
6073,ORD006073,MARKET,SELL,,13
6074,ORD006074,LIMIT,BUY,98.26,24
6075,ORD006075,MARKET,BUY,,51
6076,ORD006076,MARKET,SELL,,54
6077,ORD006077,LIMIT,BUY,98.97,49
6078,ORD006078,LIMIT,SELL,101.76,3
6079,ORD006079,MARKET,BUY,,36
6080,ORD006080,LIMIT,SELL,101.8,30
6081,ORD006081,LIMIT,BUY,98.2,45
6082,ORD006082,LIMIT,BUY,98.36,91
6083,ORD006083,LIMIT,BUY,98.42,8
6084,ORD006084,MARKET,BUY,,6
6085,ORD006085,MARKET,BUY,,88
6086,ORD006086,MARKET,BUY,,58
6087,ORD006087,MARKET,BUY,,16
6088,ORD006088,MARKET,BUY,,15
6089,ORD006089,LIMIT,SELL,101.62,62
6090,ORD006090,LIMIT,SELL,101.32,94
6091,ORD006091,LIMIT,SELL,100.69,37
6092,ORD006092,LIMIT,SELL,99.64,21
6093,ORD006093,MARKET,BUY,,16
6094,ORD006094,LIMIT,SELL,101.97,46
6095,ORD006095,LIMIT,BUY,99.34,14
6096,ORD006096,MARKET,BUY,,64
6097,ORD006097,MARKET,SELL,,32
6098,ORD006098,MARKET,SELL,,13
6099,ORD006099,LIMIT,SELL,100.42,46
6100,ORD006100,LIMIT,BUY,99.88,14
6101,ORD006101,LIMIT,SELL,100.04,72
6102,ORD006102,LIMIT,BUY,100.23,68
6103,ORD006103,MARKET,BUY,,22
6104,ORD006104,LIMIT,BUY,99.61,2
6105,ORD006105,LIMIT,SELL,100.37,88
6106,ORD006106,MARKET,BUY,,89
6107,ORD006107,LIMIT,BUY,98.61,61
6108,ORD006108,MARKET,SELL,,5
6109,ORD006109,MARKET,BUY,,78
6110,ORD006110,MARKET,BUY,,21
6111,ORD006111,MARKET,SELL,,100
6112,ORD006112,MARKET,BUY,,54
6113,ORD006113,LIMIT,BUY,100.29,71
6114,ORD006114,MARKET,BUY,,36
6115,ORD006115,LIMIT,BUY,98.39,42
6116,ORD006116,MARKET,SELL,,35
6117,ORD006117,MARKET,BUY,,9
6118,ORD006118,LIMIT,SELL,101.67,23
6119,ORD006119,LIMIT,BUY,100.48,91
6120,ORD006120,MARKET,BUY,,70
6121,ORD006121,MARKET,SELL,,13
6122,ORD006122,MARKET,SELL,,13
6123,ORD006123,LIMIT,BUY,99.51,2
6124,ORD006124,LIMIT,SELL,100.8,95
6125,ORD006125,LIMIT,BUY,99.07,85
6126,ORD006126,MARKET,SELL,,36
6127,ORD006127,LIMIT,BUY,99.87,78
6128,ORD006128,MARKET,BUY,,82
6129,ORD006129,MARKET,BUY,,98
6130,ORD006130,MARKET,SELL,,9
6131,ORD006131,MARKET,BUY,,80
6132,ORD006132,MARKET,SELL,,62
6133,ORD006133,MARKET,BUY,,29
6134,ORD006134,LIMIT,BUY,98.45,17
6135,ORD006135,LIMIT,BUY,100.36,13
6136,ORD006136,LIMIT,BUY,98.15,87
6137,ORD006137,LIMIT,BUY,99.08,40
6138,ORD006138,LIMIT,BUY,98.25,40
6139,ORD006139,MARKET,BUY,,71
6140,ORD006140,MARKET,SELL,,86
6141,ORD003099,CANCEL,,,
6142,ORD006142,MARKET,SELL,,77
6143,ORD006143,MARKET,SELL,,12
6144,ORD006144,LIMIT,SELL,101.95,54
6145,ORD006145,LIMIT,BUY,99.44,14
6146,ORD006146,MARKET,SELL,,70
6147,ORD006147,LIMIT,BUY,99.17,41
6148,ORD006148,MARKET,BUY,,42
6149,ORD006149,LIMIT,BUY,100.06,50
6150,ORD006150,MARKET,BUY,,26
6151,ORD006151,LIMIT,SELL,99.95,74
6152,ORD006152,MARKET,BUY,,23
6153,ORD006153,LIMIT,SELL,100.58,85
6154,ORD006154,LIMIT,SELL,101.44,73
6155,ORD006155,LIMIT,BUY,98.23,33
6156,ORD006156,LIMIT,BUY,99.35,97
6157,ORD006157,LIMIT,BUY,99.98,40
6158,ORD006158,MARKET,BUY,,49
6159,ORD006159,LIMIT,BUY,98.47,53
6160,ORD006160,LIMIT,SELL,100.85,30
6161,ORD006161,MARKET,SELL,,48
6162,ORD006162,MARKET,SELL,,79
6163,ORD006163,LIMIT,BUY,99.94,47
6164,ORD006164,MARKET,BUY,,94
6165,ORD006165,LIMIT,SELL,101.86,71
6166,ORD006166,MARKET,BUY,,27
6167,ORD006167,LIMIT,BUY,98.87,98
6168,ORD006168,LIMIT,SELL,101.7,62
6169,ORD006169,MARKET,BUY,,55
6170,ORD006170,MARKET,SELL,,27
6171,ORD006171,LIMIT,BUY,99.18,43
6172,ORD004814,CANCEL,,,
6173,ORD006173,MARKET,BUY,,98
6174,ORD006174,MARKET,SELL,,71
6175,ORD006175,MARKET,SELL,,36
6176,ORD006176,LIMIT,SELL,100.79,56
6177,ORD006177,MARKET,SELL,,53
6178,ORD006178,LIMIT,SELL,101.64,3
6179,ORD006179,LIMIT,SELL,99.71,34
6180,ORD006180,MARKET,BUY,,98
6181,ORD006181,LIMIT,SELL,101.88,58
6182,ORD006182,MARKET,SELL,,46
6183,ORD006183,MARKET,SELL,,44
6184,ORD006184,LIMIT,SELL,101.22,50
6185,ORD006185,MARKET,SELL,,93
6186,ORD006186,MARKET,BUY,,27
6187,ORD006187,LIMIT,SELL,101.1,56
6188,ORD006188,MARKET,SELL,,36
6189,ORD006189,LIMIT,BUY,99.95,53
6190,ORD006190,MARKET,BUY,,40
6191,ORD002956,CANCEL,,,
6192,ORD006192,MARKET,SELL,,90
6193,ORD006193,LIMIT,BUY,100.0,16
6194,ORD006194,LIMIT,BUY,98.83,88
6195,ORD006195,LIMIT,SELL,102.0,55
6196,ORD006196,LIMIT,SELL,100.25,10
6197,ORD006197,LIMIT,BUY,98.72,32
6198,ORD006198,LIMIT,SELL,101.67,86
6199,ORD006199,LIMIT,SELL,100.05,93
6200,ORD006200,LIMIT,BUY,100.13,19
6201,ORD006201,LIMIT,SELL,99.71,79
6202,ORD006202,LIMIT,BUY,99.61,65
6203,ORD006203,LIMIT,BUY,100.26,63
6204,ORD006204,LIMIT,SELL,99.62,28
6205,ORD006205,MARKET,SELL,,25
6206,ORD006206,MARKET,BUY,,88
6207,ORD006207,MARKET,SELL,,100
6208,ORD006208,MARKET,BUY,,69
6209,ORD006209,MARKET,BUY,,48
6210,ORD006210,MARKET,SELL,,92
6211,ORD006211,MARKET,BUY,,29
6212,ORD006212,MARKET,SELL,,46
6213,ORD006213,MARKET,SELL,,53
6214,ORD006214,MARKET,SELL,,51
6215,ORD006215,LIMIT,SELL,100.77,71
6216,ORD006216,LIMIT,SELL,100.16,64
6217,ORD006217,LIMIT,SELL,101.21,84
6218,ORD006218,LIMIT,SELL,101.28,18
6219,ORD006219,MARKET,BUY,,59
6220,ORD006220,LIMIT,BUY,99.96,61
6221,ORD006221,LIMIT,SELL,100.2,34
6222,ORD006222,LIMIT,BUY,99.2,60
6223,ORD006223,LIMIT,SELL,100.38,39
6224,ORD006224,LIMIT,SELL,101.42,84
6225,ORD006225,LIMIT,BUY,98.15,5
6226,ORD006226,LIMIT,BUY,98.69,5
6227,ORD006227,MARKET,SELL,,93
6228,ORD006228,LIMIT,BUY,99.81,44
6229,ORD006229,LIMIT,SELL,100.56,32
6230,ORD006230,LIMIT,BUY,100.16,17
6231,ORD006231,LIMIT,SELL,101.08,86
6232,ORD006232,MARKET,BUY,,4
6233,ORD006233,MARKET,BUY,,95
6234,ORD006234,LIMIT,SELL,101.38,47
6235,ORD006235,MARKET,BUY,,89
6236,ORD006236,LIMIT,SELL,101.98,12
6237,ORD006237,LIMIT,SELL,101.37,58
6238,ORD006238,MARKET,SELL,,10
6239,ORD006239,MARKET,SELL,,55
6240,ORD006240,LIMIT,SELL,101.17,36
6241,ORD006241,MARKET,SELL,,84
6242,ORD006242,LIMIT,SELL,99.87,79
6243,ORD004012,CANCEL,,,
6244,ORD006244,MARKET,SELL,,77
6245,ORD006245,LIMIT,BUY,99.55,36
6246,ORD006246,LIMIT,BUY,98.01,24
6247,ORD006247,MARKET,BUY,,37
6248,ORD006248,MARKET,SELL,,62
6249,ORD006249,MARKET,SELL,,20
6250,ORD006250,MARKET,BUY,,28
6251,ORD006251,MARKET,SELL,,40
6252,ORD006252,LIMIT,SELL,100.03,76
6253,ORD006253,MARKET,SELL,,95
6254,ORD006254,MARKET,BUY,,39
6255,ORD006255,MARKET,BUY,,42
6256,ORD006256,MARKET,SELL,,96
6257,ORD006257,LIMIT,BUY,98.56,65
6258,ORD006258,LIMIT,BUY,100.48,69
6259,ORD006259,MARKET,SELL,,64
6260,ORD006260,MARKET,BUY,,27
6261,ORD006261,LIMIT,BUY,98.47,19
6262,ORD006262,MARKET,SELL,,54
6263,ORD006263,MARKET,BUY,,80
6264,ORD006264,LIMIT,SELL,101.23,63
6265,ORD006265,MARKET,SELL,,80
6266,ORD006266,LIMIT,BUY,99.31,91
6267,ORD006267,LIMIT,BUY,100.43,71
6268,ORD006268,MARKET,SELL,,67
6269,ORD006269,MARKET,BUY,,45
6270,ORD006270,MARKET,BUY,,27
6271,ORD006271,LIMIT,BUY,98.78,98
6272,ORD006272,LIMIT,BUY,99.79,6
6273,ORD006273,LIMIT,BUY,98.16,34
6274,ORD006274,MARKET,BUY,,91
6275,ORD006275,MARKET,BUY,,21
6276,ORD006276,LIMIT,SELL,101.36,31
6277,ORD006277,LIMIT,BUY,99.84,14
6278,ORD006278,MARKET,SELL,,25
6279,ORD006279,MARKET,BUY,,52
6280,ORD006280,MARKET,BUY,,83
6281,ORD006281,LIMIT,BUY,100.38,42
6282,ORD006282,MARKET,BUY,,40
6283,ORD006283,MARKET,SELL,,12
6284,ORD006284,LIMIT,BUY,99.54,95
6285,ORD006285,LIMIT,SELL,100.28,59
6286,ORD006286,MARKET,SELL,,40
6287,ORD006287,MARKET,SELL,,72
6288,ORD006288,LIMIT,BUY,98.25,53
6289,ORD006289,MARKET,SELL,,8
6290,ORD006290,LIMIT,BUY,100.29,14
6291,ORD001283,CANCEL,,,
6292,ORD006292,LIMIT,SELL,100.45,79
6293,ORD006293,LIMIT,BUY,100.22,90
6294,ORD006294,MARKET,BUY,,33
6295,ORD006295,MARKET,BUY,,19
6296,ORD006296,MARKET,BUY,,11
6297,ORD006297,MARKET,SELL,,82
6298,ORD006298,LIMIT,SELL,100.92,49
6299,ORD006299,LIMIT,BUY,99.58,64
6300,ORD006300,LIMIT,BUY,98.03,73
6301,ORD006301,MARKET,SELL,,98
6302,ORD006302,MARKET,SELL,,26
6303,ORD006303,MARKET,BUY,,83
6304,ORD006304,LIMIT,SELL,101.04,95
6305,ORD006305,LIMIT,BUY,100.35,19
6306,ORD006306,MARKET,BUY,,24
6307,ORD006307,MARKET,BUY,,66
6308,ORD006308,LIMIT,BUY,98.37,81
6309,ORD006309,MARKET,SELL,,49
6310,ORD005692,CANCEL,,,
6311,ORD002083,CANCEL,,,
6312,ORD006312,LIMIT,SELL,101.62,62
6313,ORD006313,LIMIT,SELL,101.02,44
6314,ORD005949,CANCEL,,,
6315,ORD001039,CANCEL,,,
6316,ORD006316,MARKET,SELL,,89
6317,ORD006317,MARKET,BUY,,50
6318,ORD006318,MARKET,SELL,,18
6319,ORD006319,LIMIT,SELL,101.82,57
6320,ORD006320,MARKET,SELL,,90
6321,ORD006321,MARKET,BUY,,50
6322,ORD006322,MARKET,BUY,,17
6323,ORD006323,LIMIT,BUY,98.06,12
6324,ORD006324,LIMIT,BUY,98.02,36
6325,ORD006325,LIMIT,SELL,100.62,11
6326,ORD006326,MARKET,BUY,,3
6327,ORD006327,LIMIT,BUY,99.83,67
6328,ORD006328,LIMIT,SELL,100.9,92
6329,ORD006329,MARKET,SELL,,92
6330,ORD006330,MARKET,SELL,,73
6331,ORD006331,MARKET,SELL,,57
6332,ORD006332,LIMIT,BUY,100.21,95
6333,ORD006333,LIMIT,BUY,100.05,43
6334,ORD006334,LIMIT,BUY,98.98,2
6335,ORD006335,LIMIT,SELL,101.4,52
6336,ORD006336,LIMIT,SELL,100.33,89
6337,ORD006337,MARKET,BUY,,85
6338,ORD006338,LIMIT,BUY,98.4,22
6339,ORD006339,LIMIT,BUY,98.28,28
6340,ORD006340,MARKET,SELL,,56
6341,ORD006341,MARKET,SELL,,94
6342,ORD006342,MARKET,SELL,,53
6343,ORD006343,LIMIT,BUY,99.0,42
6344,ORD006344,MARKET,BUY,,35
6345,ORD006345,LIMIT,SELL,100.69,19
6346,ORD006346,LIMIT,SELL,99.7,62
6347,ORD006347,LIMIT,SELL,101.27,77
6348,ORD006348,MARKET,SELL,,91
6349,ORD006349,MARKET,SELL,,88
6350,ORD006350,LIMIT,SELL,100.46,21
6351,ORD006351,LIMIT,SELL,101.6,84
6352,ORD006352,MARKET,SELL,,43
6353,ORD006353,MARKET,SELL,,41
6354,ORD006354,LIMIT,SELL,100.59,15
6355,ORD006355,LIMIT,SELL,100.57,93
6356,ORD000628,CANCEL,,,
6357,ORD006357,MARKET,BUY,,65
6358,ORD006358,LIMIT,BUY,98.99,25
6359,ORD006359,LIMIT,BUY,98.82,61
6360,ORD006360,MARKET,BUY,,36
6361,ORD006361,LIMIT,SELL,101.48,28
6362,ORD006362,MARKET,BUY,,53
6363,ORD006363,MARKET,SELL,,89
6364,ORD001036,CANCEL,,,
6365,ORD006365,MARKET,BUY,,27
6366,ORD006366,LIMIT,SELL,99.68,43
6367,ORD006367,LIMIT,SELL,100.44,68
6368,ORD006368,MARKET,SELL,,45
6369,ORD006369,MARKET,SELL,,3
6370,ORD006370,LIMIT,BUY,98.1,56
6371,ORD006371,LIMIT,SELL,101.56,52
6372,ORD006372,MARKET,BUY,,7
6373,ORD006373,MARKET,BUY,,90
6374,ORD006374,LIMIT,SELL,99.66,77
6375,ORD006375,MARKET,SELL,,95
6376,ORD006376,LIMIT,BUY,98.91,6
6377,ORD006377,LIMIT,BUY,100.37,42
6378,ORD006378,LIMIT,BUY,100.15,87
6379,ORD006379,LIMIT,SELL,100.87,12
6380,ORD006380,MARKET,SELL,,34
6381,ORD006381,MARKET,SELL,,83
6382,ORD006382,LIMIT,SELL,99.51,72
6383,ORD006383,LIMIT,BUY,100.08,11
6384,ORD006384,LIMIT,BUY,98.16,62
6385,ORD006385,MARKET,BUY,,87
6386,ORD006386,MARKET,SELL,,40
6387,ORD006387,MARKET,BUY,,87
6388,ORD006388,LIMIT,SELL,99.94,98
6389,ORD006389,LIMIT,BUY,99.61,85
6390,ORD006390,MARKET,SELL,,56
6391,ORD006391,LIMIT,SELL,99.59,3
6392,ORD006392,LIMIT,SELL,100.16,91
6393,ORD006393,MARKET,SELL,,99
6394,ORD006394,LIMIT,SELL,99.75,53
6395,ORD006395,LIMIT,BUY,99.81,75
6396,ORD006396,MARKET,BUY,,89
6397,ORD006397,MARKET,BUY,,47
6398,ORD006398,MARKET,SELL,,7
6399,ORD006399,MARKET,BUY,,43
6400,ORD006400,MARKET,SELL,,30
6401,ORD006401,MARKET,SELL,,10
6402,ORD006402,LIMIT,SELL,100.71,23
6403,ORD006403,MARKET,SELL,,65
6404,ORD006404,MARKET,SELL,,44
6405,ORD006405,MARKET,SELL,,51
6406,ORD006406,MARKET,SELL,,80
6407,ORD006407,MARKET,BUY,,19
6408,ORD006408,MARKET,SELL,,3
6409,ORD006409,MARKET,SELL,,77
6410,ORD006410,MARKET,SELL,,65
6411,ORD006411,MARKET,SELL,,20
6412,ORD006412,LIMIT,SELL,99.79,25
6413,ORD006413,MARKET,BUY,,95
6414,ORD006414,MARKET,SELL,,39
6415,ORD001250,CANCEL,,,
6416,ORD006416,LIMIT,SELL,99.74,94
6417,ORD006417,LIMIT,SELL,101.52,89
6418,ORD006418,MARKET,SELL,,45
6419,ORD006419,LIMIT,SELL,100.8,28
6420,ORD006420,MARKET,SELL,,99
6421,ORD006421,MARKET,BUY,,25
6422,ORD006422,MARKET,SELL,,10
6423,ORD006423,LIMIT,BUY,98.1,14
6424,ORD006424,LIMIT,BUY,99.15,83
6425,ORD006425,MARKET,BUY,,56
6426,ORD006426,LIMIT,BUY,98.78,88
6427,ORD006427,MARKET,BUY,,47
6428,ORD006428,LIMIT,BUY,99.93,75
6429,ORD006429,LIMIT,SELL,100.38,26
6430,ORD006430,LIMIT,SELL,100.42,87
6431,ORD006431,MARKET,SELL,,8
6432,ORD006432,LIMIT,BUY,98.54,100
6433,ORD006433,MARKET,BUY,,45
6434,ORD006434,LIMIT,BUY,98.19,25
6435,ORD004934,CANCEL,,,
6436,ORD006436,MARKET,SELL,,82
6437,ORD006437,MARKET,BUY,,87
6438,ORD006438,MARKET,SELL,,99
6439,ORD006439,MARKET,SELL,,9
6440,ORD006440,LIMIT,SELL,99.56,91
6441,ORD006441,LIMIT,BUY,100.29,87
6442,ORD006442,LIMIT,SELL,100.59,47
6443,ORD006443,MARKET,BUY,,4
6444,ORD006444,MARKET,SELL,,86
6445,ORD006445,LIMIT,SELL,101.86,91
6446,ORD006446,MARKET,BUY,,65
6447,ORD006447,MARKET,SELL,,75
6448,ORD006448,LIMIT,BUY,100.39,22
6449,ORD006449,MARKET,BUY,,21
6450,ORD006450,LIMIT,BUY,99.46,83
6451,ORD006451,LIMIT,BUY,100.03,40
6452,ORD006452,MARKET,SELL,,34
6453,ORD006453,MARKET,SELL,,48
6454,ORD006454,MARKET,BUY,,41
6455,ORD006455,MARKET,BUY,,13
6456,ORD006456,MARKET,SELL,,49
6457,ORD006457,LIMIT,BUY,98.05,44
6458,ORD006458,LIMIT,BUY,99.62,70
6459,ORD006459,MARKET,BUY,,93
6460,ORD006460,LIMIT,SELL,100.84,36
6461,ORD006461,MARKET,BUY,,86
6462,ORD006462,LIMIT,BUY,98.65,67
6463,ORD006463,MARKET,BUY,,8
6464,ORD006464,MARKET,BUY,,22
6465,ORD006465,MARKET,SELL,,1
6466,ORD006466,LIMIT,SELL,100.67,62
6467,ORD005904,CANCEL,,,
6468,ORD004511,CANCEL,,,
6469,ORD006469,MARKET,SELL,,70
6470,ORD006470,MARKET,SELL,,95
6471,ORD006471,MARKET,BUY,,84
6472,ORD006472,LIMIT,BUY,98.46,13
6473,ORD006473,MARKET,BUY,,68
6474,ORD006474,LIMIT,SELL,101.14,14
6475,ORD006475,MARKET,BUY,,86
6476,ORD006476,LIMIT,SELL,101.49,33
6477,ORD006477,MARKET,SELL,,76
6478,ORD006478,MARKET,SELL,,92
6479,ORD006479,LIMIT,BUY,98.05,33
6480,ORD006480,LIMIT,BUY,99.8,97
6481,ORD006481,MARKET,BUY,,17
6482,ORD006482,LIMIT,BUY,99.49,88
6483,ORD006483,LIMIT,BUY,98.93,74
6484,ORD006484,LIMIT,SELL,99.86,51
6485,ORD006485,MARKET,BUY,,23
6486,ORD006486,LIMIT,SELL,99.67,32
6487,ORD006487,LIMIT,SELL,101.45,44
6488,ORD006488,LIMIT,SELL,99.85,15
6489,ORD006489,LIMIT,BUY,99.28,47
6490,ORD006490,MARKET,BUY,,78
6491,ORD006491,LIMIT,SELL,101.39,39
6492,ORD006492,MARKET,BUY,,47
6493,ORD006493,LIMIT,SELL,100.7,44
6494,ORD006494,LIMIT,SELL,101.43,91
6495,ORD006495,LIMIT,BUY,99.84,39
6496,ORD001107,CANCEL,,,
6497,ORD006497,MARKET,BUY,,74
6498,ORD006498,LIMIT,SELL,99.53,29
6499,ORD006499,MARKET,SELL,,64
6500,ORD006500,LIMIT,SELL,99.98,45
6501,ORD006501,LIMIT,SELL,101.73,39
6502,ORD006502,LIMIT,SELL,101.25,1
6503,ORD006503,MARKET,SELL,,30
6504,ORD006504,MARKET,SELL,,58
6505,ORD006505,MARKET,SELL,,72
6506,ORD006506,MARKET,SELL,,86
6507,ORD006507,MARKET,BUY,,36
6508,ORD006508,LIMIT,SELL,101.14,92
6509,ORD006509,LIMIT,SELL,101.17,30
6510,ORD006510,LIMIT,SELL,99.61,29
6511,ORD006511,LIMIT,SELL,101.31,58
6512,ORD006512,LIMIT,SELL,100.16,44
6513,ORD006513,MARKET,BUY,,36
6514,ORD006514,LIMIT,BUY,99.75,57
6515,ORD006515,LIMIT,BUY,99.35,45
6516,ORD006516,LIMIT,SELL,99.91,7
6517,ORD006517,LIMIT,SELL,101.3,39
6518,ORD006518,LIMIT,SELL,99.76,7
6519,ORD006519,MARKET,SELL,,58
6520,ORD006520,MARKET,SELL,,60
6521,ORD006521,MARKET,SELL,,50
6522,ORD006522,MARKET,BUY,,44
6523,ORD006523,LIMIT,BUY,99.45,78
6524,ORD006524,LIMIT,SELL,100.37,54
6525,ORD004623,CANCEL,,,
6526,ORD006526,LIMIT,BUY,100.38,92
6527,ORD006527,MARKET,BUY,,17
6528,ORD006528,MARKET,SELL,,99
6529,ORD006529,LIMIT,SELL,100.6,48
6530,ORD006530,LIMIT,BUY,100.23,53
6531,ORD006531,MARKET,BUY,,76
6532,ORD006532,MARKET,SELL,,11
6533,ORD006533,LIMIT,SELL,101.97,16
6534,ORD006534,MARKET,SELL,,85
6535,ORD006535,LIMIT,SELL,101.75,22
6536,ORD006536,MARKET,BUY,,88
6537,ORD006537,MARKET,BUY,,19
6538,ORD006538,MARKET,BUY,,49
6539,ORD004306,CANCEL,,,
6540,ORD006540,LIMIT,BUY,100.38,49
6541,ORD006541,LIMIT,SELL,101.2,1
6542,ORD006542,LIMIT,SELL,99.98,57
6543,ORD006543,MARKET,SELL,,18
6544,ORD006544,MARKET,BUY,,44
6545,ORD006545,MARKET,BUY,,49
6546,ORD006546,MARKET,SELL,,72
6547,ORD006547,LIMIT,SELL,100.35,14
6548,ORD006548,MARKET,BUY,,47
6549,ORD006549,LIMIT,SELL,100.82,1
6550,ORD006550,MARKET,SELL,,39
6551,ORD006551,MARKET,SELL,,4
6552,ORD006552,LIMIT,SELL,101.09,58
6553,ORD006553,LIMIT,BUY,98.11,93
6554,ORD006554,MARKET,BUY,,32
6555,ORD006555,MARKET,SELL,,12
6556,ORD006556,LIMIT,SELL,101.91,27
6557,ORD006557,LIMIT,BUY,99.18,68
6558,ORD006558,LIMIT,BUY,99.3,26
6559,ORD006559,MARKET,BUY,,21
6560,ORD006560,LIMIT,SELL,99.93,15
6561,ORD006561,MARKET,SELL,,15
6562,ORD006562,MARKET,BUY,,24
6563,ORD006563,MARKET,BUY,,3
6564,ORD006564,MARKET,BUY,,63
6565,ORD006565,MARKET,BUY,,3
6566,ORD006566,LIMIT,BUY,99.64,1
6567,ORD006567,MARKET,SELL,,47
6568,ORD006568,MARKET,BUY,,68
6569,ORD006569,LIMIT,BUY,99.74,8
6570,ORD006570,MARKET,SELL,,17
6571,ORD006571,LIMIT,SELL,99.54,13
6572,ORD006572,LIMIT,SELL,100.93,33
6573,ORD006573,MARKET,BUY,,93
6574,ORD006574,LIMIT,SELL,101.42,38
6575,ORD006575,MARKET,BUY,,74
6576,ORD006576,MARKET,SELL,,31
6577,ORD006577,MARKET,BUY,,91
6578,ORD006578,MARKET,SELL,,12
6579,ORD006579,MARKET,SELL,,77
6580,ORD006580,MARKET,BUY,,10
6581,ORD006581,LIMIT,SELL,99.75,82
6582,ORD006582,MARKET,BUY,,93
6583,ORD006583,MARKET,SELL,,62
6584,ORD006584,LIMIT,BUY,98.88,74
6585,ORD006585,LIMIT,BUY,98.39,93
6586,ORD006586,MARKET,BUY,,91
6587,ORD006587,LIMIT,SELL,101.58,74
6588,ORD006588,LIMIT,BUY,99.46,65
6589,ORD006589,MARKET,BUY,,81
6590,ORD006590,LIMIT,SELL,99.69,28
6591,ORD006591,MARKET,SELL,,77
6592,ORD006592,LIMIT,BUY,99.17,59
6593,ORD006593,LIMIT,BUY,100.41,24
6594,ORD006594,LIMIT,SELL,100.96,21
6595,ORD006595,LIMIT,SELL,100.79,70
6596,ORD006596,MARKET,BUY,,84
6597,ORD006597,LIMIT,SELL,100.09,83
6598,ORD006598,MARKET,SELL,,97
6599,ORD006599,LIMIT,BUY,98.49,44
6600,ORD006600,LIMIT,SELL,99.91,49
6601,ORD006601,MARKET,BUY,,52
6602,ORD006602,MARKET,SELL,,67
6603,ORD006603,LIMIT,BUY,99.53,74
6604,ORD002595,CANCEL,,,
6605,ORD006605,LIMIT,BUY,98.31,61
6606,ORD006606,LIMIT,SELL,101.07,93
6607,ORD003198,CANCEL,,,
6608,ORD000856,CANCEL,,,
6609,ORD006609,MARKET,SELL,,62
6610,ORD006610,LIMIT,SELL,100.51,89
6611,ORD006611,MARKET,BUY,,34
6612,ORD006612,MARKET,BUY,,77
6613,ORD006613,LIMIT,BUY,98.67,81
6614,ORD006614,LIMIT,BUY,98.37,31
6615,ORD006615,LIMIT,BUY,98.46,24
6616,ORD006616,MARKET,BUY,,43
6617,ORD006617,LIMIT,BUY,99.59,67
6618,ORD006618,MARKET,BUY,,43
6619,ORD006619,MARKET,SELL,,40
6620,ORD006620,LIMIT,BUY,100.41,83
6621,ORD006621,LIMIT,SELL,101.78,62
6622,ORD006622,LIMIT,BUY,98.62,77
6623,ORD001964,CANCEL,,,
6624,ORD006624,LIMIT,BUY,99.16,100
6625,ORD006625,MARKET,SELL,,93
6626,ORD006626,LIMIT,BUY,99.76,82
6627,ORD006627,LIMIT,SELL,100.52,83
6628,ORD006628,MARKET,BUY,,63
6629,ORD006629,MARKET,SELL,,85
6630,ORD006630,MARKET,SELL,,32
6631,ORD006631,LIMIT,SELL,101.31,96
6632,ORD006632,MARKET,SELL,,47
6633,ORD006633,LIMIT,SELL,100.06,26
6634,ORD006634,LIMIT,BUY,99.0,3
6635,ORD006635,LIMIT,BUY,99.68,24
6636,ORD006636,MARKET,SELL,,61
6637,ORD006637,MARKET,BUY,,26
6638,ORD006638,LIMIT,BUY,98.62,62
6639,ORD006639,MARKET,SELL,,87
6640,ORD006640,LIMIT,BUY,99.06,13
6641,ORD006641,MARKET,BUY,,61
6642,ORD006642,LIMIT,BUY,99.35,25
6643,ORD006643,MARKET,SELL,,31
6644,ORD006644,MARKET,BUY,,10
6645,ORD006645,MARKET,BUY,,17
6646,ORD006646,MARKET,BUY,,12
6647,ORD006647,MARKET,SELL,,64
6648,ORD006648,LIMIT,SELL,101.25,35
6649,ORD006649,LIMIT,SELL,100.48,10
6650,ORD006650,MARKET,BUY,,48
6651,ORD006651,MARKET,BUY,,66
6652,ORD006652,LIMIT,BUY,99.93,10
6653,ORD006653,LIMIT,BUY,99.83,45
6654,ORD006654,LIMIT,SELL,100.06,89
6655,ORD006655,LIMIT,SELL,101.94,79
6656,ORD006656,MARKET,SELL,,89
6657,ORD006657,MARKET,SELL,,16
6658,ORD006658,MARKET,SELL,,30
6659,ORD006659,LIMIT,BUY,99.02,3
6660,ORD006660,MARKET,SELL,,53
6661,ORD006661,LIMIT,BUY,100.18,85
6662,ORD006662,MARKET,SELL,,17
6663,ORD000010,CANCEL,,,
6664,ORD006664,MARKET,BUY,,38
6665,ORD006665,LIMIT,SELL,101.15,65
6666,ORD006666,LIMIT,SELL,100.65,10
6667,ORD006667,LIMIT,BUY,99.06,65
6668,ORD006099,CANCEL,,,
6669,ORD000570,CANCEL,,,
6670,ORD006670,LIMIT,SELL,100.54,13
6671,ORD006671,LIMIT,BUY,99.21,66
6672,ORD006672,LIMIT,BUY,98.52,36
6673,ORD006673,LIMIT,SELL,100.46,32
6674,ORD006674,MARKET,BUY,,66
6675,ORD006675,MARKET,SELL,,88
6676,ORD006676,LIMIT,SELL,99.61,45
6677,ORD006677,MARKET,SELL,,52
6678,ORD006678,MARKET,BUY,,23
6679,ORD006679,MARKET,BUY,,20
6680,ORD006680,LIMIT,BUY,99.81,71
6681,ORD006681,MARKET,SELL,,81
6682,ORD006682,MARKET,BUY,,37
6683,ORD005404,CANCEL,,,
6684,ORD006684,LIMIT,BUY,98.55,99
6685,ORD006685,LIMIT,SELL,100.8,77
6686,ORD006686,MARKET,SELL,,33
6687,ORD006687,LIMIT,SELL,100.01,60
6688,ORD006688,MARKET,SELL,,34
6689,ORD006689,MARKET,SELL,,66
6690,ORD006690,MARKET,SELL,,72
6691,ORD006691,LIMIT,SELL,99.71,39
6692,ORD006692,MARKET,BUY,,78
6693,ORD006693,MARKET,SELL,,39
6694,ORD006694,LIMIT,BUY,100.29,84
6695,ORD006695,MARKET,BUY,,5
6696,ORD006696,MARKET,SELL,,98
6697,ORD006697,LIMIT,BUY,99.76,62
6698,ORD006698,LIMIT,BUY,98.25,64
6699,ORD006699,MARKET,SELL,,21
6700,ORD006700,MARKET,BUY,,71
6701,ORD006701,MARKET,BUY,,14
6702,ORD006702,MARKET,BUY,,48
6703,ORD006703,MARKET,SELL,,4
6704,ORD006704,MARKET,SELL,,5
6705,ORD006705,LIMIT,BUY,99.47,71
6706,ORD006706,MARKET,SELL,,59
6707,ORD006707,MARKET,SELL,,49
6708,ORD006708,MARKET,BUY,,99
6709,ORD006709,LIMIT,BUY,98.15,4
6710,ORD006710,MARKET,SELL,,21
6711,ORD006711,LIMIT,BUY,99.23,92
6712,ORD006712,LIMIT,SELL,100.92,83
6713,ORD006713,MARKET,SELL,,50
6714,ORD006714,LIMIT,SELL,100.4,67
6715,ORD006715,MARKET,SELL,,44
6716,ORD006716,LIMIT,SELL,99.64,22
6717,ORD006717,MARKET,BUY,,37
6718,ORD004162,CANCEL,,,
6719,ORD006719,LIMIT,SELL,101.94,14
6720,ORD006720,LIMIT,BUY,99.3,95
6721,ORD002968,CANCEL,,,
6722,ORD006722,LIMIT,BUY,99.27,2
6723,ORD006723,MARKET,SELL,,6
6724,ORD006724,LIMIT,BUY,98.54,17
6725,ORD006725,LIMIT,SELL,100.71,79
6726,ORD005784,CANCEL,,,
6727,ORD006727,MARKET,BUY,,42
6728,ORD006728,LIMIT,SELL,101.57,37
6729,ORD006729,MARKET,BUY,,21
6730,ORD006730,LIMIT,SELL,99.87,69
6731,ORD006731,MARKET,SELL,,10
6732,ORD006732,MARKET,SELL,,10
6733,ORD006733,MARKET,BUY,,10
6734,ORD006734,LIMIT,BUY,98.08,20
6735,ORD006735,LIMIT,SELL,101.53,34
6736,ORD006736,LIMIT,BUY,99.02,50
6737,ORD006737,MARKET,SELL,,12
6738,ORD006738,LIMIT,BUY,100.04,79
6739,ORD006739,LIMIT,SELL,100.45,85
6740,ORD006740,LIMIT,BUY,99.82,53
6741,ORD006741,MARKET,BUY,,6
6742,ORD006742,MARKET,BUY,,26
6743,ORD006743,MARKET,BUY,,72
6744,ORD006744,MARKET,SELL,,44
6745,ORD006745,MARKET,BUY,,82
6746,ORD006746,MARKET,BUY,,58
6747,ORD003930,CANCEL,,,
6748,ORD006748,LIMIT,SELL,101.52,50
6749,ORD006749,LIMIT,SELL,100.76,68
6750,ORD006750,MARKET,BUY,,34
6751,ORD006751,LIMIT,SELL,100.47,41
6752,ORD006752,MARKET,BUY,,85
6753,ORD006753,LIMIT,SELL,100.64,35
6754,ORD002505,CANCEL,,,
6755,ORD006755,MARKET,SELL,,80
6756,ORD006756,MARKET,SELL,,30
6757,ORD006757,LIMIT,BUY,98.98,79
6758,ORD006758,LIMIT,BUY,99.01,39
6759,ORD006759,MARKET,SELL,,22
6760,ORD006760,MARKET,SELL,,9
6761,ORD006761,MARKET,BUY,,51
6762,ORD006762,MARKET,BUY,,69
6763,ORD006763,MARKET,SELL,,13
6764,ORD006764,MARKET,BUY,,50
6765,ORD006765,MARKET,BUY,,57
6766,ORD006766,MARKET,SELL,,39
6767,ORD006767,LIMIT,SELL,101.09,67
6768,ORD006768,LIMIT,SELL,100.67,84
6769,ORD006769,MARKET,BUY,,7
6770,ORD006770,LIMIT,SELL,99.51,10
6771,ORD006771,LIMIT,BUY,98.78,40
6772,ORD006772,LIMIT,BUY,100.34,57
6773,ORD006773,LIMIT,BUY,98.18,14
6774,ORD006774,LIMIT,SELL,101.98,36
6775,ORD006775,LIMIT,BUY,98.67,38
6776,ORD006776,MARKET,SELL,,76
6777,ORD006777,MARKET,SELL,,30
6778,ORD006778,LIMIT,SELL,101.33,90
6779,ORD006779,LIMIT,SELL,100.07,14
6780,ORD006780,LIMIT,BUY,99.82,47
6781,ORD006781,LIMIT,BUY,99.89,40
6782,ORD006782,MARKET,BUY,,52
6783,ORD006783,LIMIT,BUY,99.79,95
6784,ORD006784,MARKET,SELL,,59
6785,ORD006785,LIMIT,SELL,101.24,20
6786,ORD006786,LIMIT,SELL,99.88,26
6787,ORD006787,LIMIT,SELL,100.44,43
6788,ORD006788,LIMIT,BUY,98.38,62
6789,ORD006789,LIMIT,SELL,101.16,34
6790,ORD006790,MARKET,BUY,,26
6791,ORD006791,LIMIT,SELL,100.48,5
6792,ORD006792,MARKET,SELL,,83
6793,ORD006793,LIMIT,BUY,99.16,17
6794,ORD006794,MARKET,BUY,,44
6795,ORD006068,CANCEL,,,
6796,ORD006796,LIMIT,BUY,98.93,34
6797,ORD006797,MARKET,SELL,,76
6798,ORD006798,MARKET,SELL,,38
6799,ORD006799,MARKET,SELL,,1
6800,ORD006800,LIMIT,BUY,98.59,85
6801,ORD006801,LIMIT,BUY,100.46,51
6802,ORD006802,MARKET,BUY,,17
6803,ORD006803,MARKET,BUY,,80
6804,ORD006804,LIMIT,SELL,99.52,86
6805,ORD006805,LIMIT,BUY,99.87,11
6806,ORD006806,MARKET,SELL,,10
6807,ORD006807,MARKET,SELL,,34
6808,ORD006808,MARKET,BUY,,12
6809,ORD006809,MARKET,BUY,,95
6810,ORD006810,LIMIT,BUY,98.48,39
6811,ORD006811,LIMIT,SELL,101.06,98
6812,ORD006812,MARKET,SELL,,26
6813,ORD006813,MARKET,BUY,,34
6814,ORD006814,MARKET,BUY,,60
6815,ORD006815,LIMIT,BUY,99.03,47
6816,ORD006816,MARKET,SELL,,18
6817,ORD006817,LIMIT,BUY,99.33,18
6818,ORD006818,MARKET,BUY,,97
6819,ORD006819,LIMIT,SELL,99.8,50
6820,ORD006820,LIMIT,BUY,98.39,53
6821,ORD006821,LIMIT,BUY,99.09,31
6822,ORD006822,MARKET,BUY,,81
6823,ORD006823,MARKET,BUY,,60
6824,ORD006824,LIMIT,BUY,98.37,74
6825,ORD006825,LIMIT,BUY,100.44,18
6826,ORD006826,LIMIT,BUY,99.59,52
6827,ORD006827,MARKET,BUY,,78
6828,ORD006828,LIMIT,SELL,101.06,42
6829,ORD006829,LIMIT,BUY,98.78,79
6830,ORD006830,MARKET,SELL,,88
6831,ORD006831,LIMIT,BUY,99.87,55
6832,ORD006832,LIMIT,SELL,101.68,15
6833,ORD006833,MARKET,BUY,,55
6834,ORD006834,MARKET,BUY,,64
6835,ORD006835,MARKET,SELL,,45
6836,ORD006836,LIMIT,BUY,100.27,90
6837,ORD006837,LIMIT,SELL,101.82,7
6838,ORD006838,LIMIT,SELL,101.22,3
6839,ORD006839,LIMIT,SELL,101.88,60
6840,ORD006840,MARKET,SELL,,93
6841,ORD006841,LIMIT,SELL,100.04,25
6842,ORD006842,MARKET,SELL,,1
6843,ORD006843,MARKET,SELL,,80
6844,ORD006844,MARKET,SELL,,30
6845,ORD006845,LIMIT,BUY,98.9,63
6846,ORD006846,LIMIT,SELL,99.67,83
6847,ORD006847,LIMIT,SELL,100.17,11
6848,ORD006848,LIMIT,SELL,101.97,59
6849,ORD005506,CANCEL,,,
6850,ORD006850,MARKET,SELL,,84
6851,ORD006851,MARKET,SELL,,21
6852,ORD006852,LIMIT,SELL,99.9,27
6853,ORD000194,CANCEL,,,
6854,ORD006854,MARKET,SELL,,32
6855,ORD005355,CANCEL,,,
6856,ORD006856,LIMIT,BUY,100.49,72
6857,ORD006857,MARKET,SELL,,22
6858,ORD006858,LIMIT,BUY,99.71,67
6859,ORD006859,MARKET,BUY,,57
6860,ORD006860,LIMIT,SELL,101.41,38
6861,ORD006861,MARKET,BUY,,61
6862,ORD006862,LIMIT,BUY,100.11,71
6863,ORD006863,MARKET,SELL,,87
6864,ORD006864,MARKET,BUY,,90
6865,ORD006865,LIMIT,BUY,98.82,21
6866,ORD006866,MARKET,SELL,,12
6867,ORD006867,MARKET,BUY,,47
6868,ORD006868,LIMIT,BUY,99.55,89
6869,ORD006869,LIMIT,SELL,99.82,23
6870,ORD006870,MARKET,BUY,,54
6871,ORD004807,CANCEL,,,
6872,ORD006872,MARKET,BUY,,20
6873,ORD006873,MARKET,BUY,,25
6874,ORD006874,LIMIT,BUY,99.6,26
6875,ORD006875,LIMIT,SELL,100.94,56
6876,ORD006876,LIMIT,BUY,99.4,78
6877,ORD006877,LIMIT,SELL,100.05,55
6878,ORD006878,LIMIT,SELL,101.59,61
6879,ORD006879,MARKET,SELL,,27
6880,ORD006880,MARKET,SELL,,33
6881,ORD006881,MARKET,BUY,,56
6882,ORD006882,MARKET,SELL,,88
6883,ORD006883,LIMIT,SELL,100.33,4
6884,ORD006884,MARKET,BUY,,39
6885,ORD006885,LIMIT,SELL,99.92,1
6886,ORD006886,MARKET,SELL,,46
6887,ORD000240,CANCEL,,,
6888,ORD006888,LIMIT,SELL,101.95,54
6889,ORD006889,MARKET,BUY,,21
6890,ORD006890,MARKET,SELL,,32
6891,ORD006891,LIMIT,BUY,100.45,7
6892,ORD006892,LIMIT,BUY,99.62,82
6893,ORD006893,LIMIT,SELL,101.35,90
6894,ORD006894,MARKET,SELL,,52
6895,ORD006895,LIMIT,SELL,101.19,77
6896,ORD006896,MARKET,BUY,,43
6897,ORD006897,MARKET,SELL,,88
6898,ORD006898,MARKET,BUY,,91
6899,ORD006899,MARKET,BUY,,29
6900,ORD006900,MARKET,SELL,,76
6901,ORD002728,CANCEL,,,
6902,ORD003911,CANCEL,,,
6903,ORD006903,LIMIT,BUY,99.48,16
6904,ORD006904,MARKET,SELL,,40
6905,ORD006905,MARKET,BUY,,29
6906,ORD006906,LIMIT,SELL,101.42,85
6907,ORD006907,MARKET,BUY,,95
6908,ORD006908,MARKET,SELL,,57
6909,ORD006909,MARKET,BUY,,25
6910,ORD006910,MARKET,BUY,,40
6911,ORD006911,MARKET,SELL,,19
6912,ORD006912,MARKET,SELL,,88
6913,ORD006913,MARKET,SELL,,73
6914,ORD006914,LIMIT,SELL,100.93,5
6915,ORD006915,LIMIT,BUY,99.65,22
6916,ORD006916,MARKET,BUY,,91
6917,ORD006917,MARKET,SELL,,66
6918,ORD006918,MARKET,SELL,,96
6919,ORD006919,MARKET,BUY,,64
6920,ORD006920,LIMIT,BUY,99.87,94
6921,ORD006921,LIMIT,SELL,101.65,77
6922,ORD006922,LIMIT,BUY,100.32,90
6923,ORD006923,LIMIT,BUY,100.14,29
6924,ORD006924,LIMIT,SELL,101.7,87
6925,ORD006925,LIMIT,BUY,99.83,72
6926,ORD006926,LIMIT,SELL,99.76,99
6927,ORD006927,LIMIT,BUY,99.17,90
6928,ORD006928,LIMIT,BUY,99.18,64
6929,ORD006929,LIMIT,SELL,100.28,88
6930,ORD006930,LIMIT,SELL,100.27,15
6931,ORD006931,MARKET,BUY,,75
6932,ORD006932,LIMIT,BUY,98.34,82
6933,ORD006933,MARKET,SELL,,30
6934,ORD006934,LIMIT,SELL,101.98,14
6935,ORD006935,LIMIT,BUY,99.83,32
6936,ORD006936,LIMIT,BUY,99.29,81
6937,ORD006937,MARKET,BUY,,78
6938,ORD006938,MARKET,SELL,,41
6939,ORD006939,LIMIT,BUY,99.24,54
6940,ORD006940,MARKET,BUY,,68
6941,ORD006941,LIMIT,BUY,99.69,63
6942,ORD006942,MARKET,BUY,,57
6943,ORD006943,LIMIT,BUY,100.1,60
6944,ORD006944,LIMIT,BUY,99.72,25
6945,ORD006945,LIMIT,BUY,98.01,66
6946,ORD006946,LIMIT,SELL,99.87,26
6947,ORD006947,MARKET,SELL,,31
6948,ORD006948,LIMIT,SELL,101.01,17
6949,ORD006949,LIMIT,SELL,99.61,24
6950,ORD006950,LIMIT,BUY,99.71,51
6951,ORD006951,MARKET,BUY,,41
6952,ORD006952,LIMIT,SELL,100.21,58
6953,ORD006953,MARKET,BUY,,17
6954,ORD006954,MARKET,SELL,,38
6955,ORD006955,LIMIT,SELL,100.96,91
6956,ORD006956,MARKET,SELL,,58
6957,ORD006957,LIMIT,BUY,98.37,6
6958,ORD006958,MARKET,SELL,,25
6959,ORD006959,MARKET,SELL,,47
6960,ORD006960,LIMIT,SELL,99.78,21
6961,ORD006961,LIMIT,BUY,99.49,82
6962,ORD006962,LIMIT,BUY,98.81,57
6963,ORD006963,LIMIT,BUY,98.42,20
6964,ORD006964,LIMIT,BUY,99.58,47
6965,ORD006965,MARKET,SELL,,89
6966,ORD006966,LIMIT,BUY,98.93,42
6967,ORD006967,LIMIT,SELL,99.63,53
6968,ORD006968,MARKET,SELL,,64
6969,ORD006969,LIMIT,SELL,100.04,83
6970,ORD006970,LIMIT,SELL,99.98,93
6971,ORD006971,LIMIT,SELL,100.53,4
6972,ORD006972,MARKET,BUY,,49
6973,ORD006973,LIMIT,BUY,99.06,73
6974,ORD006967,CANCEL,,,
6975,ORD006975,LIMIT,BUY,98.94,44
6976,ORD006976,MARKET,SELL,,99
6977,ORD006977,LIMIT,SELL,101.79,4
6978,ORD006978,LIMIT,BUY,99.7,23
6979,ORD002417,CANCEL,,,
6980,ORD006980,MARKET,BUY,,79
6981,ORD004686,CANCEL,,,
6982,ORD006982,LIMIT,BUY,98.96,94
6983,ORD006983,LIMIT,BUY,99.89,30
6984,ORD006984,LIMIT,BUY,98.39,49
6985,ORD006985,MARKET,BUY,,44
6986,ORD006986,MARKET,SELL,,23
6987,ORD006987,LIMIT,BUY,100.24,17
6988,ORD006988,LIMIT,BUY,99.11,36
6989,ORD006989,MARKET,BUY,,80
6990,ORD006990,LIMIT,SELL,100.84,57
6991,ORD006991,MARKET,BUY,,25
6992,ORD006992,LIMIT,BUY,100.45,22
6993,ORD006993,LIMIT,BUY,98.65,91
6994,ORD006994,MARKET,SELL,,35
6995,ORD006995,LIMIT,BUY,99.04,89
6996,ORD006996,LIMIT,SELL,101.88,57
6997,ORD006997,LIMIT,SELL,102.0,23
6998,ORD006998,MARKET,BUY,,60
6999,ORD006999,MARKET,SELL,,69
7000,ORD007000,MARKET,SELL,,90
7001,ORD007001,MARKET,SELL,,62
7002,ORD007002,LIMIT,BUY,98.22,79
7003,ORD007003,LIMIT,SELL,99.88,40
7004,ORD007004,LIMIT,BUY,98.34,19
7005,ORD007005,LIMIT,BUY,99.89,33
7006,ORD007006,MARKET,BUY,,26
7007,ORD007007,LIMIT,BUY,100.35,5
7008,ORD007008,LIMIT,SELL,99.53,26
7009,ORD007009,MARKET,SELL,,61
7010,ORD007010,LIMIT,SELL,99.86,75
7011,ORD007011,LIMIT,BUY,99.9,34
7012,ORD007012,MARKET,SELL,,48
7013,ORD007013,MARKET,SELL,,52
7014,ORD007014,LIMIT,BUY,98.21,79
7015,ORD007015,LIMIT,SELL,100.81,1
7016,ORD007016,MARKET,BUY,,89
7017,ORD007017,MARKET,SELL,,14
7018,ORD007018,MARKET,BUY,,84
7019,ORD007019,MARKET,BUY,,37
7020,ORD007020,MARKET,BUY,,71
7021,ORD007021,LIMIT,SELL,100.63,20
7022,ORD007022,MARKET,SELL,,86
7023,ORD007023,MARKET,BUY,,74
7024,ORD007024,LIMIT,BUY,98.13,14
7025,ORD007025,MARKET,SELL,,23
7026,ORD000617,CANCEL,,,
7027,ORD007027,LIMIT,SELL,99.91,98
7028,ORD007028,LIMIT,BUY,99.54,5
7029,ORD007029,LIMIT,BUY,100.21,47
7030,ORD007030,MARKET,SELL,,59
7031,ORD007031,LIMIT,SELL,101.67,55
7032,ORD007032,LIMIT,SELL,100.14,98
7033,ORD007033,MARKET,BUY,,87
7034,ORD007034,LIMIT,SELL,99.91,37
7035,ORD007035,MARKET,SELL,,100
7036,ORD007036,MARKET,SELL,,88
7037,ORD007037,LIMIT,BUY,100.49,31
7038,ORD007038,LIMIT,BUY,99.97,97
7039,ORD007039,MARKET,SELL,,15
7040,ORD007040,LIMIT,SELL,99.51,68
7041,ORD007041,LIMIT,SELL,101.52,59
7042,ORD007042,LIMIT,BUY,99.3,79
7043,ORD007043,MARKET,BUY,,76
7044,ORD007044,MARKET,BUY,,44
7045,ORD007045,MARKET,BUY,,6
7046,ORD007046,MARKET,SELL,,43
7047,ORD006351,CANCEL,,,
7048,ORD007048,MARKET,SELL,,34
7049,ORD007049,MARKET,BUY,,57
7050,ORD007050,MARKET,BUY,,15
7051,ORD007051,LIMIT,BUY,99.3,89
7052,ORD007052,MARKET,SELL,,55
7053,ORD007053,LIMIT,SELL,101.55,10
7054,ORD007054,MARKET,SELL,,86
7055,ORD007055,LIMIT,SELL,100.0,36
7056,ORD007056,LIMIT,BUY,98.1,20
7057,ORD007057,MARKET,SELL,,45
7058,ORD007058,LIMIT,SELL,99.84,43
7059,ORD007059,LIMIT,SELL,99.91,74
7060,ORD007060,LIMIT,SELL,100.87,14
7061,ORD007061,LIMIT,BUY,100.13,37
7062,ORD007062,LIMIT,SELL,100.85,58
7063,ORD007063,MARKET,BUY,,75
7064,ORD007064,LIMIT,SELL,100.7,71
7065,ORD007065,LIMIT,SELL,101.7,11
7066,ORD007066,MARKET,BUY,,64
7067,ORD007067,LIMIT,BUY,98.86,19
7068,ORD007068,MARKET,BUY,,55
7069,ORD007069,LIMIT,SELL,100.85,60
7070,ORD007070,MARKET,SELL,,43
7071,ORD007071,LIMIT,SELL,101.92,31
7072,ORD007072,LIMIT,BUY,100.32,18
7073,ORD007073,MARKET,BUY,,1
7074,ORD007074,MARKET,SELL,,59
7075,ORD007075,LIMIT,BUY,99.45,33
7076,ORD007076,LIMIT,BUY,98.07,20
7077,ORD007077,LIMIT,SELL,100.7,32
7078,ORD007078,MARKET,SELL,,9
7079,ORD007079,LIMIT,SELL,100.51,91
7080,ORD007080,LIMIT,BUY,98.16,60
7081,ORD004523,CANCEL,,,
7082,ORD007082,LIMIT,SELL,101.67,30
7083,ORD007083,MARKET,BUY,,17
7084,ORD007084,MARKET,SELL,,7
7085,ORD007085,LIMIT,SELL,99.94,84
7086,ORD007086,MARKET,SELL,,53
7087,ORD007087,MARKET,BUY,,59
7088,ORD007088,MARKET,SELL,,9
7089,ORD007089,MARKET,BUY,,10
7090,ORD007090,MARKET,BUY,,24
7091,ORD007091,LIMIT,SELL,101.49,51
7092,ORD007092,LIMIT,SELL,100.25,80
7093,ORD007093,LIMIT,SELL,100.44,46
7094,ORD007094,MARKET,SELL,,4
7095,ORD007095,MARKET,BUY,,10
7096,ORD007096,MARKET,SELL,,6
7097,ORD007097,LIMIT,SELL,101.03,50
7098,ORD007098,MARKET,SELL,,65
7099,ORD007099,MARKET,SELL,,5
7100,ORD007100,MARKET,BUY,,86
7101,ORD007101,LIMIT,BUY,99.35,59
7102,ORD007102,MARKET,BUY,,21
7103,ORD007103,LIMIT,BUY,100.36,67
7104,ORD007104,MARKET,SELL,,57
7105,ORD007105,LIMIT,SELL,99.84,70
7106,ORD007106,MARKET,SELL,,19
7107,ORD007107,LIMIT,SELL,101.31,20
7108,ORD005137,CANCEL,,,
7109,ORD007109,LIMIT,BUY,99.09,11
7110,ORD007110,MARKET,BUY,,86
7111,ORD007111,MARKET,BUY,,82
7112,ORD007112,MARKET,SELL,,44
7113,ORD007113,MARKET,BUY,,84
7114,ORD007114,MARKET,SELL,,92
7115,ORD007115,MARKET,BUY,,28
7116,ORD007116,LIMIT,SELL,100.67,8
7117,ORD007117,MARKET,SELL,,82
7118,ORD007118,MARKET,BUY,,45
7119,ORD007119,LIMIT,SELL,99.56,91
7120,ORD007120,MARKET,SELL,,94
7121,ORD007121,MARKET,SELL,,38
7122,ORD007122,LIMIT,BUY,99.99,59
7123,ORD007123,MARKET,SELL,,54
7124,ORD007124,MARKET,BUY,,75
7125,ORD007125,MARKET,SELL,,83
7126,ORD007126,LIMIT,SELL,101.97,44
7127,ORD007127,MARKET,BUY,,36
7128,ORD007128,LIMIT,SELL,100.58,96
7129,ORD007129,LIMIT,BUY,99.56,10
7130,ORD007130,MARKET,BUY,,78
7131,ORD007131,LIMIT,SELL,100.59,2
7132,ORD007132,LIMIT,SELL,100.1,79
7133,ORD007133,LIMIT,SELL,100.98,36
7134,ORD007134,MARKET,SELL,,63
7135,ORD007135,MARKET,SELL,,11
7136,ORD007136,MARKET,BUY,,32
7137,ORD007137,LIMIT,BUY,98.6,65
7138,ORD007138,MARKET,SELL,,29
7139,ORD007139,LIMIT,SELL,99.63,71
7140,ORD007140,MARKET,BUY,,87
7141,ORD001462,CANCEL,,,
7142,ORD007142,MARKET,BUY,,36
7143,ORD007143,MARKET,BUY,,59
7144,ORD006540,CANCEL,,,
7145,ORD007145,MARKET,SELL,,99
7146,ORD007146,LIMIT,SELL,100.41,56
7147,ORD007147,MARKET,SELL,,75
7148,ORD007148,MARKET,SELL,,64
7149,ORD007149,LIMIT,SELL,100.43,48
7150,ORD003780,CANCEL,,,
7151,ORD007151,LIMIT,BUY,98.97,73
7152,ORD007152,MARKET,BUY,,39
7153,ORD007153,LIMIT,SELL,100.9,80
7154,ORD007154,LIMIT,BUY,98.33,85
7155,ORD007155,LIMIT,BUY,98.15,59
7156,ORD007156,LIMIT,BUY,98.19,84
7157,ORD007157,LIMIT,BUY,99.77,12
7158,ORD007158,MARKET,SELL,,91
7159,ORD007159,MARKET,BUY,,27
7160,ORD006810,CANCEL,,,
7161,ORD007161,LIMIT,SELL,101.7,60
7162,ORD007162,MARKET,BUY,,8
7163,ORD007163,LIMIT,SELL,100.1,93
7164,ORD007164,LIMIT,BUY,98.71,37
7165,ORD007153,CANCEL,,,
7166,ORD007166,LIMIT,BUY,99.09,38
7167,ORD007167,LIMIT,BUY,98.23,92
7168,ORD007168,MARKET,BUY,,85
7169,ORD007169,LIMIT,SELL,100.96,8
7170,ORD007170,LIMIT,SELL,100.7,33
7171,ORD007171,LIMIT,BUY,98.81,53
7172,ORD005794,CANCEL,,,
7173,ORD007173,LIMIT,BUY,99.95,27
7174,ORD007174,MARKET,BUY,,65
7175,ORD007175,MARKET,SELL,,28
7176,ORD007176,LIMIT,SELL,101.73,55
7177,ORD007177,MARKET,BUY,,31
7178,ORD007178,MARKET,BUY,,15
7179,ORD007179,LIMIT,BUY,100.21,91
7180,ORD007180,LIMIT,BUY,98.1,38
7181,ORD007181,LIMIT,SELL,99.91,68
7182,ORD007182,LIMIT,BUY,99.61,92
7183,ORD007183,LIMIT,SELL,100.26,47
7184,ORD007184,LIMIT,BUY,98.27,74
7185,ORD007185,LIMIT,BUY,98.18,28
7186,ORD007186,LIMIT,SELL,101.32,90
7187,ORD007187,LIMIT,SELL,100.08,56
7188,ORD007188,MARKET,SELL,,39
7189,ORD007189,LIMIT,BUY,98.21,84
7190,ORD007190,LIMIT,BUY,100.22,98
7191,ORD007191,MARKET,BUY,,4
7192,ORD007192,LIMIT,BUY,98.06,32
7193,ORD007193,LIMIT,SELL,100.57,64
7194,ORD007194,LIMIT,SELL,100.36,92
7195,ORD007195,LIMIT,SELL,99.88,91
7196,ORD007196,MARKET,SELL,,10
7197,ORD007197,MARKET,BUY,,4
7198,ORD007198,LIMIT,SELL,100.76,10
7199,ORD007199,MARKET,BUY,,89
7200,ORD007200,LIMIT,BUY,99.9,74
7201,ORD007201,MARKET,BUY,,52
7202,ORD007202,MARKET,BUY,,77
7203,ORD007203,LIMIT,SELL,101.66,51
7204,ORD007204,LIMIT,BUY,98.34,99
7205,ORD007205,MARKET,SELL,,64
7206,ORD007206,LIMIT,SELL,99.52,4
7207,ORD007207,MARKET,BUY,,7
7208,ORD007208,MARKET,BUY,,28
7209,ORD007209,LIMIT,BUY,99.02,69
7210,ORD007210,MARKET,SELL,,90
7211,ORD007211,LIMIT,BUY,99.63,32
7212,ORD007212,LIMIT,BUY,99.23,19
7213,ORD007213,LIMIT,SELL,101.6,19
7214,ORD007214,LIMIT,SELL,100.39,15
7215,ORD007215,LIMIT,BUY,100.39,4
7216,ORD007216,LIMIT,SELL,99.91,97
7217,ORD007217,LIMIT,SELL,101.77,71
7218,ORD007218,MARKET,BUY,,73
7219,ORD007219,MARKET,BUY,,31
7220,ORD007220,MARKET,BUY,,31
7221,ORD007221,MARKET,SELL,,40
7222,ORD007222,LIMIT,SELL,101.35,92
7223,ORD007223,MARKET,SELL,,99
7224,ORD007224,MARKET,BUY,,14
7225,ORD007225,LIMIT,SELL,100.94,62
7226,ORD007226,MARKET,BUY,,66
7227,ORD007227,MARKET,BUY,,100
7228,ORD007228,MARKET,BUY,,23
7229,ORD007229,LIMIT,SELL,101.26,9
7230,ORD007230,MARKET,SELL,,40
7231,ORD007231,LIMIT,BUY,100.19,10
7232,ORD007232,MARKET,BUY,,96
7233,ORD003699,CANCEL,,,
7234,ORD007234,MARKET,SELL,,45
7235,ORD007235,LIMIT,BUY,99.25,32
7236,ORD007236,LIMIT,SELL,101.86,30
7237,ORD007237,LIMIT,BUY,100.02,26
7238,ORD007238,LIMIT,SELL,100.29,44
7239,ORD007239,LIMIT,SELL,101.47,4
7240,ORD000083,CANCEL,,,
7241,ORD007241,LIMIT,BUY,99.03,18
7242,ORD007242,LIMIT,BUY,100.42,49
7243,ORD007243,LIMIT,SELL,101.22,89
7244,ORD007244,LIMIT,SELL,101.51,50
7245,ORD007245,LIMIT,BUY,99.65,8
7246,ORD007246,LIMIT,SELL,101.08,3
7247,ORD007247,MARKET,BUY,,100
7248,ORD007248,MARKET,BUY,,47
7249,ORD001421,CANCEL,,,
7250,ORD007250,LIMIT,SELL,101.48,97
7251,ORD007251,MARKET,BUY,,68
7252,ORD007252,MARKET,SELL,,96
7253,ORD007253,MARKET,SELL,,89
7254,ORD007254,LIMIT,SELL,100.33,85
7255,ORD007255,MARKET,BUY,,24
7256,ORD007256,MARKET,SELL,,79
7257,ORD007257,LIMIT,SELL,100.23,11
7258,ORD007258,LIMIT,SELL,101.25,46
7259,ORD007259,MARKET,BUY,,22
7260,ORD007260,MARKET,BUY,,96
7261,ORD007261,LIMIT,BUY,99.12,35
7262,ORD007262,LIMIT,SELL,100.3,24
7263,ORD007263,LIMIT,BUY,99.78,71
7264,ORD007264,MARKET,BUY,,94
7265,ORD007265,LIMIT,SELL,101.22,88
7266,ORD007266,MARKET,BUY,,2
7267,ORD007267,MARKET,BUY,,92
7268,ORD007268,MARKET,SELL,,10
7269,ORD007269,MARKET,BUY,,35
7270,ORD007270,LIMIT,SELL,99.72,37
7271,ORD007271,MARKET,BUY,,45
7272,ORD007272,LIMIT,BUY,99.21,87
7273,ORD007273,LIMIT,SELL,101.65,85
7274,ORD007274,LIMIT,BUY,98.12,18
7275,ORD007275,MARKET,SELL,,82
7276,ORD007276,MARKET,SELL,,11
7277,ORD007277,LIMIT,BUY,99.82,9
7278,ORD007278,LIMIT,SELL,101.19,67
7279,ORD007279,MARKET,SELL,,93
7280,ORD007280,LIMIT,SELL,99.8,54
7281,ORD007281,LIMIT,SELL,100.14,49
7282,ORD007282,LIMIT,BUY,100.5,65
7283,ORD007283,MARKET,SELL,,39
7284,ORD007284,LIMIT,SELL,100.72,94
7285,ORD007285,LIMIT,SELL,99.96,64
7286,ORD007286,LIMIT,SELL,100.9,94
7287,ORD007287,MARKET,BUY,,72
7288,ORD007288,LIMIT,BUY,98.85,23
7289,ORD007289,MARKET,BUY,,97
7290,ORD007290,LIMIT,BUY,98.41,22
7291,ORD007291,LIMIT,BUY,99.66,53
7292,ORD007292,LIMIT,BUY,98.9,93
7293,ORD007293,LIMIT,BUY,99.62,47
7294,ORD007294,MARKET,SELL,,98
7295,ORD007295,LIMIT,BUY,99.92,1
7296,ORD007296,LIMIT,BUY,99.86,2
7297,ORD007297,MARKET,BUY,,32
7298,ORD007298,LIMIT,BUY,99.28,94
7299,ORD007299,LIMIT,SELL,101.85,29
7300,ORD007300,LIMIT,SELL,101.49,91
7301,ORD005443,CANCEL,,,
7302,ORD007302,LIMIT,SELL,101.18,89
7303,ORD007303,LIMIT,SELL,101.66,88
7304,ORD007304,MARKET,SELL,,61
7305,ORD007305,LIMIT,SELL,100.49,57
7306,ORD007306,MARKET,SELL,,87
7307,ORD007307,LIMIT,BUY,99.12,76
7308,ORD007308,LIMIT,SELL,99.51,6
7309,ORD007309,LIMIT,SELL,101.39,8
7310,ORD007310,MARKET,BUY,,29
7311,ORD007311,LIMIT,BUY,98.97,33
7312,ORD007312,LIMIT,SELL,100.06,2
7313,ORD007313,LIMIT,BUY,99.15,100
7314,ORD007314,LIMIT,BUY,98.57,12
7315,ORD007315,MARKET,SELL,,20
7316,ORD007316,LIMIT,SELL,100.42,17
7317,ORD007317,MARKET,BUY,,82
7318,ORD007318,MARKET,BUY,,46
7319,ORD007319,MARKET,BUY,,99
7320,ORD007320,MARKET,BUY,,64
7321,ORD007321,LIMIT,BUY,98.32,69
7322,ORD007322,MARKET,SELL,,99
7323,ORD007323,MARKET,SELL,,29
7324,ORD007324,MARKET,BUY,,97
7325,ORD007325,MARKET,BUY,,30
7326,ORD007326,MARKET,BUY,,89
7327,ORD007327,LIMIT,BUY,98.63,5
7328,ORD007328,MARKET,SELL,,26
7329,ORD007329,LIMIT,BUY,99.58,69
7330,ORD007330,LIMIT,BUY,98.92,82
7331,ORD007331,MARKET,BUY,,83
7332,ORD007332,MARKET,BUY,,29
7333,ORD007333,LIMIT,SELL,101.22,15
7334,ORD007334,LIMIT,SELL,100.46,3
7335,ORD007335,MARKET,SELL,,91
7336,ORD007336,LIMIT,SELL,101.23,13
7337,ORD007337,MARKET,BUY,,86
7338,ORD007338,MARKET,SELL,,27
7339,ORD007339,MARKET,SELL,,78
7340,ORD007340,LIMIT,SELL,100.16,17
7341,ORD007341,LIMIT,BUY,99.43,29
7342,ORD007342,LIMIT,SELL,101.19,67
7343,ORD007343,MARKET,BUY,,48
7344,ORD001931,CANCEL,,,
7345,ORD007345,LIMIT,SELL,101.56,54
7346,ORD007346,LIMIT,SELL,101.2,94
7347,ORD003697,CANCEL,,,
7348,ORD004700,CANCEL,,,
7349,ORD007349,LIMIT,SELL,101.42,52
7350,ORD007350,LIMIT,BUY,99.24,61
7351,ORD007351,LIMIT,SELL,100.94,69
7352,ORD007352,LIMIT,BUY,98.9,79
7353,ORD007353,MARKET,BUY,,43
7354,ORD007354,LIMIT,BUY,98.95,20
7355,ORD007355,LIMIT,SELL,100.5,87
7356,ORD007356,LIMIT,BUY,100.46,30
7357,ORD007357,LIMIT,SELL,101.79,37
7358,ORD005839,CANCEL,,,
7359,ORD007359,LIMIT,SELL,100.21,47
7360,ORD007360,MARKET,SELL,,61
7361,ORD007361,MARKET,SELL,,7
7362,ORD007362,MARKET,BUY,,19
7363,ORD007363,LIMIT,SELL,100.45,49
7364,ORD007364,MARKET,BUY,,50
7365,ORD007365,MARKET,SELL,,91
7366,ORD007366,LIMIT,BUY,98.51,65
7367,ORD007367,LIMIT,BUY,98.16,86
7368,ORD007368,LIMIT,BUY,98.08,2
7369,ORD007369,MARKET,SELL,,94
7370,ORD004753,CANCEL,,,
7371,ORD007371,MARKET,BUY,,39
7372,ORD007372,LIMIT,SELL,100.89,74
7373,ORD007373,LIMIT,BUY,99.29,79
7374,ORD007374,MARKET,SELL,,56
7375,ORD007375,LIMIT,BUY,99.24,54
7376,ORD007376,LIMIT,SELL,100.9,2
7377,ORD007377,LIMIT,SELL,101.29,54
7378,ORD007378,MARKET,SELL,,64
7379,ORD007379,LIMIT,BUY,99.92,8
7380,ORD007380,MARKET,SELL,,74
7381,ORD003698,CANCEL,,,
7382,ORD007382,LIMIT,SELL,99.72,25
7383,ORD007383,LIMIT,SELL,100.61,76
7384,ORD007384,LIMIT,BUY,98.68,34
7385,ORD007385,LIMIT,SELL,101.05,65
7386,ORD001854,CANCEL,,,
7387,ORD007387,MARKET,BUY,,6
7388,ORD007388,MARKET,SELL,,78
7389,ORD007389,MARKET,BUY,,29
7390,ORD007390,MARKET,BUY,,68
7391,ORD007391,MARKET,SELL,,15
7392,ORD007392,LIMIT,BUY,98.97,31
7393,ORD007393,MARKET,BUY,,70
7394,ORD003691,CANCEL,,,
7395,ORD007395,LIMIT,SELL,100.45,1
7396,ORD007396,MARKET,BUY,,52
7397,ORD007397,MARKET,SELL,,95
7398,ORD007398,LIMIT,BUY,100.2,55
7399,ORD007399,MARKET,BUY,,44
7400,ORD002744,CANCEL,,,
7401,ORD007401,LIMIT,SELL,101.95,71
7402,ORD007402,LIMIT,BUY,100.26,6
7403,ORD003406,CANCEL,,,
7404,ORD007404,MARKET,BUY,,48
7405,ORD007405,LIMIT,SELL,101.15,1
7406,ORD007406,LIMIT,BUY,98.79,1
7407,ORD007407,MARKET,BUY,,44
7408,ORD007408,MARKET,SELL,,67
7409,ORD000425,CANCEL,,,
7410,ORD007410,LIMIT,SELL,101.64,13
7411,ORD007411,LIMIT,BUY,99.4,50
7412,ORD007412,LIMIT,BUY,99.52,99
7413,ORD007413,LIMIT,BUY,99.56,93
7414,ORD007414,MARKET,SELL,,74
7415,ORD007415,LIMIT,BUY,99.44,69
7416,ORD007416,LIMIT,SELL,100.73,62
7417,ORD000153,CANCEL,,,
7418,ORD007418,LIMIT,BUY,98.51,21
7419,ORD007419,MARKET,SELL,,90
7420,ORD007420,MARKET,SELL,,76
7421,ORD007421,MARKET,BUY,,25
7422,ORD007422,MARKET,SELL,,18
7423,ORD003027,CANCEL,,,
7424,ORD000679,CANCEL,,,
7425,ORD007425,MARKET,BUY,,87
7426,ORD007426,MARKET,SELL,,67
7427,ORD007427,MARKET,SELL,,58
7428,ORD007428,MARKET,BUY,,14
7429,ORD007429,LIMIT,BUY,99.97,95
7430,ORD007430,LIMIT,BUY,100.29,50
7431,ORD007431,LIMIT,SELL,100.57,63
7432,ORD007432,MARKET,BUY,,71
7433,ORD007433,LIMIT,BUY,100.25,86
7434,ORD007434,LIMIT,BUY,99.54,78
7435,ORD007435,MARKET,BUY,,42
7436,ORD007436,LIMIT,SELL,101.79,8
7437,ORD007437,MARKET,BUY,,37
7438,ORD007438,LIMIT,SELL,100.89,89
7439,ORD007439,LIMIT,BUY,100.2,91
7440,ORD007440,LIMIT,BUY,99.01,71
7441,ORD003258,CANCEL,,,
7442,ORD007442,MARKET,SELL,,9
7443,ORD007443,LIMIT,BUY,99.98,1
7444,ORD007444,LIMIT,SELL,101.44,89
7445,ORD007445,MARKET,BUY,,96
7446,ORD007446,LIMIT,SELL,101.69,90
7447,ORD007447,LIMIT,SELL,100.14,100
7448,ORD007448,MARKET,BUY,,73
7449,ORD007449,LIMIT,SELL,100.38,52
7450,ORD006982,CANCEL,,,
7451,ORD007451,LIMIT,SELL,101.78,5
7452,ORD007452,LIMIT,BUY,99.14,44
7453,ORD007453,LIMIT,BUY,99.59,45
7454,ORD007454,MARKET,BUY,,19
7455,ORD007455,MARKET,SELL,,19
7456,ORD007456,MARKET,BUY,,46
7457,ORD007457,LIMIT,SELL,99.95,25
7458,ORD007458,MARKET,SELL,,97
7459,ORD007459,LIMIT,BUY,100.02,25
7460,ORD004286,CANCEL,,,
7461,ORD007461,MARKET,SELL,,68
7462,ORD007462,MARKET,SELL,,38
7463,ORD007463,LIMIT,SELL,100.3,2
7464,ORD007464,MARKET,SELL,,58
7465,ORD007465,MARKET,BUY,,50
7466,ORD007466,MARKET,SELL,,99
7467,ORD007467,MARKET,BUY,,52
7468,ORD007468,MARKET,SELL,,6
7469,ORD007469,MARKET,SELL,,64
7470,ORD007470,MARKET,SELL,,9
7471,ORD007471,LIMIT,SELL,100.02,92
7472,ORD007472,MARKET,SELL,,23
7473,ORD007473,MARKET,SELL,,96
7474,ORD007474,MARKET,BUY,,42
7475,ORD007475,LIMIT,SELL,101.7,58
7476,ORD007476,LIMIT,SELL,99.64,99
7477,ORD007477,LIMIT,SELL,101.74,43
7478,ORD007478,MARKET,BUY,,16
7479,ORD007479,LIMIT,SELL,99.54,79
7480,ORD007480,MARKET,BUY,,20
7481,ORD007481,LIMIT,BUY,99.78,1
7482,ORD007482,LIMIT,BUY,99.45,34
7483,ORD007483,LIMIT,BUY,99.98,36
7484,ORD007484,MARKET,BUY,,4
7485,ORD007485,LIMIT,SELL,100.16,26
7486,ORD007486,LIMIT,SELL,100.7,98
7487,ORD007487,MARKET,SELL,,20
7488,ORD007488,MARKET,BUY,,68
7489,ORD007489,MARKET,BUY,,80
7490,ORD007490,LIMIT,BUY,99.63,6
7491,ORD007491,MARKET,SELL,,40
7492,ORD007492,MARKET,SELL,,60
7493,ORD007493,LIMIT,SELL,101.2,47
7494,ORD007494,LIMIT,SELL,101.44,45
7495,ORD007495,MARKET,SELL,,90
7496,ORD007496,MARKET,BUY,,97
7497,ORD007497,MARKET,BUY,,38
7498,ORD007498,LIMIT,BUY,98.51,15
7499,ORD007499,LIMIT,SELL,101.2,97
7500,ORD007500,MARKET,BUY,,32
7501,ORD007501,MARKET,SELL,,95
7502,ORD007502,MARKET,SELL,,34
7503,ORD007503,MARKET,SELL,,49
7504,ORD007504,LIMIT,BUY,100.42,39
7505,ORD007505,MARKET,SELL,,86
7506,ORD007506,MARKET,SELL,,10
7507,ORD007507,LIMIT,BUY,98.98,47
7508,ORD007508,MARKET,BUY,,97
7509,ORD007509,MARKET,SELL,,85
7510,ORD007510,LIMIT,SELL,101.28,11
7511,ORD007511,MARKET,SELL,,82
7512,ORD007512,LIMIT,BUY,98.2,37
7513,ORD007513,LIMIT,SELL,100.38,60
7514,ORD007514,MARKET,BUY,,77
7515,ORD007515,MARKET,SELL,,16
7516,ORD007516,MARKET,SELL,,32
7517,ORD007517,MARKET,SELL,,56
7518,ORD007518,MARKET,SELL,,4
7519,ORD007519,LIMIT,BUY,98.76,38
7520,ORD007520,MARKET,SELL,,92
7521,ORD007521,LIMIT,SELL,101.29,81
7522,ORD007522,LIMIT,BUY,99.19,52
7523,ORD007523,MARKET,BUY,,74
7524,ORD007524,LIMIT,SELL,100.04,56
7525,ORD007525,LIMIT,BUY,99.23,37
7526,ORD007526,LIMIT,BUY,98.53,16
7527,ORD007527,MARKET,BUY,,78
7528,ORD007528,LIMIT,BUY,99.1,38
7529,ORD007529,LIMIT,BUY,99.83,95
7530,ORD007530,LIMIT,BUY,99.39,40
7531,ORD007531,MARKET,SELL,,59
7532,ORD004407,CANCEL,,,
7533,ORD007533,MARKET,SELL,,1
7534,ORD007534,MARKET,SELL,,92
7535,ORD007535,MARKET,BUY,,24
7536,ORD007536,MARKET,BUY,,28
7537,ORD007537,LIMIT,SELL,100.84,62
7538,ORD007538,LIMIT,SELL,99.83,34
7539,ORD007539,LIMIT,BUY,98.49,2
7540,ORD007540,LIMIT,SELL,102.0,56
7541,ORD007541,LIMIT,BUY,99.0,51
7542,ORD003108,CANCEL,,,
7543,ORD007543,MARKET,BUY,,26
7544,ORD007544,MARKET,SELL,,44
7545,ORD007545,LIMIT,SELL,102.0,12
7546,ORD007546,LIMIT,SELL,101.5,45
7547,ORD007547,MARKET,SELL,,4
7548,ORD007548,MARKET,BUY,,88
7549,ORD007549,MARKET,BUY,,91
7550,ORD007550,LIMIT,BUY,98.63,68
7551,ORD007551,LIMIT,SELL,100.95,47
7552,ORD007552,LIMIT,SELL,100.15,10
7553,ORD007553,LIMIT,SELL,99.99,14
7554,ORD007554,MARKET,SELL,,89
7555,ORD007555,MARKET,SELL,,52
7556,ORD007556,MARKET,SELL,,47
7557,ORD007557,LIMIT,SELL,100.56,27
7558,ORD007558,MARKET,SELL,,33
7559,ORD007559,LIMIT,BUY,98.55,72
7560,ORD005787,CANCEL,,,
7561,ORD007561,MARKET,SELL,,63
7562,ORD007562,MARKET,BUY,,78
7563,ORD005253,CANCEL,,,
7564,ORD007564,MARKET,BUY,,4
7565,ORD000986,CANCEL,,,
7566,ORD007566,MARKET,BUY,,68
7567,ORD007567,MARKET,SELL,,96
7568,ORD007568,MARKET,SELL,,21
7569,ORD007569,LIMIT,SELL,101.01,12
7570,ORD007383,CANCEL,,,
7571,ORD007571,MARKET,SELL,,50
7572,ORD007572,LIMIT,SELL,101.26,3
7573,ORD007573,MARKET,BUY,,62
7574,ORD007574,MARKET,BUY,,79
7575,ORD007575,MARKET,SELL,,30
7576,ORD007576,LIMIT,BUY,99.46,51
7577,ORD007577,LIMIT,BUY,99.15,56
7578,ORD007578,MARKET,BUY,,66
7579,ORD007579,LIMIT,SELL,101.74,47
7580,ORD007580,MARKET,SELL,,97
7581,ORD007581,LIMIT,SELL,100.61,26
7582,ORD007582,MARKET,SELL,,16
7583,ORD007583,MARKET,SELL,,80
7584,ORD007584,LIMIT,SELL,100.01,24
7585,ORD007585,MARKET,SELL,,76
7586,ORD007586,MARKET,SELL,,71
7587,ORD007587,LIMIT,SELL,99.59,97
7588,ORD007588,MARKET,SELL,,45
7589,ORD007589,LIMIT,SELL,101.54,76
7590,ORD007590,LIMIT,BUY,100.29,53
7591,ORD007591,MARKET,SELL,,49
7592,ORD007592,MARKET,SELL,,64
7593,ORD007593,LIMIT,SELL,101.52,34
7594,ORD007594,LIMIT,SELL,100.47,80
7595,ORD007595,LIMIT,SELL,101.36,45
7596,ORD007596,MARKET,BUY,,57
7597,ORD007597,LIMIT,SELL,101.29,17
7598,ORD007598,MARKET,SELL,,64
7599,ORD007599,LIMIT,BUY,98.68,96
7600,ORD007600,MARKET,SELL,,30
7601,ORD007601,MARKET,SELL,,4
7602,ORD007602,MARKET,SELL,,5
7603,ORD007603,LIMIT,SELL,100.44,69
7604,ORD007604,LIMIT,SELL,100.95,24
7605,ORD007605,MARKET,BUY,,77
7606,ORD007606,LIMIT,BUY,98.69,100
7607,ORD002588,CANCEL,,,
7608,ORD007608,LIMIT,BUY,100.19,12
7609,ORD007609,MARKET,SELL,,91
7610,ORD007610,MARKET,BUY,,6
7611,ORD007611,MARKET,BUY,,67
7612,ORD007612,LIMIT,SELL,100.58,26
7613,ORD007613,MARKET,SELL,,83
7614,ORD007614,LIMIT,SELL,101.36,32
7615,ORD007615,LIMIT,BUY,98.49,74
7616,ORD007616,MARKET,SELL,,77
7617,ORD007617,LIMIT,BUY,99.89,37
7618,ORD007618,MARKET,BUY,,12
7619,ORD006530,CANCEL,,,
7620,ORD007620,MARKET,BUY,,69
7621,ORD007621,MARKET,SELL,,39
7622,ORD007622,LIMIT,SELL,100.65,73
7623,ORD007623,LIMIT,BUY,100.49,3
7624,ORD007624,MARKET,SELL,,42
7625,ORD007625,MARKET,SELL,,61
7626,ORD007626,LIMIT,BUY,98.06,45
7627,ORD007627,MARKET,BUY,,24
7628,ORD007628,LIMIT,BUY,100.15,61
7629,ORD007629,MARKET,SELL,,11
7630,ORD007630,LIMIT,BUY,99.5,31
7631,ORD007631,LIMIT,SELL,101.66,73
7632,ORD007632,MARKET,BUY,,33
7633,ORD007633,LIMIT,SELL,99.76,95
7634,ORD007634,MARKET,BUY,,65
7635,ORD007635,LIMIT,SELL,100.76,2
7636,ORD007636,LIMIT,BUY,99.57,97
7637,ORD007637,MARKET,SELL,,4
7638,ORD007638,MARKET,SELL,,5
7639,ORD007639,LIMIT,BUY,99.7,39
7640,ORD007640,LIMIT,SELL,99.99,2
7641,ORD007641,MARKET,SELL,,56
7642,ORD007642,LIMIT,SELL,101.23,1
7643,ORD007643,LIMIT,SELL,100.7,66
7644,ORD007644,MARKET,BUY,,58
7645,ORD007645,LIMIT,BUY,99.96,33
7646,ORD007646,MARKET,BUY,,96
7647,ORD007647,LIMIT,SELL,101.98,6
7648,ORD007648,LIMIT,SELL,100.97,4
7649,ORD007649,LIMIT,BUY,98.08,81
7650,ORD007650,MARKET,SELL,,92
7651,ORD007651,MARKET,BUY,,80
7652,ORD007652,LIMIT,BUY,98.4,84
7653,ORD001587,CANCEL,,,
7654,ORD007654,MARKET,SELL,,29
7655,ORD006271,CANCEL,,,
7656,ORD007656,LIMIT,BUY,98.9,52
7657,ORD007657,LIMIT,BUY,98.07,77
7658,ORD007658,LIMIT,BUY,98.69,8
7659,ORD007659,MARKET,SELL,,21
7660,ORD001740,CANCEL,,,
7661,ORD007661,MARKET,SELL,,72
7662,ORD007662,MARKET,SELL,,38
7663,ORD007663,LIMIT,BUY,99.33,90
7664,ORD007132,CANCEL,,,
7665,ORD007665,LIMIT,BUY,98.14,68
7666,ORD007666,LIMIT,BUY,100.28,8
7667,ORD007667,MARKET,SELL,,37
7668,ORD007668,LIMIT,BUY,98.9,97
7669,ORD007669,LIMIT,SELL,100.97,68
7670,ORD007670,MARKET,BUY,,92
7671,ORD007671,MARKET,SELL,,14
7672,ORD007672,LIMIT,BUY,99.22,87
7673,ORD007673,MARKET,BUY,,36
7674,ORD007674,LIMIT,SELL,99.75,44
7675,ORD007675,MARKET,SELL,,60
7676,ORD007676,MARKET,BUY,,44
7677,ORD007677,MARKET,BUY,,66
7678,ORD007678,LIMIT,SELL,101.63,80
7679,ORD007679,MARKET,SELL,,65
7680,ORD007680,LIMIT,BUY,98.85,91
7681,ORD007681,LIMIT,SELL,99.79,92
7682,ORD007682,LIMIT,BUY,98.34,33
7683,ORD007683,MARKET,SELL,,43
7684,ORD004526,CANCEL,,,
7685,ORD007685,MARKET,SELL,,46
7686,ORD007686,MARKET,BUY,,43
7687,ORD007687,LIMIT,BUY,99.27,92
7688,ORD007688,MARKET,BUY,,100
7689,ORD007689,LIMIT,SELL,100.63,64
7690,ORD007690,MARKET,SELL,,24
7691,ORD007691,MARKET,BUY,,66
7692,ORD007692,LIMIT,SELL,101.53,32
7693,ORD007693,LIMIT,SELL,99.54,8
7694,ORD007694,LIMIT,SELL,101.0,37
7695,ORD007695,LIMIT,SELL,101.34,60
7696,ORD007696,MARKET,BUY,,17
7697,ORD007697,LIMIT,SELL,101.15,63
7698,ORD007698,MARKET,SELL,,29
7699,ORD007699,LIMIT,BUY,99.94,56
7700,ORD007700,MARKET,BUY,,16
7701,ORD007701,MARKET,BUY,,87
7702,ORD007702,MARKET,SELL,,9
7703,ORD007703,LIMIT,SELL,101.23,26
7704,ORD007704,LIMIT,SELL,101.09,7
7705,ORD007705,LIMIT,SELL,100.34,31
7706,ORD007706,MARKET,SELL,,44
7707,ORD007707,LIMIT,SELL,101.5,16
7708,ORD007708,MARKET,BUY,,85
7709,ORD007709,MARKET,SELL,,7
7710,ORD007710,LIMIT,SELL,100.25,96
7711,ORD007711,LIMIT,BUY,99.9,7
7712,ORD007712,MARKET,BUY,,48
7713,ORD007713,LIMIT,SELL,101.41,12
7714,ORD007714,LIMIT,SELL,100.06,72
7715,ORD007715,LIMIT,BUY,99.54,32
7716,ORD007716,MARKET,SELL,,74
7717,ORD007717,LIMIT,SELL,99.56,12
7718,ORD004118,CANCEL,,,
7719,ORD007719,LIMIT,BUY,98.23,48
7720,ORD007720,MARKET,BUY,,52
7721,ORD007721,LIMIT,BUY,98.47,87
7722,ORD007722,LIMIT,BUY,99.08,64
7723,ORD007723,LIMIT,BUY,99.66,31
7724,ORD007724,LIMIT,SELL,101.86,9
7725,ORD007725,LIMIT,BUY,98.71,58
7726,ORD007726,LIMIT,SELL,100.58,32
7727,ORD007727,LIMIT,SELL,101.51,95
7728,ORD002715,CANCEL,,,
7729,ORD007729,MARKET,BUY,,24
7730,ORD007730,MARKET,SELL,,62
7731,ORD007731,MARKET,SELL,,4
7732,ORD007732,LIMIT,BUY,99.91,98
7733,ORD007733,MARKET,SELL,,57
7734,ORD007734,LIMIT,SELL,101.21,71
7735,ORD007735,MARKET,SELL,,73
7736,ORD007736,LIMIT,SELL,101.16,40
7737,ORD007737,MARKET,SELL,,79
7738,ORD007738,MARKET,SELL,,42
7739,ORD007739,MARKET,SELL,,84
7740,ORD007740,MARKET,SELL,,20
7741,ORD007741,LIMIT,BUY,100.35,49
7742,ORD007742,MARKET,SELL,,86
7743,ORD007743,LIMIT,BUY,98.3,69
7744,ORD007744,LIMIT,BUY,99.98,32
7745,ORD007745,MARKET,BUY,,72
7746,ORD007746,LIMIT,BUY,98.57,27
7747,ORD007747,MARKET,SELL,,50
7748,ORD007748,MARKET,BUY,,53
7749,ORD007749,LIMIT,SELL,101.97,42
7750,ORD007750,MARKET,BUY,,34
7751,ORD007751,LIMIT,SELL,101.22,42
7752,ORD007752,LIMIT,SELL,101.13,86
7753,ORD007753,LIMIT,SELL,100.65,50
7754,ORD007754,MARKET,BUY,,46
7755,ORD007755,LIMIT,BUY,99.59,62
7756,ORD007756,LIMIT,SELL,101.85,34
7757,ORD007757,LIMIT,SELL,99.91,5
7758,ORD007758,MARKET,BUY,,56
7759,ORD007759,LIMIT,SELL,99.94,8
7760,ORD007760,LIMIT,BUY,99.28,57
7761,ORD007761,LIMIT,BUY,98.34,32
7762,ORD007762,LIMIT,BUY,99.32,86
7763,ORD007763,LIMIT,BUY,99.02,81
7764,ORD007764,MARKET,BUY,,71
7765,ORD007765,LIMIT,BUY,100.47,24
7766,ORD007766,LIMIT,SELL,100.53,27
7767,ORD007767,LIMIT,SELL,101.23,7
7768,ORD007768,MARKET,BUY,,71
7769,ORD007769,MARKET,SELL,,96
7770,ORD007770,LIMIT,BUY,99.23,5
7771,ORD007771,LIMIT,BUY,99.32,45
7772,ORD007772,LIMIT,SELL,101.42,47
7773,ORD007773,MARKET,BUY,,17
7774,ORD007774,MARKET,BUY,,80
7775,ORD007775,LIMIT,BUY,98.54,65
7776,ORD007776,MARKET,BUY,,1
7777,ORD007777,LIMIT,SELL,101.36,47
7778,ORD007778,MARKET,BUY,,2
7779,ORD007779,LIMIT,BUY,100.45,14
7780,ORD007780,MARKET,SELL,,26
7781,ORD007781,MARKET,BUY,,58
7782,ORD007782,MARKET,BUY,,32
7783,ORD007783,MARKET,BUY,,32
7784,ORD007784,MARKET,BUY,,53
7785,ORD007785,MARKET,BUY,,26
7786,ORD007786,LIMIT,SELL,100.35,3
7787,ORD007787,MARKET,BUY,,42
7788,ORD007788,MARKET,BUY,,18
7789,ORD007789,MARKET,BUY,,61
7790,ORD007790,MARKET,BUY,,41
7791,ORD007791,LIMIT,BUY,98.89,96
7792,ORD007792,LIMIT,SELL,99.6,75
7793,ORD005006,CANCEL,,,
7794,ORD007794,LIMIT,BUY,98.21,67
7795,ORD007795,MARKET,SELL,,89
7796,ORD007796,LIMIT,BUY,98.91,25
7797,ORD007797,LIMIT,BUY,100.3,3
7798,ORD007798,MARKET,SELL,,37
7799,ORD007799,LIMIT,SELL,101.68,54
7800,ORD007800,LIMIT,BUY,99.45,25
7801,ORD007801,LIMIT,BUY,98.57,19
7802,ORD007802,LIMIT,SELL,100.53,68
7803,ORD007803,LIMIT,SELL,100.93,19
7804,ORD007804,MARKET,SELL,,100
7805,ORD007805,MARKET,BUY,,40
7806,ORD007806,LIMIT,BUY,98.25,78
7807,ORD007807,MARKET,SELL,,47
7808,ORD007808,LIMIT,BUY,98.51,31
7809,ORD005193,CANCEL,,,
7810,ORD007810,LIMIT,SELL,99.98,90
7811,ORD007811,LIMIT,BUY,99.35,37
7812,ORD007812,MARKET,SELL,,58
7813,ORD006728,CANCEL,,,
7814,ORD007814,MARKET,SELL,,96
7815,ORD007815,MARKET,BUY,,24
7816,ORD007816,LIMIT,BUY,99.7,29
7817,ORD007817,MARKET,SELL,,83
7818,ORD007818,MARKET,SELL,,14
7819,ORD007819,MARKET,SELL,,46
7820,ORD007820,LIMIT,SELL,100.09,89
7821,ORD007821,MARKET,BUY,,90
7822,ORD007822,LIMIT,BUY,99.8,76
7823,ORD007823,LIMIT,SELL,100.87,32
7824,ORD007824,MARKET,BUY,,28
7825,ORD007825,MARKET,SELL,,64
7826,ORD006304,CANCEL,,,
7827,ORD007827,LIMIT,SELL,99.61,45
7828,ORD007828,LIMIT,SELL,101.68,20
7829,ORD007829,LIMIT,SELL,101.83,48
7830,ORD007830,LIMIT,SELL,101.98,48
7831,ORD002993,CANCEL,,,
7832,ORD007832,MARKET,BUY,,83
7833,ORD007833,LIMIT,BUY,99.8,58
7834,ORD007834,MARKET,BUY,,98
7835,ORD007835,LIMIT,SELL,101.55,9
7836,ORD007836,LIMIT,SELL,101.66,95
7837,ORD007837,MARKET,BUY,,1
7838,ORD007838,LIMIT,BUY,100.11,1
7839,ORD007839,LIMIT,BUY,98.12,26
7840,ORD007840,LIMIT,SELL,101.17,68
7841,ORD006929,CANCEL,,,
7842,ORD007842,MARKET,SELL,,63
7843,ORD007843,MARKET,BUY,,86
7844,ORD007844,LIMIT,BUY,99.27,13
7845,ORD007845,MARKET,SELL,,84
7846,ORD007846,MARKET,SELL,,4
7847,ORD007847,MARKET,SELL,,41
7848,ORD007848,MARKET,SELL,,73
7849,ORD007849,MARKET,BUY,,46
7850,ORD007850,LIMIT,BUY,98.92,31
7851,ORD007851,LIMIT,SELL,101.33,86
7852,ORD007852,MARKET,SELL,,64
7853,ORD007853,MARKET,SELL,,35
7854,ORD007854,LIMIT,SELL,99.97,70
7855,ORD007855,LIMIT,BUY,99.23,64
7856,ORD007856,LIMIT,SELL,100.21,58
7857,ORD007857,LIMIT,SELL,101.04,80
7858,ORD007858,LIMIT,SELL,100.27,69
7859,ORD007859,LIMIT,SELL,100.98,97
7860,ORD007860,MARKET,SELL,,5
7861,ORD007861,MARKET,BUY,,49
7862,ORD007862,LIMIT,SELL,99.81,49
7863,ORD007863,LIMIT,BUY,99.42,75
7864,ORD007864,MARKET,BUY,,87
7865,ORD006549,CANCEL,,,
7866,ORD007866,LIMIT,SELL,99.6,83
7867,ORD007867,LIMIT,BUY,99.85,62
7868,ORD007868,MARKET,BUY,,43
7869,ORD007869,MARKET,BUY,,77
7870,ORD007870,MARKET,SELL,,65
7871,ORD007871,LIMIT,BUY,99.01,86
7872,ORD007872,LIMIT,SELL,99.81,30
7873,ORD007873,LIMIT,BUY,98.34,29
7874,ORD007874,LIMIT,SELL,100.34,2
7875,ORD007875,LIMIT,SELL,101.53,57
7876,ORD007876,MARKET,BUY,,62
7877,ORD007877,LIMIT,SELL,101.45,73
7878,ORD007878,MARKET,SELL,,17
7879,ORD007879,MARKET,BUY,,41
7880,ORD007880,LIMIT,BUY,99.74,9
7881,ORD007881,MARKET,SELL,,76
7882,ORD007882,MARKET,SELL,,80
7883,ORD007883,LIMIT,BUY,98.47,76
7884,ORD007884,MARKET,SELL,,46
7885,ORD007885,LIMIT,BUY,98.64,26
7886,ORD007886,LIMIT,SELL,101.72,59
7887,ORD007887,MARKET,SELL,,52
7888,ORD007888,MARKET,SELL,,75
7889,ORD007889,MARKET,SELL,,14
7890,ORD007890,MARKET,BUY,,19
7891,ORD007891,MARKET,SELL,,25
7892,ORD007892,MARKET,BUY,,1
7893,ORD007893,LIMIT,BUY,100.19,79
7894,ORD007894,MARKET,BUY,,20
7895,ORD007895,MARKET,BUY,,42
7896,ORD007896,LIMIT,SELL,101.72,10
7897,ORD007897,LIMIT,SELL,99.59,25
7898,ORD007898,MARKET,SELL,,83
7899,ORD007899,MARKET,SELL,,88
7900,ORD007900,MARKET,BUY,,43
7901,ORD007901,MARKET,SELL,,21
7902,ORD002095,CANCEL,,,
7903,ORD007903,MARKET,BUY,,33
7904,ORD007904,MARKET,BUY,,32
7905,ORD007905,MARKET,BUY,,11
7906,ORD007906,LIMIT,BUY,98.57,50
7907,ORD007907,LIMIT,BUY,100.0,44
7908,ORD007908,MARKET,SELL,,7
7909,ORD007909,MARKET,BUY,,32
7910,ORD007910,MARKET,BUY,,74
7911,ORD007911,MARKET,SELL,,25
7912,ORD007912,MARKET,BUY,,98
7913,ORD007913,MARKET,BUY,,22
7914,ORD007914,MARKET,BUY,,52
7915,ORD007915,LIMIT,BUY,98.84,33
7916,ORD007916,LIMIT,BUY,100.39,43
7917,ORD007917,MARKET,BUY,,26
7918,ORD007918,LIMIT,SELL,99.53,67
7919,ORD007919,MARKET,BUY,,56
7920,ORD007920,LIMIT,SELL,100.6,79
7921,ORD007921,LIMIT,SELL,100.87,73
7922,ORD007922,MARKET,SELL,,39
7923,ORD007923,MARKET,BUY,,75
7924,ORD007924,LIMIT,BUY,98.4,75
7925,ORD007925,LIMIT,SELL,100.23,37
7926,ORD001083,CANCEL,,,
7927,ORD007927,LIMIT,SELL,100.49,74
7928,ORD007928,MARKET,BUY,,22
7929,ORD007929,MARKET,BUY,,16
7930,ORD007930,MARKET,BUY,,39
7931,ORD007931,MARKET,BUY,,65
7932,ORD007932,MARKET,SELL,,65
7933,ORD007933,MARKET,SELL,,80
7934,ORD007934,LIMIT,BUY,98.37,24
7935,ORD007935,MARKET,BUY,,50
7936,ORD007936,LIMIT,SELL,101.88,54
7937,ORD007937,LIMIT,SELL,100.94,41
7938,ORD007938,LIMIT,BUY,99.4,4
7939,ORD007939,MARKET,BUY,,67
7940,ORD007940,MARKET,BUY,,46
7941,ORD007941,LIMIT,BUY,98.59,24
7942,ORD007942,LIMIT,BUY,98.37,93
7943,ORD007943,MARKET,SELL,,51
7944,ORD007944,LIMIT,BUY,100.5,21
7945,ORD001697,CANCEL,,,
7946,ORD007946,MARKET,SELL,,69
7947,ORD007947,LIMIT,BUY,99.19,4
7948,ORD007948,LIMIT,BUY,99.83,84
7949,ORD007949,LIMIT,SELL,101.77,55
7950,ORD007950,MARKET,SELL,,70
7951,ORD007951,MARKET,SELL,,18
7952,ORD007952,LIMIT,SELL,99.95,38
7953,ORD007953,MARKET,BUY,,28
7954,ORD007954,LIMIT,SELL,99.55,87
7955,ORD007955,LIMIT,SELL,99.86,60
7956,ORD007956,MARKET,BUY,,24
7957,ORD007957,LIMIT,SELL,100.59,86
7958,ORD007958,LIMIT,BUY,99.21,56
7959,ORD007959,LIMIT,BUY,98.8,24
7960,ORD007960,LIMIT,BUY,98.42,66
7961,ORD007961,LIMIT,SELL,101.93,81
7962,ORD007962,LIMIT,SELL,100.57,3
7963,ORD007963,MARKET,BUY,,84
7964,ORD007964,LIMIT,SELL,100.64,84
7965,ORD007965,LIMIT,SELL,99.68,11
7966,ORD007966,LIMIT,BUY,99.63,41
7967,ORD007967,LIMIT,SELL,100.37,61
7968,ORD007968,MARKET,BUY,,48
7969,ORD005920,CANCEL,,,
7970,ORD007970,LIMIT,SELL,101.15,79
7971,ORD007971,MARKET,SELL,,45
7972,ORD007972,LIMIT,SELL,100.54,99
7973,ORD007973,LIMIT,BUY,100.28,46
7974,ORD007974,LIMIT,SELL,101.35,36
7975,ORD007975,LIMIT,BUY,99.46,44
7976,ORD007976,LIMIT,BUY,99.86,79
7977,ORD007977,MARKET,SELL,,53
7978,ORD007978,MARKET,SELL,,96
7979,ORD007979,MARKET,BUY,,53
7980,ORD007980,MARKET,SELL,,30
7981,ORD007981,MARKET,SELL,,97
7982,ORD007982,LIMIT,BUY,98.84,4
7983,ORD007983,MARKET,SELL,,19
7984,ORD007984,MARKET,SELL,,90
7985,ORD007985,LIMIT,SELL,101.89,91
7986,ORD007986,MARKET,BUY,,70
7987,ORD007987,MARKET,BUY,,68
7988,ORD007988,MARKET,BUY,,40
7989,ORD007989,LIMIT,SELL,101.89,16
7990,ORD007990,MARKET,BUY,,41
7991,ORD007991,MARKET,SELL,,64
7992,ORD007992,MARKET,BUY,,40
7993,ORD007993,MARKET,BUY,,14
7994,ORD007994,MARKET,SELL,,31
7995,ORD007995,LIMIT,SELL,100.34,75
7996,ORD007996,MARKET,BUY,,69
7997,ORD007997,MARKET,BUY,,54
7998,ORD007998,LIMIT,SELL,101.19,6
7999,ORD007999,MARKET,BUY,,91
8000,ORD008000,MARKET,BUY,,18
8001,ORD008001,MARKET,SELL,,82
8002,ORD008002,LIMIT,SELL,101.08,24
8003,ORD008003,LIMIT,SELL,100.93,2
8004,ORD008004,LIMIT,BUY,98.7,83
8005,ORD008005,MARKET,SELL,,93
8006,ORD008006,MARKET,SELL,,6
8007,ORD008007,LIMIT,BUY,100.01,38
8008,ORD008008,MARKET,BUY,,81
8009,ORD008009,MARKET,BUY,,44
8010,ORD008010,LIMIT,SELL,99.83,93
8011,ORD008011,LIMIT,BUY,98.32,30
8012,ORD008012,MARKET,SELL,,89
8013,ORD008013,MARKET,BUY,,100
8014,ORD008014,LIMIT,SELL,101.77,59
8015,ORD008015,LIMIT,SELL,101.79,9
8016,ORD008016,MARKET,SELL,,10
8017,ORD008017,LIMIT,BUY,98.21,74
8018,ORD008018,LIMIT,SELL,101.5,6
8019,ORD008019,MARKET,SELL,,36
8020,ORD008020,MARKET,SELL,,95
8021,ORD008021,LIMIT,BUY,99.98,93
8022,ORD008022,LIMIT,BUY,100.25,4
8023,ORD008023,LIMIT,SELL,101.32,6
8024,ORD008024,MARKET,BUY,,63
8025,ORD008025,LIMIT,SELL,101.77,14
8026,ORD008026,MARKET,SELL,,51
8027,ORD008027,MARKET,BUY,,36
8028,ORD008028,LIMIT,BUY,99.46,58
8029,ORD008029,MARKET,SELL,,53
8030,ORD008030,LIMIT,SELL,101.74,2
8031,ORD008031,LIMIT,BUY,100.41,10
8032,ORD008032,MARKET,BUY,,85
8033,ORD008033,LIMIT,BUY,98.87,88
8034,ORD008034,LIMIT,SELL,101.18,35
8035,ORD008035,MARKET,BUY,,67
8036,ORD008036,MARKET,SELL,,90
8037,ORD008037,LIMIT,BUY,100.24,18
8038,ORD008038,LIMIT,BUY,98.08,5
8039,ORD008039,LIMIT,BUY,98.02,36
8040,ORD007713,CANCEL,,,
8041,ORD008041,LIMIT,SELL,99.67,16
8042,ORD008042,MARKET,SELL,,89
8043,ORD008043,LIMIT,SELL,99.54,36
8044,ORD008044,LIMIT,BUY,100.46,71
8045,ORD008045,MARKET,SELL,,54
8046,ORD008046,MARKET,SELL,,56
8047,ORD008047,MARKET,SELL,,64
8048,ORD008048,LIMIT,SELL,100.54,11
8049,ORD008049,LIMIT,BUY,99.26,60
8050,ORD008050,MARKET,BUY,,42
8051,ORD008051,LIMIT,BUY,99.65,29
8052,ORD008052,MARKET,BUY,,18
8053,ORD008053,LIMIT,SELL,101.43,73
8054,ORD008054,LIMIT,SELL,100.14,87
8055,ORD008055,LIMIT,BUY,98.14,30
8056,ORD008056,LIMIT,BUY,99.11,77
8057,ORD008057,MARKET,BUY,,74
8058,ORD008058,MARKET,SELL,,68
8059,ORD008059,MARKET,BUY,,66
8060,ORD008060,MARKET,SELL,,32
8061,ORD008061,LIMIT,SELL,101.22,48
8062,ORD008062,MARKET,BUY,,48
8063,ORD008063,MARKET,SELL,,32
8064,ORD008064,MARKET,SELL,,94
8065,ORD008065,LIMIT,SELL,101.52,61
8066,ORD008066,MARKET,SELL,,18
8067,ORD008067,MARKET,BUY,,10
8068,ORD008068,MARKET,SELL,,9
8069,ORD008069,LIMIT,BUY,98.07,2
8070,ORD008070,LIMIT,BUY,99.62,27
8071,ORD008071,MARKET,BUY,,17
8072,ORD008072,MARKET,SELL,,83
8073,ORD008073,LIMIT,SELL,101.87,96
8074,ORD008074,LIMIT,BUY,99.67,41
8075,ORD008075,MARKET,BUY,,53
8076,ORD008076,LIMIT,SELL,101.05,92
8077,ORD008077,LIMIT,SELL,100.53,90
8078,ORD008078,LIMIT,SELL,100.32,27
8079,ORD008079,LIMIT,SELL,99.89,68
8080,ORD008080,MARKET,SELL,,14
8081,ORD008081,LIMIT,SELL,99.96,25
8082,ORD008082,LIMIT,SELL,100.98,45
8083,ORD008083,LIMIT,BUY,99.84,81
8084,ORD008084,LIMIT,BUY,98.08,4
8085,ORD008085,MARKET,SELL,,64
8086,ORD008086,LIMIT,BUY,100.21,81
8087,ORD008087,MARKET,BUY,,38
8088,ORD008088,MARKET,SELL,,91
8089,ORD008089,MARKET,SELL,,33
8090,ORD008090,LIMIT,SELL,100.16,76
8091,ORD008091,MARKET,SELL,,7
8092,ORD000120,CANCEL,,,
8093,ORD008093,MARKET,BUY,,70
8094,ORD008094,MARKET,SELL,,47
8095,ORD008095,MARKET,SELL,,30
8096,ORD008096,LIMIT,SELL,101.66,84
8097,ORD008097,LIMIT,BUY,98.35,3
8098,ORD008098,MARKET,SELL,,21
8099,ORD008099,LIMIT,SELL,100.39,26
8100,ORD008100,MARKET,BUY,,56
8101,ORD008101,MARKET,BUY,,81
8102,ORD008102,MARKET,SELL,,73
8103,ORD008103,MARKET,BUY,,14
8104,ORD008104,MARKET,SELL,,88
8105,ORD008105,MARKET,BUY,,48
8106,ORD008106,LIMIT,BUY,100.45,100
8107,ORD008107,LIMIT,BUY,99.49,68
8108,ORD008108,LIMIT,SELL,100.65,74
8109,ORD008109,MARKET,BUY,,64
8110,ORD008110,LIMIT,SELL,101.31,44
8111,ORD008111,LIMIT,SELL,101.37,46
8112,ORD008112,LIMIT,SELL,101.33,15
8113,ORD008113,LIMIT,BUY,99.23,37
8114,ORD008114,MARKET,BUY,,14
8115,ORD008115,LIMIT,BUY,100.33,36
8116,ORD008116,MARKET,BUY,,27
8117,ORD008117,MARKET,BUY,,14
8118,ORD008118,LIMIT,SELL,101.42,36
8119,ORD008119,LIMIT,SELL,100.47,85
8120,ORD008120,MARKET,BUY,,49
8121,ORD008121,LIMIT,BUY,100.41,45
8122,ORD001658,CANCEL,,,
8123,ORD008123,LIMIT,BUY,99.51,5
8124,ORD008124,LIMIT,SELL,100.35,46
8125,ORD008125,MARKET,BUY,,54
8126,ORD008126,MARKET,SELL,,80
8127,ORD008127,MARKET,SELL,,97
8128,ORD008128,MARKET,SELL,,18
8129,ORD008129,LIMIT,BUY,99.92,75
8130,ORD008130,MARKET,SELL,,2
8131,ORD008131,MARKET,BUY,,97
8132,ORD008132,MARKET,SELL,,81
8133,ORD008133,LIMIT,SELL,100.92,49
8134,ORD008134,MARKET,SELL,,64
8135,ORD008135,MARKET,SELL,,15
8136,ORD008136,MARKET,SELL,,72
8137,ORD008137,MARKET,BUY,,59
8138,ORD008138,MARKET,SELL,,80
8139,ORD008139,MARKET,BUY,,30
8140,ORD008140,LIMIT,BUY,100.47,36
8141,ORD008141,LIMIT,SELL,99.63,99
8142,ORD008142,LIMIT,SELL,101.99,78
8143,ORD008143,LIMIT,BUY,99.03,92
8144,ORD006370,CANCEL,,,
8145,ORD008145,MARKET,BUY,,72
8146,ORD008146,MARKET,SELL,,21
8147,ORD008147,LIMIT,BUY,100.11,36
8148,ORD008148,LIMIT,BUY,99.61,42
8149,ORD008149,MARKET,BUY,,27
8150,ORD008150,LIMIT,SELL,101.77,80
8151,ORD008151,LIMIT,SELL,99.79,47
8152,ORD008152,MARKET,BUY,,26
8153,ORD005863,CANCEL,,,
8154,ORD008154,LIMIT,BUY,100.16,78
8155,ORD008155,MARKET,BUY,,2
8156,ORD008156,MARKET,SELL,,29
8157,ORD008157,MARKET,BUY,,81
8158,ORD008158,LIMIT,SELL,100.79,63
8159,ORD008159,LIMIT,SELL,99.51,44
8160,ORD008160,MARKET,BUY,,6
8161,ORD008161,MARKET,SELL,,32
8162,ORD008162,LIMIT,SELL,99.82,23
8163,ORD008163,MARKET,SELL,,16
8164,ORD008164,MARKET,BUY,,29
8165,ORD008165,LIMIT,SELL,100.31,6
8166,ORD008166,LIMIT,SELL,99.87,63
8167,ORD008167,LIMIT,SELL,101.82,78
8168,ORD008168,MARKET,SELL,,92
8169,ORD008169,MARKET,SELL,,5
8170,ORD008170,LIMIT,SELL,101.34,90
8171,ORD008171,LIMIT,SELL,100.62,80
8172,ORD008172,MARKET,BUY,,83
8173,ORD008173,MARKET,SELL,,20
8174,ORD008174,LIMIT,SELL,100.76,80
8175,ORD008175,LIMIT,SELL,101.73,28
8176,ORD008176,MARKET,BUY,,21
8177,ORD008177,LIMIT,BUY,98.27,95
8178,ORD008178,LIMIT,BUY,98.65,32
8179,ORD008179,LIMIT,SELL,100.18,1
8180,ORD008180,LIMIT,SELL,100.0,45
8181,ORD008181,MARKET,SELL,,75
8182,ORD008182,LIMIT,SELL,101.76,18
8183,ORD008183,LIMIT,BUY,100.37,21
8184,ORD008184,LIMIT,BUY,99.94,16
8185,ORD008185,LIMIT,SELL,101.98,10
8186,ORD008186,MARKET,BUY,,71
8187,ORD008187,LIMIT,SELL,101.66,45
8188,ORD008188,MARKET,BUY,,19
8189,ORD008189,MARKET,BUY,,50
8190,ORD008190,LIMIT,BUY,99.96,1
8191,ORD008191,LIMIT,SELL,101.53,28
8192,ORD008192,LIMIT,BUY,98.51,26
8193,ORD008193,MARKET,SELL,,32
8194,ORD008194,MARKET,SELL,,25
8195,ORD008195,MARKET,SELL,,69
8196,ORD008196,LIMIT,SELL,101.51,4
8197,ORD008197,MARKET,BUY,,4
8198,ORD008198,MARKET,SELL,,36
8199,ORD008199,LIMIT,BUY,98.08,7
8200,ORD008200,LIMIT,BUY,99.65,40
8201,ORD008201,MARKET,SELL,,72
8202,ORD008202,MARKET,SELL,,90
8203,ORD008203,LIMIT,BUY,100.27,62
8204,ORD008204,LIMIT,SELL,101.35,33
8205,ORD008205,MARKET,SELL,,68
8206,ORD008206,MARKET,SELL,,36
8207,ORD008207,LIMIT,SELL,101.07,33
8208,ORD008208,MARKET,SELL,,27
8209,ORD008209,MARKET,BUY,,21
8210,ORD008210,LIMIT,BUY,99.46,68
8211,ORD008211,MARKET,BUY,,73
8212,ORD008212,MARKET,BUY,,16
8213,ORD008213,LIMIT,BUY,98.02,92
8214,ORD008214,LIMIT,SELL,100.38,59
8215,ORD008215,MARKET,SELL,,86
8216,ORD008216,LIMIT,SELL,100.45,1
8217,ORD008217,LIMIT,SELL,101.59,74
8218,ORD008218,MARKET,BUY,,95
8219,ORD008219,LIMIT,SELL,100.73,86
8220,ORD008220,LIMIT,SELL,101.54,93
8221,ORD008221,LIMIT,SELL,100.7,51
8222,ORD003939,CANCEL,,,
8223,ORD008223,LIMIT,SELL,99.85,56
8224,ORD008224,LIMIT,SELL,99.68,47
8225,ORD008225,LIMIT,SELL,100.98,65
8226,ORD008226,MARKET,BUY,,39
8227,ORD008227,MARKET,BUY,,56
8228,ORD008228,LIMIT,SELL,100.54,78
8229,ORD008229,LIMIT,SELL,100.08,68
8230,ORD008230,MARKET,SELL,,49
8231,ORD008231,MARKET,BUY,,56
8232,ORD008232,MARKET,BUY,,12
8233,ORD008233,MARKET,BUY,,70
8234,ORD008234,MARKET,BUY,,3
8235,ORD008235,LIMIT,BUY,100.0,66
8236,ORD008236,MARKET,BUY,,33
8237,ORD008237,MARKET,SELL,,64
8238,ORD008238,LIMIT,BUY,98.89,73
8239,ORD008239,MARKET,SELL,,25
8240,ORD008240,LIMIT,SELL,100.37,91
8241,ORD008241,MARKET,BUY,,58
8242,ORD008242,LIMIT,BUY,99.14,12
8243,ORD008243,MARKET,SELL,,51
8244,ORD008244,LIMIT,SELL,100.12,27
8245,ORD008245,LIMIT,SELL,101.36,56
8246,ORD008246,MARKET,BUY,,69
8247,ORD008247,LIMIT,SELL,100.47,6
8248,ORD008248,LIMIT,BUY,100.29,56
8249,ORD008249,LIMIT,SELL,100.27,61
8250,ORD008250,LIMIT,BUY,98.98,88
8251,ORD008251,MARKET,SELL,,68
8252,ORD008252,MARKET,BUY,,76
8253,ORD008253,MARKET,SELL,,94
8254,ORD008254,MARKET,BUY,,1
8255,ORD008255,LIMIT,SELL,101.02,8
8256,ORD008256,LIMIT,SELL,101.35,17
8257,ORD008257,LIMIT,BUY,99.65,21
8258,ORD008258,MARKET,BUY,,47
8259,ORD008259,LIMIT,BUY,100.25,94
8260,ORD008260,LIMIT,BUY,100.04,93
8261,ORD008261,MARKET,BUY,,13
8262,ORD008262,MARKET,SELL,,81
8263,ORD008263,LIMIT,BUY,98.88,67
8264,ORD008264,LIMIT,BUY,98.96,42
8265,ORD008265,LIMIT,BUY,98.04,7
8266,ORD008266,MARKET,SELL,,77
8267,ORD008267,MARKET,SELL,,36
8268,ORD008268,MARKET,BUY,,37
8269,ORD008269,LIMIT,BUY,98.87,63
8270,ORD008270,LIMIT,BUY,99.86,28
8271,ORD008271,LIMIT,BUY,99.29,75
8272,ORD008272,MARKET,SELL,,34
8273,ORD008273,LIMIT,SELL,100.01,4
8274,ORD008274,MARKET,BUY,,13
8275,ORD008275,MARKET,BUY,,43
8276,ORD008276,LIMIT,BUY,98.32,63
8277,ORD008277,MARKET,BUY,,46
8278,ORD008278,MARKET,SELL,,57
8279,ORD008279,MARKET,SELL,,29
8280,ORD008280,LIMIT,SELL,99.77,60
8281,ORD008281,LIMIT,BUY,99.02,14
8282,ORD008282,LIMIT,BUY,100.0,74
8283,ORD008283,LIMIT,BUY,98.45,91
8284,ORD008284,LIMIT,BUY,98.86,83
8285,ORD008285,LIMIT,SELL,100.06,32
8286,ORD008286,MARKET,SELL,,80
8287,ORD008287,LIMIT,SELL,101.73,58
8288,ORD008288,LIMIT,BUY,100.08,9
8289,ORD008289,MARKET,BUY,,15
8290,ORD008290,MARKET,BUY,,57
8291,ORD008291,LIMIT,BUY,99.97,41
8292,ORD008292,LIMIT,BUY,100.01,11
8293,ORD008293,MARKET,BUY,,87
8294,ORD008294,MARKET,BUY,,91
8295,ORD008295,LIMIT,SELL,99.61,92
8296,ORD008296,MARKET,SELL,,33
8297,ORD008297,MARKET,SELL,,33
8298,ORD008298,LIMIT,BUY,99.41,54
8299,ORD008299,MARKET,SELL,,89
8300,ORD008300,LIMIT,BUY,99.16,20
8301,ORD008301,MARKET,SELL,,65
8302,ORD008302,MARKET,BUY,,7
8303,ORD008303,LIMIT,SELL,100.3,62
8304,ORD008304,MARKET,BUY,,97
8305,ORD008305,MARKET,BUY,,76
8306,ORD000808,CANCEL,,,
8307,ORD008307,LIMIT,BUY,98.35,66
8308,ORD008308,LIMIT,SELL,100.69,58
8309,ORD008309,MARKET,SELL,,71
8310,ORD008310,MARKET,SELL,,85
8311,ORD008311,LIMIT,SELL,100.1,36
8312,ORD008312,MARKET,BUY,,92
8313,ORD008313,MARKET,SELL,,98
8314,ORD008314,LIMIT,SELL,101.43,43
8315,ORD008315,LIMIT,SELL,100.33,60
8316,ORD008316,MARKET,BUY,,97
8317,ORD008317,MARKET,SELL,,94
8318,ORD008318,MARKET,SELL,,87
8319,ORD008319,LIMIT,SELL,100.52,53
8320,ORD007975,CANCEL,,,
8321,ORD008321,LIMIT,BUY,99.12,41
8322,ORD008322,LIMIT,SELL,100.79,82
8323,ORD008323,LIMIT,BUY,98.46,17
8324,ORD008324,MARKET,SELL,,62
8325,ORD008325,LIMIT,SELL,99.99,83
8326,ORD008326,MARKET,SELL,,6
8327,ORD008327,MARKET,SELL,,55
8328,ORD008328,MARKET,BUY,,61
8329,ORD001016,CANCEL,,,
8330,ORD008330,MARKET,SELL,,76
8331,ORD008331,MARKET,BUY,,100
8332,ORD008332,MARKET,BUY,,86
8333,ORD008333,MARKET,BUY,,82
8334,ORD008334,LIMIT,BUY,99.68,40
8335,ORD008335,LIMIT,BUY,98.06,56
8336,ORD008336,MARKET,SELL,,7
8337,ORD008337,LIMIT,SELL,100.03,85
8338,ORD008338,MARKET,SELL,,88
8339,ORD008339,LIMIT,BUY,99.1,20
8340,ORD008340,MARKET,SELL,,51
8341,ORD008341,LIMIT,SELL,100.05,88
8342,ORD008342,MARKET,SELL,,53
8343,ORD008343,LIMIT,SELL,99.54,42
8344,ORD008344,MARKET,BUY,,82
8345,ORD008345,LIMIT,SELL,100.44,73
8346,ORD008346,MARKET,BUY,,100
8347,ORD008347,LIMIT,SELL,99.9,32
8348,ORD008348,LIMIT,SELL,101.7,70
8349,ORD008349,MARKET,BUY,,8
8350,ORD008350,MARKET,SELL,,25
8351,ORD008351,MARKET,BUY,,33
8352,ORD008352,MARKET,SELL,,14
8353,ORD001289,CANCEL,,,
8354,ORD008354,LIMIT,SELL,101.36,12
8355,ORD008355,LIMIT,SELL,100.49,65
8356,ORD008356,LIMIT,SELL,101.37,90
8357,ORD008357,LIMIT,SELL,101.04,22
8358,ORD008358,LIMIT,SELL,101.96,3
8359,ORD008359,MARKET,SELL,,55
8360,ORD008360,MARKET,SELL,,12
8361,ORD008361,MARKET,SELL,,72
8362,ORD008362,LIMIT,BUY,98.59,13
8363,ORD008363,MARKET,BUY,,75
8364,ORD008364,MARKET,SELL,,75
8365,ORD008365,LIMIT,BUY,99.97,27
8366,ORD008366,LIMIT,SELL,101.46,81
8367,ORD008367,MARKET,BUY,,87
8368,ORD008368,LIMIT,BUY,98.07,50
8369,ORD008369,MARKET,SELL,,1
8370,ORD008370,LIMIT,BUY,98.91,28
8371,ORD008371,MARKET,BUY,,51
8372,ORD008372,LIMIT,BUY,98.73,1
8373,ORD008373,MARKET,BUY,,63
8374,ORD002845,CANCEL,,,
8375,ORD008375,MARKET,SELL,,5
8376,ORD008376,LIMIT,BUY,99.51,32
8377,ORD008377,MARKET,SELL,,41
8378,ORD008378,MARKET,BUY,,1
8379,ORD008379,LIMIT,BUY,98.94,44
8380,ORD008380,LIMIT,BUY,98.44,38
8381,ORD008381,MARKET,BUY,,28
8382,ORD008382,MARKET,SELL,,10
8383,ORD008383,MARKET,SELL,,80
8384,ORD008384,LIMIT,SELL,99.65,92
8385,ORD008385,MARKET,SELL,,62
8386,ORD008386,LIMIT,BUY,100.11,7
8387,ORD002788,CANCEL,,,
8388,ORD008388,LIMIT,BUY,99.36,94
8389,ORD008389,MARKET,BUY,,27
8390,ORD008390,LIMIT,SELL,99.53,48
8391,ORD008391,MARKET,BUY,,90
8392,ORD008392,MARKET,BUY,,95
8393,ORD008393,LIMIT,BUY,98.96,47
8394,ORD008394,LIMIT,BUY,98.22,15
8395,ORD008395,LIMIT,SELL,101.31,22
8396,ORD008396,MARKET,BUY,,50
8397,ORD008397,MARKET,BUY,,97
8398,ORD008398,LIMIT,SELL,99.78,56
8399,ORD008399,LIMIT,SELL,101.35,53
8400,ORD008400,MARKET,BUY,,13
8401,ORD008401,LIMIT,SELL,101.39,56
8402,ORD008402,MARKET,BUY,,6
8403,ORD008403,MARKET,SELL,,88
8404,ORD008404,MARKET,SELL,,3
8405,ORD008405,MARKET,BUY,,26
8406,ORD008406,LIMIT,SELL,99.65,44
8407,ORD003673,CANCEL,,,
8408,ORD008408,LIMIT,BUY,99.25,21
8409,ORD008409,LIMIT,SELL,100.62,30
8410,ORD008410,MARKET,SELL,,79
8411,ORD008411,LIMIT,BUY,99.82,4
8412,ORD008412,MARKET,SELL,,38
8413,ORD008413,LIMIT,SELL,100.08,42
8414,ORD008414,MARKET,BUY,,21
8415,ORD008415,LIMIT,SELL,101.95,32
8416,ORD008416,LIMIT,BUY,99.41,16
8417,ORD008417,MARKET,BUY,,47
8418,ORD008418,MARKET,BUY,,25
8419,ORD008419,LIMIT,SELL,101.62,69
8420,ORD006500,CANCEL,,,
8421,ORD008421,MARKET,SELL,,39
8422,ORD003598,CANCEL,,,
8423,ORD008423,LIMIT,SELL,101.58,61
8424,ORD008424,MARKET,BUY,,86
8425,ORD008425,LIMIT,SELL,101.64,73
8426,ORD008426,LIMIT,SELL,101.08,12
8427,ORD008427,LIMIT,SELL,100.62,85
8428,ORD008428,LIMIT,SELL,100.86,11
8429,ORD008429,LIMIT,BUY,100.28,13
8430,ORD008430,LIMIT,SELL,100.34,53
8431,ORD008431,MARKET,SELL,,54
8432,ORD008432,MARKET,SELL,,73
8433,ORD008433,MARKET,BUY,,5
8434,ORD008434,MARKET,BUY,,40
8435,ORD008435,LIMIT,SELL,100.67,6
8436,ORD008436,LIMIT,BUY,99.39,33
8437,ORD008437,LIMIT,SELL,100.26,65
8438,ORD008438,MARKET,SELL,,18
8439,ORD008439,LIMIT,BUY,98.15,46
8440,ORD008440,LIMIT,BUY,99.31,72
8441,ORD008441,MARKET,BUY,,65
8442,ORD008442,LIMIT,SELL,101.05,25
8443,ORD008443,LIMIT,SELL,101.73,81
8444,ORD007244,CANCEL,,,
8445,ORD008445,LIMIT,BUY,99.53,74
8446,ORD008446,MARKET,SELL,,78
8447,ORD008447,LIMIT,SELL,100.22,37
8448,ORD008448,MARKET,SELL,,72
8449,ORD008449,LIMIT,SELL,100.37,91
8450,ORD008450,LIMIT,BUY,99.38,85
8451,ORD008451,LIMIT,BUY,98.39,32
8452,ORD008452,LIMIT,BUY,100.14,1
8453,ORD008453,MARKET,BUY,,14
8454,ORD008454,MARKET,BUY,,100
8455,ORD008455,LIMIT,SELL,99.83,48
8456,ORD008456,MARKET,BUY,,89
8457,ORD008457,LIMIT,BUY,99.04,52
8458,ORD008458,MARKET,SELL,,28
8459,ORD008459,MARKET,SELL,,36
8460,ORD008460,LIMIT,SELL,99.79,84
8461,ORD008461,MARKET,BUY,,38
8462,ORD008462,MARKET,BUY,,60
8463,ORD008463,MARKET,SELL,,73
8464,ORD008464,MARKET,SELL,,11
8465,ORD008465,MARKET,SELL,,81
8466,ORD008466,MARKET,SELL,,15
8467,ORD008467,MARKET,BUY,,15
8468,ORD008468,MARKET,SELL,,63
8469,ORD008469,LIMIT,BUY,99.65,37
8470,ORD008470,MARKET,SELL,,57
8471,ORD008471,MARKET,SELL,,80
8472,ORD008472,MARKET,SELL,,83
8473,ORD008473,MARKET,BUY,,1
8474,ORD008474,LIMIT,SELL,100.15,84
8475,ORD008475,LIMIT,BUY,99.2,73
8476,ORD008476,MARKET,BUY,,60
8477,ORD008477,MARKET,BUY,,95
8478,ORD008478,MARKET,BUY,,65
8479,ORD008479,MARKET,SELL,,39
8480,ORD008480,LIMIT,BUY,99.34,88
8481,ORD008481,LIMIT,SELL,100.27,96
8482,ORD008281,CANCEL,,,
8483,ORD008483,LIMIT,SELL,99.53,54
8484,ORD008484,MARKET,SELL,,4
8485,ORD008485,MARKET,SELL,,58
8486,ORD008486,LIMIT,BUY,98.37,9
8487,ORD008487,LIMIT,SELL,101.25,5
8488,ORD008488,MARKET,BUY,,99
8489,ORD008489,MARKET,BUY,,2
8490,ORD008490,MARKET,BUY,,18
8491,ORD008491,MARKET,BUY,,6
8492,ORD002958,CANCEL,,,
8493,ORD008493,LIMIT,BUY,99.2,72
8494,ORD008494,LIMIT,SELL,101.91,66
8495,ORD008495,MARKET,BUY,,23
8496,ORD008496,LIMIT,SELL,100.16,90
8497,ORD008497,MARKET,SELL,,5
8498,ORD008498,LIMIT,SELL,101.04,82
8499,ORD008499,LIMIT,SELL,100.15,5
8500,ORD008500,MARKET,BUY,,36
8501,ORD008501,MARKET,BUY,,2
8502,ORD008502,LIMIT,BUY,98.42,91
8503,ORD008503,MARKET,SELL,,46
8504,ORD008504,LIMIT,BUY,100.32,42
8505,ORD008505,MARKET,SELL,,42
8506,ORD008506,MARKET,SELL,,97
8507,ORD008507,LIMIT,BUY,98.07,41
8508,ORD008508,LIMIT,SELL,101.0,69
8509,ORD008509,MARKET,BUY,,56
8510,ORD003568,CANCEL,,,
8511,ORD008511,MARKET,BUY,,76
8512,ORD008512,LIMIT,SELL,100.84,41
8513,ORD003229,CANCEL,,,
8514,ORD008514,LIMIT,BUY,100.44,44
8515,ORD008515,LIMIT,SELL,101.69,68
8516,ORD008516,LIMIT,SELL,101.91,55
8517,ORD008517,MARKET,SELL,,40
8518,ORD008518,MARKET,SELL,,63
8519,ORD008519,LIMIT,BUY,98.22,12
8520,ORD008520,MARKET,BUY,,85
8521,ORD008521,LIMIT,SELL,100.21,14
8522,ORD008522,LIMIT,BUY,98.86,38
8523,ORD008523,LIMIT,SELL,101.02,30
8524,ORD008524,MARKET,SELL,,21
8525,ORD008525,MARKET,BUY,,59
8526,ORD008526,MARKET,SELL,,58
8527,ORD008527,LIMIT,SELL,101.82,100
8528,ORD008528,LIMIT,SELL,100.71,33
8529,ORD008529,LIMIT,SELL,101.37,43
8530,ORD008530,LIMIT,BUY,100.35,96
8531,ORD008531,MARKET,SELL,,76
8532,ORD008532,MARKET,BUY,,63
8533,ORD008533,LIMIT,BUY,100.13,76
8534,ORD008534,LIMIT,BUY,99.41,98
8535,ORD008535,MARKET,SELL,,21
8536,ORD008536,MARKET,SELL,,87
8537,ORD008537,MARKET,BUY,,29
8538,ORD008538,MARKET,SELL,,57
8539,ORD005968,CANCEL,,,
8540,ORD008540,MARKET,BUY,,92
8541,ORD008541,MARKET,BUY,,54
8542,ORD008542,MARKET,SELL,,41
8543,ORD008543,MARKET,SELL,,26
8544,ORD008544,MARKET,SELL,,32
8545,ORD008545,MARKET,SELL,,40
8546,ORD008546,LIMIT,SELL,99.55,8
8547,ORD008547,MARKET,BUY,,32
8548,ORD008548,MARKET,SELL,,68
8549,ORD008549,MARKET,SELL,,19
8550,ORD008550,LIMIT,SELL,101.99,25
8551,ORD008551,MARKET,BUY,,92
8552,ORD008552,MARKET,BUY,,50
8553,ORD002856,CANCEL,,,
8554,ORD008554,MARKET,BUY,,48
8555,ORD008555,LIMIT,BUY,98.75,54
8556,ORD008556,MARKET,SELL,,24
8557,ORD008557,MARKET,BUY,,61
8558,ORD008558,LIMIT,BUY,99.71,9
8559,ORD002811,CANCEL,,,
8560,ORD008560,LIMIT,SELL,101.31,53
8561,ORD008561,LIMIT,SELL,100.64,54
8562,ORD008562,MARKET,SELL,,46
8563,ORD008563,LIMIT,SELL,99.65,33
8564,ORD008564,LIMIT,BUY,100.01,90
8565,ORD008565,LIMIT,SELL,101.3,14
8566,ORD008566,MARKET,BUY,,27
8567,ORD008567,MARKET,SELL,,7
8568,ORD008568,MARKET,BUY,,32
8569,ORD008569,MARKET,BUY,,87
8570,ORD008570,MARKET,BUY,,84
8571,ORD008571,LIMIT,SELL,99.57,3
8572,ORD008572,MARKET,SELL,,18
8573,ORD008573,MARKET,SELL,,57
8574,ORD008574,MARKET,BUY,,16
8575,ORD008575,MARKET,SELL,,65
8576,ORD008576,MARKET,BUY,,54
8577,ORD008577,LIMIT,BUY,98.64,18
8578,ORD008578,MARKET,SELL,,23
8579,ORD008579,MARKET,BUY,,42
8580,ORD008580,MARKET,BUY,,86
8581,ORD002697,CANCEL,,,
8582,ORD008582,LIMIT,SELL,100.02,60
8583,ORD008583,MARKET,BUY,,24
8584,ORD008584,LIMIT,BUY,100.23,92
8585,ORD008585,LIMIT,SELL,100.4,11
8586,ORD008586,LIMIT,SELL,99.67,91
8587,ORD008587,MARKET,SELL,,51
8588,ORD008588,LIMIT,SELL,100.58,99
8589,ORD008589,LIMIT,BUY,98.01,34
8590,ORD008590,MARKET,SELL,,20
8591,ORD008591,MARKET,SELL,,47
8592,ORD008592,LIMIT,SELL,101.47,65
8593,ORD008593,LIMIT,SELL,100.37,6
8594,ORD008594,MARKET,SELL,,6
8595,ORD008595,MARKET,BUY,,19
8596,ORD008596,LIMIT,SELL,101.36,65
8597,ORD008597,LIMIT,BUY,98.77,10
8598,ORD008598,LIMIT,BUY,99.24,35
8599,ORD008599,MARKET,SELL,,32
8600,ORD008600,MARKET,BUY,,39
8601,ORD005290,CANCEL,,,
8602,ORD008602,LIMIT,BUY,99.86,50
8603,ORD008603,MARKET,SELL,,23
8604,ORD008604,LIMIT,SELL,101.29,92
8605,ORD008605,LIMIT,BUY,99.9,97
8606,ORD008606,LIMIT,SELL,101.9,88
8607,ORD008607,LIMIT,SELL,100.77,45
8608,ORD008608,MARKET,SELL,,42
8609,ORD008609,LIMIT,SELL,99.7,54
8610,ORD008610,LIMIT,SELL,100.91,54
8611,ORD008611,MARKET,BUY,,53
8612,ORD008612,LIMIT,SELL,100.43,16
8613,ORD008613,LIMIT,BUY,98.18,27
8614,ORD008614,LIMIT,SELL,99.97,34
8615,ORD008615,LIMIT,BUY,98.93,78
8616,ORD008616,MARKET,BUY,,19
8617,ORD008617,LIMIT,SELL,100.63,95
8618,ORD008618,LIMIT,SELL,100.88,68
8619,ORD008619,LIMIT,SELL,99.71,55
8620,ORD008620,MARKET,BUY,,64
8621,ORD008621,LIMIT,SELL,100.47,24
8622,ORD008622,LIMIT,SELL,101.33,55
8623,ORD008623,MARKET,BUY,,16
8624,ORD008624,MARKET,SELL,,92
8625,ORD008625,MARKET,BUY,,27
8626,ORD008626,LIMIT,BUY,99.26,55
8627,ORD008627,LIMIT,BUY,98.91,45
8628,ORD008628,MARKET,SELL,,20
8629,ORD008629,MARKET,BUY,,45
8630,ORD008630,LIMIT,BUY,98.88,59
8631,ORD008631,MARKET,SELL,,78
8632,ORD008632,MARKET,BUY,,39
8633,ORD008633,MARKET,BUY,,96
8634,ORD008634,MARKET,BUY,,97
8635,ORD008635,LIMIT,BUY,98.76,89
8636,ORD008636,LIMIT,BUY,98.81,88
8637,ORD008637,LIMIT,SELL,99.7,72
8638,ORD008638,MARKET,BUY,,32
8639,ORD008639,LIMIT,BUY,99.07,87
8640,ORD008640,LIMIT,SELL,101.96,18
8641,ORD008641,MARKET,SELL,,84
8642,ORD008642,LIMIT,BUY,98.23,21
8643,ORD008643,MARKET,BUY,,78
8644,ORD002506,CANCEL,,,
8645,ORD008645,MARKET,SELL,,30
8646,ORD008646,MARKET,SELL,,65
8647,ORD008647,MARKET,BUY,,42
8648,ORD008648,MARKET,SELL,,25
8649,ORD008649,LIMIT,SELL,101.29,86
8650,ORD008650,LIMIT,SELL,99.58,29
8651,ORD008651,MARKET,BUY,,89
8652,ORD008652,LIMIT,BUY,98.39,33
8653,ORD008653,LIMIT,BUY,99.12,89
8654,ORD008654,LIMIT,SELL,100.96,44
8655,ORD008204,CANCEL,,,
8656,ORD008656,MARKET,BUY,,52
8657,ORD008657,MARKET,BUY,,9
8658,ORD008658,MARKET,SELL,,37
8659,ORD008659,LIMIT,SELL,101.01,65
8660,ORD008660,LIMIT,BUY,100.25,1
8661,ORD008661,MARKET,BUY,,36
8662,ORD008662,MARKET,SELL,,35
8663,ORD008663,MARKET,BUY,,11
8664,ORD008664,MARKET,SELL,,45
8665,ORD008665,LIMIT,BUY,99.76,97
8666,ORD008666,LIMIT,SELL,101.27,73
8667,ORD008667,LIMIT,BUY,100.39,73
8668,ORD008668,LIMIT,SELL,100.24,86
8669,ORD008669,LIMIT,SELL,100.3,62
8670,ORD008670,LIMIT,SELL,99.69,31
8671,ORD008671,MARKET,SELL,,44
8672,ORD007597,CANCEL,,,
8673,ORD008673,LIMIT,BUY,99.46,12
8674,ORD008674,LIMIT,SELL,101.36,66
8675,ORD008675,LIMIT,BUY,99.63,95
8676,ORD008676,LIMIT,SELL,101.39,97
8677,ORD008677,LIMIT,BUY,99.45,37
8678,ORD008678,MARKET,SELL,,50
8679,ORD008679,LIMIT,SELL,100.52,91
8680,ORD008680,LIMIT,BUY,99.1,1
8681,ORD008681,LIMIT,BUY,100.26,82
8682,ORD008682,LIMIT,BUY,98.39,98
8683,ORD008683,MARKET,SELL,,62
8684,ORD008684,MARKET,BUY,,3
8685,ORD008685,MARKET,SELL,,100
8686,ORD008686,LIMIT,BUY,98.94,54
8687,ORD008687,LIMIT,SELL,100.95,90
8688,ORD004510,CANCEL,,,
8689,ORD008689,MARKET,SELL,,37
8690,ORD008690,LIMIT,BUY,99.22,5
8691,ORD008691,LIMIT,SELL,100.0,32
8692,ORD008692,LIMIT,SELL,99.51,96
8693,ORD008693,LIMIT,SELL,101.74,84
8694,ORD008694,LIMIT,BUY,98.13,46
8695,ORD008695,LIMIT,SELL,99.65,21
8696,ORD008696,MARKET,BUY,,76
8697,ORD008697,LIMIT,SELL,100.55,41
8698,ORD008698,LIMIT,SELL,101.74,88
8699,ORD003738,CANCEL,,,
8700,ORD008700,MARKET,SELL,,12
8701,ORD008701,MARKET,SELL,,41
8702,ORD008702,LIMIT,SELL,99.53,4
8703,ORD008703,LIMIT,BUY,100.31,58
8704,ORD008704,MARKET,SELL,,57
8705,ORD008705,LIMIT,BUY,99.82,37
8706,ORD008706,LIMIT,SELL,100.08,74
8707,ORD008707,LIMIT,BUY,98.69,27
8708,ORD008708,LIMIT,SELL,100.44,9
8709,ORD008709,MARKET,BUY,,2
8710,ORD008710,LIMIT,BUY,99.35,33
8711,ORD008711,MARKET,BUY,,9
8712,ORD008712,MARKET,BUY,,46
8713,ORD008713,LIMIT,BUY,98.42,74
8714,ORD008714,MARKET,BUY,,58
8715,ORD008715,LIMIT,BUY,98.57,99
8716,ORD008716,LIMIT,SELL,101.97,50
8717,ORD008717,LIMIT,BUY,98.97,22
8718,ORD008718,LIMIT,SELL,101.59,26
8719,ORD008719,MARKET,SELL,,28
8720,ORD008720,LIMIT,SELL,100.83,37
8721,ORD008721,MARKET,BUY,,13
8722,ORD008722,MARKET,SELL,,89
8723,ORD008723,LIMIT,BUY,100.18,58
8724,ORD008724,MARKET,BUY,,49
8725,ORD008725,LIMIT,BUY,99.18,45
8726,ORD008726,LIMIT,BUY,98.29,29
8727,ORD008727,MARKET,BUY,,61
8728,ORD008728,MARKET,BUY,,58
8729,ORD008729,MARKET,SELL,,76
8730,ORD008730,LIMIT,BUY,100.19,8
8731,ORD008731,MARKET,SELL,,57
8732,ORD008732,LIMIT,SELL,101.38,24
8733,ORD008733,MARKET,BUY,,2
8734,ORD008734,LIMIT,SELL,99.78,83
8735,ORD008735,LIMIT,SELL,99.94,42
8736,ORD008736,MARKET,SELL,,52
8737,ORD008737,MARKET,SELL,,34
8738,ORD008738,LIMIT,BUY,98.77,30
8739,ORD008739,MARKET,BUY,,93
8740,ORD008740,LIMIT,SELL,101.87,67
8741,ORD008741,MARKET,SELL,,54
8742,ORD008742,LIMIT,BUY,100.04,47
8743,ORD008743,LIMIT,BUY,98.79,56
8744,ORD008744,LIMIT,BUY,99.36,45
8745,ORD008745,MARKET,SELL,,95
8746,ORD008746,LIMIT,BUY,98.15,53
8747,ORD008747,LIMIT,BUY,99.36,65
8748,ORD008748,LIMIT,BUY,98.56,56
8749,ORD008749,MARKET,BUY,,63
8750,ORD008750,MARKET,SELL,,81
8751,ORD008751,MARKET,SELL,,89
8752,ORD008752,LIMIT,BUY,99.45,32
8753,ORD008753,MARKET,SELL,,99
8754,ORD008754,MARKET,BUY,,41
8755,ORD008755,LIMIT,SELL,101.63,82
8756,ORD008756,LIMIT,BUY,98.02,82
8757,ORD008757,LIMIT,BUY,100.49,95
8758,ORD008758,MARKET,BUY,,49
8759,ORD008759,LIMIT,SELL,101.29,89
8760,ORD008760,LIMIT,SELL,100.66,95
8761,ORD008761,LIMIT,SELL,99.95,28
8762,ORD008762,MARKET,BUY,,72
8763,ORD008763,MARKET,SELL,,97
8764,ORD008764,MARKET,BUY,,13
8765,ORD008765,LIMIT,BUY,99.99,20
8766,ORD008766,MARKET,SELL,,92
8767,ORD008767,MARKET,BUY,,97
8768,ORD008768,MARKET,SELL,,31
8769,ORD008769,LIMIT,SELL,99.74,65
8770,ORD008770,MARKET,SELL,,9
8771,ORD008771,MARKET,BUY,,68
8772,ORD008772,MARKET,BUY,,99
8773,ORD002734,CANCEL,,,
8774,ORD008774,MARKET,BUY,,21
8775,ORD008775,MARKET,SELL,,42
8776,ORD008776,MARKET,BUY,,58
8777,ORD008777,MARKET,SELL,,13
8778,ORD008778,LIMIT,SELL,99.73,19
8779,ORD008779,MARKET,SELL,,54
8780,ORD008780,LIMIT,SELL,100.28,38
8781,ORD008781,MARKET,BUY,,50
8782,ORD008782,MARKET,BUY,,74
8783,ORD008783,LIMIT,SELL,99.94,77
8784,ORD008784,MARKET,SELL,,86
8785,ORD008785,MARKET,BUY,,26
8786,ORD008786,MARKET,SELL,,14
8787,ORD008787,LIMIT,SELL,99.88,99
8788,ORD002481,CANCEL,,,
8789,ORD008789,MARKET,SELL,,7
8790,ORD008790,LIMIT,SELL,101.17,37
8791,ORD008791,MARKET,BUY,,31
8792,ORD008792,LIMIT,BUY,99.7,30
8793,ORD008793,LIMIT,BUY,99.72,50
8794,ORD008794,MARKET,SELL,,97
8795,ORD008795,MARKET,SELL,,41
8796,ORD008796,LIMIT,SELL,100.83,43
8797,ORD008797,MARKET,SELL,,74
8798,ORD008798,LIMIT,BUY,99.28,68
8799,ORD008799,MARKET,BUY,,100
8800,ORD008800,LIMIT,BUY,99.98,24
8801,ORD008801,MARKET,BUY,,76
8802,ORD001326,CANCEL,,,
8803,ORD008803,MARKET,SELL,,82
8804,ORD008804,LIMIT,SELL,99.84,40
8805,ORD008805,MARKET,BUY,,81
8806,ORD008806,MARKET,SELL,,61
8807,ORD008807,LIMIT,BUY,98.37,10
8808,ORD008808,LIMIT,BUY,100.28,36
8809,ORD008809,LIMIT,BUY,99.43,45
8810,ORD008810,LIMIT,SELL,99.53,10
8811,ORD008811,LIMIT,BUY,99.89,79
8812,ORD008812,MARKET,BUY,,85
8813,ORD008813,LIMIT,SELL,101.37,55
8814,ORD008814,MARKET,BUY,,44
8815,ORD008815,LIMIT,BUY,99.94,64
8816,ORD008816,MARKET,SELL,,98
8817,ORD008817,LIMIT,SELL,99.66,73
8818,ORD008818,MARKET,BUY,,98
8819,ORD008819,MARKET,BUY,,24
8820,ORD008820,MARKET,BUY,,84
8821,ORD008821,MARKET,SELL,,57
8822,ORD008822,MARKET,BUY,,21
8823,ORD008823,MARKET,SELL,,6
8824,ORD008824,MARKET,BUY,,30
8825,ORD008825,MARKET,BUY,,77
8826,ORD008826,MARKET,SELL,,32
8827,ORD008827,MARKET,BUY,,95
8828,ORD008828,MARKET,SELL,,51
8829,ORD008829,LIMIT,BUY,99.26,37
8830,ORD008830,MARKET,BUY,,51
8831,ORD008831,LIMIT,BUY,99.48,20
8832,ORD008832,LIMIT,SELL,99.55,29
8833,ORD008833,LIMIT,SELL,101.55,37
8834,ORD008834,LIMIT,BUY,99.48,6
8835,ORD008835,MARKET,BUY,,8
8836,ORD008836,LIMIT,SELL,100.78,64
8837,ORD008837,LIMIT,SELL,101.59,16
8838,ORD008838,MARKET,BUY,,22
8839,ORD008839,MARKET,BUY,,37
8840,ORD008840,LIMIT,BUY,99.73,61
8841,ORD008841,LIMIT,SELL,99.52,26
8842,ORD008842,MARKET,SELL,,87
8843,ORD008843,LIMIT,SELL,100.82,43
8844,ORD008844,LIMIT,SELL,100.7,100
8845,ORD008845,MARKET,SELL,,1
8846,ORD008846,MARKET,BUY,,94
8847,ORD008847,LIMIT,SELL,101.49,34
8848,ORD008848,LIMIT,BUY,99.36,25
8849,ORD008849,LIMIT,BUY,98.38,17
8850,ORD008850,MARKET,SELL,,28
8851,ORD008851,MARKET,SELL,,3
8852,ORD008852,MARKET,SELL,,57
8853,ORD008853,MARKET,SELL,,38
8854,ORD008854,MARKET,BUY,,95
8855,ORD008855,MARKET,BUY,,67
8856,ORD008856,MARKET,SELL,,83
8857,ORD008857,MARKET,BUY,,63
8858,ORD008858,MARKET,SELL,,66
8859,ORD008859,MARKET,BUY,,80
8860,ORD008860,MARKET,SELL,,47
8861,ORD008861,MARKET,SELL,,84
8862,ORD008862,MARKET,SELL,,77
8863,ORD008863,LIMIT,SELL,100.23,4
8864,ORD008864,LIMIT,SELL,101.01,93
8865,ORD008865,MARKET,SELL,,63
8866,ORD008866,LIMIT,SELL,99.59,98
8867,ORD008867,LIMIT,BUY,99.04,69
8868,ORD008868,MARKET,SELL,,50
8869,ORD008869,LIMIT,SELL,101.86,30
8870,ORD008870,LIMIT,BUY,98.08,26
8871,ORD008871,MARKET,SELL,,61
8872,ORD008872,LIMIT,SELL,101.62,75
8873,ORD008873,LIMIT,BUY,99.86,38
8874,ORD008874,LIMIT,SELL,100.28,80
8875,ORD008875,MARKET,BUY,,92
8876,ORD008876,LIMIT,BUY,99.26,65
8877,ORD008877,LIMIT,SELL,101.19,55
8878,ORD008878,MARKET,BUY,,65
8879,ORD008879,MARKET,BUY,,40
8880,ORD008880,MARKET,BUY,,69
8881,ORD008881,LIMIT,SELL,101.79,54
8882,ORD008882,LIMIT,BUY,98.96,62
8883,ORD008883,LIMIT,BUY,98.36,99
8884,ORD008884,MARKET,BUY,,63
8885,ORD008885,LIMIT,SELL,99.91,74
8886,ORD008886,LIMIT,BUY,99.01,82
8887,ORD008887,LIMIT,BUY,98.87,72
8888,ORD008888,MARKET,SELL,,92
8889,ORD008889,MARKET,SELL,,54
8890,ORD008890,MARKET,SELL,,52
8891,ORD008891,MARKET,BUY,,16
8892,ORD008892,MARKET,SELL,,91
8893,ORD008893,MARKET,BUY,,40
8894,ORD000800,CANCEL,,,
8895,ORD008895,MARKET,SELL,,57
8896,ORD008896,MARKET,BUY,,100
8897,ORD008897,MARKET,BUY,,55
8898,ORD008898,MARKET,BUY,,78
8899,ORD008899,LIMIT,SELL,99.9,94
8900,ORD008900,LIMIT,SELL,100.26,59
8901,ORD008901,MARKET,SELL,,76
8902,ORD008902,LIMIT,BUY,98.94,83
8903,ORD008903,LIMIT,SELL,101.53,53
8904,ORD008904,LIMIT,SELL,100.61,47
8905,ORD008905,LIMIT,SELL,101.26,86
8906,ORD008906,LIMIT,BUY,99.21,9
8907,ORD008907,MARKET,SELL,,76
8908,ORD008908,MARKET,BUY,,92
8909,ORD008909,LIMIT,SELL,100.74,16
8910,ORD008910,LIMIT,BUY,98.01,82
8911,ORD008911,LIMIT,SELL,101.25,33
8912,ORD008912,MARKET,BUY,,8
8913,ORD001534,CANCEL,,,
8914,ORD008914,MARKET,BUY,,51
8915,ORD008915,MARKET,SELL,,62
8916,ORD008916,MARKET,BUY,,20
8917,ORD008917,MARKET,SELL,,56
8918,ORD008918,MARKET,SELL,,98
8919,ORD008919,MARKET,SELL,,93
8920,ORD008920,LIMIT,BUY,98.53,71
8921,ORD008921,LIMIT,SELL,100.52,51
8922,ORD008922,LIMIT,BUY,99.1,19
8923,ORD008923,MARKET,SELL,,10
8924,ORD008924,LIMIT,BUY,98.8,40
8925,ORD008925,LIMIT,SELL,99.82,54
8926,ORD008926,MARKET,SELL,,60
8927,ORD008927,LIMIT,BUY,98.11,27
8928,ORD008928,MARKET,BUY,,14
8929,ORD008929,MARKET,SELL,,24
8930,ORD008930,MARKET,BUY,,4
8931,ORD008931,MARKET,SELL,,18
8932,ORD008932,LIMIT,BUY,99.78,50
8933,ORD008933,LIMIT,SELL,100.22,1
8934,ORD008934,MARKET,BUY,,81
8935,ORD008935,LIMIT,BUY,99.03,73
8936,ORD008936,MARKET,SELL,,22
8937,ORD008937,LIMIT,SELL,100.67,86
8938,ORD005942,CANCEL,,,
8939,ORD008939,LIMIT,BUY,99.3,43
8940,ORD008940,MARKET,BUY,,49
8941,ORD008941,LIMIT,SELL,101.39,84
8942,ORD008942,MARKET,SELL,,48
8943,ORD008943,MARKET,BUY,,4
8944,ORD008944,LIMIT,SELL,101.95,2
8945,ORD008945,LIMIT,BUY,98.93,72
8946,ORD008946,LIMIT,SELL,100.17,12
8947,ORD008947,MARKET,BUY,,87
8948,ORD008948,LIMIT,SELL,101.83,41
8949,ORD008949,LIMIT,BUY,98.62,56
8950,ORD004292,CANCEL,,,
8951,ORD008951,LIMIT,SELL,99.66,12
8952,ORD008952,LIMIT,SELL,100.41,75
8953,ORD008953,LIMIT,SELL,100.04,23
8954,ORD008954,MARKET,BUY,,33
8955,ORD008955,LIMIT,SELL,99.55,9
8956,ORD008956,MARKET,SELL,,21
8957,ORD008957,MARKET,SELL,,12
8958,ORD008958,MARKET,SELL,,20
8959,ORD008959,LIMIT,SELL,100.12,19
8960,ORD008960,LIMIT,SELL,101.43,6
8961,ORD008961,LIMIT,BUY,98.01,35
8962,ORD008962,MARKET,BUY,,93
8963,ORD008963,MARKET,SELL,,72
8964,ORD008964,MARKET,SELL,,99
8965,ORD008965,LIMIT,SELL,101.41,83
8966,ORD008966,LIMIT,BUY,100.24,66
8967,ORD008967,MARKET,BUY,,2
8968,ORD008968,MARKET,BUY,,70
8969,ORD008969,MARKET,BUY,,84
8970,ORD008970,LIMIT,BUY,98.67,25
8971,ORD008971,MARKET,BUY,,5
8972,ORD008972,LIMIT,BUY,100.23,44
8973,ORD008973,MARKET,BUY,,83
8974,ORD008974,LIMIT,SELL,100.98,5
8975,ORD008975,LIMIT,BUY,100.5,13
8976,ORD008976,LIMIT,SELL,100.55,18
8977,ORD008977,MARKET,BUY,,38
8978,ORD008978,LIMIT,SELL,101.44,19
8979,ORD008979,LIMIT,BUY,99.81,45
8980,ORD008980,MARKET,BUY,,21
8981,ORD008981,LIMIT,SELL,101.56,34
8982,ORD008982,LIMIT,SELL,101.62,50
8983,ORD006167,CANCEL,,,
8984,ORD008984,MARKET,BUY,,93
8985,ORD008985,MARKET,SELL,,88
8986,ORD008986,LIMIT,BUY,98.98,63
8987,ORD008987,MARKET,BUY,,37
8988,ORD008988,LIMIT,SELL,100.26,65
8989,ORD008989,MARKET,SELL,,13
8990,ORD008990,MARKET,SELL,,50
8991,ORD008991,MARKET,SELL,,17
8992,ORD008992,MARKET,BUY,,19
8993,ORD008993,MARKET,SELL,,13
8994,ORD008994,MARKET,SELL,,28
8995,ORD008995,LIMIT,SELL,101.83,47
8996,ORD008996,LIMIT,SELL,99.8,96
8997,ORD003707,CANCEL,,,
8998,ORD008998,LIMIT,BUY,98.78,5
8999,ORD008999,MARKET,SELL,,36
9000,ORD009000,LIMIT,SELL,100.38,70
9001,ORD009001,LIMIT,BUY,98.04,79
9002,ORD009002,LIMIT,SELL,99.94,86
9003,ORD009003,LIMIT,SELL,101.88,56
9004,ORD009004,MARKET,BUY,,69
9005,ORD009005,MARKET,BUY,,30
9006,ORD009006,LIMIT,BUY,99.53,78
9007,ORD009007,LIMIT,SELL,101.09,61
9008,ORD009008,MARKET,BUY,,18
9009,ORD009009,MARKET,BUY,,59
9010,ORD009010,MARKET,BUY,,73
9011,ORD009011,MARKET,BUY,,50
9012,ORD009012,MARKET,SELL,,29
9013,ORD009013,MARKET,BUY,,83
9014,ORD009014,LIMIT,BUY,98.08,28
9015,ORD009015,LIMIT,BUY,98.31,68
9016,ORD009016,LIMIT,SELL,101.64,82
9017,ORD004704,CANCEL,,,
9018,ORD009018,LIMIT,SELL,100.14,62
9019,ORD009019,LIMIT,BUY,99.78,13
9020,ORD009020,MARKET,BUY,,71
9021,ORD009021,MARKET,SELL,,60
9022,ORD009022,MARKET,BUY,,11
9023,ORD009023,MARKET,SELL,,61
9024,ORD009024,LIMIT,SELL,99.97,96
9025,ORD009025,MARKET,BUY,,28
9026,ORD009026,MARKET,BUY,,17
9027,ORD009027,MARKET,SELL,,99
9028,ORD009028,MARKET,SELL,,58
9029,ORD009029,MARKET,BUY,,14
9030,ORD009030,MARKET,SELL,,13
9031,ORD009031,LIMIT,SELL,100.58,5
9032,ORD009032,MARKET,SELL,,30
9033,ORD009033,LIMIT,SELL,100.84,70
9034,ORD009034,MARKET,SELL,,3
9035,ORD009035,MARKET,SELL,,89
9036,ORD009036,MARKET,BUY,,65
9037,ORD009037,MARKET,SELL,,61
9038,ORD009038,LIMIT,SELL,101.88,32
9039,ORD009039,LIMIT,BUY,98.6,83
9040,ORD009040,LIMIT,BUY,100.33,40
9041,ORD009041,LIMIT,SELL,101.26,61
9042,ORD009042,MARKET,SELL,,57
9043,ORD009043,LIMIT,BUY,99.9,67
9044,ORD009044,LIMIT,BUY,99.87,11
9045,ORD009045,LIMIT,SELL,100.23,82
9046,ORD009046,LIMIT,BUY,98.16,92
9047,ORD009047,MARKET,SELL,,81
9048,ORD009048,MARKET,BUY,,36
9049,ORD009049,MARKET,SELL,,55
9050,ORD009050,LIMIT,BUY,99.95,49
9051,ORD009051,MARKET,SELL,,73
9052,ORD009052,LIMIT,SELL,100.93,91
9053,ORD009053,LIMIT,BUY,99.99,3
9054,ORD007438,CANCEL,,,
9055,ORD009055,LIMIT,BUY,98.24,33
9056,ORD009056,LIMIT,SELL,100.99,51
9057,ORD009057,MARKET,BUY,,42
9058,ORD009058,MARKET,BUY,,75
9059,ORD009059,LIMIT,BUY,98.99,13
9060,ORD009060,LIMIT,BUY,98.02,92
9061,ORD009061,LIMIT,SELL,100.71,24
9062,ORD009062,MARKET,BUY,,87
9063,ORD009063,LIMIT,SELL,101.3,76
9064,ORD009064,MARKET,SELL,,85
9065,ORD009065,LIMIT,SELL,100.0,6
9066,ORD009066,MARKET,SELL,,16
9067,ORD009067,LIMIT,BUY,98.16,84
9068,ORD009068,MARKET,SELL,,31
9069,ORD009069,MARKET,SELL,,87
9070,ORD009070,MARKET,SELL,,28
9071,ORD009071,MARKET,BUY,,99
9072,ORD009072,MARKET,SELL,,27
9073,ORD009073,MARKET,BUY,,83
9074,ORD009074,MARKET,BUY,,61
9075,ORD009075,LIMIT,BUY,99.71,24
9076,ORD009076,LIMIT,BUY,99.03,85
9077,ORD009077,MARKET,BUY,,34
9078,ORD009078,LIMIT,SELL,101.95,78
9079,ORD009079,MARKET,SELL,,96
9080,ORD009080,LIMIT,BUY,98.43,99
9081,ORD009081,MARKET,SELL,,85
9082,ORD009082,MARKET,BUY,,45
9083,ORD009083,LIMIT,SELL,101.62,74
9084,ORD009084,LIMIT,BUY,98.81,58
9085,ORD009085,MARKET,SELL,,41
9086,ORD009086,LIMIT,SELL,101.4,96
9087,ORD009087,MARKET,SELL,,89
9088,ORD009088,LIMIT,SELL,101.6,35
9089,ORD009089,LIMIT,SELL,101.91,10
9090,ORD009090,MARKET,SELL,,79
9091,ORD009091,LIMIT,BUY,99.68,31
9092,ORD009092,MARKET,SELL,,57
9093,ORD009093,MARKET,SELL,,75
9094,ORD009094,LIMIT,BUY,98.16,78
9095,ORD009095,LIMIT,SELL,100.5,3
9096,ORD009096,MARKET,SELL,,19
9097,ORD009097,LIMIT,BUY,98.13,87
9098,ORD009098,MARKET,SELL,,66
9099,ORD009099,LIMIT,BUY,100.1,65
9100,ORD009100,LIMIT,BUY,98.91,97
9101,ORD009101,LIMIT,SELL,101.98,81
9102,ORD009102,MARKET,SELL,,21
9103,ORD009103,LIMIT,BUY,99.49,75
9104,ORD009104,MARKET,SELL,,61
9105,ORD009105,MARKET,SELL,,67
9106,ORD009106,MARKET,BUY,,24
9107,ORD009107,LIMIT,SELL,101.0,13
9108,ORD009108,LIMIT,BUY,100.35,2
9109,ORD001576,CANCEL,,,
9110,ORD009110,LIMIT,BUY,100.06,28
9111,ORD009111,LIMIT,SELL,99.99,34
9112,ORD009112,MARKET,BUY,,56
9113,ORD009113,MARKET,SELL,,64
9114,ORD009114,LIMIT,BUY,100.48,68
9115,ORD009115,MARKET,SELL,,76
9116,ORD009116,LIMIT,SELL,100.68,86
9117,ORD009117,MARKET,SELL,,77
9118,ORD009118,LIMIT,BUY,98.9,17
9119,ORD009119,LIMIT,SELL,101.17,56
9120,ORD009120,LIMIT,BUY,99.37,92
9121,ORD009121,LIMIT,BUY,98.89,19
9122,ORD009122,LIMIT,SELL,100.74,48
9123,ORD009123,MARKET,BUY,,77
9124,ORD009124,MARKET,SELL,,21
9125,ORD009125,LIMIT,SELL,100.75,53
9126,ORD009126,MARKET,SELL,,59
9127,ORD009127,MARKET,BUY,,2
9128,ORD009128,LIMIT,BUY,100.37,93
9129,ORD009129,LIMIT,BUY,99.2,52
9130,ORD009130,LIMIT,SELL,101.37,44
9131,ORD009131,MARKET,BUY,,2
9132,ORD009132,MARKET,SELL,,63
9133,ORD009133,MARKET,SELL,,56
9134,ORD009134,MARKET,BUY,,99
9135,ORD009135,MARKET,SELL,,50
9136,ORD009136,MARKET,SELL,,43
9137,ORD009137,MARKET,BUY,,57
9138,ORD009138,LIMIT,SELL,100.0,62
9139,ORD009139,MARKET,BUY,,89
9140,ORD009140,LIMIT,BUY,99.54,10
9141,ORD009141,MARKET,BUY,,38
9142,ORD009142,MARKET,SELL,,41
9143,ORD009143,MARKET,BUY,,38
9144,ORD006697,CANCEL,,,
9145,ORD005186,CANCEL,,,
9146,ORD009146,MARKET,SELL,,62
9147,ORD009147,MARKET,SELL,,10
9148,ORD009148,MARKET,SELL,,53
9149,ORD009149,LIMIT,SELL,101.02,12
9150,ORD009150,MARKET,SELL,,93
9151,ORD009151,MARKET,SELL,,79
9152,ORD009152,LIMIT,SELL,101.52,65
9153,ORD009153,LIMIT,SELL,101.68,58
9154,ORD009154,LIMIT,BUY,99.53,33
9155,ORD009155,LIMIT,SELL,101.31,50
9156,ORD009156,MARKET,SELL,,73
9157,ORD009157,MARKET,SELL,,62
9158,ORD009158,MARKET,SELL,,82
9159,ORD009159,MARKET,BUY,,36
9160,ORD009160,MARKET,SELL,,10
9161,ORD009161,LIMIT,BUY,99.89,67
9162,ORD009162,MARKET,SELL,,86
9163,ORD009163,MARKET,BUY,,24
9164,ORD009164,LIMIT,BUY,98.07,8
9165,ORD009165,MARKET,BUY,,45
9166,ORD009166,MARKET,SELL,,42
9167,ORD009167,MARKET,SELL,,94
9168,ORD009168,MARKET,BUY,,24
9169,ORD009169,LIMIT,BUY,99.85,61
9170,ORD009170,MARKET,BUY,,30
9171,ORD009171,LIMIT,BUY,99.91,44
9172,ORD009172,LIMIT,SELL,99.99,92
9173,ORD009173,MARKET,SELL,,75
9174,ORD009174,LIMIT,BUY,100.49,21
9175,ORD009175,LIMIT,BUY,100.29,68
9176,ORD009176,LIMIT,SELL,100.31,61
9177,ORD009177,LIMIT,BUY,99.97,25
9178,ORD009178,MARKET,SELL,,76
9179,ORD009179,MARKET,SELL,,83
9180,ORD009180,LIMIT,BUY,100.11,53
9181,ORD005441,CANCEL,,,
9182,ORD009182,LIMIT,SELL,100.31,43
9183,ORD009183,LIMIT,BUY,98.73,47
9184,ORD009184,LIMIT,SELL,101.0,21
9185,ORD009185,LIMIT,BUY,98.04,57
9186,ORD009186,LIMIT,BUY,98.37,46
9187,ORD009187,MARKET,BUY,,50
9188,ORD009188,LIMIT,SELL,101.18,95
9189,ORD009189,MARKET,SELL,,59
9190,ORD009190,LIMIT,BUY,100.1,93
9191,ORD009191,MARKET,SELL,,82
9192,ORD009192,LIMIT,BUY,99.48,71
9193,ORD009193,LIMIT,BUY,99.68,39
9194,ORD003761,CANCEL,,,
9195,ORD009195,LIMIT,BUY,100.02,47
9196,ORD009196,MARKET,SELL,,81
9197,ORD009197,LIMIT,SELL,101.68,48
9198,ORD004999,CANCEL,,,
9199,ORD009199,MARKET,BUY,,25
9200,ORD009200,LIMIT,SELL,100.62,9
9201,ORD009201,MARKET,BUY,,71
9202,ORD009202,LIMIT,SELL,101.57,24
9203,ORD009203,MARKET,SELL,,73
9204,ORD009204,MARKET,BUY,,93
9205,ORD009205,MARKET,SELL,,61
9206,ORD009206,MARKET,BUY,,55
9207,ORD009207,LIMIT,BUY,99.32,68
9208,ORD009208,LIMIT,SELL,101.21,65
9209,ORD009209,LIMIT,SELL,101.41,16
9210,ORD009210,MARKET,BUY,,51
9211,ORD009211,MARKET,SELL,,52
9212,ORD009212,LIMIT,SELL,100.37,46
9213,ORD009213,LIMIT,BUY,99.88,42
9214,ORD009214,MARKET,BUY,,96
9215,ORD009215,MARKET,SELL,,85
9216,ORD009216,MARKET,BUY,,23
9217,ORD009217,MARKET,BUY,,70
9218,ORD009218,LIMIT,SELL,99.88,44
9219,ORD009219,LIMIT,SELL,101.46,81
9220,ORD009220,MARKET,BUY,,15
9221,ORD003299,CANCEL,,,
9222,ORD009222,LIMIT,BUY,99.84,98
9223,ORD009223,MARKET,BUY,,49
9224,ORD007055,CANCEL,,,
9225,ORD009225,MARKET,BUY,,82
9226,ORD009226,LIMIT,SELL,99.72,83
9227,ORD009227,MARKET,SELL,,84
9228,ORD009228,MARKET,BUY,,40
9229,ORD009229,MARKET,SELL,,83
9230,ORD009230,MARKET,BUY,,62
9231,ORD008874,CANCEL,,,
9232,ORD009232,LIMIT,BUY,98.96,78
9233,ORD009233,MARKET,BUY,,84
9234,ORD009234,LIMIT,BUY,98.56,84
9235,ORD009235,MARKET,BUY,,63
9236,ORD009236,MARKET,BUY,,42
9237,ORD009237,MARKET,BUY,,68
9238,ORD009238,MARKET,BUY,,98
9239,ORD009239,MARKET,BUY,,83
9240,ORD009240,MARKET,SELL,,32
9241,ORD009241,LIMIT,BUY,99.82,34
9242,ORD009242,MARKET,BUY,,93
9243,ORD009243,MARKET,SELL,,22
9244,ORD009244,MARKET,BUY,,88
9245,ORD009245,LIMIT,BUY,98.13,75
9246,ORD009246,MARKET,SELL,,64
9247,ORD009247,LIMIT,BUY,100.42,69
9248,ORD009248,MARKET,BUY,,3
9249,ORD009249,MARKET,SELL,,14
9250,ORD009250,MARKET,BUY,,13
9251,ORD009251,MARKET,SELL,,53
9252,ORD009252,MARKET,BUY,,30
9253,ORD009253,MARKET,SELL,,14
9254,ORD009254,LIMIT,SELL,100.63,23
9255,ORD009255,LIMIT,BUY,100.36,75
9256,ORD009256,LIMIT,SELL,101.1,40
9257,ORD009257,MARKET,SELL,,8
9258,ORD009258,MARKET,SELL,,30
9259,ORD009259,LIMIT,BUY,99.94,13
9260,ORD009260,LIMIT,BUY,98.43,11
9261,ORD009261,MARKET,SELL,,54
9262,ORD009262,MARKET,SELL,,14
9263,ORD009263,MARKET,SELL,,45
9264,ORD009264,LIMIT,BUY,99.98,95
9265,ORD009265,MARKET,SELL,,85
9266,ORD009266,LIMIT,BUY,100.33,60
9267,ORD009267,LIMIT,SELL,100.71,55
9268,ORD009268,LIMIT,BUY,100.02,57
9269,ORD009269,LIMIT,SELL,101.34,40
9270,ORD009270,LIMIT,SELL,99.51,63
9271,ORD009271,MARKET,BUY,,34
9272,ORD009272,MARKET,SELL,,22
9273,ORD009273,MARKET,BUY,,25
9274,ORD009274,MARKET,SELL,,50
9275,ORD009275,MARKET,BUY,,56
9276,ORD009276,MARKET,BUY,,33
9277,ORD009277,MARKET,SELL,,2
9278,ORD009278,MARKET,SELL,,17
9279,ORD009279,LIMIT,SELL,101.67,44
9280,ORD004502,CANCEL,,,
9281,ORD009281,LIMIT,BUY,98.68,68
9282,ORD009282,MARKET,BUY,,61
9283,ORD009283,MARKET,SELL,,40
9284,ORD006984,CANCEL,,,
9285,ORD009285,MARKET,BUY,,14
9286,ORD009286,MARKET,BUY,,61
9287,ORD009287,MARKET,BUY,,53
9288,ORD009288,LIMIT,SELL,100.57,38
9289,ORD009289,LIMIT,SELL,101.48,16
9290,ORD009290,LIMIT,SELL,100.84,58
9291,ORD009291,LIMIT,SELL,100.96,20
9292,ORD009292,MARKET,SELL,,79
9293,ORD009293,MARKET,BUY,,63
9294,ORD009294,MARKET,SELL,,94
9295,ORD009295,MARKET,SELL,,34
9296,ORD009296,LIMIT,BUY,98.83,52
9297,ORD009297,LIMIT,SELL,100.02,24
9298,ORD000998,CANCEL,,,
9299,ORD009299,LIMIT,BUY,99.21,77
9300,ORD002860,CANCEL,,,
9301,ORD009301,LIMIT,BUY,99.34,25
9302,ORD009302,LIMIT,SELL,101.16,94
9303,ORD009303,MARKET,BUY,,52
9304,ORD009304,MARKET,BUY,,55
9305,ORD009305,LIMIT,BUY,100.18,29
9306,ORD009306,LIMIT,SELL,99.68,46
9307,ORD009307,LIMIT,BUY,99.36,13
9308,ORD009308,MARKET,BUY,,12
9309,ORD009309,MARKET,BUY,,49
9310,ORD009310,LIMIT,BUY,100.12,31
9311,ORD009311,MARKET,SELL,,51
9312,ORD001731,CANCEL,,,
9313,ORD009313,LIMIT,BUY,98.78,64
9314,ORD009314,MARKET,BUY,,44
9315,ORD009315,LIMIT,BUY,100.23,83
9316,ORD009316,MARKET,BUY,,54
9317,ORD009317,LIMIT,BUY,98.08,42
9318,ORD009318,LIMIT,SELL,99.54,18
9319,ORD009319,MARKET,BUY,,79
9320,ORD009320,MARKET,SELL,,55
9321,ORD009321,LIMIT,SELL,99.62,69
9322,ORD009322,LIMIT,BUY,99.39,87
9323,ORD009323,MARKET,BUY,,57
9324,ORD009324,LIMIT,SELL,99.63,88
9325,ORD009325,LIMIT,BUY,99.89,75
9326,ORD006588,CANCEL,,,
9327,ORD009060,CANCEL,,,
9328,ORD009328,LIMIT,BUY,98.85,95
9329,ORD009329,MARKET,BUY,,6
9330,ORD009330,LIMIT,BUY,100.34,64
9331,ORD009331,LIMIT,SELL,100.62,67
9332,ORD009332,MARKET,BUY,,22
9333,ORD009333,LIMIT,BUY,100.35,20
9334,ORD009334,MARKET,BUY,,74
9335,ORD009335,LIMIT,BUY,98.82,5
9336,ORD009336,LIMIT,BUY,100.38,38
9337,ORD009337,MARKET,SELL,,83
9338,ORD009338,LIMIT,SELL,100.4,35
9339,ORD009339,MARKET,BUY,,81
9340,ORD009340,LIMIT,BUY,98.67,55
9341,ORD009341,LIMIT,SELL,101.59,31
9342,ORD009342,MARKET,SELL,,82
9343,ORD009343,MARKET,BUY,,44
9344,ORD009344,MARKET,SELL,,2
9345,ORD009345,LIMIT,SELL,101.92,79
9346,ORD009346,MARKET,BUY,,19
9347,ORD009347,LIMIT,BUY,99.91,76
9348,ORD009348,MARKET,BUY,,27
9349,ORD009349,LIMIT,SELL,100.95,34
9350,ORD000641,CANCEL,,,
9351,ORD009351,MARKET,SELL,,80
9352,ORD009352,MARKET,BUY,,1
9353,ORD009353,MARKET,SELL,,23
9354,ORD009354,MARKET,SELL,,73
9355,ORD009355,LIMIT,SELL,99.83,50
9356,ORD009356,MARKET,BUY,,49
9357,ORD009357,LIMIT,BUY,100.38,25
9358,ORD009358,MARKET,BUY,,89
9359,ORD009359,MARKET,SELL,,95
9360,ORD009360,LIMIT,SELL,101.01,82
9361,ORD009361,LIMIT,BUY,99.5,91
9362,ORD008604,CANCEL,,,
9363,ORD009363,MARKET,SELL,,57
9364,ORD009364,LIMIT,BUY,98.39,54
9365,ORD009365,LIMIT,SELL,99.72,56
9366,ORD009366,MARKET,BUY,,31
9367,ORD009367,MARKET,BUY,,24
9368,ORD009368,MARKET,SELL,,13
9369,ORD009369,MARKET,SELL,,55
9370,ORD003423,CANCEL,,,
9371,ORD009371,MARKET,BUY,,58
9372,ORD009372,MARKET,SELL,,39
9373,ORD009373,MARKET,SELL,,64
9374,ORD009374,MARKET,BUY,,64
9375,ORD009375,LIMIT,SELL,101.19,45
9376,ORD009376,MARKET,BUY,,60
9377,ORD009377,MARKET,BUY,,94
9378,ORD009378,MARKET,BUY,,14
9379,ORD009379,MARKET,BUY,,34
9380,ORD009380,MARKET,SELL,,38
9381,ORD009381,LIMIT,SELL,101.72,54
9382,ORD009382,LIMIT,BUY,100.34,57
9383,ORD009383,LIMIT,SELL,101.71,34
9384,ORD009384,LIMIT,BUY,99.01,42
9385,ORD009385,LIMIT,SELL,100.86,61
9386,ORD009386,MARKET,BUY,,1
9387,ORD009387,LIMIT,BUY,99.01,12
9388,ORD009388,MARKET,SELL,,84
9389,ORD009389,MARKET,BUY,,17
9390,ORD009390,LIMIT,BUY,99.66,67
9391,ORD009391,MARKET,BUY,,4
9392,ORD009392,MARKET,SELL,,49
9393,ORD009393,MARKET,SELL,,4
9394,ORD009394,LIMIT,BUY,100.13,95
9395,ORD009395,LIMIT,SELL,101.45,93
9396,ORD009396,LIMIT,SELL,101.9,38
9397,ORD009397,LIMIT,SELL,100.01,98
9398,ORD009398,LIMIT,SELL,101.27,9
9399,ORD009399,LIMIT,SELL,100.68,38
9400,ORD009400,MARKET,SELL,,97
9401,ORD009401,MARKET,BUY,,8
9402,ORD009402,MARKET,SELL,,10
9403,ORD009403,LIMIT,SELL,100.15,8
9404,ORD009404,MARKET,SELL,,90
9405,ORD009405,MARKET,BUY,,89
9406,ORD009406,MARKET,SELL,,97
9407,ORD009407,MARKET,SELL,,25
9408,ORD009408,MARKET,BUY,,56
9409,ORD009409,LIMIT,SELL,100.29,56
9410,ORD003727,CANCEL,,,
9411,ORD009411,MARKET,SELL,,89
9412,ORD009412,LIMIT,SELL,101.82,14
9413,ORD009413,LIMIT,SELL,101.36,31
9414,ORD009414,LIMIT,BUY,99.36,88
9415,ORD005311,CANCEL,,,
9416,ORD009416,MARKET,SELL,,49
9417,ORD009417,LIMIT,BUY,98.69,90
9418,ORD009418,LIMIT,SELL,100.72,64
9419,ORD009419,LIMIT,SELL,100.43,84
9420,ORD009420,MARKET,SELL,,98
9421,ORD009421,MARKET,BUY,,55
9422,ORD009422,MARKET,SELL,,47
9423,ORD009423,LIMIT,BUY,100.1,62
9424,ORD009424,MARKET,SELL,,1
9425,ORD009425,MARKET,BUY,,11
9426,ORD009426,LIMIT,BUY,99.55,72
9427,ORD009427,MARKET,SELL,,3
9428,ORD009428,MARKET,SELL,,3
9429,ORD009429,MARKET,SELL,,45
9430,ORD009430,LIMIT,BUY,99.33,58
9431,ORD009431,MARKET,SELL,,7
9432,ORD009432,LIMIT,BUY,99.52,82
9433,ORD009433,MARKET,SELL,,82
9434,ORD009434,LIMIT,SELL,99.59,89
9435,ORD009435,MARKET,SELL,,63
9436,ORD009436,LIMIT,BUY,99.33,95
9437,ORD009437,MARKET,BUY,,26
9438,ORD009438,MARKET,BUY,,86
9439,ORD009439,LIMIT,SELL,100.33,18
9440,ORD009440,LIMIT,BUY,100.2,27
9441,ORD009441,MARKET,BUY,,50
9442,ORD009442,MARKET,BUY,,89
9443,ORD009443,LIMIT,BUY,98.86,97
9444,ORD009444,MARKET,BUY,,89
9445,ORD009445,LIMIT,BUY,98.65,25
9446,ORD009446,MARKET,BUY,,91
9447,ORD009447,MARKET,BUY,,84
9448,ORD009448,LIMIT,SELL,99.95,13
9449,ORD009449,LIMIT,SELL,99.53,33
9450,ORD009450,LIMIT,SELL,101.74,34
9451,ORD009451,MARKET,SELL,,91
9452,ORD009452,MARKET,BUY,,85
9453,ORD009453,LIMIT,BUY,100.12,43
9454,ORD009454,LIMIT,BUY,99.44,46
9455,ORD009455,MARKET,SELL,,91
9456,ORD009456,MARKET,SELL,,24
9457,ORD009457,LIMIT,SELL,100.63,29
9458,ORD009458,MARKET,BUY,,88
9459,ORD009459,MARKET,BUY,,20
9460,ORD009460,MARKET,SELL,,85
9461,ORD009461,MARKET,BUY,,27
9462,ORD009462,MARKET,BUY,,25
9463,ORD009463,MARKET,BUY,,34
9464,ORD009464,LIMIT,SELL,101.58,37
9465,ORD009465,MARKET,BUY,,18
9466,ORD009466,MARKET,BUY,,22
9467,ORD009467,LIMIT,SELL,100.81,42
9468,ORD009468,MARKET,SELL,,99
9469,ORD009469,MARKET,SELL,,14
9470,ORD009470,LIMIT,BUY,100.44,72
9471,ORD009471,MARKET,BUY,,22
9472,ORD009472,MARKET,BUY,,95
9473,ORD009473,MARKET,BUY,,7
9474,ORD009474,MARKET,BUY,,48
9475,ORD009475,MARKET,BUY,,58
9476,ORD009476,MARKET,SELL,,77
9477,ORD009477,LIMIT,BUY,98.49,82
9478,ORD009478,LIMIT,SELL,101.51,70
9479,ORD009479,LIMIT,BUY,99.11,86
9480,ORD009480,MARKET,SELL,,40
9481,ORD009481,MARKET,SELL,,57
9482,ORD009482,MARKET,BUY,,30
9483,ORD009483,LIMIT,SELL,100.77,17
9484,ORD009484,LIMIT,SELL,99.75,16
9485,ORD009485,LIMIT,BUY,100.03,73
9486,ORD009486,LIMIT,BUY,98.81,18
9487,ORD009487,MARKET,SELL,,76
9488,ORD009488,LIMIT,BUY,99.29,95
9489,ORD009489,MARKET,SELL,,48
9490,ORD009490,MARKET,SELL,,31
9491,ORD009491,MARKET,BUY,,3
9492,ORD009492,LIMIT,SELL,100.73,83
9493,ORD009493,MARKET,SELL,,30
9494,ORD009494,LIMIT,BUY,99.74,14
9495,ORD009495,MARKET,SELL,,29
9496,ORD002883,CANCEL,,,
9497,ORD009497,LIMIT,BUY,98.64,8
9498,ORD009498,LIMIT,SELL,101.93,2
9499,ORD009499,MARKET,BUY,,81
9500,ORD009500,MARKET,BUY,,69
9501,ORD009501,LIMIT,BUY,98.72,48
9502,ORD009502,MARKET,BUY,,13
9503,ORD009503,MARKET,SELL,,89
9504,ORD009504,MARKET,SELL,,35
9505,ORD009505,MARKET,BUY,,42
9506,ORD009506,LIMIT,SELL,101.59,74
9507,ORD009507,MARKET,BUY,,29
9508,ORD009508,LIMIT,SELL,99.8,4
9509,ORD009509,LIMIT,BUY,99.87,5
9510,ORD009510,LIMIT,SELL,101.15,78
9511,ORD002783,CANCEL,,,
9512,ORD009512,MARKET,SELL,,69
9513,ORD009513,LIMIT,SELL,101.5,96
9514,ORD009514,MARKET,SELL,,91
9515,ORD009515,LIMIT,BUY,99.12,38
9516,ORD009516,LIMIT,BUY,98.65,82
9517,ORD009517,LIMIT,BUY,100.3,89
9518,ORD009518,MARKET,SELL,,36
9519,ORD008108,CANCEL,,,
9520,ORD009520,LIMIT,BUY,99.61,41
9521,ORD009521,MARKET,BUY,,4
9522,ORD009522,LIMIT,SELL,99.7,5
9523,ORD009523,MARKET,BUY,,62
9524,ORD000971,CANCEL,,,
9525,ORD009525,LIMIT,SELL,100.4,67
9526,ORD009526,MARKET,BUY,,38
9527,ORD003413,CANCEL,,,
9528,ORD009528,LIMIT,SELL,100.13,60
9529,ORD009529,MARKET,BUY,,69
9530,ORD009530,MARKET,SELL,,53
9531,ORD009097,CANCEL,,,
9532,ORD009532,LIMIT,BUY,98.99,18
9533,ORD009533,MARKET,SELL,,25
9534,ORD009534,LIMIT,SELL,101.35,12
9535,ORD009535,MARKET,BUY,,14
9536,ORD009536,MARKET,SELL,,88
9537,ORD009537,LIMIT,BUY,98.29,73
9538,ORD009538,MARKET,BUY,,14
9539,ORD009539,MARKET,BUY,,10
9540,ORD009540,MARKET,SELL,,56
9541,ORD009541,LIMIT,SELL,100.71,99
9542,ORD009542,LIMIT,SELL,101.55,13
9543,ORD009543,LIMIT,BUY,98.39,32
9544,ORD009544,MARKET,SELL,,8
9545,ORD009545,LIMIT,SELL,99.75,66
9546,ORD009546,MARKET,SELL,,76
9547,ORD009547,LIMIT,SELL,101.11,78
9548,ORD009548,MARKET,BUY,,40
9549,ORD009549,MARKET,BUY,,99
9550,ORD009550,LIMIT,BUY,99.99,57
9551,ORD009551,LIMIT,SELL,101.21,36
9552,ORD009552,LIMIT,BUY,99.14,92
9553,ORD009553,LIMIT,BUY,98.67,39
9554,ORD009554,MARKET,SELL,,1
9555,ORD009555,MARKET,SELL,,98
9556,ORD009556,LIMIT,SELL,100.09,75
9557,ORD009557,LIMIT,SELL,101.61,65
9558,ORD009558,LIMIT,BUY,99.19,32
9559,ORD009559,MARKET,SELL,,33
9560,ORD009560,LIMIT,SELL,100.63,6
9561,ORD009561,LIMIT,SELL,100.38,73
9562,ORD009562,MARKET,SELL,,17
9563,ORD009563,MARKET,SELL,,56
9564,ORD009564,MARKET,SELL,,52
9565,ORD009565,LIMIT,BUY,99.5,47
9566,ORD009566,MARKET,SELL,,74
9567,ORD009567,MARKET,BUY,,56
9568,ORD009568,LIMIT,SELL,101.62,68
9569,ORD009569,LIMIT,SELL,100.62,74
9570,ORD009570,LIMIT,SELL,100.59,28
9571,ORD009571,MARKET,SELL,,85
9572,ORD009572,LIMIT,SELL,100.69,62
9573,ORD009573,MARKET,BUY,,46
9574,ORD009574,LIMIT,SELL,99.64,47
9575,ORD009575,LIMIT,BUY,98.9,37
9576,ORD009576,MARKET,SELL,,80
9577,ORD009577,MARKET,SELL,,42
9578,ORD009578,LIMIT,SELL,100.04,34
9579,ORD009579,LIMIT,SELL,100.87,46
9580,ORD009580,LIMIT,SELL,101.14,50
9581,ORD009581,MARKET,SELL,,44
9582,ORD009582,MARKET,BUY,,43
9583,ORD006091,CANCEL,,,
9584,ORD009584,LIMIT,BUY,99.71,21
9585,ORD009585,MARKET,SELL,,81
9586,ORD009586,MARKET,BUY,,74
9587,ORD009587,MARKET,SELL,,92
9588,ORD009588,LIMIT,SELL,101.66,95
9589,ORD009589,LIMIT,SELL,99.56,53
9590,ORD009590,LIMIT,BUY,98.47,60
9591,ORD009591,MARKET,SELL,,23
9592,ORD009592,MARKET,SELL,,47
9593,ORD005307,CANCEL,,,
9594,ORD009594,LIMIT,SELL,100.58,29
9595,ORD009595,LIMIT,SELL,100.14,36
9596,ORD009596,LIMIT,SELL,100.91,9
9597,ORD009597,MARKET,SELL,,88
9598,ORD009598,MARKET,SELL,,88
9599,ORD009599,MARKET,BUY,,23
9600,ORD009600,MARKET,BUY,,10
9601,ORD009601,LIMIT,SELL,100.7,66
9602,ORD009602,MARKET,BUY,,6
9603,ORD000867,CANCEL,,,
9604,ORD009604,LIMIT,SELL,100.95,19
9605,ORD009605,MARKET,SELL,,23
9606,ORD009606,LIMIT,SELL,101.29,98
9607,ORD009607,MARKET,SELL,,1
9608,ORD009608,LIMIT,SELL,101.1,79
9609,ORD009609,LIMIT,BUY,98.44,39
9610,ORD009610,MARKET,SELL,,9
9611,ORD009611,LIMIT,BUY,100.48,13
9612,ORD009612,LIMIT,SELL,99.74,11
9613,ORD009613,LIMIT,BUY,100.07,73
9614,ORD009614,LIMIT,BUY,99.51,50
9615,ORD009615,LIMIT,SELL,100.13,28
9616,ORD009616,LIMIT,SELL,100.89,27
9617,ORD009617,LIMIT,SELL,101.19,37
9618,ORD009618,MARKET,SELL,,61
9619,ORD009619,MARKET,BUY,,71
9620,ORD009620,MARKET,SELL,,32
9621,ORD007633,CANCEL,,,
9622,ORD009622,MARKET,SELL,,18
9623,ORD009623,LIMIT,BUY,99.44,10
9624,ORD009624,MARKET,SELL,,43
9625,ORD009625,MARKET,BUY,,80
9626,ORD009626,LIMIT,SELL,101.14,40
9627,ORD009627,LIMIT,BUY,98.36,72
9628,ORD009628,LIMIT,SELL,100.1,66
9629,ORD009629,LIMIT,SELL,99.7,22
9630,ORD009630,MARKET,SELL,,65
9631,ORD009631,MARKET,SELL,,69
9632,ORD009632,MARKET,BUY,,3
9633,ORD009633,LIMIT,BUY,100.17,49
9634,ORD009634,MARKET,SELL,,41
9635,ORD009635,LIMIT,BUY,98.13,3
9636,ORD009636,MARKET,SELL,,2
9637,ORD009637,LIMIT,BUY,98.34,100
9638,ORD009638,LIMIT,BUY,98.62,8
9639,ORD009639,MARKET,BUY,,57
9640,ORD009640,MARKET,BUY,,51
9641,ORD009641,MARKET,SELL,,11
9642,ORD009642,MARKET,SELL,,9
9643,ORD009643,LIMIT,BUY,99.8,66
9644,ORD009644,MARKET,SELL,,29
9645,ORD009645,LIMIT,BUY,99.19,89
9646,ORD007309,CANCEL,,,
9647,ORD009647,MARKET,SELL,,25
9648,ORD009648,MARKET,SELL,,4
9649,ORD009649,MARKET,BUY,,14
9650,ORD009650,MARKET,SELL,,28
9651,ORD009651,LIMIT,SELL,101.15,11
9652,ORD009652,MARKET,BUY,,38
9653,ORD009653,MARKET,SELL,,71
9654,ORD009654,LIMIT,BUY,98.4,93
9655,ORD009655,MARKET,SELL,,1
9656,ORD009656,LIMIT,BUY,98.84,89
9657,ORD009657,MARKET,SELL,,84
9658,ORD009658,LIMIT,BUY,98.68,44
9659,ORD009659,LIMIT,BUY,100.07,11
9660,ORD009660,LIMIT,BUY,98.08,39
9661,ORD009661,LIMIT,BUY,99.87,9
9662,ORD009662,LIMIT,SELL,101.78,81
9663,ORD009663,MARKET,BUY,,77
9664,ORD009664,LIMIT,SELL,101.95,64
9665,ORD009665,MARKET,SELL,,42
9666,ORD009666,MARKET,SELL,,41
9667,ORD009667,LIMIT,BUY,98.42,40
9668,ORD009668,LIMIT,SELL,100.47,34
9669,ORD009669,LIMIT,SELL,101.45,98
9670,ORD009670,LIMIT,SELL,101.35,21
9671,ORD009671,MARKET,SELL,,15
9672,ORD009672,MARKET,BUY,,48
9673,ORD009673,LIMIT,BUY,99.42,86
9674,ORD009674,MARKET,SELL,,63
9675,ORD002063,CANCEL,,,
9676,ORD009676,LIMIT,SELL,100.32,6
9677,ORD009677,MARKET,SELL,,39
9678,ORD009678,LIMIT,SELL,101.06,34
9679,ORD009679,MARKET,SELL,,81
9680,ORD005855,CANCEL,,,
9681,ORD009681,LIMIT,SELL,99.66,16
9682,ORD009682,LIMIT,SELL,101.7,53
9683,ORD009683,MARKET,SELL,,19
9684,ORD009684,LIMIT,SELL,101.16,15
9685,ORD009685,MARKET,BUY,,49
9686,ORD009686,MARKET,BUY,,2
9687,ORD005811,CANCEL,,,
9688,ORD009688,MARKET,SELL,,47
9689,ORD009689,LIMIT,BUY,98.56,96
9690,ORD009690,MARKET,SELL,,95
9691,ORD009691,MARKET,BUY,,16
9692,ORD009692,MARKET,BUY,,4
9693,ORD009693,MARKET,SELL,,89
9694,ORD009694,MARKET,SELL,,15
9695,ORD009695,MARKET,BUY,,58
9696,ORD009696,MARKET,SELL,,37
9697,ORD009697,MARKET,SELL,,14
9698,ORD009698,LIMIT,SELL,100.71,6
9699,ORD009699,MARKET,SELL,,12
9700,ORD009700,LIMIT,BUY,98.44,98
9701,ORD009701,MARKET,BUY,,2
9702,ORD009702,MARKET,BUY,,21
9703,ORD009703,LIMIT,BUY,99.56,69
9704,ORD009704,LIMIT,SELL,100.66,36
9705,ORD009705,LIMIT,BUY,99.69,14
9706,ORD009706,MARKET,BUY,,75
9707,ORD009707,LIMIT,SELL,101.07,99
9708,ORD009708,MARKET,BUY,,86
9709,ORD009709,LIMIT,SELL,101.49,8
9710,ORD009710,MARKET,SELL,,2
9711,ORD009711,MARKET,BUY,,63
9712,ORD009712,LIMIT,BUY,100.12,84
9713,ORD009713,LIMIT,BUY,99.0,31
9714,ORD009714,LIMIT,BUY,100.32,80
9715,ORD009715,MARKET,BUY,,51
9716,ORD009716,LIMIT,SELL,100.59,53
9717,ORD009717,LIMIT,SELL,101.92,70
9718,ORD009718,MARKET,BUY,,7
9719,ORD009719,MARKET,SELL,,49
9720,ORD009720,LIMIT,BUY,100.02,80
9721,ORD009721,LIMIT,SELL,100.4,71
9722,ORD009722,MARKET,BUY,,35
9723,ORD004895,CANCEL,,,
9724,ORD009724,LIMIT,SELL,101.56,84
9725,ORD009725,LIMIT,SELL,101.54,69
9726,ORD009726,LIMIT,SELL,101.39,7
9727,ORD009727,MARKET,SELL,,70
9728,ORD009728,LIMIT,SELL,101.92,31
9729,ORD009729,LIMIT,BUY,99.89,36
9730,ORD009730,LIMIT,BUY,98.78,84
9731,ORD009731,LIMIT,BUY,99.52,81
9732,ORD009732,MARKET,BUY,,73
9733,ORD009733,MARKET,BUY,,80
9734,ORD009734,MARKET,SELL,,79
9735,ORD009735,LIMIT,SELL,101.55,8
9736,ORD009736,MARKET,BUY,,84
9737,ORD009737,MARKET,BUY,,59
9738,ORD009738,MARKET,SELL,,25
9739,ORD009606,CANCEL,,,
9740,ORD009740,LIMIT,SELL,101.49,16
9741,ORD009741,LIMIT,SELL,100.32,62
9742,ORD009742,LIMIT,BUY,98.45,40
9743,ORD001950,CANCEL,,,
9744,ORD009744,LIMIT,SELL,100.61,45
9745,ORD009745,MARKET,BUY,,89
9746,ORD009746,MARKET,SELL,,48
9747,ORD009747,MARKET,BUY,,21
9748,ORD009748,MARKET,BUY,,57
9749,ORD009749,LIMIT,SELL,101.95,45
9750,ORD004126,CANCEL,,,
9751,ORD009751,LIMIT,BUY,99.59,12
9752,ORD009752,LIMIT,SELL,101.55,14
9753,ORD009753,MARKET,BUY,,81
9754,ORD009754,LIMIT,SELL,100.43,43
9755,ORD009755,MARKET,BUY,,99
9756,ORD009756,LIMIT,SELL,99.86,100
9757,ORD009757,MARKET,SELL,,66
9758,ORD009758,MARKET,BUY,,20
9759,ORD009759,LIMIT,BUY,99.51,49
9760,ORD009760,MARKET,SELL,,53
9761,ORD009761,MARKET,SELL,,39
9762,ORD009762,MARKET,BUY,,27
9763,ORD009763,LIMIT,SELL,99.84,41
9764,ORD009764,LIMIT,BUY,100.23,50
9765,ORD009765,MARKET,BUY,,27
9766,ORD009766,LIMIT,SELL,99.99,85
9767,ORD009767,LIMIT,SELL,100.99,36
9768,ORD009768,LIMIT,SELL,99.79,5
9769,ORD009769,LIMIT,SELL,101.79,49
9770,ORD009770,LIMIT,BUY,99.54,75
9771,ORD009771,LIMIT,SELL,100.1,87
9772,ORD009772,MARKET,BUY,,36
9773,ORD009773,MARKET,BUY,,29
9774,ORD009774,MARKET,BUY,,73
9775,ORD009775,MARKET,BUY,,79
9776,ORD009776,MARKET,BUY,,34
9777,ORD008054,CANCEL,,,
9778,ORD009778,LIMIT,SELL,100.57,39
9779,ORD009779,LIMIT,SELL,100.47,95
9780,ORD009780,MARKET,SELL,,65
9781,ORD009781,MARKET,SELL,,65
9782,ORD002489,CANCEL,,,
9783,ORD009783,MARKET,SELL,,8
9784,ORD009784,MARKET,BUY,,6
9785,ORD009785,MARKET,BUY,,75
9786,ORD009786,MARKET,SELL,,7
9787,ORD009787,MARKET,SELL,,68
9788,ORD009788,MARKET,SELL,,1
9789,ORD009789,LIMIT,SELL,100.51,68
9790,ORD009790,LIMIT,BUY,99.63,55
9791,ORD009791,MARKET,SELL,,49
9792,ORD009792,LIMIT,SELL,100.76,68
9793,ORD009793,MARKET,BUY,,7
9794,ORD009794,MARKET,BUY,,70
9795,ORD009795,MARKET,SELL,,3
9796,ORD009796,LIMIT,BUY,99.49,21
9797,ORD009797,LIMIT,BUY,99.52,59
9798,ORD009798,MARKET,SELL,,16
9799,ORD000852,CANCEL,,,
9800,ORD009800,LIMIT,SELL,99.51,70
9801,ORD009801,LIMIT,SELL,100.15,68
9802,ORD009802,LIMIT,BUY,100.0,35
9803,ORD009803,MARKET,BUY,,54
9804,ORD009804,LIMIT,SELL,101.79,59
9805,ORD009805,MARKET,BUY,,24
9806,ORD009806,LIMIT,BUY,99.26,4
9807,ORD009807,LIMIT,SELL,100.54,8
9808,ORD009808,LIMIT,SELL,100.26,82
9809,ORD005476,CANCEL,,,
9810,ORD009810,LIMIT,BUY,98.53,68
9811,ORD009811,LIMIT,SELL,101.6,57
9812,ORD009812,LIMIT,SELL,101.69,68
9813,ORD009813,LIMIT,SELL,99.7,41
9814,ORD009814,MARKET,BUY,,94
9815,ORD009815,MARKET,BUY,,22
9816,ORD009816,LIMIT,BUY,99.67,50
9817,ORD009817,MARKET,SELL,,78
9818,ORD009818,MARKET,SELL,,15
9819,ORD009819,MARKET,BUY,,93
9820,ORD009820,LIMIT,SELL,101.04,53
9821,ORD009821,LIMIT,BUY,100.06,57
9822,ORD009822,MARKET,SELL,,2
9823,ORD009823,MARKET,SELL,,38
9824,ORD009824,MARKET,SELL,,77
9825,ORD009825,LIMIT,SELL,100.29,55
9826,ORD009826,MARKET,BUY,,44
9827,ORD009827,MARKET,SELL,,43
9828,ORD009828,MARKET,SELL,,23
9829,ORD009829,LIMIT,BUY,98.41,92
9830,ORD009830,MARKET,SELL,,86
9831,ORD003661,CANCEL,,,
9832,ORD009832,MARKET,SELL,,67
9833,ORD009833,LIMIT,BUY,99.68,68
9834,ORD009834,LIMIT,BUY,100.01,69
9835,ORD009835,MARKET,SELL,,46
9836,ORD009836,MARKET,SELL,,65
9837,ORD009837,LIMIT,BUY,100.23,12
9838,ORD009838,MARKET,SELL,,64
9839,ORD009839,LIMIT,BUY,98.78,63
9840,ORD009840,LIMIT,BUY,100.08,75
9841,ORD009841,MARKET,BUY,,81
9842,ORD009842,MARKET,SELL,,94
9843,ORD009843,MARKET,SELL,,37
9844,ORD009844,LIMIT,BUY,99.08,37
9845,ORD009845,LIMIT,BUY,100.14,1
9846,ORD001369,CANCEL,,,
9847,ORD009847,LIMIT,SELL,100.98,42
9848,ORD009848,LIMIT,SELL,100.12,7
9849,ORD009849,LIMIT,SELL,99.83,95
9850,ORD009850,LIMIT,SELL,101.13,21
9851,ORD009851,LIMIT,BUY,98.79,92
9852,ORD009852,LIMIT,SELL,101.56,8
9853,ORD009853,MARKET,BUY,,53
9854,ORD009854,LIMIT,SELL,101.75,73
9855,ORD009855,LIMIT,BUY,98.15,69
9856,ORD009856,LIMIT,SELL,99.66,16
9857,ORD009857,MARKET,BUY,,33
9858,ORD001801,CANCEL,,,
9859,ORD009859,MARKET,BUY,,23
9860,ORD009860,LIMIT,SELL,101.77,33
9861,ORD009861,LIMIT,SELL,100.53,18
9862,ORD009862,MARKET,SELL,,41
9863,ORD009863,MARKET,SELL,,63
9864,ORD009864,MARKET,SELL,,53
9865,ORD005568,CANCEL,,,
9866,ORD009866,MARKET,SELL,,71
9867,ORD009867,MARKET,SELL,,77
9868,ORD009868,LIMIT,SELL,100.91,95
9869,ORD009869,LIMIT,SELL,101.18,42
9870,ORD009870,LIMIT,BUY,98.12,13
9871,ORD009871,LIMIT,SELL,99.55,85
9872,ORD009872,LIMIT,BUY,99.24,91
9873,ORD009873,MARKET,SELL,,100
9874,ORD009874,LIMIT,BUY,98.77,87
9875,ORD009875,LIMIT,SELL,101.79,89
9876,ORD009876,LIMIT,SELL,99.63,61
9877,ORD009877,MARKET,BUY,,82
9878,ORD009878,LIMIT,SELL,100.7,95
9879,ORD009879,LIMIT,BUY,98.74,73
9880,ORD009880,MARKET,SELL,,85
9881,ORD009881,MARKET,BUY,,74
9882,ORD009882,MARKET,SELL,,23
9883,ORD009883,LIMIT,BUY,98.62,49
9884,ORD009884,MARKET,BUY,,65
9885,ORD009885,LIMIT,SELL,101.9,61
9886,ORD009886,LIMIT,BUY,100.17,24
9887,ORD009887,MARKET,BUY,,83
9888,ORD009888,MARKET,BUY,,68
9889,ORD009889,MARKET,BUY,,45
9890,ORD009890,LIMIT,SELL,101.13,99
9891,ORD009891,LIMIT,BUY,98.69,92
9892,ORD009892,LIMIT,BUY,98.05,84
9893,ORD009893,LIMIT,BUY,99.53,38
9894,ORD009894,LIMIT,SELL,101.46,35
9895,ORD009895,LIMIT,BUY,98.52,89
9896,ORD009896,MARKET,BUY,,21
9897,ORD009897,LIMIT,BUY,98.46,40
9898,ORD009898,LIMIT,BUY,99.28,41
9899,ORD009899,LIMIT,SELL,100.76,28
9900,ORD009900,MARKET,SELL,,8
9901,ORD009901,MARKET,BUY,,80
9902,ORD009902,LIMIT,BUY,100.33,50
9903,ORD009903,MARKET,BUY,,23
9904,ORD009904,MARKET,BUY,,43
9905,ORD009905,LIMIT,BUY,99.24,68
9906,ORD009906,MARKET,SELL,,66
9907,ORD009907,MARKET,BUY,,67
9908,ORD009908,MARKET,SELL,,84
9909,ORD009909,LIMIT,SELL,99.99,73
9910,ORD009910,MARKET,SELL,,35
9911,ORD009911,LIMIT,BUY,100.29,58
9912,ORD009912,LIMIT,BUY,99.0,19
9913,ORD009913,MARKET,BUY,,46
9914,ORD009914,MARKET,SELL,,37
9915,ORD009915,LIMIT,SELL,100.4,43
9916,ORD009916,LIMIT,BUY,98.18,83
9917,ORD009917,MARKET,BUY,,86
9918,ORD009918,LIMIT,SELL,100.32,50
9919,ORD009919,LIMIT,SELL,101.65,49
9920,ORD009920,MARKET,BUY,,3
9921,ORD009921,MARKET,BUY,,68
9922,ORD009922,LIMIT,SELL,101.55,86
9923,ORD009923,MARKET,SELL,,1
9924,ORD009924,LIMIT,BUY,98.57,84
9925,ORD009925,MARKET,SELL,,79
9926,ORD009926,LIMIT,SELL,101.72,50
9927,ORD009927,MARKET,BUY,,72
9928,ORD009928,LIMIT,BUY,100.31,64
9929,ORD009929,LIMIT,SELL,99.95,66
9930,ORD009930,MARKET,SELL,,12
9931,ORD009931,MARKET,SELL,,34
9932,ORD009932,LIMIT,BUY,98.33,85
9933,ORD003766,CANCEL,,,
9934,ORD009934,LIMIT,BUY,98.78,84
9935,ORD009935,LIMIT,SELL,101.5,76
9936,ORD009936,LIMIT,SELL,100.29,87
9937,ORD009937,MARKET,SELL,,34
9938,ORD009938,MARKET,SELL,,74
9939,ORD009939,LIMIT,BUY,99.12,86
9940,ORD009940,MARKET,SELL,,30
9941,ORD009941,LIMIT,SELL,99.51,57
9942,ORD009942,LIMIT,BUY,98.39,12
9943,ORD009943,LIMIT,BUY,100.34,12
9944,ORD009944,MARKET,SELL,,3
9945,ORD009945,MARKET,BUY,,95
9946,ORD009946,LIMIT,SELL,99.69,53
9947,ORD009947,LIMIT,SELL,101.49,12
9948,ORD009948,LIMIT,BUY,98.59,1
9949,ORD009949,LIMIT,BUY,98.98,48
9950,ORD009950,LIMIT,SELL,100.65,54
9951,ORD009951,MARKET,SELL,,59
9952,ORD009952,LIMIT,BUY,99.19,39
9953,ORD009953,MARKET,BUY,,56
9954,ORD009954,LIMIT,BUY,100.0,20
9955,ORD009955,LIMIT,BUY,98.74,55
9956,ORD009956,MARKET,BUY,,90
9957,ORD009957,LIMIT,BUY,100.09,49
9958,ORD009958,MARKET,SELL,,60
9959,ORD009959,MARKET,BUY,,100
9960,ORD009960,MARKET,SELL,,77
9961,ORD005425,CANCEL,,,
9962,ORD009962,LIMIT,BUY,100.08,20
9963,ORD009963,LIMIT,BUY,100.01,49
9964,ORD009964,MARKET,BUY,,7
9965,ORD009965,MARKET,BUY,,7
9966,ORD009966,MARKET,SELL,,74
9967,ORD009967,MARKET,BUY,,85
9968,ORD009968,MARKET,SELL,,56
9969,ORD009969,LIMIT,BUY,100.45,53
9970,ORD009970,LIMIT,SELL,100.87,35
9971,ORD009971,LIMIT,BUY,98.37,66
9972,ORD009972,LIMIT,SELL,100.28,61
9973,ORD009973,MARKET,BUY,,28
9974,ORD009974,LIMIT,SELL,101.35,69
9975,ORD009975,MARKET,BUY,,33
9976,ORD009976,LIMIT,BUY,98.59,100
9977,ORD009977,MARKET,SELL,,42
9978,ORD009978,LIMIT,SELL,100.39,15
9979,ORD009979,LIMIT,BUY,100.0,28
9980,ORD009980,LIMIT,BUY,98.22,42
9981,ORD009981,MARKET,BUY,,69
9982,ORD009982,LIMIT,BUY,99.88,52
9983,ORD009983,LIMIT,BUY,99.12,54
9984,ORD009984,LIMIT,BUY,99.68,22
9985,ORD009985,LIMIT,BUY,98.93,73
9986,ORD009986,MARKET,BUY,,69
9987,ORD009987,MARKET,BUY,,84
9988,ORD009988,MARKET,BUY,,66
9989,ORD009989,MARKET,BUY,,75
9990,ORD009990,MARKET,BUY,,57
9991,ORD009991,MARKET,SELL,,40
9992,ORD009992,MARKET,SELL,,45
9993,ORD009993,MARKET,BUY,,78
9994,ORD009994,LIMIT,SELL,100.74,73
9995,ORD009995,LIMIT,BUY,99.71,56
9996,ORD009996,MARKET,BUY,,65
9997,ORD009997,LIMIT,SELL,99.62,55
9998,ORD009998,LIMIT,BUY,100.08,40
9999,ORD009999,LIMIT,SELL,100.57,93
10000,ORD010000,MARKET,BUY,,60
10001,ORD010001,MARKET,SELL,,1
10002,ORD010002,MARKET,SELL,,4
10003,ORD010003,LIMIT,SELL,100.2,87
10004,ORD006680,CANCEL,,,
10005,ORD010005,LIMIT,SELL,100.97,90
10006,ORD010006,MARKET,SELL,,1
10007,ORD000798,CANCEL,,,
10008,ORD010008,MARKET,SELL,,67
10009,ORD010009,MARKET,BUY,,76
10010,ORD010010,MARKET,SELL,,20
10011,ORD010011,LIMIT,SELL,100.67,34
10012,ORD010012,LIMIT,BUY,99.47,45
10013,ORD010013,MARKET,BUY,,47
10014,ORD010014,MARKET,BUY,,18
10015,ORD010015,MARKET,SELL,,34
10016,ORD010016,LIMIT,BUY,99.11,97
10017,ORD010017,MARKET,SELL,,42
10018,ORD010018,MARKET,BUY,,23
10019,ORD010019,LIMIT,SELL,100.16,89
10020,ORD010020,MARKET,BUY,,67
10021,ORD010021,MARKET,BUY,,83
10022,ORD010022,MARKET,SELL,,36
10023,ORD010023,LIMIT,SELL,99.76,80
10024,ORD010024,LIMIT,SELL,101.51,32
10025,ORD010025,MARKET,BUY,,2
10026,ORD010026,LIMIT,BUY,98.61,60
10027,ORD010027,LIMIT,BUY,98.37,92
10028,ORD010028,MARKET,SELL,,90
10029,ORD010029,LIMIT,BUY,99.99,62
10030,ORD010030,MARKET,SELL,,56
10031,ORD010031,MARKET,BUY,,29
10032,ORD010032,MARKET,BUY,,34
10033,ORD010033,LIMIT,SELL,101.3,6
10034,ORD010034,LIMIT,SELL,99.93,38
10035,ORD008807,CANCEL,,,
10036,ORD010036,LIMIT,BUY,98.47,95
10037,ORD010037,LIMIT,SELL,100.94,94
10038,ORD010038,LIMIT,BUY,100.19,21
10039,ORD010039,LIMIT,SELL,101.88,93
10040,ORD010040,LIMIT,BUY,98.92,69
10041,ORD010041,MARKET,BUY,,97
10042,ORD010042,LIMIT,BUY,100.48,48
10043,ORD010043,MARKET,BUY,,26
10044,ORD010044,LIMIT,SELL,101.97,28
10045,ORD010045,LIMIT,BUY,100.19,57
10046,ORD010046,LIMIT,SELL,101.63,70
10047,ORD010047,MARKET,SELL,,63
10048,ORD010048,LIMIT,SELL,100.97,61
10049,ORD000432,CANCEL,,,
10050,ORD010050,MARKET,SELL,,24
10051,ORD010051,LIMIT,BUY,99.76,84
10052,ORD010052,LIMIT,BUY,100.17,50
10053,ORD010053,MARKET,SELL,,96
10054,ORD010054,LIMIT,BUY,99.22,98
10055,ORD010055,MARKET,SELL,,21
10056,ORD010056,MARKET,SELL,,22
10057,ORD010057,LIMIT,BUY,99.93,33
10058,ORD010058,LIMIT,BUY,99.72,50
10059,ORD010059,MARKET,BUY,,72
10060,ORD010060,MARKET,SELL,,94
10061,ORD010061,LIMIT,BUY,98.66,10
10062,ORD004374,CANCEL,,,
10063,ORD010063,LIMIT,BUY,98.38,19
10064,ORD010064,LIMIT,BUY,99.29,94
10065,ORD010065,LIMIT,SELL,100.71,48
10066,ORD010066,LIMIT,BUY,98.61,84
10067,ORD010067,MARKET,BUY,,77
10068,ORD010068,LIMIT,SELL,100.29,5
10069,ORD010069,LIMIT,SELL,99.68,28
10070,ORD010070,LIMIT,BUY,100.36,66
10071,ORD010071,LIMIT,SELL,100.81,12
10072,ORD010072,MARKET,BUY,,37
10073,ORD010073,LIMIT,BUY,98.51,52
10074,ORD008106,CANCEL,,,
10075,ORD010075,LIMIT,BUY,98.83,72
10076,ORD010076,MARKET,SELL,,99
10077,ORD010077,MARKET,SELL,,15
10078,ORD010078,MARKET,BUY,,92
10079,ORD010079,LIMIT,SELL,100.03,72
10080,ORD010080,LIMIT,BUY,98.18,76
10081,ORD010081,LIMIT,BUY,98.58,39
10082,ORD010082,LIMIT,BUY,100.46,73
10083,ORD010083,LIMIT,SELL,100.44,92
10084,ORD010084,MARKET,BUY,,16
10085,ORD010085,MARKET,BUY,,68
10086,ORD010086,MARKET,SELL,,22
10087,ORD010087,MARKET,BUY,,21
10088,ORD010088,LIMIT,SELL,100.6,50
10089,ORD000783,CANCEL,,,
10090,ORD010090,MARKET,BUY,,10
10091,ORD010091,MARKET,BUY,,97
10092,ORD002173,CANCEL,,,
10093,ORD010093,MARKET,BUY,,41
10094,ORD010094,LIMIT,BUY,99.33,79
10095,ORD010095,MARKET,BUY,,4
10096,ORD010096,MARKET,BUY,,17
10097,ORD010097,LIMIT,BUY,98.22,73
10098,ORD010098,MARKET,SELL,,6
10099,ORD009197,CANCEL,,,
10100,ORD010100,LIMIT,SELL,101.6,97
10101,ORD010101,MARKET,BUY,,82
10102,ORD010102,LIMIT,BUY,98.05,28
10103,ORD010103,MARKET,BUY,,73
10104,ORD010104,LIMIT,BUY,98.78,10
10105,ORD010105,MARKET,SELL,,50
10106,ORD010106,LIMIT,BUY,98.09,60
10107,ORD010107,MARKET,SELL,,81
10108,ORD010108,MARKET,SELL,,92
10109,ORD010109,MARKET,BUY,,27
10110,ORD010110,MARKET,SELL,,27
10111,ORD010111,LIMIT,BUY,99.78,54
10112,ORD010112,MARKET,BUY,,74
10113,ORD010113,MARKET,BUY,,5
10114,ORD010114,LIMIT,SELL,101.53,44
10115,ORD010115,LIMIT,BUY,98.07,51
10116,ORD010116,LIMIT,BUY,100.34,20
10117,ORD010117,MARKET,BUY,,12
10118,ORD010118,MARKET,BUY,,81
10119,ORD010119,MARKET,SELL,,31
10120,ORD010120,LIMIT,BUY,98.56,67
10121,ORD010121,MARKET,SELL,,26
10122,ORD010122,LIMIT,BUY,100.18,3
10123,ORD010123,LIMIT,BUY,98.75,51
10124,ORD010124,MARKET,SELL,,6
10125,ORD010125,MARKET,SELL,,31
10126,ORD010126,MARKET,SELL,,1
10127,ORD010127,MARKET,BUY,,33
10128,ORD010128,LIMIT,SELL,100.4,92
10129,ORD010129,MARKET,SELL,,96
10130,ORD010130,MARKET,BUY,,65
10131,ORD010131,MARKET,BUY,,22
10132,ORD004284,CANCEL,,,
10133,ORD010133,LIMIT,BUY,99.37,78
10134,ORD007779,CANCEL,,,
10135,ORD006419,CANCEL,,,
10136,ORD010136,LIMIT,SELL,99.58,44
10137,ORD010137,MARKET,BUY,,60
10138,ORD010138,LIMIT,SELL,100.2,13
10139,ORD010139,LIMIT,BUY,99.68,66
10140,ORD010140,LIMIT,SELL,101.33,87
10141,ORD010141,LIMIT,SELL,101.36,82
10142,ORD010142,LIMIT,SELL,99.91,19
10143,ORD010143,LIMIT,SELL,101.86,63
10144,ORD010144,LIMIT,BUY,98.96,87
10145,ORD010145,MARKET,SELL,,97
10146,ORD010146,MARKET,SELL,,19
10147,ORD010147,MARKET,SELL,,75
10148,ORD010148,MARKET,SELL,,9
10149,ORD010149,LIMIT,SELL,100.39,72
10150,ORD010150,MARKET,BUY,,80
10151,ORD010151,LIMIT,SELL,100.38,61
10152,ORD010152,MARKET,SELL,,33
10153,ORD010153,LIMIT,SELL,100.98,27
10154,ORD010154,MARKET,BUY,,79
10155,ORD003724,CANCEL,,,
10156,ORD010156,LIMIT,BUY,98.29,91
10157,ORD010157,MARKET,SELL,,20
10158,ORD010158,MARKET,SELL,,38
10159,ORD010159,LIMIT,BUY,98.03,23
10160,ORD010160,MARKET,SELL,,26
10161,ORD010161,MARKET,BUY,,96
10162,ORD010162,MARKET,SELL,,24
10163,ORD010163,MARKET,SELL,,9
10164,ORD010164,LIMIT,SELL,99.74,32
10165,ORD010165,LIMIT,SELL,100.38,71
10166,ORD010166,LIMIT,BUY,99.11,79
10167,ORD010167,LIMIT,SELL,101.76,4
10168,ORD010168,LIMIT,BUY,99.06,85
10169,ORD010169,LIMIT,SELL,99.84,8
10170,ORD010170,MARKET,SELL,,36
10171,ORD010171,MARKET,SELL,,60
10172,ORD010172,MARKET,SELL,,43
10173,ORD010173,LIMIT,SELL,99.64,88
10174,ORD010174,MARKET,SELL,,74
10175,ORD010175,MARKET,BUY,,2
10176,ORD010176,LIMIT,BUY,98.3,19
10177,ORD010177,LIMIT,SELL,99.77,31
10178,ORD010178,MARKET,BUY,,43
10179,ORD010179,MARKET,BUY,,87
10180,ORD010180,MARKET,SELL,,73
10181,ORD010181,LIMIT,BUY,99.41,68
10182,ORD007363,CANCEL,,,
10183,ORD010183,LIMIT,BUY,99.93,6
10184,ORD010184,MARKET,SELL,,56
10185,ORD010185,LIMIT,BUY,99.35,7
10186,ORD010186,MARKET,SELL,,95
10187,ORD010187,MARKET,SELL,,52
10188,ORD010188,LIMIT,BUY,99.62,95
10189,ORD000354,CANCEL,,,
10190,ORD010190,LIMIT,BUY,98.09,46
10191,ORD010191,LIMIT,SELL,101.4,45
10192,ORD010192,MARKET,SELL,,56
10193,ORD010193,LIMIT,BUY,98.62,59
10194,ORD010194,MARKET,SELL,,83
10195,ORD010195,LIMIT,BUY,100.31,41
10196,ORD010196,MARKET,SELL,,55
10197,ORD010197,LIMIT,SELL,100.91,24
10198,ORD010198,MARKET,BUY,,61
10199,ORD010199,LIMIT,SELL,100.72,6
10200,ORD010200,LIMIT,BUY,100.47,42
10201,ORD010201,LIMIT,SELL,101.94,34
10202,ORD010202,MARKET,BUY,,3
10203,ORD010203,LIMIT,SELL,101.64,20
10204,ORD010204,MARKET,SELL,,89
10205,ORD010205,MARKET,SELL,,46
10206,ORD010206,LIMIT,BUY,99.18,1
10207,ORD010207,MARKET,SELL,,31
10208,ORD010208,MARKET,BUY,,94
10209,ORD010209,MARKET,SELL,,6
10210,ORD010210,LIMIT,BUY,98.66,37
10211,ORD010211,LIMIT,SELL,100.7,16
10212,ORD010212,MARKET,BUY,,9
10213,ORD010213,MARKET,SELL,,22
10214,ORD004652,CANCEL,,,
10215,ORD010215,LIMIT,SELL,101.38,94
10216,ORD010216,MARKET,BUY,,42
10217,ORD010217,LIMIT,SELL,100.63,25
10218,ORD010218,LIMIT,BUY,99.28,42
10219,ORD010219,MARKET,SELL,,61
10220,ORD010220,MARKET,BUY,,83
10221,ORD010221,MARKET,SELL,,25
10222,ORD006451,CANCEL,,,
10223,ORD010223,MARKET,SELL,,95
10224,ORD010224,MARKET,BUY,,56
10225,ORD001246,CANCEL,,,
10226,ORD010226,LIMIT,SELL,100.77,80
10227,ORD003089,CANCEL,,,
10228,ORD010228,LIMIT,SELL,99.96,68
10229,ORD010229,MARKET,SELL,,27
10230,ORD010230,MARKET,SELL,,70
10231,ORD010231,LIMIT,SELL,99.7,73
10232,ORD010232,LIMIT,BUY,98.47,18
10233,ORD010233,LIMIT,BUY,100.49,40
10234,ORD010234,MARKET,BUY,,83
10235,ORD010235,MARKET,BUY,,15
10236,ORD010236,MARKET,SELL,,53
10237,ORD010237,LIMIT,BUY,98.49,89
10238,ORD010238,MARKET,BUY,,30
10239,ORD010239,LIMIT,SELL,101.72,21
10240,ORD010240,LIMIT,BUY,98.91,27
10241,ORD010241,MARKET,BUY,,65
10242,ORD010242,LIMIT,BUY,98.22,51
10243,ORD010243,MARKET,SELL,,31
10244,ORD010244,MARKET,SELL,,93
10245,ORD010245,MARKET,SELL,,20
10246,ORD010246,LIMIT,SELL,99.54,21
10247,ORD010247,LIMIT,SELL,99.68,44
10248,ORD010248,LIMIT,BUY,99.04,69
10249,ORD010249,MARKET,BUY,,82
10250,ORD010250,LIMIT,SELL,100.92,97
10251,ORD010251,LIMIT,BUY,99.98,58
10252,ORD010252,MARKET,BUY,,74
10253,ORD010253,MARKET,SELL,,100
10254,ORD010254,MARKET,BUY,,100
10255,ORD010255,MARKET,SELL,,39
10256,ORD010256,MARKET,SELL,,87
10257,ORD010257,LIMIT,SELL,101.18,100
10258,ORD010258,LIMIT,BUY,100.04,50
10259,ORD010259,MARKET,BUY,,74
10260,ORD010260,MARKET,SELL,,11
10261,ORD010261,LIMIT,BUY,99.4,1
10262,ORD010262,MARKET,SELL,,21
10263,ORD004582,CANCEL,,,
10264,ORD010264,MARKET,BUY,,58
10265,ORD010265,MARKET,SELL,,28
10266,ORD010266,LIMIT,SELL,100.7,29
10267,ORD010267,LIMIT,BUY,99.15,53
10268,ORD008617,CANCEL,,,
10269,ORD010269,LIMIT,BUY,99.63,43
10270,ORD010270,MARKET,BUY,,73
10271,ORD010271,MARKET,BUY,,99
10272,ORD010272,LIMIT,BUY,99.48,33
10273,ORD010273,MARKET,SELL,,91
10274,ORD010274,MARKET,BUY,,48
10275,ORD010275,LIMIT,BUY,99.27,46
10276,ORD010276,MARKET,SELL,,92
10277,ORD010277,LIMIT,SELL,101.22,36
10278,ORD010278,MARKET,BUY,,69
10279,ORD010279,MARKET,BUY,,40
10280,ORD010280,MARKET,BUY,,80
10281,ORD010281,MARKET,SELL,,17
10282,ORD010282,MARKET,SELL,,45
10283,ORD010283,MARKET,SELL,,8
10284,ORD010284,LIMIT,SELL,99.93,43
10285,ORD010285,LIMIT,BUY,99.9,93
10286,ORD005230,CANCEL,,,
10287,ORD010287,MARKET,SELL,,21
10288,ORD010288,MARKET,BUY,,66
10289,ORD010289,MARKET,BUY,,63
10290,ORD010290,MARKET,BUY,,71
10291,ORD010291,MARKET,SELL,,16
10292,ORD008565,CANCEL,,,
10293,ORD010293,LIMIT,BUY,99.48,1
10294,ORD010294,LIMIT,BUY,98.52,11
10295,ORD010295,MARKET,SELL,,87
10296,ORD010296,LIMIT,SELL,99.95,6
10297,ORD010297,MARKET,SELL,,47
10298,ORD010298,MARKET,SELL,,49
10299,ORD010299,LIMIT,BUY,100.43,88
10300,ORD010300,LIMIT,SELL,101.39,44
10301,ORD010301,LIMIT,SELL,100.7,67
10302,ORD010302,MARKET,SELL,,74
10303,ORD010303,LIMIT,BUY,100.32,15
10304,ORD010304,LIMIT,BUY,98.48,11
10305,ORD010305,MARKET,SELL,,89
10306,ORD010306,LIMIT,SELL,100.44,60
10307,ORD010307,LIMIT,BUY,98.73,30
10308,ORD010308,LIMIT,SELL,101.94,43
10309,ORD010309,MARKET,SELL,,3
10310,ORD010310,MARKET,BUY,,24
10311,ORD010311,MARKET,SELL,,68
10312,ORD010312,LIMIT,SELL,100.97,56
10313,ORD010313,LIMIT,SELL,100.87,93
10314,ORD010314,LIMIT,BUY,99.89,67
10315,ORD010315,MARKET,SELL,,82
10316,ORD008675,CANCEL,,,
10317,ORD010317,LIMIT,SELL,100.15,14
10318,ORD010318,MARKET,SELL,,73
10319,ORD010319,LIMIT,SELL,101.66,21
10320,ORD010320,LIMIT,BUY,99.5,89
10321,ORD010321,LIMIT,BUY,98.18,21
10322,ORD010322,MARKET,BUY,,92
10323,ORD010323,LIMIT,SELL,100.99,6
10324,ORD010324,MARKET,SELL,,97
10325,ORD010325,LIMIT,BUY,98.14,83
10326,ORD010326,MARKET,SELL,,68
10327,ORD010327,LIMIT,SELL,101.12,48
10328,ORD010328,MARKET,BUY,,31
10329,ORD010329,MARKET,SELL,,49
10330,ORD010330,LIMIT,SELL,101.14,83
10331,ORD010331,LIMIT,BUY,98.33,77
10332,ORD010332,MARKET,BUY,,76
10333,ORD010333,MARKET,SELL,,58
10334,ORD010334,LIMIT,BUY,98.08,78
10335,ORD010335,LIMIT,SELL,101.81,69
10336,ORD010336,LIMIT,SELL,100.01,95
10337,ORD010337,LIMIT,SELL,100.62,74
10338,ORD010338,MARKET,BUY,,50
10339,ORD010339,LIMIT,SELL,100.8,65
10340,ORD010340,LIMIT,SELL,99.52,99
10341,ORD010341,MARKET,SELL,,11
10342,ORD010342,MARKET,SELL,,89
10343,ORD010343,LIMIT,BUY,100.25,37
10344,ORD010344,LIMIT,SELL,100.15,36
10345,ORD010345,MARKET,BUY,,47
10346,ORD010346,LIMIT,SELL,100.7,53
10347,ORD010347,MARKET,SELL,,84
10348,ORD010348,MARKET,SELL,,8
10349,ORD010349,LIMIT,BUY,98.61,16
10350,ORD010350,LIMIT,SELL,100.1,70
10351,ORD010351,MARKET,BUY,,53
10352,ORD010352,LIMIT,BUY,98.05,84
10353,ORD010353,MARKET,SELL,,1
10354,ORD010354,MARKET,SELL,,14
10355,ORD010355,LIMIT,BUY,99.5,23
10356,ORD010356,LIMIT,SELL,100.63,79
10357,ORD010357,LIMIT,SELL,100.26,87
10358,ORD010358,MARKET,BUY,,62
10359,ORD010359,LIMIT,BUY,98.45,53
10360,ORD010360,MARKET,SELL,,30
10361,ORD010361,MARKET,SELL,,69
10362,ORD010362,LIMIT,BUY,98.36,53
10363,ORD010363,MARKET,SELL,,79
10364,ORD010364,MARKET,SELL,,36
10365,ORD010365,MARKET,SELL,,41
10366,ORD010366,MARKET,SELL,,32
10367,ORD010367,MARKET,SELL,,17
10368,ORD010368,MARKET,SELL,,7
10369,ORD010369,LIMIT,BUY,99.75,68
10370,ORD010370,LIMIT,SELL,99.91,2
10371,ORD010371,LIMIT,BUY,98.89,50
10372,ORD010372,LIMIT,SELL,100.5,55
10373,ORD010373,MARKET,BUY,,11
10374,ORD010374,MARKET,BUY,,41
10375,ORD010375,MARKET,SELL,,35
10376,ORD010376,LIMIT,BUY,99.59,42
10377,ORD010377,LIMIT,SELL,99.86,55
10378,ORD010378,LIMIT,BUY,98.44,58
10379,ORD010379,LIMIT,BUY,98.57,43
10380,ORD010380,LIMIT,SELL,99.55,71
10381,ORD010381,MARKET,SELL,,49
10382,ORD010382,LIMIT,BUY,100.1,92
10383,ORD010383,LIMIT,BUY,98.7,2
10384,ORD010384,MARKET,SELL,,84
10385,ORD010385,LIMIT,SELL,101.17,82
10386,ORD010386,MARKET,BUY,,82
10387,ORD010387,LIMIT,SELL,101.74,37
10388,ORD010388,MARKET,BUY,,85
10389,ORD010389,LIMIT,BUY,99.35,95
10390,ORD010390,LIMIT,SELL,100.59,39
10391,ORD010391,LIMIT,BUY,100.36,97
10392,ORD010392,LIMIT,BUY,99.28,78
10393,ORD010393,LIMIT,SELL,101.57,28
10394,ORD010394,LIMIT,SELL,100.36,92
10395,ORD010395,MARKET,SELL,,69
10396,ORD010396,LIMIT,SELL,101.12,64
10397,ORD010397,LIMIT,BUY,98.62,65
10398,ORD010398,LIMIT,SELL,101.62,32
10399,ORD010399,LIMIT,SELL,100.66,35
10400,ORD010400,MARKET,SELL,,90
10401,ORD010401,LIMIT,BUY,98.13,45
10402,ORD010402,LIMIT,SELL,100.54,45
10403,ORD010403,MARKET,BUY,,3
10404,ORD010404,MARKET,SELL,,80
10405,ORD010405,LIMIT,SELL,100.64,82
10406,ORD010406,MARKET,SELL,,1
10407,ORD010407,LIMIT,SELL,100.45,30
10408,ORD010408,MARKET,SELL,,98
10409,ORD010409,LIMIT,BUY,98.64,3
10410,ORD010410,LIMIT,BUY,99.83,27
10411,ORD010411,LIMIT,SELL,99.62,61
10412,ORD010412,MARKET,BUY,,44
10413,ORD010413,LIMIT,BUY,98.6,35
10414,ORD010414,LIMIT,BUY,99.87,21
10415,ORD010415,MARKET,BUY,,43
10416,ORD010416,LIMIT,SELL,101.85,93
10417,ORD010417,LIMIT,BUY,98.75,64
10418,ORD010418,LIMIT,SELL,100.61,89
10419,ORD010419,LIMIT,BUY,99.51,99
10420,ORD010420,MARKET,BUY,,88
10421,ORD010421,LIMIT,SELL,100.87,68
10422,ORD010422,LIMIT,BUY,99.41,62
10423,ORD010423,LIMIT,BUY,99.3,2
10424,ORD010424,LIMIT,BUY,99.41,47
10425,ORD010425,MARKET,SELL,,82
10426,ORD010426,LIMIT,BUY,99.88,44
10427,ORD010427,LIMIT,BUY,99.7,49
10428,ORD010428,LIMIT,BUY,100.28,58
10429,ORD010429,MARKET,SELL,,58
10430,ORD010430,LIMIT,BUY,99.38,5
10431,ORD010431,MARKET,BUY,,85
10432,ORD010432,MARKET,BUY,,75
10433,ORD010433,LIMIT,SELL,100.02,3
10434,ORD010434,LIMIT,SELL,100.13,64
10435,ORD010435,MARKET,BUY,,39
10436,ORD010436,LIMIT,SELL,101.45,2
10437,ORD010437,LIMIT,BUY,99.44,11
10438,ORD010438,MARKET,BUY,,24
10439,ORD010439,LIMIT,BUY,99.22,24
10440,ORD010440,LIMIT,BUY,99.55,81
10441,ORD010441,LIMIT,BUY,98.21,82
10442,ORD010442,MARKET,SELL,,54
10443,ORD010443,LIMIT,BUY,99.22,74
10444,ORD010444,MARKET,BUY,,54
10445,ORD010445,LIMIT,BUY,98.27,88
10446,ORD010446,MARKET,BUY,,1
10447,ORD010447,MARKET,SELL,,68
10448,ORD010448,MARKET,BUY,,73
10449,ORD010449,LIMIT,BUY,99.23,9
10450,ORD010450,LIMIT,SELL,101.28,35
10451,ORD010451,LIMIT,BUY,98.06,38
10452,ORD010452,MARKET,BUY,,63
10453,ORD010453,LIMIT,BUY,98.75,95
10454,ORD010454,MARKET,SELL,,5
10455,ORD010455,MARKET,SELL,,59
10456,ORD010456,MARKET,BUY,,59
10457,ORD010457,MARKET,BUY,,16
10458,ORD010458,MARKET,BUY,,21
10459,ORD010459,LIMIT,BUY,98.64,80
10460,ORD010460,LIMIT,BUY,99.64,59
10461,ORD010461,LIMIT,SELL,100.18,82
10462,ORD010462,LIMIT,SELL,100.85,48
10463,ORD010463,MARKET,SELL,,3
10464,ORD010464,MARKET,BUY,,60
10465,ORD010465,LIMIT,SELL,101.38,36
10466,ORD010466,LIMIT,BUY,98.05,75
10467,ORD010467,LIMIT,BUY,100.35,68
10468,ORD010468,MARKET,SELL,,28
10469,ORD010469,MARKET,BUY,,28
10470,ORD010470,MARKET,BUY,,79
10471,ORD010471,MARKET,BUY,,60
10472,ORD010472,MARKET,BUY,,51
10473,ORD010473,MARKET,SELL,,34
10474,ORD010474,LIMIT,BUY,99.94,56
10475,ORD010475,LIMIT,BUY,98.53,18
10476,ORD010476,MARKET,BUY,,19
10477,ORD010477,MARKET,BUY,,45
10478,ORD010478,MARKET,BUY,,23
10479,ORD010479,LIMIT,BUY,100.16,70
10480,ORD010480,LIMIT,BUY,99.87,34
10481,ORD010481,LIMIT,BUY,99.73,92
10482,ORD010482,MARKET,BUY,,99
10483,ORD010483,MARKET,BUY,,90
10484,ORD010484,MARKET,BUY,,41
10485,ORD010485,LIMIT,SELL,99.82,13
10486,ORD010486,LIMIT,BUY,99.29,1
10487,ORD010487,LIMIT,BUY,100.13,59
10488,ORD010488,LIMIT,SELL,101.78,17
10489,ORD010489,LIMIT,BUY,99.21,84
10490,ORD010490,MARKET,BUY,,98
10491,ORD008224,CANCEL,,,
10492,ORD010492,MARKET,SELL,,95
10493,ORD010493,MARKET,BUY,,31
10494,ORD010494,MARKET,SELL,,73
10495,ORD010495,MARKET,SELL,,24
10496,ORD010496,MARKET,SELL,,49
10497,ORD010497,LIMIT,SELL,101.53,29
10498,ORD010498,MARKET,SELL,,81
10499,ORD010499,MARKET,BUY,,21
10500,ORD010500,LIMIT,BUY,99.85,4
10501,ORD010501,LIMIT,BUY,98.88,83
10502,ORD010502,LIMIT,SELL,101.53,45
10503,ORD010503,LIMIT,BUY,100.36,94
10504,ORD010504,MARKET,BUY,,8
10505,ORD010505,LIMIT,SELL,99.88,92
10506,ORD010506,LIMIT,BUY,98.9,83
10507,ORD010507,LIMIT,SELL,101.07,30
10508,ORD010508,MARKET,SELL,,17
10509,ORD010509,MARKET,BUY,,71
10510,ORD010510,MARKET,BUY,,90
10511,ORD010511,MARKET,SELL,,25
10512,ORD001514,CANCEL,,,
10513,ORD010513,LIMIT,BUY,98.54,26
10514,ORD010514,MARKET,BUY,,42
10515,ORD010515,LIMIT,BUY,100.33,64
10516,ORD010516,MARKET,BUY,,19
10517,ORD010517,MARKET,SELL,,55
10518,ORD010518,MARKET,BUY,,69
10519,ORD010519,MARKET,SELL,,80
10520,ORD010520,MARKET,SELL,,78
10521,ORD010521,MARKET,BUY,,31
10522,ORD010522,MARKET,SELL,,93
10523,ORD010523,LIMIT,BUY,98.84,54
10524,ORD010524,LIMIT,BUY,98.87,68
10525,ORD010525,MARKET,SELL,,62
10526,ORD010526,MARKET,BUY,,24
10527,ORD010527,MARKET,BUY,,99
10528,ORD010528,MARKET,SELL,,52
10529,ORD010529,MARKET,BUY,,14
10530,ORD010530,MARKET,SELL,,60
10531,ORD010531,LIMIT,BUY,98.32,52
10532,ORD010532,LIMIT,SELL,100.33,98
10533,ORD010533,MARKET,BUY,,48
10534,ORD010534,MARKET,BUY,,89
10535,ORD010535,MARKET,SELL,,83
10536,ORD010536,MARKET,SELL,,3
10537,ORD010537,MARKET,SELL,,43
10538,ORD010538,MARKET,BUY,,54
10539,ORD010539,LIMIT,SELL,99.79,70
10540,ORD010540,MARKET,BUY,,56
10541,ORD005251,CANCEL,,,
10542,ORD010542,LIMIT,SELL,101.09,17
10543,ORD010543,MARKET,SELL,,97
10544,ORD010544,MARKET,BUY,,2
10545,ORD010545,LIMIT,SELL,100.27,63
10546,ORD010546,MARKET,SELL,,14
10547,ORD010547,MARKET,BUY,,99
10548,ORD010548,MARKET,BUY,,13
10549,ORD010549,LIMIT,SELL,100.92,85
10550,ORD010550,LIMIT,BUY,100.07,65
10551,ORD010551,LIMIT,BUY,98.78,33
10552,ORD010552,LIMIT,BUY,98.34,61
10553,ORD010553,LIMIT,SELL,101.24,42
10554,ORD010554,MARKET,SELL,,78
10555,ORD002370,CANCEL,,,
10556,ORD010556,MARKET,SELL,,73
10557,ORD010557,MARKET,SELL,,68
10558,ORD004396,CANCEL,,,
10559,ORD003746,CANCEL,,,
10560,ORD010560,LIMIT,BUY,98.65,13
10561,ORD010561,MARKET,SELL,,96
10562,ORD010562,LIMIT,BUY,98.61,54
10563,ORD010563,LIMIT,BUY,99.6,72
10564,ORD010564,LIMIT,BUY,100.32,31
10565,ORD010565,MARKET,SELL,,23
10566,ORD010566,LIMIT,BUY,99.39,47
10567,ORD010567,LIMIT,BUY,98.3,68
10568,ORD010568,MARKET,BUY,,32
10569,ORD007109,CANCEL,,,
10570,ORD010570,LIMIT,SELL,100.87,51
10571,ORD010571,LIMIT,SELL,101.46,84
10572,ORD010572,MARKET,BUY,,97
10573,ORD010573,MARKET,BUY,,8
10574,ORD010574,LIMIT,BUY,99.06,95
10575,ORD010575,MARKET,BUY,,91
10576,ORD010576,LIMIT,SELL,100.48,15
10577,ORD010577,MARKET,BUY,,90
10578,ORD010578,MARKET,BUY,,100
10579,ORD010579,MARKET,BUY,,18
10580,ORD010580,LIMIT,BUY,99.74,40
10581,ORD010581,LIMIT,BUY,99.02,43
10582,ORD010582,MARKET,BUY,,22
10583,ORD010583,MARKET,SELL,,75
10584,ORD010584,LIMIT,SELL,100.17,42
10585,ORD010585,MARKET,BUY,,19
10586,ORD010586,LIMIT,BUY,98.9,68
10587,ORD010587,LIMIT,SELL,99.87,66
10588,ORD010588,MARKET,SELL,,28
10589,ORD010589,LIMIT,BUY,98.2,77
10590,ORD006920,CANCEL,,,
10591,ORD010591,MARKET,SELL,,3
10592,ORD010592,LIMIT,BUY,98.22,93
10593,ORD010593,LIMIT,BUY,100.19,79
10594,ORD010594,MARKET,SELL,,42
10595,ORD010595,LIMIT,BUY,98.47,77
10596,ORD010596,MARKET,BUY,,34
10597,ORD010597,LIMIT,BUY,99.41,79
10598,ORD010598,LIMIT,SELL,100.78,44
10599,ORD010599,LIMIT,SELL,100.71,76
10600,ORD010600,LIMIT,BUY,98.44,24
10601,ORD010601,MARKET,SELL,,70
10602,ORD010602,LIMIT,SELL,101.97,8
10603,ORD010603,MARKET,BUY,,3
10604,ORD010604,MARKET,SELL,,27
10605,ORD010605,MARKET,SELL,,88
10606,ORD010606,MARKET,BUY,,90
10607,ORD010607,LIMIT,SELL,101.26,71
10608,ORD010608,MARKET,BUY,,44
10609,ORD010609,MARKET,BUY,,28
10610,ORD010610,MARKET,BUY,,24
10611,ORD010611,LIMIT,SELL,101.2,1
10612,ORD010612,MARKET,SELL,,89
10613,ORD009254,CANCEL,,,
10614,ORD010614,LIMIT,SELL,101.45,7
10615,ORD010615,LIMIT,SELL,100.68,63
10616,ORD010616,LIMIT,SELL,100.71,59
10617,ORD010617,LIMIT,BUY,99.33,43
10618,ORD010618,LIMIT,BUY,98.24,87
10619,ORD010619,MARKET,SELL,,83
10620,ORD010620,LIMIT,BUY,100.05,100
10621,ORD010621,MARKET,BUY,,2
10622,ORD010622,LIMIT,SELL,100.64,28
10623,ORD010623,LIMIT,SELL,101.44,97
10624,ORD010624,MARKET,SELL,,58
10625,ORD010625,MARKET,SELL,,43
10626,ORD010626,LIMIT,SELL,101.69,47
10627,ORD008817,CANCEL,,,
10628,ORD010628,LIMIT,SELL,100.75,68
10629,ORD010629,MARKET,SELL,,66
10630,ORD010630,MARKET,BUY,,7
10631,ORD010631,MARKET,SELL,,83
10632,ORD010632,MARKET,BUY,,57
10633,ORD010633,MARKET,SELL,,34
10634,ORD010634,MARKET,SELL,,1
10635,ORD010635,LIMIT,BUY,98.78,5
10636,ORD010636,MARKET,SELL,,26
10637,ORD010637,LIMIT,SELL,100.34,14
10638,ORD010638,LIMIT,BUY,99.62,26
10639,ORD010639,LIMIT,SELL,100.41,79
10640,ORD010640,MARKET,SELL,,74
10641,ORD010641,LIMIT,BUY,98.62,83
10642,ORD010642,LIMIT,BUY,99.54,60
10643,ORD010643,LIMIT,BUY,100.15,92
10644,ORD010644,LIMIT,SELL,100.65,25
10645,ORD010645,LIMIT,SELL,101.93,76
10646,ORD010646,MARKET,BUY,,34
10647,ORD010647,LIMIT,SELL,100.18,33
10648,ORD010648,LIMIT,BUY,98.76,62
10649,ORD010649,LIMIT,BUY,99.04,51
10650,ORD010650,LIMIT,BUY,99.32,62
10651,ORD010651,MARKET,SELL,,94
10652,ORD010652,LIMIT,BUY,98.47,80
10653,ORD010653,MARKET,SELL,,9
10654,ORD010654,LIMIT,SELL,101.34,82
10655,ORD010655,MARKET,SELL,,9
10656,ORD010656,MARKET,SELL,,41
10657,ORD010657,MARKET,SELL,,18
10658,ORD010658,LIMIT,SELL,101.05,69
10659,ORD010659,MARKET,SELL,,42
10660,ORD010660,LIMIT,BUY,99.04,12
10661,ORD010661,LIMIT,SELL,100.63,27
10662,ORD010662,MARKET,BUY,,40
10663,ORD010663,LIMIT,BUY,100.47,42
10664,ORD010664,MARKET,BUY,,48
10665,ORD010665,LIMIT,BUY,98.45,45
10666,ORD010666,MARKET,SELL,,14
10667,ORD010667,LIMIT,BUY,99.16,99
10668,ORD010668,LIMIT,BUY,98.71,17
10669,ORD010669,MARKET,SELL,,64
10670,ORD010670,MARKET,BUY,,60
10671,ORD010671,MARKET,BUY,,96
10672,ORD010672,MARKET,SELL,,81
10673,ORD010673,MARKET,SELL,,38
10674,ORD010674,MARKET,BUY,,54
10675,ORD007875,CANCEL,,,
10676,ORD010676,MARKET,BUY,,47
10677,ORD010677,LIMIT,BUY,99.6,76
10678,ORD010678,MARKET,SELL,,22
10679,ORD010679,MARKET,BUY,,93
10680,ORD010680,LIMIT,SELL,101.89,30
10681,ORD010681,MARKET,BUY,,84
10682,ORD010682,LIMIT,SELL,100.41,34
10683,ORD010683,LIMIT,SELL,99.92,7
10684,ORD010684,LIMIT,BUY,100.48,43
10685,ORD010685,MARKET,SELL,,22
10686,ORD010686,LIMIT,SELL,101.83,31
10687,ORD008436,CANCEL,,,
10688,ORD010688,LIMIT,BUY,99.53,1
10689,ORD010689,MARKET,BUY,,82
10690,ORD010690,MARKET,SELL,,63
10691,ORD007857,CANCEL,,,
10692,ORD010692,MARKET,BUY,,47
10693,ORD010693,MARKET,SELL,,48
10694,ORD010694,LIMIT,BUY,98.38,34
10695,ORD010695,MARKET,SELL,,50
10696,ORD010696,MARKET,BUY,,45
10697,ORD010697,LIMIT,SELL,100.02,26
10698,ORD010698,MARKET,BUY,,95
10699,ORD010699,LIMIT,SELL,99.5,87
10700,ORD010700,MARKET,SELL,,48
10701,ORD009396,CANCEL,,,
10702,ORD010702,MARKET,BUY,,87
10703,ORD010703,LIMIT,SELL,100.79,98
10704,ORD010704,LIMIT,BUY,98.81,51
10705,ORD010705,LIMIT,SELL,101.37,92
10706,ORD010706,MARKET,BUY,,24
10707,ORD005363,CANCEL,,,
10708,ORD008323,CANCEL,,,
10709,ORD010709,LIMIT,BUY,100.17,55
10710,ORD010710,LIMIT,SELL,99.75,32
10711,ORD010711,MARKET,BUY,,11
10712,ORD010712,LIMIT,BUY,100.46,19
10713,ORD010713,LIMIT,BUY,98.27,19
10714,ORD010714,LIMIT,SELL,101.79,98
10715,ORD010715,LIMIT,BUY,98.33,37
10716,ORD010716,MARKET,SELL,,34
10717,ORD010717,MARKET,BUY,,31
10718,ORD005182,CANCEL,,,
10719,ORD010719,MARKET,BUY,,13
10720,ORD010720,LIMIT,SELL,101.01,70
10721,ORD010721,MARKET,BUY,,31
10722,ORD010722,LIMIT,SELL,101.29,30
10723,ORD010723,LIMIT,BUY,100.43,15
10724,ORD010724,LIMIT,SELL,99.96,36
10725,ORD010725,MARKET,SELL,,63
10726,ORD010726,MARKET,SELL,,99
10727,ORD010727,MARKET,SELL,,47
10728,ORD010728,LIMIT,BUY,98.01,25
10729,ORD009594,CANCEL,,,
10730,ORD001419,CANCEL,,,
10731,ORD010731,MARKET,BUY,,17
10732,ORD010732,LIMIT,BUY,99.8,43
10733,ORD010733,MARKET,BUY,,63
10734,ORD010734,MARKET,BUY,,76
10735,ORD010735,LIMIT,SELL,101.17,74
10736,ORD010736,LIMIT,SELL,99.99,93
10737,ORD010737,MARKET,SELL,,65
10738,ORD010738,MARKET,SELL,,77
10739,ORD010739,LIMIT,BUY,100.37,29
10740,ORD010740,MARKET,BUY,,42
10741,ORD010741,MARKET,BUY,,77
10742,ORD010742,MARKET,SELL,,88
10743,ORD006336,CANCEL,,,
10744,ORD010744,LIMIT,BUY,99.72,36
10745,ORD010745,MARKET,BUY,,21
10746,ORD010746,MARKET,BUY,,48
10747,ORD010747,LIMIT,BUY,100.06,73
10748,ORD010748,LIMIT,BUY,99.74,45
10749,ORD008639,CANCEL,,,
10750,ORD010750,MARKET,BUY,,59
10751,ORD010751,LIMIT,SELL,101.65,71
10752,ORD010752,MARKET,BUY,,67
10753,ORD010753,LIMIT,SELL,99.7,79
10754,ORD005415,CANCEL,,,
10755,ORD010755,MARKET,SELL,,62
10756,ORD010756,MARKET,SELL,,90
10757,ORD010757,LIMIT,SELL,100.69,29
10758,ORD010758,MARKET,BUY,,62
10759,ORD008742,CANCEL,,,
10760,ORD010760,LIMIT,BUY,99.51,39
10761,ORD010761,MARKET,SELL,,59
10762,ORD010762,MARKET,SELL,,80
10763,ORD010763,LIMIT,BUY,100.39,49
10764,ORD010764,LIMIT,BUY,99.93,74
10765,ORD010765,MARKET,BUY,,85
10766,ORD004003,CANCEL,,,
10767,ORD010767,LIMIT,BUY,98.92,82
10768,ORD010768,LIMIT,SELL,99.76,15
10769,ORD010769,LIMIT,BUY,100.19,46
10770,ORD010770,LIMIT,BUY,100.45,19
10771,ORD010771,MARKET,SELL,,83
10772,ORD010772,LIMIT,SELL,101.35,73
10773,ORD010773,MARKET,SELL,,26
10774,ORD010774,MARKET,SELL,,37
10775,ORD010775,LIMIT,SELL,101.95,20
10776,ORD006906,CANCEL,,,
10777,ORD010777,MARKET,BUY,,53
10778,ORD010778,LIMIT,SELL,100.25,8
10779,ORD010779,MARKET,BUY,,45
10780,ORD010780,MARKET,SELL,,16
10781,ORD001637,CANCEL,,,
10782,ORD010782,LIMIT,SELL,101.13,4
10783,ORD010783,MARKET,SELL,,10
10784,ORD010784,MARKET,BUY,,47
10785,ORD010785,MARKET,SELL,,57
10786,ORD010786,MARKET,SELL,,57
10787,ORD010787,MARKET,SELL,,21
10788,ORD010788,MARKET,BUY,,85
10789,ORD010789,LIMIT,SELL,101.34,94
10790,ORD010790,MARKET,BUY,,38
10791,ORD010791,LIMIT,SELL,99.52,51
10792,ORD010792,LIMIT,SELL,99.76,95
10793,ORD010793,LIMIT,SELL,101.13,4
10794,ORD010794,LIMIT,BUY,99.64,100
10795,ORD010795,MARKET,SELL,,25
10796,ORD010796,LIMIT,SELL,99.93,4
10797,ORD010797,MARKET,BUY,,54
10798,ORD010798,MARKET,SELL,,10
10799,ORD010799,LIMIT,BUY,98.69,27
10800,ORD010800,MARKET,SELL,,2
10801,ORD010801,LIMIT,SELL,100.78,71
10802,ORD010802,MARKET,SELL,,99
10803,ORD010803,LIMIT,SELL,100.17,34
10804,ORD010804,LIMIT,SELL,100.33,3
10805,ORD010805,MARKET,BUY,,17
10806,ORD010806,MARKET,SELL,,20
10807,ORD010807,LIMIT,BUY,98.29,43
10808,ORD010808,LIMIT,BUY,99.09,93
10809,ORD010809,MARKET,BUY,,97
10810,ORD010810,MARKET,BUY,,5
10811,ORD010811,LIMIT,SELL,99.53,33
10812,ORD010812,MARKET,SELL,,41
10813,ORD010813,LIMIT,BUY,98.09,26
10814,ORD010814,MARKET,BUY,,1
10815,ORD010815,LIMIT,SELL,100.86,40
10816,ORD010816,MARKET,BUY,,3
10817,ORD010817,LIMIT,SELL,99.59,79
10818,ORD010818,MARKET,BUY,,30
10819,ORD010819,MARKET,SELL,,87
10820,ORD005320,CANCEL,,,
10821,ORD010821,LIMIT,BUY,99.76,35
10822,ORD010822,LIMIT,BUY,99.53,65
10823,ORD010823,LIMIT,SELL,99.78,76
10824,ORD010824,LIMIT,BUY,99.12,40
10825,ORD010825,LIMIT,SELL,101.66,33
10826,ORD010826,MARKET,SELL,,25
10827,ORD010827,LIMIT,SELL,99.87,55
10828,ORD010828,MARKET,BUY,,69
10829,ORD010829,LIMIT,SELL,101.64,56
10830,ORD010830,LIMIT,BUY,98.09,9
10831,ORD010831,LIMIT,BUY,99.82,90
10832,ORD010832,LIMIT,BUY,98.47,95
10833,ORD010833,MARKET,SELL,,67
10834,ORD010834,MARKET,SELL,,65
10835,ORD010835,MARKET,SELL,,89
10836,ORD010836,LIMIT,SELL,100.76,29
10837,ORD010837,LIMIT,BUY,100.15,29
10838,ORD010838,LIMIT,BUY,99.14,23
10839,ORD010839,LIMIT,BUY,99.98,50
10840,ORD010840,LIMIT,SELL,99.54,58
10841,ORD010841,LIMIT,BUY,100.42,94
10842,ORD010842,MARKET,BUY,,52
10843,ORD010843,LIMIT,SELL,100.56,15
10844,ORD010844,LIMIT,BUY,98.0,31
10845,ORD010845,LIMIT,BUY,99.68,62
10846,ORD010846,MARKET,SELL,,53
10847,ORD010757,CANCEL,,,
10848,ORD010848,MARKET,BUY,,75
10849,ORD010849,MARKET,SELL,,51
10850,ORD010850,MARKET,SELL,,92
10851,ORD010851,LIMIT,BUY,98.07,5
10852,ORD010852,LIMIT,BUY,98.13,28
10853,ORD004297,CANCEL,,,
10854,ORD010854,MARKET,BUY,,48
10855,ORD010855,MARKET,SELL,,10
10856,ORD010856,LIMIT,SELL,101.61,34
10857,ORD010857,MARKET,BUY,,48
10858,ORD004178,CANCEL,,,
10859,ORD010859,MARKET,BUY,,12
10860,ORD010860,LIMIT,BUY,100.25,79
10861,ORD010861,MARKET,BUY,,67
10862,ORD010862,MARKET,BUY,,12
10863,ORD010863,LIMIT,SELL,101.89,12
10864,ORD010864,MARKET,SELL,,43
10865,ORD010865,MARKET,BUY,,64
10866,ORD010866,LIMIT,BUY,98.26,58
10867,ORD010867,LIMIT,BUY,99.55,7
10868,ORD010868,LIMIT,BUY,98.98,26
10869,ORD010869,MARKET,BUY,,64
10870,ORD010870,MARKET,SELL,,47
10871,ORD010871,LIMIT,SELL,101.63,99
10872,ORD010872,LIMIT,BUY,98.62,85
10873,ORD010873,MARKET,SELL,,77
10874,ORD010874,MARKET,SELL,,14
10875,ORD010875,LIMIT,SELL,101.41,92
10876,ORD010102,CANCEL,,,
10877,ORD010877,MARKET,BUY,,32
10878,ORD010878,LIMIT,BUY,100.12,33
10879,ORD010879,MARKET,SELL,,88
10880,ORD010880,MARKET,SELL,,91
10881,ORD010881,MARKET,SELL,,52
10882,ORD010882,MARKET,BUY,,51
10883,ORD010883,LIMIT,SELL,99.62,29
10884,ORD010884,LIMIT,SELL,101.27,52
10885,ORD010885,LIMIT,SELL,99.85,89
10886,ORD010886,LIMIT,SELL,101.7,17
10887,ORD010887,MARKET,BUY,,100
10888,ORD010888,MARKET,BUY,,49
10889,ORD004180,CANCEL,,,
10890,ORD010890,LIMIT,SELL,100.53,93
10891,ORD010891,LIMIT,BUY,99.77,76
10892,ORD010892,LIMIT,SELL,101.68,80
10893,ORD010893,LIMIT,BUY,99.67,58
10894,ORD010894,MARKET,SELL,,78
10895,ORD010895,MARKET,BUY,,70
10896,ORD010896,MARKET,SELL,,82
10897,ORD010897,MARKET,SELL,,92
10898,ORD010898,LIMIT,SELL,100.44,83
10899,ORD010899,LIMIT,BUY,99.1,29
10900,ORD010900,LIMIT,SELL,100.61,97
10901,ORD010901,LIMIT,BUY,98.45,74
10902,ORD003723,CANCEL,,,
10903,ORD010903,LIMIT,BUY,99.34,44
10904,ORD010904,MARKET,BUY,,93
10905,ORD010905,MARKET,BUY,,21
10906,ORD010906,MARKET,SELL,,95
10907,ORD010648,CANCEL,,,
10908,ORD010908,MARKET,SELL,,3
10909,ORD010909,LIMIT,SELL,100.76,80
10910,ORD010910,LIMIT,BUY,98.32,48
10911,ORD010911,LIMIT,SELL,101.39,28
10912,ORD010912,MARKET,SELL,,82
10913,ORD010913,LIMIT,SELL,101.07,3
10914,ORD010914,MARKET,SELL,,26
10915,ORD010915,LIMIT,SELL,101.98,78
10916,ORD010916,LIMIT,BUY,98.74,68
10917,ORD010917,MARKET,BUY,,92
10918,ORD010918,LIMIT,SELL,99.96,72
10919,ORD010919,LIMIT,BUY,98.86,26
10920,ORD000456,CANCEL,,,
10921,ORD010921,LIMIT,BUY,99.99,91
10922,ORD010922,LIMIT,SELL,101.86,10
10923,ORD010923,LIMIT,BUY,98.6,36
10924,ORD010924,MARKET,BUY,,68
10925,ORD010925,MARKET,SELL,,97
10926,ORD010926,MARKET,BUY,,64
10927,ORD010927,MARKET,BUY,,63
10928,ORD010928,MARKET,SELL,,45
10929,ORD006711,CANCEL,,,
10930,ORD010930,MARKET,BUY,,26
10931,ORD010931,LIMIT,BUY,100.01,57
10932,ORD010932,MARKET,SELL,,43
10933,ORD010933,LIMIT,BUY,98.48,96
10934,ORD010934,LIMIT,SELL,101.13,51
10935,ORD010935,MARKET,BUY,,50
10936,ORD010936,LIMIT,BUY,99.18,11
10937,ORD010937,LIMIT,BUY,99.84,20
10938,ORD010938,MARKET,SELL,,9
10939,ORD010939,LIMIT,BUY,98.66,31
10940,ORD010940,MARKET,SELL,,68
10941,ORD010941,LIMIT,SELL,101.36,61
10942,ORD010942,MARKET,SELL,,51
10943,ORD010115,CANCEL,,,
10944,ORD010944,LIMIT,BUY,98.77,93
10945,ORD010945,MARKET,BUY,,87
10946,ORD010946,LIMIT,BUY,99.69,77
10947,ORD010947,LIMIT,SELL,100.62,32
10948,ORD010948,MARKET,SELL,,49
10949,ORD010949,MARKET,BUY,,39
10950,ORD010950,LIMIT,SELL,100.21,15
10951,ORD010951,MARKET,SELL,,1
10952,ORD010952,MARKET,BUY,,46
10953,ORD010953,LIMIT,SELL,99.95,29
10954,ORD010954,MARKET,SELL,,50
10955,ORD010955,LIMIT,SELL,100.35,34
10956,ORD006633,CANCEL,,,
10957,ORD010957,LIMIT,BUY,98.9,46
10958,ORD010958,LIMIT,SELL,101.07,22
10959,ORD010959,LIMIT,BUY,98.66,5
10960,ORD010960,MARKET,SELL,,51
10961,ORD010961,LIMIT,BUY,100.45,91
10962,ORD010962,MARKET,BUY,,72
10963,ORD010963,MARKET,SELL,,89
10964,ORD010964,LIMIT,BUY,98.16,31
10965,ORD010965,LIMIT,SELL,99.87,67
10966,ORD010966,LIMIT,SELL,100.79,35
10967,ORD010967,MARKET,SELL,,17
10968,ORD010968,LIMIT,SELL,100.1,41
10969,ORD010969,LIMIT,BUY,98.15,79
10970,ORD010970,LIMIT,SELL,100.84,1
10971,ORD010971,LIMIT,SELL,100.46,93
10972,ORD010972,LIMIT,BUY,99.13,26
10973,ORD010973,LIMIT,SELL,99.94,22
10974,ORD010974,MARKET,SELL,,45
10975,ORD010975,MARKET,SELL,,69
10976,ORD010976,MARKET,SELL,,52
10977,ORD010977,MARKET,SELL,,61
10978,ORD010978,LIMIT,BUY,99.81,26
10979,ORD010979,LIMIT,BUY,100.45,10
10980,ORD010980,MARKET,BUY,,54
10981,ORD010981,MARKET,BUY,,40
10982,ORD010982,LIMIT,SELL,100.86,93
10983,ORD010983,MARKET,SELL,,51
10984,ORD010984,LIMIT,BUY,98.45,60
10985,ORD010985,MARKET,BUY,,64
10986,ORD010986,MARKET,SELL,,88
10987,ORD010987,LIMIT,SELL,99.73,35
10988,ORD010988,MARKET,SELL,,19
10989,ORD010989,LIMIT,SELL,99.98,41
10990,ORD010990,LIMIT,BUY,98.06,80
10991,ORD010991,MARKET,BUY,,57
10992,ORD010992,MARKET,SELL,,37
10993,ORD010993,LIMIT,BUY,98.86,41
10994,ORD010994,LIMIT,BUY,100.37,72
10995,ORD010995,MARKET,SELL,,12
10996,ORD010996,MARKET,BUY,,4
10997,ORD010997,LIMIT,SELL,101.94,78
10998,ORD010998,MARKET,BUY,,51
10999,ORD010999,MARKET,SELL,,71
11000,ORD011000,LIMIT,SELL,99.9,42
11001,ORD011001,LIMIT,BUY,98.61,89
11002,ORD011002,LIMIT,BUY,98.22,13
11003,ORD011003,LIMIT,SELL,100.63,99
11004,ORD011004,MARKET,BUY,,76
11005,ORD011005,LIMIT,SELL,101.41,97
11006,ORD011006,MARKET,BUY,,90
11007,ORD011007,MARKET,BUY,,69
11008,ORD011008,MARKET,BUY,,26
11009,ORD011009,LIMIT,BUY,100.0,28
11010,ORD011010,MARKET,SELL,,25
11011,ORD011011,LIMIT,SELL,100.79,30
11012,ORD011012,MARKET,SELL,,81
11013,ORD011013,LIMIT,SELL,100.28,40
11014,ORD011014,MARKET,BUY,,52
11015,ORD011015,LIMIT,BUY,99.96,58
11016,ORD011016,LIMIT,BUY,98.94,91
11017,ORD011017,MARKET,SELL,,75
11018,ORD011018,LIMIT,BUY,98.22,23
11019,ORD011019,LIMIT,SELL,101.11,81
11020,ORD011020,LIMIT,SELL,100.71,22
11021,ORD011021,LIMIT,BUY,98.34,16
11022,ORD011022,MARKET,BUY,,20
11023,ORD011023,LIMIT,BUY,100.05,77
11024,ORD011024,MARKET,BUY,,1
11025,ORD011025,LIMIT,SELL,101.85,63
11026,ORD011026,MARKET,BUY,,97
11027,ORD011027,LIMIT,SELL,101.88,5
11028,ORD011028,MARKET,BUY,,42
11029,ORD011029,LIMIT,SELL,100.8,11
11030,ORD011030,MARKET,BUY,,36
11031,ORD011031,MARKET,BUY,,46
11032,ORD011032,MARKET,BUY,,95
11033,ORD011033,LIMIT,BUY,98.86,74
11034,ORD011034,LIMIT,BUY,99.9,61
11035,ORD011035,LIMIT,BUY,100.11,80
11036,ORD011036,LIMIT,BUY,98.17,49
11037,ORD011037,LIMIT,SELL,100.29,90
11038,ORD011038,LIMIT,BUY,100.07,74
11039,ORD011039,LIMIT,BUY,98.06,73
11040,ORD011040,MARKET,BUY,,67
11041,ORD002027,CANCEL,,,
11042,ORD011042,LIMIT,BUY,99.04,80
11043,ORD011043,LIMIT,BUY,98.91,26
11044,ORD011044,MARKET,SELL,,8
11045,ORD008653,CANCEL,,,
11046,ORD002819,CANCEL,,,
11047,ORD011047,MARKET,SELL,,81
11048,ORD011048,MARKET,BUY,,23
11049,ORD011049,LIMIT,SELL,101.36,40
11050,ORD011050,LIMIT,BUY,98.75,77
11051,ORD011051,MARKET,SELL,,71
11052,ORD011052,MARKET,SELL,,13
11053,ORD011053,MARKET,BUY,,37
11054,ORD007176,CANCEL,,,
11055,ORD011055,LIMIT,SELL,101.18,38
11056,ORD011056,MARKET,BUY,,73
11057,ORD011057,MARKET,BUY,,83
11058,ORD011058,LIMIT,BUY,100.04,52
11059,ORD011059,LIMIT,BUY,99.7,47
11060,ORD011060,LIMIT,SELL,101.63,49
11061,ORD011061,MARKET,BUY,,25
11062,ORD011062,LIMIT,BUY,98.08,66
11063,ORD011063,MARKET,BUY,,70
11064,ORD011064,MARKET,SELL,,26
11065,ORD011065,MARKET,BUY,,4
11066,ORD011066,MARKET,SELL,,11
11067,ORD011067,LIMIT,SELL,101.48,53
11068,ORD011068,LIMIT,SELL,100.01,8
11069,ORD011069,LIMIT,SELL,99.69,25
11070,ORD011070,LIMIT,BUY,98.87,84
11071,ORD011071,MARKET,SELL,,8
11072,ORD011072,MARKET,BUY,,91
11073,ORD011073,LIMIT,SELL,99.51,36
11074,ORD011074,MARKET,SELL,,85
11075,ORD011075,LIMIT,BUY,99.66,65
11076,ORD011076,LIMIT,BUY,99.46,87
11077,ORD011077,MARKET,SELL,,32
11078,ORD011078,MARKET,SELL,,47
11079,ORD011079,MARKET,SELL,,20
11080,ORD011080,MARKET,SELL,,8
11081,ORD011081,MARKET,BUY,,19
11082,ORD011082,MARKET,BUY,,56
11083,ORD011083,LIMIT,BUY,98.77,30
11084,ORD011084,LIMIT,BUY,99.87,97
11085,ORD011085,LIMIT,SELL,99.83,50
11086,ORD011086,LIMIT,SELL,100.91,67
11087,ORD011087,MARKET,BUY,,9
11088,ORD011088,MARKET,BUY,,90
11089,ORD008746,CANCEL,,,
11090,ORD011090,MARKET,SELL,,48
11091,ORD011091,LIMIT,SELL,101.76,24
11092,ORD011092,MARKET,BUY,,40
11093,ORD011093,MARKET,BUY,,51
11094,ORD011094,LIMIT,BUY,98.06,63
11095,ORD011095,MARKET,BUY,,26
11096,ORD011096,MARKET,BUY,,79
11097,ORD011097,MARKET,SELL,,83
11098,ORD011098,MARKET,BUY,,43
11099,ORD011099,MARKET,SELL,,4
11100,ORD011100,MARKET,SELL,,37
11101,ORD011101,LIMIT,BUY,100.08,48
11102,ORD011102,LIMIT,SELL,101.76,74
11103,ORD011103,MARKET,BUY,,44
11104,ORD011104,LIMIT,SELL,101.3,48
11105,ORD011105,MARKET,SELL,,81
11106,ORD011106,MARKET,BUY,,26
11107,ORD011107,MARKET,SELL,,100
11108,ORD011108,LIMIT,BUY,98.15,21
11109,ORD003658,CANCEL,,,
11110,ORD011110,LIMIT,SELL,100.46,100
11111,ORD011111,LIMIT,BUY,98.36,40
11112,ORD011112,LIMIT,SELL,99.78,32
11113,ORD011113,LIMIT,SELL,101.66,18
11114,ORD011114,MARKET,BUY,,8
11115,ORD011115,LIMIT,SELL,100.05,2
11116,ORD011116,MARKET,BUY,,55
11117,ORD011117,MARKET,SELL,,37
11118,ORD011118,LIMIT,SELL,101.69,4
11119,ORD011119,MARKET,SELL,,79
11120,ORD011120,LIMIT,BUY,100.41,4
11121,ORD011121,MARKET,BUY,,95
11122,ORD011122,MARKET,SELL,,84
11123,ORD011123,LIMIT,SELL,100.38,86
11124,ORD011124,MARKET,SELL,,28
11125,ORD011125,LIMIT,SELL,101.47,80
11126,ORD011126,MARKET,SELL,,58
11127,ORD011127,MARKET,BUY,,53
11128,ORD011128,MARKET,BUY,,14
11129,ORD011129,MARKET,SELL,,7
11130,ORD011130,LIMIT,SELL,99.82,13
11131,ORD011131,LIMIT,SELL,101.93,94
11132,ORD011132,LIMIT,BUY,98.92,73
11133,ORD011133,LIMIT,BUY,100.27,27
11134,ORD011134,LIMIT,BUY,98.58,15
11135,ORD011135,MARKET,BUY,,52
11136,ORD011136,MARKET,SELL,,40
11137,ORD011137,LIMIT,SELL,99.6,15
11138,ORD011138,LIMIT,SELL,101.48,16
11139,ORD011139,MARKET,SELL,,75
11140,ORD011140,MARKET,BUY,,42
11141,ORD011141,MARKET,SELL,,52
11142,ORD011142,MARKET,BUY,,23
11143,ORD011143,MARKET,SELL,,66
11144,ORD011144,LIMIT,SELL,101.35,27
11145,ORD011145,MARKET,SELL,,71
11146,ORD011146,LIMIT,BUY,98.06,83
11147,ORD011147,MARKET,BUY,,64
11148,ORD011148,MARKET,SELL,,8
11149,ORD011149,LIMIT,SELL,101.43,78
11150,ORD011150,MARKET,SELL,,30
11151,ORD011151,MARKET,BUY,,55
11152,ORD011152,MARKET,SELL,,97
11153,ORD011153,MARKET,SELL,,69
11154,ORD011154,MARKET,SELL,,22
11155,ORD011155,LIMIT,SELL,100.24,58
11156,ORD011156,MARKET,SELL,,67
11157,ORD011157,LIMIT,SELL,100.66,31
11158,ORD011158,LIMIT,BUY,99.6,82
11159,ORD011159,MARKET,BUY,,64
11160,ORD011160,MARKET,SELL,,28
11161,ORD011161,LIMIT,SELL,101.69,46
11162,ORD011162,LIMIT,SELL,101.09,4
11163,ORD011163,MARKET,BUY,,57
11164,ORD011164,LIMIT,SELL,100.43,27
11165,ORD000547,CANCEL,,,
11166,ORD011166,MARKET,BUY,,34
11167,ORD011167,MARKET,SELL,,45
11168,ORD011168,LIMIT,BUY,99.44,71
11169,ORD011169,LIMIT,SELL,100.15,47
11170,ORD011170,MARKET,BUY,,14
11171,ORD011171,LIMIT,SELL,100.39,42
11172,ORD011172,MARKET,SELL,,20
11173,ORD011173,MARKET,SELL,,40
11174,ORD011174,LIMIT,BUY,98.06,17
11175,ORD011175,MARKET,BUY,,38
11176,ORD011176,MARKET,SELL,,21
11177,ORD011177,LIMIT,BUY,100.38,88
11178,ORD011178,LIMIT,SELL,100.55,80
11179,ORD011179,MARKET,BUY,,48
11180,ORD005367,CANCEL,,,
11181,ORD011181,LIMIT,BUY,98.86,93
11182,ORD011182,LIMIT,BUY,98.15,94
11183,ORD007415,CANCEL,,,
11184,ORD008179,CANCEL,,,
11185,ORD011185,LIMIT,BUY,99.92,43
11186,ORD011186,MARKET,SELL,,45
11187,ORD011187,MARKET,SELL,,34
11188,ORD011188,LIMIT,BUY,99.99,87
11189,ORD011189,MARKET,SELL,,96
11190,ORD001533,CANCEL,,,
11191,ORD011191,MARKET,SELL,,24
11192,ORD011192,MARKET,SELL,,60
11193,ORD011193,MARKET,SELL,,23
11194,ORD011194,MARKET,SELL,,67
11195,ORD011195,MARKET,BUY,,35
11196,ORD011196,MARKET,BUY,,23
11197,ORD011197,LIMIT,SELL,101.76,28
11198,ORD011198,LIMIT,BUY,99.14,22
11199,ORD011199,MARKET,SELL,,77
11200,ORD011200,LIMIT,BUY,99.22,38
11201,ORD011201,MARKET,SELL,,63
11202,ORD011202,LIMIT,SELL,100.82,28
11203,ORD011203,MARKET,BUY,,9
11204,ORD011204,LIMIT,BUY,98.43,75
11205,ORD011205,LIMIT,BUY,98.91,22
11206,ORD011206,MARKET,SELL,,6
11207,ORD011207,MARKET,BUY,,31
11208,ORD011208,MARKET,SELL,,88
11209,ORD011209,MARKET,SELL,,36
11210,ORD011210,MARKET,BUY,,51
11211,ORD011211,MARKET,SELL,,40
11212,ORD011212,MARKET,BUY,,76
11213,ORD011213,MARKET,BUY,,39
11214,ORD011214,LIMIT,BUY,99.53,96
11215,ORD011215,MARKET,SELL,,49
11216,ORD011216,LIMIT,BUY,100.14,85
11217,ORD011217,MARKET,SELL,,11
11218,ORD011218,LIMIT,BUY,98.66,63
11219,ORD011219,MARKET,BUY,,85
11220,ORD011220,MARKET,BUY,,27
11221,ORD011221,MARKET,BUY,,58
11222,ORD011222,MARKET,SELL,,35
11223,ORD011223,MARKET,SELL,,69
11224,ORD011224,LIMIT,SELL,99.71,76
11225,ORD008483,CANCEL,,,
11226,ORD011226,LIMIT,SELL,99.94,24
11227,ORD011227,LIMIT,SELL,101.4,10
11228,ORD011228,MARKET,SELL,,45
11229,ORD011229,LIMIT,BUY,98.45,75
11230,ORD011230,LIMIT,SELL,101.41,17
11231,ORD011231,LIMIT,BUY,98.62,33
11232,ORD011232,MARKET,SELL,,62
11233,ORD011233,MARKET,SELL,,52
11234,ORD011234,MARKET,SELL,,86
11235,ORD011235,LIMIT,SELL,101.75,67
11236,ORD011236,MARKET,BUY,,2
11237,ORD011237,MARKET,BUY,,85
11238,ORD011238,LIMIT,BUY,100.01,61
11239,ORD011239,LIMIT,SELL,99.78,82
11240,ORD011240,MARKET,SELL,,52
11241,ORD011241,LIMIT,BUY,98.06,76
11242,ORD011242,MARKET,SELL,,4
11243,ORD003392,CANCEL,,,
11244,ORD011244,MARKET,SELL,,26
11245,ORD011245,MARKET,BUY,,1
11246,ORD011246,MARKET,BUY,,29
11247,ORD011247,MARKET,BUY,,88
11248,ORD011248,MARKET,SELL,,23
11249,ORD011249,LIMIT,BUY,99.58,88
11250,ORD011250,LIMIT,SELL,100.32,21
11251,ORD011251,LIMIT,SELL,99.81,32
11252,ORD011252,LIMIT,BUY,99.83,66
11253,ORD011253,MARKET,SELL,,61
11254,ORD011254,LIMIT,BUY,99.54,45
11255,ORD011255,LIMIT,BUY,99.67,10
11256,ORD011256,LIMIT,BUY,99.27,97
11257,ORD010910,CANCEL,,,
11258,ORD011258,MARKET,BUY,,80
11259,ORD011259,LIMIT,SELL,100.59,35
11260,ORD011260,LIMIT,SELL,99.96,47
11261,ORD011261,MARKET,BUY,,30
11262,ORD011262,MARKET,SELL,,19
11263,ORD011263,LIMIT,SELL,100.1,41
11264,ORD011264,MARKET,BUY,,75
11265,ORD011265,LIMIT,BUY,100.27,33
11266,ORD011266,LIMIT,BUY,98.99,90
11267,ORD011267,MARKET,BUY,,70
11268,ORD011268,LIMIT,SELL,101.46,14
11269,ORD011269,MARKET,SELL,,93
11270,ORD007308,CANCEL,,,
11271,ORD011271,LIMIT,SELL,101.1,52
11272,ORD011272,LIMIT,SELL,100.7,88
11273,ORD011273,MARKET,BUY,,18
11274,ORD011274,MARKET,SELL,,95
11275,ORD011275,LIMIT,BUY,100.43,43
11276,ORD011276,LIMIT,BUY,100.34,56
11277,ORD011277,LIMIT,SELL,101.47,49
11278,ORD011278,LIMIT,SELL,100.4,80
11279,ORD011279,LIMIT,BUY,99.49,53
11280,ORD011280,MARKET,SELL,,24
11281,ORD011281,MARKET,SELL,,40
11282,ORD011282,LIMIT,SELL,101.62,31
11283,ORD011283,LIMIT,BUY,98.49,88
11284,ORD011284,MARKET,BUY,,14
11285,ORD011285,MARKET,BUY,,16
11286,ORD011286,LIMIT,SELL,101.27,35
11287,ORD011287,MARKET,BUY,,24
11288,ORD011288,LIMIT,BUY,98.27,92
11289,ORD011289,MARKET,SELL,,66
11290,ORD011290,LIMIT,BUY,98.64,27
11291,ORD011291,MARKET,SELL,,85
11292,ORD011292,LIMIT,SELL,101.32,42
11293,ORD004706,CANCEL,,,
11294,ORD011294,MARKET,SELL,,39
11295,ORD011295,MARKET,SELL,,28
11296,ORD011296,LIMIT,SELL,101.96,91
11297,ORD011297,MARKET,BUY,,57
11298,ORD011298,LIMIT,BUY,98.95,26
11299,ORD011299,MARKET,SELL,,11
11300,ORD011300,LIMIT,SELL,100.03,82
11301,ORD011301,MARKET,BUY,,14
11302,ORD011302,LIMIT,SELL,101.91,89
11303,ORD011303,MARKET,BUY,,70
11304,ORD011304,MARKET,SELL,,71
11305,ORD011305,LIMIT,BUY,100.33,45
11306,ORD011306,LIMIT,SELL,101.22,13
11307,ORD011307,MARKET,BUY,,23
11308,ORD011308,LIMIT,SELL,99.99,39
11309,ORD011309,MARKET,SELL,,26
11310,ORD011310,MARKET,SELL,,29
11311,ORD011311,LIMIT,SELL,99.7,13
11312,ORD011312,MARKET,BUY,,31
11313,ORD011313,MARKET,BUY,,86
11314,ORD011314,MARKET,BUY,,11
11315,ORD011315,MARKET,SELL,,54
11316,ORD011316,LIMIT,SELL,101.51,23
11317,ORD011317,LIMIT,SELL,101.16,50
11318,ORD011318,MARKET,SELL,,77
11319,ORD011319,LIMIT,BUY,98.68,71
11320,ORD011320,MARKET,BUY,,97
11321,ORD011321,LIMIT,SELL,100.88,81
11322,ORD011322,LIMIT,SELL,100.73,34
11323,ORD002835,CANCEL,,,
11324,ORD011324,LIMIT,BUY,98.86,16
11325,ORD011325,MARKET,SELL,,1
11326,ORD011326,MARKET,BUY,,38
11327,ORD011327,MARKET,SELL,,78
11328,ORD011328,LIMIT,BUY,99.19,37
11329,ORD011329,LIMIT,SELL,101.08,75
11330,ORD011330,MARKET,SELL,,85
11331,ORD011331,MARKET,SELL,,53
11332,ORD011332,MARKET,BUY,,43
11333,ORD011333,LIMIT,BUY,99.31,25
11334,ORD011334,MARKET,BUY,,80
11335,ORD011335,LIMIT,SELL,101.74,40
11336,ORD011336,LIMIT,SELL,101.21,47
11337,ORD011337,LIMIT,BUY,99.16,100
11338,ORD011338,LIMIT,BUY,99.28,51
11339,ORD011339,MARKET,BUY,,92
11340,ORD011340,MARKET,SELL,,89
11341,ORD011341,MARKET,SELL,,65
11342,ORD011342,MARKET,BUY,,15
11343,ORD011343,MARKET,SELL,,28
11344,ORD011344,LIMIT,SELL,100.33,25
11345,ORD011345,LIMIT,SELL,100.56,73
11346,ORD011346,LIMIT,SELL,101.14,78
11347,ORD011347,MARKET,SELL,,8
11348,ORD011348,LIMIT,SELL,100.8,42
11349,ORD011349,MARKET,SELL,,75
11350,ORD011350,LIMIT,SELL,99.71,73
11351,ORD011351,MARKET,SELL,,10
11352,ORD011352,LIMIT,SELL,101.95,5
11353,ORD011353,LIMIT,SELL,99.87,19
11354,ORD011354,MARKET,SELL,,5
11355,ORD011355,MARKET,SELL,,86
11356,ORD011356,LIMIT,SELL,101.48,26
11357,ORD011357,MARKET,SELL,,30
11358,ORD009439,CANCEL,,,
11359,ORD011359,LIMIT,SELL,101.02,42
11360,ORD011360,LIMIT,BUY,98.99,84
11361,ORD011361,LIMIT,BUY,98.71,63
11362,ORD011362,MARKET,BUY,,53
11363,ORD011363,MARKET,BUY,,92
11364,ORD011364,MARKET,SELL,,20
11365,ORD011365,MARKET,BUY,,19
11366,ORD011366,LIMIT,BUY,98.53,4
11367,ORD007608,CANCEL,,,
11368,ORD002319,CANCEL,,,
11369,ORD011369,LIMIT,SELL,101.57,58
11370,ORD011370,LIMIT,BUY,100.5,42
11371,ORD011371,LIMIT,SELL,101.24,4
11372,ORD011372,MARKET,SELL,,90
11373,ORD011373,MARKET,SELL,,70
11374,ORD011374,LIMIT,BUY,98.58,27
11375,ORD011375,LIMIT,BUY,100.13,72
11376,ORD011376,LIMIT,SELL,101.67,44
11377,ORD011377,MARKET,BUY,,38
11378,ORD011378,LIMIT,BUY,98.74,27
11379,ORD008840,CANCEL,,,
11380,ORD011380,LIMIT,SELL,101.47,85
11381,ORD011381,LIMIT,SELL,99.6,47
11382,ORD011382,LIMIT,BUY,98.73,16
11383,ORD011383,LIMIT,SELL,101.06,25
11384,ORD011384,LIMIT,BUY,99.77,6
11385,ORD011385,MARKET,SELL,,93
11386,ORD011386,LIMIT,BUY,99.33,12
11387,ORD011387,LIMIT,BUY,99.66,73
11388,ORD011388,MARKET,BUY,,49
11389,ORD011389,LIMIT,BUY,99.65,4
11390,ORD011390,MARKET,BUY,,31
11391,ORD011391,LIMIT,BUY,100.49,88
11392,ORD011392,LIMIT,BUY,98.35,86
11393,ORD011393,LIMIT,SELL,100.29,46
11394,ORD011394,LIMIT,SELL,101.76,78
11395,ORD011395,MARKET,BUY,,100
11396,ORD011396,LIMIT,BUY,98.62,73
11397,ORD011397,MARKET,BUY,,3
11398,ORD011398,LIMIT,BUY,98.66,80
11399,ORD011399,MARKET,BUY,,82
11400,ORD011400,MARKET,BUY,,2
11401,ORD011401,LIMIT,BUY,99.56,47
11402,ORD011402,LIMIT,BUY,98.94,31
11403,ORD011403,LIMIT,BUY,99.6,12
11404,ORD009948,CANCEL,,,
11405,ORD011405,LIMIT,BUY,98.46,50
11406,ORD011406,LIMIT,SELL,101.87,38
11407,ORD011407,LIMIT,BUY,99.73,74
11408,ORD011408,MARKET,BUY,,72
11409,ORD011409,LIMIT,SELL,101.35,4
11410,ORD011410,LIMIT,BUY,99.75,89
11411,ORD011411,LIMIT,SELL,100.26,40
11412,ORD011412,MARKET,SELL,,19
11413,ORD006010,CANCEL,,,
11414,ORD011414,LIMIT,BUY,100.06,71
11415,ORD011415,MARKET,SELL,,25
11416,ORD011416,MARKET,BUY,,84
11417,ORD011417,LIMIT,SELL,99.64,45
11418,ORD011418,LIMIT,BUY,98.07,27
11419,ORD011419,MARKET,SELL,,7
11420,ORD011420,MARKET,SELL,,98
11421,ORD011421,LIMIT,BUY,100.2,59
11422,ORD011422,LIMIT,SELL,100.62,46
11423,ORD011423,MARKET,BUY,,28
11424,ORD011424,MARKET,BUY,,78
11425,ORD011425,MARKET,BUY,,3
11426,ORD011426,MARKET,BUY,,60
11427,ORD011427,LIMIT,SELL,101.06,23
11428,ORD011428,MARKET,BUY,,54
11429,ORD011429,MARKET,BUY,,47
11430,ORD011430,LIMIT,SELL,101.1,48
11431,ORD011431,MARKET,SELL,,9
11432,ORD011432,LIMIT,BUY,99.81,77
11433,ORD006638,CANCEL,,,
11434,ORD011434,LIMIT,BUY,99.25,27
11435,ORD011435,LIMIT,SELL,101.39,98
11436,ORD011436,MARKET,BUY,,54
11437,ORD011437,LIMIT,SELL,101.77,64
11438,ORD011438,LIMIT,SELL,100.31,64
11439,ORD011439,MARKET,BUY,,72
11440,ORD011440,LIMIT,SELL,99.63,60
11441,ORD011441,LIMIT,SELL,101.66,9
11442,ORD011442,MARKET,BUY,,18
11443,ORD011443,MARKET,SELL,,59
11444,ORD003882,CANCEL,,,
11445,ORD011445,LIMIT,SELL,100.75,46
11446,ORD011133,CANCEL,,,
11447,ORD006557,CANCEL,,,
11448,ORD011448,LIMIT,SELL,101.23,81
11449,ORD011449,LIMIT,BUY,98.08,38
11450,ORD011450,LIMIT,BUY,98.83,81
11451,ORD011451,LIMIT,BUY,98.39,43
11452,ORD011452,LIMIT,BUY,100.03,72
11453,ORD006202,CANCEL,,,
11454,ORD011454,LIMIT,SELL,101.7,18
11455,ORD011455,MARKET,SELL,,93
11456,ORD011456,LIMIT,SELL,100.16,61
11457,ORD011457,LIMIT,SELL,99.83,77
11458,ORD011458,MARKET,SELL,,72
11459,ORD011459,MARKET,SELL,,81
11460,ORD011460,MARKET,BUY,,85
11461,ORD011461,MARKET,BUY,,45
11462,ORD011462,LIMIT,SELL,101.11,77
11463,ORD011463,MARKET,BUY,,92
11464,ORD011464,MARKET,SELL,,1
11465,ORD011465,MARKET,BUY,,12
11466,ORD011466,LIMIT,SELL,100.64,99
11467,ORD011467,MARKET,BUY,,78
11468,ORD011468,MARKET,BUY,,4
11469,ORD011469,LIMIT,BUY,98.13,86
11470,ORD006993,CANCEL,,,
11471,ORD011471,LIMIT,SELL,99.75,84
11472,ORD011472,MARKET,SELL,,91
11473,ORD011473,MARKET,SELL,,67
11474,ORD011474,MARKET,SELL,,95
11475,ORD011475,MARKET,BUY,,39
11476,ORD011476,LIMIT,SELL,101.69,24
11477,ORD011477,MARKET,SELL,,73
11478,ORD009704,CANCEL,,,
11479,ORD011479,MARKET,BUY,,5
11480,ORD011480,MARKET,SELL,,16
11481,ORD011481,MARKET,BUY,,58
11482,ORD011482,LIMIT,BUY,100.14,75
11483,ORD011483,LIMIT,BUY,99.7,12
11484,ORD011484,LIMIT,SELL,99.78,98
11485,ORD011485,MARKET,BUY,,70
11486,ORD011486,MARKET,BUY,,77
11487,ORD011487,LIMIT,SELL,100.41,21
11488,ORD011488,LIMIT,BUY,99.46,17
11489,ORD011489,LIMIT,SELL,101.14,48
11490,ORD011490,LIMIT,SELL,100.59,3
11491,ORD011491,MARKET,BUY,,16
11492,ORD003979,CANCEL,,,
11493,ORD011493,LIMIT,SELL,101.15,4
11494,ORD011494,MARKET,SELL,,76
11495,ORD011495,LIMIT,SELL,100.34,100
11496,ORD011496,LIMIT,SELL,101.7,72
11497,ORD011497,MARKET,SELL,,62
11498,ORD011498,LIMIT,SELL,99.71,94
11499,ORD011499,LIMIT,SELL,100.82,1
11500,ORD011500,LIMIT,BUY,99.66,91
11501,ORD011501,LIMIT,BUY,98.58,61
11502,ORD011502,MARKET,BUY,,13
11503,ORD011503,MARKET,BUY,,81
11504,ORD011504,LIMIT,BUY,100.2,98
11505,ORD011505,LIMIT,SELL,101.43,54
11506,ORD011506,LIMIT,SELL,101.04,6
11507,ORD011507,MARKET,BUY,,23
11508,ORD011508,LIMIT,BUY,100.35,24
11509,ORD011509,MARKET,SELL,,38
11510,ORD011510,LIMIT,BUY,98.28,63
11511,ORD011511,MARKET,BUY,,33
11512,ORD011512,MARKET,SELL,,98
11513,ORD006384,CANCEL,,,
11514,ORD011514,LIMIT,SELL,100.98,2
11515,ORD011515,LIMIT,BUY,98.41,36
11516,ORD011516,MARKET,SELL,,16
11517,ORD011517,LIMIT,BUY,99.96,31
11518,ORD011518,MARKET,SELL,,5
11519,ORD011519,LIMIT,BUY,99.85,61
11520,ORD011520,LIMIT,SELL,101.1,64
11521,ORD011521,LIMIT,BUY,99.3,30
11522,ORD011522,LIMIT,BUY,98.12,81
11523,ORD011523,LIMIT,BUY,100.32,63
11524,ORD011524,LIMIT,SELL,100.51,11
11525,ORD011525,MARKET,SELL,,7
11526,ORD011526,LIMIT,BUY,100.36,17
11527,ORD011527,LIMIT,SELL,101.14,56
11528,ORD011528,LIMIT,SELL,100.03,20
11529,ORD011529,MARKET,BUY,,90
11530,ORD011530,MARKET,SELL,,13
11531,ORD011531,MARKET,SELL,,78
11532,ORD011532,MARKET,SELL,,17
11533,ORD011533,LIMIT,BUY,99.32,66
11534,ORD011534,MARKET,SELL,,86
11535,ORD011535,LIMIT,SELL,100.6,46
11536,ORD011536,LIMIT,BUY,99.91,37
11537,ORD011537,LIMIT,SELL,101.2,58
11538,ORD011538,MARKET,SELL,,33
11539,ORD011539,LIMIT,SELL,100.31,37
11540,ORD011540,MARKET,SELL,,47
11541,ORD011541,LIMIT,BUY,99.85,21
11542,ORD011542,MARKET,SELL,,41
11543,ORD011543,LIMIT,BUY,98.63,11
11544,ORD011544,MARKET,SELL,,31
11545,ORD011545,MARKET,BUY,,56
11546,ORD011546,MARKET,SELL,,68
11547,ORD011547,MARKET,BUY,,62
11548,ORD011548,LIMIT,BUY,100.49,95
11549,ORD011549,MARKET,SELL,,20
11550,ORD011550,MARKET,BUY,,41
11551,ORD011551,LIMIT,BUY,100.13,87
11552,ORD011552,MARKET,BUY,,61
11553,ORD011553,LIMIT,BUY,100.14,19
11554,ORD006523,CANCEL,,,
11555,ORD011555,MARKET,SELL,,62
11556,ORD001360,CANCEL,,,
11557,ORD011557,MARKET,BUY,,77
11558,ORD011558,LIMIT,SELL,100.02,48
11559,ORD011559,LIMIT,BUY,100.29,25
11560,ORD011560,MARKET,SELL,,88
11561,ORD011561,LIMIT,BUY,100.36,21
11562,ORD011562,LIMIT,SELL,101.43,48
11563,ORD011563,LIMIT,BUY,98.87,65
11564,ORD011564,LIMIT,BUY,100.28,78
11565,ORD011565,LIMIT,BUY,99.24,91
11566,ORD011566,MARKET,SELL,,83
11567,ORD005697,CANCEL,,,
11568,ORD011568,MARKET,SELL,,40
11569,ORD011569,LIMIT,SELL,100.63,13
11570,ORD011570,MARKET,SELL,,2
11571,ORD011571,MARKET,BUY,,19
11572,ORD011572,LIMIT,BUY,100.43,5
11573,ORD011573,LIMIT,BUY,100.41,59
11574,ORD011574,MARKET,SELL,,18
11575,ORD011575,MARKET,BUY,,67
11576,ORD011576,LIMIT,SELL,99.93,33
11577,ORD011577,LIMIT,BUY,99.84,63
11578,ORD011578,MARKET,BUY,,22
11579,ORD011579,LIMIT,SELL,101.96,7
11580,ORD011580,LIMIT,BUY,99.26,85
11581,ORD011581,LIMIT,BUY,98.73,80
11582,ORD011582,MARKET,BUY,,74
11583,ORD011583,MARKET,BUY,,70
11584,ORD011584,LIMIT,BUY,99.41,64
11585,ORD011585,MARKET,SELL,,52
11586,ORD011586,LIMIT,BUY,100.2,7
11587,ORD011587,MARKET,SELL,,3
11588,ORD011588,MARKET,SELL,,8
11589,ORD011589,MARKET,BUY,,50
11590,ORD011590,MARKET,SELL,,4
11591,ORD011591,MARKET,BUY,,53
11592,ORD011592,MARKET,SELL,,40
11593,ORD011593,LIMIT,SELL,100.09,35
11594,ORD011594,LIMIT,SELL,101.54,12
11595,ORD011595,LIMIT,SELL,100.42,10
11596,ORD011596,LIMIT,BUY,100.31,14
11597,ORD011597,LIMIT,BUY,98.48,25
11598,ORD011598,LIMIT,SELL,100.33,15
11599,ORD011599,LIMIT,BUY,98.51,97
11600,ORD011600,MARKET,BUY,,20
11601,ORD011601,MARKET,BUY,,50
11602,ORD011602,LIMIT,SELL,101.83,87
11603,ORD011603,LIMIT,BUY,98.82,51
11604,ORD011604,MARKET,SELL,,29
11605,ORD011605,LIMIT,SELL,100.24,46
11606,ORD011606,MARKET,BUY,,44
11607,ORD011607,MARKET,SELL,,27
11608,ORD011608,MARKET,SELL,,58
11609,ORD011609,MARKET,BUY,,90
11610,ORD011610,MARKET,BUY,,83
11611,ORD011611,MARKET,BUY,,46
11612,ORD011612,LIMIT,SELL,101.39,38
11613,ORD011613,LIMIT,BUY,98.9,55
11614,ORD011614,MARKET,BUY,,78
11615,ORD011615,MARKET,BUY,,30
11616,ORD011616,MARKET,SELL,,83
11617,ORD011617,LIMIT,SELL,100.06,14
11618,ORD011618,MARKET,BUY,,44
11619,ORD011619,MARKET,SELL,,12
11620,ORD011620,MARKET,SELL,,24
11621,ORD011621,MARKET,BUY,,87
11622,ORD011622,LIMIT,BUY,99.16,8
11623,ORD011623,LIMIT,SELL,99.57,66
11624,ORD011624,LIMIT,SELL,101.97,83
11625,ORD011625,MARKET,BUY,,42
11626,ORD011626,MARKET,SELL,,79
11627,ORD011627,MARKET,SELL,,45
11628,ORD011628,LIMIT,BUY,99.62,8
11629,ORD011629,MARKET,SELL,,68
11630,ORD011630,MARKET,SELL,,66
11631,ORD011631,LIMIT,SELL,100.82,8
11632,ORD011632,LIMIT,SELL,101.1,56
11633,ORD011633,LIMIT,SELL,101.41,30
11634,ORD011634,MARKET,BUY,,1
11635,ORD011635,LIMIT,SELL,100.81,100
11636,ORD011636,MARKET,SELL,,14
11637,ORD011637,LIMIT,BUY,100.14,37
11638,ORD011638,LIMIT,BUY,99.61,79
11639,ORD011639,MARKET,SELL,,28
11640,ORD011640,MARKET,BUY,,2
11641,ORD011641,LIMIT,SELL,101.1,25
11642,ORD011642,MARKET,SELL,,8
11643,ORD011643,MARKET,BUY,,92
11644,ORD011644,MARKET,BUY,,81
11645,ORD006343,CANCEL,,,
11646,ORD011646,MARKET,SELL,,14
11647,ORD011647,MARKET,SELL,,73
11648,ORD011648,MARKET,SELL,,8
11649,ORD011649,MARKET,SELL,,2
11650,ORD011650,MARKET,BUY,,94
11651,ORD011651,MARKET,SELL,,12
11652,ORD011652,LIMIT,BUY,99.88,91
11653,ORD011653,MARKET,SELL,,34
11654,ORD011654,LIMIT,SELL,100.88,61
11655,ORD011655,MARKET,BUY,,82
11656,ORD011656,LIMIT,SELL,101.49,58
11657,ORD011657,MARKET,BUY,,53
11658,ORD011658,MARKET,BUY,,52
11659,ORD011659,MARKET,SELL,,7
11660,ORD009656,CANCEL,,,
11661,ORD011661,MARKET,BUY,,81
11662,ORD011662,MARKET,SELL,,10
11663,ORD011663,MARKET,SELL,,68
11664,ORD011664,LIMIT,BUY,98.1,64
11665,ORD011665,MARKET,BUY,,20
11666,ORD011666,LIMIT,BUY,98.42,51
11667,ORD011667,LIMIT,BUY,100.36,6
11668,ORD011668,MARKET,BUY,,10
11669,ORD011669,LIMIT,BUY,99.42,35
11670,ORD011670,MARKET,BUY,,49
11671,ORD011671,LIMIT,SELL,101.75,9
11672,ORD002684,CANCEL,,,
11673,ORD011673,MARKET,SELL,,100
11674,ORD011674,LIMIT,BUY,99.4,96
11675,ORD011675,LIMIT,BUY,98.64,18
11676,ORD011676,LIMIT,SELL,100.47,56
11677,ORD011677,MARKET,BUY,,63
11678,ORD003700,CANCEL,,,
11679,ORD011679,LIMIT,SELL,101.47,77
11680,ORD011680,MARKET,SELL,,21
11681,ORD011681,LIMIT,BUY,98.21,67
11682,ORD011682,LIMIT,BUY,100.08,34
11683,ORD011683,MARKET,BUY,,60
11684,ORD011684,MARKET,SELL,,22
11685,ORD011685,LIMIT,SELL,99.85,28
11686,ORD011686,MARKET,SELL,,15
11687,ORD011687,MARKET,SELL,,57
11688,ORD011688,LIMIT,BUY,100.4,20
11689,ORD000459,CANCEL,,,
11690,ORD011690,LIMIT,BUY,99.59,2
11691,ORD011691,MARKET,SELL,,94
11692,ORD011692,MARKET,SELL,,67
11693,ORD011693,LIMIT,BUY,99.22,2
11694,ORD011694,LIMIT,BUY,98.11,39
11695,ORD011695,MARKET,BUY,,75
11696,ORD011696,MARKET,SELL,,58
11697,ORD011697,MARKET,SELL,,49
11698,ORD003719,CANCEL,,,
11699,ORD011699,LIMIT,SELL,100.28,79
11700,ORD011700,MARKET,BUY,,92
11701,ORD011701,MARKET,SELL,,77
11702,ORD011702,LIMIT,SELL,101.93,82
11703,ORD011703,LIMIT,SELL,101.77,45
11704,ORD011704,MARKET,BUY,,82
11705,ORD011705,MARKET,SELL,,22
11706,ORD011706,LIMIT,BUY,98.44,60
11707,ORD011707,LIMIT,BUY,99.94,60
11708,ORD011708,LIMIT,SELL,100.14,94
11709,ORD011709,MARKET,SELL,,40
11710,ORD011710,LIMIT,SELL,101.22,44
11711,ORD011711,MARKET,BUY,,94
11712,ORD000771,CANCEL,,,
11713,ORD011713,LIMIT,BUY,98.58,54
11714,ORD011714,MARKET,SELL,,26
11715,ORD011715,LIMIT,BUY,98.54,32
11716,ORD011716,LIMIT,SELL,100.05,50
11717,ORD011717,LIMIT,BUY,99.94,68
11718,ORD011718,LIMIT,SELL,101.43,86
11719,ORD011719,LIMIT,BUY,100.43,29
11720,ORD011720,MARKET,BUY,,30
11721,ORD011721,LIMIT,SELL,99.68,79
11722,ORD011722,LIMIT,SELL,100.7,2
11723,ORD011723,LIMIT,SELL,99.79,11
11724,ORD011724,LIMIT,BUY,100.09,28
11725,ORD011725,LIMIT,BUY,98.4,10
11726,ORD011726,LIMIT,SELL,101.8,44
11727,ORD001636,CANCEL,,,
11728,ORD011728,LIMIT,SELL,100.41,48
11729,ORD011729,MARKET,BUY,,48
11730,ORD011730,MARKET,BUY,,83
11731,ORD011731,MARKET,SELL,,2
11732,ORD009615,CANCEL,,,
11733,ORD011733,LIMIT,BUY,99.69,43
11734,ORD011734,MARKET,SELL,,83
11735,ORD011735,LIMIT,BUY,100.09,68
11736,ORD011736,LIMIT,BUY,100.18,57
11737,ORD011737,LIMIT,BUY,98.25,40
11738,ORD011738,MARKET,BUY,,30
11739,ORD011739,LIMIT,SELL,100.19,35
11740,ORD011740,MARKET,BUY,,38
11741,ORD011741,MARKET,BUY,,49
11742,ORD011742,LIMIT,SELL,101.72,37
11743,ORD011743,LIMIT,BUY,99.82,96
11744,ORD011744,MARKET,SELL,,93
11745,ORD011745,LIMIT,SELL,101.68,46
11746,ORD011746,MARKET,SELL,,72
11747,ORD011747,MARKET,SELL,,44
11748,ORD011748,LIMIT,SELL,99.9,40
11749,ORD011749,LIMIT,SELL,100.89,76
11750,ORD011750,LIMIT,BUY,98.72,45
11751,ORD011751,LIMIT,BUY,100.34,20
11752,ORD011752,MARKET,BUY,,82
11753,ORD011753,MARKET,SELL,,98
11754,ORD011754,MARKET,SELL,,42
11755,ORD011755,MARKET,SELL,,95
11756,ORD011756,LIMIT,BUY,99.1,80
11757,ORD011757,LIMIT,SELL,101.94,56
11758,ORD011758,MARKET,BUY,,44
11759,ORD011759,MARKET,BUY,,86
11760,ORD011760,LIMIT,BUY,99.85,26
11761,ORD011761,LIMIT,BUY,98.92,89
11762,ORD011762,LIMIT,SELL,100.05,23
11763,ORD011763,MARKET,BUY,,68
11764,ORD011764,LIMIT,SELL,99.81,13
11765,ORD011765,MARKET,BUY,,45
11766,ORD011766,LIMIT,BUY,98.91,26
11767,ORD011767,LIMIT,SELL,101.08,16
11768,ORD011768,MARKET,SELL,,40
11769,ORD011769,LIMIT,SELL,100.69,59
11770,ORD011770,MARKET,BUY,,88
11771,ORD011771,MARKET,BUY,,90
11772,ORD011772,LIMIT,BUY,100.28,36
11773,ORD011773,MARKET,BUY,,21
11774,ORD011774,MARKET,SELL,,55
11775,ORD011775,LIMIT,BUY,98.51,16
11776,ORD011776,MARKET,BUY,,77
11777,ORD011777,LIMIT,SELL,101.15,91
11778,ORD011778,MARKET,SELL,,89
11779,ORD011779,MARKET,SELL,,29
11780,ORD011780,LIMIT,SELL,99.62,76
11781,ORD011781,MARKET,SELL,,50
11782,ORD011782,LIMIT,BUY,99.6,94
11783,ORD011783,LIMIT,SELL,100.91,36
11784,ORD011784,MARKET,SELL,,74
11785,ORD011785,LIMIT,BUY,98.21,41
11786,ORD011786,MARKET,SELL,,4
11787,ORD011787,MARKET,BUY,,6
11788,ORD011788,LIMIT,BUY,99.88,53
11789,ORD011789,LIMIT,BUY,99.85,71
11790,ORD011790,MARKET,BUY,,85
11791,ORD011791,MARKET,SELL,,26
11792,ORD011792,LIMIT,BUY,99.84,31
11793,ORD011793,MARKET,SELL,,86
11794,ORD011794,LIMIT,SELL,101.88,40
11795,ORD011795,MARKET,BUY,,60
11796,ORD011796,LIMIT,SELL,101.41,58
11797,ORD011797,LIMIT,SELL,99.8,38
11798,ORD011798,LIMIT,SELL,100.75,13
11799,ORD011799,LIMIT,BUY,100.21,29
11800,ORD011800,LIMIT,BUY,98.49,43
11801,ORD011801,MARKET,SELL,,65
11802,ORD011802,LIMIT,SELL,100.63,8
11803,ORD011803,MARKET,SELL,,93
11804,ORD011804,MARKET,SELL,,50
11805,ORD011805,MARKET,SELL,,47
11806,ORD011806,MARKET,SELL,,7
11807,ORD011807,MARKET,SELL,,95
11808,ORD011808,LIMIT,SELL,100.14,35
11809,ORD011809,MARKET,SELL,,87
11810,ORD011810,MARKET,SELL,,56
11811,ORD011811,MARKET,BUY,,99
11812,ORD011812,MARKET,BUY,,9
11813,ORD011813,MARKET,BUY,,66
11814,ORD011814,LIMIT,SELL,100.83,71
11815,ORD011815,LIMIT,BUY,99.45,83
11816,ORD011816,LIMIT,BUY,99.26,74
11817,ORD011817,LIMIT,BUY,99.34,78
11818,ORD011818,MARKET,SELL,,13
11819,ORD011819,MARKET,BUY,,47
11820,ORD011820,MARKET,BUY,,5
11821,ORD011821,LIMIT,SELL,101.21,41
11822,ORD011822,MARKET,BUY,,40
11823,ORD011823,MARKET,BUY,,88
11824,ORD011824,MARKET,BUY,,14
11825,ORD011825,LIMIT,SELL,100.34,96
11826,ORD011826,MARKET,SELL,,27
11827,ORD011827,LIMIT,SELL,100.92,15
11828,ORD011828,LIMIT,BUY,99.98,63
11829,ORD011829,LIMIT,SELL,101.46,45
11830,ORD011830,LIMIT,BUY,99.06,48
11831,ORD011831,MARKET,BUY,,97
11832,ORD011832,MARKET,SELL,,28
11833,ORD011833,MARKET,SELL,,13
11834,ORD011834,LIMIT,SELL,99.99,23
11835,ORD011835,MARKET,BUY,,30
11836,ORD011836,MARKET,BUY,,37
11837,ORD011837,MARKET,SELL,,76
11838,ORD011838,MARKET,SELL,,39
11839,ORD011839,MARKET,SELL,,41
11840,ORD011840,LIMIT,SELL,99.79,63
11841,ORD011841,MARKET,BUY,,17
11842,ORD011842,LIMIT,SELL,101.85,61
11843,ORD011843,LIMIT,BUY,98.88,28
11844,ORD011844,MARKET,SELL,,40
11845,ORD011845,MARKET,SELL,,70
11846,ORD011846,MARKET,SELL,,54
11847,ORD011847,LIMIT,SELL,100.05,63
11848,ORD011848,MARKET,SELL,,63
11849,ORD011849,MARKET,SELL,,44
11850,ORD011850,MARKET,BUY,,12
11851,ORD007863,CANCEL,,,
11852,ORD011852,LIMIT,BUY,99.81,80
11853,ORD011853,LIMIT,SELL,100.42,98
11854,ORD011854,LIMIT,BUY,100.04,81
11855,ORD005359,CANCEL,,,
11856,ORD011856,MARKET,BUY,,49
11857,ORD011857,MARKET,SELL,,40
11858,ORD011858,LIMIT,BUY,100.24,88
11859,ORD011859,LIMIT,BUY,100.26,96
11860,ORD011860,LIMIT,BUY,100.47,8
11861,ORD011861,LIMIT,BUY,100.29,5
11862,ORD011862,MARKET,BUY,,97
11863,ORD011863,LIMIT,SELL,99.78,63
11864,ORD011864,LIMIT,BUY,100.29,28
11865,ORD011865,MARKET,BUY,,51
11866,ORD011866,LIMIT,SELL,99.74,65
11867,ORD011867,LIMIT,SELL,100.77,92
11868,ORD011868,LIMIT,SELL,100.78,39
11869,ORD011869,LIMIT,SELL,101.7,60
11870,ORD011870,MARKET,SELL,,38
11871,ORD011871,MARKET,BUY,,78
11872,ORD011872,MARKET,SELL,,79
11873,ORD011873,LIMIT,SELL,101.77,23
11874,ORD011874,MARKET,SELL,,69
11875,ORD011875,LIMIT,BUY,99.9,86
11876,ORD011876,MARKET,SELL,,55
11877,ORD011877,MARKET,SELL,,3
11878,ORD011878,LIMIT,SELL,100.33,83
11879,ORD011879,LIMIT,BUY,100.29,34
11880,ORD011880,LIMIT,SELL,99.6,57
11881,ORD011881,LIMIT,SELL,102.0,29
11882,ORD011882,LIMIT,BUY,98.71,48
11883,ORD011883,MARKET,BUY,,81
11884,ORD011884,LIMIT,SELL,99.68,4
11885,ORD011885,LIMIT,BUY,99.48,7
11886,ORD011886,MARKET,SELL,,55
11887,ORD011887,MARKET,SELL,,89
11888,ORD011888,MARKET,SELL,,49
11889,ORD011889,MARKET,BUY,,81
11890,ORD011890,LIMIT,BUY,99.8,16
11891,ORD011891,LIMIT,BUY,100.29,81
11892,ORD011892,LIMIT,SELL,101.59,74
11893,ORD011893,MARKET,SELL,,9
11894,ORD011894,MARKET,BUY,,99
11895,ORD011895,MARKET,BUY,,100
11896,ORD004116,CANCEL,,,
11897,ORD011897,MARKET,SELL,,52
11898,ORD011898,LIMIT,BUY,100.0,93
11899,ORD011899,MARKET,BUY,,82
11900,ORD011900,MARKET,BUY,,81
11901,ORD011901,LIMIT,SELL,100.48,10
11902,ORD011902,LIMIT,SELL,101.82,94
11903,ORD011903,LIMIT,SELL,101.9,83
11904,ORD011904,MARKET,BUY,,14
11905,ORD011905,LIMIT,SELL,100.85,18
11906,ORD011906,LIMIT,SELL,101.76,99
11907,ORD011907,LIMIT,BUY,99.23,73
11908,ORD011908,MARKET,BUY,,36
11909,ORD011909,LIMIT,SELL,101.54,80
11910,ORD011910,MARKET,SELL,,51
11911,ORD011911,MARKET,SELL,,45
11912,ORD011912,MARKET,SELL,,89
11913,ORD011913,LIMIT,SELL,100.59,99
11914,ORD011914,MARKET,BUY,,48
11915,ORD011915,MARKET,SELL,,87
11916,ORD011916,MARKET,SELL,,9
11917,ORD011917,LIMIT,BUY,99.64,78
11918,ORD011918,MARKET,SELL,,96
11919,ORD011919,LIMIT,SELL,99.5,22
11920,ORD011920,LIMIT,SELL,101.34,40
11921,ORD011921,LIMIT,SELL,101.62,26
11922,ORD000293,CANCEL,,,
11923,ORD011923,LIMIT,SELL,101.39,54
11924,ORD011924,MARKET,SELL,,44
11925,ORD011925,LIMIT,SELL,99.72,98
11926,ORD011926,LIMIT,SELL,101.33,39
11927,ORD011927,LIMIT,SELL,101.01,25
11928,ORD011928,MARKET,BUY,,75
11929,ORD011929,LIMIT,SELL,101.83,65
11930,ORD011930,MARKET,BUY,,48
11931,ORD011931,LIMIT,SELL,101.47,37
11932,ORD011932,LIMIT,SELL,100.04,75
11933,ORD011933,MARKET,SELL,,3
11934,ORD011934,MARKET,BUY,,20
11935,ORD011935,MARKET,SELL,,34
11936,ORD011936,MARKET,BUY,,40
11937,ORD011937,LIMIT,SELL,99.51,36
11938,ORD011938,MARKET,SELL,,95
11939,ORD011939,MARKET,SELL,,37
11940,ORD011940,LIMIT,BUY,99.06,23
11941,ORD011941,MARKET,SELL,,55
11942,ORD011376,CANCEL,,,
11943,ORD011943,MARKET,BUY,,9
11944,ORD011944,MARKET,BUY,,68
11945,ORD011945,MARKET,SELL,,81
11946,ORD011946,LIMIT,BUY,100.09,79
11947,ORD011947,LIMIT,BUY,99.89,82
11948,ORD011948,MARKET,BUY,,26
11949,ORD011949,LIMIT,SELL,100.88,27
11950,ORD011950,LIMIT,SELL,101.48,20
11951,ORD011951,LIMIT,BUY,98.53,93
11952,ORD011952,LIMIT,BUY,98.95,24
11953,ORD011953,MARKET,BUY,,63
11954,ORD011954,MARKET,BUY,,63
11955,ORD011955,MARKET,SELL,,75
11956,ORD011956,MARKET,BUY,,67
11957,ORD011957,MARKET,SELL,,26
11958,ORD011958,MARKET,SELL,,100
11959,ORD011959,MARKET,SELL,,51
11960,ORD011960,MARKET,BUY,,81
11961,ORD011961,LIMIT,BUY,99.12,57
11962,ORD011962,LIMIT,SELL,100.85,53
11963,ORD011963,LIMIT,BUY,99.21,69
11964,ORD011964,MARKET,BUY,,74
11965,ORD011965,LIMIT,SELL,101.47,73
11966,ORD011966,MARKET,BUY,,89
11967,ORD011967,LIMIT,BUY,98.39,33
11968,ORD011968,MARKET,BUY,,31
11969,ORD011969,LIMIT,SELL,101.23,64
11970,ORD011970,MARKET,SELL,,69
11971,ORD011971,LIMIT,BUY,100.06,97
11972,ORD011972,MARKET,BUY,,39
11973,ORD005400,CANCEL,,,
11974,ORD011974,MARKET,SELL,,60
11975,ORD011975,LIMIT,BUY,98.87,98
11976,ORD011976,LIMIT,SELL,100.81,5
11977,ORD003337,CANCEL,,,
11978,ORD011978,LIMIT,SELL,100.77,92
11979,ORD011979,MARKET,BUY,,80
11980,ORD011980,MARKET,SELL,,88
11981,ORD011981,LIMIT,BUY,100.44,83
11982,ORD011982,LIMIT,SELL,101.82,9
11983,ORD011983,MARKET,BUY,,97
11984,ORD011984,MARKET,BUY,,78
11985,ORD011985,MARKET,SELL,,37
11986,ORD011986,MARKET,SELL,,49
11987,ORD011987,MARKET,SELL,,8
11988,ORD011988,MARKET,SELL,,20
11989,ORD011989,MARKET,SELL,,49
11990,ORD011990,LIMIT,BUY,98.81,31
11991,ORD011991,MARKET,BUY,,64
11992,ORD009654,CANCEL,,,
11993,ORD011993,LIMIT,BUY,99.19,54
11994,ORD011994,LIMIT,SELL,101.23,89
11995,ORD011995,LIMIT,BUY,98.27,46
11996,ORD011996,LIMIT,SELL,101.19,15
11997,ORD011997,MARKET,BUY,,5
11998,ORD011998,MARKET,BUY,,52
11999,ORD011999,LIMIT,BUY,98.91,45
12000,ORD012000,LIMIT,BUY,100.23,21
12001,ORD012001,MARKET,SELL,,46
12002,ORD012002,MARKET,SELL,,24
12003,ORD012003,LIMIT,SELL,100.84,79
12004,ORD012004,MARKET,BUY,,100
12005,ORD012005,LIMIT,SELL,101.77,52
12006,ORD012006,MARKET,BUY,,7
12007,ORD012007,MARKET,BUY,,75
12008,ORD012008,MARKET,BUY,,45
12009,ORD012009,LIMIT,SELL,101.27,2
12010,ORD012010,MARKET,BUY,,15
12011,ORD012011,LIMIT,BUY,99.3,63
12012,ORD012012,MARKET,BUY,,25
12013,ORD012013,LIMIT,SELL,101.0,68
12014,ORD012014,MARKET,SELL,,70
12015,ORD012015,MARKET,SELL,,74
12016,ORD012016,MARKET,BUY,,83
12017,ORD012017,MARKET,SELL,,19
12018,ORD012018,MARKET,SELL,,50
12019,ORD012019,LIMIT,BUY,99.43,20
12020,ORD012020,MARKET,BUY,,94
12021,ORD012021,MARKET,SELL,,79
12022,ORD012022,LIMIT,BUY,98.68,2
12023,ORD012023,LIMIT,BUY,100.35,55
12024,ORD012024,MARKET,SELL,,80
12025,ORD012025,LIMIT,SELL,101.86,88
12026,ORD012026,LIMIT,SELL,100.27,61
12027,ORD008443,CANCEL,,,
12028,ORD012028,MARKET,BUY,,94
12029,ORD007947,CANCEL,,,
12030,ORD012030,LIMIT,BUY,100.5,35
12031,ORD012031,MARKET,BUY,,13
12032,ORD012032,LIMIT,BUY,98.13,51
12033,ORD012033,MARKET,SELL,,8
12034,ORD012034,MARKET,SELL,,45
12035,ORD012035,LIMIT,SELL,101.24,55
12036,ORD012036,LIMIT,BUY,99.19,90
12037,ORD012037,LIMIT,BUY,98.77,35
12038,ORD012038,LIMIT,BUY,100.11,6
12039,ORD012039,LIMIT,SELL,99.71,99
12040,ORD012040,LIMIT,SELL,99.55,16
12041,ORD009565,CANCEL,,,
12042,ORD012042,MARKET,SELL,,98
12043,ORD012043,MARKET,SELL,,87
12044,ORD012044,MARKET,BUY,,10
12045,ORD012045,MARKET,BUY,,83
12046,ORD012046,MARKET,BUY,,58
12047,ORD012047,LIMIT,BUY,100.37,32
12048,ORD011035,CANCEL,,,
12049,ORD012049,MARKET,SELL,,21
12050,ORD012050,MARKET,BUY,,50
12051,ORD012051,LIMIT,BUY,98.45,57
12052,ORD012052,LIMIT,BUY,99.04,52
12053,ORD012053,MARKET,SELL,,69
12054,ORD007245,CANCEL,,,
12055,ORD012055,MARKET,BUY,,92
12056,ORD012056,LIMIT,SELL,101.25,28
12057,ORD012057,MARKET,SELL,,48
12058,ORD012058,LIMIT,BUY,100.13,35
12059,ORD012059,MARKET,SELL,,14
12060,ORD012060,LIMIT,BUY,99.14,92
12061,ORD012061,LIMIT,BUY,100.2,67
12062,ORD012062,MARKET,BUY,,97
12063,ORD012063,LIMIT,BUY,98.68,53
12064,ORD012064,MARKET,SELL,,59
12065,ORD012065,LIMIT,BUY,99.02,47
12066,ORD012066,LIMIT,BUY,98.98,69
12067,ORD012067,LIMIT,SELL,100.28,43
12068,ORD012068,MARKET,SELL,,64
12069,ORD012069,LIMIT,SELL,101.72,80
12070,ORD012070,LIMIT,BUY,98.69,100
12071,ORD012071,LIMIT,BUY,99.4,55
12072,ORD012072,MARKET,SELL,,35
12073,ORD012073,LIMIT,SELL,99.77,83
12074,ORD012074,MARKET,SELL,,21
12075,ORD012075,MARKET,BUY,,92
12076,ORD012076,LIMIT,BUY,99.88,26
12077,ORD012077,MARKET,SELL,,26
12078,ORD012078,MARKET,BUY,,15
12079,ORD012079,LIMIT,SELL,99.91,65
12080,ORD012080,MARKET,BUY,,59
12081,ORD012081,MARKET,BUY,,96
12082,ORD012082,MARKET,BUY,,49
12083,ORD012083,LIMIT,SELL,101.7,45
12084,ORD012084,LIMIT,SELL,100.81,35
12085,ORD012085,MARKET,BUY,,91
12086,ORD012086,MARKET,SELL,,68
12087,ORD012087,MARKET,SELL,,58
12088,ORD012088,MARKET,SELL,,81
12089,ORD012089,MARKET,SELL,,44
12090,ORD012090,MARKET,BUY,,65
12091,ORD012091,MARKET,SELL,,43
12092,ORD012092,LIMIT,BUY,98.65,41
12093,ORD012093,MARKET,BUY,,48
12094,ORD012094,MARKET,SELL,,71
12095,ORD012095,LIMIT,BUY,100.11,12
12096,ORD012096,LIMIT,BUY,99.63,49
12097,ORD012097,MARKET,BUY,,42
12098,ORD012098,MARKET,BUY,,45
12099,ORD012099,MARKET,BUY,,47
12100,ORD012100,MARKET,BUY,,87
12101,ORD012101,LIMIT,SELL,100.38,61
12102,ORD012102,MARKET,SELL,,67
12103,ORD012103,MARKET,BUY,,10
12104,ORD012104,MARKET,BUY,,1
12105,ORD012105,MARKET,SELL,,14
12106,ORD012106,LIMIT,SELL,99.75,75
12107,ORD012107,LIMIT,SELL,101.23,46
12108,ORD012108,LIMIT,BUY,100.14,50
12109,ORD012109,MARKET,SELL,,51
12110,ORD012110,LIMIT,BUY,99.29,69
12111,ORD012111,MARKET,BUY,,70
12112,ORD012112,LIMIT,BUY,99.78,26
12113,ORD012113,LIMIT,BUY,99.51,59
12114,ORD012114,LIMIT,SELL,100.46,33
12115,ORD012115,MARKET,BUY,,1
12116,ORD012116,MARKET,BUY,,92
12117,ORD012117,LIMIT,BUY,100.1,62
12118,ORD012118,MARKET,BUY,,64
12119,ORD012119,MARKET,SELL,,18
12120,ORD012120,MARKET,SELL,,27
12121,ORD012121,LIMIT,BUY,99.53,42
12122,ORD012122,MARKET,BUY,,84
12123,ORD012123,MARKET,BUY,,7
12124,ORD012124,MARKET,BUY,,42
12125,ORD012125,MARKET,BUY,,85
12126,ORD012126,LIMIT,SELL,99.63,98
12127,ORD012127,LIMIT,BUY,99.41,25
12128,ORD012128,MARKET,SELL,,87
12129,ORD012129,MARKET,SELL,,54
12130,ORD012130,LIMIT,SELL,101.29,79
12131,ORD012131,MARKET,SELL,,33
12132,ORD012132,MARKET,SELL,,84
12133,ORD012133,LIMIT,BUY,98.97,12
12134,ORD012134,LIMIT,BUY,99.09,54
12135,ORD012135,LIMIT,BUY,100.45,21
12136,ORD012136,LIMIT,SELL,99.93,6
12137,ORD003065,CANCEL,,,
12138,ORD012138,MARKET,BUY,,67
12139,ORD012139,LIMIT,SELL,101.02,79
12140,ORD012140,LIMIT,SELL,100.25,72
12141,ORD012141,MARKET,BUY,,83
12142,ORD012142,MARKET,SELL,,77
12143,ORD012143,MARKET,SELL,,51
12144,ORD012144,MARKET,BUY,,100
12145,ORD012145,LIMIT,SELL,100.0,25
12146,ORD012146,MARKET,SELL,,99
12147,ORD012147,MARKET,BUY,,1
12148,ORD012148,LIMIT,BUY,98.61,83
12149,ORD012149,MARKET,SELL,,27
12150,ORD012150,MARKET,SELL,,39
12151,ORD012151,LIMIT,BUY,98.84,87
12152,ORD012152,LIMIT,SELL,100.64,73
12153,ORD012153,LIMIT,BUY,100.21,26
12154,ORD012154,MARKET,BUY,,48
12155,ORD012155,MARKET,BUY,,25
12156,ORD012156,LIMIT,BUY,98.85,9
12157,ORD012157,MARKET,SELL,,37
12158,ORD012158,LIMIT,SELL,99.55,56
12159,ORD012159,LIMIT,BUY,98.64,14
12160,ORD012160,LIMIT,SELL,100.54,14
12161,ORD001245,CANCEL,,,
12162,ORD012162,MARKET,BUY,,28
12163,ORD012163,MARKET,BUY,,14
12164,ORD012164,LIMIT,BUY,100.4,14
12165,ORD012165,LIMIT,SELL,100.06,25
12166,ORD012166,LIMIT,SELL,99.75,17
12167,ORD012167,LIMIT,SELL,101.07,53
12168,ORD012168,MARKET,BUY,,34
12169,ORD012169,MARKET,SELL,,83
12170,ORD007032,CANCEL,,,
12171,ORD012171,MARKET,SELL,,57
12172,ORD012172,LIMIT,BUY,100.4,87
12173,ORD012173,LIMIT,SELL,99.75,23
12174,ORD012174,MARKET,SELL,,23
12175,ORD012175,MARKET,SELL,,46
12176,ORD012176,LIMIT,SELL,99.6,25
12177,ORD012177,MARKET,BUY,,44
12178,ORD012178,MARKET,SELL,,26
12179,ORD012179,MARKET,BUY,,44
12180,ORD012180,LIMIT,SELL,101.85,94
12181,ORD012181,LIMIT,BUY,98.02,24
12182,ORD012182,MARKET,SELL,,3
12183,ORD012183,MARKET,BUY,,79
12184,ORD012184,LIMIT,SELL,101.95,77
12185,ORD012185,MARKET,BUY,,72
12186,ORD012186,LIMIT,SELL,101.02,28
12187,ORD012187,LIMIT,BUY,100.5,16
12188,ORD012188,LIMIT,SELL,101.55,88
12189,ORD012189,MARKET,SELL,,31
12190,ORD012190,LIMIT,BUY,99.66,5
12191,ORD012191,MARKET,BUY,,15
12192,ORD012192,LIMIT,SELL,100.49,28
12193,ORD012193,MARKET,SELL,,27
12194,ORD012194,MARKET,SELL,,65
12195,ORD012195,MARKET,SELL,,56
12196,ORD012196,LIMIT,SELL,101.58,35
12197,ORD012197,MARKET,BUY,,9
12198,ORD012198,MARKET,SELL,,97
12199,ORD012199,LIMIT,SELL,100.02,79
12200,ORD012200,LIMIT,SELL,100.23,26
12201,ORD012201,MARKET,SELL,,64
12202,ORD012202,LIMIT,BUY,99.7,85
12203,ORD012203,MARKET,SELL,,54
12204,ORD011231,CANCEL,,,
12205,ORD012205,LIMIT,SELL,101.02,78
12206,ORD012206,LIMIT,SELL,100.25,33
12207,ORD012207,MARKET,BUY,,73
12208,ORD012208,MARKET,SELL,,13
12209,ORD012209,MARKET,SELL,,18
12210,ORD012210,LIMIT,BUY,100.24,14
12211,ORD012211,MARKET,SELL,,74
12212,ORD012212,MARKET,BUY,,39
12213,ORD012213,MARKET,SELL,,8
12214,ORD012214,LIMIT,BUY,99.76,87
12215,ORD012215,LIMIT,SELL,101.93,89
12216,ORD012216,LIMIT,BUY,98.64,24
12217,ORD012217,MARKET,SELL,,18
12218,ORD012218,LIMIT,SELL,101.25,95
12219,ORD012219,MARKET,SELL,,77
12220,ORD012220,MARKET,SELL,,38
12221,ORD012221,LIMIT,BUY,98.21,37
12222,ORD012222,MARKET,SELL,,87
12223,ORD012223,LIMIT,SELL,100.34,81
12224,ORD012224,LIMIT,SELL,99.94,73
12225,ORD012225,MARKET,BUY,,40
12226,ORD012226,MARKET,SELL,,34
12227,ORD012227,LIMIT,BUY,99.22,21
12228,ORD009812,CANCEL,,,
12229,ORD012229,LIMIT,BUY,99.69,46
12230,ORD012230,LIMIT,BUY,99.72,80
12231,ORD012231,MARKET,SELL,,28
12232,ORD012232,MARKET,SELL,,86
12233,ORD012233,MARKET,BUY,,77
12234,ORD012234,MARKET,SELL,,83
12235,ORD012235,LIMIT,SELL,100.88,24
12236,ORD012236,MARKET,BUY,,64
12237,ORD012237,MARKET,BUY,,31
12238,ORD012238,MARKET,BUY,,24
12239,ORD012239,LIMIT,SELL,101.52,35
12240,ORD012240,LIMIT,SELL,99.67,31
12241,ORD012241,MARKET,BUY,,77
12242,ORD012242,LIMIT,BUY,100.47,97
12243,ORD012243,MARKET,SELL,,53
12244,ORD012244,MARKET,BUY,,39
12245,ORD012245,LIMIT,BUY,100.08,4
12246,ORD012246,LIMIT,SELL,99.79,10
12247,ORD012247,LIMIT,SELL,99.99,91
12248,ORD012248,MARKET,SELL,,52
12249,ORD012249,MARKET,BUY,,96
12250,ORD012250,MARKET,SELL,,66
12251,ORD012251,MARKET,BUY,,42
12252,ORD012252,LIMIT,SELL,100.3,24
12253,ORD012253,LIMIT,SELL,100.92,92
12254,ORD012254,MARKET,SELL,,57
12255,ORD012255,LIMIT,BUY,98.55,23
12256,ORD012256,MARKET,SELL,,88
12257,ORD012257,LIMIT,BUY,98.72,19
12258,ORD012258,MARKET,BUY,,6
12259,ORD012259,LIMIT,SELL,100.76,2
12260,ORD012260,LIMIT,SELL,99.54,52
12261,ORD012261,LIMIT,SELL,101.9,84
12262,ORD012262,MARKET,BUY,,3
12263,ORD012263,MARKET,BUY,,78
12264,ORD012264,LIMIT,BUY,99.03,39
12265,ORD012265,LIMIT,BUY,98.47,52
12266,ORD012266,LIMIT,SELL,101.85,26
12267,ORD012267,LIMIT,SELL,101.86,62
12268,ORD012268,MARKET,SELL,,40
12269,ORD012269,MARKET,BUY,,66
12270,ORD012270,MARKET,BUY,,12
12271,ORD012271,MARKET,BUY,,63
12272,ORD012272,LIMIT,BUY,100.07,1
12273,ORD012273,LIMIT,SELL,100.71,78
12274,ORD012274,MARKET,BUY,,78
12275,ORD012275,LIMIT,BUY,98.88,40
12276,ORD012276,MARKET,SELL,,16
12277,ORD012277,LIMIT,BUY,99.36,75
12278,ORD012278,MARKET,BUY,,54
12279,ORD012279,LIMIT,BUY,100.43,59
12280,ORD012280,MARKET,SELL,,100
12281,ORD012281,LIMIT,BUY,98.95,9
12282,ORD012282,LIMIT,SELL,101.05,25
12283,ORD012283,LIMIT,SELL,100.63,77
12284,ORD011260,CANCEL,,,
12285,ORD012285,MARKET,BUY,,2
12286,ORD012286,MARKET,BUY,,96
12287,ORD012287,MARKET,BUY,,7
12288,ORD012288,MARKET,BUY,,84
12289,ORD012289,LIMIT,BUY,99.56,47
12290,ORD012290,LIMIT,SELL,101.55,89
12291,ORD012291,LIMIT,BUY,98.09,20
12292,ORD012292,LIMIT,BUY,98.61,95
12293,ORD012293,MARKET,BUY,,70
12294,ORD012294,MARKET,SELL,,90
12295,ORD012295,LIMIT,BUY,100.48,75
12296,ORD012296,LIMIT,SELL,100.11,85
12297,ORD012297,MARKET,BUY,,60
12298,ORD012298,LIMIT,SELL,101.55,32
12299,ORD012299,MARKET,SELL,,76
12300,ORD012300,MARKET,SELL,,39
12301,ORD012301,LIMIT,SELL,100.44,59
12302,ORD012302,LIMIT,BUY,98.39,3
12303,ORD012303,MARKET,BUY,,87
12304,ORD012304,LIMIT,SELL,101.04,16
12305,ORD012305,MARKET,SELL,,23
12306,ORD012306,MARKET,BUY,,2
12307,ORD012307,MARKET,SELL,,83
12308,ORD012308,LIMIT,BUY,100.25,75
12309,ORD012309,LIMIT,BUY,98.19,82
12310,ORD012310,MARKET,SELL,,25
12311,ORD007313,CANCEL,,,
12312,ORD012312,LIMIT,SELL,100.2,44
12313,ORD012313,MARKET,SELL,,22
12314,ORD012314,LIMIT,BUY,100.22,1
12315,ORD012315,LIMIT,SELL,101.12,98
12316,ORD012316,MARKET,SELL,,49
12317,ORD012317,LIMIT,SELL,100.18,8
12318,ORD012318,LIMIT,SELL,99.79,84
12319,ORD012319,MARKET,BUY,,65
12320,ORD012320,MARKET,SELL,,95
12321,ORD012321,MARKET,SELL,,32
12322,ORD012322,MARKET,BUY,,94
12323,ORD012323,MARKET,SELL,,42
12324,ORD012324,LIMIT,BUY,98.21,56
12325,ORD012325,LIMIT,SELL,101.98,16
12326,ORD012326,LIMIT,SELL,100.53,65
12327,ORD012327,MARKET,SELL,,25
12328,ORD012328,LIMIT,BUY,98.25,8
12329,ORD012329,LIMIT,BUY,99.3,87
12330,ORD012330,LIMIT,BUY,99.38,68
12331,ORD012331,LIMIT,BUY,98.13,37
12332,ORD012332,MARKET,BUY,,96
12333,ORD012333,LIMIT,SELL,100.98,51
12334,ORD012334,MARKET,BUY,,35
12335,ORD012335,LIMIT,BUY,99.73,44
12336,ORD012336,MARKET,BUY,,49
12337,ORD012337,MARKET,BUY,,51
12338,ORD012338,MARKET,BUY,,82
12339,ORD012339,LIMIT,SELL,100.78,88
12340,ORD012340,LIMIT,BUY,100.13,26
12341,ORD012341,MARKET,BUY,,86
12342,ORD012342,MARKET,BUY,,12
12343,ORD005736,CANCEL,,,
12344,ORD012344,LIMIT,BUY,99.39,24
12345,ORD012345,LIMIT,BUY,98.54,91
12346,ORD012346,LIMIT,SELL,99.93,81
12347,ORD012347,LIMIT,BUY,98.75,30
12348,ORD006526,CANCEL,,,
12349,ORD012349,LIMIT,SELL,100.97,19
12350,ORD012350,MARKET,SELL,,75
12351,ORD012351,LIMIT,BUY,100.32,76
12352,ORD012352,MARKET,BUY,,47
12353,ORD005802,CANCEL,,,
12354,ORD012354,MARKET,SELL,,12
12355,ORD012355,MARKET,BUY,,57
12356,ORD012356,MARKET,SELL,,1
12357,ORD012357,MARKET,BUY,,93
12358,ORD012358,LIMIT,SELL,100.28,89
12359,ORD012359,LIMIT,BUY,100.43,77
12360,ORD012360,LIMIT,BUY,99.92,10
12361,ORD012361,LIMIT,SELL,101.01,29
12362,ORD012362,LIMIT,SELL,99.64,48
12363,ORD012363,MARKET,SELL,,60
12364,ORD012364,LIMIT,BUY,99.02,26
12365,ORD012365,MARKET,SELL,,91
12366,ORD012366,MARKET,BUY,,85
12367,ORD012367,LIMIT,SELL,100.69,90
12368,ORD012368,MARKET,BUY,,80
12369,ORD009245,CANCEL,,,
12370,ORD012370,MARKET,SELL,,68
12371,ORD012371,LIMIT,BUY,98.34,90
12372,ORD012372,LIMIT,SELL,100.94,45
12373,ORD012373,LIMIT,SELL,101.81,84
12374,ORD012374,MARKET,SELL,,100
12375,ORD012375,LIMIT,SELL,99.72,21
12376,ORD012376,MARKET,SELL,,45
12377,ORD012377,MARKET,SELL,,55
12378,ORD012378,MARKET,SELL,,13
12379,ORD012379,LIMIT,BUY,100.06,18
12380,ORD010303,CANCEL,,,
12381,ORD010808,CANCEL,,,
12382,ORD012382,LIMIT,BUY,99.57,99
12383,ORD012383,LIMIT,SELL,100.73,76
12384,ORD012384,MARKET,SELL,,93
12385,ORD012385,MARKET,BUY,,54
12386,ORD012386,LIMIT,BUY,100.29,31
12387,ORD012387,LIMIT,SELL,101.6,54
12388,ORD012388,LIMIT,SELL,101.17,82
12389,ORD012389,LIMIT,BUY,100.05,27
12390,ORD012390,MARKET,BUY,,78
12391,ORD012391,LIMIT,SELL,100.04,16
12392,ORD012392,MARKET,BUY,,31
12393,ORD012393,MARKET,BUY,,2
12394,ORD012394,MARKET,BUY,,54
12395,ORD012395,LIMIT,SELL,101.8,85
12396,ORD012396,MARKET,BUY,,39
12397,ORD007351,CANCEL,,,
12398,ORD012398,MARKET,BUY,,46
12399,ORD012399,MARKET,SELL,,95
12400,ORD012400,LIMIT,BUY,99.53,19
12401,ORD012401,LIMIT,SELL,100.91,35
12402,ORD012402,LIMIT,SELL,99.67,77
12403,ORD012403,LIMIT,BUY,98.48,67
12404,ORD012404,LIMIT,SELL,100.85,49
12405,ORD012405,MARKET,SELL,,90
12406,ORD012406,LIMIT,SELL,100.69,9
12407,ORD012407,MARKET,SELL,,77
12408,ORD012408,LIMIT,SELL,101.47,89
12409,ORD012409,MARKET,BUY,,35
12410,ORD012410,LIMIT,SELL,100.86,12
12411,ORD012411,MARKET,SELL,,18
12412,ORD012412,LIMIT,BUY,99.88,61
12413,ORD001049,CANCEL,,,
12414,ORD012414,MARKET,SELL,,44
12415,ORD009065,CANCEL,,,
12416,ORD012416,LIMIT,SELL,100.84,70
12417,ORD012417,MARKET,SELL,,76
12418,ORD012418,MARKET,BUY,,74
12419,ORD012419,LIMIT,BUY,98.16,36
12420,ORD012420,MARKET,BUY,,22
12421,ORD005465,CANCEL,,,
12422,ORD012422,MARKET,SELL,,96
12423,ORD012423,LIMIT,BUY,98.78,38
12424,ORD012424,MARKET,SELL,,56
12425,ORD012425,LIMIT,BUY,100.1,97
12426,ORD012426,LIMIT,SELL,100.7,30
12427,ORD012427,MARKET,BUY,,41
12428,ORD012428,MARKET,SELL,,65
12429,ORD012429,LIMIT,BUY,98.45,9
12430,ORD012430,LIMIT,BUY,99.48,38
12431,ORD012431,LIMIT,SELL,99.75,59
12432,ORD012432,MARKET,BUY,,61
12433,ORD012433,LIMIT,BUY,98.19,93
12434,ORD012434,MARKET,SELL,,54
12435,ORD012435,LIMIT,BUY,98.93,12
12436,ORD012436,LIMIT,BUY,98.88,94
12437,ORD012437,MARKET,SELL,,51
12438,ORD012438,LIMIT,BUY,99.82,77
12439,ORD010893,CANCEL,,,
12440,ORD009558,CANCEL,,,
12441,ORD012441,MARKET,SELL,,4
12442,ORD012442,MARKET,SELL,,10
12443,ORD012443,LIMIT,SELL,99.6,48
12444,ORD012444,MARKET,BUY,,56
12445,ORD012445,MARKET,BUY,,15
12446,ORD012446,LIMIT,BUY,99.4,73
12447,ORD012447,MARKET,SELL,,4
12448,ORD012448,LIMIT,BUY,99.77,90
12449,ORD012449,MARKET,SELL,,86
12450,ORD012450,LIMIT,BUY,98.7,78
12451,ORD012451,MARKET,BUY,,60
12452,ORD012452,LIMIT,SELL,100.55,61
12453,ORD012453,LIMIT,SELL,100.47,70
12454,ORD012454,MARKET,BUY,,98
12455,ORD012455,MARKET,SELL,,84
12456,ORD012456,LIMIT,BUY,99.1,61
12457,ORD012457,MARKET,SELL,,45
12458,ORD012458,LIMIT,SELL,100.49,39
12459,ORD012459,MARKET,BUY,,58
12460,ORD012460,MARKET,SELL,,88
12461,ORD012461,MARKET,SELL,,45
12462,ORD012462,LIMIT,SELL,100.02,14
12463,ORD012463,MARKET,SELL,,51
12464,ORD012464,MARKET,BUY,,72
12465,ORD012465,MARKET,SELL,,57
12466,ORD012466,LIMIT,BUY,99.65,10
12467,ORD012467,MARKET,BUY,,68
12468,ORD012468,MARKET,BUY,,73
12469,ORD012469,LIMIT,BUY,99.67,65
12470,ORD012470,MARKET,SELL,,92
12471,ORD012471,LIMIT,BUY,98.83,90
12472,ORD007093,CANCEL,,,
12473,ORD012473,MARKET,SELL,,19
12474,ORD012474,MARKET,SELL,,99
12475,ORD012475,LIMIT,BUY,99.01,41
12476,ORD012476,MARKET,SELL,,17
12477,ORD012477,LIMIT,BUY,98.58,67
12478,ORD012478,LIMIT,SELL,100.83,94
12479,ORD012479,MARKET,SELL,,14
12480,ORD012480,MARKET,SELL,,53
12481,ORD012481,MARKET,BUY,,99
12482,ORD012482,LIMIT,BUY,99.16,14
12483,ORD012483,MARKET,SELL,,22
12484,ORD012484,MARKET,SELL,,18
12485,ORD012485,LIMIT,SELL,100.44,20
12486,ORD012486,LIMIT,SELL,100.9,26
12487,ORD012487,MARKET,BUY,,31
12488,ORD012488,MARKET,BUY,,60
12489,ORD012489,MARKET,BUY,,11
12490,ORD012490,MARKET,BUY,,96
12491,ORD012491,MARKET,BUY,,98
12492,ORD012492,MARKET,SELL,,88
12493,ORD012493,MARKET,SELL,,88
12494,ORD012494,LIMIT,SELL,100.04,72
12495,ORD012495,MARKET,BUY,,85
12496,ORD012496,LIMIT,BUY,100.06,31
12497,ORD012497,LIMIT,SELL,100.12,76
12498,ORD012498,LIMIT,BUY,98.98,67
12499,ORD012499,MARKET,SELL,,74
12500,ORD012500,LIMIT,SELL,100.78,97
12501,ORD012501,MARKET,BUY,,83
12502,ORD012502,LIMIT,BUY,98.65,39
12503,ORD012503,MARKET,SELL,,70
12504,ORD012504,LIMIT,BUY,98.95,4
12505,ORD012505,LIMIT,SELL,101.93,54
12506,ORD012506,MARKET,SELL,,93
12507,ORD012507,MARKET,SELL,,35
12508,ORD012508,MARKET,SELL,,32
12509,ORD012509,LIMIT,SELL,101.22,6
12510,ORD012510,MARKET,BUY,,75
12511,ORD012511,LIMIT,BUY,98.23,11
12512,ORD012512,MARKET,BUY,,97
12513,ORD012513,LIMIT,BUY,99.61,65
12514,ORD012514,MARKET,BUY,,36
12515,ORD006442,CANCEL,,,
12516,ORD012516,LIMIT,SELL,99.91,30
12517,ORD012517,LIMIT,BUY,100.15,58
12518,ORD012518,MARKET,SELL,,7
12519,ORD012519,MARKET,BUY,,93
12520,ORD012520,MARKET,SELL,,98
12521,ORD012521,MARKET,SELL,,55
12522,ORD012522,LIMIT,SELL,100.27,35
12523,ORD012523,MARKET,BUY,,8
12524,ORD012524,MARKET,BUY,,30
12525,ORD012525,LIMIT,SELL,100.11,92
12526,ORD012526,MARKET,SELL,,96
12527,ORD012527,LIMIT,SELL,99.69,55
12528,ORD012528,LIMIT,SELL,101.01,79
12529,ORD012529,MARKET,BUY,,27
12530,ORD012530,LIMIT,BUY,100.2,20
12531,ORD012531,LIMIT,SELL,100.75,67
12532,ORD012532,LIMIT,BUY,98.05,70
12533,ORD012533,MARKET,BUY,,100
12534,ORD012534,MARKET,SELL,,53
12535,ORD012535,MARKET,BUY,,80
12536,ORD012536,LIMIT,BUY,98.75,92
12537,ORD012537,LIMIT,SELL,101.87,42
12538,ORD012538,MARKET,SELL,,30
12539,ORD012539,LIMIT,SELL,101.23,54
12540,ORD012540,MARKET,SELL,,87
12541,ORD006605,CANCEL,,,
12542,ORD012542,MARKET,SELL,,93
12543,ORD012543,LIMIT,BUY,98.7,55
12544,ORD012544,LIMIT,SELL,101.27,2
12545,ORD012545,MARKET,BUY,,45
12546,ORD012546,LIMIT,SELL,100.69,49
12547,ORD012547,LIMIT,BUY,99.18,5
12548,ORD012548,LIMIT,SELL,101.01,50
12549,ORD012549,LIMIT,BUY,98.43,71
12550,ORD012550,LIMIT,BUY,99.29,71
12551,ORD005623,CANCEL,,,
12552,ORD012552,LIMIT,SELL,101.73,92
12553,ORD012553,MARKET,SELL,,84
12554,ORD012554,LIMIT,SELL,101.05,94
12555,ORD012555,LIMIT,BUY,99.01,81
12556,ORD012556,LIMIT,BUY,100.49,31
12557,ORD012557,MARKET,BUY,,43
12558,ORD012558,MARKET,BUY,,10
12559,ORD012559,MARKET,SELL,,6
12560,ORD012560,LIMIT,BUY,98.35,17
12561,ORD012561,MARKET,SELL,,96
12562,ORD012562,LIMIT,BUY,98.9,99
12563,ORD011733,CANCEL,,,
12564,ORD012564,MARKET,SELL,,10
12565,ORD012565,LIMIT,BUY,98.04,12
12566,ORD012566,MARKET,BUY,,60
12567,ORD012567,LIMIT,BUY,100.26,25
12568,ORD012568,MARKET,SELL,,8
12569,ORD012569,MARKET,SELL,,55
12570,ORD012570,MARKET,BUY,,26
12571,ORD012571,MARKET,BUY,,45
12572,ORD012572,LIMIT,SELL,100.35,51
12573,ORD012573,MARKET,BUY,,60
12574,ORD012574,LIMIT,BUY,99.74,45
12575,ORD012575,LIMIT,SELL,101.15,55
12576,ORD012576,LIMIT,SELL,101.09,41
12577,ORD012577,MARKET,SELL,,54
12578,ORD012578,LIMIT,SELL,101.83,94
12579,ORD012579,LIMIT,SELL,101.84,36
12580,ORD012580,MARKET,SELL,,1
12581,ORD012581,LIMIT,BUY,98.27,98
12582,ORD012582,MARKET,SELL,,58
12583,ORD012583,LIMIT,SELL,99.54,61
12584,ORD012584,MARKET,BUY,,24
12585,ORD012585,MARKET,BUY,,55
12586,ORD012586,LIMIT,BUY,98.35,27
12587,ORD012587,MARKET,SELL,,15
12588,ORD012588,MARKET,BUY,,52
12589,ORD012589,LIMIT,SELL,100.59,6
12590,ORD012590,MARKET,BUY,,45
12591,ORD012591,LIMIT,BUY,98.95,83
12592,ORD012592,LIMIT,SELL,100.1,28
12593,ORD012593,LIMIT,BUY,99.27,74
12594,ORD012594,MARKET,BUY,,76
12595,ORD012595,LIMIT,SELL,101.74,12
12596,ORD012596,LIMIT,SELL,101.19,7
12597,ORD012597,MARKET,SELL,,99
12598,ORD012598,MARKET,SELL,,89
12599,ORD012599,LIMIT,BUY,99.38,25
12600,ORD012600,MARKET,SELL,,50
12601,ORD012601,MARKET,SELL,,86
12602,ORD012602,MARKET,BUY,,47
12603,ORD012603,LIMIT,SELL,100.87,40
12604,ORD012604,MARKET,BUY,,52
12605,ORD012605,MARKET,SELL,,9
12606,ORD012606,MARKET,SELL,,63
12607,ORD012607,MARKET,BUY,,47
12608,ORD012608,MARKET,BUY,,93
12609,ORD012609,MARKET,SELL,,61
12610,ORD012610,LIMIT,BUY,99.34,50
12611,ORD012611,MARKET,SELL,,54
12612,ORD012612,MARKET,BUY,,3
12613,ORD012613,LIMIT,SELL,100.47,79
12614,ORD012614,MARKET,SELL,,13
12615,ORD012615,LIMIT,BUY,98.32,12
12616,ORD012616,MARKET,SELL,,56
12617,ORD012617,LIMIT,SELL,100.09,75
12618,ORD012618,LIMIT,BUY,99.73,26
12619,ORD012619,LIMIT,SELL,101.95,18
12620,ORD012620,LIMIT,SELL,99.74,88
12621,ORD012621,MARKET,SELL,,51
12622,ORD012622,MARKET,BUY,,41
12623,ORD012623,LIMIT,SELL,101.17,22
12624,ORD012624,LIMIT,SELL,101.42,98
12625,ORD012625,MARKET,BUY,,44
12626,ORD012626,MARKET,BUY,,26
12627,ORD012627,LIMIT,SELL,101.16,91
12628,ORD012628,MARKET,SELL,,81
12629,ORD012629,MARKET,BUY,,38
12630,ORD012630,LIMIT,BUY,98.87,30
12631,ORD012631,LIMIT,BUY,100.23,97
12632,ORD012632,LIMIT,SELL,99.91,58
12633,ORD012633,LIMIT,SELL,100.02,7
12634,ORD012634,MARKET,BUY,,65
12635,ORD012635,MARKET,BUY,,61
12636,ORD012636,MARKET,SELL,,13
12637,ORD012637,MARKET,BUY,,23
12638,ORD012638,LIMIT,SELL,100.59,64
12639,ORD012639,LIMIT,SELL,100.15,61
12640,ORD012640,LIMIT,BUY,99.6,1
12641,ORD001601,CANCEL,,,
12642,ORD000433,CANCEL,,,
12643,ORD012643,MARKET,BUY,,8
12644,ORD012644,LIMIT,BUY,98.69,71
12645,ORD012645,LIMIT,SELL,99.7,94
12646,ORD012646,LIMIT,BUY,99.93,74
12647,ORD012647,LIMIT,SELL,100.9,93
12648,ORD012648,MARKET,BUY,,63
12649,ORD012649,MARKET,SELL,,83
12650,ORD012650,LIMIT,SELL,100.31,10
12651,ORD012651,MARKET,SELL,,74
12652,ORD012652,LIMIT,SELL,101.09,96
12653,ORD012653,LIMIT,BUY,100.36,80
12654,ORD012654,MARKET,SELL,,6
12655,ORD012655,MARKET,BUY,,60
12656,ORD012656,LIMIT,BUY,99.74,78
12657,ORD012657,MARKET,BUY,,67
12658,ORD012658,MARKET,SELL,,16
12659,ORD012659,LIMIT,SELL,99.68,49
12660,ORD012660,MARKET,BUY,,74
12661,ORD012661,LIMIT,BUY,100.45,58
12662,ORD012662,LIMIT,SELL,100.44,59
12663,ORD012663,LIMIT,SELL,101.33,48
12664,ORD012664,MARKET,SELL,,41
12665,ORD012665,MARKET,SELL,,62
12666,ORD012666,MARKET,BUY,,60
12667,ORD012667,LIMIT,SELL,99.98,94
12668,ORD012668,MARKET,SELL,,29
12669,ORD012669,MARKET,SELL,,37
12670,ORD012670,MARKET,BUY,,72
12671,ORD012671,MARKET,SELL,,58
12672,ORD012672,MARKET,SELL,,52
12673,ORD007755,CANCEL,,,
12674,ORD012674,LIMIT,SELL,101.85,18
12675,ORD012675,MARKET,BUY,,43
12676,ORD012676,LIMIT,SELL,100.96,81
12677,ORD012677,LIMIT,BUY,100.46,100
12678,ORD012678,LIMIT,BUY,100.04,43
12679,ORD012679,MARKET,SELL,,97
12680,ORD012680,MARKET,BUY,,88
12681,ORD012266,CANCEL,,,
12682,ORD012682,LIMIT,BUY,99.68,93
12683,ORD003098,CANCEL,,,
12684,ORD012684,MARKET,BUY,,37
12685,ORD012685,MARKET,SELL,,11
12686,ORD012686,MARKET,SELL,,59
12687,ORD011282,CANCEL,,,
12688,ORD012688,LIMIT,SELL,100.49,16
12689,ORD012689,LIMIT,SELL,99.9,79
12690,ORD012690,LIMIT,SELL,100.44,33
12691,ORD012691,LIMIT,SELL,101.93,7
12692,ORD012692,MARKET,SELL,,19
12693,ORD012693,LIMIT,SELL,99.95,2
12694,ORD012694,MARKET,SELL,,86
12695,ORD012695,LIMIT,BUY,98.62,13
12696,ORD012696,MARKET,SELL,,8
12697,ORD012697,LIMIT,BUY,98.3,15
12698,ORD007280,CANCEL,,,
12699,ORD012699,LIMIT,BUY,98.11,11
12700,ORD012700,MARKET,BUY,,11
12701,ORD012701,MARKET,SELL,,5
12702,ORD012702,MARKET,SELL,,82
12703,ORD012703,MARKET,BUY,,62
12704,ORD012704,LIMIT,SELL,100.2,45
12705,ORD012705,MARKET,SELL,,24
12706,ORD012706,LIMIT,BUY,98.85,76
12707,ORD012707,LIMIT,SELL,99.72,84
12708,ORD012708,MARKET,BUY,,26
12709,ORD012709,LIMIT,BUY,99.79,66
12710,ORD012710,MARKET,BUY,,38
12711,ORD012711,MARKET,SELL,,41
12712,ORD012712,MARKET,BUY,,73
12713,ORD012713,MARKET,SELL,,34
12714,ORD012714,LIMIT,SELL,101.03,81
12715,ORD012715,MARKET,SELL,,81
12716,ORD012716,MARKET,BUY,,40
12717,ORD012717,MARKET,BUY,,36
12718,ORD012718,MARKET,SELL,,75
12719,ORD012719,MARKET,SELL,,4
12720,ORD012720,MARKET,SELL,,45
12721,ORD012721,LIMIT,BUY,98.69,49
12722,ORD012722,LIMIT,BUY,98.64,94
12723,ORD012723,LIMIT,BUY,98.51,59
12724,ORD012724,MARKET,BUY,,84
12725,ORD012725,MARKET,BUY,,100
12726,ORD012726,LIMIT,BUY,98.66,61
12727,ORD012727,LIMIT,BUY,98.4,3
12728,ORD012728,LIMIT,BUY,100.15,31
12729,ORD012729,LIMIT,BUY,100.05,51
12730,ORD012730,MARKET,BUY,,71
12731,ORD012731,LIMIT,SELL,99.8,89
12732,ORD012732,LIMIT,BUY,100.45,96
12733,ORD012733,MARKET,BUY,,4
12734,ORD012734,LIMIT,BUY,98.28,28
12735,ORD012735,MARKET,BUY,,15
12736,ORD012736,MARKET,BUY,,52
12737,ORD012737,MARKET,SELL,,80
12738,ORD012738,MARKET,BUY,,79
12739,ORD012739,MARKET,BUY,,91
12740,ORD012740,MARKET,BUY,,27
12741,ORD012741,LIMIT,BUY,98.62,56
12742,ORD012742,LIMIT,SELL,101.3,46
12743,ORD012743,LIMIT,BUY,99.8,89
12744,ORD005714,CANCEL,,,
12745,ORD012745,LIMIT,SELL,99.73,55
12746,ORD012746,MARKET,BUY,,84
12747,ORD012747,MARKET,SELL,,21
12748,ORD012748,MARKET,BUY,,49
12749,ORD012749,MARKET,SELL,,67
12750,ORD012750,LIMIT,SELL,101.24,85
12751,ORD012751,LIMIT,SELL,99.85,92
12752,ORD012752,LIMIT,BUY,98.63,56
12753,ORD012753,MARKET,BUY,,96
12754,ORD012754,MARKET,SELL,,38
12755,ORD012755,LIMIT,BUY,99.94,70
12756,ORD012756,LIMIT,SELL,100.19,60
12757,ORD012757,MARKET,BUY,,40
12758,ORD012758,MARKET,SELL,,45
12759,ORD012759,LIMIT,SELL,99.58,89
12760,ORD012760,MARKET,SELL,,75
12761,ORD012761,MARKET,BUY,,35
12762,ORD012762,MARKET,BUY,,48
12763,ORD012763,MARKET,SELL,,1
12764,ORD012764,MARKET,SELL,,34
12765,ORD012765,LIMIT,BUY,99.67,4
12766,ORD012766,MARKET,SELL,,92
12767,ORD009075,CANCEL,,,
12768,ORD012768,MARKET,BUY,,25
12769,ORD012769,MARKET,SELL,,16
12770,ORD012770,LIMIT,SELL,100.69,37
12771,ORD012771,MARKET,BUY,,45
12772,ORD012772,MARKET,BUY,,97
12773,ORD012773,LIMIT,BUY,100.15,72
12774,ORD012774,MARKET,BUY,,61
12775,ORD012775,LIMIT,BUY,99.29,24
12776,ORD012776,LIMIT,BUY,98.32,23
12777,ORD012777,LIMIT,BUY,100.0,36
12778,ORD012778,LIMIT,BUY,99.7,63
12779,ORD012779,MARKET,BUY,,21
12780,ORD012780,LIMIT,BUY,100.4,2
12781,ORD012781,MARKET,BUY,,87
12782,ORD012782,MARKET,BUY,,72
12783,ORD012783,LIMIT,BUY,100.09,74
12784,ORD012784,MARKET,BUY,,79
12785,ORD012785,LIMIT,SELL,99.92,5
12786,ORD012786,MARKET,BUY,,71
12787,ORD009854,CANCEL,,,
12788,ORD012788,MARKET,BUY,,62
12789,ORD012789,MARKET,BUY,,45
12790,ORD008147,CANCEL,,,
12791,ORD012791,MARKET,BUY,,2
12792,ORD012792,LIMIT,SELL,99.9,87
12793,ORD007167,CANCEL,,,
12794,ORD012794,MARKET,SELL,,24
12795,ORD012795,LIMIT,SELL,101.91,3
12796,ORD012796,LIMIT,SELL,100.22,36
12797,ORD012797,LIMIT,BUY,98.27,75
12798,ORD012798,MARKET,BUY,,65
12799,ORD012799,MARKET,BUY,,90
12800,ORD012800,LIMIT,BUY,98.36,78
12801,ORD012801,LIMIT,SELL,100.01,98
12802,ORD012802,LIMIT,BUY,100.33,89
12803,ORD012803,LIMIT,SELL,99.69,40
12804,ORD012804,LIMIT,BUY,99.83,73
12805,ORD012805,LIMIT,SELL,101.81,77
12806,ORD012806,LIMIT,SELL,99.7,75
12807,ORD012807,MARKET,SELL,,60
12808,ORD012808,LIMIT,BUY,99.76,7
12809,ORD012809,MARKET,BUY,,29
12810,ORD012810,MARKET,BUY,,61
12811,ORD012811,MARKET,SELL,,44
12812,ORD012812,MARKET,BUY,,69
12813,ORD012813,MARKET,SELL,,15
12814,ORD012814,LIMIT,SELL,100.85,8
12815,ORD012815,MARKET,BUY,,19
12816,ORD012816,MARKET,BUY,,90
12817,ORD012817,LIMIT,SELL,100.99,15
12818,ORD012818,MARKET,SELL,,75
12819,ORD012819,MARKET,SELL,,51
12820,ORD012820,MARKET,SELL,,16
12821,ORD012821,MARKET,BUY,,58
12822,ORD012822,LIMIT,BUY,99.86,90
12823,ORD012823,LIMIT,BUY,100.06,1
12824,ORD012824,LIMIT,BUY,98.45,35
12825,ORD012825,MARKET,SELL,,34
12826,ORD012826,MARKET,SELL,,66
12827,ORD012827,LIMIT,BUY,99.22,84
12828,ORD012828,MARKET,SELL,,58
12829,ORD012829,MARKET,SELL,,31
12830,ORD012830,LIMIT,BUY,100.25,35
12831,ORD012831,LIMIT,SELL,100.99,4
12832,ORD012832,LIMIT,SELL,99.62,6
12833,ORD012833,MARKET,BUY,,1
12834,ORD012834,MARKET,SELL,,70
12835,ORD012835,MARKET,BUY,,25
12836,ORD012836,LIMIT,SELL,101.4,50
12837,ORD012837,MARKET,SELL,,90
12838,ORD012838,MARKET,BUY,,1
12839,ORD012839,LIMIT,BUY,99.08,3
12840,ORD012840,MARKET,BUY,,15
12841,ORD012841,MARKET,BUY,,49
12842,ORD012842,LIMIT,BUY,100.48,78
12843,ORD012843,LIMIT,BUY,98.82,93
12844,ORD012844,MARKET,SELL,,46
12845,ORD012845,LIMIT,BUY,98.21,47
12846,ORD012846,MARKET,SELL,,92
12847,ORD012847,MARKET,BUY,,60
12848,ORD012848,LIMIT,BUY,99.92,53
12849,ORD012849,MARKET,BUY,,81
12850,ORD012850,LIMIT,SELL,101.26,86
12851,ORD012851,MARKET,BUY,,60
12852,ORD005007,CANCEL,,,
12853,ORD010903,CANCEL,,,
12854,ORD012854,MARKET,SELL,,92
12855,ORD012855,LIMIT,SELL,100.86,11
12856,ORD012856,MARKET,BUY,,57
12857,ORD012857,LIMIT,BUY,100.13,70
12858,ORD010465,CANCEL,,,
12859,ORD012859,MARKET,SELL,,50
12860,ORD012860,MARKET,BUY,,85
12861,ORD012861,LIMIT,SELL,101.7,41
12862,ORD012862,MARKET,BUY,,39
12863,ORD012863,LIMIT,SELL,100.6,86
12864,ORD012864,MARKET,SELL,,51
12865,ORD012865,LIMIT,BUY,98.17,85
12866,ORD012866,LIMIT,BUY,99.47,3
12867,ORD012867,MARKET,SELL,,74
12868,ORD012868,MARKET,SELL,,15
12869,ORD012869,LIMIT,BUY,100.06,59
12870,ORD012870,LIMIT,BUY,100.44,87
12871,ORD008612,CANCEL,,,
12872,ORD012872,MARKET,SELL,,90
12873,ORD012873,LIMIT,SELL,99.95,31
12874,ORD012874,MARKET,SELL,,76
12875,ORD012875,LIMIT,SELL,100.37,72
12876,ORD012876,MARKET,BUY,,97
12877,ORD012877,MARKET,SELL,,30
12878,ORD012878,MARKET,SELL,,80
12879,ORD012879,LIMIT,BUY,99.42,19
12880,ORD012880,MARKET,SELL,,27
12881,ORD012881,MARKET,BUY,,54
12882,ORD009741,CANCEL,,,
12883,ORD012883,MARKET,SELL,,54
12884,ORD012884,LIMIT,BUY,98.51,56
12885,ORD012885,LIMIT,SELL,100.15,18
12886,ORD012886,MARKET,BUY,,71
12887,ORD012887,LIMIT,BUY,100.12,83
12888,ORD012888,MARKET,BUY,,42
12889,ORD012889,MARKET,BUY,,93
12890,ORD012890,MARKET,SELL,,59
12891,ORD012891,MARKET,SELL,,15
12892,ORD012892,MARKET,SELL,,90
12893,ORD012893,LIMIT,SELL,99.94,95
12894,ORD012894,MARKET,SELL,,88
12895,ORD012895,LIMIT,SELL,101.83,31
12896,ORD012896,LIMIT,SELL,99.78,20
12897,ORD012897,MARKET,SELL,,67
12898,ORD012898,MARKET,BUY,,25
12899,ORD012899,LIMIT,BUY,98.52,17
12900,ORD012900,LIMIT,SELL,100.88,66
12901,ORD000069,CANCEL,,,
12902,ORD012902,LIMIT,BUY,98.21,90
12903,ORD012903,MARKET,SELL,,34
12904,ORD012904,LIMIT,BUY,100.37,97
12905,ORD012905,MARKET,BUY,,70
12906,ORD012906,MARKET,BUY,,84
12907,ORD012907,LIMIT,BUY,98.76,90
12908,ORD012908,LIMIT,SELL,101.74,95
12909,ORD012909,MARKET,SELL,,26
12910,ORD012910,MARKET,BUY,,16
12911,ORD012911,MARKET,BUY,,47
12912,ORD012912,LIMIT,SELL,99.81,57
12913,ORD012913,LIMIT,SELL,101.53,93
12914,ORD012914,LIMIT,BUY,98.12,17
12915,ORD012915,MARKET,BUY,,58
12916,ORD012916,MARKET,SELL,,28
12917,ORD012917,LIMIT,BUY,100.13,89
12918,ORD012918,LIMIT,BUY,99.56,58
12919,ORD012919,LIMIT,BUY,98.17,41
12920,ORD012920,MARKET,BUY,,2
12921,ORD012921,LIMIT,BUY,99.05,61
12922,ORD012922,MARKET,SELL,,82
12923,ORD012923,LIMIT,BUY,98.23,98
12924,ORD012924,MARKET,BUY,,10
12925,ORD002814,CANCEL,,,
12926,ORD005911,CANCEL,,,
12927,ORD012927,LIMIT,BUY,98.46,6
12928,ORD012928,LIMIT,SELL,101.75,69
12929,ORD012929,MARKET,SELL,,26
12930,ORD012930,MARKET,SELL,,88
12931,ORD012931,MARKET,BUY,,91
12932,ORD012932,LIMIT,BUY,100.26,95
12933,ORD012933,MARKET,BUY,,28
12934,ORD012934,LIMIT,SELL,100.86,3
12935,ORD012935,LIMIT,SELL,101.31,56
12936,ORD012936,LIMIT,SELL,100.29,28
12937,ORD012937,LIMIT,BUY,98.25,55
12938,ORD012938,MARKET,BUY,,84
12939,ORD012939,LIMIT,SELL,100.15,34
12940,ORD012940,LIMIT,BUY,99.02,94
12941,ORD012941,LIMIT,SELL,101.87,72
12942,ORD012942,MARKET,BUY,,92
12943,ORD012943,LIMIT,SELL,101.5,36
12944,ORD012944,LIMIT,SELL,100.81,86
12945,ORD012945,MARKET,SELL,,43
12946,ORD012946,MARKET,SELL,,81
12947,ORD012947,LIMIT,BUY,99.47,33
12948,ORD012948,MARKET,BUY,,29
12949,ORD012949,MARKET,BUY,,69
12950,ORD012950,LIMIT,SELL,101.16,15
12951,ORD012951,MARKET,BUY,,77
12952,ORD012952,MARKET,SELL,,82
12953,ORD012953,LIMIT,SELL,101.45,27
12954,ORD012954,LIMIT,BUY,99.98,57
12955,ORD012955,MARKET,BUY,,80
12956,ORD012956,LIMIT,SELL,100.1,79
12957,ORD012957,MARKET,BUY,,72
12958,ORD012958,LIMIT,BUY,98.86,28
12959,ORD012959,LIMIT,BUY,99.96,75
12960,ORD012960,LIMIT,BUY,99.71,11
12961,ORD012961,LIMIT,BUY,99.81,2
12962,ORD012962,LIMIT,SELL,101.85,44
12963,ORD001021,CANCEL,,,
12964,ORD012964,MARKET,BUY,,88
12965,ORD012965,MARKET,SELL,,65
12966,ORD012966,MARKET,SELL,,61
12967,ORD012967,LIMIT,SELL,101.19,92
12968,ORD012968,LIMIT,BUY,100.07,40
12969,ORD012969,MARKET,SELL,,45
12970,ORD012970,LIMIT,SELL,100.63,27
12971,ORD012971,MARKET,BUY,,50
12972,ORD012972,LIMIT,BUY,98.8,37
12973,ORD012973,MARKET,BUY,,84
12974,ORD012974,LIMIT,BUY,100.44,67
12975,ORD012975,LIMIT,SELL,100.01,17
12976,ORD012976,LIMIT,SELL,100.11,71
12977,ORD012977,MARKET,BUY,,73
12978,ORD012978,MARKET,BUY,,6
12979,ORD012979,LIMIT,SELL,101.52,55
12980,ORD012980,MARKET,SELL,,88
12981,ORD012981,LIMIT,BUY,98.4,22
12982,ORD012982,MARKET,SELL,,8
12983,ORD012983,LIMIT,BUY,99.5,85
12984,ORD012984,MARKET,BUY,,38
12985,ORD012985,MARKET,SELL,,86
12986,ORD012986,LIMIT,SELL,101.33,19
12987,ORD012987,MARKET,SELL,,25
12988,ORD012988,MARKET,BUY,,33
12989,ORD012989,MARKET,BUY,,34
12990,ORD012990,MARKET,BUY,,55
12991,ORD012991,LIMIT,SELL,100.25,3
12992,ORD012992,MARKET,BUY,,23
12993,ORD012993,LIMIT,BUY,98.65,43
12994,ORD012994,MARKET,SELL,,45
12995,ORD012995,MARKET,BUY,,51
12996,ORD012996,LIMIT,SELL,100.38,1
12997,ORD012997,LIMIT,SELL,99.53,67
12998,ORD012998,MARKET,SELL,,21
12999,ORD012999,LIMIT,SELL,100.94,75
13000,ORD013000,LIMIT,SELL,100.76,68
13001,ORD000890,CANCEL,,,
13002,ORD013002,LIMIT,SELL,101.72,93
13003,ORD013003,MARKET,SELL,,40
13004,ORD013004,MARKET,BUY,,85
13005,ORD013005,MARKET,SELL,,33
13006,ORD013006,MARKET,BUY,,30
13007,ORD013007,MARKET,BUY,,21
13008,ORD013008,LIMIT,SELL,101.74,6
13009,ORD013009,MARKET,SELL,,84
13010,ORD013010,LIMIT,BUY,99.11,79
13011,ORD013011,MARKET,SELL,,72
13012,ORD013012,MARKET,BUY,,34
13013,ORD013013,LIMIT,BUY,99.93,4
13014,ORD013014,MARKET,SELL,,38
13015,ORD013015,LIMIT,SELL,101.08,40
13016,ORD013016,MARKET,SELL,,14
13017,ORD013017,MARKET,SELL,,74
13018,ORD013018,MARKET,BUY,,52
13019,ORD013019,MARKET,BUY,,15
13020,ORD013020,MARKET,BUY,,99
13021,ORD013021,MARKET,BUY,,68
13022,ORD013022,MARKET,BUY,,62
13023,ORD013023,MARKET,BUY,,100
13024,ORD013024,MARKET,SELL,,83
13025,ORD013025,MARKET,SELL,,41
13026,ORD013026,LIMIT,BUY,100.23,39
13027,ORD013027,MARKET,SELL,,59
13028,ORD013028,MARKET,SELL,,100
13029,ORD013029,LIMIT,SELL,101.41,57
13030,ORD013030,MARKET,SELL,,57
13031,ORD013031,MARKET,SELL,,9
13032,ORD013032,MARKET,BUY,,52
13033,ORD013033,LIMIT,SELL,100.43,18
13034,ORD013034,MARKET,SELL,,67
13035,ORD013035,LIMIT,SELL,100.29,82
13036,ORD013036,MARKET,BUY,,12
13037,ORD002066,CANCEL,,,
13038,ORD011506,CANCEL,,,
13039,ORD013039,LIMIT,BUY,99.43,99
13040,ORD013040,MARKET,BUY,,12
13041,ORD013041,LIMIT,BUY,99.62,40
13042,ORD013042,LIMIT,BUY,99.72,73
13043,ORD013043,LIMIT,SELL,99.97,65
13044,ORD013044,MARKET,BUY,,42
13045,ORD013045,MARKET,BUY,,100
13046,ORD013046,LIMIT,BUY,98.06,64
13047,ORD004257,CANCEL,,,
13048,ORD013048,MARKET,SELL,,94
13049,ORD013049,MARKET,SELL,,36
13050,ORD013050,LIMIT,SELL,99.65,23
13051,ORD013051,LIMIT,BUY,100.06,85
13052,ORD013052,MARKET,SELL,,81
13053,ORD013053,MARKET,BUY,,90
13054,ORD013054,MARKET,SELL,,97
13055,ORD013055,LIMIT,BUY,99.31,57
13056,ORD013056,LIMIT,SELL,100.1,39
13057,ORD013057,MARKET,SELL,,75
13058,ORD013058,LIMIT,SELL,99.62,23
13059,ORD013059,LIMIT,BUY,100.39,93
13060,ORD013060,LIMIT,SELL,100.99,6
13061,ORD013061,MARKET,SELL,,20
13062,ORD013062,MARKET,BUY,,17
13063,ORD013063,LIMIT,SELL,100.24,88
13064,ORD013064,LIMIT,SELL,100.64,8
13065,ORD013065,MARKET,SELL,,45
13066,ORD013066,LIMIT,SELL,99.92,82
13067,ORD009149,CANCEL,,,
13068,ORD011214,CANCEL,,,
13069,ORD013069,MARKET,BUY,,67
13070,ORD013070,MARKET,BUY,,82
13071,ORD013071,LIMIT,SELL,100.55,62
13072,ORD013072,LIMIT,BUY,99.05,81
13073,ORD013073,LIMIT,BUY,98.37,22
13074,ORD013074,MARKET,BUY,,3
13075,ORD013075,LIMIT,SELL,101.55,100
13076,ORD013076,LIMIT,BUY,98.37,22
13077,ORD013077,MARKET,BUY,,18
13078,ORD013078,LIMIT,SELL,100.79,72
13079,ORD013079,MARKET,BUY,,70
13080,ORD013080,LIMIT,SELL,101.17,86
13081,ORD013081,MARKET,BUY,,65
13082,ORD013082,MARKET,SELL,,51
13083,ORD013083,MARKET,SELL,,66
13084,ORD013084,MARKET,SELL,,15
13085,ORD013085,MARKET,BUY,,97
13086,ORD013086,MARKET,BUY,,34
13087,ORD013087,LIMIT,SELL,100.14,17
13088,ORD013088,LIMIT,BUY,100.18,67
13089,ORD013089,LIMIT,SELL,101.43,22
13090,ORD013090,LIMIT,SELL,101.65,26
13091,ORD010320,CANCEL,,,
13092,ORD013092,LIMIT,SELL,100.81,57
13093,ORD013093,MARKET,BUY,,7
13094,ORD013094,MARKET,BUY,,1
13095,ORD013095,MARKET,BUY,,59
13096,ORD013096,LIMIT,SELL,100.45,98
13097,ORD013097,LIMIT,SELL,100.6,63
13098,ORD013098,MARKET,SELL,,30
13099,ORD013099,LIMIT,SELL,100.75,64
13100,ORD013100,MARKET,BUY,,69
13101,ORD013101,LIMIT,SELL,99.64,56
13102,ORD013102,LIMIT,SELL,100.65,98
13103,ORD013103,MARKET,BUY,,95
13104,ORD013104,MARKET,BUY,,87
13105,ORD013105,LIMIT,SELL,100.5,36
13106,ORD013106,MARKET,SELL,,34
13107,ORD013107,MARKET,SELL,,15
13108,ORD013108,LIMIT,BUY,99.12,7
13109,ORD013109,MARKET,BUY,,58
13110,ORD013110,MARKET,SELL,,51
13111,ORD013111,MARKET,SELL,,48
13112,ORD013112,MARKET,SELL,,39
13113,ORD013113,LIMIT,SELL,101.47,66
13114,ORD013114,LIMIT,BUY,99.23,16
13115,ORD013115,LIMIT,SELL,100.8,95
13116,ORD013116,MARKET,BUY,,22
13117,ORD013117,MARKET,BUY,,87
13118,ORD013118,LIMIT,BUY,98.56,16
13119,ORD013119,LIMIT,SELL,99.8,41
13120,ORD013120,LIMIT,BUY,98.49,81
13121,ORD013121,LIMIT,BUY,100.14,2
13122,ORD013122,MARKET,SELL,,14
13123,ORD013123,MARKET,BUY,,29
13124,ORD013124,LIMIT,SELL,99.57,100
13125,ORD013125,LIMIT,BUY,99.35,90
13126,ORD013126,MARKET,SELL,,89
13127,ORD013127,LIMIT,BUY,99.2,5
13128,ORD013128,LIMIT,BUY,98.59,90
13129,ORD013129,MARKET,SELL,,74
13130,ORD013130,MARKET,BUY,,4
13131,ORD013131,LIMIT,SELL,100.9,26
13132,ORD013132,LIMIT,BUY,100.13,75
13133,ORD013133,LIMIT,SELL,100.7,60
13134,ORD013134,LIMIT,SELL,101.55,35
13135,ORD013135,MARKET,BUY,,45
13136,ORD013136,MARKET,BUY,,86
13137,ORD013137,MARKET,BUY,,59
13138,ORD013138,LIMIT,BUY,99.87,68
13139,ORD013139,LIMIT,SELL,99.94,29
13140,ORD003851,CANCEL,,,
13141,ORD013141,LIMIT,SELL,101.81,24
13142,ORD013142,MARKET,SELL,,88
13143,ORD013143,MARKET,BUY,,94
13144,ORD013144,MARKET,BUY,,16
13145,ORD013145,MARKET,BUY,,94
13146,ORD013146,LIMIT,BUY,99.04,57
13147,ORD013147,MARKET,SELL,,57
13148,ORD013148,MARKET,SELL,,46
13149,ORD013149,LIMIT,SELL,101.8,43
13150,ORD013150,MARKET,SELL,,98
13151,ORD013151,LIMIT,SELL,100.08,89
13152,ORD013152,LIMIT,SELL,100.99,63
13153,ORD013153,LIMIT,SELL,100.5,21
13154,ORD013154,LIMIT,BUY,99.2,25
13155,ORD013155,MARKET,BUY,,97
13156,ORD013156,LIMIT,BUY,100.47,9
13157,ORD013157,MARKET,BUY,,62
13158,ORD013158,LIMIT,SELL,101.93,15
13159,ORD013159,LIMIT,BUY,98.51,82
13160,ORD013160,LIMIT,SELL,99.62,24
13161,ORD013161,LIMIT,BUY,98.22,26
13162,ORD013162,MARKET,BUY,,34
13163,ORD013163,MARKET,SELL,,89
13164,ORD013164,LIMIT,SELL,101.78,21
13165,ORD013165,LIMIT,SELL,101.59,38
13166,ORD013166,LIMIT,SELL,101.32,59
13167,ORD013167,MARKET,BUY,,4
13168,ORD013168,LIMIT,SELL,100.62,99
13169,ORD013169,MARKET,SELL,,1
13170,ORD013170,MARKET,SELL,,61
13171,ORD013171,MARKET,BUY,,49
13172,ORD013172,MARKET,BUY,,93
13173,ORD013173,LIMIT,BUY,99.36,67
13174,ORD013174,LIMIT,SELL,101.0,23
13175,ORD013175,MARKET,BUY,,11
13176,ORD013176,MARKET,SELL,,92
13177,ORD013177,MARKET,BUY,,62
13178,ORD013178,LIMIT,BUY,98.97,22
13179,ORD013179,LIMIT,BUY,98.48,54
13180,ORD013180,MARKET,SELL,,63
13181,ORD013181,LIMIT,BUY,99.25,4
13182,ORD013182,LIMIT,BUY,98.89,90
13183,ORD013183,MARKET,BUY,,24
13184,ORD001774,CANCEL,,,
13185,ORD013185,MARKET,BUY,,62
13186,ORD013186,LIMIT,SELL,100.58,85
13187,ORD013187,MARKET,BUY,,13
13188,ORD013188,MARKET,SELL,,79
13189,ORD013189,MARKET,SELL,,28
13190,ORD013190,LIMIT,SELL,100.26,84
13191,ORD013191,MARKET,SELL,,79
13192,ORD013192,LIMIT,BUY,100.03,9
13193,ORD013193,LIMIT,BUY,100.45,80
13194,ORD013194,MARKET,SELL,,66
13195,ORD013195,MARKET,SELL,,52
13196,ORD013196,LIMIT,SELL,101.78,28
13197,ORD013197,LIMIT,BUY,98.25,60
13198,ORD013198,LIMIT,BUY,99.77,78
13199,ORD013199,MARKET,BUY,,44
13200,ORD013200,MARKET,SELL,,23
13201,ORD013201,LIMIT,BUY,100.03,85
13202,ORD013202,LIMIT,BUY,98.42,35
13203,ORD013203,LIMIT,SELL,101.06,32
13204,ORD013204,LIMIT,SELL,100.86,43
13205,ORD013205,MARKET,SELL,,57
13206,ORD013206,MARKET,SELL,,63
13207,ORD013207,LIMIT,BUY,98.8,11
13208,ORD013208,MARKET,BUY,,24
13209,ORD013209,LIMIT,SELL,100.25,78
13210,ORD013210,MARKET,BUY,,60
13211,ORD013211,LIMIT,BUY,99.81,64
13212,ORD013212,MARKET,BUY,,9
13213,ORD013213,MARKET,SELL,,4
13214,ORD013214,LIMIT,BUY,100.28,79
13215,ORD013215,MARKET,SELL,,42
13216,ORD013216,LIMIT,SELL,99.68,82
13217,ORD013217,LIMIT,BUY,99.34,42
13218,ORD013218,LIMIT,BUY,98.34,76
13219,ORD013219,LIMIT,SELL,99.71,63
13220,ORD013220,MARKET,SELL,,80
13221,ORD013221,MARKET,BUY,,33
13222,ORD013222,MARKET,BUY,,85
13223,ORD013223,MARKET,SELL,,86
13224,ORD013224,MARKET,SELL,,25
13225,ORD013225,MARKET,BUY,,9
13226,ORD013226,LIMIT,BUY,100.06,42
13227,ORD013227,LIMIT,BUY,98.63,88
13228,ORD013228,MARKET,SELL,,23
13229,ORD013229,LIMIT,BUY,99.78,78
13230,ORD013230,LIMIT,SELL,100.3,61
13231,ORD013231,LIMIT,SELL,101.83,11
13232,ORD013232,LIMIT,SELL,99.61,52
13233,ORD013233,LIMIT,BUY,100.39,65
13234,ORD013234,LIMIT,SELL,101.26,25
13235,ORD013235,MARKET,BUY,,58
13236,ORD013236,MARKET,SELL,,60
13237,ORD013237,LIMIT,SELL,100.66,51
13238,ORD013090,CANCEL,,,
13239,ORD013239,LIMIT,SELL,100.77,25
13240,ORD013240,LIMIT,SELL,100.21,93
13241,ORD013241,LIMIT,BUY,99.77,40
13242,ORD013242,LIMIT,BUY,98.8,47
13243,ORD013243,MARKET,SELL,,11
13244,ORD013244,LIMIT,SELL,101.96,21
13245,ORD013245,LIMIT,BUY,100.06,17
13246,ORD013246,MARKET,BUY,,72
13247,ORD013247,MARKET,SELL,,14
13248,ORD013248,LIMIT,SELL,101.82,6
13249,ORD013249,LIMIT,SELL,100.91,26
13250,ORD013250,MARKET,BUY,,43
13251,ORD013251,LIMIT,BUY,98.5,29
13252,ORD013252,MARKET,BUY,,32
13253,ORD013253,LIMIT,SELL,100.78,74
13254,ORD013254,LIMIT,BUY,100.35,51
13255,ORD013255,MARKET,SELL,,64
13256,ORD013256,MARKET,BUY,,3
13257,ORD011157,CANCEL,,,
13258,ORD013258,MARKET,BUY,,27
13259,ORD013259,MARKET,SELL,,12
13260,ORD013260,LIMIT,BUY,99.28,52
13261,ORD013261,LIMIT,SELL,101.8,75
13262,ORD013262,LIMIT,SELL,99.86,64
13263,ORD013263,MARKET,SELL,,19
13264,ORD013264,LIMIT,SELL,99.9,8
13265,ORD013265,MARKET,BUY,,74
13266,ORD013266,MARKET,BUY,,59
13267,ORD013267,LIMIT,BUY,98.18,76
13268,ORD013268,LIMIT,SELL,101.77,49
13269,ORD013269,LIMIT,BUY,99.97,28
13270,ORD013270,LIMIT,BUY,98.12,97
13271,ORD013271,MARKET,BUY,,60
13272,ORD013272,MARKET,SELL,,3
13273,ORD013273,LIMIT,SELL,101.78,34
13274,ORD013274,LIMIT,SELL,99.52,71
13275,ORD013275,MARKET,BUY,,17
13276,ORD013276,MARKET,BUY,,41
13277,ORD013277,MARKET,BUY,,64
13278,ORD013278,LIMIT,BUY,98.72,82
13279,ORD013087,CANCEL,,,
13280,ORD013280,MARKET,SELL,,14
13281,ORD013281,LIMIT,SELL,100.82,74
13282,ORD013282,LIMIT,BUY,99.13,25
13283,ORD013283,MARKET,BUY,,51
13284,ORD010946,CANCEL,,,
13285,ORD013285,MARKET,SELL,,47
13286,ORD013286,LIMIT,SELL,101.96,9
13287,ORD013287,MARKET,BUY,,87
13288,ORD013288,MARKET,SELL,,25
13289,ORD013289,LIMIT,SELL,100.09,1
13290,ORD013290,MARKET,SELL,,73
13291,ORD013291,MARKET,BUY,,80
13292,ORD013292,MARKET,SELL,,85
13293,ORD013293,MARKET,BUY,,19
13294,ORD013294,MARKET,BUY,,5
13295,ORD013295,LIMIT,BUY,99.67,1
13296,ORD013296,MARKET,BUY,,96
13297,ORD013297,LIMIT,BUY,100.36,9
13298,ORD013298,LIMIT,BUY,98.02,37
13299,ORD013299,LIMIT,SELL,100.38,11
13300,ORD001578,CANCEL,,,
13301,ORD013301,MARKET,SELL,,23
13302,ORD013302,LIMIT,SELL,101.85,67
13303,ORD013303,MARKET,BUY,,80
13304,ORD013304,LIMIT,SELL,100.21,13
13305,ORD013305,MARKET,BUY,,49
13306,ORD013306,LIMIT,BUY,99.74,83
13307,ORD013307,MARKET,BUY,,2
13308,ORD013308,LIMIT,SELL,101.12,19
13309,ORD013309,LIMIT,SELL,101.91,100
13310,ORD013310,LIMIT,BUY,99.58,74
13311,ORD013311,MARKET,SELL,,47
13312,ORD013312,MARKET,BUY,,62
13313,ORD006791,CANCEL,,,
13314,ORD013314,LIMIT,BUY,99.12,17
13315,ORD013315,LIMIT,BUY,98.9,28
13316,ORD013316,LIMIT,SELL,100.27,72
13317,ORD013317,LIMIT,SELL,99.9,17
13318,ORD013318,LIMIT,SELL,100.02,68
13319,ORD013319,LIMIT,BUY,99.7,18
13320,ORD013320,LIMIT,BUY,98.18,53
13321,ORD013321,MARKET,SELL,,100
13322,ORD013322,LIMIT,BUY,99.98,42
13323,ORD013323,LIMIT,BUY,99.74,8
13324,ORD013324,MARKET,SELL,,6
13325,ORD013325,LIMIT,BUY,98.05,97
13326,ORD013326,MARKET,BUY,,98
13327,ORD011226,CANCEL,,,
13328,ORD013328,LIMIT,BUY,98.1,75
13329,ORD013329,MARKET,BUY,,68
13330,ORD013330,LIMIT,SELL,101.17,51
13331,ORD013331,MARKET,SELL,,45
13332,ORD013332,MARKET,SELL,,67
13333,ORD013333,MARKET,SELL,,56
13334,ORD013334,MARKET,SELL,,19
13335,ORD013335,MARKET,SELL,,3
13336,ORD013336,MARKET,BUY,,47
13337,ORD013337,LIMIT,SELL,100.28,36
13338,ORD013338,LIMIT,BUY,98.43,55
13339,ORD013339,MARKET,SELL,,66
13340,ORD013340,LIMIT,SELL,100.63,89
13341,ORD013341,LIMIT,BUY,99.75,86
13342,ORD013342,MARKET,SELL,,29
13343,ORD013343,MARKET,SELL,,76
13344,ORD013344,LIMIT,SELL,100.03,19
13345,ORD013345,LIMIT,BUY,98.84,45
13346,ORD013346,MARKET,SELL,,39
13347,ORD013347,LIMIT,SELL,100.04,100
13348,ORD013348,MARKET,SELL,,69
13349,ORD013349,MARKET,BUY,,56
13350,ORD013350,LIMIT,SELL,101.07,50
13351,ORD013351,MARKET,BUY,,82
13352,ORD013352,MARKET,SELL,,4
13353,ORD013353,LIMIT,SELL,101.82,68
13354,ORD013354,LIMIT,SELL,101.19,83
13355,ORD013355,LIMIT,BUY,99.31,91
13356,ORD013356,MARKET,SELL,,80
13357,ORD006934,CANCEL,,,
13358,ORD008474,CANCEL,,,
13359,ORD013359,LIMIT,SELL,100.38,13
13360,ORD006653,CANCEL,,,
13361,ORD013361,LIMIT,BUY,99.0,97
13362,ORD013362,LIMIT,SELL,99.72,72
13363,ORD013363,MARKET,BUY,,10
13364,ORD013364,LIMIT,SELL,100.98,2
13365,ORD013365,LIMIT,BUY,99.27,83
13366,ORD013366,MARKET,SELL,,34
13367,ORD013367,MARKET,SELL,,82
13368,ORD013368,LIMIT,BUY,99.01,99
13369,ORD013369,LIMIT,SELL,100.36,32
13370,ORD013370,LIMIT,BUY,100.19,17
13371,ORD013371,LIMIT,BUY,100.21,91
13372,ORD013372,LIMIT,BUY,99.67,23
13373,ORD013373,MARKET,BUY,,90
13374,ORD013374,MARKET,BUY,,58
13375,ORD013375,MARKET,BUY,,24
13376,ORD013376,LIMIT,BUY,98.51,39
13377,ORD013377,MARKET,BUY,,92
13378,ORD013378,LIMIT,BUY,100.19,57
13379,ORD013379,LIMIT,BUY,99.62,36
13380,ORD013380,MARKET,SELL,,9
13381,ORD013381,LIMIT,SELL,101.33,3
13382,ORD013382,LIMIT,SELL,101.63,45
13383,ORD007058,CANCEL,,,
13384,ORD013384,MARKET,SELL,,25
13385,ORD013385,MARKET,BUY,,13
13386,ORD013386,LIMIT,SELL,99.51,74
13387,ORD013387,MARKET,BUY,,14
13388,ORD013388,LIMIT,BUY,98.7,1
13389,ORD013389,MARKET,SELL,,62
13390,ORD013390,LIMIT,SELL,101.07,35
13391,ORD013391,MARKET,BUY,,38
13392,ORD013392,LIMIT,BUY,98.7,84
13393,ORD009905,CANCEL,,,
13394,ORD013394,LIMIT,BUY,99.1,69
13395,ORD013395,LIMIT,SELL,100.8,43
13396,ORD013396,MARKET,BUY,,21
13397,ORD013397,LIMIT,SELL,101.21,17
13398,ORD013398,MARKET,BUY,,56
13399,ORD013399,MARKET,BUY,,58
13400,ORD013400,MARKET,SELL,,35
13401,ORD013401,LIMIT,BUY,99.47,52
13402,ORD013402,LIMIT,SELL,99.66,1
13403,ORD013403,MARKET,BUY,,27
13404,ORD013404,MARKET,SELL,,93
13405,ORD013405,LIMIT,BUY,99.3,22
13406,ORD013406,LIMIT,SELL,99.96,30
13407,ORD013407,MARKET,BUY,,89
13408,ORD013408,MARKET,SELL,,40
13409,ORD013409,LIMIT,SELL,101.92,84
13410,ORD013410,MARKET,BUY,,43
13411,ORD013411,MARKET,BUY,,24
13412,ORD013412,MARKET,BUY,,58
13413,ORD013413,LIMIT,SELL,99.52,30
13414,ORD013414,LIMIT,SELL,100.05,62
13415,ORD013415,LIMIT,SELL,100.74,88
13416,ORD013416,MARKET,SELL,,24
13417,ORD013417,LIMIT,BUY,100.27,5
13418,ORD013418,LIMIT,BUY,98.54,36
13419,ORD013419,MARKET,BUY,,87
13420,ORD013420,LIMIT,SELL,100.88,48
13421,ORD013421,MARKET,BUY,,5
13422,ORD013422,MARKET,BUY,,85
13423,ORD013423,LIMIT,BUY,99.01,54
13424,ORD013424,MARKET,BUY,,44
13425,ORD013425,LIMIT,SELL,101.01,62
13426,ORD013426,LIMIT,SELL,99.79,29
13427,ORD013427,MARKET,SELL,,41
13428,ORD013428,LIMIT,BUY,99.49,64
13429,ORD013429,LIMIT,SELL,100.95,20
13430,ORD013430,LIMIT,BUY,99.36,85
13431,ORD013431,LIMIT,SELL,100.5,32
13432,ORD013432,LIMIT,BUY,100.03,78
13433,ORD013433,MARKET,SELL,,15
13434,ORD013434,MARKET,BUY,,60
13435,ORD013435,LIMIT,SELL,100.15,74
13436,ORD013436,LIMIT,SELL,101.86,55
13437,ORD013437,LIMIT,SELL,100.49,13
13438,ORD013438,MARKET,SELL,,82
13439,ORD013439,LIMIT,SELL,101.73,59
13440,ORD013440,MARKET,BUY,,26
13441,ORD013441,LIMIT,SELL,100.53,73
13442,ORD013442,LIMIT,SELL,100.31,43
13443,ORD013443,MARKET,BUY,,28
13444,ORD013444,MARKET,SELL,,5
13445,ORD013445,MARKET,SELL,,95
13446,ORD013446,MARKET,SELL,,35
13447,ORD013447,MARKET,BUY,,39
13448,ORD013448,MARKET,SELL,,75
13449,ORD013449,LIMIT,BUY,98.37,87
13450,ORD013450,LIMIT,BUY,99.61,29
13451,ORD013451,LIMIT,BUY,99.6,85
13452,ORD013452,LIMIT,BUY,98.56,98
13453,ORD013453,LIMIT,SELL,100.79,58
13454,ORD013454,LIMIT,SELL,100.62,56
13455,ORD013455,MARKET,SELL,,1
13456,ORD013456,LIMIT,BUY,99.01,33
13457,ORD013457,LIMIT,BUY,100.46,51
13458,ORD013458,LIMIT,SELL,101.17,65
13459,ORD013459,LIMIT,SELL,101.28,44
13460,ORD013460,MARKET,SELL,,3
13461,ORD013461,MARKET,SELL,,9
13462,ORD013462,LIMIT,SELL,101.25,69
13463,ORD013463,LIMIT,BUY,100.29,37
13464,ORD013464,MARKET,BUY,,19
13465,ORD013465,MARKET,SELL,,46
13466,ORD013466,LIMIT,BUY,99.31,43
13467,ORD013467,LIMIT,BUY,98.07,15
13468,ORD005395,CANCEL,,,
13469,ORD013469,MARKET,SELL,,12
13470,ORD013470,MARKET,BUY,,40
13471,ORD013471,MARKET,BUY,,5
13472,ORD013472,LIMIT,BUY,100.41,70
13473,ORD013473,LIMIT,SELL,100.92,93
13474,ORD013474,LIMIT,SELL,100.5,30
13475,ORD013475,MARKET,SELL,,10
13476,ORD009259,CANCEL,,,
13477,ORD013477,MARKET,BUY,,87
13478,ORD013478,LIMIT,SELL,100.62,3
13479,ORD013479,MARKET,SELL,,6
13480,ORD013480,MARKET,SELL,,96
13481,ORD013481,MARKET,BUY,,47
13482,ORD013482,LIMIT,SELL,100.76,63
13483,ORD013483,LIMIT,BUY,100.0,37
13484,ORD013484,MARKET,SELL,,23
13485,ORD013485,MARKET,BUY,,49
13486,ORD012419,CANCEL,,,
13487,ORD013487,LIMIT,BUY,98.11,51
13488,ORD013488,MARKET,BUY,,18
13489,ORD013489,MARKET,BUY,,15
13490,ORD013490,MARKET,SELL,,42
13491,ORD013491,MARKET,SELL,,80
13492,ORD013492,LIMIT,SELL,101.79,65
13493,ORD013493,LIMIT,BUY,98.13,56
13494,ORD013494,MARKET,BUY,,74
13495,ORD013495,LIMIT,BUY,99.98,81
13496,ORD013496,MARKET,BUY,,55
13497,ORD013497,MARKET,SELL,,57
13498,ORD013498,MARKET,SELL,,18
13499,ORD013499,LIMIT,SELL,101.5,79
13500,ORD013500,LIMIT,BUY,100.33,79
13501,ORD013501,MARKET,BUY,,94
13502,ORD011286,CANCEL,,,
13503,ORD013503,LIMIT,SELL,101.08,93
13504,ORD013504,LIMIT,SELL,101.67,95
13505,ORD013505,LIMIT,SELL,100.62,68
13506,ORD005054,CANCEL,,,
13507,ORD013507,MARKET,SELL,,56
13508,ORD013508,MARKET,BUY,,52
13509,ORD013509,MARKET,BUY,,53
13510,ORD013510,MARKET,SELL,,56
13511,ORD013511,LIMIT,SELL,100.02,25
13512,ORD013512,MARKET,BUY,,80
13513,ORD013513,LIMIT,BUY,98.53,8
13514,ORD013514,MARKET,BUY,,30
13515,ORD013515,LIMIT,BUY,98.76,69
13516,ORD013516,MARKET,BUY,,6
13517,ORD013517,MARKET,BUY,,26
13518,ORD013518,LIMIT,SELL,100.92,96
13519,ORD013519,LIMIT,SELL,101.27,45
13520,ORD013520,MARKET,BUY,,17
13521,ORD013521,LIMIT,BUY,100.22,9
13522,ORD013522,MARKET,SELL,,37
13523,ORD013523,LIMIT,SELL,101.28,85
13524,ORD013524,MARKET,SELL,,93
13525,ORD013525,LIMIT,SELL,99.7,11
13526,ORD013526,LIMIT,BUY,98.49,53
13527,ORD013527,LIMIT,SELL,100.87,19
13528,ORD013528,MARKET,BUY,,71
13529,ORD000553,CANCEL,,,
13530,ORD013530,LIMIT,BUY,99.41,31
13531,ORD013531,LIMIT,SELL,101.58,26
13532,ORD013532,MARKET,SELL,,93
13533,ORD013533,MARKET,SELL,,53
13534,ORD013534,LIMIT,SELL,101.72,54
13535,ORD013535,LIMIT,SELL,100.76,83
13536,ORD013536,LIMIT,SELL,101.02,37
13537,ORD013537,LIMIT,BUY,100.23,75
13538,ORD013538,MARKET,BUY,,80
13539,ORD013539,LIMIT,SELL,100.81,75
13540,ORD013540,MARKET,BUY,,5
13541,ORD013541,LIMIT,BUY,99.2,30
13542,ORD013542,LIMIT,BUY,100.2,87
13543,ORD013543,MARKET,SELL,,95
13544,ORD013544,LIMIT,BUY,98.23,98
13545,ORD013545,MARKET,BUY,,69
13546,ORD013546,MARKET,SELL,,44
13547,ORD013547,MARKET,SELL,,77
13548,ORD013548,LIMIT,BUY,99.25,71
13549,ORD013549,MARKET,SELL,,28
13550,ORD013550,MARKET,BUY,,78
13551,ORD013551,LIMIT,SELL,100.99,12
13552,ORD013186,CANCEL,,,
13553,ORD013553,LIMIT,SELL,101.26,23
13554,ORD013554,LIMIT,BUY,100.25,4
13555,ORD013555,LIMIT,BUY,98.75,45
13556,ORD012525,CANCEL,,,
13557,ORD013557,MARKET,BUY,,49
13558,ORD013558,LIMIT,SELL,100.23,9
13559,ORD013559,LIMIT,SELL,100.67,56
13560,ORD013560,MARKET,SELL,,61
13561,ORD013561,LIMIT,SELL,100.91,54
13562,ORD013562,MARKET,BUY,,99
13563,ORD013563,LIMIT,SELL,100.87,12
13564,ORD013564,LIMIT,BUY,100.23,9
13565,ORD000843,CANCEL,,,
13566,ORD013566,MARKET,BUY,,76
13567,ORD013567,MARKET,BUY,,45
13568,ORD013568,MARKET,SELL,,21
13569,ORD013569,LIMIT,SELL,100.3,20
13570,ORD013570,LIMIT,BUY,98.77,54
13571,ORD013571,MARKET,SELL,,73
13572,ORD001187,CANCEL,,,
13573,ORD013573,LIMIT,SELL,99.72,96
13574,ORD013574,MARKET,SELL,,7
13575,ORD013575,MARKET,SELL,,3
13576,ORD013576,LIMIT,SELL,101.55,43
13577,ORD013577,MARKET,SELL,,22
13578,ORD013578,MARKET,SELL,,30
13579,ORD013579,MARKET,BUY,,84
13580,ORD013580,LIMIT,BUY,98.18,28
13581,ORD013581,MARKET,SELL,,19
13582,ORD013582,MARKET,BUY,,18
13583,ORD013583,MARKET,BUY,,60
13584,ORD013584,LIMIT,BUY,100.08,48
13585,ORD013585,LIMIT,BUY,100.35,68
13586,ORD013586,LIMIT,SELL,100.16,49
13587,ORD013587,MARKET,BUY,,36
13588,ORD013588,LIMIT,SELL,99.78,97
13589,ORD013589,LIMIT,BUY,100.06,86
13590,ORD013590,LIMIT,SELL,101.07,93
13591,ORD013591,MARKET,BUY,,3
13592,ORD013592,LIMIT,BUY,100.11,90
13593,ORD013593,LIMIT,BUY,98.9,66
13594,ORD013594,MARKET,BUY,,56
13595,ORD013595,MARKET,BUY,,69
13596,ORD013596,LIMIT,SELL,101.91,84
13597,ORD013597,LIMIT,SELL,100.61,26
13598,ORD013598,MARKET,BUY,,79
13599,ORD013599,LIMIT,SELL,101.64,44
13600,ORD013600,LIMIT,SELL,99.65,21
13601,ORD013601,LIMIT,BUY,98.05,25
13602,ORD013602,LIMIT,SELL,101.88,87
13603,ORD013603,MARKET,BUY,,48
13604,ORD013604,LIMIT,BUY,99.86,51
13605,ORD013605,LIMIT,BUY,100.2,77
13606,ORD013606,MARKET,SELL,,22
13607,ORD005997,CANCEL,,,
13608,ORD009651,CANCEL,,,
13609,ORD013609,MARKET,BUY,,1
13610,ORD013610,LIMIT,SELL,101.5,84
13611,ORD013611,MARKET,BUY,,4
13612,ORD013612,LIMIT,BUY,100.14,57
13613,ORD013613,LIMIT,SELL,101.32,56
13614,ORD013614,MARKET,BUY,,29
13615,ORD013615,LIMIT,BUY,99.97,42
13616,ORD013616,LIMIT,SELL,99.83,70
13617,ORD013617,LIMIT,BUY,98.4,3
13618,ORD013618,MARKET,BUY,,41
13619,ORD013619,LIMIT,SELL,100.34,70
13620,ORD013620,MARKET,BUY,,82
13621,ORD003521,CANCEL,,,
13622,ORD013622,MARKET,SELL,,86
13623,ORD013623,MARKET,SELL,,83
13624,ORD013624,LIMIT,SELL,101.79,45
13625,ORD013625,LIMIT,BUY,98.4,56
13626,ORD013626,LIMIT,BUY,99.46,69
13627,ORD013627,MARKET,SELL,,93
13628,ORD013628,LIMIT,SELL,100.73,84
13629,ORD013629,MARKET,BUY,,80
13630,ORD013630,LIMIT,BUY,100.15,20
13631,ORD007985,CANCEL,,,
13632,ORD013632,LIMIT,SELL,100.66,33
13633,ORD013633,LIMIT,BUY,98.58,38
13634,ORD013634,LIMIT,SELL,100.4,73
13635,ORD013635,LIMIT,BUY,99.29,38
13636,ORD013636,LIMIT,BUY,100.27,27
13637,ORD013637,LIMIT,SELL,99.53,78
13638,ORD000569,CANCEL,,,
13639,ORD013639,LIMIT,BUY,99.99,29
13640,ORD013640,MARKET,BUY,,39
13641,ORD007539,CANCEL,,,
13642,ORD013642,LIMIT,SELL,100.59,10
13643,ORD013643,MARKET,BUY,,40
13644,ORD013644,MARKET,SELL,,8
13645,ORD013645,LIMIT,SELL,101.83,82
13646,ORD013646,LIMIT,SELL,99.55,66
13647,ORD013647,LIMIT,BUY,99.32,69
13648,ORD013648,MARKET,SELL,,59
13649,ORD013649,LIMIT,SELL,100.84,99
13650,ORD005196,CANCEL,,,
13651,ORD013651,LIMIT,BUY,98.31,49
13652,ORD013652,MARKET,SELL,,69
13653,ORD013653,MARKET,SELL,,81
13654,ORD013654,MARKET,SELL,,27
13655,ORD013655,MARKET,BUY,,29
13656,ORD013656,MARKET,BUY,,40
13657,ORD013657,LIMIT,BUY,98.35,89
13658,ORD013658,MARKET,BUY,,44
13659,ORD013659,MARKET,BUY,,72
13660,ORD013660,MARKET,BUY,,94
13661,ORD013661,LIMIT,BUY,99.26,83
13662,ORD013662,LIMIT,BUY,99.87,12
13663,ORD013663,MARKET,BUY,,63
13664,ORD013664,LIMIT,SELL,99.62,74
13665,ORD013665,MARKET,SELL,,12
13666,ORD013666,LIMIT,BUY,100.07,19
13667,ORD013667,MARKET,BUY,,10
13668,ORD013668,MARKET,SELL,,28
13669,ORD013669,MARKET,SELL,,93
13670,ORD013670,MARKET,BUY,,99
13671,ORD013671,LIMIT,SELL,101.38,51
13672,ORD013672,LIMIT,BUY,98.29,83
13673,ORD013673,LIMIT,SELL,101.99,8
13674,ORD013674,LIMIT,SELL,99.86,85
13675,ORD013675,LIMIT,BUY,99.07,47
13676,ORD013676,LIMIT,SELL,101.1,14
13677,ORD013677,LIMIT,BUY,99.12,41
13678,ORD013678,MARKET,SELL,,45
13679,ORD013679,LIMIT,BUY,98.04,55
13680,ORD013680,MARKET,BUY,,89
13681,ORD013681,MARKET,SELL,,100
13682,ORD013682,MARKET,BUY,,24
13683,ORD013683,MARKET,SELL,,64
13684,ORD013684,LIMIT,BUY,98.82,27
13685,ORD013685,MARKET,SELL,,97
13686,ORD013686,MARKET,SELL,,31
13687,ORD013687,MARKET,BUY,,89
13688,ORD013688,MARKET,SELL,,34
13689,ORD013689,MARKET,BUY,,63
13690,ORD013690,MARKET,BUY,,3
13691,ORD013691,MARKET,SELL,,65
13692,ORD013692,LIMIT,SELL,101.04,98
13693,ORD013693,MARKET,BUY,,79
13694,ORD013694,MARKET,SELL,,77
13695,ORD013695,MARKET,SELL,,91
13696,ORD013696,LIMIT,SELL,99.91,14
13697,ORD013697,MARKET,SELL,,54
13698,ORD013698,MARKET,SELL,,11
13699,ORD013699,LIMIT,BUY,99.84,8
13700,ORD013700,MARKET,SELL,,12
13701,ORD013701,MARKET,SELL,,19
13702,ORD013702,LIMIT,SELL,101.79,45
13703,ORD013703,MARKET,BUY,,63
13704,ORD013704,MARKET,BUY,,36
13705,ORD013705,LIMIT,BUY,99.11,50
13706,ORD013706,LIMIT,SELL,101.24,18
13707,ORD013707,LIMIT,BUY,98.68,74
13708,ORD013708,LIMIT,BUY,98.55,5
13709,ORD013709,MARKET,BUY,,28
13710,ORD013710,MARKET,BUY,,63
13711,ORD013711,LIMIT,SELL,100.05,24
13712,ORD013712,LIMIT,SELL,101.38,95
13713,ORD013713,LIMIT,SELL,101.65,68
13714,ORD013714,MARKET,BUY,,87
13715,ORD013715,MARKET,BUY,,88
13716,ORD013716,MARKET,SELL,,39
13717,ORD013717,LIMIT,SELL,101.51,1
13718,ORD006584,CANCEL,,,
13719,ORD013719,MARKET,SELL,,86
13720,ORD013720,LIMIT,BUY,100.13,52
13721,ORD013721,MARKET,BUY,,53
13722,ORD013722,LIMIT,BUY,99.43,17
13723,ORD013723,MARKET,SELL,,55
13724,ORD013724,MARKET,SELL,,55
13725,ORD013725,MARKET,SELL,,48
13726,ORD013726,MARKET,BUY,,3
13727,ORD013727,MARKET,SELL,,2
13728,ORD013728,MARKET,SELL,,26
13729,ORD013729,LIMIT,BUY,99.43,13
13730,ORD013730,LIMIT,SELL,101.48,83
13731,ORD013731,LIMIT,SELL,101.96,62
13732,ORD013732,MARKET,SELL,,67
13733,ORD013733,LIMIT,SELL,100.54,34
13734,ORD004070,CANCEL,,,
13735,ORD013735,MARKET,BUY,,72
13736,ORD004063,CANCEL,,,
13737,ORD013737,LIMIT,BUY,98.74,50
13738,ORD013738,MARKET,SELL,,61
13739,ORD013739,LIMIT,SELL,100.49,24
13740,ORD013740,LIMIT,SELL,101.54,39
13741,ORD013741,MARKET,BUY,,74
13742,ORD013742,MARKET,SELL,,74
13743,ORD013743,LIMIT,BUY,100.23,10
13744,ORD013744,LIMIT,SELL,100.41,57
13745,ORD013745,MARKET,SELL,,27
13746,ORD013746,LIMIT,SELL,101.2,88
13747,ORD013747,MARKET,SELL,,42
13748,ORD013748,MARKET,BUY,,80
13749,ORD013749,LIMIT,SELL,100.47,42
13750,ORD013750,MARKET,SELL,,77
13751,ORD013751,MARKET,SELL,,78
13752,ORD013752,LIMIT,BUY,99.02,6
13753,ORD013753,LIMIT,BUY,98.12,11
13754,ORD013754,MARKET,SELL,,50
13755,ORD013755,MARKET,BUY,,21
13756,ORD013337,CANCEL,,,
13757,ORD013757,MARKET,SELL,,17
13758,ORD013758,MARKET,BUY,,44
13759,ORD013759,MARKET,BUY,,40
13760,ORD013760,LIMIT,SELL,101.14,52
13761,ORD013761,MARKET,BUY,,3
13762,ORD013762,LIMIT,SELL,101.12,4
13763,ORD013763,MARKET,BUY,,25
13764,ORD013764,MARKET,SELL,,45
13765,ORD013765,MARKET,SELL,,100
13766,ORD013766,LIMIT,SELL,100.9,54
13767,ORD013767,MARKET,SELL,,77
13768,ORD013768,MARKET,BUY,,66
13769,ORD013769,MARKET,SELL,,63
13770,ORD013770,LIMIT,BUY,98.25,89
13771,ORD013771,MARKET,BUY,,39
13772,ORD013772,LIMIT,BUY,100.37,68
13773,ORD013773,MARKET,SELL,,77
13774,ORD013774,MARKET,BUY,,74
13775,ORD013775,LIMIT,BUY,98.32,61
13776,ORD013776,MARKET,SELL,,8
13777,ORD013777,MARKET,BUY,,55
13778,ORD013778,LIMIT,BUY,98.96,69
13779,ORD013779,LIMIT,SELL,100.85,4
13780,ORD013780,MARKET,BUY,,59
13781,ORD013781,LIMIT,SELL,99.59,25
13782,ORD013782,MARKET,SELL,,93
13783,ORD013783,MARKET,SELL,,98
13784,ORD013784,LIMIT,BUY,99.44,83
13785,ORD013785,LIMIT,BUY,100.26,94
13786,ORD013786,MARKET,SELL,,66
13787,ORD000886,CANCEL,,,
13788,ORD013788,MARKET,BUY,,25
13789,ORD013789,LIMIT,SELL,101.11,79
13790,ORD013790,MARKET,SELL,,2
13791,ORD013791,LIMIT,BUY,100.04,2
13792,ORD011495,CANCEL,,,
13793,ORD013793,LIMIT,SELL,99.94,89
13794,ORD013794,MARKET,BUY,,63
13795,ORD013795,MARKET,BUY,,22
13796,ORD013796,LIMIT,BUY,99.09,37
13797,ORD013797,LIMIT,SELL,100.72,22
13798,ORD013798,LIMIT,BUY,98.63,43
13799,ORD013799,MARKET,BUY,,25
13800,ORD013800,MARKET,BUY,,20
13801,ORD013801,LIMIT,SELL,99.88,61
13802,ORD013802,LIMIT,SELL,100.66,7
13803,ORD013803,LIMIT,BUY,98.1,43
13804,ORD013804,MARKET,SELL,,58
13805,ORD013805,MARKET,BUY,,51
13806,ORD013806,LIMIT,SELL,100.16,30
13807,ORD013807,MARKET,BUY,,92
13808,ORD013808,LIMIT,BUY,100.08,8
13809,ORD013809,MARKET,BUY,,65
13810,ORD013810,MARKET,BUY,,98
13811,ORD013811,MARKET,SELL,,86
13812,ORD013812,MARKET,BUY,,66
13813,ORD013813,MARKET,BUY,,80
13814,ORD013814,MARKET,BUY,,65
13815,ORD013815,MARKET,SELL,,18
13816,ORD013816,LIMIT,BUY,99.68,19
13817,ORD013817,MARKET,SELL,,50
13818,ORD013818,MARKET,BUY,,6
13819,ORD013819,MARKET,BUY,,55
13820,ORD013820,LIMIT,SELL,100.6,54
13821,ORD013821,LIMIT,SELL,101.94,96
13822,ORD013822,LIMIT,BUY,100.34,78
13823,ORD013823,LIMIT,SELL,101.46,21
13824,ORD013824,MARKET,BUY,,77
13825,ORD013825,MARKET,BUY,,15
13826,ORD013826,MARKET,SELL,,71
13827,ORD013827,LIMIT,SELL,100.03,10
13828,ORD013828,LIMIT,BUY,99.58,88
13829,ORD013829,MARKET,BUY,,22
13830,ORD013830,LIMIT,SELL,100.13,80
13831,ORD013831,MARKET,SELL,,46
13832,ORD010539,CANCEL,,,
13833,ORD013833,LIMIT,SELL,101.71,77
13834,ORD013834,MARKET,BUY,,7
13835,ORD013835,LIMIT,SELL,100.85,78
13836,ORD013836,LIMIT,SELL,101.58,39
13837,ORD013837,MARKET,BUY,,19
13838,ORD013838,LIMIT,BUY,98.91,40
13839,ORD013262,CANCEL,,,
13840,ORD013840,MARKET,BUY,,1
13841,ORD013841,MARKET,SELL,,25
13842,ORD013842,MARKET,BUY,,3
13843,ORD013843,MARKET,BUY,,50
13844,ORD013844,MARKET,SELL,,45
13845,ORD013845,LIMIT,SELL,100.38,70
13846,ORD013846,LIMIT,BUY,99.74,76
13847,ORD013847,MARKET,BUY,,29
13848,ORD013848,LIMIT,BUY,99.3,72
13849,ORD013849,LIMIT,SELL,101.45,89
13850,ORD002018,CANCEL,,,
13851,ORD013851,MARKET,SELL,,18
13852,ORD013852,MARKET,BUY,,98
13853,ORD013853,MARKET,SELL,,35
13854,ORD013854,MARKET,SELL,,87
13855,ORD013855,LIMIT,SELL,99.55,89
13856,ORD013856,LIMIT,BUY,99.24,32
13857,ORD013857,LIMIT,SELL,101.62,63
13858,ORD013858,LIMIT,SELL,101.26,82
13859,ORD013859,MARKET,SELL,,25
13860,ORD013860,MARKET,BUY,,6
13861,ORD013861,LIMIT,BUY,99.97,2
13862,ORD013862,MARKET,BUY,,10
13863,ORD013863,LIMIT,SELL,101.91,82
13864,ORD013864,LIMIT,BUY,99.89,26
13865,ORD013865,MARKET,SELL,,5
13866,ORD013866,MARKET,BUY,,11
13867,ORD013867,LIMIT,SELL,100.56,59
13868,ORD013868,MARKET,SELL,,79
13869,ORD013869,MARKET,BUY,,27
13870,ORD013870,MARKET,BUY,,37
13871,ORD013871,MARKET,BUY,,46
13872,ORD013872,LIMIT,BUY,99.18,5
13873,ORD013873,MARKET,SELL,,66
13874,ORD013874,LIMIT,BUY,99.76,61
13875,ORD013875,LIMIT,BUY,98.32,50
13876,ORD013876,MARKET,BUY,,89
13877,ORD013877,MARKET,SELL,,99
13878,ORD010844,CANCEL,,,
13879,ORD013879,MARKET,BUY,,34
13880,ORD013880,LIMIT,SELL,100.58,81
13881,ORD013881,LIMIT,SELL,100.73,20
13882,ORD013882,MARKET,BUY,,76
13883,ORD013883,LIMIT,BUY,99.62,32
13884,ORD013884,LIMIT,SELL,101.82,10
13885,ORD013885,MARKET,SELL,,46
13886,ORD013886,LIMIT,BUY,98.63,48
13887,ORD007962,CANCEL,,,
13888,ORD013888,LIMIT,SELL,101.17,22
13889,ORD013889,LIMIT,SELL,99.74,36
13890,ORD013890,MARKET,BUY,,44
13891,ORD013891,MARKET,BUY,,51
13892,ORD013892,MARKET,SELL,,56
13893,ORD006649,CANCEL,,,
13894,ORD013894,MARKET,BUY,,37
13895,ORD013895,MARKET,SELL,,20
13896,ORD013896,MARKET,SELL,,52
13897,ORD013897,LIMIT,BUY,98.07,21
13898,ORD013898,LIMIT,SELL,101.93,2
13899,ORD013899,LIMIT,SELL,100.04,28
13900,ORD013900,LIMIT,SELL,100.02,37
13901,ORD013901,LIMIT,SELL,101.01,29
13902,ORD013902,LIMIT,SELL,99.96,99
13903,ORD013903,MARKET,SELL,,66
13904,ORD013904,MARKET,BUY,,69
13905,ORD013905,LIMIT,SELL,101.92,14
13906,ORD013906,MARKET,BUY,,14
13907,ORD013907,MARKET,SELL,,73
13908,ORD013908,LIMIT,SELL,101.58,65
13909,ORD013909,LIMIT,SELL,99.59,91
13910,ORD013910,LIMIT,BUY,98.87,12
13911,ORD013911,LIMIT,SELL,100.9,61
13912,ORD013912,MARKET,BUY,,67
13913,ORD013913,LIMIT,SELL,99.58,21
13914,ORD013914,LIMIT,BUY,98.97,51
13915,ORD013915,LIMIT,SELL,99.67,24
13916,ORD005965,CANCEL,,,
13917,ORD013917,LIMIT,BUY,99.82,65
13918,ORD013918,MARKET,SELL,,62
13919,ORD009000,CANCEL,,,
13920,ORD013920,LIMIT,SELL,101.8,96
13921,ORD013921,MARKET,BUY,,17
13922,ORD013922,MARKET,BUY,,99
13923,ORD013923,MARKET,BUY,,61
13924,ORD013924,LIMIT,SELL,101.22,26
13925,ORD013925,MARKET,BUY,,9
13926,ORD013926,MARKET,BUY,,70
13927,ORD013927,MARKET,SELL,,71
13928,ORD013928,MARKET,SELL,,7
13929,ORD013929,MARKET,BUY,,41
13930,ORD013930,LIMIT,BUY,99.61,98
13931,ORD013931,LIMIT,SELL,99.61,41
13932,ORD013932,MARKET,SELL,,82
13933,ORD013933,MARKET,BUY,,68
13934,ORD013934,MARKET,BUY,,48
13935,ORD013935,MARKET,BUY,,14
13936,ORD013936,MARKET,SELL,,86
13937,ORD013937,LIMIT,BUY,99.52,90
13938,ORD013938,MARKET,BUY,,65
13939,ORD013939,LIMIT,SELL,101.65,76
13940,ORD013940,LIMIT,BUY,99.21,15
13941,ORD013941,LIMIT,SELL,101.19,71
13942,ORD013942,LIMIT,SELL,101.35,9
13943,ORD013943,MARKET,BUY,,49
13944,ORD013944,MARKET,SELL,,26
13945,ORD013945,MARKET,SELL,,30
13946,ORD013946,MARKET,BUY,,60
13947,ORD013947,LIMIT,SELL,101.5,56
13948,ORD013948,MARKET,BUY,,43
13949,ORD013949,LIMIT,SELL,99.69,53
13950,ORD013950,MARKET,SELL,,8
13951,ORD013951,LIMIT,SELL,100.54,98
13952,ORD013952,MARKET,BUY,,70
13953,ORD013953,LIMIT,SELL,101.66,37
13954,ORD013954,MARKET,SELL,,58
13955,ORD013955,MARKET,BUY,,77
13956,ORD013956,LIMIT,BUY,100.26,26
13957,ORD012202,CANCEL,,,
13958,ORD013958,LIMIT,SELL,101.67,40
13959,ORD013959,LIMIT,SELL,101.51,14
13960,ORD013960,LIMIT,SELL,100.29,75
13961,ORD013961,MARKET,SELL,,71
13962,ORD013962,LIMIT,SELL,101.61,89
13963,ORD013963,LIMIT,SELL,100.18,39
13964,ORD013964,LIMIT,SELL,101.87,93
13965,ORD013965,MARKET,SELL,,9
13966,ORD013966,LIMIT,SELL,100.95,77
13967,ORD013967,LIMIT,BUY,98.86,55
13968,ORD013968,MARKET,BUY,,81
13969,ORD013969,LIMIT,BUY,100.18,52
13970,ORD013970,MARKET,BUY,,81
13971,ORD013971,LIMIT,SELL,100.75,99
13972,ORD013972,MARKET,SELL,,60
13973,ORD013973,MARKET,SELL,,53
13974,ORD013974,MARKET,SELL,,11
13975,ORD013975,MARKET,SELL,,30
13976,ORD013976,MARKET,SELL,,82
13977,ORD013977,LIMIT,SELL,101.6,15
13978,ORD013978,MARKET,SELL,,28
13979,ORD013979,LIMIT,SELL,99.65,7
13980,ORD013980,LIMIT,BUY,100.22,24
13981,ORD013981,LIMIT,SELL,100.55,62
13982,ORD013982,LIMIT,SELL,100.76,31
13983,ORD013983,MARKET,BUY,,27
13984,ORD013984,MARKET,BUY,,53
13985,ORD013985,MARKET,BUY,,54
13986,ORD013986,LIMIT,BUY,100.22,6
13987,ORD013987,MARKET,SELL,,59
13988,ORD013988,LIMIT,SELL,100.96,82
13989,ORD013989,LIMIT,SELL,99.54,21
13990,ORD013990,LIMIT,BUY,99.92,96
13991,ORD013991,MARKET,SELL,,49
13992,ORD013992,MARKET,BUY,,14
13993,ORD013993,MARKET,BUY,,89
13994,ORD013994,LIMIT,SELL,100.87,26
13995,ORD013995,MARKET,SELL,,61
13996,ORD013996,LIMIT,SELL,101.5,80
13997,ORD013997,LIMIT,BUY,100.16,7
13998,ORD008308,CANCEL,,,
13999,ORD013999,LIMIT,SELL,101.06,62
14000,ORD014000,LIMIT,SELL,100.24,18
14001,ORD014001,LIMIT,BUY,100.35,27
14002,ORD014002,MARKET,BUY,,49
14003,ORD014003,LIMIT,SELL,99.93,64
14004,ORD009177,CANCEL,,,
14005,ORD014005,LIMIT,SELL,99.57,85
14006,ORD014006,LIMIT,BUY,99.53,19
14007,ORD014007,MARKET,SELL,,19
14008,ORD014008,MARKET,SELL,,44
14009,ORD014009,LIMIT,SELL,101.01,70
14010,ORD013835,CANCEL,,,
14011,ORD014011,MARKET,BUY,,54
14012,ORD014012,LIMIT,BUY,99.05,53
14013,ORD014013,LIMIT,BUY,98.38,5
14014,ORD014014,LIMIT,BUY,98.35,31
14015,ORD014015,MARKET,SELL,,74
14016,ORD014016,LIMIT,BUY,98.65,71
14017,ORD014017,LIMIT,SELL,99.68,35
14018,ORD014018,MARKET,BUY,,57
14019,ORD014019,LIMIT,SELL,101.64,27
14020,ORD014020,LIMIT,SELL,101.18,60
14021,ORD014021,MARKET,SELL,,50
14022,ORD014022,MARKET,SELL,,29
14023,ORD014023,LIMIT,BUY,98.45,48
14024,ORD013867,CANCEL,,,
14025,ORD014025,LIMIT,SELL,99.71,98
14026,ORD014026,MARKET,BUY,,65
14027,ORD014027,MARKET,SELL,,86
14028,ORD014028,LIMIT,BUY,98.83,10
14029,ORD014029,LIMIT,BUY,99.34,87
14030,ORD014030,MARKET,BUY,,81
14031,ORD014031,LIMIT,SELL,100.68,24
14032,ORD014032,LIMIT,BUY,98.61,35
14033,ORD014033,MARKET,BUY,,72
14034,ORD014034,LIMIT,BUY,98.4,30
14035,ORD014035,LIMIT,SELL,100.38,53
14036,ORD014036,MARKET,BUY,,14
14037,ORD014037,LIMIT,SELL,101.32,90
14038,ORD014038,MARKET,SELL,,13
14039,ORD014039,LIMIT,SELL,100.95,78
14040,ORD014040,MARKET,BUY,,34
14041,ORD014041,MARKET,SELL,,34
14042,ORD008619,CANCEL,,,
14043,ORD014043,LIMIT,BUY,99.43,23
14044,ORD014044,MARKET,BUY,,76
14045,ORD014045,LIMIT,SELL,100.19,70
14046,ORD014046,LIMIT,BUY,99.4,45
14047,ORD014047,LIMIT,SELL,99.8,29
14048,ORD014048,LIMIT,BUY,99.77,22
14049,ORD014049,LIMIT,SELL,101.45,10
14050,ORD014050,LIMIT,BUY,98.1,53
14051,ORD014051,LIMIT,SELL,99.51,64
14052,ORD014052,MARKET,BUY,,67
14053,ORD014053,LIMIT,SELL,99.87,34
14054,ORD014054,LIMIT,BUY,99.73,46
14055,ORD014055,MARKET,BUY,,73
14056,ORD014056,MARKET,BUY,,4
14057,ORD014057,LIMIT,BUY,99.2,84
14058,ORD014058,LIMIT,BUY,99.75,91
14059,ORD014059,LIMIT,BUY,100.22,9
14060,ORD014060,LIMIT,BUY,99.62,30
14061,ORD014061,LIMIT,BUY,99.81,50
14062,ORD014062,LIMIT,SELL,100.69,64
14063,ORD014063,LIMIT,BUY,98.2,22
14064,ORD014064,MARKET,BUY,,27
14065,ORD004816,CANCEL,,,
14066,ORD014066,LIMIT,BUY,100.41,75
14067,ORD014067,LIMIT,BUY,100.09,31
14068,ORD014068,LIMIT,SELL,101.46,32
14069,ORD014069,LIMIT,BUY,99.29,22
14070,ORD014070,LIMIT,SELL,99.7,76
14071,ORD014071,LIMIT,SELL,100.82,60
14072,ORD014072,MARKET,BUY,,30
14073,ORD014073,LIMIT,SELL,99.56,76
14074,ORD010257,CANCEL,,,
14075,ORD014075,LIMIT,SELL,100.2,92
14076,ORD014076,LIMIT,SELL,101.02,60
14077,ORD014077,MARKET,SELL,,32
14078,ORD014078,MARKET,BUY,,68
14079,ORD014079,LIMIT,SELL,100.06,92
14080,ORD014080,MARKET,SELL,,87
14081,ORD014081,LIMIT,BUY,98.9,36
14082,ORD014082,MARKET,BUY,,33
14083,ORD008090,CANCEL,,,
14084,ORD014084,LIMIT,SELL,101.79,2
14085,ORD014085,LIMIT,BUY,98.26,13
14086,ORD014086,MARKET,SELL,,42
14087,ORD014087,LIMIT,SELL,101.08,96
14088,ORD014088,LIMIT,SELL,100.49,2
14089,ORD014089,LIMIT,SELL,101.56,44
14090,ORD014090,LIMIT,SELL,100.33,66
14091,ORD014091,LIMIT,BUY,99.98,69
14092,ORD014092,MARKET,BUY,,61
14093,ORD014093,MARKET,BUY,,85
14094,ORD014094,MARKET,SELL,,78
14095,ORD014095,MARKET,SELL,,37
14096,ORD014096,MARKET,BUY,,72
14097,ORD014097,LIMIT,SELL,99.68,37
14098,ORD014098,MARKET,BUY,,81
14099,ORD014099,MARKET,SELL,,77
14100,ORD014100,LIMIT,SELL,101.68,31
14101,ORD014101,LIMIT,SELL,100.56,79
14102,ORD010153,CANCEL,,,
14103,ORD014103,MARKET,SELL,,41
14104,ORD014104,LIMIT,SELL,101.81,16
14105,ORD014105,MARKET,BUY,,84
14106,ORD014106,LIMIT,SELL,101.22,4
14107,ORD014107,MARKET,SELL,,44
14108,ORD014108,MARKET,BUY,,35
14109,ORD014109,LIMIT,SELL,101.82,93
14110,ORD014110,LIMIT,SELL,101.94,15
14111,ORD014111,MARKET,BUY,,92
14112,ORD014112,LIMIT,SELL,99.99,32
14113,ORD014113,LIMIT,SELL,100.38,16
14114,ORD014114,LIMIT,SELL,101.48,85
14115,ORD014115,MARKET,SELL,,21
14116,ORD014116,MARKET,SELL,,73
14117,ORD014117,LIMIT,BUY,99.37,35
14118,ORD014118,LIMIT,BUY,99.81,55
14119,ORD014119,LIMIT,SELL,100.4,28
14120,ORD014120,LIMIT,BUY,98.05,27
14121,ORD014121,MARKET,SELL,,77
14122,ORD014122,LIMIT,SELL,101.83,40
14123,ORD008480,CANCEL,,,
14124,ORD014124,MARKET,SELL,,28
14125,ORD014125,MARKET,BUY,,30
14126,ORD012962,CANCEL,,,
14127,ORD014127,MARKET,BUY,,83
14128,ORD014128,MARKET,SELL,,84
14129,ORD014129,LIMIT,BUY,100.3,5
14130,ORD014130,LIMIT,SELL,101.07,44
14131,ORD014131,LIMIT,BUY,99.34,86
14132,ORD014132,MARKET,BUY,,55
14133,ORD014133,LIMIT,BUY,98.61,99
14134,ORD014134,LIMIT,SELL,101.94,89
14135,ORD014135,LIMIT,SELL,99.58,47
14136,ORD014136,LIMIT,BUY,98.78,38
14137,ORD014137,MARKET,SELL,,5
14138,ORD014138,LIMIT,BUY,99.32,76
14139,ORD014139,MARKET,SELL,,29
14140,ORD014140,MARKET,SELL,,29
14141,ORD014141,MARKET,BUY,,85
14142,ORD004350,CANCEL,,,
14143,ORD014143,LIMIT,BUY,99.82,12
14144,ORD014144,LIMIT,BUY,98.26,72
14145,ORD014145,MARKET,BUY,,90
14146,ORD014146,MARKET,BUY,,11
14147,ORD014147,LIMIT,SELL,100.8,34
14148,ORD014148,LIMIT,SELL,101.27,49
14149,ORD014149,MARKET,BUY,,33
14150,ORD014150,MARKET,SELL,,66
14151,ORD014151,MARKET,SELL,,83
14152,ORD014152,MARKET,SELL,,20
14153,ORD014153,MARKET,SELL,,27
14154,ORD014154,MARKET,SELL,,29
14155,ORD014155,MARKET,BUY,,1
14156,ORD014156,MARKET,BUY,,52
14157,ORD014157,MARKET,BUY,,84
14158,ORD014158,LIMIT,BUY,100.08,16
14159,ORD014159,LIMIT,BUY,98.03,1
14160,ORD014160,LIMIT,BUY,98.34,63
14161,ORD014161,LIMIT,BUY,99.83,38
14162,ORD014162,MARKET,SELL,,54
14163,ORD014163,MARKET,SELL,,5
14164,ORD014164,LIMIT,BUY,99.19,98
14165,ORD014165,MARKET,SELL,,31
14166,ORD014166,LIMIT,BUY,98.88,34
14167,ORD014167,MARKET,BUY,,88
14168,ORD014168,MARKET,SELL,,52
14169,ORD014169,LIMIT,BUY,98.77,100
14170,ORD014170,LIMIT,BUY,98.95,78
14171,ORD014171,MARKET,BUY,,39
14172,ORD014172,LIMIT,SELL,101.8,8
14173,ORD014173,MARKET,SELL,,1
14174,ORD014174,LIMIT,SELL,100.18,35
14175,ORD014175,LIMIT,SELL,101.36,73
14176,ORD014176,MARKET,SELL,,55
14177,ORD014177,MARKET,BUY,,38
14178,ORD002086,CANCEL,,,
14179,ORD014179,MARKET,SELL,,79
14180,ORD006595,CANCEL,,,
14181,ORD002292,CANCEL,,,
14182,ORD014182,MARKET,SELL,,76
14183,ORD014183,MARKET,SELL,,13
14184,ORD014184,MARKET,BUY,,100
14185,ORD014185,MARKET,SELL,,23
14186,ORD014186,MARKET,BUY,,11
14187,ORD014187,MARKET,SELL,,94
14188,ORD014188,MARKET,BUY,,86
14189,ORD014189,MARKET,SELL,,6
14190,ORD014190,MARKET,SELL,,64
14191,ORD014191,MARKET,BUY,,9
14192,ORD014192,MARKET,SELL,,64
14193,ORD014193,MARKET,SELL,,88
14194,ORD014194,MARKET,BUY,,41
14195,ORD014195,MARKET,SELL,,95
14196,ORD014196,MARKET,SELL,,35
14197,ORD014197,MARKET,SELL,,7
14198,ORD014198,MARKET,SELL,,37
14199,ORD014199,LIMIT,SELL,100.51,5
14200,ORD014200,LIMIT,SELL,101.82,39
14201,ORD014201,MARKET,BUY,,89
14202,ORD013920,CANCEL,,,
14203,ORD014203,MARKET,BUY,,64
14204,ORD014204,LIMIT,SELL,99.62,42
14205,ORD014205,LIMIT,BUY,98.0,55
14206,ORD014206,LIMIT,SELL,100.33,45
14207,ORD007137,CANCEL,,,
14208,ORD014208,LIMIT,BUY,99.51,45
14209,ORD014209,LIMIT,BUY,100.3,61
14210,ORD014210,LIMIT,BUY,98.89,51
14211,ORD014211,MARKET,SELL,,13
14212,ORD014212,MARKET,BUY,,4
14213,ORD014213,MARKET,SELL,,82
14214,ORD014214,MARKET,BUY,,36
14215,ORD014215,MARKET,SELL,,81
14216,ORD014216,MARKET,BUY,,29
14217,ORD014217,LIMIT,BUY,98.31,35
14218,ORD014218,LIMIT,BUY,100.08,100
14219,ORD014219,MARKET,SELL,,47
14220,ORD014220,LIMIT,SELL,100.03,80
14221,ORD014221,LIMIT,SELL,99.99,78
14222,ORD014222,LIMIT,SELL,100.43,42
14223,ORD014223,LIMIT,BUY,99.44,34
14224,ORD014224,MARKET,SELL,,24
14225,ORD014225,MARKET,BUY,,81
14226,ORD014226,MARKET,BUY,,20
14227,ORD014227,LIMIT,BUY,98.29,6
14228,ORD014228,MARKET,SELL,,94
14229,ORD014229,LIMIT,BUY,100.37,95
14230,ORD014230,LIMIT,BUY,99.73,71
14231,ORD014231,LIMIT,SELL,101.23,54
14232,ORD014232,LIMIT,SELL,100.77,26
14233,ORD014233,MARKET,BUY,,5
14234,ORD014234,MARKET,BUY,,69
14235,ORD014235,MARKET,BUY,,38
14236,ORD014236,MARKET,BUY,,35
14237,ORD014237,MARKET,SELL,,77
14238,ORD014238,LIMIT,SELL,100.79,67
14239,ORD014239,LIMIT,BUY,98.7,76
14240,ORD014240,LIMIT,BUY,98.44,48
14241,ORD014241,MARKET,BUY,,44
14242,ORD014242,LIMIT,SELL,100.93,20
14243,ORD014243,MARKET,BUY,,29
14244,ORD000310,CANCEL,,,
14245,ORD014245,MARKET,BUY,,69
14246,ORD014246,MARKET,SELL,,15
14247,ORD014247,MARKET,SELL,,47
14248,ORD014248,MARKET,BUY,,81
14249,ORD014249,LIMIT,SELL,101.81,12
14250,ORD014250,LIMIT,SELL,99.85,40
14251,ORD014251,MARKET,SELL,,91
14252,ORD005870,CANCEL,,,
14253,ORD014253,MARKET,BUY,,65
14254,ORD013105,CANCEL,,,
14255,ORD014255,LIMIT,SELL,101.04,26
14256,ORD014256,MARKET,SELL,,68
14257,ORD014257,MARKET,SELL,,48
14258,ORD014258,LIMIT,SELL,99.73,63
14259,ORD014259,MARKET,BUY,,100
14260,ORD014260,LIMIT,BUY,99.03,50
14261,ORD014261,MARKET,BUY,,33
14262,ORD014262,LIMIT,SELL,101.02,80
14263,ORD014263,LIMIT,BUY,98.42,23
14264,ORD001861,CANCEL,,,
14265,ORD014265,MARKET,SELL,,4
14266,ORD014266,LIMIT,SELL,99.83,86
14267,ORD014267,LIMIT,SELL,100.24,15
14268,ORD014268,LIMIT,SELL,99.94,62
14269,ORD014269,LIMIT,BUY,99.22,99
14270,ORD014270,MARKET,BUY,,91
14271,ORD014271,LIMIT,BUY,100.22,61
14272,ORD014272,MARKET,BUY,,62
14273,ORD014273,LIMIT,BUY,99.31,38
14274,ORD014274,LIMIT,BUY,98.96,31
14275,ORD014275,MARKET,BUY,,77
14276,ORD014276,MARKET,SELL,,45
14277,ORD009934,CANCEL,,,
14278,ORD014278,MARKET,BUY,,6
14279,ORD014279,MARKET,SELL,,66
14280,ORD014280,LIMIT,SELL,101.78,70
14281,ORD014281,MARKET,BUY,,38
14282,ORD014282,MARKET,BUY,,40
14283,ORD014283,LIMIT,SELL,101.51,38
14284,ORD014284,MARKET,SELL,,56
14285,ORD014285,MARKET,BUY,,11
14286,ORD008107,CANCEL,,,
14287,ORD014287,LIMIT,BUY,100.45,81
14288,ORD014288,LIMIT,SELL,100.96,70
14289,ORD014289,MARKET,BUY,,94
14290,ORD014290,MARKET,SELL,,66
14291,ORD014291,MARKET,BUY,,31
14292,ORD014292,MARKET,BUY,,85
14293,ORD014293,MARKET,BUY,,93
14294,ORD014294,MARKET,SELL,,3
14295,ORD014295,MARKET,SELL,,85
14296,ORD014296,LIMIT,BUY,99.63,21
14297,ORD014297,LIMIT,BUY,98.47,66
14298,ORD014298,MARKET,BUY,,29
14299,ORD014299,LIMIT,SELL,101.27,88
14300,ORD014300,LIMIT,SELL,99.81,57
14301,ORD014301,LIMIT,BUY,98.48,9
14302,ORD014302,LIMIT,SELL,100.64,48
14303,ORD014303,LIMIT,BUY,98.93,73
14304,ORD014304,LIMIT,SELL,101.92,46
14305,ORD014305,LIMIT,BUY,98.36,72
14306,ORD014306,MARKET,BUY,,28
14307,ORD014307,MARKET,BUY,,12
14308,ORD014308,LIMIT,SELL,99.9,23
14309,ORD014309,LIMIT,BUY,100.46,89
14310,ORD014310,MARKET,SELL,,13
14311,ORD014311,MARKET,SELL,,37
14312,ORD014312,LIMIT,BUY,98.04,43
14313,ORD014313,MARKET,BUY,,42
14314,ORD014314,LIMIT,BUY,99.51,99
14315,ORD014315,LIMIT,SELL,100.49,14
14316,ORD014316,LIMIT,BUY,99.54,76
14317,ORD014317,MARKET,SELL,,74
14318,ORD014318,MARKET,BUY,,72
14319,ORD014319,LIMIT,BUY,99.66,67
14320,ORD014320,MARKET,BUY,,34
14321,ORD014321,MARKET,BUY,,63
14322,ORD014322,MARKET,SELL,,7
14323,ORD014323,MARKET,SELL,,70
14324,ORD014324,LIMIT,BUY,99.38,3
14325,ORD014325,MARKET,SELL,,67
14326,ORD014326,LIMIT,SELL,99.66,44
14327,ORD014327,LIMIT,SELL,99.71,48
14328,ORD014328,LIMIT,SELL,100.96,44
14329,ORD014329,MARKET,BUY,,87
14330,ORD014330,LIMIT,SELL,100.84,26
14331,ORD014331,LIMIT,BUY,98.8,90
14332,ORD014332,LIMIT,SELL,100.63,59
14333,ORD014333,LIMIT,SELL,100.23,18
14334,ORD014334,LIMIT,BUY,98.72,24
14335,ORD014335,LIMIT,BUY,99.95,49
14336,ORD014336,MARKET,SELL,,29
14337,ORD014337,MARKET,SELL,,6
14338,ORD014338,MARKET,SELL,,81
14339,ORD014339,LIMIT,SELL,101.85,23
14340,ORD014340,LIMIT,SELL,100.84,87
14341,ORD014341,MARKET,BUY,,15
14342,ORD014342,MARKET,SELL,,7
14343,ORD014343,LIMIT,SELL,101.69,95
14344,ORD014344,LIMIT,BUY,100.4,20
14345,ORD014345,MARKET,SELL,,55
14346,ORD014346,LIMIT,BUY,99.37,47
14347,ORD014347,MARKET,SELL,,18
14348,ORD014348,MARKET,BUY,,60
14349,ORD014349,LIMIT,SELL,101.12,47
14350,ORD014350,MARKET,SELL,,3
14351,ORD014351,LIMIT,SELL,100.68,33
14352,ORD014352,LIMIT,BUY,99.92,67
14353,ORD014353,LIMIT,SELL,99.85,34
14354,ORD014354,LIMIT,SELL,99.63,75
14355,ORD014355,MARKET,SELL,,39
14356,ORD014356,LIMIT,BUY,100.34,55
14357,ORD014357,MARKET,BUY,,79
14358,ORD014358,MARKET,BUY,,97
14359,ORD014359,MARKET,BUY,,89
14360,ORD014360,LIMIT,BUY,99.45,73
14361,ORD014361,MARKET,SELL,,72
14362,ORD014362,MARKET,SELL,,9
14363,ORD014363,LIMIT,BUY,98.75,23
14364,ORD014364,MARKET,SELL,,6
14365,ORD014365,LIMIT,BUY,98.54,19
14366,ORD014366,LIMIT,BUY,99.18,34
14367,ORD014367,LIMIT,BUY,100.5,44
14368,ORD014368,MARKET,SELL,,4
14369,ORD014369,MARKET,BUY,,66
14370,ORD014370,MARKET,BUY,,36
14371,ORD014371,MARKET,SELL,,70
14372,ORD014372,LIMIT,BUY,100.33,96
14373,ORD014373,MARKET,SELL,,71
14374,ORD014374,LIMIT,SELL,101.21,77
14375,ORD014375,LIMIT,SELL,102.0,13
14376,ORD014376,MARKET,SELL,,71
14377,ORD014377,MARKET,SELL,,57
14378,ORD014378,MARKET,BUY,,22
14379,ORD014379,LIMIT,SELL,100.13,43
14380,ORD008783,CANCEL,,,
14381,ORD014381,MARKET,SELL,,90
14382,ORD014382,MARKET,SELL,,50
14383,ORD014383,LIMIT,SELL,101.92,53
14384,ORD014384,LIMIT,BUY,98.67,4
14385,ORD014385,LIMIT,SELL,101.53,21
14386,ORD014386,LIMIT,SELL,101.98,71
14387,ORD014387,MARKET,SELL,,51
14388,ORD014388,MARKET,BUY,,52
14389,ORD014389,MARKET,BUY,,24
14390,ORD014390,MARKET,SELL,,94
14391,ORD001300,CANCEL,,,
14392,ORD014392,LIMIT,BUY,98.17,5
14393,ORD014393,MARKET,BUY,,28
14394,ORD014394,LIMIT,SELL,101.98,1
14395,ORD014395,LIMIT,SELL,101.25,37
14396,ORD014396,LIMIT,SELL,101.27,63
14397,ORD014397,LIMIT,SELL,101.4,18
14398,ORD014398,MARKET,BUY,,72
14399,ORD014399,MARKET,BUY,,7
14400,ORD014400,MARKET,SELL,,27
14401,ORD014401,LIMIT,SELL,100.69,74
14402,ORD014402,LIMIT,SELL,100.0,90
14403,ORD014403,MARKET,BUY,,12
14404,ORD014404,MARKET,BUY,,72
14405,ORD014405,LIMIT,BUY,99.66,40
14406,ORD014406,MARKET,BUY,,25
14407,ORD014407,LIMIT,BUY,98.73,60
14408,ORD014408,LIMIT,BUY,98.36,63
14409,ORD014409,LIMIT,SELL,100.92,17
14410,ORD014410,LIMIT,SELL,101.5,98
14411,ORD014411,MARKET,SELL,,4
14412,ORD014412,LIMIT,SELL,100.16,35
14413,ORD014413,LIMIT,SELL,101.74,92
14414,ORD014414,MARKET,SELL,,51
14415,ORD014415,MARKET,SELL,,65
14416,ORD002308,CANCEL,,,
14417,ORD014417,MARKET,BUY,,31
14418,ORD014418,MARKET,SELL,,75
14419,ORD014419,LIMIT,SELL,100.99,41
14420,ORD014420,MARKET,SELL,,36
14421,ORD014421,MARKET,SELL,,51
14422,ORD014422,LIMIT,SELL,101.29,29
14423,ORD014423,MARKET,BUY,,75
14424,ORD014424,LIMIT,SELL,100.03,39
14425,ORD014425,MARKET,BUY,,90
14426,ORD014426,MARKET,SELL,,18
14427,ORD014427,LIMIT,SELL,100.22,82
14428,ORD014428,MARKET,SELL,,2
14429,ORD011950,CANCEL,,,
14430,ORD014430,LIMIT,SELL,99.61,7
14431,ORD014431,LIMIT,BUY,100.39,25
14432,ORD014432,LIMIT,BUY,99.0,8
14433,ORD014433,LIMIT,BUY,98.57,53
14434,ORD014434,LIMIT,SELL,99.58,42
14435,ORD014435,LIMIT,BUY,98.23,70
14436,ORD007829,CANCEL,,,
14437,ORD012309,CANCEL,,,
14438,ORD014438,LIMIT,BUY,98.68,48
14439,ORD014439,LIMIT,SELL,99.59,93
14440,ORD014440,MARKET,SELL,,94
14441,ORD014441,LIMIT,BUY,99.4,75
14442,ORD014442,LIMIT,BUY,98.25,97
14443,ORD014443,MARKET,BUY,,74
14444,ORD014444,LIMIT,SELL,99.93,35
14445,ORD014445,MARKET,SELL,,51
14446,ORD014446,MARKET,BUY,,6
14447,ORD014447,MARKET,BUY,,61
14448,ORD014448,MARKET,BUY,,6
14449,ORD014449,LIMIT,BUY,98.5,26
14450,ORD014450,MARKET,SELL,,90
14451,ORD014451,MARKET,BUY,,20
14452,ORD014452,MARKET,SELL,,40
14453,ORD014453,LIMIT,BUY,98.25,38
14454,ORD014454,LIMIT,SELL,101.88,49
14455,ORD014455,MARKET,SELL,,2
14456,ORD014456,MARKET,SELL,,98
14457,ORD014457,MARKET,SELL,,27
14458,ORD014458,LIMIT,SELL,100.06,26
14459,ORD014459,MARKET,BUY,,100
14460,ORD014460,MARKET,BUY,,33
14461,ORD014461,MARKET,SELL,,50
14462,ORD014462,LIMIT,BUY,100.31,49
14463,ORD014463,MARKET,BUY,,76
14464,ORD014464,MARKET,SELL,,50
14465,ORD006558,CANCEL,,,
14466,ORD014466,LIMIT,BUY,98.02,92
14467,ORD014467,LIMIT,SELL,100.2,58
14468,ORD014468,MARKET,BUY,,8
14469,ORD006666,CANCEL,,,
14470,ORD014470,LIMIT,BUY,98.47,31
14471,ORD014471,LIMIT,BUY,100.27,36
14472,ORD014472,MARKET,SELL,,65
14473,ORD000077,CANCEL,,,
14474,ORD014474,MARKET,SELL,,69
14475,ORD014475,MARKET,SELL,,95
14476,ORD014476,LIMIT,SELL,101.93,49
14477,ORD014477,LIMIT,BUY,99.7,99
14478,ORD014478,LIMIT,BUY,98.01,27
14479,ORD012430,CANCEL,,,
14480,ORD014480,LIMIT,BUY,100.39,87
14481,ORD014481,LIMIT,SELL,100.12,55
14482,ORD014482,MARKET,BUY,,28
14483,ORD014483,LIMIT,SELL,101.22,51
14484,ORD014484,MARKET,SELL,,63
14485,ORD013791,CANCEL,,,
14486,ORD014486,MARKET,BUY,,91
14487,ORD014487,LIMIT,BUY,98.57,34
14488,ORD014488,LIMIT,SELL,100.78,96
14489,ORD014489,LIMIT,BUY,100.21,48
14490,ORD014490,MARKET,SELL,,7
14491,ORD014491,MARKET,SELL,,59
14492,ORD014492,MARKET,BUY,,70
14493,ORD014493,MARKET,BUY,,67
14494,ORD014494,LIMIT,BUY,99.47,20
14495,ORD014495,LIMIT,SELL,100.08,42
14496,ORD014496,LIMIT,SELL,100.28,97
14497,ORD014497,LIMIT,BUY,100.04,80
14498,ORD014498,LIMIT,SELL,101.68,26
14499,ORD014499,MARKET,BUY,,15
14500,ORD014500,MARKET,SELL,,90
14501,ORD014501,MARKET,SELL,,33
14502,ORD014502,LIMIT,SELL,101.27,2
14503,ORD014503,LIMIT,BUY,100.1,70
14504,ORD014504,MARKET,SELL,,24
14505,ORD014505,LIMIT,SELL,99.78,81
14506,ORD014506,MARKET,SELL,,37
14507,ORD014507,MARKET,BUY,,16
14508,ORD014508,LIMIT,SELL,101.88,16
14509,ORD014509,MARKET,SELL,,93
14510,ORD014510,MARKET,SELL,,58
14511,ORD014511,MARKET,BUY,,65
14512,ORD014512,MARKET,SELL,,99
14513,ORD014513,MARKET,SELL,,90
14514,ORD004236,CANCEL,,,
14515,ORD014515,LIMIT,BUY,99.96,15
14516,ORD014516,MARKET,BUY,,70
14517,ORD014517,LIMIT,SELL,101.79,22
14518,ORD014518,LIMIT,BUY,99.27,4
14519,ORD014519,LIMIT,SELL,99.73,23
14520,ORD014520,MARKET,SELL,,14
14521,ORD014521,LIMIT,SELL,101.38,82
14522,ORD014522,LIMIT,SELL,101.89,97
14523,ORD014523,MARKET,BUY,,16
14524,ORD014524,LIMIT,BUY,99.17,39
14525,ORD014525,MARKET,BUY,,59
14526,ORD014526,MARKET,BUY,,49
14527,ORD014527,MARKET,BUY,,18
14528,ORD005105,CANCEL,,,
14529,ORD014529,LIMIT,SELL,101.45,99
14530,ORD014530,LIMIT,SELL,101.05,43
14531,ORD014531,LIMIT,SELL,101.26,48
14532,ORD014532,MARKET,BUY,,65
14533,ORD014533,MARKET,BUY,,98
14534,ORD014534,LIMIT,BUY,99.42,86
14535,ORD014535,LIMIT,SELL,100.4,22
14536,ORD014536,MARKET,SELL,,5
14537,ORD014537,MARKET,SELL,,41
14538,ORD014538,MARKET,SELL,,5
14539,ORD014539,LIMIT,SELL,101.6,74
14540,ORD014540,MARKET,SELL,,32
14541,ORD014541,MARKET,BUY,,81
14542,ORD014542,MARKET,BUY,,7
14543,ORD001921,CANCEL,,,
14544,ORD014544,LIMIT,SELL,100.39,62
14545,ORD014545,MARKET,BUY,,48
14546,ORD014546,MARKET,BUY,,53
14547,ORD014547,LIMIT,SELL,101.09,61
14548,ORD014548,MARKET,SELL,,37
14549,ORD014549,MARKET,BUY,,3
14550,ORD014550,MARKET,SELL,,67
14551,ORD014551,MARKET,BUY,,81
14552,ORD014552,LIMIT,BUY,98.83,65
14553,ORD014553,MARKET,BUY,,98
14554,ORD014554,MARKET,SELL,,42
14555,ORD014555,MARKET,SELL,,16
14556,ORD014556,MARKET,SELL,,54
14557,ORD014557,LIMIT,BUY,98.22,98
14558,ORD014558,LIMIT,BUY,99.13,31
14559,ORD014559,MARKET,SELL,,76
14560,ORD014560,MARKET,SELL,,2
14561,ORD014561,LIMIT,BUY,98.12,35
14562,ORD014562,MARKET,SELL,,89
14563,ORD014563,LIMIT,BUY,99.7,30
14564,ORD014564,MARKET,SELL,,42
14565,ORD014565,LIMIT,SELL,99.96,34
14566,ORD014566,LIMIT,BUY,99.4,87
14567,ORD014567,MARKET,BUY,,71
14568,ORD014568,LIMIT,BUY,100.23,84
14569,ORD014569,MARKET,SELL,,10
14570,ORD014570,LIMIT,SELL,101.6,16
14571,ORD014571,MARKET,BUY,,97
14572,ORD014572,MARKET,BUY,,99
14573,ORD014573,MARKET,SELL,,62
14574,ORD014574,MARKET,BUY,,99
14575,ORD014575,MARKET,SELL,,72
14576,ORD014576,LIMIT,SELL,100.57,44
14577,ORD014577,LIMIT,BUY,98.72,46
14578,ORD014578,MARKET,BUY,,94
14579,ORD014579,LIMIT,BUY,99.81,6
14580,ORD014580,MARKET,BUY,,67
14581,ORD014581,MARKET,BUY,,13
14582,ORD014582,LIMIT,BUY,99.08,45
14583,ORD014583,MARKET,SELL,,38
14584,ORD014584,MARKET,BUY,,34
14585,ORD014585,MARKET,BUY,,94
14586,ORD014586,LIMIT,BUY,98.96,70
14587,ORD014587,LIMIT,SELL,99.94,31
14588,ORD014588,LIMIT,SELL,100.87,53
14589,ORD008848,CANCEL,,,
14590,ORD014590,MARKET,SELL,,52
14591,ORD014591,MARKET,SELL,,78
14592,ORD014592,LIMIT,BUY,99.23,86
14593,ORD014593,LIMIT,SELL,99.95,81
14594,ORD014594,LIMIT,SELL,101.55,83
14595,ORD014595,LIMIT,SELL,99.51,84
14596,ORD014596,MARKET,SELL,,65
14597,ORD014597,LIMIT,BUY,98.42,97
14598,ORD014598,LIMIT,SELL,100.69,40
14599,ORD014599,LIMIT,SELL,99.58,87
14600,ORD014600,MARKET,SELL,,10
14601,ORD014601,MARKET,BUY,,79
14602,ORD014602,LIMIT,BUY,99.96,70
14603,ORD014603,LIMIT,BUY,99.89,61
14604,ORD014604,MARKET,BUY,,37
14605,ORD014605,MARKET,SELL,,33
14606,ORD014606,LIMIT,BUY,100.11,18
14607,ORD014607,MARKET,SELL,,89
14608,ORD014608,MARKET,SELL,,12
14609,ORD006181,CANCEL,,,
14610,ORD014610,MARKET,BUY,,97
14611,ORD014611,MARKET,BUY,,44
14612,ORD014612,LIMIT,SELL,99.93,2
14613,ORD014613,LIMIT,BUY,99.28,96
14614,ORD014614,LIMIT,SELL,100.25,14
14615,ORD014615,LIMIT,SELL,99.91,23
14616,ORD014616,LIMIT,SELL,100.57,75
14617,ORD014617,MARKET,BUY,,97
14618,ORD014618,MARKET,BUY,,69
14619,ORD014619,LIMIT,BUY,99.23,19
14620,ORD014620,LIMIT,BUY,100.45,93
14621,ORD009628,CANCEL,,,
14622,ORD014622,MARKET,SELL,,13
14623,ORD004080,CANCEL,,,
14624,ORD014624,LIMIT,SELL,99.98,59
14625,ORD014625,LIMIT,SELL,100.95,27
14626,ORD014626,MARKET,SELL,,45
14627,ORD014627,LIMIT,SELL,99.6,3
14628,ORD014628,LIMIT,SELL,100.68,30
14629,ORD014629,MARKET,BUY,,65
14630,ORD014630,MARKET,BUY,,99
14631,ORD014631,MARKET,BUY,,99
14632,ORD014632,LIMIT,SELL,100.84,82
14633,ORD014633,LIMIT,SELL,99.61,19
14634,ORD014634,LIMIT,SELL,100.52,92
14635,ORD014635,LIMIT,SELL,99.83,48
14636,ORD014636,MARKET,SELL,,63
14637,ORD014637,LIMIT,BUY,99.17,97
14638,ORD014638,MARKET,BUY,,4
14639,ORD014639,LIMIT,BUY,98.29,95
14640,ORD014640,MARKET,SELL,,50
14641,ORD014641,LIMIT,SELL,101.42,24
14642,ORD014642,MARKET,SELL,,73
14643,ORD014643,MARKET,SELL,,70
14644,ORD014644,MARKET,SELL,,1
14645,ORD014645,LIMIT,SELL,100.82,43
14646,ORD014646,LIMIT,BUY,98.18,10
14647,ORD014647,MARKET,BUY,,5
14648,ORD014648,MARKET,SELL,,62
14649,ORD014649,MARKET,BUY,,89
14650,ORD014650,MARKET,SELL,,45
14651,ORD014651,MARKET,SELL,,22
14652,ORD014652,LIMIT,SELL,101.39,84
14653,ORD014653,MARKET,BUY,,28
14654,ORD014654,LIMIT,SELL,100.22,13
14655,ORD014655,MARKET,BUY,,29
14656,ORD014656,MARKET,BUY,,57
14657,ORD014657,MARKET,BUY,,96
14658,ORD014658,LIMIT,SELL,101.18,3
14659,ORD014659,LIMIT,BUY,99.34,42
14660,ORD014660,LIMIT,BUY,99.81,86
14661,ORD014661,MARKET,SELL,,65
14662,ORD014662,LIMIT,SELL,100.19,8
14663,ORD014663,MARKET,BUY,,97
14664,ORD014664,LIMIT,SELL,99.86,49
14665,ORD014665,LIMIT,SELL,101.79,57
14666,ORD014666,LIMIT,SELL,100.81,56
14667,ORD014667,LIMIT,BUY,99.79,6
14668,ORD014668,LIMIT,SELL,100.94,92
14669,ORD014669,MARKET,SELL,,56
14670,ORD014670,LIMIT,BUY,98.36,9
14671,ORD014671,MARKET,SELL,,12
14672,ORD014672,MARKET,SELL,,86
14673,ORD014673,LIMIT,BUY,99.78,61
14674,ORD014674,LIMIT,BUY,99.93,33
14675,ORD014675,LIMIT,SELL,100.66,32
14676,ORD014676,LIMIT,SELL,101.25,91
14677,ORD014677,LIMIT,SELL,99.73,3
14678,ORD014678,LIMIT,SELL,101.9,50
14679,ORD014679,LIMIT,SELL,100.48,15
14680,ORD014680,LIMIT,BUY,99.61,78
14681,ORD014681,MARKET,BUY,,72
14682,ORD014682,LIMIT,BUY,99.25,49
14683,ORD014683,MARKET,SELL,,55
14684,ORD014684,LIMIT,BUY,98.09,88
14685,ORD014685,LIMIT,BUY,99.86,9
14686,ORD014686,LIMIT,BUY,98.51,20
14687,ORD014687,MARKET,SELL,,55
14688,ORD014688,MARKET,BUY,,3
14689,ORD014689,LIMIT,BUY,99.4,8
14690,ORD014690,MARKET,SELL,,92
14691,ORD014691,MARKET,BUY,,9
14692,ORD014692,LIMIT,SELL,101.91,68
14693,ORD014693,MARKET,BUY,,9
14694,ORD014694,MARKET,BUY,,11
14695,ORD014695,LIMIT,BUY,98.53,59
14696,ORD014696,LIMIT,BUY,98.1,31
14697,ORD014697,LIMIT,SELL,101.91,46
14698,ORD014698,MARKET,BUY,,60
14699,ORD014699,LIMIT,SELL,99.55,76
14700,ORD014700,MARKET,SELL,,62
14701,ORD014701,LIMIT,SELL,100.18,1
14702,ORD014702,MARKET,SELL,,39
14703,ORD014703,LIMIT,BUY,100.35,76
14704,ORD014704,LIMIT,SELL,100.4,92
14705,ORD014705,MARKET,SELL,,80
14706,ORD014706,MARKET,BUY,,44
14707,ORD014707,MARKET,BUY,,31
14708,ORD014708,MARKET,BUY,,41
14709,ORD014709,LIMIT,SELL,100.09,95
14710,ORD014710,MARKET,BUY,,55
14711,ORD014711,MARKET,BUY,,16
14712,ORD014712,MARKET,BUY,,27
14713,ORD014713,MARKET,SELL,,89
14714,ORD014714,LIMIT,BUY,98.31,28
14715,ORD014715,LIMIT,SELL,99.94,20
14716,ORD014716,MARKET,BUY,,67
14717,ORD014717,LIMIT,BUY,98.12,62
14718,ORD014718,LIMIT,BUY,98.52,77
14719,ORD014719,MARKET,BUY,,84
14720,ORD014720,LIMIT,SELL,99.55,3
14721,ORD014721,LIMIT,BUY,99.02,85
14722,ORD014722,LIMIT,BUY,98.66,27
14723,ORD014723,MARKET,SELL,,70
14724,ORD014724,LIMIT,SELL,100.9,47
14725,ORD014725,MARKET,SELL,,76
14726,ORD014726,MARKET,BUY,,72
14727,ORD014727,MARKET,BUY,,37
14728,ORD014728,MARKET,SELL,,26
14729,ORD014729,MARKET,SELL,,35
14730,ORD012215,CANCEL,,,
14731,ORD014731,MARKET,SELL,,19
14732,ORD014732,LIMIT,SELL,100.14,19
14733,ORD014733,LIMIT,BUY,99.6,71
14734,ORD014734,MARKET,BUY,,60
14735,ORD014735,LIMIT,BUY,98.48,87
14736,ORD014736,MARKET,BUY,,80
14737,ORD014737,MARKET,SELL,,68
14738,ORD014738,MARKET,BUY,,100
14739,ORD014739,LIMIT,SELL,100.13,44
14740,ORD014740,MARKET,SELL,,59
14741,ORD014741,LIMIT,BUY,98.43,54
14742,ORD014742,MARKET,SELL,,57
14743,ORD014743,MARKET,BUY,,61
14744,ORD014744,MARKET,SELL,,12
14745,ORD014745,MARKET,SELL,,55
14746,ORD014746,LIMIT,SELL,99.65,89
14747,ORD014747,MARKET,SELL,,7
14748,ORD014748,MARKET,SELL,,33
14749,ORD014749,MARKET,BUY,,28
14750,ORD014750,LIMIT,SELL,101.79,54
14751,ORD007722,CANCEL,,,
14752,ORD014752,MARKET,SELL,,98
14753,ORD014753,MARKET,SELL,,86
14754,ORD014754,MARKET,BUY,,95
14755,ORD014755,LIMIT,SELL,101.26,87
14756,ORD014756,LIMIT,BUY,99.24,42
14757,ORD014757,MARKET,SELL,,67
14758,ORD014758,LIMIT,SELL,101.49,77
14759,ORD014759,LIMIT,BUY,100.28,75
14760,ORD014760,LIMIT,BUY,98.12,55
14761,ORD014761,MARKET,BUY,,36
14762,ORD014762,MARKET,SELL,,39
14763,ORD014763,MARKET,SELL,,44
14764,ORD014764,MARKET,BUY,,87
14765,ORD014765,MARKET,BUY,,100
14766,ORD014766,LIMIT,BUY,100.45,61
14767,ORD014767,LIMIT,SELL,101.06,55
14768,ORD014768,LIMIT,BUY,99.27,31
14769,ORD014769,LIMIT,BUY,98.98,16
14770,ORD014770,MARKET,BUY,,96
14771,ORD014771,LIMIT,SELL,99.88,27
14772,ORD014772,LIMIT,BUY,98.11,90
14773,ORD014773,MARKET,SELL,,66
14774,ORD014774,MARKET,SELL,,5
14775,ORD014775,MARKET,SELL,,96
14776,ORD014776,LIMIT,BUY,98.98,66
14777,ORD014777,MARKET,BUY,,96
14778,ORD014778,LIMIT,BUY,99.36,37
14779,ORD014779,LIMIT,SELL,99.77,10
14780,ORD014780,MARKET,BUY,,83
14781,ORD014781,LIMIT,BUY,99.88,76
14782,ORD014782,LIMIT,BUY,99.4,18
14783,ORD014783,MARKET,BUY,,77
14784,ORD014784,MARKET,BUY,,94
14785,ORD014785,LIMIT,SELL,101.4,41
14786,ORD014786,LIMIT,SELL,101.59,37
14787,ORD014787,MARKET,BUY,,89
14788,ORD014788,MARKET,SELL,,34
14789,ORD014789,LIMIT,SELL,100.01,89
14790,ORD014790,MARKET,BUY,,17
14791,ORD014791,MARKET,SELL,,14
14792,ORD014792,MARKET,BUY,,35
14793,ORD014793,LIMIT,BUY,99.1,76
14794,ORD014794,MARKET,SELL,,90
14795,ORD014795,LIMIT,SELL,100.13,90
14796,ORD014796,MARKET,SELL,,51
14797,ORD014797,MARKET,BUY,,73
14798,ORD014798,MARKET,BUY,,17
14799,ORD014799,MARKET,SELL,,97
14800,ORD014800,LIMIT,SELL,100.75,5
14801,ORD014801,MARKET,SELL,,1
14802,ORD014802,LIMIT,SELL,100.8,43
14803,ORD014803,MARKET,BUY,,74
14804,ORD014804,LIMIT,SELL,101.93,88
14805,ORD014805,LIMIT,BUY,99.42,24
14806,ORD014806,MARKET,BUY,,92
14807,ORD014449,CANCEL,,,
14808,ORD014808,LIMIT,SELL,100.99,92
14809,ORD014809,LIMIT,SELL,101.84,77
14810,ORD014810,MARKET,BUY,,94
14811,ORD014811,LIMIT,BUY,99.75,67
14812,ORD014812,MARKET,BUY,,97
14813,ORD014813,MARKET,BUY,,65
14814,ORD014814,LIMIT,BUY,99.98,20
14815,ORD014815,MARKET,SELL,,51
14816,ORD014816,LIMIT,SELL,100.53,25
14817,ORD014817,MARKET,BUY,,83
14818,ORD014818,MARKET,SELL,,40
14819,ORD014819,LIMIT,SELL,101.66,85
14820,ORD014820,LIMIT,BUY,100.24,74
14821,ORD014821,MARKET,SELL,,1
14822,ORD011254,CANCEL,,,
14823,ORD014823,MARKET,BUY,,29
14824,ORD014824,LIMIT,BUY,100.16,91
14825,ORD014825,LIMIT,BUY,98.61,93
14826,ORD014826,LIMIT,BUY,99.52,69
14827,ORD014827,LIMIT,SELL,101.46,74
14828,ORD014828,MARKET,SELL,,29
14829,ORD014829,MARKET,SELL,,60
14830,ORD014830,MARKET,BUY,,20
14831,ORD003353,CANCEL,,,
14832,ORD014832,LIMIT,SELL,101.2,82
14833,ORD014833,MARKET,SELL,,23
14834,ORD014834,MARKET,BUY,,84
14835,ORD004056,CANCEL,,,
14836,ORD014836,MARKET,BUY,,94
14837,ORD014837,LIMIT,SELL,101.72,8
14838,ORD014838,MARKET,SELL,,88
14839,ORD014839,LIMIT,BUY,98.58,47
14840,ORD014840,MARKET,BUY,,76
14841,ORD014841,MARKET,BUY,,91
14842,ORD014842,LIMIT,BUY,100.0,39
14843,ORD014843,MARKET,BUY,,81
14844,ORD014844,MARKET,BUY,,48
14845,ORD014845,MARKET,SELL,,16
14846,ORD014846,MARKET,SELL,,97
14847,ORD014847,LIMIT,SELL,100.44,14
14848,ORD014848,LIMIT,BUY,98.45,37
14849,ORD014849,LIMIT,BUY,99.44,8
14850,ORD014850,MARKET,BUY,,25
14851,ORD014851,LIMIT,BUY,99.88,16
14852,ORD014852,LIMIT,BUY,99.35,65
14853,ORD014853,LIMIT,SELL,100.74,41
14854,ORD003364,CANCEL,,,
14855,ORD014855,LIMIT,SELL,101.52,11
14856,ORD014856,MARKET,BUY,,98
14857,ORD014857,MARKET,SELL,,19
14858,ORD014858,MARKET,BUY,,62
14859,ORD014859,LIMIT,SELL,101.48,85
14860,ORD014860,LIMIT,SELL,101.66,82
14861,ORD014861,LIMIT,BUY,99.55,39
14862,ORD014862,LIMIT,BUY,99.43,78
14863,ORD014863,MARKET,BUY,,31
14864,ORD002678,CANCEL,,,
14865,ORD014865,MARKET,BUY,,36
14866,ORD014866,LIMIT,BUY,100.03,89
14867,ORD014867,MARKET,BUY,,38
14868,ORD014868,LIMIT,BUY,100.41,87
14869,ORD014869,LIMIT,BUY,99.02,86
14870,ORD014870,LIMIT,BUY,98.07,4
14871,ORD014871,LIMIT,BUY,99.76,25
14872,ORD014872,MARKET,SELL,,89
14873,ORD014873,LIMIT,BUY,98.33,82
14874,ORD014874,MARKET,BUY,,82
14875,ORD014875,MARKET,SELL,,94
14876,ORD014876,LIMIT,BUY,99.06,10
14877,ORD014877,MARKET,BUY,,79
14878,ORD014878,LIMIT,SELL,99.74,3
14879,ORD014879,MARKET,SELL,,26
14880,ORD014880,MARKET,BUY,,81
14881,ORD014881,MARKET,BUY,,26
14882,ORD011693,CANCEL,,,
14883,ORD014883,LIMIT,SELL,101.6,15
14884,ORD014884,LIMIT,BUY,100.38,18
14885,ORD014885,LIMIT,BUY,98.86,6
14886,ORD014886,MARKET,BUY,,12
14887,ORD014887,LIMIT,SELL,100.8,33
14888,ORD014888,MARKET,BUY,,56
14889,ORD014889,MARKET,BUY,,70
14890,ORD014890,LIMIT,BUY,98.04,2
14891,ORD014891,LIMIT,BUY,99.37,37
14892,ORD014892,MARKET,BUY,,96
14893,ORD014893,LIMIT,SELL,101.61,19
14894,ORD014894,MARKET,BUY,,66
14895,ORD014895,MARKET,BUY,,46
14896,ORD014896,LIMIT,SELL,99.55,82
14897,ORD014897,LIMIT,SELL,101.13,27
14898,ORD014898,LIMIT,BUY,100.36,65
14899,ORD014899,MARKET,BUY,,47
14900,ORD014900,LIMIT,SELL,99.52,25
14901,ORD014901,MARKET,BUY,,46
14902,ORD014902,MARKET,SELL,,61
14903,ORD014903,LIMIT,BUY,99.93,5
14904,ORD014904,LIMIT,SELL,101.99,82
14905,ORD014905,LIMIT,BUY,98.04,48
14906,ORD014906,MARKET,SELL,,78
14907,ORD014907,MARKET,BUY,,13
14908,ORD014908,LIMIT,SELL,100.96,35
14909,ORD014909,LIMIT,BUY,98.59,80
14910,ORD014910,LIMIT,SELL,101.73,38
14911,ORD014911,LIMIT,SELL,99.51,36
14912,ORD014912,LIMIT,SELL,100.35,73
14913,ORD014913,LIMIT,SELL,100.83,87
14914,ORD014914,MARKET,SELL,,56
14915,ORD014915,LIMIT,BUY,100.3,2
14916,ORD014916,LIMIT,SELL,100.91,21
14917,ORD014917,MARKET,BUY,,65
14918,ORD014918,MARKET,SELL,,32
14919,ORD014919,MARKET,BUY,,49
14920,ORD014920,MARKET,SELL,,81
14921,ORD014921,MARKET,BUY,,88
14922,ORD014922,MARKET,BUY,,75
14923,ORD014923,MARKET,BUY,,51
14924,ORD014924,MARKET,BUY,,81
14925,ORD014925,LIMIT,SELL,100.92,12
14926,ORD014926,LIMIT,SELL,101.77,27
14927,ORD014927,LIMIT,BUY,98.49,87
14928,ORD014928,LIMIT,SELL,100.42,61
14929,ORD014929,LIMIT,SELL,101.14,16
14930,ORD014930,LIMIT,SELL,100.41,88
14931,ORD014931,LIMIT,SELL,100.5,2
14932,ORD014932,MARKET,BUY,,44
14933,ORD014933,MARKET,BUY,,11
14934,ORD014934,MARKET,SELL,,50
14935,ORD014935,MARKET,BUY,,75
14936,ORD014936,MARKET,BUY,,37
14937,ORD014937,LIMIT,BUY,98.79,45
14938,ORD014938,LIMIT,BUY,99.5,37
14939,ORD014939,MARKET,SELL,,95
14940,ORD014940,MARKET,BUY,,8
14941,ORD014941,LIMIT,SELL,101.86,62
14942,ORD014942,MARKET,BUY,,37
14943,ORD014943,MARKET,SELL,,43
14944,ORD014944,MARKET,BUY,,95
14945,ORD014945,LIMIT,SELL,101.03,70
14946,ORD014946,LIMIT,BUY,98.98,66
14947,ORD014947,MARKET,SELL,,64
14948,ORD014948,LIMIT,SELL,101.75,40
14949,ORD014949,MARKET,BUY,,49
14950,ORD014950,LIMIT,BUY,100.2,17
14951,ORD014951,MARKET,SELL,,19
14952,ORD014952,MARKET,BUY,,29
14953,ORD014953,LIMIT,SELL,100.55,30
14954,ORD014954,MARKET,BUY,,88
14955,ORD014955,LIMIT,BUY,100.26,64
14956,ORD014956,LIMIT,BUY,99.67,53
14957,ORD014957,MARKET,SELL,,34
14958,ORD014958,MARKET,SELL,,89
14959,ORD014959,LIMIT,SELL,100.54,4
14960,ORD014960,MARKET,BUY,,92
14961,ORD014961,LIMIT,BUY,98.64,75
14962,ORD014962,LIMIT,SELL,99.94,89
14963,ORD014963,MARKET,BUY,,35
14964,ORD014964,MARKET,BUY,,39
14965,ORD014965,MARKET,BUY,,77
14966,ORD014966,LIMIT,SELL,100.7,10
14967,ORD014967,MARKET,BUY,,82
14968,ORD014968,LIMIT,SELL,100.05,31
14969,ORD014969,MARKET,SELL,,54
14970,ORD014970,MARKET,BUY,,32
14971,ORD014971,LIMIT,BUY,98.82,77
14972,ORD014972,MARKET,SELL,,73
14973,ORD014973,MARKET,BUY,,80
14974,ORD014974,MARKET,SELL,,74
14975,ORD014975,LIMIT,BUY,98.03,70
14976,ORD014976,LIMIT,SELL,100.82,28
14977,ORD014977,LIMIT,BUY,98.14,38
14978,ORD014978,LIMIT,BUY,98.19,52
14979,ORD014979,MARKET,BUY,,1
14980,ORD014980,MARKET,SELL,,45
14981,ORD014981,MARKET,SELL,,97
14982,ORD014982,MARKET,BUY,,66
14983,ORD014983,MARKET,BUY,,84
14984,ORD014984,LIMIT,SELL,101.2,67
14985,ORD014985,MARKET,SELL,,91
14986,ORD014986,MARKET,BUY,,98
14987,ORD014987,MARKET,SELL,,28
14988,ORD014988,MARKET,BUY,,89
14989,ORD014989,LIMIT,SELL,101.57,88
14990,ORD014990,MARKET,BUY,,95
14991,ORD014991,LIMIT,BUY,100.4,76
14992,ORD014992,MARKET,SELL,,10
14993,ORD014993,LIMIT,SELL,100.61,67
14994,ORD014994,MARKET,SELL,,82
14995,ORD014995,MARKET,BUY,,7
14996,ORD014996,LIMIT,BUY,98.21,26
14997,ORD014997,MARKET,SELL,,12
14998,ORD014998,MARKET,BUY,,26
14999,ORD014999,MARKET,SELL,,81
15000,ORD015000,MARKET,SELL,,94
15001,ORD015001,LIMIT,BUY,98.82,5
15002,ORD015002,MARKET,BUY,,16
15003,ORD015003,MARKET,SELL,,23
15004,ORD015004,MARKET,SELL,,16
15005,ORD015005,LIMIT,SELL,100.1,58
15006,ORD015006,MARKET,BUY,,42
15007,ORD015007,LIMIT,BUY,98.55,69
15008,ORD015008,LIMIT,SELL,100.83,58
15009,ORD015009,MARKET,SELL,,33
15010,ORD015010,LIMIT,SELL,100.32,98
15011,ORD015011,LIMIT,BUY,98.13,51
15012,ORD015012,MARKET,BUY,,2
15013,ORD015013,MARKET,SELL,,74
15014,ORD015014,MARKET,SELL,,83
15015,ORD015015,MARKET,BUY,,84
15016,ORD015016,MARKET,BUY,,87
15017,ORD015017,LIMIT,SELL,101.11,55
15018,ORD015018,MARKET,SELL,,87
15019,ORD015019,LIMIT,BUY,99.68,32
15020,ORD015020,MARKET,BUY,,25
15021,ORD008673,CANCEL,,,
15022,ORD015022,LIMIT,SELL,100.6,6
15023,ORD015023,LIMIT,SELL,99.61,44
15024,ORD014860,CANCEL,,,
15025,ORD015025,MARKET,BUY,,19
15026,ORD015026,LIMIT,SELL,101.36,36
15027,ORD015027,LIMIT,SELL,101.78,81
15028,ORD015028,LIMIT,SELL,100.9,29
15029,ORD015029,LIMIT,BUY,100.19,32
15030,ORD015030,LIMIT,SELL,100.82,30
15031,ORD015031,MARKET,SELL,,62
15032,ORD015032,LIMIT,SELL,101.04,7
15033,ORD015033,MARKET,SELL,,2
15034,ORD015034,LIMIT,SELL,100.23,56
15035,ORD015035,MARKET,SELL,,85
15036,ORD015036,MARKET,BUY,,58
15037,ORD006066,CANCEL,,,
15038,ORD015038,LIMIT,SELL,100.13,72
15039,ORD015039,LIMIT,SELL,99.93,7
15040,ORD015040,LIMIT,BUY,98.11,100
15041,ORD015041,LIMIT,SELL,100.98,94
15042,ORD015042,MARKET,BUY,,16
15043,ORD015043,LIMIT,SELL,101.78,4
15044,ORD015044,MARKET,SELL,,92
15045,ORD015045,LIMIT,BUY,99.82,71
15046,ORD015046,MARKET,SELL,,98
15047,ORD015047,LIMIT,BUY,100.15,91
15048,ORD015048,MARKET,SELL,,66
15049,ORD015049,LIMIT,SELL,100.34,95
15050,ORD015050,LIMIT,SELL,101.2,28
15051,ORD015051,LIMIT,BUY,98.92,53
15052,ORD015052,LIMIT,SELL,101.08,89
15053,ORD015053,MARKET,BUY,,100
15054,ORD015054,LIMIT,SELL,101.51,71
15055,ORD015055,MARKET,SELL,,17
15056,ORD015056,LIMIT,SELL,101.86,75
15057,ORD015057,LIMIT,BUY,98.65,74
15058,ORD015058,MARKET,BUY,,92
15059,ORD011015,CANCEL,,,
15060,ORD015060,LIMIT,SELL,100.5,77
15061,ORD015061,MARKET,SELL,,36
15062,ORD015062,MARKET,SELL,,64
15063,ORD015063,LIMIT,BUY,100.25,87
15064,ORD015064,LIMIT,SELL,101.43,92
15065,ORD015065,MARKET,SELL,,25
15066,ORD015066,LIMIT,SELL,101.61,55
15067,ORD015067,MARKET,BUY,,99
15068,ORD015068,LIMIT,SELL,100.54,30
15069,ORD015069,MARKET,SELL,,59
15070,ORD015070,LIMIT,SELL,99.57,19
15071,ORD015071,LIMIT,BUY,99.79,36
15072,ORD015072,MARKET,SELL,,36
15073,ORD015073,LIMIT,SELL,101.22,13
15074,ORD015074,MARKET,SELL,,77
15075,ORD015075,LIMIT,BUY,99.2,54
15076,ORD015076,LIMIT,BUY,100.29,63
15077,ORD015077,LIMIT,SELL,99.53,22
15078,ORD015078,MARKET,BUY,,91
15079,ORD015079,LIMIT,BUY,99.97,24
15080,ORD015080,LIMIT,BUY,99.89,41
15081,ORD015081,MARKET,BUY,,18
15082,ORD015082,LIMIT,SELL,101.04,96
15083,ORD015083,LIMIT,SELL,100.76,10
15084,ORD015084,MARKET,SELL,,16
15085,ORD015085,LIMIT,BUY,99.54,26
15086,ORD015086,MARKET,SELL,,95
15087,ORD015087,LIMIT,SELL,99.78,67
15088,ORD015088,LIMIT,BUY,99.4,88
15089,ORD015089,MARKET,SELL,,17
15090,ORD015090,LIMIT,BUY,100.22,29
15091,ORD015091,MARKET,SELL,,82
15092,ORD015092,MARKET,SELL,,99
15093,ORD015093,LIMIT,SELL,100.87,21
15094,ORD015094,LIMIT,SELL,100.41,33
15095,ORD015095,LIMIT,BUY,98.97,60
15096,ORD015096,MARKET,SELL,,30
15097,ORD015097,MARKET,SELL,,67
15098,ORD015098,LIMIT,SELL,100.03,76
15099,ORD015099,LIMIT,SELL,101.96,26
15100,ORD015100,MARKET,BUY,,25
15101,ORD015101,LIMIT,SELL,101.6,67
15102,ORD015102,MARKET,SELL,,72
15103,ORD015103,LIMIT,BUY,98.36,67
15104,ORD015104,MARKET,SELL,,79
15105,ORD015105,MARKET,BUY,,61
15106,ORD015106,LIMIT,SELL,100.14,36
15107,ORD015107,LIMIT,BUY,99.08,22
15108,ORD007015,CANCEL,,,
15109,ORD015109,MARKET,SELL,,16
15110,ORD015110,MARKET,SELL,,37
15111,ORD015111,MARKET,SELL,,9
15112,ORD015112,LIMIT,BUY,98.88,20
15113,ORD015113,MARKET,BUY,,20
15114,ORD015114,LIMIT,BUY,100.29,55
15115,ORD015115,MARKET,SELL,,54
15116,ORD015116,LIMIT,SELL,99.63,25
15117,ORD015117,MARKET,BUY,,9
15118,ORD015118,LIMIT,SELL,101.7,62
15119,ORD015119,MARKET,SELL,,65
15120,ORD015120,LIMIT,BUY,99.94,58
15121,ORD015121,MARKET,BUY,,14
15122,ORD015122,LIMIT,BUY,99.72,72
15123,ORD015123,LIMIT,SELL,101.22,92
15124,ORD015124,LIMIT,BUY,99.22,43
15125,ORD015125,MARKET,BUY,,76
15126,ORD015126,MARKET,SELL,,78
15127,ORD015127,MARKET,SELL,,83
15128,ORD015128,MARKET,SELL,,45
15129,ORD015129,LIMIT,BUY,98.02,7
15130,ORD015130,LIMIT,SELL,101.27,9
15131,ORD015131,MARKET,SELL,,84
15132,ORD015132,LIMIT,SELL,101.51,5
15133,ORD015133,LIMIT,BUY,100.3,70
15134,ORD015134,LIMIT,BUY,98.76,27
15135,ORD015135,MARKET,BUY,,59
15136,ORD015136,MARKET,BUY,,65
15137,ORD015137,MARKET,SELL,,31
15138,ORD015138,MARKET,SELL,,12
15139,ORD015139,LIMIT,SELL,101.37,53
15140,ORD015140,LIMIT,BUY,98.32,50
15141,ORD015141,MARKET,BUY,,7
15142,ORD015142,MARKET,BUY,,14
15143,ORD015143,MARKET,SELL,,4
15144,ORD015144,LIMIT,SELL,101.99,15
15145,ORD015145,MARKET,BUY,,76
15146,ORD015146,MARKET,SELL,,76
15147,ORD015147,LIMIT,SELL,99.97,55
15148,ORD015148,MARKET,SELL,,67
15149,ORD015149,MARKET,BUY,,88
15150,ORD015150,LIMIT,BUY,99.25,15
15151,ORD015151,LIMIT,BUY,99.97,20
15152,ORD015152,LIMIT,BUY,98.39,98
15153,ORD015153,LIMIT,BUY,100.11,41
15154,ORD015154,LIMIT,BUY,99.18,48
15155,ORD015155,LIMIT,SELL,99.57,43
15156,ORD015156,MARKET,SELL,,25
15157,ORD015157,LIMIT,BUY,99.05,80
15158,ORD010195,CANCEL,,,
15159,ORD003830,CANCEL,,,
15160,ORD015160,LIMIT,SELL,101.87,36
15161,ORD015161,LIMIT,BUY,100.16,61
15162,ORD015162,LIMIT,SELL,100.55,97
15163,ORD015163,LIMIT,BUY,100.29,1
15164,ORD015164,LIMIT,SELL,100.26,64
15165,ORD015165,MARKET,BUY,,48
15166,ORD015166,MARKET,BUY,,22
15167,ORD015167,MARKET,SELL,,19
15168,ORD015168,LIMIT,SELL,100.69,16
15169,ORD015169,MARKET,BUY,,76
15170,ORD015170,MARKET,BUY,,82
15171,ORD015171,LIMIT,SELL,101.81,6
15172,ORD015172,LIMIT,BUY,100.48,92
15173,ORD015173,MARKET,SELL,,40
15174,ORD015174,MARKET,BUY,,63
15175,ORD015175,MARKET,SELL,,91
15176,ORD015176,LIMIT,BUY,99.66,5
15177,ORD015177,MARKET,SELL,,74
15178,ORD015178,LIMIT,SELL,99.83,29
15179,ORD015179,LIMIT,SELL,100.16,9
15180,ORD014786,CANCEL,,,
15181,ORD015181,MARKET,BUY,,3
15182,ORD015182,LIMIT,SELL,101.02,4
15183,ORD015183,LIMIT,SELL,100.33,35
15184,ORD015184,LIMIT,SELL,100.11,43
15185,ORD015185,MARKET,BUY,,2
15186,ORD015186,MARKET,BUY,,47
15187,ORD012544,CANCEL,,,
15188,ORD015188,LIMIT,BUY,99.55,47
15189,ORD015189,LIMIT,BUY,98.24,62
15190,ORD015190,MARKET,SELL,,79
15191,ORD015191,MARKET,SELL,,57
15192,ORD015192,MARKET,BUY,,88
15193,ORD015193,LIMIT,SELL,100.23,96
15194,ORD015194,MARKET,SELL,,32
15195,ORD015195,LIMIT,BUY,98.59,60
15196,ORD015196,LIMIT,BUY,98.63,14
15197,ORD015197,LIMIT,SELL,99.84,71
15198,ORD015198,LIMIT,SELL,100.72,13
15199,ORD015199,LIMIT,SELL,101.08,88
15200,ORD015200,MARKET,SELL,,45
15201,ORD015201,LIMIT,SELL,99.74,41
15202,ORD015202,MARKET,SELL,,26
15203,ORD015203,LIMIT,BUY,99.55,21
15204,ORD015204,MARKET,SELL,,23
15205,ORD013513,CANCEL,,,
15206,ORD015206,LIMIT,BUY,99.25,54
15207,ORD015207,LIMIT,SELL,101.31,4
15208,ORD015208,LIMIT,BUY,98.5,97
15209,ORD015209,MARKET,BUY,,40
15210,ORD015210,LIMIT,BUY,99.91,7
15211,ORD015211,MARKET,SELL,,21
15212,ORD015212,MARKET,SELL,,68
15213,ORD015213,MARKET,SELL,,75
15214,ORD015214,MARKET,BUY,,68
15215,ORD015215,LIMIT,BUY,99.33,17
15216,ORD015216,LIMIT,SELL,99.87,42
15217,ORD015217,MARKET,BUY,,82
15218,ORD015218,LIMIT,BUY,100.29,32
15219,ORD015219,MARKET,SELL,,68
15220,ORD015220,LIMIT,BUY,98.19,19
15221,ORD015221,MARKET,BUY,,26
15222,ORD015222,MARKET,SELL,,17
15223,ORD015223,MARKET,BUY,,5
15224,ORD015224,MARKET,SELL,,7
15225,ORD015225,MARKET,BUY,,74
15226,ORD015226,MARKET,SELL,,65
15227,ORD008141,CANCEL,,,
15228,ORD015228,LIMIT,BUY,98.16,42
15229,ORD014410,CANCEL,,,
15230,ORD015230,LIMIT,BUY,99.81,44
15231,ORD015231,MARKET,BUY,,22
15232,ORD015232,LIMIT,SELL,101.83,8
15233,ORD015233,MARKET,BUY,,6
15234,ORD015234,LIMIT,BUY,98.62,2
15235,ORD015235,MARKET,BUY,,31
15236,ORD015236,LIMIT,BUY,98.08,48
15237,ORD015237,MARKET,BUY,,91
15238,ORD015238,LIMIT,BUY,98.8,53
15239,ORD015239,LIMIT,SELL,101.48,38
15240,ORD015240,MARKET,BUY,,77
15241,ORD015241,MARKET,BUY,,30
15242,ORD015242,MARKET,BUY,,61
15243,ORD015243,MARKET,BUY,,98
15244,ORD015244,LIMIT,BUY,99.65,40
15245,ORD015245,LIMIT,BUY,99.9,74
15246,ORD015246,LIMIT,SELL,100.39,54
15247,ORD015247,LIMIT,SELL,100.18,5
15248,ORD015248,LIMIT,SELL,100.33,71
15249,ORD015249,MARKET,SELL,,61
15250,ORD015250,MARKET,BUY,,58
15251,ORD015251,LIMIT,SELL,100.58,17
15252,ORD015252,MARKET,SELL,,91
15253,ORD015253,MARKET,BUY,,100
15254,ORD015254,MARKET,BUY,,27
15255,ORD015255,MARKET,SELL,,50
15256,ORD015256,MARKET,BUY,,60
15257,ORD015257,LIMIT,BUY,100.33,84
15258,ORD015258,LIMIT,SELL,101.8,55
15259,ORD015259,LIMIT,BUY,98.79,34
15260,ORD015260,MARKET,SELL,,96
15261,ORD015261,MARKET,BUY,,40
15262,ORD015262,MARKET,SELL,,96
15263,ORD015263,MARKET,SELL,,54
15264,ORD015264,MARKET,SELL,,90
15265,ORD015265,LIMIT,BUY,100.31,25
15266,ORD015266,LIMIT,SELL,100.3,44
15267,ORD015267,MARKET,BUY,,61
15268,ORD015268,MARKET,SELL,,48
15269,ORD015269,MARKET,SELL,,51
15270,ORD002080,CANCEL,,,
15271,ORD015271,MARKET,BUY,,87
15272,ORD015272,MARKET,SELL,,70
15273,ORD015273,LIMIT,SELL,100.81,75
15274,ORD015274,MARKET,BUY,,8
15275,ORD015275,LIMIT,SELL,99.85,41
15276,ORD015276,LIMIT,BUY,98.13,83
15277,ORD008978,CANCEL,,,
15278,ORD015278,MARKET,SELL,,99
15279,ORD015279,LIMIT,SELL,99.51,1
15280,ORD015280,LIMIT,BUY,100.25,47
15281,ORD015281,LIMIT,BUY,99.3,97
15282,ORD015282,MARKET,BUY,,72
15283,ORD015283,LIMIT,SELL,100.16,15
15284,ORD015284,LIMIT,BUY,100.06,53
15285,ORD015285,MARKET,BUY,,18
15286,ORD015286,LIMIT,SELL,100.6,30
15287,ORD000431,CANCEL,,,
15288,ORD015288,LIMIT,BUY,98.49,8
15289,ORD015289,MARKET,BUY,,68
15290,ORD015290,MARKET,SELL,,34
15291,ORD015291,MARKET,SELL,,27
15292,ORD015292,LIMIT,SELL,101.39,94
15293,ORD015293,LIMIT,SELL,99.8,45
15294,ORD015294,MARKET,SELL,,61
15295,ORD015295,MARKET,BUY,,33
15296,ORD015296,LIMIT,BUY,98.37,69
15297,ORD015297,MARKET,BUY,,5
15298,ORD015298,LIMIT,BUY,100.02,52
15299,ORD015299,MARKET,BUY,,85
15300,ORD015300,LIMIT,SELL,100.93,92
15301,ORD015301,LIMIT,SELL,99.76,97
15302,ORD015302,MARKET,SELL,,3
15303,ORD015303,LIMIT,SELL,100.67,55
15304,ORD015304,LIMIT,SELL,101.11,75
15305,ORD015305,LIMIT,BUY,99.65,16
15306,ORD015306,MARKET,BUY,,82
15307,ORD015307,LIMIT,SELL,99.7,30
15308,ORD015308,MARKET,SELL,,80
15309,ORD015309,LIMIT,BUY,99.02,93
15310,ORD015310,MARKET,SELL,,65
15311,ORD015311,LIMIT,BUY,100.09,3
15312,ORD015312,MARKET,SELL,,46
15313,ORD015313,LIMIT,BUY,98.86,34
15314,ORD015314,LIMIT,BUY,99.2,69
15315,ORD015315,MARKET,SELL,,8
15316,ORD015316,MARKET,BUY,,85
15317,ORD015317,MARKET,BUY,,24
15318,ORD015318,LIMIT,SELL,101.63,76
15319,ORD015319,MARKET,BUY,,59
15320,ORD015320,MARKET,SELL,,56
15321,ORD015321,MARKET,BUY,,75
15322,ORD004629,CANCEL,,,
15323,ORD015323,LIMIT,BUY,99.9,26
15324,ORD015324,MARKET,BUY,,94
15325,ORD015325,MARKET,SELL,,38
15326,ORD015326,MARKET,BUY,,17
15327,ORD015327,LIMIT,BUY,99.15,18
15328,ORD015328,MARKET,SELL,,79
15329,ORD015329,MARKET,BUY,,69
15330,ORD015330,MARKET,SELL,,29
15331,ORD015331,MARKET,SELL,,47
15332,ORD015332,LIMIT,BUY,99.89,14
15333,ORD015333,LIMIT,BUY,98.84,24
15334,ORD015334,LIMIT,BUY,99.01,34
15335,ORD015335,MARKET,SELL,,54
15336,ORD015336,MARKET,SELL,,24
15337,ORD015337,LIMIT,BUY,98.54,57
15338,ORD015338,MARKET,SELL,,39
15339,ORD015339,LIMIT,SELL,99.9,11
15340,ORD015340,LIMIT,SELL,101.32,58
15341,ORD015341,MARKET,SELL,,46
15342,ORD015342,MARKET,BUY,,32
15343,ORD015343,LIMIT,BUY,99.55,32
15344,ORD015344,LIMIT,SELL,100.1,76
15345,ORD015345,MARKET,BUY,,65
15346,ORD015346,MARKET,SELL,,93
15347,ORD015347,MARKET,BUY,,11
15348,ORD015348,MARKET,BUY,,47
15349,ORD013365,CANCEL,,,
15350,ORD015350,MARKET,BUY,,67
15351,ORD015351,LIMIT,SELL,100.22,19
15352,ORD015352,MARKET,BUY,,62
15353,ORD015353,MARKET,SELL,,38
15354,ORD015354,LIMIT,BUY,99.43,43
15355,ORD015355,MARKET,SELL,,98
15356,ORD015356,MARKET,SELL,,59
15357,ORD015357,MARKET,BUY,,94
15358,ORD015358,MARKET,BUY,,15
15359,ORD015359,LIMIT,SELL,100.97,37
15360,ORD015360,LIMIT,BUY,99.4,75
15361,ORD015361,MARKET,BUY,,6
15362,ORD015362,MARKET,SELL,,88
15363,ORD015363,LIMIT,SELL,101.85,93
15364,ORD015364,LIMIT,SELL,99.91,5
15365,ORD015365,MARKET,BUY,,6
15366,ORD015366,LIMIT,SELL,99.95,19
15367,ORD015367,LIMIT,SELL,100.48,62
15368,ORD015368,MARKET,BUY,,80
15369,ORD015369,LIMIT,BUY,99.38,90
15370,ORD015370,MARKET,BUY,,68
15371,ORD015371,LIMIT,BUY,99.62,92
15372,ORD015372,MARKET,BUY,,38
15373,ORD015373,MARKET,BUY,,68
15374,ORD015374,LIMIT,BUY,99.0,6
15375,ORD015375,MARKET,SELL,,55
15376,ORD015376,MARKET,SELL,,66
15377,ORD015377,MARKET,SELL,,1
15378,ORD015378,MARKET,SELL,,72
15379,ORD015379,MARKET,BUY,,9
15380,ORD015380,MARKET,SELL,,37
15381,ORD015381,LIMIT,SELL,101.04,97
15382,ORD015382,LIMIT,SELL,101.55,8
15383,ORD015383,MARKET,BUY,,47
15384,ORD015384,LIMIT,SELL,100.1,58
15385,ORD015385,MARKET,SELL,,61
15386,ORD015386,MARKET,BUY,,94
15387,ORD015387,LIMIT,BUY,99.3,77
15388,ORD015388,LIMIT,BUY,98.42,16
15389,ORD015389,LIMIT,BUY,98.31,11
15390,ORD015390,MARKET,SELL,,84
15391,ORD015391,LIMIT,BUY,98.63,97
15392,ORD015392,LIMIT,BUY,99.82,33
15393,ORD015393,LIMIT,BUY,98.96,94
15394,ORD015394,MARKET,BUY,,61
15395,ORD015395,MARKET,SELL,,19
15396,ORD015396,MARKET,SELL,,18
15397,ORD015397,MARKET,SELL,,62
15398,ORD015398,LIMIT,BUY,98.55,96
15399,ORD015399,MARKET,SELL,,88
15400,ORD015400,MARKET,BUY,,85
15401,ORD015401,MARKET,SELL,,84
15402,ORD015402,LIMIT,SELL,100.26,35
15403,ORD015403,LIMIT,BUY,98.55,80
15404,ORD015404,LIMIT,BUY,99.29,11
15405,ORD015405,MARKET,BUY,,85
15406,ORD015406,LIMIT,BUY,98.43,56
15407,ORD015407,LIMIT,SELL,100.73,21
15408,ORD015408,MARKET,BUY,,98
15409,ORD015409,LIMIT,SELL,101.04,5
15410,ORD015410,LIMIT,BUY,99.02,57
15411,ORD015411,MARKET,BUY,,45
15412,ORD015412,MARKET,SELL,,94
15413,ORD015413,LIMIT,SELL,100.72,55
15414,ORD015414,LIMIT,BUY,98.51,33
15415,ORD015415,MARKET,BUY,,46
15416,ORD015416,LIMIT,SELL,101.62,29
15417,ORD015417,MARKET,SELL,,77
15418,ORD015418,MARKET,BUY,,50
15419,ORD015419,MARKET,BUY,,54
15420,ORD015420,LIMIT,SELL,101.04,57
15421,ORD015421,MARKET,SELL,,62
15422,ORD015422,MARKET,SELL,,80
15423,ORD015423,LIMIT,BUY,99.97,29
15424,ORD015424,MARKET,SELL,,81
15425,ORD015425,MARKET,SELL,,16
15426,ORD015426,MARKET,SELL,,100
15427,ORD015427,LIMIT,BUY,98.21,30
15428,ORD015428,MARKET,BUY,,85
15429,ORD015429,MARKET,BUY,,11
15430,ORD015430,MARKET,SELL,,70
15431,ORD015431,LIMIT,BUY,99.94,6
15432,ORD015432,LIMIT,SELL,101.07,72
15433,ORD015433,MARKET,SELL,,1
15434,ORD015434,LIMIT,BUY,100.43,37
15435,ORD015435,LIMIT,SELL,101.81,96
15436,ORD015436,MARKET,SELL,,55
15437,ORD015437,LIMIT,BUY,99.56,98
15438,ORD015438,MARKET,BUY,,3
15439,ORD015439,LIMIT,SELL,100.02,25
15440,ORD015440,MARKET,BUY,,57
15441,ORD015441,LIMIT,BUY,98.97,38
15442,ORD015442,MARKET,SELL,,88
15443,ORD015443,LIMIT,BUY,98.2,32
15444,ORD015444,LIMIT,BUY,100.09,100
15445,ORD015445,MARKET,BUY,,89
15446,ORD015446,LIMIT,BUY,99.65,49
15447,ORD015447,LIMIT,BUY,98.85,96
15448,ORD015448,LIMIT,SELL,101.49,78
15449,ORD015449,LIMIT,BUY,99.94,77
15450,ORD015450,MARKET,BUY,,3
15451,ORD015451,MARKET,BUY,,59
15452,ORD004477,CANCEL,,,
15453,ORD015453,LIMIT,BUY,100.07,65
15454,ORD015454,LIMIT,SELL,101.15,73
15455,ORD015455,LIMIT,SELL,100.11,3
15456,ORD015456,LIMIT,BUY,99.32,85
15457,ORD015457,LIMIT,BUY,99.56,2
15458,ORD015458,MARKET,SELL,,19
15459,ORD015459,MARKET,SELL,,5
15460,ORD015460,LIMIT,BUY,99.55,63
15461,ORD015461,LIMIT,BUY,98.43,17
15462,ORD015462,MARKET,BUY,,47
15463,ORD015463,LIMIT,BUY,100.43,96
15464,ORD015464,LIMIT,SELL,101.19,37
15465,ORD015465,LIMIT,BUY,99.45,87
15466,ORD015466,LIMIT,SELL,100.51,55
15467,ORD015467,MARKET,BUY,,5
15468,ORD015468,MARKET,SELL,,10
15469,ORD015469,MARKET,SELL,,28
15470,ORD015470,MARKET,BUY,,11
15471,ORD015471,LIMIT,SELL,99.95,87
15472,ORD015472,LIMIT,SELL,101.53,26
15473,ORD015473,LIMIT,BUY,99.15,48
15474,ORD013731,CANCEL,,,
15475,ORD015475,LIMIT,SELL,101.8,66
15476,ORD015476,LIMIT,SELL,101.45,86
15477,ORD015477,LIMIT,BUY,98.02,10
15478,ORD015478,LIMIT,SELL,100.69,96
15479,ORD015479,MARKET,SELL,,4
15480,ORD015480,MARKET,BUY,,20
15481,ORD015481,MARKET,SELL,,70
15482,ORD015482,MARKET,BUY,,77
15483,ORD015483,MARKET,BUY,,28
15484,ORD015484,MARKET,BUY,,73
15485,ORD015485,LIMIT,SELL,99.82,87
15486,ORD015486,LIMIT,BUY,100.14,44
15487,ORD015487,MARKET,BUY,,19
15488,ORD015488,LIMIT,BUY,100.27,17
15489,ORD015489,MARKET,SELL,,16
15490,ORD015490,LIMIT,SELL,99.85,1
15491,ORD015491,LIMIT,SELL,101.39,58
15492,ORD015492,MARKET,SELL,,82
15493,ORD015493,MARKET,BUY,,31
15494,ORD015494,MARKET,BUY,,40
15495,ORD015495,LIMIT,BUY,99.42,32
15496,ORD015496,LIMIT,SELL,100.15,56
15497,ORD015497,LIMIT,BUY,98.38,51
15498,ORD015498,MARKET,SELL,,72
15499,ORD015499,MARKET,BUY,,55
15500,ORD015500,MARKET,SELL,,36
15501,ORD015501,LIMIT,SELL,101.96,42
15502,ORD015502,MARKET,SELL,,39
15503,ORD015503,LIMIT,BUY,98.92,87
15504,ORD015504,MARKET,BUY,,21
15505,ORD015505,LIMIT,SELL,100.53,97
15506,ORD015506,MARKET,BUY,,38
15507,ORD015507,MARKET,SELL,,38
15508,ORD015508,LIMIT,SELL,101.99,6
15509,ORD004570,CANCEL,,,
15510,ORD015510,LIMIT,SELL,100.41,21
15511,ORD015511,MARKET,BUY,,17
15512,ORD015512,LIMIT,BUY,98.12,37
15513,ORD015513,MARKET,SELL,,41
15514,ORD015514,LIMIT,SELL,101.95,61
15515,ORD015515,MARKET,SELL,,71
15516,ORD015516,LIMIT,BUY,98.12,93
15517,ORD015517,MARKET,BUY,,25
15518,ORD015518,MARKET,SELL,,3
15519,ORD015519,MARKET,BUY,,12
15520,ORD015520,MARKET,BUY,,65
15521,ORD015521,LIMIT,BUY,99.53,48
15522,ORD015522,LIMIT,SELL,100.71,72
15523,ORD015523,MARKET,SELL,,77
15524,ORD015524,MARKET,SELL,,70
15525,ORD015525,MARKET,SELL,,94
15526,ORD015526,MARKET,SELL,,79
15527,ORD015527,LIMIT,BUY,100.44,92
15528,ORD015528,MARKET,BUY,,11
15529,ORD015529,MARKET,SELL,,33
15530,ORD015530,MARKET,BUY,,35
15531,ORD015531,LIMIT,BUY,98.3,19
15532,ORD015532,MARKET,SELL,,97
15533,ORD015533,LIMIT,BUY,98.02,68
15534,ORD015534,MARKET,SELL,,82
15535,ORD015535,LIMIT,SELL,100.5,86
15536,ORD015536,MARKET,BUY,,42
15537,ORD015537,LIMIT,BUY,99.63,56
15538,ORD008564,CANCEL,,,
15539,ORD015539,MARKET,BUY,,53
15540,ORD015540,LIMIT,BUY,98.08,32
15541,ORD015541,MARKET,SELL,,69
15542,ORD002338,CANCEL,,,
15543,ORD015543,MARKET,SELL,,58
15544,ORD015544,MARKET,BUY,,50
15545,ORD015545,MARKET,BUY,,43
15546,ORD015546,LIMIT,BUY,99.46,36
15547,ORD015547,LIMIT,BUY,98.67,91
15548,ORD015548,MARKET,SELL,,80
15549,ORD011782,CANCEL,,,
15550,ORD015550,MARKET,BUY,,23
15551,ORD015551,MARKET,SELL,,43
15552,ORD015552,LIMIT,SELL,99.77,34
15553,ORD015553,LIMIT,BUY,100.38,5
15554,ORD015554,MARKET,BUY,,30
15555,ORD015555,LIMIT,BUY,98.95,11
15556,ORD015556,MARKET,BUY,,26
15557,ORD015557,MARKET,BUY,,23
15558,ORD015558,LIMIT,SELL,99.97,95
15559,ORD015559,MARKET,SELL,,48
15560,ORD015560,MARKET,BUY,,75
15561,ORD015561,LIMIT,SELL,101.48,21
15562,ORD015562,LIMIT,SELL,100.32,79
15563,ORD015563,MARKET,SELL,,84
15564,ORD015564,LIMIT,SELL,100.97,74
15565,ORD015565,MARKET,BUY,,86
15566,ORD015566,MARKET,BUY,,57
15567,ORD015567,MARKET,SELL,,90
15568,ORD015568,LIMIT,BUY,98.66,71
15569,ORD015569,MARKET,SELL,,61
15570,ORD015570,MARKET,SELL,,78
15571,ORD015571,MARKET,SELL,,3
15572,ORD015572,MARKET,BUY,,15
15573,ORD015573,LIMIT,SELL,101.8,97
15574,ORD015574,LIMIT,SELL,100.61,84
15575,ORD015575,LIMIT,SELL,99.71,44
15576,ORD015576,MARKET,BUY,,53
15577,ORD015577,LIMIT,SELL,100.37,19
15578,ORD015578,MARKET,BUY,,18
15579,ORD015579,MARKET,BUY,,14
15580,ORD015580,MARKET,SELL,,20
15581,ORD015581,MARKET,SELL,,50
15582,ORD015582,LIMIT,SELL,100.03,68
15583,ORD015583,LIMIT,SELL,100.85,83
15584,ORD015584,MARKET,SELL,,44
15585,ORD015585,LIMIT,BUY,99.86,84
15586,ORD015586,LIMIT,SELL,99.84,12
15587,ORD015587,MARKET,SELL,,18
15588,ORD015588,LIMIT,BUY,100.45,45
15589,ORD015589,MARKET,SELL,,26
15590,ORD015590,MARKET,BUY,,99
15591,ORD015591,LIMIT,BUY,100.48,39
15592,ORD015592,MARKET,SELL,,66
15593,ORD015593,LIMIT,BUY,100.36,17
15594,ORD015594,LIMIT,BUY,98.86,18
15595,ORD015595,MARKET,BUY,,9
15596,ORD015596,LIMIT,BUY,98.2,47
15597,ORD015597,MARKET,SELL,,75
15598,ORD015598,MARKET,BUY,,80
15599,ORD015599,MARKET,BUY,,91
15600,ORD015600,MARKET,BUY,,5
15601,ORD015601,LIMIT,BUY,100.18,40
15602,ORD015602,LIMIT,BUY,98.69,83
15603,ORD015603,LIMIT,BUY,99.66,73
15604,ORD015604,LIMIT,SELL,101.8,35
15605,ORD015605,MARKET,BUY,,74
15606,ORD015606,LIMIT,SELL,100.82,54
15607,ORD015607,MARKET,BUY,,1
15608,ORD015608,MARKET,BUY,,97
15609,ORD015609,MARKET,SELL,,100
15610,ORD015610,MARKET,BUY,,74
15611,ORD015611,MARKET,SELL,,15
15612,ORD015612,MARKET,BUY,,54
15613,ORD015613,LIMIT,BUY,99.16,22
15614,ORD015614,LIMIT,BUY,99.16,47
15615,ORD015615,MARKET,BUY,,20
15616,ORD015616,MARKET,BUY,,45
15617,ORD015617,MARKET,SELL,,48
15618,ORD015618,MARKET,BUY,,20
15619,ORD015619,MARKET,SELL,,9
15620,ORD015620,MARKET,SELL,,30
15621,ORD015621,MARKET,SELL,,27
15622,ORD015622,MARKET,SELL,,10
15623,ORD015623,LIMIT,BUY,99.94,23
15624,ORD015624,LIMIT,BUY,99.44,73
15625,ORD015625,LIMIT,BUY,100.2,87
15626,ORD015626,MARKET,BUY,,75
15627,ORD015627,MARKET,SELL,,14
15628,ORD015628,LIMIT,SELL,99.79,48
15629,ORD015629,MARKET,BUY,,3
15630,ORD015630,MARKET,BUY,,61
15631,ORD015631,MARKET,SELL,,46
15632,ORD015632,LIMIT,SELL,101.02,43
15633,ORD015633,MARKET,BUY,,9
15634,ORD015634,LIMIT,SELL,99.68,50
15635,ORD015635,LIMIT,BUY,98.37,63
15636,ORD015636,MARKET,BUY,,25
15637,ORD015637,MARKET,BUY,,99
15638,ORD015638,MARKET,SELL,,6
15639,ORD012550,CANCEL,,,
15640,ORD015640,MARKET,BUY,,76
15641,ORD015641,LIMIT,SELL,101.88,13
15642,ORD015642,MARKET,BUY,,25
15643,ORD015643,MARKET,BUY,,89
15644,ORD015644,MARKET,BUY,,88
15645,ORD015645,LIMIT,SELL,100.95,66
15646,ORD015646,LIMIT,SELL,101.8,29
15647,ORD015647,MARKET,SELL,,42
15648,ORD015648,LIMIT,SELL,99.78,54
15649,ORD015649,LIMIT,BUY,99.81,7
15650,ORD009596,CANCEL,,,
15651,ORD015651,MARKET,BUY,,88
15652,ORD015652,MARKET,SELL,,97
15653,ORD015653,MARKET,BUY,,89
15654,ORD015654,LIMIT,BUY,99.97,64
15655,ORD015655,MARKET,BUY,,55
15656,ORD015656,MARKET,SELL,,89
15657,ORD015657,MARKET,SELL,,100
15658,ORD015658,MARKET,SELL,,29
15659,ORD015659,LIMIT,BUY,100.48,55
15660,ORD015660,MARKET,SELL,,24
15661,ORD015661,LIMIT,SELL,100.18,77
15662,ORD015662,LIMIT,BUY,98.87,80
15663,ORD015663,MARKET,SELL,,78
15664,ORD015664,MARKET,SELL,,33
15665,ORD013849,CANCEL,,,
15666,ORD015666,LIMIT,SELL,100.53,54
15667,ORD015667,LIMIT,SELL,101.54,57
15668,ORD015668,MARKET,SELL,,100
15669,ORD015669,LIMIT,BUY,99.81,20
15670,ORD015670,MARKET,BUY,,67
15671,ORD015671,MARKET,BUY,,96
15672,ORD015672,LIMIT,BUY,98.26,96
15673,ORD015673,MARKET,BUY,,20
15674,ORD015674,LIMIT,BUY,98.29,85
15675,ORD015675,MARKET,BUY,,73
15676,ORD015676,MARKET,BUY,,62
15677,ORD015677,LIMIT,SELL,101.77,73
15678,ORD015678,MARKET,BUY,,73
15679,ORD015679,MARKET,BUY,,76
15680,ORD015680,MARKET,SELL,,23
15681,ORD015681,MARKET,BUY,,54
15682,ORD015682,LIMIT,BUY,99.8,83
15683,ORD015683,MARKET,SELL,,19
15684,ORD015684,MARKET,SELL,,50
15685,ORD015685,LIMIT,BUY,99.74,60
15686,ORD015686,LIMIT,SELL,99.94,83
15687,ORD015687,MARKET,BUY,,4
15688,ORD015688,MARKET,BUY,,66
15689,ORD015689,MARKET,SELL,,69
15690,ORD015690,MARKET,BUY,,85
15691,ORD015691,MARKET,SELL,,47
15692,ORD015692,MARKET,SELL,,12
15693,ORD015693,MARKET,BUY,,94
15694,ORD015694,LIMIT,SELL,100.67,41
15695,ORD015695,MARKET,SELL,,29
15696,ORD015696,LIMIT,BUY,98.28,96
15697,ORD015697,MARKET,SELL,,54
15698,ORD015698,LIMIT,BUY,100.45,93
15699,ORD015699,LIMIT,BUY,100.45,1
15700,ORD015700,MARKET,SELL,,86
15701,ORD015701,MARKET,SELL,,18
15702,ORD015702,LIMIT,BUY,98.27,62
15703,ORD015703,MARKET,SELL,,63
15704,ORD015704,LIMIT,BUY,98.64,11
15705,ORD015705,MARKET,BUY,,90
15706,ORD015706,LIMIT,SELL,99.91,42
15707,ORD015707,LIMIT,SELL,101.89,97
15708,ORD015708,MARKET,BUY,,39
15709,ORD015709,LIMIT,SELL,101.44,22
15710,ORD015710,LIMIT,BUY,100.45,83
15711,ORD015711,LIMIT,SELL,101.84,11
15712,ORD015712,MARKET,BUY,,61
15713,ORD015713,MARKET,SELL,,97
15714,ORD015714,MARKET,SELL,,15
15715,ORD015715,LIMIT,SELL,100.98,68
15716,ORD015716,MARKET,BUY,,63
15717,ORD015717,MARKET,SELL,,70
15718,ORD015718,LIMIT,SELL,99.6,57
15719,ORD015719,LIMIT,BUY,100.28,18
15720,ORD015720,MARKET,BUY,,46
15721,ORD015721,LIMIT,SELL,101.89,78
15722,ORD015722,MARKET,BUY,,14
15723,ORD015723,MARKET,SELL,,33
15724,ORD015724,LIMIT,BUY,98.65,56
15725,ORD015725,LIMIT,SELL,101.56,65
15726,ORD015726,MARKET,BUY,,70
15727,ORD015727,MARKET,BUY,,53
15728,ORD015728,LIMIT,SELL,100.69,32
15729,ORD015729,MARKET,BUY,,80
15730,ORD015730,MARKET,SELL,,90
15731,ORD015731,LIMIT,BUY,100.28,64
15732,ORD015732,LIMIT,BUY,98.36,46
15733,ORD015733,MARKET,BUY,,73
15734,ORD015734,LIMIT,BUY,100.22,86
15735,ORD015735,LIMIT,SELL,101.77,35
15736,ORD015736,MARKET,SELL,,94
15737,ORD015737,MARKET,SELL,,1
15738,ORD015738,LIMIT,BUY,99.32,20
15739,ORD015739,MARKET,SELL,,45
15740,ORD015740,LIMIT,BUY,99.07,81
15741,ORD015741,LIMIT,BUY,98.39,97
15742,ORD015742,LIMIT,SELL,99.9,85
15743,ORD015743,MARKET,SELL,,4
15744,ORD015744,LIMIT,BUY,98.85,18
15745,ORD015745,MARKET,SELL,,5
15746,ORD015746,MARKET,SELL,,95
15747,ORD015747,MARKET,SELL,,93
15748,ORD015748,MARKET,SELL,,68
15749,ORD015749,LIMIT,SELL,99.57,41
15750,ORD015750,MARKET,BUY,,91
15751,ORD008732,CANCEL,,,
15752,ORD015752,LIMIT,BUY,99.53,64
15753,ORD015753,MARKET,SELL,,26
15754,ORD015754,LIMIT,SELL,99.52,76
15755,ORD015755,LIMIT,SELL,99.54,71
15756,ORD015756,LIMIT,SELL,101.66,96
15757,ORD015757,LIMIT,BUY,99.6,28
15758,ORD015758,MARKET,BUY,,30
15759,ORD015759,MARKET,BUY,,95
15760,ORD015760,MARKET,SELL,,24
15761,ORD015761,LIMIT,BUY,99.2,36
15762,ORD015762,MARKET,BUY,,8
15763,ORD015763,LIMIT,BUY,100.03,77
15764,ORD015764,LIMIT,SELL,100.81,90
15765,ORD015765,MARKET,BUY,,3
15766,ORD015766,MARKET,BUY,,43
15767,ORD015767,LIMIT,BUY,99.03,40
15768,ORD015768,MARKET,SELL,,41
15769,ORD015769,LIMIT,SELL,101.08,64
15770,ORD015770,MARKET,BUY,,84
15771,ORD015771,LIMIT,SELL,99.54,43
15772,ORD015772,MARKET,SELL,,74
15773,ORD015773,LIMIT,BUY,99.43,13
15774,ORD015774,LIMIT,BUY,98.78,36
15775,ORD015775,LIMIT,BUY,99.92,52
15776,ORD015776,MARKET,SELL,,10
15777,ORD015777,MARKET,SELL,,82
15778,ORD015778,MARKET,BUY,,88
15779,ORD015779,LIMIT,SELL,100.55,77
15780,ORD015780,MARKET,SELL,,39
15781,ORD015781,LIMIT,SELL,101.32,13
15782,ORD015782,LIMIT,BUY,99.31,95
15783,ORD012797,CANCEL,,,
15784,ORD015784,MARKET,SELL,,94
15785,ORD015785,MARKET,SELL,,53
15786,ORD015786,LIMIT,BUY,100.12,29
15787,ORD015787,LIMIT,SELL,101.38,62
15788,ORD015788,MARKET,BUY,,23
15789,ORD015789,MARKET,SELL,,2
15790,ORD015790,MARKET,SELL,,61
15791,ORD015791,LIMIT,SELL,101.15,30
15792,ORD015792,MARKET,BUY,,70
15793,ORD015793,MARKET,SELL,,94
15794,ORD015794,MARKET,BUY,,90
15795,ORD015795,MARKET,SELL,,24
15796,ORD015796,LIMIT,BUY,99.49,94
15797,ORD015797,MARKET,BUY,,84
15798,ORD015798,MARKET,SELL,,43
15799,ORD015799,LIMIT,BUY,98.72,22
15800,ORD015800,MARKET,SELL,,23
15801,ORD015801,MARKET,BUY,,42
15802,ORD015802,LIMIT,BUY,99.88,1
15803,ORD015803,LIMIT,SELL,99.67,10
15804,ORD015804,MARKET,BUY,,46
15805,ORD008229,CANCEL,,,
15806,ORD015806,MARKET,SELL,,33
15807,ORD015807,LIMIT,SELL,101.23,86
15808,ORD015808,MARKET,SELL,,7
15809,ORD015809,MARKET,SELL,,67
15810,ORD015810,MARKET,SELL,,56
15811,ORD015811,LIMIT,BUY,100.16,4
15812,ORD015812,LIMIT,SELL,101.23,20
15813,ORD015813,LIMIT,SELL,99.77,95
15814,ORD015814,LIMIT,SELL,101.33,50
15815,ORD015815,LIMIT,BUY,99.22,99
15816,ORD015816,MARKET,BUY,,27
15817,ORD015817,LIMIT,SELL,100.52,30
15818,ORD015818,MARKET,BUY,,41
15819,ORD015819,LIMIT,SELL,101.91,91
15820,ORD015820,MARKET,SELL,,24
15821,ORD015821,LIMIT,SELL,101.41,5
15822,ORD015822,MARKET,SELL,,68
15823,ORD015823,LIMIT,SELL,99.98,19
15824,ORD015824,LIMIT,BUY,100.25,12
15825,ORD015825,MARKET,SELL,,77
15826,ORD015826,LIMIT,BUY,98.62,93
15827,ORD015827,MARKET,SELL,,49
15828,ORD015828,MARKET,BUY,,99
15829,ORD010570,CANCEL,,,
15830,ORD015830,MARKET,BUY,,20
15831,ORD015831,LIMIT,SELL,101.81,100
15832,ORD015832,LIMIT,BUY,99.24,88
15833,ORD015833,MARKET,BUY,,43
15834,ORD015834,LIMIT,BUY,98.71,54
15835,ORD015835,LIMIT,SELL,101.26,9
15836,ORD015836,MARKET,SELL,,48
15837,ORD015837,LIMIT,BUY,98.3,93
15838,ORD015838,LIMIT,BUY,99.49,99
15839,ORD015839,MARKET,SELL,,28
15840,ORD015840,LIMIT,SELL,101.6,98
15841,ORD015841,LIMIT,SELL,99.64,13
15842,ORD015842,MARKET,BUY,,60
15843,ORD015843,MARKET,BUY,,21
15844,ORD015844,LIMIT,SELL,100.55,80
15845,ORD015845,LIMIT,SELL,100.56,38
15846,ORD015846,LIMIT,BUY,99.56,9
15847,ORD013630,CANCEL,,,
15848,ORD015848,MARKET,SELL,,23
15849,ORD015849,MARKET,SELL,,44
15850,ORD015850,MARKET,SELL,,26
15851,ORD015851,LIMIT,SELL,99.73,10
15852,ORD015852,MARKET,BUY,,81
15853,ORD015853,LIMIT,SELL,99.6,69
15854,ORD015854,LIMIT,BUY,99.62,40
15855,ORD015855,MARKET,SELL,,63
15856,ORD015856,MARKET,SELL,,27
15857,ORD015857,MARKET,SELL,,80
15858,ORD015858,LIMIT,BUY,99.8,49
15859,ORD015859,MARKET,BUY,,87
15860,ORD015860,LIMIT,BUY,98.34,54
15861,ORD015861,LIMIT,BUY,98.88,7
15862,ORD015862,MARKET,SELL,,30
15863,ORD015863,MARKET,BUY,,8
15864,ORD015864,LIMIT,SELL,100.42,36
15865,ORD015865,LIMIT,SELL,100.9,59
15866,ORD015866,LIMIT,SELL,101.97,32
15867,ORD015867,MARKET,BUY,,75
15868,ORD015868,LIMIT,BUY,98.39,100
15869,ORD015869,MARKET,SELL,,48
15870,ORD015870,MARKET,BUY,,63
15871,ORD015871,LIMIT,SELL,101.86,9
15872,ORD015872,MARKET,BUY,,89
15873,ORD015873,LIMIT,BUY,99.86,31
15874,ORD015874,MARKET,SELL,,25
15875,ORD015875,MARKET,SELL,,30
15876,ORD015876,LIMIT,BUY,99.42,55
15877,ORD015877,MARKET,SELL,,77
15878,ORD015878,MARKET,BUY,,86
15879,ORD015879,MARKET,SELL,,58
15880,ORD015880,MARKET,BUY,,93
15881,ORD015881,MARKET,SELL,,20
15882,ORD015882,MARKET,SELL,,100
15883,ORD015883,MARKET,SELL,,26
15884,ORD015884,LIMIT,BUY,100.5,39
15885,ORD015885,LIMIT,BUY,98.2,43
15886,ORD015886,MARKET,BUY,,62
15887,ORD015887,MARKET,BUY,,56
15888,ORD015888,MARKET,BUY,,73
15889,ORD015889,MARKET,BUY,,80
15890,ORD015890,MARKET,BUY,,36
15891,ORD015891,MARKET,BUY,,67
15892,ORD015892,LIMIT,SELL,99.97,17
15893,ORD015893,MARKET,SELL,,67
15894,ORD015894,LIMIT,BUY,99.85,81
15895,ORD015895,LIMIT,BUY,99.74,89
15896,ORD015896,LIMIT,BUY,99.39,29
15897,ORD015897,MARKET,SELL,,61
15898,ORD015898,LIMIT,SELL,100.83,34
15899,ORD015899,LIMIT,SELL,100.21,6
15900,ORD015900,MARKET,SELL,,32
15901,ORD015901,MARKET,BUY,,92
15902,ORD015902,LIMIT,SELL,99.96,20
15903,ORD015903,LIMIT,SELL,101.45,82
15904,ORD015904,LIMIT,BUY,98.55,74
15905,ORD015905,MARKET,SELL,,84
15906,ORD015906,MARKET,SELL,,25
15907,ORD015907,MARKET,SELL,,61
15908,ORD015908,LIMIT,SELL,99.89,53
15909,ORD015909,MARKET,BUY,,71
15910,ORD015910,MARKET,SELL,,46
15911,ORD015911,MARKET,SELL,,6
15912,ORD015912,LIMIT,BUY,98.91,46
15913,ORD015913,LIMIT,SELL,100.97,94
15914,ORD015914,MARKET,BUY,,35
15915,ORD015915,MARKET,SELL,,79
15916,ORD015916,MARKET,SELL,,78
15917,ORD015917,MARKET,BUY,,9
15918,ORD015918,LIMIT,BUY,100.05,19
15919,ORD015919,LIMIT,BUY,98.26,99
15920,ORD015920,MARKET,SELL,,46
15921,ORD015921,MARKET,SELL,,87
15922,ORD015922,MARKET,BUY,,82
15923,ORD015923,MARKET,BUY,,13
15924,ORD015924,LIMIT,SELL,99.85,65
15925,ORD015925,LIMIT,BUY,98.71,98
15926,ORD015926,MARKET,SELL,,2
15927,ORD015927,MARKET,SELL,,32
15928,ORD015928,MARKET,BUY,,49
15929,ORD015929,LIMIT,SELL,101.14,41
15930,ORD015930,LIMIT,BUY,98.95,19
15931,ORD015931,LIMIT,BUY,100.34,27
15932,ORD015932,LIMIT,SELL,100.17,88
15933,ORD015933,LIMIT,SELL,101.75,19
15934,ORD006796,CANCEL,,,
15935,ORD015935,MARKET,SELL,,28
15936,ORD015936,LIMIT,SELL,100.52,85
15937,ORD015937,LIMIT,BUY,100.25,22
15938,ORD015938,MARKET,BUY,,27
15939,ORD015939,LIMIT,BUY,99.63,54
15940,ORD015940,MARKET,BUY,,5
15941,ORD015941,MARKET,BUY,,5
15942,ORD011605,CANCEL,,,
15943,ORD015943,MARKET,SELL,,67
15944,ORD015944,MARKET,BUY,,17
15945,ORD015945,LIMIT,SELL,100.06,9
15946,ORD015946,LIMIT,SELL,100.76,85
15947,ORD015947,MARKET,BUY,,45
15948,ORD015948,LIMIT,SELL,101.98,52
15949,ORD015949,LIMIT,BUY,100.19,81
15950,ORD015950,LIMIT,SELL,100.51,61
15951,ORD015951,MARKET,BUY,,57
15952,ORD015952,LIMIT,SELL,101.35,5
15953,ORD015953,LIMIT,BUY,99.21,19
15954,ORD015954,LIMIT,BUY,98.68,79
15955,ORD015955,LIMIT,BUY,98.55,7
15956,ORD015956,MARKET,SELL,,48
15957,ORD015957,MARKET,SELL,,10
15958,ORD015958,LIMIT,SELL,100.6,82
15959,ORD015959,MARKET,SELL,,69
15960,ORD015960,LIMIT,BUY,100.06,68
15961,ORD015961,LIMIT,BUY,98.48,3
15962,ORD015962,MARKET,SELL,,93
15963,ORD015963,MARKET,BUY,,46
15964,ORD015964,LIMIT,SELL,101.54,91
15965,ORD015965,LIMIT,BUY,99.91,45
15966,ORD015966,MARKET,SELL,,4
15967,ORD015967,MARKET,BUY,,74
15968,ORD015968,LIMIT,SELL,101.92,61
15969,ORD015969,LIMIT,BUY,99.18,67
15970,ORD015970,LIMIT,BUY,98.62,15
15971,ORD015971,LIMIT,SELL,100.75,27
15972,ORD015972,MARKET,BUY,,91
15973,ORD015973,LIMIT,BUY,98.86,95
15974,ORD015974,LIMIT,SELL,100.06,81
15975,ORD015975,LIMIT,SELL,101.05,67
15976,ORD015976,MARKET,SELL,,71
15977,ORD015977,LIMIT,BUY,99.1,41
15978,ORD001122,CANCEL,,,
15979,ORD015979,LIMIT,SELL,100.66,9
15980,ORD015980,LIMIT,BUY,98.97,80
15981,ORD015981,MARKET,SELL,,30
15982,ORD015982,LIMIT,BUY,98.69,73
15983,ORD015983,LIMIT,BUY,99.12,51
15984,ORD015984,LIMIT,SELL,100.85,49
15985,ORD015985,MARKET,BUY,,96
15986,ORD015986,MARKET,BUY,,59
15987,ORD015987,LIMIT,SELL,100.68,42
15988,ORD015988,LIMIT,SELL,101.73,71
15989,ORD015989,LIMIT,BUY,98.16,92
15990,ORD015990,MARKET,BUY,,13
15991,ORD015991,LIMIT,BUY,99.9,47
15992,ORD015992,MARKET,BUY,,27
15993,ORD015993,MARKET,BUY,,64
15994,ORD015994,MARKET,BUY,,58
15995,ORD015995,LIMIT,SELL,101.67,95
15996,ORD015996,MARKET,SELL,,79
15997,ORD015997,MARKET,BUY,,63
15998,ORD015998,MARKET,SELL,,77
15999,ORD000228,CANCEL,,,
16000,ORD016000,LIMIT,BUY,100.39,62
16001,ORD016001,LIMIT,BUY,98.49,88
16002,ORD016002,MARKET,BUY,,93
16003,ORD004879,CANCEL,,,
16004,ORD016004,LIMIT,BUY,98.17,83
16005,ORD016005,MARKET,SELL,,78
16006,ORD016006,MARKET,SELL,,81
16007,ORD016007,LIMIT,SELL,100.84,85
16008,ORD016008,MARKET,BUY,,16
16009,ORD016009,LIMIT,BUY,98.13,92
16010,ORD016010,LIMIT,BUY,99.68,52
16011,ORD016011,LIMIT,BUY,98.73,3
16012,ORD016012,MARKET,BUY,,7
16013,ORD016013,LIMIT,BUY,98.14,59
16014,ORD016014,MARKET,BUY,,63
16015,ORD016015,MARKET,BUY,,89
16016,ORD016016,MARKET,BUY,,29
16017,ORD016017,MARKET,SELL,,85
16018,ORD016018,LIMIT,BUY,98.21,62
16019,ORD016019,LIMIT,BUY,98.44,15
16020,ORD016020,MARKET,BUY,,47
16021,ORD016021,MARKET,SELL,,3
16022,ORD016022,MARKET,BUY,,33
16023,ORD016023,MARKET,SELL,,41
16024,ORD016024,MARKET,BUY,,24
16025,ORD016025,MARKET,BUY,,16
16026,ORD016026,LIMIT,SELL,101.95,96
16027,ORD016027,MARKET,SELL,,65
16028,ORD016028,LIMIT,BUY,98.64,9
16029,ORD016029,MARKET,SELL,,16
16030,ORD016030,LIMIT,SELL,100.33,60
16031,ORD003730,CANCEL,,,
16032,ORD016032,LIMIT,SELL,100.8,31
16033,ORD016033,LIMIT,BUY,98.42,95
16034,ORD016034,LIMIT,SELL,100.6,4
16035,ORD016035,MARKET,SELL,,39
16036,ORD016036,LIMIT,SELL,99.67,8
16037,ORD016037,LIMIT,SELL,101.63,87
16038,ORD016038,MARKET,SELL,,98
16039,ORD016039,MARKET,BUY,,74
16040,ORD016040,LIMIT,BUY,99.26,16
16041,ORD016041,MARKET,BUY,,72
16042,ORD016042,MARKET,BUY,,97
16043,ORD016043,LIMIT,BUY,98.45,9
16044,ORD016044,MARKET,SELL,,76
16045,ORD016045,MARKET,BUY,,16
16046,ORD003365,CANCEL,,,
16047,ORD016047,MARKET,SELL,,54
16048,ORD016048,MARKET,SELL,,4
16049,ORD016049,MARKET,BUY,,30
16050,ORD016050,LIMIT,BUY,98.76,31
16051,ORD016051,MARKET,SELL,,4
16052,ORD016052,MARKET,SELL,,63
16053,ORD016053,MARKET,SELL,,43
16054,ORD016054,MARKET,SELL,,20
16055,ORD016055,LIMIT,SELL,100.97,30
16056,ORD016056,MARKET,BUY,,69
16057,ORD016057,MARKET,SELL,,79
16058,ORD016058,MARKET,BUY,,33
16059,ORD016059,MARKET,BUY,,3
16060,ORD016060,MARKET,BUY,,15
16061,ORD016061,MARKET,SELL,,58
16062,ORD016062,MARKET,BUY,,85
16063,ORD016063,MARKET,SELL,,27
16064,ORD016064,MARKET,BUY,,62
16065,ORD016065,MARKET,BUY,,75
16066,ORD016066,LIMIT,SELL,101.7,30
16067,ORD016067,MARKET,BUY,,50
16068,ORD016068,LIMIT,BUY,98.26,70
16069,ORD016069,LIMIT,SELL,100.84,5
16070,ORD016070,MARKET,SELL,,74
16071,ORD014120,CANCEL,,,
16072,ORD016072,LIMIT,SELL,100.19,80
16073,ORD016073,LIMIT,SELL,100.35,71
16074,ORD016074,MARKET,SELL,,43
16075,ORD016075,LIMIT,SELL,101.72,18
16076,ORD016076,MARKET,SELL,,93
16077,ORD016077,MARKET,SELL,,84
16078,ORD016078,MARKET,BUY,,7
16079,ORD016079,MARKET,BUY,,71
16080,ORD016080,LIMIT,BUY,99.08,29
16081,ORD016081,LIMIT,BUY,98.44,14
16082,ORD016082,MARKET,SELL,,90
16083,ORD016083,LIMIT,SELL,101.95,94
16084,ORD016084,MARKET,BUY,,81
16085,ORD012932,CANCEL,,,
16086,ORD016086,LIMIT,SELL,101.51,25
16087,ORD016087,MARKET,SELL,,53
16088,ORD016088,MARKET,BUY,,34
16089,ORD016089,MARKET,SELL,,2
16090,ORD016090,MARKET,SELL,,47
16091,ORD001715,CANCEL,,,
16092,ORD016092,LIMIT,BUY,100.24,46
16093,ORD016093,LIMIT,SELL,100.41,89
16094,ORD016094,LIMIT,SELL,100.52,86
16095,ORD016095,MARKET,BUY,,1
16096,ORD007896,CANCEL,,,
16097,ORD016097,LIMIT,SELL,100.36,32
16098,ORD013828,CANCEL,,,
16099,ORD016099,LIMIT,SELL,100.2,81
16100,ORD016100,LIMIT,BUY,98.39,85
16101,ORD016101,MARKET,BUY,,47
16102,ORD016102,MARKET,BUY,,80
16103,ORD016103,MARKET,BUY,,25
16104,ORD016104,LIMIT,SELL,101.97,32
16105,ORD016105,MARKET,BUY,,61
16106,ORD016106,MARKET,SELL,,68
16107,ORD016107,LIMIT,BUY,99.31,76
16108,ORD016108,LIMIT,BUY,99.76,94
16109,ORD016109,MARKET,SELL,,81
16110,ORD016110,LIMIT,SELL,99.69,72
16111,ORD016111,LIMIT,BUY,98.66,8
16112,ORD016112,LIMIT,SELL,100.13,79
16113,ORD016113,LIMIT,BUY,100.03,71
16114,ORD016114,MARKET,BUY,,95
16115,ORD016115,LIMIT,BUY,98.82,79
16116,ORD016116,MARKET,BUY,,32
16117,ORD016117,LIMIT,BUY,100.42,96
16118,ORD016118,LIMIT,BUY,99.38,79
16119,ORD016119,LIMIT,BUY,98.53,87
16120,ORD016120,LIMIT,BUY,98.57,96
16121,ORD016121,LIMIT,SELL,100.87,79
16122,ORD016122,LIMIT,SELL,100.76,37
16123,ORD016123,MARKET,BUY,,79
16124,ORD016124,MARKET,SELL,,63
16125,ORD016125,MARKET,SELL,,24
16126,ORD016126,MARKET,BUY,,31
16127,ORD016127,MARKET,SELL,,68
16128,ORD016128,LIMIT,SELL,100.83,81
16129,ORD006197,CANCEL,,,
16130,ORD016130,LIMIT,BUY,99.55,81
16131,ORD016131,MARKET,SELL,,82
16132,ORD016132,LIMIT,SELL,100.93,31
16133,ORD016133,LIMIT,SELL,101.46,15
16134,ORD016134,MARKET,BUY,,59
16135,ORD016135,LIMIT,BUY,99.48,76
16136,ORD016136,LIMIT,SELL,100.67,43
16137,ORD016137,MARKET,SELL,,3
16138,ORD016138,MARKET,BUY,,9
16139,ORD016139,MARKET,SELL,,24
16140,ORD016140,MARKET,SELL,,37
16141,ORD016141,MARKET,BUY,,17
16142,ORD016142,MARKET,BUY,,90
16143,ORD016143,LIMIT,SELL,101.78,9
16144,ORD016144,LIMIT,SELL,101.7,2
16145,ORD016145,MARKET,SELL,,97
16146,ORD016146,MARKET,SELL,,33
16147,ORD016147,LIMIT,SELL,101.35,85
16148,ORD016148,LIMIT,SELL,100.02,50
16149,ORD016149,LIMIT,BUY,100.43,45
16150,ORD016150,MARKET,SELL,,29
16151,ORD016151,LIMIT,SELL,101.74,82
16152,ORD016152,MARKET,BUY,,70
16153,ORD016153,MARKET,BUY,,80
16154,ORD016154,MARKET,BUY,,52
16155,ORD016155,LIMIT,BUY,98.07,61
16156,ORD016156,MARKET,BUY,,39
16157,ORD016157,LIMIT,SELL,101.33,79
16158,ORD016158,LIMIT,SELL,100.98,11
16159,ORD016159,LIMIT,BUY,100.25,62
16160,ORD016160,LIMIT,BUY,99.13,62
16161,ORD016161,LIMIT,BUY,100.28,26
16162,ORD016162,MARKET,SELL,,60
16163,ORD016163,MARKET,BUY,,71
16164,ORD016164,LIMIT,SELL,101.47,65
16165,ORD016165,MARKET,SELL,,83
16166,ORD016166,MARKET,BUY,,59
16167,ORD016167,MARKET,BUY,,23
16168,ORD016168,LIMIT,BUY,100.19,84
16169,ORD016169,MARKET,SELL,,51
16170,ORD016170,MARKET,SELL,,8
16171,ORD016171,LIMIT,SELL,100.26,11
16172,ORD016172,MARKET,BUY,,91
16173,ORD016173,MARKET,BUY,,87
16174,ORD016174,MARKET,SELL,,6
16175,ORD016175,MARKET,BUY,,84
16176,ORD016176,MARKET,BUY,,69
16177,ORD016177,LIMIT,SELL,99.97,7
16178,ORD016178,LIMIT,BUY,98.4,36
16179,ORD016179,MARKET,BUY,,67
16180,ORD016180,LIMIT,SELL,100.29,10
16181,ORD016181,MARKET,SELL,,44
16182,ORD012935,CANCEL,,,
16183,ORD016183,LIMIT,BUY,99.32,95
16184,ORD016184,MARKET,SELL,,9
16185,ORD016185,MARKET,BUY,,78
16186,ORD016186,MARKET,SELL,,13
16187,ORD012386,CANCEL,,,
16188,ORD016188,MARKET,BUY,,63
16189,ORD016189,LIMIT,SELL,100.04,46
16190,ORD016190,LIMIT,SELL,101.41,18
16191,ORD015236,CANCEL,,,
16192,ORD016192,LIMIT,SELL,100.74,25
16193,ORD016193,MARKET,BUY,,33
16194,ORD016194,MARKET,SELL,,52
16195,ORD016195,MARKET,BUY,,46
16196,ORD016196,MARKET,SELL,,36
16197,ORD016197,MARKET,SELL,,83
16198,ORD016198,LIMIT,SELL,101.51,97
16199,ORD016199,MARKET,SELL,,55
16200,ORD016200,LIMIT,BUY,99.52,54
16201,ORD016201,MARKET,BUY,,3
16202,ORD016202,LIMIT,BUY,99.33,16
16203,ORD016203,LIMIT,SELL,101.18,57
16204,ORD016204,MARKET,SELL,,37
16205,ORD016205,LIMIT,SELL,99.99,63
16206,ORD016206,MARKET,BUY,,12
16207,ORD016207,LIMIT,BUY,98.75,17
16208,ORD016208,MARKET,SELL,,92
16209,ORD016209,MARKET,BUY,,71
16210,ORD016210,MARKET,SELL,,22
16211,ORD016211,MARKET,SELL,,38
16212,ORD016212,MARKET,SELL,,65
16213,ORD016213,MARKET,SELL,,32
16214,ORD016214,LIMIT,SELL,100.68,27
16215,ORD016215,LIMIT,SELL,101.52,46
16216,ORD016216,MARKET,BUY,,56
16217,ORD016217,MARKET,SELL,,74
16218,ORD016218,LIMIT,SELL,100.19,33
16219,ORD016219,LIMIT,SELL,101.23,1
16220,ORD016220,LIMIT,BUY,98.31,19
16221,ORD016221,LIMIT,SELL,99.52,30
16222,ORD016222,LIMIT,BUY,100.43,78
16223,ORD016223,LIMIT,BUY,100.49,95
16224,ORD016224,LIMIT,BUY,98.35,55
16225,ORD016225,MARKET,BUY,,68
16226,ORD016226,LIMIT,BUY,98.96,75
16227,ORD016227,MARKET,SELL,,83
16228,ORD016228,LIMIT,BUY,98.61,51
16229,ORD016229,MARKET,SELL,,52
16230,ORD016230,MARKET,BUY,,70
16231,ORD016231,MARKET,SELL,,22
16232,ORD016232,LIMIT,BUY,98.67,90
16233,ORD016233,MARKET,BUY,,95
16234,ORD016234,LIMIT,BUY,99.39,7
16235,ORD016235,LIMIT,SELL,99.72,11
16236,ORD016236,LIMIT,BUY,98.75,43
16237,ORD016237,LIMIT,SELL,101.1,64
16238,ORD016238,MARKET,BUY,,15
16239,ORD016239,LIMIT,BUY,98.55,50
16240,ORD016240,MARKET,SELL,,11
16241,ORD016241,MARKET,BUY,,84
16242,ORD011679,CANCEL,,,
16243,ORD016243,LIMIT,BUY,100.38,85
16244,ORD016244,LIMIT,SELL,100.95,32
16245,ORD016245,MARKET,SELL,,55
16246,ORD016246,MARKET,SELL,,84
16247,ORD016247,MARKET,BUY,,11
16248,ORD016248,MARKET,SELL,,48
16249,ORD016249,MARKET,SELL,,63
16250,ORD016250,LIMIT,BUY,98.21,64
16251,ORD016251,MARKET,SELL,,77
16252,ORD016252,LIMIT,BUY,99.93,79
16253,ORD016253,LIMIT,BUY,98.51,62
16254,ORD016254,MARKET,BUY,,89
16255,ORD016255,MARKET,SELL,,89
16256,ORD016256,MARKET,SELL,,53
16257,ORD016257,MARKET,BUY,,69
16258,ORD016258,MARKET,SELL,,91
16259,ORD016259,MARKET,SELL,,29
16260,ORD016260,MARKET,SELL,,34
16261,ORD016261,MARKET,SELL,,18
16262,ORD016262,LIMIT,SELL,100.98,26
16263,ORD016263,MARKET,BUY,,99
16264,ORD016264,MARKET,BUY,,40
16265,ORD016265,MARKET,BUY,,15
16266,ORD016266,LIMIT,SELL,100.34,68
16267,ORD016267,MARKET,BUY,,29
16268,ORD016268,LIMIT,SELL,99.92,50
16269,ORD016269,LIMIT,SELL,100.58,95
16270,ORD016270,LIMIT,BUY,98.49,44
16271,ORD016271,LIMIT,SELL,99.56,14
16272,ORD016272,MARKET,BUY,,46
16273,ORD016273,MARKET,BUY,,39
16274,ORD016274,MARKET,BUY,,34
16275,ORD016275,LIMIT,SELL,99.62,2
16276,ORD016276,MARKET,SELL,,63
16277,ORD016277,LIMIT,SELL,100.37,11
16278,ORD016278,MARKET,SELL,,38
16279,ORD016279,LIMIT,SELL,100.6,95
16280,ORD016280,MARKET,BUY,,91
16281,ORD016281,MARKET,SELL,,32
16282,ORD016282,MARKET,SELL,,1
16283,ORD016283,LIMIT,SELL,100.73,100
16284,ORD016284,MARKET,SELL,,80
16285,ORD016285,MARKET,BUY,,83
16286,ORD016286,LIMIT,SELL,101.37,78
16287,ORD016287,MARKET,BUY,,85
16288,ORD016288,LIMIT,SELL,101.5,23
16289,ORD016289,MARKET,BUY,,72
16290,ORD016290,MARKET,BUY,,34
16291,ORD016291,LIMIT,BUY,98.67,62
16292,ORD016292,LIMIT,BUY,99.39,75
16293,ORD016293,MARKET,BUY,,60
16294,ORD016294,LIMIT,BUY,98.96,87
16295,ORD016295,LIMIT,SELL,100.07,96
16296,ORD016296,LIMIT,BUY,99.51,68
16297,ORD016297,MARKET,SELL,,10
16298,ORD016298,MARKET,BUY,,75
16299,ORD010553,CANCEL,,,
16300,ORD016300,LIMIT,BUY,99.36,23
16301,ORD016301,LIMIT,SELL,101.11,40
16302,ORD016302,MARKET,SELL,,15
16303,ORD016303,LIMIT,SELL,101.17,62
16304,ORD016304,MARKET,SELL,,67
16305,ORD016305,MARKET,BUY,,19
16306,ORD016306,MARKET,SELL,,62
16307,ORD016307,MARKET,SELL,,49
16308,ORD016308,LIMIT,BUY,98.97,49
16309,ORD016309,MARKET,BUY,,26
16310,ORD016310,MARKET,BUY,,57
16311,ORD016311,MARKET,SELL,,4
16312,ORD016312,MARKET,BUY,,57
16313,ORD016313,MARKET,SELL,,74
16314,ORD016314,MARKET,BUY,,40
16315,ORD016315,LIMIT,SELL,100.42,73
16316,ORD016316,MARKET,BUY,,97
16317,ORD016317,MARKET,BUY,,47
16318,ORD016318,LIMIT,BUY,99.33,46
16319,ORD016319,MARKET,SELL,,92
16320,ORD016320,MARKET,SELL,,88
16321,ORD016321,LIMIT,BUY,98.25,17
16322,ORD016322,LIMIT,BUY,99.15,25
16323,ORD016323,MARKET,BUY,,69
16324,ORD016324,MARKET,BUY,,68
16325,ORD016325,MARKET,BUY,,44
16326,ORD016326,LIMIT,BUY,99.12,72
16327,ORD015010,CANCEL,,,
16328,ORD016328,LIMIT,BUY,99.02,72
16329,ORD016329,MARKET,SELL,,50
16330,ORD016330,LIMIT,SELL,101.52,34
16331,ORD016331,MARKET,SELL,,4
16332,ORD016332,LIMIT,SELL,100.12,85
16333,ORD016333,LIMIT,BUY,99.2,91
16334,ORD016334,MARKET,SELL,,78
16335,ORD016335,MARKET,SELL,,90
16336,ORD016336,MARKET,SELL,,98
16337,ORD016337,MARKET,BUY,,84
16338,ORD016338,MARKET,BUY,,49
16339,ORD016339,MARKET,SELL,,61
16340,ORD016340,LIMIT,SELL,100.64,26
16341,ORD016341,MARKET,SELL,,67
16342,ORD016342,LIMIT,SELL,101.0,53
16343,ORD016343,MARKET,BUY,,49
16344,ORD016344,LIMIT,BUY,99.6,39
16345,ORD016345,LIMIT,SELL,102.0,67
16346,ORD001429,CANCEL,,,
16347,ORD016347,LIMIT,BUY,99.26,18
16348,ORD016348,LIMIT,SELL,99.81,1
16349,ORD016349,MARKET,BUY,,31
16350,ORD016350,LIMIT,SELL,101.43,67
16351,ORD011329,CANCEL,,,
16352,ORD016352,MARKET,BUY,,23
16353,ORD016353,MARKET,SELL,,86
16354,ORD016354,MARKET,BUY,,3
16355,ORD016355,MARKET,SELL,,19
16356,ORD016356,LIMIT,BUY,98.2,86
16357,ORD016357,LIMIT,BUY,100.43,13
16358,ORD016358,LIMIT,BUY,98.81,56
16359,ORD016359,LIMIT,SELL,101.02,93
16360,ORD016360,LIMIT,BUY,99.08,89
16361,ORD016361,LIMIT,SELL,101.22,93
16362,ORD016362,MARKET,BUY,,73
16363,ORD016363,MARKET,SELL,,9
16364,ORD016364,MARKET,BUY,,94
16365,ORD016365,MARKET,SELL,,15
16366,ORD016366,MARKET,BUY,,86
16367,ORD016367,LIMIT,BUY,100.13,71
16368,ORD016368,MARKET,SELL,,36
16369,ORD016369,LIMIT,BUY,98.84,51
16370,ORD016370,MARKET,SELL,,24
16371,ORD016371,MARKET,BUY,,55
16372,ORD016372,LIMIT,BUY,99.48,96
16373,ORD016373,LIMIT,SELL,100.98,58
16374,ORD016374,MARKET,SELL,,27
16375,ORD016375,MARKET,BUY,,68
16376,ORD016376,MARKET,BUY,,29
16377,ORD016377,LIMIT,BUY,100.07,87
16378,ORD016378,MARKET,SELL,,100
16379,ORD016379,MARKET,BUY,,59
16380,ORD016380,MARKET,BUY,,21
16381,ORD016381,MARKET,BUY,,12
16382,ORD016382,MARKET,SELL,,81
16383,ORD016383,MARKET,SELL,,11
16384,ORD016384,MARKET,SELL,,99
16385,ORD016385,LIMIT,SELL,100.6,45
16386,ORD016237,CANCEL,,,
16387,ORD016387,MARKET,SELL,,10
16388,ORD016388,LIMIT,BUY,99.9,58
16389,ORD016389,LIMIT,BUY,100.21,14
16390,ORD016390,MARKET,SELL,,30
16391,ORD016391,MARKET,BUY,,30
16392,ORD016392,LIMIT,SELL,101.6,25
16393,ORD016393,MARKET,SELL,,79
16394,ORD004226,CANCEL,,,
16395,ORD016395,LIMIT,BUY,99.63,69
16396,ORD016396,MARKET,SELL,,77
16397,ORD016397,MARKET,BUY,,87
16398,ORD016398,MARKET,BUY,,74
16399,ORD016399,MARKET,BUY,,72
16400,ORD016400,LIMIT,SELL,99.57,45
16401,ORD016401,MARKET,BUY,,64
16402,ORD016402,MARKET,SELL,,53
16403,ORD016403,MARKET,BUY,,5
16404,ORD016404,MARKET,SELL,,62
16405,ORD016405,LIMIT,SELL,101.1,71
16406,ORD016406,LIMIT,SELL,101.97,27
16407,ORD016407,LIMIT,SELL,99.81,69
16408,ORD016408,LIMIT,BUY,99.28,87
16409,ORD016409,MARKET,BUY,,78
16410,ORD016410,LIMIT,BUY,99.44,99
16411,ORD016411,MARKET,SELL,,92
16412,ORD016412,MARKET,BUY,,52
16413,ORD016413,MARKET,SELL,,46
16414,ORD016414,MARKET,BUY,,41
16415,ORD016415,LIMIT,SELL,101.05,97
16416,ORD016416,MARKET,BUY,,84
16417,ORD016417,LIMIT,BUY,98.99,2
16418,ORD016418,LIMIT,SELL,101.85,3
16419,ORD016419,MARKET,SELL,,3
16420,ORD016420,MARKET,SELL,,80
16421,ORD016421,MARKET,SELL,,35
16422,ORD016422,MARKET,BUY,,54
16423,ORD016423,LIMIT,SELL,101.62,47
16424,ORD016424,LIMIT,SELL,99.7,64
16425,ORD016425,LIMIT,BUY,98.65,33
16426,ORD016426,MARKET,SELL,,42
16427,ORD016427,LIMIT,BUY,99.45,41
16428,ORD016428,LIMIT,SELL,100.57,42
16429,ORD016429,MARKET,SELL,,48
16430,ORD016430,LIMIT,BUY,98.07,27
16431,ORD016431,LIMIT,SELL,101.9,62
16432,ORD016432,MARKET,SELL,,64
16433,ORD016433,LIMIT,BUY,98.89,67
16434,ORD016434,LIMIT,BUY,99.32,28
16435,ORD016435,LIMIT,BUY,100.18,5
16436,ORD016436,MARKET,BUY,,6
16437,ORD003164,CANCEL,,,
16438,ORD016438,MARKET,BUY,,86
16439,ORD016439,LIMIT,BUY,99.36,41
16440,ORD016440,MARKET,SELL,,1
16441,ORD016441,LIMIT,SELL,100.76,43
16442,ORD016442,MARKET,SELL,,9
16443,ORD016443,LIMIT,BUY,99.15,68
16444,ORD016444,MARKET,BUY,,24
16445,ORD016445,LIMIT,SELL,100.69,97
16446,ORD016446,LIMIT,BUY,100.19,30
16447,ORD016447,MARKET,SELL,,40
16448,ORD016448,MARKET,BUY,,94
16449,ORD016449,MARKET,SELL,,94
16450,ORD016450,LIMIT,SELL,101.2,11
16451,ORD016451,MARKET,BUY,,33
16452,ORD016452,LIMIT,SELL,99.68,25
16453,ORD016453,MARKET,BUY,,10
16454,ORD016454,MARKET,BUY,,30
16455,ORD016455,LIMIT,BUY,100.01,6
16456,ORD016456,LIMIT,BUY,98.98,14
16457,ORD001565,CANCEL,,,
16458,ORD016458,MARKET,BUY,,60
16459,ORD016459,MARKET,SELL,,38
16460,ORD016460,LIMIT,BUY,99.06,5
16461,ORD016461,MARKET,BUY,,98
16462,ORD016462,LIMIT,SELL,100.37,93
16463,ORD016463,LIMIT,BUY,99.95,18
16464,ORD016464,LIMIT,BUY,99.55,10
16465,ORD016465,LIMIT,SELL,100.58,98
16466,ORD016466,MARKET,SELL,,35
16467,ORD016467,LIMIT,BUY,98.79,77
16468,ORD016468,LIMIT,SELL,100.41,14
16469,ORD016469,MARKET,BUY,,64
16470,ORD016470,MARKET,BUY,,47
16471,ORD016471,LIMIT,BUY,98.52,69
16472,ORD016472,MARKET,SELL,,76
16473,ORD016473,LIMIT,SELL,100.58,100
16474,ORD016474,LIMIT,BUY,99.57,24
16475,ORD016475,MARKET,SELL,,5
16476,ORD016476,MARKET,SELL,,74
16477,ORD016477,MARKET,BUY,,42
16478,ORD016478,MARKET,SELL,,64
16479,ORD016479,MARKET,BUY,,88
16480,ORD016480,MARKET,BUY,,79
16481,ORD016481,LIMIT,SELL,100.66,24
16482,ORD016482,MARKET,BUY,,42
16483,ORD016483,LIMIT,SELL,100.96,99
16484,ORD016484,MARKET,SELL,,80
16485,ORD016485,LIMIT,BUY,99.79,51
16486,ORD016486,LIMIT,BUY,100.04,56
16487,ORD016487,MARKET,BUY,,35
16488,ORD016488,LIMIT,SELL,101.35,74
16489,ORD016489,LIMIT,SELL,99.69,34
16490,ORD016490,MARKET,SELL,,47
16491,ORD016491,MARKET,SELL,,5
16492,ORD016492,MARKET,SELL,,40
16493,ORD016493,MARKET,SELL,,19
16494,ORD016494,LIMIT,SELL,100.31,32
16495,ORD016495,LIMIT,BUY,98.55,23
16496,ORD016496,MARKET,SELL,,90
16497,ORD016497,MARKET,BUY,,59
16498,ORD016498,MARKET,SELL,,87
16499,ORD016499,MARKET,SELL,,52
16500,ORD016500,LIMIT,SELL,100.14,73
16501,ORD016501,MARKET,SELL,,21
16502,ORD016502,LIMIT,BUY,98.03,41
16503,ORD016503,MARKET,SELL,,91
16504,ORD016504,LIMIT,SELL,101.51,1
16505,ORD016505,LIMIT,SELL,99.56,45
16506,ORD016506,MARKET,BUY,,51
16507,ORD016507,LIMIT,BUY,99.13,19
16508,ORD016508,MARKET,BUY,,85
16509,ORD016509,LIMIT,BUY,100.07,53
16510,ORD016510,LIMIT,BUY,99.01,70
16511,ORD016511,MARKET,BUY,,39
16512,ORD010550,CANCEL,,,
16513,ORD016513,LIMIT,SELL,101.62,68
16514,ORD016514,LIMIT,BUY,100.23,54
16515,ORD016515,LIMIT,BUY,98.7,21
16516,ORD016516,MARKET,BUY,,60
16517,ORD016517,LIMIT,BUY,99.89,38
16518,ORD016518,LIMIT,BUY,99.34,83
16519,ORD016519,MARKET,BUY,,88
16520,ORD016520,MARKET,BUY,,60
16521,ORD016521,MARKET,BUY,,89
16522,ORD016522,LIMIT,BUY,99.37,93
16523,ORD016523,MARKET,SELL,,55
16524,ORD016524,MARKET,SELL,,79
16525,ORD016525,LIMIT,SELL,100.89,60
16526,ORD016526,MARKET,SELL,,83
16527,ORD016527,MARKET,BUY,,82
16528,ORD016528,LIMIT,SELL,100.78,74
16529,ORD016529,LIMIT,BUY,99.31,82
16530,ORD016530,LIMIT,BUY,100.38,71
16531,ORD016531,LIMIT,BUY,98.14,26
16532,ORD016532,MARKET,SELL,,82
16533,ORD016533,MARKET,BUY,,57
16534,ORD016534,MARKET,BUY,,71
16535,ORD016535,MARKET,SELL,,5
16536,ORD016536,MARKET,SELL,,68
16537,ORD016537,LIMIT,BUY,99.73,14
16538,ORD016538,LIMIT,BUY,100.02,64
16539,ORD016539,LIMIT,SELL,100.63,86
16540,ORD016540,LIMIT,BUY,98.89,49
16541,ORD016541,LIMIT,BUY,98.41,58
16542,ORD008716,CANCEL,,,
16543,ORD016543,MARKET,SELL,,63
16544,ORD016544,LIMIT,SELL,100.95,65
16545,ORD016545,MARKET,BUY,,57
16546,ORD003465,CANCEL,,,
16547,ORD016547,LIMIT,BUY,99.8,34
16548,ORD016548,MARKET,BUY,,32
16549,ORD016549,MARKET,BUY,,45
16550,ORD016550,MARKET,SELL,,10
16551,ORD016551,LIMIT,BUY,99.6,69
16552,ORD016552,LIMIT,SELL,99.97,85
16553,ORD016553,LIMIT,BUY,99.64,33
16554,ORD016554,LIMIT,BUY,100.3,87
16555,ORD016555,MARKET,BUY,,43
16556,ORD016556,LIMIT,BUY,98.02,84
16557,ORD016557,LIMIT,SELL,101.12,13
16558,ORD016558,LIMIT,BUY,99.03,20
16559,ORD016559,MARKET,BUY,,15
16560,ORD016560,LIMIT,SELL,100.31,93
16561,ORD016561,MARKET,BUY,,80
16562,ORD016562,MARKET,SELL,,19
16563,ORD016563,LIMIT,BUY,98.26,90
16564,ORD016564,LIMIT,SELL,100.55,24
16565,ORD016565,MARKET,SELL,,1
16566,ORD016566,MARKET,BUY,,52
16567,ORD016567,LIMIT,BUY,98.65,2
16568,ORD016568,LIMIT,SELL,99.74,91
16569,ORD016569,MARKET,SELL,,20
16570,ORD016570,LIMIT,BUY,98.71,53
16571,ORD016571,MARKET,SELL,,10
16572,ORD016572,MARKET,BUY,,39
16573,ORD016573,MARKET,SELL,,86
16574,ORD016574,MARKET,SELL,,84
16575,ORD016575,LIMIT,BUY,98.25,67
16576,ORD016576,MARKET,SELL,,86
16577,ORD016577,LIMIT,SELL,100.96,96
16578,ORD016578,LIMIT,SELL,99.56,12
16579,ORD016579,LIMIT,BUY,98.63,61
16580,ORD016580,LIMIT,BUY,99.92,45
16581,ORD016581,LIMIT,BUY,99.9,16
16582,ORD016582,LIMIT,BUY,100.47,67
16583,ORD016583,LIMIT,BUY,100.1,81
16584,ORD016584,MARKET,SELL,,37
16585,ORD016585,LIMIT,SELL,99.97,8
16586,ORD016586,LIMIT,BUY,98.07,59
16587,ORD016587,LIMIT,SELL,100.94,44
16588,ORD016588,MARKET,BUY,,10
16589,ORD016589,MARKET,BUY,,64
16590,ORD016590,LIMIT,SELL,99.68,75
16591,ORD016591,LIMIT,BUY,98.17,26
16592,ORD016592,LIMIT,SELL,101.88,17
16593,ORD016593,LIMIT,SELL,101.98,28
16594,ORD016594,LIMIT,BUY,98.79,77
16595,ORD016595,MARKET,SELL,,21
16596,ORD016596,LIMIT,SELL,99.78,93
16597,ORD016597,LIMIT,SELL,101.31,60
16598,ORD016598,LIMIT,BUY,98.39,98
16599,ORD016599,MARKET,SELL,,72
16600,ORD016600,MARKET,SELL,,96
16601,ORD016601,MARKET,SELL,,16
16602,ORD016602,MARKET,SELL,,85
16603,ORD016603,MARKET,BUY,,85
16604,ORD016604,LIMIT,SELL,101.42,19
16605,ORD016605,LIMIT,BUY,99.5,66
16606,ORD001907,CANCEL,,,
16607,ORD016607,MARKET,SELL,,96
16608,ORD016608,MARKET,SELL,,32
16609,ORD016609,MARKET,SELL,,45
16610,ORD016610,MARKET,SELL,,57
16611,ORD016611,LIMIT,SELL,100.11,80
16612,ORD016612,MARKET,BUY,,80
16613,ORD016613,MARKET,BUY,,70
16614,ORD016614,LIMIT,SELL,101.55,44
16615,ORD016615,LIMIT,BUY,99.56,28
16616,ORD016616,LIMIT,BUY,98.73,63
16617,ORD016617,MARKET,SELL,,82
16618,ORD016618,LIMIT,BUY,98.13,21
16619,ORD016619,MARKET,BUY,,65
16620,ORD016620,MARKET,BUY,,40
16621,ORD016621,MARKET,SELL,,48
16622,ORD016622,MARKET,SELL,,93
16623,ORD016623,MARKET,SELL,,11
16624,ORD016624,MARKET,BUY,,65
16625,ORD016625,LIMIT,SELL,101.79,63
16626,ORD016626,LIMIT,SELL,100.63,24
16627,ORD016627,LIMIT,SELL,101.5,11
16628,ORD016628,MARKET,BUY,,49
16629,ORD016629,MARKET,SELL,,79
16630,ORD016630,MARKET,BUY,,16
16631,ORD016631,LIMIT,BUY,98.8,60
16632,ORD011715,CANCEL,,,
16633,ORD016633,MARKET,BUY,,7
16634,ORD016634,MARKET,BUY,,27
16635,ORD016635,MARKET,SELL,,28
16636,ORD016636,MARKET,SELL,,14
16637,ORD016637,MARKET,SELL,,90
16638,ORD016638,MARKET,SELL,,39
16639,ORD016639,MARKET,SELL,,35
16640,ORD016640,MARKET,SELL,,26
16641,ORD016641,LIMIT,SELL,100.96,96
16642,ORD016642,MARKET,BUY,,67
16643,ORD016643,MARKET,BUY,,62
16644,ORD016644,MARKET,BUY,,74
16645,ORD016645,LIMIT,SELL,101.93,42
16646,ORD009094,CANCEL,,,
16647,ORD002233,CANCEL,,,
16648,ORD016648,LIMIT,SELL,101.85,46
16649,ORD016649,LIMIT,SELL,99.57,42
16650,ORD016650,LIMIT,BUY,99.36,8
16651,ORD016651,MARKET,BUY,,84
16652,ORD009218,CANCEL,,,
16653,ORD016653,MARKET,SELL,,24
16654,ORD016654,LIMIT,BUY,98.04,69
16655,ORD016655,LIMIT,BUY,100.29,94
16656,ORD016656,LIMIT,BUY,99.51,30
16657,ORD016657,LIMIT,BUY,100.14,55
16658,ORD016658,MARKET,BUY,,87
16659,ORD016659,LIMIT,SELL,100.63,9
16660,ORD016660,MARKET,SELL,,1
16661,ORD016661,MARKET,BUY,,12
16662,ORD016662,MARKET,BUY,,62
16663,ORD016663,MARKET,SELL,,61
16664,ORD016664,MARKET,BUY,,27
16665,ORD016665,LIMIT,SELL,100.71,8
16666,ORD016666,MARKET,BUY,,94
16667,ORD016667,LIMIT,SELL,100.41,84
16668,ORD016668,LIMIT,SELL,100.95,8
16669,ORD016669,LIMIT,BUY,99.91,19
16670,ORD016670,MARKET,SELL,,34
16671,ORD016671,LIMIT,BUY,98.64,22
16672,ORD016672,MARKET,BUY,,11
16673,ORD016673,MARKET,SELL,,1
16674,ORD016674,MARKET,BUY,,3
16675,ORD016675,MARKET,BUY,,18
16676,ORD016676,LIMIT,SELL,99.54,33
16677,ORD016677,LIMIT,SELL,100.16,64
16678,ORD016678,MARKET,BUY,,82
16679,ORD016679,MARKET,BUY,,4
16680,ORD016680,LIMIT,SELL,101.3,2
16681,ORD016681,MARKET,SELL,,49
16682,ORD016682,MARKET,SELL,,26
16683,ORD016683,LIMIT,BUY,98.88,100
16684,ORD016684,MARKET,SELL,,6
16685,ORD016685,LIMIT,BUY,100.37,6
16686,ORD016686,LIMIT,SELL,100.01,28
16687,ORD016687,MARKET,SELL,,3
16688,ORD016688,MARKET,BUY,,93
16689,ORD016689,LIMIT,BUY,99.97,15
16690,ORD016690,LIMIT,SELL,101.75,37
16691,ORD016691,LIMIT,SELL,100.63,31
16692,ORD016692,MARKET,BUY,,31
16693,ORD006149,CANCEL,,,
16694,ORD016694,LIMIT,BUY,99.96,1
16695,ORD016695,MARKET,BUY,,17
16696,ORD016696,LIMIT,BUY,99.13,82
16697,ORD016697,MARKET,BUY,,78
16698,ORD016698,MARKET,BUY,,92
16699,ORD016699,LIMIT,BUY,98.17,100
16700,ORD016700,LIMIT,BUY,100.12,34
16701,ORD016701,MARKET,SELL,,60
16702,ORD016702,LIMIT,SELL,100.19,95
16703,ORD016703,LIMIT,BUY,99.1,27
16704,ORD016704,MARKET,BUY,,76
16705,ORD016705,MARKET,SELL,,93
16706,ORD016706,LIMIT,BUY,99.84,28
16707,ORD016707,LIMIT,BUY,98.58,5
16708,ORD016708,MARKET,BUY,,22
16709,ORD016709,MARKET,SELL,,4
16710,ORD016710,LIMIT,BUY,99.45,65
16711,ORD016711,MARKET,BUY,,4
16712,ORD016712,MARKET,SELL,,3
16713,ORD016713,MARKET,BUY,,51
16714,ORD016714,LIMIT,BUY,99.08,56
16715,ORD016715,LIMIT,BUY,99.97,35
16716,ORD016716,MARKET,SELL,,30
16717,ORD016717,MARKET,BUY,,30
16718,ORD016718,MARKET,SELL,,63
16719,ORD016719,MARKET,BUY,,76
16720,ORD016720,MARKET,SELL,,30
16721,ORD016721,MARKET,BUY,,59
16722,ORD016722,LIMIT,SELL,100.71,99
16723,ORD016723,MARKET,BUY,,75
16724,ORD016724,LIMIT,BUY,98.58,64
16725,ORD016725,LIMIT,SELL,100.28,40
16726,ORD016726,MARKET,SELL,,31
16727,ORD016727,LIMIT,SELL,100.27,79
16728,ORD016728,LIMIT,BUY,99.15,66
16729,ORD016729,LIMIT,SELL,101.38,69
16730,ORD016730,LIMIT,BUY,99.74,69
16731,ORD016731,MARKET,SELL,,29
16732,ORD016732,LIMIT,BUY,99.94,20
16733,ORD016733,MARKET,BUY,,37
16734,ORD016734,MARKET,SELL,,71
16735,ORD016735,LIMIT,SELL,101.65,48
16736,ORD016736,MARKET,SELL,,62
16737,ORD016737,LIMIT,BUY,98.34,16
16738,ORD016738,MARKET,BUY,,47
16739,ORD016739,MARKET,SELL,,30
16740,ORD016740,LIMIT,SELL,99.52,94
16741,ORD016741,LIMIT,SELL,101.24,55
16742,ORD016742,MARKET,BUY,,50
16743,ORD016743,LIMIT,SELL,99.86,88
16744,ORD016744,LIMIT,BUY,98.83,53
16745,ORD016745,LIMIT,SELL,99.82,30
16746,ORD016746,LIMIT,SELL,101.94,17
16747,ORD016747,MARKET,SELL,,77
16748,ORD016748,MARKET,SELL,,46
16749,ORD016749,LIMIT,SELL,101.8,49
16750,ORD016750,MARKET,BUY,,52
16751,ORD016751,LIMIT,SELL,100.75,88
16752,ORD014971,CANCEL,,,
16753,ORD016753,MARKET,SELL,,95
16754,ORD016754,MARKET,BUY,,20
16755,ORD016755,LIMIT,SELL,99.64,93
16756,ORD016756,LIMIT,SELL,99.77,55
16757,ORD016757,LIMIT,BUY,98.36,25
16758,ORD016758,LIMIT,SELL,100.77,73
16759,ORD016759,MARKET,BUY,,70
16760,ORD016760,MARKET,BUY,,39
16761,ORD016761,MARKET,SELL,,43
16762,ORD016762,MARKET,BUY,,92
16763,ORD016763,LIMIT,BUY,100.48,8
16764,ORD016764,MARKET,BUY,,72
16765,ORD016765,MARKET,BUY,,21
16766,ORD016766,LIMIT,SELL,101.22,72
16767,ORD016767,LIMIT,SELL,99.86,85
16768,ORD016768,MARKET,SELL,,93
16769,ORD016769,LIMIT,SELL,101.21,72
16770,ORD016770,LIMIT,SELL,101.56,85
16771,ORD016771,LIMIT,SELL,100.61,15
16772,ORD016772,LIMIT,BUY,99.55,62
16773,ORD016773,LIMIT,SELL,101.74,68
16774,ORD016774,LIMIT,BUY,98.5,62
16775,ORD016775,MARKET,SELL,,57
16776,ORD016776,LIMIT,SELL,100.61,28
16777,ORD016777,LIMIT,SELL,99.77,54
16778,ORD016778,MARKET,BUY,,7
16779,ORD016779,MARKET,SELL,,90
16780,ORD016780,LIMIT,BUY,99.35,92
16781,ORD006963,CANCEL,,,
16782,ORD016782,LIMIT,SELL,100.52,95
16783,ORD016783,LIMIT,BUY,100.3,19
16784,ORD016784,LIMIT,BUY,98.6,10
16785,ORD016785,MARKET,BUY,,11
16786,ORD016786,MARKET,BUY,,33
16787,ORD016787,LIMIT,SELL,101.21,16
16788,ORD016788,MARKET,SELL,,19
16789,ORD016789,LIMIT,BUY,99.82,87
16790,ORD016790,LIMIT,BUY,98.87,8
16791,ORD016791,MARKET,BUY,,39
16792,ORD016792,LIMIT,BUY,99.36,37
16793,ORD016793,LIMIT,BUY,98.88,18
16794,ORD016794,MARKET,SELL,,62
16795,ORD016795,MARKET,BUY,,62
16796,ORD016796,MARKET,BUY,,79
16797,ORD016797,MARKET,BUY,,17
16798,ORD016798,MARKET,BUY,,9
16799,ORD016799,LIMIT,SELL,101.29,99
16800,ORD016800,LIMIT,BUY,98.26,8
16801,ORD003976,CANCEL,,,
16802,ORD016802,MARKET,SELL,,4
16803,ORD016803,LIMIT,SELL,100.7,5
16804,ORD016804,LIMIT,SELL,99.89,100
16805,ORD012167,CANCEL,,,
16806,ORD016806,MARKET,BUY,,15
16807,ORD016807,MARKET,SELL,,67
16808,ORD016808,MARKET,BUY,,84
16809,ORD016809,MARKET,BUY,,31
16810,ORD016810,MARKET,SELL,,86
16811,ORD016811,LIMIT,SELL,100.21,42
16812,ORD016812,MARKET,SELL,,96
16813,ORD016813,LIMIT,BUY,98.57,97
16814,ORD016814,LIMIT,SELL,101.01,72
16815,ORD016815,LIMIT,BUY,100.4,61
16816,ORD016816,LIMIT,BUY,98.5,91
16817,ORD016817,LIMIT,SELL,99.98,16
16818,ORD016818,MARKET,BUY,,19
16819,ORD016819,LIMIT,SELL,100.59,37
16820,ORD016820,LIMIT,SELL,100.82,27
16821,ORD016821,MARKET,BUY,,75
16822,ORD016822,MARKET,BUY,,6
16823,ORD016823,LIMIT,BUY,99.47,15
16824,ORD016824,LIMIT,SELL,99.9,60
16825,ORD016825,LIMIT,BUY,98.64,1
16826,ORD016826,LIMIT,BUY,98.8,57
16827,ORD016827,MARKET,BUY,,2
16828,ORD016828,MARKET,BUY,,6
16829,ORD016829,LIMIT,BUY,98.54,63
16830,ORD016830,MARKET,SELL,,40
16831,ORD016831,LIMIT,SELL,100.11,98
16832,ORD016832,MARKET,BUY,,84
16833,ORD016833,LIMIT,BUY,98.88,19
16834,ORD016834,MARKET,SELL,,69
16835,ORD016835,LIMIT,SELL,100.74,80
16836,ORD016836,MARKET,BUY,,98
16837,ORD016837,LIMIT,BUY,98.03,28
16838,ORD016838,LIMIT,SELL,101.08,99
16839,ORD016839,LIMIT,SELL,99.81,1
16840,ORD016840,LIMIT,SELL,99.78,85
16841,ORD016841,MARKET,BUY,,31
16842,ORD016842,LIMIT,BUY,100.0,8
16843,ORD016843,MARKET,BUY,,14
16844,ORD016844,MARKET,BUY,,49
16845,ORD016845,LIMIT,BUY,100.26,66
16846,ORD016846,MARKET,SELL,,25
16847,ORD016847,LIMIT,BUY,100.29,33
16848,ORD016848,LIMIT,BUY,99.05,15
16849,ORD009328,CANCEL,,,
16850,ORD005477,CANCEL,,,
16851,ORD016851,LIMIT,BUY,99.9,88
16852,ORD016852,MARKET,BUY,,48
16853,ORD016853,MARKET,SELL,,64
16854,ORD016854,LIMIT,SELL,100.33,17
16855,ORD016855,MARKET,SELL,,9
16856,ORD016856,MARKET,SELL,,53
16857,ORD016857,LIMIT,SELL,101.57,57
16858,ORD016858,LIMIT,SELL,101.43,60
16859,ORD016859,MARKET,SELL,,2
16860,ORD016860,LIMIT,SELL,100.76,78
16861,ORD016861,LIMIT,BUY,98.98,55
16862,ORD016862,MARKET,SELL,,73
16863,ORD016863,MARKET,SELL,,40
16864,ORD016864,MARKET,BUY,,82
16865,ORD015454,CANCEL,,,
16866,ORD016866,LIMIT,SELL,99.52,28
16867,ORD016867,LIMIT,SELL,100.14,72
16868,ORD016868,MARKET,BUY,,27
16869,ORD016869,MARKET,BUY,,47
16870,ORD016870,MARKET,BUY,,25
16871,ORD016871,LIMIT,SELL,100.89,24
16872,ORD016872,MARKET,SELL,,9
16873,ORD016873,LIMIT,SELL,100.25,58
16874,ORD016874,LIMIT,BUY,99.86,26
16875,ORD016875,MARKET,SELL,,74
16876,ORD016876,LIMIT,BUY,98.96,46
16877,ORD016877,LIMIT,BUY,98.92,34
16878,ORD016878,LIMIT,SELL,100.98,97
16879,ORD016879,MARKET,BUY,,92
16880,ORD016880,MARKET,BUY,,88
16881,ORD016881,MARKET,BUY,,31
16882,ORD016882,LIMIT,SELL,100.9,66
16883,ORD016883,MARKET,SELL,,24
16884,ORD016884,LIMIT,SELL,100.41,92
16885,ORD016885,MARKET,BUY,,24
16886,ORD016886,LIMIT,SELL,99.89,20
16887,ORD016887,MARKET,SELL,,98
16888,ORD016888,MARKET,BUY,,7
16889,ORD016889,LIMIT,SELL,100.37,13
16890,ORD016890,LIMIT,BUY,98.56,77
16891,ORD004825,CANCEL,,,
16892,ORD016892,LIMIT,SELL,100.65,83
16893,ORD016893,LIMIT,SELL,99.71,34
16894,ORD016894,MARKET,BUY,,27
16895,ORD016895,MARKET,BUY,,44
16896,ORD016896,LIMIT,SELL,101.57,57
16897,ORD016897,LIMIT,BUY,98.67,82
16898,ORD016898,LIMIT,BUY,98.89,18
16899,ORD016899,MARKET,SELL,,48
16900,ORD016900,MARKET,BUY,,87
16901,ORD016901,LIMIT,BUY,98.79,74
16902,ORD016902,MARKET,SELL,,16
16903,ORD016903,LIMIT,BUY,99.18,32
16904,ORD016904,LIMIT,SELL,101.55,65
16905,ORD016905,MARKET,BUY,,50
16906,ORD016906,MARKET,BUY,,84
16907,ORD016907,LIMIT,SELL,100.67,92
16908,ORD016908,MARKET,BUY,,39
16909,ORD016909,LIMIT,SELL,101.63,46
16910,ORD016910,LIMIT,BUY,98.71,7
16911,ORD016911,LIMIT,BUY,98.42,42
16912,ORD016912,LIMIT,SELL,100.31,60
16913,ORD016913,LIMIT,BUY,98.06,21
16914,ORD016914,LIMIT,BUY,99.13,32
16915,ORD016915,MARKET,SELL,,47
16916,ORD016916,LIMIT,BUY,98.63,1
16917,ORD016917,MARKET,BUY,,88
16918,ORD016918,LIMIT,SELL,101.55,54
16919,ORD016919,MARKET,BUY,,9
16920,ORD016920,MARKET,SELL,,41
16921,ORD016921,LIMIT,BUY,99.74,96
16922,ORD016922,MARKET,SELL,,34
16923,ORD016923,LIMIT,BUY,99.92,27
16924,ORD016924,LIMIT,BUY,98.06,51
16925,ORD016925,MARKET,BUY,,88
16926,ORD016926,MARKET,BUY,,11
16927,ORD016927,LIMIT,SELL,99.55,39
16928,ORD016928,MARKET,BUY,,52
16929,ORD016929,LIMIT,SELL,101.79,10
16930,ORD016930,MARKET,SELL,,10
16931,ORD016931,LIMIT,SELL,101.11,5
16932,ORD016932,MARKET,BUY,,73
16933,ORD016933,MARKET,BUY,,3
16934,ORD016934,MARKET,SELL,,60
16935,ORD016935,MARKET,BUY,,7
16936,ORD016936,LIMIT,SELL,101.74,17
16937,ORD016937,LIMIT,BUY,99.83,21
16938,ORD016938,LIMIT,SELL,101.66,18
16939,ORD016939,LIMIT,BUY,99.49,58
16940,ORD016940,MARKET,BUY,,20
16941,ORD016941,MARKET,SELL,,10
16942,ORD016942,MARKET,SELL,,63
16943,ORD006047,CANCEL,,,
16944,ORD011514,CANCEL,,,
16945,ORD016945,LIMIT,SELL,100.06,41
16946,ORD016946,LIMIT,BUY,99.56,82
16947,ORD016947,LIMIT,BUY,99.78,15
16948,ORD016948,LIMIT,BUY,98.95,36
16949,ORD016949,LIMIT,SELL,99.56,18
16950,ORD016950,LIMIT,SELL,101.34,64
16951,ORD016951,MARKET,SELL,,21
16952,ORD016952,MARKET,BUY,,86
16953,ORD016953,MARKET,BUY,,54
16954,ORD016954,LIMIT,BUY,98.03,28
16955,ORD016955,MARKET,SELL,,21
16956,ORD016956,MARKET,BUY,,60
16957,ORD016957,LIMIT,SELL,101.66,29
16958,ORD016958,MARKET,SELL,,5
16959,ORD016959,MARKET,BUY,,68
16960,ORD016960,LIMIT,BUY,99.99,6
16961,ORD016961,LIMIT,SELL,100.3,32
16962,ORD011961,CANCEL,,,
16963,ORD016963,LIMIT,SELL,101.02,24
16964,ORD016964,MARKET,SELL,,79
16965,ORD016965,MARKET,SELL,,3
16966,ORD016966,MARKET,SELL,,10
16967,ORD016967,MARKET,SELL,,33
16968,ORD016968,MARKET,BUY,,14
16969,ORD016969,LIMIT,SELL,100.39,73
16970,ORD016970,MARKET,SELL,,73
16971,ORD016971,MARKET,SELL,,74
16972,ORD007263,CANCEL,,,
16973,ORD016973,LIMIT,SELL,101.58,78
16974,ORD016974,LIMIT,BUY,99.25,50
16975,ORD016975,MARKET,SELL,,85
16976,ORD016976,LIMIT,SELL,101.61,57
16977,ORD016977,MARKET,BUY,,12
16978,ORD016978,LIMIT,BUY,100.28,15
16979,ORD016979,LIMIT,SELL,100.65,41
16980,ORD016980,MARKET,SELL,,80
16981,ORD016981,LIMIT,BUY,99.84,39
16982,ORD016982,LIMIT,SELL,99.57,56
16983,ORD016983,MARKET,SELL,,66
16984,ORD016984,LIMIT,SELL,101.06,80
16985,ORD016985,MARKET,SELL,,47
16986,ORD016986,LIMIT,BUY,98.33,92
16987,ORD016987,LIMIT,SELL,99.86,15
16988,ORD016988,LIMIT,BUY,99.95,96
16989,ORD016989,MARKET,SELL,,14
16990,ORD016990,LIMIT,BUY,98.44,17
16991,ORD016991,LIMIT,BUY,98.33,5
16992,ORD016992,MARKET,BUY,,28
16993,ORD016993,MARKET,SELL,,38
16994,ORD016994,MARKET,SELL,,66
16995,ORD016995,MARKET,SELL,,4
16996,ORD016996,MARKET,SELL,,35
16997,ORD016997,MARKET,BUY,,30
16998,ORD016998,LIMIT,BUY,100.22,95
16999,ORD016529,CANCEL,,,
17000,ORD017000,MARKET,SELL,,98
17001,ORD017001,MARKET,SELL,,10
17002,ORD017002,MARKET,SELL,,53
17003,ORD017003,LIMIT,BUY,99.07,69
17004,ORD017004,LIMIT,BUY,99.97,91
17005,ORD017005,LIMIT,BUY,98.47,86
17006,ORD017006,LIMIT,SELL,101.4,36
17007,ORD017007,LIMIT,BUY,98.71,94
17008,ORD017008,MARKET,SELL,,10
17009,ORD017009,LIMIT,SELL,100.06,21
17010,ORD017010,LIMIT,BUY,99.37,9
17011,ORD017011,LIMIT,BUY,98.17,73
17012,ORD017012,MARKET,SELL,,4
17013,ORD017013,LIMIT,BUY,99.16,15
17014,ORD017014,MARKET,SELL,,67
17015,ORD017015,LIMIT,SELL,100.59,20
17016,ORD017016,MARKET,SELL,,95
17017,ORD017017,MARKET,SELL,,45
17018,ORD017018,MARKET,SELL,,28
17019,ORD017019,LIMIT,SELL,100.34,77
17020,ORD017020,LIMIT,SELL,99.69,19
17021,ORD017021,LIMIT,BUY,98.04,13
17022,ORD017022,MARKET,SELL,,35
17023,ORD017023,MARKET,SELL,,25
17024,ORD017024,MARKET,SELL,,58
17025,ORD017025,LIMIT,SELL,101.82,11
17026,ORD017026,MARKET,BUY,,93
17027,ORD017027,MARKET,SELL,,94
17028,ORD017028,MARKET,SELL,,36
17029,ORD017029,LIMIT,BUY,99.44,31
17030,ORD017030,MARKET,BUY,,13
17031,ORD017031,MARKET,SELL,,74
17032,ORD017032,LIMIT,SELL,99.99,5
17033,ORD017033,LIMIT,BUY,98.3,28
17034,ORD017034,LIMIT,BUY,98.46,19
17035,ORD017035,MARKET,SELL,,71
17036,ORD017036,MARKET,BUY,,11
17037,ORD017037,LIMIT,SELL,101.82,21
17038,ORD017038,LIMIT,SELL,101.94,90
17039,ORD017039,LIMIT,BUY,98.88,4
17040,ORD017040,LIMIT,BUY,100.14,94
17041,ORD017041,MARKET,BUY,,69
17042,ORD017042,LIMIT,BUY,98.36,100
17043,ORD017043,LIMIT,SELL,101.89,14
17044,ORD017044,MARKET,BUY,,93
17045,ORD017045,MARKET,SELL,,62
17046,ORD017046,LIMIT,BUY,99.27,84
17047,ORD017047,LIMIT,SELL,99.81,20
17048,ORD017048,LIMIT,SELL,101.16,46
17049,ORD017049,LIMIT,SELL,99.87,90
17050,ORD017050,LIMIT,BUY,98.12,83
17051,ORD017051,MARKET,BUY,,6
17052,ORD017052,MARKET,BUY,,14
17053,ORD017053,MARKET,SELL,,3
17054,ORD017054,LIMIT,SELL,101.15,61
17055,ORD017055,LIMIT,SELL,100.43,16
17056,ORD017056,LIMIT,SELL,99.82,64
17057,ORD017057,LIMIT,SELL,99.64,11
17058,ORD017058,LIMIT,BUY,99.06,75
17059,ORD017059,LIMIT,BUY,100.08,58
17060,ORD017060,LIMIT,SELL,100.74,63
17061,ORD017061,MARKET,SELL,,52
17062,ORD017062,MARKET,BUY,,71
17063,ORD017063,LIMIT,SELL,101.5,35
17064,ORD017064,MARKET,SELL,,35
17065,ORD017065,MARKET,SELL,,46
17066,ORD017066,LIMIT,SELL,101.97,38
17067,ORD017067,MARKET,BUY,,23
17068,ORD017068,MARKET,SELL,,57
17069,ORD017069,LIMIT,BUY,98.86,23
17070,ORD017070,MARKET,SELL,,60
17071,ORD017071,LIMIT,BUY,98.22,20
17072,ORD017072,LIMIT,BUY,99.29,4
17073,ORD017073,MARKET,SELL,,42
17074,ORD017074,MARKET,SELL,,89
17075,ORD017075,MARKET,SELL,,37
17076,ORD017076,LIMIT,SELL,101.59,71
17077,ORD017077,MARKET,BUY,,39
17078,ORD017078,LIMIT,SELL,100.83,67
17079,ORD017079,LIMIT,BUY,98.83,45
17080,ORD017080,MARKET,BUY,,61
17081,ORD017081,MARKET,BUY,,52
17082,ORD017082,MARKET,BUY,,81
17083,ORD017083,LIMIT,SELL,101.32,60
17084,ORD017084,MARKET,SELL,,81
17085,ORD017085,MARKET,SELL,,22
17086,ORD017086,LIMIT,SELL,100.68,59
17087,ORD017087,LIMIT,BUY,98.46,5
17088,ORD002475,CANCEL,,,
17089,ORD017089,MARKET,BUY,,79
17090,ORD017090,LIMIT,BUY,99.67,61
17091,ORD017091,MARKET,BUY,,92
17092,ORD017092,MARKET,SELL,,41
17093,ORD017093,LIMIT,SELL,100.99,31
17094,ORD017094,LIMIT,BUY,99.64,40
17095,ORD017095,MARKET,SELL,,10
17096,ORD017096,MARKET,BUY,,42
17097,ORD017097,LIMIT,BUY,99.07,90
17098,ORD017098,MARKET,SELL,,42
17099,ORD017099,LIMIT,BUY,98.02,24
17100,ORD017100,MARKET,BUY,,72
17101,ORD017101,LIMIT,SELL,100.98,27
17102,ORD017102,MARKET,SELL,,58
17103,ORD017103,MARKET,SELL,,35
17104,ORD017104,MARKET,SELL,,95
17105,ORD017105,MARKET,SELL,,19
17106,ORD017106,MARKET,SELL,,4
17107,ORD017107,MARKET,BUY,,59
17108,ORD017108,MARKET,BUY,,4
17109,ORD017109,LIMIT,SELL,101.81,7
17110,ORD017110,LIMIT,BUY,98.59,15
17111,ORD017111,MARKET,SELL,,44
17112,ORD017112,MARKET,SELL,,15
17113,ORD017113,LIMIT,BUY,99.73,12
17114,ORD017114,LIMIT,BUY,99.93,84
17115,ORD017115,LIMIT,SELL,101.85,41
17116,ORD017116,LIMIT,BUY,98.28,89
17117,ORD017117,LIMIT,SELL,100.12,32
17118,ORD017118,LIMIT,SELL,101.18,33
17119,ORD017119,LIMIT,SELL,101.77,13
17120,ORD017120,LIMIT,BUY,99.55,7
17121,ORD017121,LIMIT,SELL,101.77,60
17122,ORD017122,LIMIT,BUY,98.59,30
17123,ORD017123,LIMIT,SELL,101.8,34
17124,ORD017124,MARKET,BUY,,56
17125,ORD017125,LIMIT,SELL,100.93,45
17126,ORD017126,MARKET,SELL,,76
17127,ORD012335,CANCEL,,,
17128,ORD017128,MARKET,SELL,,41
17129,ORD017129,MARKET,SELL,,64
17130,ORD017130,LIMIT,BUY,99.64,95
17131,ORD005732,CANCEL,,,
17132,ORD017132,MARKET,SELL,,2
17133,ORD017133,LIMIT,SELL,99.65,61
17134,ORD017134,LIMIT,SELL,101.4,35
17135,ORD017135,MARKET,BUY,,44
17136,ORD017136,MARKET,BUY,,69
17137,ORD017137,LIMIT,SELL,100.27,70
17138,ORD017138,MARKET,BUY,,2
17139,ORD017139,MARKET,SELL,,50
17140,ORD017140,LIMIT,BUY,99.24,86
17141,ORD017141,LIMIT,SELL,99.83,86
17142,ORD017142,MARKET,SELL,,28
17143,ORD017143,LIMIT,BUY,98.38,89
17144,ORD017144,LIMIT,BUY,99.18,31
17145,ORD017145,MARKET,BUY,,79
17146,ORD017146,MARKET,SELL,,30
17147,ORD017147,MARKET,BUY,,78
17148,ORD017148,MARKET,SELL,,78
17149,ORD017149,MARKET,BUY,,51
17150,ORD017150,MARKET,BUY,,28
17151,ORD017151,LIMIT,SELL,101.47,59
17152,ORD017152,MARKET,BUY,,23
17153,ORD017153,MARKET,SELL,,16
17154,ORD017154,MARKET,BUY,,56
17155,ORD017155,LIMIT,SELL,101.01,14
17156,ORD017156,LIMIT,BUY,98.88,23
17157,ORD008613,CANCEL,,,
17158,ORD013229,CANCEL,,,
17159,ORD017159,LIMIT,BUY,99.56,51
17160,ORD017160,LIMIT,SELL,101.36,74
17161,ORD017161,MARKET,BUY,,1
17162,ORD017162,MARKET,SELL,,27
17163,ORD017163,MARKET,BUY,,45
17164,ORD017164,MARKET,BUY,,100
17165,ORD017165,LIMIT,SELL,101.27,72
17166,ORD017166,MARKET,BUY,,18
17167,ORD017167,MARKET,BUY,,29
17168,ORD017168,MARKET,BUY,,89
17169,ORD017169,LIMIT,SELL,100.27,9
17170,ORD017170,MARKET,SELL,,2
17171,ORD017171,MARKET,SELL,,39
17172,ORD017172,LIMIT,BUY,98.18,75
17173,ORD017173,LIMIT,SELL,101.6,54
17174,ORD017174,LIMIT,SELL,101.95,34
17175,ORD016614,CANCEL,,,
17176,ORD017176,LIMIT,BUY,98.09,45
17177,ORD017177,LIMIT,BUY,98.52,58
17178,ORD017178,LIMIT,BUY,98.57,16
17179,ORD017179,MARKET,BUY,,18
17180,ORD017180,LIMIT,SELL,101.34,90
17181,ORD017181,LIMIT,SELL,100.27,12
17182,ORD017182,LIMIT,BUY,98.62,45
17183,ORD017183,LIMIT,BUY,98.79,7
17184,ORD017184,MARKET,BUY,,64
17185,ORD017185,LIMIT,SELL,100.82,62
17186,ORD017186,LIMIT,BUY,98.21,45
17187,ORD017187,MARKET,BUY,,7
17188,ORD017188,LIMIT,SELL,101.34,58
17189,ORD017189,LIMIT,SELL,100.86,94
17190,ORD017190,LIMIT,SELL,101.7,13
17191,ORD017191,LIMIT,SELL,100.68,84
17192,ORD017192,MARKET,BUY,,29
17193,ORD017193,LIMIT,SELL,99.96,17
17194,ORD017194,MARKET,SELL,,8
17195,ORD017195,MARKET,BUY,,34
17196,ORD017196,MARKET,BUY,,69
17197,ORD017197,MARKET,BUY,,28
17198,ORD017198,LIMIT,BUY,99.65,37
17199,ORD017199,LIMIT,BUY,99.74,89
17200,ORD017200,LIMIT,SELL,100.72,15
17201,ORD006379,CANCEL,,,
17202,ORD017202,MARKET,SELL,,72
17203,ORD017203,LIMIT,BUY,98.62,1
17204,ORD017204,MARKET,BUY,,6
17205,ORD017205,MARKET,BUY,,79
17206,ORD017206,MARKET,SELL,,15
17207,ORD017207,MARKET,BUY,,5
17208,ORD017208,MARKET,BUY,,83
17209,ORD017209,LIMIT,BUY,99.44,15
17210,ORD017210,MARKET,SELL,,33
17211,ORD017211,LIMIT,BUY,99.88,9
17212,ORD017212,LIMIT,SELL,101.33,86
17213,ORD017213,LIMIT,BUY,98.92,64
17214,ORD017214,MARKET,SELL,,12
17215,ORD017215,MARKET,BUY,,10
17216,ORD017216,LIMIT,BUY,100.11,34
17217,ORD017217,LIMIT,BUY,99.29,20
17218,ORD017218,MARKET,BUY,,79
17219,ORD017219,MARKET,BUY,,92
17220,ORD017220,LIMIT,BUY,99.07,94
17221,ORD017221,MARKET,SELL,,77
17222,ORD017222,LIMIT,BUY,99.05,22
17223,ORD017223,LIMIT,SELL,101.82,1
17224,ORD017224,LIMIT,BUY,100.19,30
17225,ORD017225,MARKET,BUY,,89
17226,ORD017226,LIMIT,SELL,101.15,2
17227,ORD017227,LIMIT,SELL,101.36,81
17228,ORD017228,LIMIT,SELL,100.63,47
17229,ORD017229,MARKET,SELL,,96
17230,ORD017230,LIMIT,SELL,99.89,15
17231,ORD017231,LIMIT,BUY,98.81,43
17232,ORD017232,MARKET,SELL,,76
17233,ORD017233,MARKET,BUY,,48
17234,ORD017234,LIMIT,BUY,98.46,2
17235,ORD017235,MARKET,BUY,,87
17236,ORD017236,MARKET,SELL,,35
17237,ORD017237,MARKET,SELL,,26
17238,ORD016361,CANCEL,,,
17239,ORD017239,MARKET,BUY,,74
17240,ORD017240,LIMIT,BUY,98.72,79
17241,ORD017241,LIMIT,SELL,101.6,39
17242,ORD017242,MARKET,SELL,,60
17243,ORD017243,LIMIT,BUY,100.46,2
17244,ORD017244,LIMIT,BUY,98.69,85
17245,ORD017245,LIMIT,SELL,100.33,97
17246,ORD017246,MARKET,BUY,,83
17247,ORD017247,LIMIT,BUY,98.05,92
17248,ORD017248,MARKET,SELL,,7
17249,ORD000105,CANCEL,,,
17250,ORD017250,MARKET,SELL,,74
17251,ORD017251,LIMIT,SELL,100.06,93
17252,ORD017252,LIMIT,SELL,101.02,39
17253,ORD017253,LIMIT,BUY,98.29,52
17254,ORD017254,LIMIT,BUY,99.08,63
17255,ORD017255,LIMIT,SELL,100.95,38
17256,ORD017256,LIMIT,SELL,101.92,25
17257,ORD017257,MARKET,SELL,,86
17258,ORD017258,MARKET,BUY,,100
17259,ORD017259,MARKET,SELL,,89
17260,ORD017260,LIMIT,SELL,100.28,41
17261,ORD017261,MARKET,BUY,,96
17262,ORD017262,MARKET,SELL,,9
17263,ORD017263,MARKET,SELL,,62
17264,ORD017264,LIMIT,SELL,99.59,8
17265,ORD017265,LIMIT,BUY,98.56,67
17266,ORD017266,MARKET,BUY,,67
17267,ORD017267,LIMIT,SELL,100.7,93
17268,ORD017268,LIMIT,BUY,99.66,18
17269,ORD017269,LIMIT,BUY,98.26,48
17270,ORD017270,MARKET,SELL,,21
17271,ORD017271,MARKET,BUY,,90
17272,ORD017272,MARKET,BUY,,46
17273,ORD017273,LIMIT,SELL,101.32,68
17274,ORD017274,MARKET,BUY,,79
17275,ORD017275,MARKET,BUY,,20
17276,ORD017276,LIMIT,BUY,99.62,5
17277,ORD017277,LIMIT,BUY,98.68,43
17278,ORD017278,MARKET,SELL,,66
17279,ORD017279,MARKET,BUY,,91
17280,ORD017280,LIMIT,BUY,99.48,38
17281,ORD017281,LIMIT,SELL,99.7,51
17282,ORD017282,LIMIT,BUY,99.82,7
17283,ORD017283,MARKET,BUY,,57
17284,ORD011158,CANCEL,,,
17285,ORD017285,MARKET,BUY,,2
17286,ORD017286,LIMIT,BUY,99.09,37
17287,ORD017287,LIMIT,SELL,100.1,11
17288,ORD017288,LIMIT,BUY,99.88,81
17289,ORD017289,LIMIT,SELL,101.41,48
17290,ORD017290,LIMIT,SELL,99.86,66
17291,ORD017291,LIMIT,SELL,101.02,18
17292,ORD017292,MARKET,SELL,,11
17293,ORD017293,LIMIT,BUY,98.22,84
17294,ORD017294,MARKET,SELL,,2
17295,ORD017295,LIMIT,BUY,98.49,46
17296,ORD017296,MARKET,SELL,,78
17297,ORD017297,LIMIT,BUY,98.45,99
17298,ORD017298,LIMIT,SELL,99.54,82
17299,ORD017299,LIMIT,SELL,99.51,23
17300,ORD017300,LIMIT,SELL,101.52,80
17301,ORD017301,LIMIT,SELL,100.61,12
17302,ORD014684,CANCEL,,,
17303,ORD017303,LIMIT,BUY,98.21,30
17304,ORD017304,MARKET,BUY,,21
17305,ORD017305,MARKET,BUY,,91
17306,ORD017306,LIMIT,BUY,99.8,34
17307,ORD017307,LIMIT,SELL,100.34,5
17308,ORD017308,MARKET,SELL,,40
17309,ORD017309,MARKET,BUY,,51
17310,ORD017310,MARKET,BUY,,75
17311,ORD017311,MARKET,BUY,,30
17312,ORD017312,MARKET,SELL,,89
17313,ORD017313,MARKET,SELL,,55
17314,ORD017314,LIMIT,BUY,99.47,90
17315,ORD017315,LIMIT,SELL,100.95,11
17316,ORD002500,CANCEL,,,
17317,ORD017317,LIMIT,BUY,98.17,8
17318,ORD017318,MARKET,BUY,,48
17319,ORD017319,LIMIT,SELL,101.15,47
17320,ORD017320,LIMIT,BUY,99.61,26
17321,ORD017321,MARKET,BUY,,79
17322,ORD017322,LIMIT,BUY,98.59,20
17323,ORD017323,MARKET,SELL,,11
17324,ORD017324,LIMIT,BUY,99.71,2
17325,ORD017325,MARKET,SELL,,68
17326,ORD017326,LIMIT,BUY,98.78,85
17327,ORD017327,LIMIT,BUY,99.69,35
17328,ORD017328,LIMIT,SELL,101.01,22
17329,ORD017329,MARKET,SELL,,68
17330,ORD017330,LIMIT,SELL,99.76,91
17331,ORD017331,LIMIT,BUY,98.08,40
17332,ORD017332,LIMIT,SELL,101.48,95
17333,ORD017333,MARKET,SELL,,95
17334,ORD017334,LIMIT,BUY,100.23,20
17335,ORD017335,LIMIT,BUY,98.94,94
17336,ORD017336,MARKET,BUY,,69
17337,ORD017337,MARKET,SELL,,59
17338,ORD017338,MARKET,BUY,,79
17339,ORD017339,MARKET,SELL,,22
17340,ORD017340,MARKET,SELL,,53
17341,ORD017341,MARKET,BUY,,24
17342,ORD017342,MARKET,BUY,,86
17343,ORD014159,CANCEL,,,
17344,ORD017344,LIMIT,BUY,99.04,86
17345,ORD017345,MARKET,SELL,,64
17346,ORD017346,LIMIT,BUY,98.74,34
17347,ORD017347,MARKET,BUY,,20
17348,ORD011577,CANCEL,,,
17349,ORD017349,LIMIT,SELL,101.3,64
17350,ORD017350,MARKET,SELL,,90
17351,ORD017351,MARKET,SELL,,90
17352,ORD017352,MARKET,BUY,,78
17353,ORD017353,MARKET,SELL,,42
17354,ORD017354,MARKET,BUY,,61
17355,ORD017355,LIMIT,BUY,99.62,97
17356,ORD011710,CANCEL,,,
17357,ORD017357,MARKET,BUY,,53
17358,ORD017358,LIMIT,SELL,101.67,23
17359,ORD017359,MARKET,SELL,,100
17360,ORD017360,LIMIT,SELL,101.72,64
17361,ORD017361,LIMIT,BUY,98.66,11
17362,ORD017362,LIMIT,BUY,98.36,83
17363,ORD017363,MARKET,SELL,,4
17364,ORD017364,LIMIT,BUY,98.53,20
17365,ORD017365,LIMIT,BUY,99.47,24
17366,ORD017366,LIMIT,BUY,100.31,42
17367,ORD017367,MARKET,BUY,,28
17368,ORD017368,LIMIT,SELL,101.35,18
17369,ORD017369,MARKET,SELL,,31
17370,ORD017370,MARKET,BUY,,32
17371,ORD017371,LIMIT,BUY,98.98,4
17372,ORD017372,LIMIT,SELL,100.0,41
17373,ORD010248,CANCEL,,,
17374,ORD017374,LIMIT,BUY,99.34,80
17375,ORD017375,MARKET,SELL,,31
17376,ORD017376,LIMIT,SELL,100.93,41
17377,ORD017377,LIMIT,BUY,100.05,22
17378,ORD017378,LIMIT,BUY,98.49,93
17379,ORD017379,MARKET,BUY,,97
17380,ORD017380,LIMIT,SELL,100.11,94
17381,ORD017381,MARKET,BUY,,35
17382,ORD017382,LIMIT,BUY,98.44,70
17383,ORD016220,CANCEL,,,
17384,ORD017384,LIMIT,SELL,100.88,83
17385,ORD017385,LIMIT,SELL,101.22,49
17386,ORD017386,MARKET,BUY,,65
17387,ORD017387,MARKET,SELL,,62
17388,ORD017388,LIMIT,BUY,98.26,92
17389,ORD017389,MARKET,BUY,,29
17390,ORD017390,MARKET,SELL,,90
17391,ORD017391,MARKET,SELL,,46
17392,ORD017392,MARKET,SELL,,35
17393,ORD017393,MARKET,SELL,,29
17394,ORD017394,MARKET,SELL,,40
17395,ORD017395,MARKET,SELL,,82
17396,ORD017396,MARKET,BUY,,46
17397,ORD017397,MARKET,BUY,,5
17398,ORD017398,LIMIT,BUY,99.68,74
17399,ORD001000,CANCEL,,,
17400,ORD017400,LIMIT,SELL,101.17,14
17401,ORD017401,LIMIT,SELL,101.3,5
17402,ORD017402,MARKET,BUY,,94
17403,ORD017403,LIMIT,BUY,98.89,75
17404,ORD017404,MARKET,BUY,,38
17405,ORD017405,MARKET,SELL,,48
17406,ORD017406,MARKET,BUY,,54
17407,ORD017407,LIMIT,SELL,101.64,46
17408,ORD017408,MARKET,BUY,,48
17409,ORD014340,CANCEL,,,
17410,ORD017410,MARKET,BUY,,18
17411,ORD017411,LIMIT,SELL,100.59,59
17412,ORD017412,LIMIT,SELL,100.96,7
17413,ORD017413,MARKET,SELL,,57
17414,ORD017414,LIMIT,SELL,101.16,57
17415,ORD017415,LIMIT,SELL,99.76,88
17416,ORD017416,LIMIT,SELL,100.61,12
17417,ORD017417,LIMIT,BUY,98.51,23
17418,ORD017418,LIMIT,BUY,99.4,22
17419,ORD017419,LIMIT,BUY,99.59,26
17420,ORD017420,MARKET,SELL,,99
17421,ORD017421,LIMIT,SELL,100.7,13
17422,ORD017422,LIMIT,SELL,100.45,3
17423,ORD017423,LIMIT,BUY,99.43,33
17424,ORD017424,LIMIT,SELL,100.88,39
17425,ORD017425,MARKET,BUY,,34
17426,ORD017426,LIMIT,BUY,98.68,14
17427,ORD017427,LIMIT,BUY,98.75,53
17428,ORD017428,MARKET,SELL,,74
17429,ORD017429,LIMIT,BUY,98.02,98
17430,ORD017430,MARKET,SELL,,92
17431,ORD017431,MARKET,BUY,,41
17432,ORD015257,CANCEL,,,
17433,ORD017433,MARKET,SELL,,96
17434,ORD017412,CANCEL,,,
17435,ORD017435,LIMIT,SELL,101.79,17
17436,ORD017436,LIMIT,BUY,99.77,47
17437,ORD017437,MARKET,SELL,,20
17438,ORD017438,MARKET,SELL,,80
17439,ORD017439,LIMIT,BUY,98.71,11
17440,ORD017440,LIMIT,SELL,101.7,13
17441,ORD017441,MARKET,SELL,,89
17442,ORD017442,MARKET,SELL,,44
17443,ORD017443,MARKET,SELL,,72
17444,ORD006511,CANCEL,,,
17445,ORD017445,LIMIT,SELL,100.07,44
17446,ORD017446,MARKET,BUY,,54
17447,ORD017447,MARKET,SELL,,93
17448,ORD017448,MARKET,SELL,,92
17449,ORD017449,MARKET,SELL,,5
17450,ORD017450,LIMIT,SELL,100.2,47
17451,ORD017451,LIMIT,SELL,99.88,11
17452,ORD017452,MARKET,BUY,,8
17453,ORD017453,MARKET,SELL,,68
17454,ORD017454,LIMIT,BUY,99.23,91
17455,ORD017455,MARKET,BUY,,39
17456,ORD017456,LIMIT,BUY,98.04,21
17457,ORD017457,LIMIT,SELL,101.33,35
17458,ORD017458,MARKET,SELL,,67
17459,ORD017459,MARKET,SELL,,4
17460,ORD017460,LIMIT,SELL,100.64,17
17461,ORD017461,LIMIT,BUY,99.88,19
17462,ORD017462,LIMIT,BUY,99.07,41
17463,ORD017463,MARKET,BUY,,69
17464,ORD017464,MARKET,BUY,,23
17465,ORD017465,MARKET,BUY,,100
17466,ORD017466,LIMIT,BUY,99.79,53
17467,ORD017467,LIMIT,BUY,99.9,37
17468,ORD017468,LIMIT,BUY,99.72,57
17469,ORD017469,MARKET,BUY,,26
17470,ORD017470,MARKET,SELL,,56
17471,ORD017471,LIMIT,SELL,100.5,69
17472,ORD017472,LIMIT,SELL,101.43,94
17473,ORD017473,MARKET,BUY,,73
17474,ORD017474,LIMIT,SELL,101.69,63
17475,ORD017475,LIMIT,BUY,98.46,91
17476,ORD017476,LIMIT,SELL,100.7,34
17477,ORD017477,MARKET,SELL,,11
17478,ORD017478,MARKET,BUY,,16
17479,ORD017479,MARKET,SELL,,70
17480,ORD017480,LIMIT,BUY,98.02,14
17481,ORD017481,MARKET,SELL,,75
17482,ORD017482,LIMIT,BUY,100.15,78
17483,ORD017483,LIMIT,SELL,100.92,35
17484,ORD017484,MARKET,BUY,,28
17485,ORD017485,LIMIT,SELL,100.63,61
17486,ORD017486,LIMIT,BUY,100.34,60
17487,ORD017487,MARKET,SELL,,34
17488,ORD017488,LIMIT,SELL,101.61,81
17489,ORD017489,LIMIT,BUY,98.43,33
17490,ORD017490,LIMIT,SELL,101.56,79
17491,ORD017491,MARKET,SELL,,20
17492,ORD017492,LIMIT,SELL,101.32,29
17493,ORD013535,CANCEL,,,
17494,ORD017494,MARKET,SELL,,66
17495,ORD017495,MARKET,BUY,,12
17496,ORD017496,MARKET,BUY,,76
17497,ORD017497,LIMIT,SELL,101.09,100
17498,ORD017498,MARKET,SELL,,23
17499,ORD017499,MARKET,SELL,,77
17500,ORD017500,MARKET,BUY,,37
17501,ORD017501,MARKET,SELL,,76
17502,ORD017502,MARKET,BUY,,44
17503,ORD017503,LIMIT,BUY,100.31,83
17504,ORD017504,MARKET,SELL,,40
17505,ORD017505,LIMIT,SELL,100.25,68
17506,ORD017506,MARKET,SELL,,37
17507,ORD017507,LIMIT,SELL,100.82,14
17508,ORD017508,MARKET,SELL,,8
17509,ORD017509,LIMIT,SELL,100.48,34
17510,ORD008037,CANCEL,,,
17511,ORD017511,MARKET,BUY,,48
17512,ORD017512,LIMIT,SELL,100.25,5
17513,ORD017513,LIMIT,BUY,100.14,11
17514,ORD017514,MARKET,BUY,,32
17515,ORD017515,MARKET,BUY,,13
17516,ORD017516,LIMIT,SELL,101.58,81
17517,ORD017517,LIMIT,BUY,99.53,8
17518,ORD017518,MARKET,BUY,,70
17519,ORD017519,LIMIT,SELL,101.9,77
17520,ORD017520,LIMIT,BUY,99.69,20
17521,ORD017521,MARKET,SELL,,76
17522,ORD017522,LIMIT,BUY,98.57,69
17523,ORD017523,MARKET,SELL,,68
17524,ORD017524,MARKET,SELL,,11
17525,ORD017525,MARKET,BUY,,83
17526,ORD017526,MARKET,SELL,,2
17527,ORD017527,LIMIT,BUY,100.19,97
17528,ORD017528,LIMIT,SELL,100.52,13
17529,ORD017529,MARKET,SELL,,60
17530,ORD017530,MARKET,BUY,,85
17531,ORD017531,LIMIT,BUY,98.99,25
17532,ORD017532,LIMIT,SELL,101.48,49
17533,ORD017533,MARKET,SELL,,58
17534,ORD017534,MARKET,SELL,,73
17535,ORD017535,LIMIT,BUY,99.36,28
17536,ORD017536,LIMIT,SELL,99.53,51
17537,ORD017537,LIMIT,SELL,99.65,9
17538,ORD017538,MARKET,BUY,,42
17539,ORD017539,MARKET,SELL,,38
17540,ORD017540,LIMIT,BUY,98.71,69
17541,ORD017541,LIMIT,SELL,100.51,26
17542,ORD017542,LIMIT,BUY,99.91,16
17543,ORD017543,MARKET,SELL,,24
17544,ORD017544,LIMIT,BUY,100.49,10
17545,ORD017545,LIMIT,BUY,99.28,85
17546,ORD017546,MARKET,BUY,,76
17547,ORD017547,LIMIT,SELL,99.64,32
17548,ORD017548,MARKET,SELL,,74
17549,ORD017549,MARKET,SELL,,17
17550,ORD017550,MARKET,SELL,,75
17551,ORD017551,MARKET,BUY,,95
17552,ORD017552,LIMIT,BUY,98.97,87
17553,ORD017553,MARKET,SELL,,57
17554,ORD017554,MARKET,BUY,,31
17555,ORD017555,LIMIT,SELL,99.83,67
17556,ORD017556,LIMIT,BUY,98.26,9
17557,ORD017557,LIMIT,SELL,101.53,42
17558,ORD006684,CANCEL,,,
17559,ORD017559,LIMIT,SELL,99.73,94
17560,ORD017560,MARKET,BUY,,70
17561,ORD017561,LIMIT,BUY,99.87,22
17562,ORD017562,MARKET,SELL,,60
17563,ORD013888,CANCEL,,,
17564,ORD017564,LIMIT,SELL,100.02,12
17565,ORD017565,LIMIT,SELL,101.72,25
17566,ORD017566,MARKET,SELL,,28
17567,ORD017567,MARKET,BUY,,60
17568,ORD017568,LIMIT,BUY,98.83,4
17569,ORD017569,LIMIT,SELL,99.63,70
17570,ORD017570,MARKET,BUY,,60
17571,ORD017571,MARKET,BUY,,32
17572,ORD017572,MARKET,BUY,,66
17573,ORD017573,LIMIT,SELL,100.05,81
17574,ORD017574,MARKET,SELL,,76
17575,ORD017575,MARKET,SELL,,86
17576,ORD013042,CANCEL,,,
17577,ORD017577,MARKET,BUY,,48
17578,ORD017578,LIMIT,BUY,99.39,5
17579,ORD017579,LIMIT,SELL,101.3,12
17580,ORD017580,MARKET,BUY,,25
17581,ORD017581,LIMIT,SELL,99.74,83
17582,ORD017582,MARKET,BUY,,20
17583,ORD017583,LIMIT,BUY,98.97,70
17584,ORD017584,MARKET,SELL,,60
17585,ORD017585,LIMIT,SELL,100.0,68
17586,ORD017586,MARKET,SELL,,73
17587,ORD017587,MARKET,SELL,,45
17588,ORD017588,LIMIT,BUY,100.09,89
17589,ORD017589,MARKET,BUY,,30
17590,ORD017590,LIMIT,BUY,99.97,97
17591,ORD017591,LIMIT,BUY,99.54,36
17592,ORD017592,LIMIT,SELL,101.77,20
17593,ORD017593,LIMIT,BUY,99.88,48
17594,ORD017594,LIMIT,BUY,100.22,1
17595,ORD017595,LIMIT,SELL,100.47,48
17596,ORD017596,MARKET,BUY,,13
17597,ORD017597,MARKET,BUY,,93
17598,ORD017598,MARKET,SELL,,83
17599,ORD017599,MARKET,SELL,,69
17600,ORD017600,MARKET,BUY,,40
17601,ORD017601,LIMIT,BUY,98.63,86
17602,ORD017602,MARKET,BUY,,78
17603,ORD017603,LIMIT,SELL,101.12,75
17604,ORD017604,LIMIT,BUY,98.95,7
17605,ORD017605,MARKET,SELL,,54
17606,ORD017606,MARKET,SELL,,10
17607,ORD017607,MARKET,SELL,,54
17608,ORD017608,MARKET,SELL,,82
17609,ORD017609,MARKET,SELL,,81
17610,ORD017610,MARKET,BUY,,41
17611,ORD017611,LIMIT,SELL,100.78,88
17612,ORD017612,MARKET,SELL,,18
17613,ORD017613,LIMIT,BUY,98.8,69
17614,ORD017614,MARKET,SELL,,15
17615,ORD017615,MARKET,SELL,,66
17616,ORD017616,MARKET,BUY,,54
17617,ORD017617,MARKET,SELL,,4
17618,ORD017618,MARKET,SELL,,89
17619,ORD017619,MARKET,BUY,,83
17620,ORD017620,LIMIT,SELL,100.5,51
17621,ORD017621,MARKET,BUY,,77
17622,ORD015991,CANCEL,,,
17623,ORD017623,MARKET,SELL,,90
17624,ORD017624,LIMIT,SELL,99.73,65
17625,ORD017625,MARKET,BUY,,83
17626,ORD010732,CANCEL,,,
17627,ORD017627,MARKET,BUY,,69
17628,ORD017628,LIMIT,BUY,98.83,93
17629,ORD015283,CANCEL,,,
17630,ORD017630,MARKET,BUY,,3
17631,ORD017631,LIMIT,SELL,101.64,21
17632,ORD017632,LIMIT,SELL,99.96,66
17633,ORD017633,MARKET,SELL,,7
17634,ORD017634,LIMIT,SELL,101.93,7
17635,ORD017635,LIMIT,SELL,100.69,66
17636,ORD017636,LIMIT,BUY,99.65,50
17637,ORD017637,LIMIT,BUY,99.09,57
17638,ORD017638,MARKET,SELL,,100
17639,ORD017639,LIMIT,SELL,100.69,72
17640,ORD017640,LIMIT,BUY,98.41,24
17641,ORD017641,LIMIT,BUY,99.32,57
17642,ORD017642,MARKET,BUY,,62
17643,ORD017643,LIMIT,BUY,99.55,77
17644,ORD017644,MARKET,SELL,,23
17645,ORD017645,MARKET,SELL,,94
17646,ORD017646,LIMIT,SELL,101.55,65
17647,ORD017647,MARKET,SELL,,69
17648,ORD017648,MARKET,BUY,,73
17649,ORD017649,LIMIT,SELL,101.23,16
17650,ORD017650,MARKET,SELL,,16
17651,ORD017651,MARKET,SELL,,56
17652,ORD017652,MARKET,SELL,,23
17653,ORD017653,MARKET,BUY,,55
17654,ORD017654,MARKET,SELL,,44
17655,ORD017655,MARKET,SELL,,47
17656,ORD017656,MARKET,BUY,,26
17657,ORD017657,MARKET,SELL,,14
17658,ORD017658,MARKET,BUY,,83
17659,ORD017659,MARKET,BUY,,86
17660,ORD017660,LIMIT,SELL,100.42,70
17661,ORD017661,LIMIT,BUY,99.4,55
17662,ORD017662,MARKET,BUY,,23
17663,ORD017663,LIMIT,BUY,99.65,80
17664,ORD017664,LIMIT,SELL,100.45,61
17665,ORD017665,LIMIT,SELL,101.67,17
17666,ORD017666,LIMIT,BUY,99.75,67
17667,ORD017667,LIMIT,BUY,99.95,73
17668,ORD017668,MARKET,SELL,,86
17669,ORD017669,LIMIT,BUY,98.74,9
17670,ORD017670,LIMIT,SELL,99.52,97
17671,ORD017671,MARKET,BUY,,64
17672,ORD017672,MARKET,SELL,,49
17673,ORD017673,LIMIT,SELL,99.71,93
17674,ORD017674,LIMIT,SELL,101.53,38
17675,ORD017675,LIMIT,SELL,101.01,95
17676,ORD017676,MARKET,SELL,,61
17677,ORD011169,CANCEL,,,
17678,ORD017678,LIMIT,BUY,98.48,7
17679,ORD017679,MARKET,BUY,,15
17680,ORD017680,LIMIT,SELL,100.58,6
17681,ORD017681,LIMIT,BUY,99.82,61
17682,ORD017682,MARKET,SELL,,83
17683,ORD017683,LIMIT,BUY,98.86,64
17684,ORD017684,MARKET,BUY,,5
17685,ORD017685,LIMIT,BUY,100.39,9
17686,ORD017686,MARKET,BUY,,1
17687,ORD017687,MARKET,BUY,,16
17688,ORD017688,LIMIT,BUY,100.08,72
17689,ORD017689,LIMIT,BUY,99.52,75
17690,ORD017690,MARKET,SELL,,20
17691,ORD017691,MARKET,SELL,,36
17692,ORD017692,MARKET,SELL,,82
17693,ORD017693,LIMIT,BUY,99.48,38
17694,ORD017694,LIMIT,SELL,99.85,2
17695,ORD017695,LIMIT,BUY,100.09,17
17696,ORD016907,CANCEL,,,
17697,ORD017697,LIMIT,SELL,101.68,44
17698,ORD017698,MARKET,BUY,,16
17699,ORD017699,LIMIT,BUY,99.17,16
17700,ORD017700,LIMIT,SELL,100.7,40
17701,ORD017701,LIMIT,SELL,100.56,15
17702,ORD017702,LIMIT,SELL,100.79,87
17703,ORD017703,MARKET,SELL,,11
17704,ORD017704,MARKET,BUY,,94
17705,ORD017705,MARKET,SELL,,22
17706,ORD017706,LIMIT,SELL,101.42,99
17707,ORD017707,LIMIT,BUY,98.82,4
17708,ORD017708,MARKET,SELL,,59
17709,ORD006476,CANCEL,,,
17710,ORD017710,MARKET,BUY,,25
17711,ORD017711,MARKET,SELL,,12
17712,ORD017712,LIMIT,BUY,99.05,10
17713,ORD017713,LIMIT,BUY,98.82,5
17714,ORD017714,MARKET,BUY,,12
17715,ORD017715,LIMIT,SELL,100.24,22
17716,ORD017716,MARKET,BUY,,18
17717,ORD017717,MARKET,BUY,,79
17718,ORD017718,LIMIT,BUY,98.97,80
17719,ORD017719,LIMIT,SELL,100.2,36
17720,ORD000355,CANCEL,,,
17721,ORD017721,LIMIT,SELL,99.89,85
17722,ORD017722,LIMIT,BUY,99.99,75
17723,ORD017723,MARKET,SELL,,2
17724,ORD017724,LIMIT,SELL,99.84,44
17725,ORD017725,MARKET,BUY,,81
17726,ORD017726,MARKET,BUY,,76
17727,ORD017727,MARKET,BUY,,50
17728,ORD017728,MARKET,SELL,,29
17729,ORD017729,LIMIT,SELL,101.12,2
17730,ORD017730,MARKET,SELL,,25
17731,ORD017731,MARKET,BUY,,83
17732,ORD017732,LIMIT,BUY,99.11,100
17733,ORD017733,LIMIT,SELL,100.71,40
17734,ORD017734,MARKET,BUY,,68
17735,ORD017735,MARKET,BUY,,75
17736,ORD017736,MARKET,SELL,,6
17737,ORD017737,MARKET,BUY,,46
17738,ORD017738,MARKET,BUY,,56
17739,ORD017739,LIMIT,BUY,99.56,27
17740,ORD017740,LIMIT,SELL,100.04,46
17741,ORD017741,MARKET,BUY,,32
17742,ORD017742,LIMIT,BUY,99.87,65
17743,ORD017743,MARKET,BUY,,82
17744,ORD017744,MARKET,SELL,,68
17745,ORD017745,LIMIT,BUY,100.21,70
17746,ORD017746,MARKET,SELL,,59
17747,ORD017747,MARKET,BUY,,23
17748,ORD017748,LIMIT,BUY,99.85,96
17749,ORD017749,LIMIT,BUY,98.06,26
17750,ORD001466,CANCEL,,,
17751,ORD017751,LIMIT,BUY,99.19,13
17752,ORD017752,LIMIT,BUY,98.55,36
17753,ORD017753,LIMIT,SELL,101.24,31
17754,ORD017754,LIMIT,BUY,98.1,19
17755,ORD017755,LIMIT,SELL,101.25,83
17756,ORD017756,LIMIT,BUY,98.18,97
17757,ORD017757,MARKET,BUY,,95
17758,ORD017758,MARKET,SELL,,72
17759,ORD017759,LIMIT,BUY,99.24,17
17760,ORD017760,LIMIT,BUY,98.61,1
17761,ORD017761,MARKET,SELL,,69
17762,ORD017762,LIMIT,SELL,100.86,75
17763,ORD017763,MARKET,BUY,,25
17764,ORD017764,MARKET,BUY,,53
17765,ORD017765,LIMIT,SELL,100.88,60
17766,ORD017766,MARKET,SELL,,43
17767,ORD017767,MARKET,SELL,,28
17768,ORD017768,LIMIT,BUY,99.22,34
17769,ORD017769,LIMIT,BUY,99.91,18
17770,ORD017770,LIMIT,BUY,98.83,21
17771,ORD017771,MARKET,BUY,,72
17772,ORD017772,MARKET,SELL,,26
17773,ORD017773,LIMIT,SELL,100.43,78
17774,ORD017774,LIMIT,SELL,100.92,44
17775,ORD017775,MARKET,BUY,,61
17776,ORD017776,LIMIT,SELL,99.72,70
17777,ORD017777,LIMIT,BUY,99.27,5
17778,ORD017778,LIMIT,BUY,99.07,84
17779,ORD017779,MARKET,BUY,,28
17780,ORD017780,LIMIT,SELL,100.2,87
17781,ORD017781,MARKET,SELL,,21
17782,ORD017782,LIMIT,SELL,101.15,58
17783,ORD017783,MARKET,SELL,,58
17784,ORD017784,MARKET,SELL,,84
17785,ORD017785,LIMIT,BUY,98.09,63
17786,ORD017786,LIMIT,SELL,101.03,93
17787,ORD017787,MARKET,BUY,,71
17788,ORD017788,MARKET,SELL,,66
17789,ORD017789,MARKET,BUY,,17
17790,ORD017790,LIMIT,BUY,99.64,49
17791,ORD017791,LIMIT,SELL,100.18,66
17792,ORD017792,MARKET,SELL,,91
17793,ORD017793,LIMIT,SELL,100.36,47
17794,ORD017794,LIMIT,BUY,98.58,17
17795,ORD017795,LIMIT,BUY,99.66,69
17796,ORD017796,MARKET,BUY,,40
17797,ORD017797,MARKET,SELL,,48
17798,ORD017798,LIMIT,BUY,99.06,48
17799,ORD017799,MARKET,BUY,,84
17800,ORD017800,LIMIT,BUY,99.4,84
17801,ORD017801,MARKET,BUY,,22
17802,ORD017802,LIMIT,SELL,99.56,42
17803,ORD017803,LIMIT,SELL,101.68,71
17804,ORD017804,LIMIT,BUY,99.9,21
17805,ORD011131,CANCEL,,,
17806,ORD017806,MARKET,SELL,,12
17807,ORD017807,LIMIT,SELL,101.93,5
17808,ORD017808,MARKET,SELL,,93
17809,ORD017809,MARKET,SELL,,90
17810,ORD017810,LIMIT,BUY,100.12,71
17811,ORD017811,LIMIT,SELL,99.77,57
17812,ORD017812,LIMIT,SELL,100.89,22
17813,ORD017813,MARKET,SELL,,86
17814,ORD017814,LIMIT,BUY,100.19,32
17815,ORD017815,MARKET,SELL,,31
17816,ORD016790,CANCEL,,,
17817,ORD017817,MARKET,BUY,,85
17818,ORD002408,CANCEL,,,
17819,ORD017819,LIMIT,SELL,99.82,64
17820,ORD017820,MARKET,SELL,,11
17821,ORD017821,MARKET,BUY,,54
17822,ORD017822,LIMIT,BUY,99.99,4
17823,ORD017823,LIMIT,SELL,100.35,90
17824,ORD017824,LIMIT,BUY,99.71,29
17825,ORD017825,LIMIT,BUY,98.63,14
17826,ORD017826,MARKET,SELL,,75
17827,ORD017827,LIMIT,SELL,100.58,43
17828,ORD017828,MARKET,BUY,,41
17829,ORD017829,LIMIT,SELL,99.76,85
17830,ORD017830,MARKET,BUY,,87
17831,ORD017831,MARKET,BUY,,57
17832,ORD017832,LIMIT,BUY,98.48,82
17833,ORD009015,CANCEL,,,
17834,ORD017834,LIMIT,BUY,98.56,90
17835,ORD017835,MARKET,SELL,,62
17836,ORD017836,LIMIT,BUY,99.07,37
17837,ORD017837,LIMIT,BUY,100.43,42
17838,ORD017838,LIMIT,BUY,98.9,59
17839,ORD017839,MARKET,SELL,,96
17840,ORD017840,MARKET,BUY,,42
17841,ORD017841,MARKET,SELL,,93
17842,ORD017842,LIMIT,BUY,99.67,3
17843,ORD017843,LIMIT,BUY,98.12,22
17844,ORD017844,MARKET,BUY,,36
17845,ORD017845,LIMIT,SELL,100.69,9
17846,ORD017846,MARKET,BUY,,18
17847,ORD017847,MARKET,BUY,,64
17848,ORD017848,LIMIT,SELL,101.76,40
17849,ORD017849,MARKET,BUY,,23
17850,ORD017850,MARKET,BUY,,69
17851,ORD017851,MARKET,BUY,,67
17852,ORD017852,LIMIT,SELL,101.39,58
17853,ORD017853,LIMIT,SELL,101.89,74
17854,ORD017854,MARKET,SELL,,46
17855,ORD016300,CANCEL,,,
17856,ORD017856,MARKET,BUY,,34
17857,ORD017857,LIMIT,BUY,100.06,63
17858,ORD017858,LIMIT,SELL,99.76,77
17859,ORD017859,MARKET,SELL,,87
17860,ORD017860,LIMIT,SELL,100.65,24
17861,ORD002906,CANCEL,,,
17862,ORD017862,LIMIT,BUY,98.67,35
17863,ORD017863,LIMIT,SELL,100.22,76
17864,ORD017864,MARKET,BUY,,51
17865,ORD017865,LIMIT,SELL,101.95,35
17866,ORD003204,CANCEL,,,
17867,ORD017867,LIMIT,BUY,98.13,87
17868,ORD017868,MARKET,SELL,,67
17869,ORD017869,LIMIT,BUY,99.23,19
17870,ORD017870,LIMIT,SELL,99.89,70
17871,ORD017871,LIMIT,SELL,99.69,47
17872,ORD017872,LIMIT,BUY,100.38,43
17873,ORD017873,MARKET,SELL,,57
17874,ORD017874,LIMIT,SELL,99.61,51
17875,ORD017875,MARKET,SELL,,93
17876,ORD017876,MARKET,BUY,,75
17877,ORD017877,LIMIT,BUY,99.03,10
17878,ORD017878,MARKET,SELL,,71
17879,ORD017879,MARKET,BUY,,89
17880,ORD017880,MARKET,SELL,,33
17881,ORD017881,LIMIT,SELL,101.85,63
17882,ORD017882,LIMIT,BUY,99.37,41
17883,ORD017883,LIMIT,BUY,99.71,97
17884,ORD017884,LIMIT,BUY,98.05,96
17885,ORD017885,MARKET,BUY,,63
17886,ORD017886,LIMIT,BUY,98.02,27
17887,ORD017887,LIMIT,BUY,98.94,24
17888,ORD017888,LIMIT,SELL,100.68,12
17889,ORD017889,LIMIT,BUY,100.06,8
17890,ORD017890,MARKET,BUY,,9
17891,ORD017891,LIMIT,SELL,100.89,88
17892,ORD017892,MARKET,SELL,,83
17893,ORD017893,LIMIT,SELL,101.7,98
17894,ORD017894,LIMIT,BUY,98.87,83
17895,ORD017895,LIMIT,BUY,98.02,86
17896,ORD017896,LIMIT,SELL,99.62,27
17897,ORD017897,LIMIT,SELL,101.74,73
17898,ORD017898,MARKET,SELL,,23
17899,ORD017899,MARKET,BUY,,37
17900,ORD017900,LIMIT,BUY,98.52,76
17901,ORD017901,LIMIT,BUY,98.86,49
17902,ORD017902,MARKET,SELL,,69
17903,ORD017903,LIMIT,BUY,98.69,85
17904,ORD017904,MARKET,BUY,,76
17905,ORD017905,LIMIT,BUY,98.7,66
17906,ORD017906,MARKET,BUY,,71
17907,ORD017907,MARKET,BUY,,60
17908,ORD017908,LIMIT,SELL,101.21,83
17909,ORD017909,MARKET,BUY,,62
17910,ORD017910,LIMIT,SELL,99.85,23
17911,ORD017911,MARKET,BUY,,74
17912,ORD017912,LIMIT,BUY,99.64,47
17913,ORD017913,MARKET,BUY,,37
17914,ORD017914,MARKET,SELL,,3
17915,ORD017915,MARKET,SELL,,53
17916,ORD017916,LIMIT,BUY,99.49,9
17917,ORD017917,MARKET,BUY,,76
17918,ORD017918,LIMIT,BUY,100.43,8
17919,ORD017919,MARKET,BUY,,51
17920,ORD017920,MARKET,SELL,,14
17921,ORD017921,MARKET,SELL,,57
17922,ORD017922,MARKET,BUY,,37
17923,ORD017923,MARKET,SELL,,54
17924,ORD017924,LIMIT,SELL,101.77,84
17925,ORD005622,CANCEL,,,
17926,ORD017926,MARKET,SELL,,100
17927,ORD017927,MARKET,BUY,,18
17928,ORD017928,MARKET,SELL,,80
17929,ORD017929,MARKET,BUY,,59
17930,ORD017930,LIMIT,SELL,100.75,53
17931,ORD017931,LIMIT,BUY,99.88,80
17932,ORD017932,LIMIT,BUY,98.33,23
17933,ORD017933,LIMIT,BUY,100.47,82
17934,ORD017934,LIMIT,SELL,100.09,33
17935,ORD017935,LIMIT,BUY,99.93,9
17936,ORD017936,MARKET,SELL,,5
17937,ORD017937,LIMIT,BUY,99.11,86
17938,ORD017938,MARKET,BUY,,79
17939,ORD017939,LIMIT,SELL,101.32,83
17940,ORD017940,LIMIT,SELL,99.67,50
17941,ORD017941,MARKET,BUY,,12
17942,ORD017942,MARKET,SELL,,98
17943,ORD017943,MARKET,SELL,,58
17944,ORD017944,MARKET,BUY,,82
17945,ORD017945,MARKET,SELL,,60
17946,ORD017946,LIMIT,SELL,99.66,57
17947,ORD017947,LIMIT,SELL,100.89,54
17948,ORD017948,MARKET,BUY,,29
17949,ORD017949,LIMIT,BUY,98.21,60
17950,ORD017950,LIMIT,BUY,99.28,62
17951,ORD017951,MARKET,BUY,,20
17952,ORD017952,LIMIT,BUY,100.16,51
17953,ORD015604,CANCEL,,,
17954,ORD017954,MARKET,BUY,,38
17955,ORD017955,LIMIT,BUY,98.43,5
17956,ORD017956,MARKET,BUY,,4
17957,ORD017957,MARKET,BUY,,68
17958,ORD017958,MARKET,BUY,,95
17959,ORD017959,LIMIT,SELL,101.83,32
17960,ORD017960,LIMIT,BUY,98.55,7
17961,ORD017961,MARKET,BUY,,27
17962,ORD017962,MARKET,SELL,,19
17963,ORD017963,MARKET,BUY,,18
17964,ORD017964,MARKET,BUY,,39
17965,ORD017965,MARKET,SELL,,52
17966,ORD017966,MARKET,BUY,,89
17967,ORD017967,LIMIT,BUY,100.41,76
17968,ORD015280,CANCEL,,,
17969,ORD017969,LIMIT,SELL,101.02,3
17970,ORD017970,LIMIT,SELL,99.62,72
17971,ORD017971,LIMIT,BUY,99.92,93
17972,ORD017972,MARKET,BUY,,22
17973,ORD017973,MARKET,SELL,,95
17974,ORD017974,LIMIT,BUY,98.47,63
17975,ORD017975,MARKET,BUY,,7
17976,ORD017976,MARKET,BUY,,35
17977,ORD017977,LIMIT,BUY,100.14,69
17978,ORD017978,MARKET,SELL,,83
17979,ORD016369,CANCEL,,,
17980,ORD017980,MARKET,BUY,,34
17981,ORD017981,LIMIT,BUY,99.52,50
17982,ORD017982,LIMIT,SELL,101.6,39
17983,ORD017983,MARKET,BUY,,72
17984,ORD017984,MARKET,SELL,,18
17985,ORD017985,LIMIT,SELL,99.68,24
17986,ORD017986,MARKET,BUY,,85
17987,ORD017987,LIMIT,BUY,99.15,88
17988,ORD017988,LIMIT,SELL,100.33,99
17989,ORD007938,CANCEL,,,
17990,ORD017990,MARKET,SELL,,8
17991,ORD017991,LIMIT,SELL,100.0,83
17992,ORD017992,LIMIT,BUY,99.92,93
17993,ORD017993,LIMIT,BUY,99.37,61
17994,ORD017994,LIMIT,BUY,99.66,79
17995,ORD017995,MARKET,BUY,,22
17996,ORD017996,LIMIT,BUY,100.19,56
17997,ORD017997,LIMIT,SELL,99.76,62
17998,ORD017998,LIMIT,BUY,99.22,92
17999,ORD017999,LIMIT,BUY,99.93,30
18000,ORD018000,LIMIT,BUY,98.15,2
18001,ORD018001,LIMIT,BUY,100.1,15
18002,ORD018002,MARKET,BUY,,23
18003,ORD018003,MARKET,BUY,,1
18004,ORD018004,LIMIT,SELL,100.34,38
18005,ORD018005,MARKET,BUY,,37
18006,ORD018006,LIMIT,BUY,100.26,23
18007,ORD018007,LIMIT,BUY,100.31,47
18008,ORD018008,LIMIT,BUY,98.12,62
18009,ORD018009,MARKET,BUY,,39
18010,ORD018010,LIMIT,BUY,99.86,7
18011,ORD018011,LIMIT,BUY,99.77,30
18012,ORD018012,LIMIT,SELL,101.79,43
18013,ORD018013,MARKET,SELL,,34
18014,ORD018014,LIMIT,SELL,100.48,8
18015,ORD018015,LIMIT,BUY,99.28,20
18016,ORD018016,LIMIT,BUY,98.06,14
18017,ORD018017,LIMIT,BUY,98.24,6
18018,ORD018018,LIMIT,SELL,101.01,94
18019,ORD009457,CANCEL,,,
18020,ORD018020,MARKET,BUY,,32
18021,ORD006285,CANCEL,,,
18022,ORD018022,LIMIT,BUY,98.08,91
18023,ORD018023,MARKET,SELL,,23
18024,ORD018024,MARKET,SELL,,10
18025,ORD018025,LIMIT,BUY,100.34,33
18026,ORD018026,MARKET,BUY,,85
18027,ORD018027,LIMIT,BUY,100.2,2
18028,ORD018028,LIMIT,SELL,101.13,82
18029,ORD018029,LIMIT,BUY,99.65,43
18030,ORD018030,LIMIT,BUY,99.21,71
18031,ORD018031,LIMIT,BUY,98.26,17
18032,ORD018032,MARKET,BUY,,91
18033,ORD018033,MARKET,SELL,,30
18034,ORD018034,LIMIT,BUY,99.16,86
18035,ORD018035,LIMIT,SELL,99.88,47
18036,ORD018036,LIMIT,SELL,101.34,43
18037,ORD018037,LIMIT,SELL,100.46,88
18038,ORD018038,MARKET,BUY,,2
18039,ORD018039,LIMIT,SELL,101.94,96
18040,ORD018040,MARKET,BUY,,54
18041,ORD018041,LIMIT,BUY,99.95,39
18042,ORD018042,MARKET,SELL,,5
18043,ORD018043,LIMIT,SELL,101.6,68
18044,ORD018044,LIMIT,BUY,99.25,38
18045,ORD018045,LIMIT,BUY,99.55,71
18046,ORD018046,LIMIT,SELL,101.43,41
18047,ORD018047,MARKET,BUY,,84
18048,ORD018048,MARKET,BUY,,46
18049,ORD018049,LIMIT,SELL,99.57,32
18050,ORD018050,MARKET,SELL,,96
18051,ORD018051,MARKET,BUY,,94
18052,ORD018052,MARKET,BUY,,17
18053,ORD018053,LIMIT,SELL,101.94,10
18054,ORD018054,LIMIT,BUY,100.37,78
18055,ORD018055,MARKET,SELL,,76
18056,ORD018056,MARKET,BUY,,47
18057,ORD018057,LIMIT,SELL,100.25,42
18058,ORD018058,LIMIT,SELL,99.51,16
18059,ORD018059,LIMIT,SELL,101.74,14
18060,ORD018060,LIMIT,BUY,100.04,63
18061,ORD018061,LIMIT,SELL,100.39,82
18062,ORD018062,MARKET,SELL,,98
18063,ORD018063,MARKET,SELL,,68
18064,ORD018064,MARKET,BUY,,82
18065,ORD018065,LIMIT,BUY,98.49,52
18066,ORD018066,MARKET,SELL,,12
18067,ORD018067,MARKET,SELL,,60
18068,ORD018068,MARKET,BUY,,60
18069,ORD018069,MARKET,BUY,,98
18070,ORD018070,LIMIT,BUY,100.36,59
18071,ORD018071,MARKET,BUY,,50
18072,ORD018072,MARKET,BUY,,20
18073,ORD018073,LIMIT,SELL,100.89,98
18074,ORD018074,LIMIT,SELL,101.18,55
18075,ORD018075,MARKET,BUY,,82
18076,ORD018076,LIMIT,SELL,101.29,73
18077,ORD018077,MARKET,SELL,,35
18078,ORD018078,LIMIT,SELL,101.02,14
18079,ORD018079,MARKET,BUY,,81
18080,ORD018080,MARKET,SELL,,100
18081,ORD018081,MARKET,BUY,,29
18082,ORD000758,CANCEL,,,
18083,ORD018083,MARKET,BUY,,87
18084,ORD018084,LIMIT,BUY,98.11,97
18085,ORD018085,MARKET,SELL,,80
18086,ORD018086,MARKET,BUY,,38
18087,ORD018087,LIMIT,BUY,99.03,53
18088,ORD018088,MARKET,SELL,,85
18089,ORD018089,MARKET,BUY,,77
18090,ORD018090,LIMIT,SELL,100.46,19
18091,ORD018091,LIMIT,SELL,100.96,17
18092,ORD018092,LIMIT,SELL,99.99,2
18093,ORD015034,CANCEL,,,
18094,ORD018094,MARKET,BUY,,15
18095,ORD018095,MARKET,BUY,,40
18096,ORD018096,LIMIT,BUY,99.75,14
18097,ORD018097,MARKET,BUY,,76
18098,ORD018098,LIMIT,BUY,98.21,88
18099,ORD018099,LIMIT,SELL,101.26,26
18100,ORD018100,MARKET,BUY,,63
18101,ORD018101,LIMIT,BUY,99.49,58
18102,ORD018102,LIMIT,BUY,98.13,77
18103,ORD018103,LIMIT,SELL,101.71,1
18104,ORD018104,MARKET,SELL,,49
18105,ORD018105,LIMIT,SELL,100.2,8
18106,ORD018106,LIMIT,SELL,100.43,51
18107,ORD018107,MARKET,BUY,,4
18108,ORD018108,MARKET,BUY,,87
18109,ORD018109,MARKET,SELL,,58
18110,ORD018110,MARKET,BUY,,24
18111,ORD018111,MARKET,BUY,,36
18112,ORD018112,MARKET,SELL,,3
18113,ORD018113,MARKET,SELL,,23
18114,ORD018114,MARKET,BUY,,95
18115,ORD018115,MARKET,SELL,,13
18116,ORD018116,LIMIT,BUY,100.49,83
18117,ORD018117,MARKET,BUY,,33
18118,ORD018118,LIMIT,SELL,101.91,51
18119,ORD018119,LIMIT,BUY,99.59,96
18120,ORD018120,MARKET,BUY,,25
18121,ORD018121,MARKET,BUY,,86
18122,ORD018122,MARKET,SELL,,77
18123,ORD011018,CANCEL,,,
18124,ORD018124,MARKET,BUY,,28
18125,ORD018125,MARKET,SELL,,35
18126,ORD018126,MARKET,SELL,,77
18127,ORD018127,MARKET,BUY,,61
18128,ORD018128,LIMIT,SELL,101.98,60
18129,ORD018129,LIMIT,BUY,98.17,23
18130,ORD018130,MARKET,SELL,,78
18131,ORD018131,MARKET,SELL,,97
18132,ORD018132,MARKET,BUY,,23
18133,ORD018133,MARKET,BUY,,95
18134,ORD018134,LIMIT,SELL,99.76,19
18135,ORD018135,LIMIT,SELL,100.05,86
18136,ORD018136,LIMIT,BUY,99.93,99
18137,ORD004721,CANCEL,,,
18138,ORD018138,LIMIT,BUY,98.77,73
18139,ORD018139,LIMIT,SELL,101.65,99
18140,ORD018140,MARKET,SELL,,34
18141,ORD018141,MARKET,BUY,,72
18142,ORD018142,MARKET,BUY,,59
18143,ORD018143,MARKET,BUY,,55
18144,ORD018144,LIMIT,SELL,101.84,3
18145,ORD018145,MARKET,BUY,,55
18146,ORD018146,LIMIT,SELL,100.38,6
18147,ORD018147,LIMIT,BUY,98.22,79
18148,ORD018148,MARKET,BUY,,83
18149,ORD018149,LIMIT,SELL,99.63,1
18150,ORD018150,LIMIT,SELL,99.65,32
18151,ORD018151,MARKET,SELL,,15
18152,ORD018152,LIMIT,BUY,99.45,86
18153,ORD018153,LIMIT,BUY,99.73,31
18154,ORD018154,LIMIT,SELL,101.67,89
18155,ORD018155,LIMIT,BUY,98.94,93
18156,ORD018156,LIMIT,BUY,99.69,74
18157,ORD012406,CANCEL,,,
18158,ORD018158,LIMIT,BUY,98.59,21
18159,ORD018159,MARKET,SELL,,83
18160,ORD018160,LIMIT,SELL,100.19,68
18161,ORD018161,LIMIT,SELL,99.72,97
18162,ORD018162,MARKET,SELL,,100
18163,ORD018163,LIMIT,SELL,101.84,91
18164,ORD018164,LIMIT,SELL,100.24,63
18165,ORD018165,LIMIT,BUY,98.14,81
18166,ORD018166,LIMIT,SELL,101.18,59
18167,ORD018167,MARKET,BUY,,24
18168,ORD018168,MARKET,SELL,,42
18169,ORD018169,MARKET,SELL,,76
18170,ORD018170,LIMIT,SELL,100.69,59
18171,ORD018171,LIMIT,BUY,99.45,51
18172,ORD018172,MARKET,BUY,,32
18173,ORD018173,LIMIT,BUY,98.89,36
18174,ORD018174,MARKET,BUY,,38
18175,ORD018175,MARKET,BUY,,14
18176,ORD018176,LIMIT,BUY,99.72,54
18177,ORD018177,MARKET,SELL,,76
18178,ORD018178,MARKET,SELL,,51
18179,ORD018179,MARKET,SELL,,75
18180,ORD018180,MARKET,BUY,,63
18181,ORD018181,MARKET,BUY,,49
18182,ORD018182,MARKET,BUY,,86
18183,ORD018183,LIMIT,SELL,100.17,17
18184,ORD018184,MARKET,SELL,,42
18185,ORD018185,LIMIT,BUY,99.9,53
18186,ORD018186,LIMIT,BUY,98.07,11
18187,ORD018187,MARKET,SELL,,51
18188,ORD010414,CANCEL,,,
18189,ORD018189,MARKET,BUY,,7
18190,ORD018190,MARKET,BUY,,70
18191,ORD018191,LIMIT,BUY,98.39,87
18192,ORD018192,LIMIT,SELL,101.03,81
18193,ORD018193,LIMIT,BUY,99.55,67
18194,ORD018194,MARKET,BUY,,24
18195,ORD018195,LIMIT,BUY,99.76,83
18196,ORD018196,MARKET,SELL,,84
18197,ORD018197,LIMIT,SELL,99.6,22
18198,ORD018198,LIMIT,BUY,99.89,63
18199,ORD006841,CANCEL,,,
18200,ORD018200,MARKET,BUY,,48
18201,ORD018201,MARKET,BUY,,8
18202,ORD018202,MARKET,SELL,,77
18203,ORD018203,LIMIT,SELL,101.42,16
18204,ORD018204,MARKET,SELL,,76
18205,ORD018205,MARKET,SELL,,32
18206,ORD018206,MARKET,SELL,,33
18207,ORD018207,LIMIT,SELL,100.57,26
18208,ORD018208,MARKET,BUY,,39
18209,ORD018209,LIMIT,BUY,98.22,71
18210,ORD004342,CANCEL,,,
18211,ORD018211,MARKET,SELL,,74
18212,ORD018212,LIMIT,BUY,100.24,34
18213,ORD018213,MARKET,BUY,,78
18214,ORD018214,MARKET,BUY,,41
18215,ORD018215,LIMIT,SELL,101.01,96
18216,ORD018216,MARKET,BUY,,5
18217,ORD018217,MARKET,SELL,,66
18218,ORD018218,LIMIT,BUY,99.32,91
18219,ORD018219,MARKET,BUY,,59
18220,ORD018220,LIMIT,BUY,100.48,62
18221,ORD018221,LIMIT,BUY,100.49,20
18222,ORD018222,LIMIT,SELL,100.9,69
18223,ORD018223,MARKET,BUY,,77
18224,ORD018224,LIMIT,BUY,98.25,91
18225,ORD004376,CANCEL,,,
18226,ORD018226,LIMIT,SELL,101.59,35
18227,ORD018227,MARKET,BUY,,100
18228,ORD018228,MARKET,BUY,,68
18229,ORD018229,MARKET,BUY,,79
18230,ORD018230,LIMIT,SELL,101.31,6
18231,ORD018231,MARKET,SELL,,79
18232,ORD018232,MARKET,BUY,,97
18233,ORD018233,MARKET,BUY,,88
18234,ORD018234,LIMIT,BUY,98.39,15
18235,ORD018235,MARKET,SELL,,31
18236,ORD018236,LIMIT,SELL,99.77,12
18237,ORD018237,MARKET,SELL,,88
18238,ORD018238,MARKET,BUY,,44
18239,ORD018239,LIMIT,SELL,99.64,59
18240,ORD007170,CANCEL,,,
18241,ORD018241,LIMIT,SELL,101.33,58
18242,ORD018242,LIMIT,SELL,100.53,26
18243,ORD018243,MARKET,SELL,,23
18244,ORD018244,LIMIT,SELL,99.86,92
18245,ORD018245,MARKET,SELL,,61
18246,ORD018246,LIMIT,SELL,100.54,22
18247,ORD018247,LIMIT,BUY,99.51,72
18248,ORD018248,MARKET,BUY,,58
18249,ORD018249,LIMIT,SELL,101.18,28
18250,ORD005318,CANCEL,,,
18251,ORD018251,LIMIT,BUY,99.11,51
18252,ORD004384,CANCEL,,,
18253,ORD018253,MARKET,SELL,,27
18254,ORD018254,LIMIT,SELL,101.44,11
18255,ORD009247,CANCEL,,,
18256,ORD018256,MARKET,SELL,,10
18257,ORD018257,MARKET,BUY,,20
18258,ORD018258,MARKET,BUY,,87
18259,ORD018259,LIMIT,BUY,100.31,74
18260,ORD018260,MARKET,BUY,,14
18261,ORD018261,MARKET,SELL,,70
18262,ORD018262,LIMIT,BUY,99.25,11
18263,ORD007647,CANCEL,,,
18264,ORD016036,CANCEL,,,
18265,ORD018265,LIMIT,BUY,100.01,43
18266,ORD018266,LIMIT,SELL,99.93,11
18267,ORD018267,LIMIT,SELL,100.27,32
18268,ORD018268,LIMIT,BUY,100.42,25
18269,ORD018269,LIMIT,SELL,101.14,38
18270,ORD018270,MARKET,BUY,,1
18271,ORD018271,MARKET,SELL,,22
18272,ORD018272,MARKET,BUY,,31
18273,ORD018273,LIMIT,SELL,101.45,96
18274,ORD018274,MARKET,BUY,,69
18275,ORD018275,LIMIT,SELL,101.73,97
18276,ORD018276,LIMIT,SELL,100.62,89
18277,ORD018277,LIMIT,BUY,98.1,90
18278,ORD018278,LIMIT,SELL,101.87,19
18279,ORD018279,MARKET,BUY,,45
18280,ORD018280,MARKET,BUY,,95
18281,ORD018281,LIMIT,BUY,98.44,11
18282,ORD018282,MARKET,SELL,,81
18283,ORD018283,LIMIT,SELL,101.11,8
18284,ORD018284,LIMIT,SELL,99.69,88
18285,ORD018285,MARKET,SELL,,22
18286,ORD018286,MARKET,BUY,,14
18287,ORD018287,LIMIT,SELL,101.72,40
18288,ORD018288,LIMIT,SELL,100.09,59
18289,ORD018289,LIMIT,SELL,101.75,30
18290,ORD018290,LIMIT,SELL,100.76,90
18291,ORD018291,LIMIT,SELL,100.91,28
18292,ORD018292,LIMIT,SELL,100.9,12
18293,ORD018293,MARKET,SELL,,14
18294,ORD018294,MARKET,BUY,,61
18295,ORD012887,CANCEL,,,
18296,ORD018296,MARKET,BUY,,35
18297,ORD018297,MARKET,BUY,,69
18298,ORD018298,MARKET,BUY,,15
18299,ORD006846,CANCEL,,,
18300,ORD018300,LIMIT,SELL,100.53,90
18301,ORD018301,LIMIT,BUY,98.72,100
18302,ORD018302,MARKET,SELL,,8
18303,ORD018303,LIMIT,SELL,99.75,78
18304,ORD018304,MARKET,SELL,,41
18305,ORD018305,MARKET,SELL,,41
18306,ORD018306,MARKET,SELL,,41
18307,ORD018307,LIMIT,SELL,101.97,36
18308,ORD018308,LIMIT,BUY,99.61,12
18309,ORD018309,LIMIT,BUY,99.53,22
18310,ORD018310,MARKET,BUY,,52
18311,ORD018311,MARKET,SELL,,93
18312,ORD018312,MARKET,BUY,,48
18313,ORD018313,MARKET,SELL,,56
18314,ORD018314,LIMIT,SELL,101.57,85
18315,ORD003823,CANCEL,,,
18316,ORD018316,LIMIT,BUY,99.63,21
18317,ORD018317,LIMIT,SELL,101.44,21
18318,ORD018318,MARKET,SELL,,65
18319,ORD018319,LIMIT,SELL,100.17,54
18320,ORD018320,LIMIT,SELL,100.05,37
18321,ORD018321,LIMIT,BUY,99.8,98
18322,ORD018322,LIMIT,BUY,98.49,95
18323,ORD018323,MARKET,BUY,,50
18324,ORD018324,LIMIT,BUY,99.38,66
18325,ORD018325,MARKET,SELL,,68
18326,ORD018326,LIMIT,BUY,98.69,66
18327,ORD018327,LIMIT,SELL,101.76,12
18328,ORD018328,LIMIT,BUY,98.64,90
18329,ORD018329,MARKET,SELL,,41
18330,ORD018330,MARKET,BUY,,31
18331,ORD018331,LIMIT,SELL,100.14,93
18332,ORD018332,LIMIT,SELL,100.15,18
18333,ORD018333,MARKET,BUY,,57
18334,ORD013002,CANCEL,,,
18335,ORD018335,MARKET,SELL,,5
18336,ORD018336,LIMIT,SELL,101.48,12
18337,ORD018337,LIMIT,BUY,99.39,14
18338,ORD000585,CANCEL,,,
18339,ORD018339,MARKET,SELL,,55
18340,ORD018340,MARKET,SELL,,74
18341,ORD018341,MARKET,BUY,,40
18342,ORD001747,CANCEL,,,
18343,ORD018343,LIMIT,SELL,101.04,63
18344,ORD018344,LIMIT,SELL,101.89,29
18345,ORD018345,MARKET,BUY,,35
18346,ORD018346,MARKET,BUY,,78
18347,ORD018347,LIMIT,SELL,99.6,1
18348,ORD018348,MARKET,BUY,,25
18349,ORD018349,LIMIT,BUY,98.04,42
18350,ORD018350,LIMIT,SELL,100.71,91
18351,ORD018351,LIMIT,BUY,100.03,79
18352,ORD018352,MARKET,BUY,,81
18353,ORD018353,LIMIT,BUY,100.2,31
18354,ORD018354,LIMIT,BUY,99.76,89
18355,ORD018355,MARKET,BUY,,3
18356,ORD018356,MARKET,SELL,,42
18357,ORD018357,LIMIT,BUY,98.52,15
18358,ORD018358,MARKET,BUY,,50
18359,ORD018359,MARKET,SELL,,10
18360,ORD018360,MARKET,SELL,,51
18361,ORD018361,MARKET,SELL,,1
18362,ORD018362,LIMIT,BUY,99.19,14
18363,ORD018363,LIMIT,BUY,98.4,69
18364,ORD018364,LIMIT,SELL,101.67,8
18365,ORD018365,LIMIT,BUY,98.73,53
18366,ORD018366,LIMIT,SELL,99.68,65
18367,ORD018367,MARKET,SELL,,85
18368,ORD018368,MARKET,SELL,,63
18369,ORD018369,MARKET,BUY,,95
18370,ORD018370,LIMIT,BUY,99.06,96
18371,ORD018371,MARKET,BUY,,46
18372,ORD018372,LIMIT,BUY,100.45,41
18373,ORD018373,MARKET,SELL,,78
18374,ORD018374,LIMIT,SELL,100.96,56
18375,ORD018375,MARKET,SELL,,55
18376,ORD018376,MARKET,BUY,,60
18377,ORD018377,MARKET,BUY,,2
18378,ORD018378,MARKET,BUY,,91
18379,ORD018379,LIMIT,SELL,100.23,73
18380,ORD018380,MARKET,SELL,,71
18381,ORD018381,MARKET,BUY,,9
18382,ORD018382,MARKET,BUY,,63
18383,ORD018383,MARKET,SELL,,69
18384,ORD018384,LIMIT,SELL,101.03,3
18385,ORD018385,LIMIT,SELL,100.44,88
18386,ORD018386,LIMIT,SELL,101.8,4
18387,ORD018387,LIMIT,BUY,98.38,17
18388,ORD018388,LIMIT,BUY,98.68,32
18389,ORD018389,MARKET,BUY,,26
18390,ORD018390,LIMIT,SELL,100.13,21
18391,ORD018391,MARKET,BUY,,15
18392,ORD018392,LIMIT,SELL,101.58,90
18393,ORD018393,LIMIT,SELL,100.31,37
18394,ORD018394,MARKET,SELL,,50
18395,ORD018395,LIMIT,SELL,100.59,35
18396,ORD018396,MARKET,BUY,,38
18397,ORD018397,LIMIT,SELL,101.54,29
18398,ORD018398,MARKET,SELL,,59
18399,ORD018399,LIMIT,SELL,100.99,6
18400,ORD017355,CANCEL,,,
18401,ORD018401,MARKET,BUY,,75
18402,ORD018402,MARKET,BUY,,56
18403,ORD018403,LIMIT,BUY,100.25,10
18404,ORD018404,LIMIT,BUY,98.23,6
18405,ORD018405,MARKET,BUY,,32
18406,ORD018406,MARKET,BUY,,43
18407,ORD018407,LIMIT,SELL,100.07,34
18408,ORD018408,MARKET,BUY,,90
18409,ORD018409,LIMIT,BUY,98.96,12
18410,ORD018410,MARKET,BUY,,20
18411,ORD018411,MARKET,BUY,,20
18412,ORD018412,MARKET,BUY,,44
18413,ORD018413,LIMIT,BUY,99.8,79
18414,ORD018414,LIMIT,SELL,100.33,5
18415,ORD018415,LIMIT,SELL,99.85,41
18416,ORD018416,LIMIT,SELL,99.69,25
18417,ORD018417,MARKET,SELL,,65
18418,ORD018418,LIMIT,SELL,101.03,66
18419,ORD018419,LIMIT,SELL,100.82,18
18420,ORD018420,LIMIT,BUY,99.33,99
18421,ORD018421,MARKET,SELL,,47
18422,ORD018422,LIMIT,BUY,100.38,55
18423,ORD018423,MARKET,SELL,,11
18424,ORD018424,MARKET,SELL,,19
18425,ORD018425,MARKET,BUY,,47
18426,ORD018426,MARKET,BUY,,40
18427,ORD018427,LIMIT,BUY,100.02,76
18428,ORD018428,MARKET,SELL,,35
18429,ORD018429,LIMIT,BUY,98.32,78
18430,ORD018430,LIMIT,BUY,100.04,14
18431,ORD018431,MARKET,BUY,,74
18432,ORD018432,LIMIT,SELL,100.65,30
18433,ORD018433,MARKET,BUY,,14
18434,ORD018434,MARKET,BUY,,91
18435,ORD018435,MARKET,BUY,,4
18436,ORD018436,MARKET,BUY,,99
18437,ORD007354,CANCEL,,,
18438,ORD018438,MARKET,SELL,,38
18439,ORD018439,MARKET,SELL,,12
18440,ORD018440,MARKET,BUY,,42
18441,ORD018441,LIMIT,SELL,101.56,89
18442,ORD018442,LIMIT,BUY,99.18,11
18443,ORD018443,LIMIT,BUY,99.5,63
18444,ORD018444,MARKET,SELL,,70
18445,ORD018445,LIMIT,BUY,98.58,8
18446,ORD018446,LIMIT,SELL,101.05,58
18447,ORD018447,MARKET,BUY,,44
18448,ORD018448,MARKET,BUY,,20
18449,ORD018449,LIMIT,SELL,99.75,63
18450,ORD018450,MARKET,BUY,,23
18451,ORD018451,LIMIT,SELL,101.55,44
18452,ORD018452,MARKET,SELL,,76
18453,ORD018453,MARKET,BUY,,90
18454,ORD018454,LIMIT,SELL,100.41,5
18455,ORD018455,LIMIT,SELL,101.47,3
18456,ORD018456,MARKET,SELL,,44
18457,ORD018457,LIMIT,BUY,100.19,2
18458,ORD011789,CANCEL,,,
18459,ORD018459,LIMIT,BUY,98.17,64
18460,ORD018460,LIMIT,SELL,99.51,99
18461,ORD018461,LIMIT,BUY,99.03,20
18462,ORD018462,LIMIT,BUY,98.4,2
18463,ORD018463,MARKET,SELL,,25
18464,ORD018464,MARKET,BUY,,35
18465,ORD018465,MARKET,SELL,,8
18466,ORD018466,LIMIT,BUY,98.74,56
18467,ORD018467,LIMIT,BUY,98.11,24
18468,ORD018468,LIMIT,SELL,100.96,24
18469,ORD018469,LIMIT,BUY,100.26,79
18470,ORD018470,MARKET,BUY,,66
18471,ORD017793,CANCEL,,,
18472,ORD018472,LIMIT,BUY,98.56,70
18473,ORD006350,CANCEL,,,
18474,ORD018474,LIMIT,SELL,101.11,23
18475,ORD018475,LIMIT,BUY,100.49,85
18476,ORD018476,LIMIT,BUY,98.79,47
18477,ORD018477,MARKET,SELL,,25
18478,ORD018478,MARKET,BUY,,18
18479,ORD018479,LIMIT,SELL,100.89,92
18480,ORD018480,LIMIT,SELL,101.91,95
18481,ORD018481,MARKET,SELL,,38
18482,ORD018482,LIMIT,SELL,101.38,98
18483,ORD000509,CANCEL,,,
18484,ORD018484,MARKET,BUY,,18
18485,ORD018485,LIMIT,SELL,101.69,99
18486,ORD018486,MARKET,BUY,,9
18487,ORD018487,LIMIT,BUY,98.7,84
18488,ORD018488,LIMIT,SELL,101.92,84
18489,ORD018489,MARKET,BUY,,59
18490,ORD018490,LIMIT,SELL,101.78,31
18491,ORD018491,MARKET,SELL,,97
18492,ORD018492,LIMIT,BUY,99.11,22
18493,ORD018493,MARKET,BUY,,87
18494,ORD018494,MARKET,BUY,,4
18495,ORD018495,MARKET,SELL,,4
18496,ORD007965,CANCEL,,,
18497,ORD018497,MARKET,SELL,,24
18498,ORD018498,LIMIT,SELL,101.76,78
18499,ORD018499,MARKET,BUY,,62
18500,ORD018500,MARKET,BUY,,60
18501,ORD018501,MARKET,BUY,,69
18502,ORD018502,MARKET,SELL,,63
18503,ORD018503,LIMIT,BUY,100.05,44
18504,ORD018504,LIMIT,SELL,100.22,21
18505,ORD018505,MARKET,SELL,,50
18506,ORD018506,MARKET,SELL,,81
18507,ORD018507,LIMIT,SELL,101.91,4
18508,ORD016650,CANCEL,,,
18509,ORD018509,MARKET,SELL,,55
18510,ORD018510,LIMIT,SELL,101.12,51
18511,ORD018511,LIMIT,BUY,99.68,34
18512,ORD018512,LIMIT,SELL,101.69,87
18513,ORD018513,LIMIT,SELL,100.5,90
18514,ORD018514,MARKET,SELL,,54
18515,ORD014029,CANCEL,,,
18516,ORD009417,CANCEL,,,
18517,ORD018517,LIMIT,SELL,100.28,31
18518,ORD018518,MARKET,SELL,,97
18519,ORD018519,MARKET,BUY,,67
18520,ORD018520,LIMIT,SELL,101.42,40
18521,ORD018521,MARKET,SELL,,72
18522,ORD018522,MARKET,SELL,,42
18523,ORD018523,MARKET,SELL,,6
18524,ORD018524,MARKET,SELL,,38
18525,ORD018525,MARKET,SELL,,77
18526,ORD018526,MARKET,BUY,,21
18527,ORD018527,MARKET,SELL,,70
18528,ORD018528,LIMIT,SELL,100.79,10
18529,ORD018529,MARKET,SELL,,90
18530,ORD018530,MARKET,BUY,,8
18531,ORD018531,MARKET,SELL,,73
18532,ORD018532,MARKET,SELL,,71
18533,ORD018533,MARKET,BUY,,94
18534,ORD018534,LIMIT,SELL,101.91,6
18535,ORD018535,LIMIT,BUY,98.39,64
18536,ORD018536,MARKET,BUY,,74
18537,ORD016557,CANCEL,,,
18538,ORD018538,MARKET,BUY,,100
18539,ORD018539,LIMIT,SELL,100.62,65
18540,ORD018540,MARKET,SELL,,65
18541,ORD018541,MARKET,SELL,,41
18542,ORD018542,LIMIT,SELL,100.09,63
18543,ORD018543,LIMIT,SELL,101.32,89
18544,ORD018544,MARKET,BUY,,27
18545,ORD008953,CANCEL,,,
18546,ORD018546,LIMIT,BUY,100.14,96
18547,ORD018547,LIMIT,SELL,101.1,95
18548,ORD018548,LIMIT,BUY,100.35,40
18549,ORD018549,LIMIT,SELL,101.87,59
18550,ORD018550,MARKET,BUY,,85
18551,ORD018551,MARKET,SELL,,77
18552,ORD018552,MARKET,SELL,,26
18553,ORD018553,LIMIT,BUY,99.69,11
18554,ORD018554,LIMIT,BUY,98.1,36
18555,ORD018555,MARKET,SELL,,46
18556,ORD018556,LIMIT,BUY,99.34,25
18557,ORD018557,MARKET,BUY,,26
18558,ORD018558,LIMIT,SELL,99.84,1
18559,ORD018559,LIMIT,SELL,100.5,19
18560,ORD018560,MARKET,SELL,,16
18561,ORD018561,LIMIT,BUY,99.26,79
18562,ORD018562,MARKET,SELL,,92
18563,ORD018563,LIMIT,SELL,101.57,40
18564,ORD018564,MARKET,BUY,,9
18565,ORD018565,MARKET,SELL,,23
18566,ORD018566,LIMIT,SELL,100.19,90
18567,ORD018567,MARKET,SELL,,91
18568,ORD018568,LIMIT,BUY,99.65,56
18569,ORD018569,MARKET,BUY,,15
18570,ORD018570,MARKET,BUY,,19
18571,ORD018571,LIMIT,SELL,100.23,84
18572,ORD018572,LIMIT,BUY,98.78,80
18573,ORD018573,MARKET,BUY,,79
18574,ORD018574,MARKET,SELL,,51
18575,ORD018575,LIMIT,BUY,99.74,63
18576,ORD015017,CANCEL,,,
18577,ORD018577,MARKET,BUY,,73
18578,ORD018578,LIMIT,SELL,101.72,1
18579,ORD018579,MARKET,BUY,,69
18580,ORD018580,LIMIT,BUY,99.98,2
18581,ORD014109,CANCEL,,,
18582,ORD018582,MARKET,SELL,,34
18583,ORD000248,CANCEL,,,
18584,ORD018584,MARKET,BUY,,15
18585,ORD018585,MARKET,BUY,,41
18586,ORD018586,LIMIT,SELL,100.61,85
18587,ORD018587,LIMIT,SELL,100.47,97
18588,ORD018588,MARKET,BUY,,84
18589,ORD018589,MARKET,BUY,,86
18590,ORD018590,MARKET,SELL,,81
18591,ORD018591,MARKET,SELL,,86
18592,ORD018592,LIMIT,BUY,98.34,57
18593,ORD018593,MARKET,SELL,,90
18594,ORD018594,MARKET,SELL,,82
18595,ORD018595,MARKET,SELL,,56
18596,ORD018596,MARKET,SELL,,57
18597,ORD018597,LIMIT,SELL,101.4,43
18598,ORD018598,LIMIT,BUY,100.47,15
18599,ORD018599,LIMIT,BUY,98.3,34
18600,ORD018600,MARKET,SELL,,84
18601,ORD018601,LIMIT,BUY,98.39,7
18602,ORD018602,MARKET,SELL,,2
18603,ORD018603,LIMIT,SELL,99.73,98
18604,ORD018604,MARKET,BUY,,1
18605,ORD018605,LIMIT,SELL,101.08,4
18606,ORD018606,LIMIT,SELL,99.54,34
18607,ORD018607,LIMIT,SELL,101.63,56
18608,ORD018608,MARKET,BUY,,60
18609,ORD018609,MARKET,BUY,,67
18610,ORD018610,LIMIT,SELL,99.87,41
18611,ORD018611,MARKET,BUY,,88
18612,ORD018612,MARKET,BUY,,30
18613,ORD018613,LIMIT,BUY,99.84,51
18614,ORD018614,LIMIT,SELL,101.53,42
18615,ORD018615,LIMIT,BUY,99.19,63
18616,ORD018616,MARKET,BUY,,65
18617,ORD018617,MARKET,BUY,,73
18618,ORD018618,LIMIT,BUY,100.01,7
18619,ORD018619,MARKET,BUY,,86
18620,ORD018620,LIMIT,BUY,98.75,24
18621,ORD018621,LIMIT,BUY,99.28,25
18622,ORD018622,MARKET,BUY,,59
18623,ORD018623,LIMIT,SELL,99.83,6
18624,ORD018624,LIMIT,SELL,99.64,56
18625,ORD018625,MARKET,SELL,,82
18626,ORD018626,MARKET,BUY,,25
18627,ORD018627,LIMIT,SELL,99.73,84
18628,ORD018628,MARKET,SELL,,35
18629,ORD018629,MARKET,BUY,,11
18630,ORD018630,LIMIT,SELL,99.97,26
18631,ORD018631,MARKET,BUY,,49
18632,ORD018632,LIMIT,SELL,101.75,77
18633,ORD018633,LIMIT,SELL,101.87,71
18634,ORD018634,MARKET,SELL,,31
18635,ORD018635,MARKET,SELL,,29
18636,ORD018636,MARKET,SELL,,83
18637,ORD018637,MARKET,BUY,,74
18638,ORD018638,LIMIT,BUY,98.92,89
18639,ORD018639,MARKET,SELL,,17
18640,ORD018640,MARKET,SELL,,85
18641,ORD018641,MARKET,SELL,,73
18642,ORD018642,MARKET,SELL,,41
18643,ORD018643,MARKET,BUY,,4
18644,ORD018644,MARKET,SELL,,63
18645,ORD018645,LIMIT,BUY,99.57,94
18646,ORD018646,LIMIT,SELL,100.91,63
18647,ORD018647,LIMIT,SELL,99.89,50
18648,ORD018648,LIMIT,BUY,98.51,96
18649,ORD018649,MARKET,BUY,,37
18650,ORD018650,MARKET,BUY,,21
18651,ORD018651,MARKET,SELL,,71
18652,ORD018652,LIMIT,BUY,99.47,26
18653,ORD001881,CANCEL,,,
18654,ORD018654,MARKET,SELL,,28
18655,ORD018655,LIMIT,BUY,98.85,91
18656,ORD018656,LIMIT,BUY,98.89,12
18657,ORD018657,MARKET,SELL,,62
18658,ORD018658,LIMIT,SELL,99.91,13
18659,ORD011971,CANCEL,,,
18660,ORD018660,MARKET,SELL,,67
18661,ORD018661,MARKET,SELL,,7
18662,ORD018662,MARKET,BUY,,29
18663,ORD018663,MARKET,BUY,,3
18664,ORD018664,MARKET,BUY,,64
18665,ORD018665,LIMIT,SELL,101.98,52
18666,ORD018666,MARKET,BUY,,93
18667,ORD018667,LIMIT,SELL,101.24,38
18668,ORD018668,LIMIT,SELL,101.02,82
18669,ORD018669,MARKET,BUY,,11
18670,ORD018670,MARKET,BUY,,94
18671,ORD018671,MARKET,BUY,,52
18672,ORD010704,CANCEL,,,
18673,ORD018673,LIMIT,BUY,100.28,76
18674,ORD018674,LIMIT,SELL,101.3,21
18675,ORD018675,LIMIT,SELL,101.87,7
18676,ORD018676,LIMIT,SELL,99.59,42
18677,ORD018677,MARKET,BUY,,36
18678,ORD018678,MARKET,BUY,,9
18679,ORD018679,MARKET,SELL,,45
18680,ORD018680,LIMIT,BUY,98.14,41
18681,ORD018681,MARKET,SELL,,98
18682,ORD018682,LIMIT,SELL,99.92,32
18683,ORD018683,LIMIT,BUY,99.2,48
18684,ORD018684,MARKET,BUY,,71
18685,ORD018685,MARKET,SELL,,73
18686,ORD018686,LIMIT,SELL,100.5,65
18687,ORD018687,MARKET,SELL,,69
18688,ORD018688,LIMIT,SELL,101.55,71
18689,ORD018689,LIMIT,BUY,98.21,55
18690,ORD018690,LIMIT,BUY,100.33,19
18691,ORD018691,MARKET,SELL,,66
18692,ORD018692,LIMIT,BUY,100.09,3
18693,ORD018693,LIMIT,SELL,101.56,27
18694,ORD018694,LIMIT,BUY,98.28,36
18695,ORD018695,LIMIT,SELL,100.02,5
18696,ORD018696,LIMIT,SELL,99.64,46
18697,ORD018697,LIMIT,BUY,98.69,85
18698,ORD018698,LIMIT,BUY,100.08,51
18699,ORD018699,LIMIT,BUY,98.32,99
18700,ORD018700,MARKET,BUY,,19
18701,ORD018701,MARKET,BUY,,22
18702,ORD018702,LIMIT,BUY,98.67,5
18703,ORD018703,MARKET,SELL,,77
18704,ORD018704,MARKET,SELL,,38
18705,ORD018705,LIMIT,BUY,99.78,16
18706,ORD018706,MARKET,SELL,,24
18707,ORD018707,LIMIT,BUY,98.69,93
18708,ORD018708,LIMIT,BUY,98.92,56
18709,ORD018709,LIMIT,BUY,99.17,20
18710,ORD018710,MARKET,SELL,,98
18711,ORD018711,LIMIT,SELL,101.82,36
18712,ORD018712,MARKET,SELL,,40
18713,ORD018713,LIMIT,SELL,101.6,24
18714,ORD018714,LIMIT,SELL,101.63,8
18715,ORD018715,MARKET,SELL,,81
18716,ORD018716,MARKET,SELL,,87
18717,ORD018717,MARKET,SELL,,41
18718,ORD018718,MARKET,BUY,,54
18719,ORD018719,MARKET,BUY,,36
18720,ORD018720,LIMIT,BUY,100.4,59
18721,ORD018721,LIMIT,BUY,100.49,16
18722,ORD018722,MARKET,BUY,,45
18723,ORD018723,MARKET,SELL,,38
18724,ORD018724,LIMIT,SELL,101.11,62
18725,ORD018725,LIMIT,SELL,101.62,55
18726,ORD018726,MARKET,SELL,,94
18727,ORD018727,MARKET,SELL,,78
18728,ORD018728,MARKET,SELL,,89
18729,ORD018729,MARKET,BUY,,79
18730,ORD018730,LIMIT,SELL,100.9,24
18731,ORD018731,LIMIT,BUY,98.42,80
18732,ORD018732,LIMIT,SELL,101.98,32
18733,ORD018733,LIMIT,BUY,99.82,20
18734,ORD018734,LIMIT,BUY,99.05,69
18735,ORD018735,MARKET,SELL,,42
18736,ORD018736,MARKET,SELL,,74
18737,ORD018737,LIMIT,BUY,99.49,64
18738,ORD018738,LIMIT,SELL,101.91,32
18739,ORD018739,MARKET,BUY,,66
18740,ORD018129,CANCEL,,,
18741,ORD018741,LIMIT,SELL,101.05,47
18742,ORD018742,LIMIT,SELL,101.25,63
18743,ORD018743,LIMIT,SELL,100.96,73
18744,ORD018744,MARKET,SELL,,32
18745,ORD018745,MARKET,SELL,,31
18746,ORD018746,MARKET,BUY,,54
18747,ORD018747,MARKET,SELL,,37
18748,ORD018748,MARKET,BUY,,92
18749,ORD018749,MARKET,SELL,,47
18750,ORD018750,MARKET,BUY,,62
18751,ORD018751,LIMIT,SELL,100.33,92
18752,ORD018752,MARKET,SELL,,28
18753,ORD018753,LIMIT,SELL,100.04,95
18754,ORD018754,LIMIT,BUY,98.7,53
18755,ORD018755,LIMIT,SELL,99.83,53
18756,ORD018756,LIMIT,BUY,99.21,26
18757,ORD018757,MARKET,BUY,,1
18758,ORD018758,LIMIT,BUY,100.45,9
18759,ORD018759,LIMIT,BUY,100.06,95
18760,ORD018760,MARKET,BUY,,73
18761,ORD018761,LIMIT,SELL,101.02,91
18762,ORD018762,LIMIT,BUY,98.22,16
18763,ORD018763,LIMIT,BUY,98.22,41
18764,ORD018764,MARKET,BUY,,25
18765,ORD018765,LIMIT,BUY,99.46,59
18766,ORD006757,CANCEL,,,
18767,ORD018767,MARKET,BUY,,31
18768,ORD018768,MARKET,SELL,,52
18769,ORD018769,MARKET,BUY,,65
18770,ORD018770,MARKET,SELL,,18
18771,ORD018771,LIMIT,SELL,100.86,61
18772,ORD018772,MARKET,BUY,,32
18773,ORD018773,LIMIT,SELL,101.46,76
18774,ORD018774,MARKET,SELL,,39
18775,ORD018775,MARKET,SELL,,78
18776,ORD018776,MARKET,BUY,,35
18777,ORD018777,LIMIT,SELL,101.81,96
18778,ORD018778,LIMIT,SELL,100.23,41
18779,ORD018779,MARKET,BUY,,28
18780,ORD018780,LIMIT,SELL,101.11,87
18781,ORD018781,LIMIT,SELL,99.64,78
18782,ORD018782,LIMIT,BUY,99.78,15
18783,ORD018783,MARKET,BUY,,79
18784,ORD018784,LIMIT,SELL,99.92,74
18785,ORD018785,LIMIT,SELL,101.46,58
18786,ORD018786,MARKET,SELL,,17
18787,ORD018787,MARKET,SELL,,76
18788,ORD018788,LIMIT,BUY,98.5,61
18789,ORD018789,LIMIT,BUY,99.24,29
18790,ORD018790,LIMIT,BUY,99.56,36
18791,ORD018791,MARKET,SELL,,45
18792,ORD018792,MARKET,SELL,,40
18793,ORD018793,LIMIT,BUY,99.21,94
18794,ORD018794,LIMIT,BUY,98.6,12
18795,ORD018795,MARKET,SELL,,35
18796,ORD018796,LIMIT,SELL,99.85,44
18797,ORD018797,MARKET,SELL,,70
18798,ORD018798,LIMIT,BUY,98.74,67
18799,ORD018799,LIMIT,SELL,101.39,57
18800,ORD018800,LIMIT,SELL,99.59,40
18801,ORD018801,LIMIT,BUY,99.11,33
18802,ORD018802,LIMIT,BUY,99.66,62
18803,ORD018803,LIMIT,BUY,99.2,47
18804,ORD018804,LIMIT,SELL,101.72,19
18805,ORD018805,MARKET,SELL,,5
18806,ORD018806,LIMIT,SELL,100.47,77
18807,ORD018807,LIMIT,BUY,99.22,36
18808,ORD018808,MARKET,SELL,,88
18809,ORD018809,MARKET,BUY,,56
18810,ORD015987,CANCEL,,,
18811,ORD018811,MARKET,SELL,,39
18812,ORD018812,LIMIT,SELL,101.16,21
18813,ORD018813,MARKET,SELL,,90
18814,ORD018814,MARKET,SELL,,58
18815,ORD018815,LIMIT,SELL,100.86,92
18816,ORD018816,MARKET,BUY,,78
18817,ORD018817,LIMIT,BUY,99.47,11
18818,ORD018818,LIMIT,SELL,100.71,39
18819,ORD018819,MARKET,BUY,,26
18820,ORD018820,LIMIT,SELL,100.97,95
18821,ORD018821,MARKET,BUY,,74
18822,ORD018822,LIMIT,BUY,99.09,53
18823,ORD018823,MARKET,SELL,,87
18824,ORD007101,CANCEL,,,
18825,ORD018825,LIMIT,BUY,99.45,52
18826,ORD018826,MARKET,BUY,,47
18827,ORD018827,MARKET,BUY,,29
18828,ORD010892,CANCEL,,,
18829,ORD003839,CANCEL,,,
18830,ORD018830,LIMIT,SELL,99.9,89
18831,ORD018831,MARKET,SELL,,4
18832,ORD018832,MARKET,SELL,,48
18833,ORD018833,MARKET,BUY,,60
18834,ORD018834,LIMIT,BUY,98.32,10
18835,ORD018835,MARKET,BUY,,30
18836,ORD018836,MARKET,BUY,,83
18837,ORD018837,MARKET,BUY,,98
18838,ORD018838,LIMIT,SELL,101.9,1
18839,ORD018839,MARKET,SELL,,46
18840,ORD004906,CANCEL,,,
18841,ORD018841,MARKET,SELL,,59
18842,ORD018842,MARKET,BUY,,35
18843,ORD018843,MARKET,SELL,,23
18844,ORD018844,MARKET,SELL,,23
18845,ORD018845,LIMIT,SELL,101.59,91
18846,ORD018846,LIMIT,BUY,99.39,20
18847,ORD018847,LIMIT,BUY,99.41,70
18848,ORD018848,MARKET,BUY,,17
18849,ORD018849,LIMIT,BUY,99.58,83
18850,ORD018850,LIMIT,SELL,101.26,41
18851,ORD018851,LIMIT,BUY,99.55,62
18852,ORD018852,MARKET,BUY,,91
18853,ORD018853,LIMIT,BUY,98.13,36
18854,ORD018854,LIMIT,BUY,99.49,18
18855,ORD018855,LIMIT,SELL,100.97,83
18856,ORD018856,MARKET,BUY,,33
18857,ORD018857,MARKET,SELL,,85
18858,ORD018858,LIMIT,SELL,99.71,53
18859,ORD018859,LIMIT,SELL,99.52,96
18860,ORD018860,LIMIT,BUY,98.91,54
18861,ORD018861,MARKET,SELL,,79
18862,ORD018862,LIMIT,BUY,100.12,14
18863,ORD018863,LIMIT,SELL,100.13,67
18864,ORD018864,MARKET,BUY,,69
18865,ORD018865,MARKET,BUY,,60
18866,ORD018866,LIMIT,BUY,100.34,80
18867,ORD018867,MARKET,BUY,,19
18868,ORD018868,MARKET,BUY,,45
18869,ORD018869,MARKET,BUY,,68
18870,ORD018870,MARKET,BUY,,91
18871,ORD018871,MARKET,BUY,,21
18872,ORD018872,MARKET,BUY,,77
18873,ORD018873,MARKET,SELL,,40
18874,ORD018874,LIMIT,SELL,100.06,4
18875,ORD018875,LIMIT,BUY,100.25,15
18876,ORD018876,MARKET,SELL,,27
18877,ORD018877,LIMIT,SELL,100.43,82
18878,ORD018878,LIMIT,SELL,101.89,56
18879,ORD018879,LIMIT,BUY,98.3,27
18880,ORD018880,LIMIT,BUY,99.97,24
18881,ORD018881,LIMIT,BUY,99.87,100
18882,ORD018882,LIMIT,BUY,98.1,46
18883,ORD015982,CANCEL,,,
18884,ORD018884,MARKET,BUY,,49
18885,ORD018885,MARKET,BUY,,90
18886,ORD018886,LIMIT,BUY,98.09,81
18887,ORD018887,LIMIT,SELL,100.16,87
18888,ORD018888,LIMIT,BUY,98.9,47
18889,ORD018889,LIMIT,BUY,99.58,26
18890,ORD018890,MARKET,SELL,,46
18891,ORD018891,MARKET,SELL,,27
18892,ORD018892,LIMIT,BUY,98.78,85
18893,ORD018893,LIMIT,SELL,101.56,28
18894,ORD018894,MARKET,SELL,,77
18895,ORD018895,LIMIT,BUY,98.47,2
18896,ORD018896,MARKET,SELL,,51
18897,ORD018897,LIMIT,BUY,98.87,38
18898,ORD018898,LIMIT,BUY,99.73,18
18899,ORD018899,LIMIT,SELL,100.43,87
18900,ORD018900,MARKET,BUY,,42
18901,ORD018901,LIMIT,SELL,99.98,62
18902,ORD018902,LIMIT,BUY,99.34,54
18903,ORD018903,MARKET,BUY,,70
18904,ORD018904,LIMIT,SELL,101.76,69
18905,ORD018905,LIMIT,SELL,100.08,36
18906,ORD018906,MARKET,SELL,,27
18907,ORD018907,MARKET,SELL,,38
18908,ORD018908,MARKET,BUY,,92
18909,ORD018909,MARKET,SELL,,92
18910,ORD018910,MARKET,SELL,,96
18911,ORD018911,MARKET,SELL,,19
18912,ORD018912,LIMIT,SELL,99.91,79
18913,ORD018913,MARKET,BUY,,15
18914,ORD018914,MARKET,SELL,,36
18915,ORD018915,LIMIT,SELL,100.07,52
18916,ORD018916,MARKET,SELL,,94
18917,ORD018917,MARKET,SELL,,97
18918,ORD018918,MARKET,SELL,,1
18919,ORD018919,LIMIT,SELL,99.93,7
18920,ORD018920,LIMIT,SELL,101.13,49
18921,ORD018921,MARKET,BUY,,53
18922,ORD018922,MARKET,SELL,,9
18923,ORD018923,LIMIT,BUY,99.76,54
18924,ORD018924,LIMIT,BUY,99.18,71
18925,ORD018925,MARKET,BUY,,63
18926,ORD018926,LIMIT,BUY,99.99,82
18927,ORD018927,LIMIT,BUY,98.22,28
18928,ORD018928,MARKET,BUY,,63
18929,ORD018929,LIMIT,BUY,98.61,49
18930,ORD018930,LIMIT,SELL,99.9,70
18931,ORD018931,MARKET,BUY,,14
18932,ORD018932,LIMIT,BUY,100.06,10
18933,ORD018933,LIMIT,SELL,101.95,59
18934,ORD018934,LIMIT,SELL,100.84,33
18935,ORD018935,MARKET,BUY,,82
18936,ORD018936,LIMIT,SELL,101.27,88
18937,ORD018937,MARKET,SELL,,19
18938,ORD018938,MARKET,BUY,,39
18939,ORD018939,LIMIT,SELL,101.93,67
18940,ORD008442,CANCEL,,,
18941,ORD018941,MARKET,SELL,,32
18942,ORD018942,LIMIT,SELL,101.06,63
18943,ORD018943,LIMIT,BUY,98.7,79
18944,ORD018944,LIMIT,SELL,100.66,46
18945,ORD018945,MARKET,SELL,,92
18946,ORD018946,MARKET,SELL,,1
18947,ORD018947,MARKET,BUY,,67
18948,ORD018948,MARKET,BUY,,54
18949,ORD018949,LIMIT,BUY,99.76,4
18950,ORD018950,MARKET,BUY,,81
18951,ORD018951,LIMIT,BUY,98.86,31
18952,ORD018952,MARKET,BUY,,43
18953,ORD018953,LIMIT,SELL,101.65,60
18954,ORD018954,MARKET,BUY,,47
18955,ORD018955,MARKET,SELL,,63
18956,ORD018956,MARKET,BUY,,61
18957,ORD018957,MARKET,BUY,,23
18958,ORD018958,MARKET,BUY,,15
18959,ORD018959,LIMIT,BUY,99.98,78
18960,ORD018960,MARKET,SELL,,83
18961,ORD018961,MARKET,BUY,,36
18962,ORD018962,MARKET,SELL,,80
18963,ORD018963,LIMIT,BUY,99.37,68
18964,ORD018964,LIMIT,SELL,100.29,43
18965,ORD018965,LIMIT,BUY,99.57,56
18966,ORD018966,MARKET,BUY,,93
18967,ORD018967,MARKET,BUY,,96
18968,ORD018968,MARKET,SELL,,81
18969,ORD018969,MARKET,BUY,,92
18970,ORD018970,LIMIT,SELL,100.74,83
18971,ORD018971,LIMIT,SELL,101.73,71
18972,ORD018972,LIMIT,SELL,101.6,90
18973,ORD018973,MARKET,BUY,,58
18974,ORD018974,MARKET,BUY,,96
18975,ORD018975,MARKET,SELL,,75
18976,ORD018976,LIMIT,BUY,99.18,90
18977,ORD018977,LIMIT,SELL,100.22,27
18978,ORD018978,LIMIT,BUY,100.0,25
18979,ORD018858,CANCEL,,,
18980,ORD018980,MARKET,SELL,,25
18981,ORD018981,MARKET,BUY,,90
18982,ORD012315,CANCEL,,,
18983,ORD018983,MARKET,BUY,,39
18984,ORD018984,LIMIT,SELL,101.69,18
18985,ORD018985,MARKET,BUY,,98
18986,ORD018986,LIMIT,BUY,99.51,95
18987,ORD018987,MARKET,BUY,,56
18988,ORD018988,MARKET,BUY,,49
18989,ORD018989,MARKET,BUY,,78
18990,ORD018990,MARKET,SELL,,38
18991,ORD018991,MARKET,BUY,,66
18992,ORD018992,MARKET,BUY,,30
18993,ORD002123,CANCEL,,,
18994,ORD015533,CANCEL,,,
18995,ORD018995,MARKET,BUY,,33
18996,ORD018996,MARKET,BUY,,82
18997,ORD018997,MARKET,BUY,,85
18998,ORD018998,LIMIT,SELL,99.81,47
18999,ORD018999,MARKET,SELL,,73
19000,ORD004727,CANCEL,,,
19001,ORD019001,MARKET,SELL,,41
19002,ORD019002,LIMIT,BUY,100.16,10
19003,ORD019003,LIMIT,BUY,98.74,81
19004,ORD019004,MARKET,BUY,,6
19005,ORD019005,MARKET,SELL,,40
19006,ORD019006,MARKET,SELL,,20
19007,ORD019007,MARKET,SELL,,71
19008,ORD019008,MARKET,SELL,,79
19009,ORD019009,MARKET,SELL,,60
19010,ORD019010,LIMIT,SELL,101.17,71
19011,ORD019011,MARKET,BUY,,82
19012,ORD019012,MARKET,SELL,,27
19013,ORD019013,MARKET,SELL,,41
19014,ORD019014,MARKET,BUY,,7
19015,ORD019015,MARKET,SELL,,51
19016,ORD019016,LIMIT,SELL,101.03,42
19017,ORD019017,MARKET,BUY,,29
19018,ORD019018,MARKET,SELL,,15
19019,ORD019019,MARKET,BUY,,12
19020,ORD019020,MARKET,BUY,,57
19021,ORD019021,MARKET,SELL,,19
19022,ORD019022,MARKET,SELL,,19
19023,ORD019023,LIMIT,BUY,98.3,19
19024,ORD019024,MARKET,BUY,,100
19025,ORD019025,LIMIT,BUY,100.0,61
19026,ORD019026,LIMIT,BUY,98.71,70
19027,ORD019027,MARKET,SELL,,33
19028,ORD019028,MARKET,SELL,,85
19029,ORD019029,LIMIT,SELL,100.85,8
19030,ORD019030,LIMIT,SELL,100.82,6
19031,ORD019031,LIMIT,BUY,99.91,74
19032,ORD019032,MARKET,SELL,,30
19033,ORD019033,LIMIT,BUY,98.49,94
19034,ORD019034,MARKET,BUY,,86
19035,ORD019035,LIMIT,BUY,98.54,20
19036,ORD019036,LIMIT,BUY,99.78,97
19037,ORD019037,MARKET,BUY,,37
19038,ORD019038,MARKET,SELL,,66
19039,ORD011283,CANCEL,,,
19040,ORD019040,LIMIT,BUY,98.56,100
19041,ORD019041,MARKET,SELL,,8
19042,ORD019042,LIMIT,BUY,98.42,34
19043,ORD019043,MARKET,BUY,,7
19044,ORD019044,LIMIT,BUY,98.41,79
19045,ORD019045,LIMIT,SELL,100.07,84
19046,ORD019046,LIMIT,SELL,101.49,60
19047,ORD019047,MARKET,BUY,,6
19048,ORD019048,MARKET,SELL,,17
19049,ORD019049,MARKET,SELL,,27
19050,ORD019050,LIMIT,SELL,99.57,25
19051,ORD019051,LIMIT,BUY,99.1,2
19052,ORD019052,LIMIT,BUY,99.92,6
19053,ORD019053,MARKET,BUY,,32
19054,ORD019054,MARKET,BUY,,23
19055,ORD019055,MARKET,SELL,,21
19056,ORD019056,LIMIT,BUY,99.32,54
19057,ORD019057,MARKET,SELL,,25
19058,ORD019058,MARKET,SELL,,14
19059,ORD019059,LIMIT,BUY,99.76,98
19060,ORD019060,LIMIT,SELL,101.99,24
19061,ORD019061,LIMIT,BUY,99.99,10
19062,ORD019062,LIMIT,BUY,99.3,66
19063,ORD019063,MARKET,SELL,,61
19064,ORD019064,MARKET,BUY,,75
19065,ORD019065,LIMIT,BUY,99.63,97
19066,ORD019066,LIMIT,SELL,101.98,47
19067,ORD019067,MARKET,BUY,,78
19068,ORD019068,LIMIT,BUY,99.41,90
19069,ORD019069,LIMIT,SELL,99.67,70
19070,ORD019070,LIMIT,BUY,98.04,2
19071,ORD019071,MARKET,SELL,,42
19072,ORD019072,LIMIT,BUY,98.45,62
19073,ORD019073,MARKET,SELL,,79
19074,ORD019074,LIMIT,SELL,101.84,79
19075,ORD019075,MARKET,BUY,,45
19076,ORD019076,MARKET,BUY,,61
19077,ORD019077,LIMIT,SELL,100.8,70
19078,ORD019078,LIMIT,BUY,98.91,38
19079,ORD019079,MARKET,BUY,,60
19080,ORD019080,LIMIT,BUY,98.47,97
19081,ORD019081,MARKET,SELL,,28
19082,ORD019082,MARKET,BUY,,92
19083,ORD019083,MARKET,SELL,,15
19084,ORD019084,MARKET,BUY,,78
19085,ORD019085,LIMIT,SELL,99.58,64
19086,ORD019086,LIMIT,SELL,100.0,37
19087,ORD019087,LIMIT,BUY,98.99,88
19088,ORD019088,LIMIT,SELL,100.95,3
19089,ORD019089,LIMIT,BUY,98.56,68
19090,ORD019090,MARKET,BUY,,73
19091,ORD019091,LIMIT,SELL,100.22,96
19092,ORD019092,MARKET,BUY,,58
19093,ORD019093,LIMIT,SELL,101.07,20
19094,ORD019094,MARKET,SELL,,26
19095,ORD019095,LIMIT,BUY,98.58,68
19096,ORD019096,MARKET,BUY,,96
19097,ORD019097,LIMIT,SELL,101.95,97
19098,ORD019098,MARKET,SELL,,74
19099,ORD019099,LIMIT,BUY,100.44,30
19100,ORD019100,LIMIT,SELL,99.85,6
19101,ORD019101,MARKET,BUY,,99
19102,ORD019102,MARKET,BUY,,40
19103,ORD019103,LIMIT,SELL,99.74,85
19104,ORD019104,MARKET,SELL,,48
19105,ORD019105,MARKET,SELL,,91
19106,ORD019106,MARKET,SELL,,86
19107,ORD019107,MARKET,SELL,,76
19108,ORD019108,MARKET,BUY,,25
19109,ORD019109,MARKET,SELL,,32
19110,ORD019110,MARKET,SELL,,32
19111,ORD019111,MARKET,SELL,,38
19112,ORD019112,MARKET,BUY,,26
19113,ORD019113,MARKET,SELL,,31
19114,ORD019114,MARKET,SELL,,12
19115,ORD019115,LIMIT,SELL,100.18,28
19116,ORD019116,LIMIT,SELL,99.56,72
19117,ORD019117,LIMIT,BUY,100.34,33
19118,ORD019118,MARKET,SELL,,6
19119,ORD019119,LIMIT,SELL,100.71,78
19120,ORD019120,LIMIT,SELL,99.78,54
19121,ORD019121,LIMIT,BUY,99.86,63
19122,ORD019122,LIMIT,BUY,98.79,10
19123,ORD019123,MARKET,SELL,,40
19124,ORD019124,MARKET,BUY,,6
19125,ORD019125,MARKET,BUY,,84
19126,ORD019126,LIMIT,SELL,99.69,74
19127,ORD019127,MARKET,SELL,,63
19128,ORD019128,MARKET,SELL,,28
19129,ORD019129,MARKET,SELL,,60
19130,ORD019130,MARKET,BUY,,49
19131,ORD019131,MARKET,SELL,,44
19132,ORD019132,MARKET,BUY,,20
19133,ORD019133,LIMIT,BUY,98.37,59
19134,ORD019134,LIMIT,SELL,101.5,72
19135,ORD019135,MARKET,BUY,,80
19136,ORD019136,LIMIT,BUY,100.03,41
19137,ORD019137,LIMIT,BUY,100.02,63
19138,ORD019138,LIMIT,SELL,100.42,28
19139,ORD019139,MARKET,BUY,,45
19140,ORD019140,LIMIT,SELL,100.27,18
19141,ORD019141,LIMIT,SELL,100.6,28
19142,ORD019142,MARKET,SELL,,83
19143,ORD019143,LIMIT,BUY,99.93,39
19144,ORD019144,MARKET,BUY,,98
19145,ORD019145,LIMIT,SELL,101.23,65
19146,ORD019146,LIMIT,SELL,101.45,66
19147,ORD019147,LIMIT,SELL,99.75,75
19148,ORD019148,MARKET,SELL,,51
19149,ORD019149,LIMIT,BUY,100.49,39
19150,ORD019150,LIMIT,SELL,101.29,44
19151,ORD019151,LIMIT,BUY,99.94,54
19152,ORD019152,LIMIT,SELL,100.67,63
19153,ORD019153,LIMIT,BUY,98.51,56
19154,ORD019154,MARKET,SELL,,59
19155,ORD019155,LIMIT,BUY,98.06,30
19156,ORD019156,LIMIT,BUY,99.51,21
19157,ORD002407,CANCEL,,,
19158,ORD019158,MARKET,SELL,,10
19159,ORD019159,MARKET,SELL,,39
19160,ORD019160,MARKET,SELL,,4
19161,ORD019161,MARKET,BUY,,17
19162,ORD019162,MARKET,BUY,,39
19163,ORD019163,MARKET,SELL,,76
19164,ORD019164,MARKET,BUY,,69
19165,ORD019165,LIMIT,BUY,100.32,4
19166,ORD019166,LIMIT,BUY,98.71,26
19167,ORD019167,LIMIT,SELL,100.35,33
19168,ORD019168,MARKET,BUY,,86
19169,ORD019169,LIMIT,SELL,101.96,60
19170,ORD019170,LIMIT,BUY,100.01,74
19171,ORD001204,CANCEL,,,
19172,ORD019172,LIMIT,SELL,101.0,39
19173,ORD019173,MARKET,BUY,,48
19174,ORD019174,LIMIT,BUY,99.27,90
19175,ORD019175,LIMIT,BUY,98.14,84
19176,ORD019176,LIMIT,BUY,98.41,97
19177,ORD019177,LIMIT,BUY,98.69,56
19178,ORD019178,MARKET,SELL,,52
19179,ORD019179,LIMIT,SELL,101.68,30
19180,ORD019180,MARKET,SELL,,48
19181,ORD019181,MARKET,SELL,,17
19182,ORD019182,MARKET,SELL,,15
19183,ORD019183,MARKET,BUY,,25
19184,ORD019184,LIMIT,SELL,100.88,90
19185,ORD019185,LIMIT,BUY,100.37,73
19186,ORD019186,LIMIT,SELL,100.27,21
19187,ORD019187,LIMIT,SELL,99.83,12
19188,ORD019188,MARKET,SELL,,5
19189,ORD019189,LIMIT,BUY,98.36,59
19190,ORD019190,LIMIT,SELL,99.97,14
19191,ORD019191,LIMIT,BUY,99.79,70
19192,ORD019192,LIMIT,SELL,101.18,84
19193,ORD019193,MARKET,SELL,,77
19194,ORD019194,MARKET,SELL,,15
19195,ORD019195,MARKET,SELL,,55
19196,ORD019196,MARKET,BUY,,51
19197,ORD019197,MARKET,SELL,,99
19198,ORD019198,MARKET,SELL,,40
19199,ORD019199,LIMIT,BUY,99.69,70
19200,ORD019200,LIMIT,SELL,100.8,4
19201,ORD019201,LIMIT,SELL,102.0,11
19202,ORD019202,MARKET,BUY,,92
19203,ORD019203,LIMIT,BUY,99.38,89
19204,ORD019204,LIMIT,SELL,100.68,43
19205,ORD019205,MARKET,BUY,,9
19206,ORD019206,MARKET,SELL,,85
19207,ORD019207,MARKET,SELL,,88
19208,ORD019208,MARKET,BUY,,80
19209,ORD019209,LIMIT,SELL,100.41,36
19210,ORD019210,LIMIT,SELL,101.75,11
19211,ORD019211,MARKET,SELL,,52
19212,ORD019212,MARKET,BUY,,91
19213,ORD019213,MARKET,SELL,,20
19214,ORD019214,MARKET,BUY,,67
19215,ORD019215,LIMIT,SELL,101.83,56
19216,ORD019216,MARKET,SELL,,37
19217,ORD019217,LIMIT,BUY,99.84,46
19218,ORD019218,LIMIT,BUY,98.39,22
19219,ORD019219,MARKET,SELL,,25
19220,ORD019220,LIMIT,SELL,101.86,80
19221,ORD019221,MARKET,BUY,,80
19222,ORD019222,MARKET,SELL,,98
19223,ORD019223,MARKET,BUY,,93
19224,ORD019224,LIMIT,SELL,99.63,98
19225,ORD019225,MARKET,SELL,,37
19226,ORD019226,LIMIT,BUY,98.18,20
19227,ORD014053,CANCEL,,,
19228,ORD019228,LIMIT,BUY,100.13,88
19229,ORD019229,LIMIT,BUY,98.47,89
19230,ORD007840,CANCEL,,,
19231,ORD019231,MARKET,SELL,,77
19232,ORD019232,LIMIT,BUY,99.84,75
19233,ORD019233,MARKET,SELL,,96
19234,ORD019234,LIMIT,SELL,101.52,5
19235,ORD019235,MARKET,BUY,,2
19236,ORD019236,MARKET,SELL,,85
19237,ORD019237,LIMIT,SELL,101.79,47
19238,ORD019238,LIMIT,SELL,100.6,70
19239,ORD019239,MARKET,SELL,,17
19240,ORD019240,LIMIT,BUY,99.74,16
19241,ORD019241,LIMIT,BUY,99.02,47
19242,ORD019242,MARKET,SELL,,73
19243,ORD001118,CANCEL,,,
19244,ORD019244,MARKET,SELL,,48
19245,ORD019245,MARKET,SELL,,52
19246,ORD019246,MARKET,SELL,,41
19247,ORD019247,LIMIT,BUY,100.0,89
19248,ORD019248,LIMIT,SELL,100.01,4
19249,ORD019249,MARKET,BUY,,68
19250,ORD019250,LIMIT,BUY,98.26,55
19251,ORD018794,CANCEL,,,
19252,ORD019252,MARKET,SELL,,89
19253,ORD019253,LIMIT,SELL,100.87,70
19254,ORD019254,MARKET,SELL,,74
19255,ORD019255,MARKET,BUY,,52
19256,ORD019256,MARKET,BUY,,56
19257,ORD019257,LIMIT,BUY,98.36,30
19258,ORD019258,LIMIT,BUY,98.02,25
19259,ORD019259,LIMIT,BUY,98.12,61
19260,ORD009883,CANCEL,,,
19261,ORD019261,MARKET,BUY,,84
19262,ORD019262,MARKET,SELL,,4
19263,ORD019263,MARKET,SELL,,24
19264,ORD019264,MARKET,BUY,,58
19265,ORD019265,MARKET,SELL,,66
19266,ORD019266,LIMIT,SELL,99.91,29
19267,ORD019267,MARKET,SELL,,57
19268,ORD019268,MARKET,SELL,,43
19269,ORD019269,LIMIT,SELL,100.91,68
19270,ORD019270,LIMIT,BUY,98.84,85
19271,ORD019271,MARKET,SELL,,66
19272,ORD019272,MARKET,SELL,,31
19273,ORD019273,MARKET,BUY,,28
19274,ORD019274,MARKET,SELL,,84
19275,ORD019275,LIMIT,SELL,101.45,4
19276,ORD019276,MARKET,SELL,,71
19277,ORD019277,LIMIT,BUY,98.47,99
19278,ORD019278,MARKET,BUY,,87
19279,ORD019279,LIMIT,SELL,101.03,13
19280,ORD019280,MARKET,BUY,,45
19281,ORD019281,MARKET,BUY,,14
19282,ORD019282,LIMIT,SELL,101.24,50
19283,ORD019283,MARKET,SELL,,95
19284,ORD019284,LIMIT,SELL,100.26,30
19285,ORD019285,MARKET,SELL,,54
19286,ORD019286,MARKET,SELL,,99
19287,ORD005761,CANCEL,,,
19288,ORD019288,MARKET,SELL,,82
19289,ORD019289,MARKET,BUY,,92
19290,ORD019290,MARKET,SELL,,28
19291,ORD019291,MARKET,SELL,,39
19292,ORD019292,MARKET,SELL,,83
19293,ORD019293,MARKET,SELL,,48
19294,ORD019294,LIMIT,BUY,100.41,27
19295,ORD019295,MARKET,BUY,,39
19296,ORD019296,MARKET,SELL,,7
19297,ORD019297,LIMIT,BUY,100.13,10
19298,ORD019298,MARKET,BUY,,47
19299,ORD019299,MARKET,BUY,,47
19300,ORD019300,MARKET,SELL,,4
19301,ORD019301,MARKET,BUY,,22
19302,ORD019302,LIMIT,BUY,99.57,95
19303,ORD019303,MARKET,SELL,,48
19304,ORD019304,LIMIT,SELL,101.0,38
19305,ORD019305,MARKET,BUY,,34
19306,ORD019306,MARKET,SELL,,10
19307,ORD019307,LIMIT,SELL,101.78,63
19308,ORD019308,MARKET,SELL,,94
19309,ORD012110,CANCEL,,,
19310,ORD019310,LIMIT,SELL,101.7,56
19311,ORD019311,MARKET,BUY,,15
19312,ORD019312,LIMIT,SELL,100.54,49
19313,ORD019313,MARKET,BUY,,95
19314,ORD019314,LIMIT,BUY,100.12,37
19315,ORD019315,LIMIT,SELL,99.7,18
19316,ORD019316,LIMIT,BUY,98.48,75
19317,ORD009584,CANCEL,,,
19318,ORD019318,LIMIT,SELL,101.12,20
19319,ORD019319,MARKET,BUY,,35
19320,ORD019320,LIMIT,SELL,99.7,54
19321,ORD019321,MARKET,SELL,,84
19322,ORD019322,LIMIT,BUY,99.7,97
19323,ORD019323,MARKET,BUY,,98
19324,ORD019324,MARKET,BUY,,4
19325,ORD019325,LIMIT,BUY,98.44,59
19326,ORD019326,LIMIT,SELL,100.0,49
19327,ORD019327,LIMIT,SELL,100.51,50
19328,ORD019328,MARKET,SELL,,76
19329,ORD019329,LIMIT,SELL,101.95,21
19330,ORD019330,MARKET,SELL,,83
19331,ORD019331,LIMIT,SELL,101.49,49
19332,ORD019332,LIMIT,BUY,99.93,86
19333,ORD019333,LIMIT,SELL,100.26,86
19334,ORD019334,LIMIT,SELL,101.93,39
19335,ORD019335,MARKET,SELL,,49
19336,ORD019336,MARKET,SELL,,24
19337,ORD019337,MARKET,SELL,,87
19338,ORD019338,MARKET,SELL,,6
19339,ORD019339,MARKET,BUY,,91
19340,ORD019340,MARKET,BUY,,9
19341,ORD019341,MARKET,SELL,,11
19342,ORD019342,MARKET,SELL,,21
19343,ORD019343,MARKET,BUY,,65
19344,ORD019344,MARKET,SELL,,85
19345,ORD019345,MARKET,BUY,,86
19346,ORD019346,LIMIT,SELL,101.59,19
19347,ORD019347,LIMIT,SELL,99.98,85
19348,ORD019348,LIMIT,SELL,100.85,8
19349,ORD019349,MARKET,SELL,,38
19350,ORD019350,LIMIT,SELL,100.12,46
19351,ORD019351,LIMIT,SELL,101.03,66
19352,ORD019352,MARKET,BUY,,4
19353,ORD019353,LIMIT,SELL,101.53,78
19354,ORD019354,LIMIT,SELL,100.91,66
19355,ORD008924,CANCEL,,,
19356,ORD019356,MARKET,SELL,,34
19357,ORD019357,LIMIT,SELL,99.58,37
19358,ORD019358,LIMIT,SELL,100.62,4
19359,ORD019359,LIMIT,BUY,98.02,80
19360,ORD019360,MARKET,SELL,,83
19361,ORD019361,MARKET,BUY,,78
19362,ORD019362,LIMIT,SELL,101.62,50
19363,ORD019363,LIMIT,BUY,100.42,70
19364,ORD019364,MARKET,BUY,,48
19365,ORD019365,MARKET,BUY,,22
19366,ORD019366,LIMIT,SELL,101.3,66
19367,ORD019367,LIMIT,SELL,101.81,64
19368,ORD019368,MARKET,SELL,,48
19369,ORD019369,LIMIT,SELL,100.23,31
19370,ORD019370,LIMIT,BUY,98.93,30
19371,ORD019371,LIMIT,SELL,100.56,7
19372,ORD019372,MARKET,SELL,,63
19373,ORD019373,MARKET,SELL,,20
19374,ORD019374,LIMIT,BUY,100.47,64
19375,ORD019375,LIMIT,SELL,100.48,55
19376,ORD019376,MARKET,BUY,,86
19377,ORD019377,LIMIT,BUY,99.1,95
19378,ORD019378,MARKET,BUY,,58
19379,ORD019379,MARKET,SELL,,50
19380,ORD019380,LIMIT,BUY,99.99,97
19381,ORD019381,MARKET,BUY,,27
19382,ORD019382,MARKET,BUY,,18
19383,ORD019383,LIMIT,SELL,101.94,42
19384,ORD019384,MARKET,SELL,,75
19385,ORD019385,LIMIT,SELL,100.12,81
19386,ORD017125,CANCEL,,,
19387,ORD019387,LIMIT,BUY,100.32,8
19388,ORD019388,LIMIT,BUY,99.07,57
19389,ORD019389,MARKET,SELL,,59
19390,ORD019390,MARKET,SELL,,77
19391,ORD019391,LIMIT,BUY,98.1,14
19392,ORD019392,MARKET,BUY,,31
19393,ORD019393,MARKET,BUY,,95
19394,ORD019394,LIMIT,SELL,100.7,95
19395,ORD019395,LIMIT,BUY,99.31,51
19396,ORD019396,MARKET,SELL,,32
19397,ORD019397,MARKET,BUY,,26
19398,ORD019398,LIMIT,SELL,100.86,92
19399,ORD019399,LIMIT,SELL,100.68,66
19400,ORD019400,LIMIT,BUY,98.08,4
19401,ORD019401,MARKET,BUY,,57
19402,ORD019402,LIMIT,BUY,99.84,95
19403,ORD019403,MARKET,BUY,,32
19404,ORD019404,MARKET,BUY,,87
19405,ORD019405,MARKET,BUY,,91
19406,ORD019406,MARKET,SELL,,22
19407,ORD019407,MARKET,SELL,,16
19408,ORD019408,MARKET,BUY,,85
19409,ORD019409,MARKET,BUY,,79
19410,ORD019410,LIMIT,SELL,100.66,84
19411,ORD019411,MARKET,SELL,,97
19412,ORD019412,LIMIT,SELL,101.21,3
19413,ORD019413,MARKET,SELL,,17
19414,ORD019414,MARKET,SELL,,97
19415,ORD019415,MARKET,BUY,,50
19416,ORD019416,LIMIT,BUY,99.28,13
19417,ORD019417,MARKET,SELL,,87
19418,ORD019418,MARKET,BUY,,69
19419,ORD019419,LIMIT,BUY,99.36,88
19420,ORD019420,MARKET,SELL,,59
19421,ORD019421,LIMIT,BUY,99.01,33
19422,ORD019422,LIMIT,SELL,100.89,35
19423,ORD019423,MARKET,SELL,,53
19424,ORD019424,MARKET,SELL,,29
19425,ORD019425,LIMIT,SELL,100.67,11
19426,ORD019426,LIMIT,BUY,100.07,12
19427,ORD019427,MARKET,BUY,,25
19428,ORD019428,LIMIT,BUY,98.35,14
19429,ORD019429,LIMIT,BUY,98.53,90
19430,ORD019430,LIMIT,BUY,100.0,44
19431,ORD019431,MARKET,BUY,,1
19432,ORD019432,LIMIT,BUY,99.55,13
19433,ORD019433,LIMIT,SELL,100.78,19
19434,ORD019434,MARKET,BUY,,7
19435,ORD019435,MARKET,SELL,,38
19436,ORD019436,MARKET,SELL,,31
19437,ORD019437,LIMIT,BUY,99.77,78
19438,ORD019438,LIMIT,SELL,100.83,62
19439,ORD019439,LIMIT,SELL,101.47,26
19440,ORD019440,MARKET,BUY,,82
19441,ORD019441,MARKET,BUY,,60
19442,ORD019442,MARKET,BUY,,93
19443,ORD019443,MARKET,SELL,,60
19444,ORD019444,MARKET,SELL,,44
19445,ORD019445,LIMIT,BUY,99.59,86
19446,ORD007594,CANCEL,,,
19447,ORD019447,MARKET,SELL,,48
19448,ORD019448,LIMIT,SELL,99.61,96
19449,ORD019449,MARKET,SELL,,17
19450,ORD019450,LIMIT,BUY,98.27,85
19451,ORD019451,LIMIT,SELL,101.59,63
19452,ORD019452,LIMIT,SELL,100.92,91
19453,ORD019453,MARKET,SELL,,47
19454,ORD019454,MARKET,BUY,,34
19455,ORD019455,LIMIT,BUY,99.8,63
19456,ORD019456,MARKET,BUY,,7
19457,ORD019457,MARKET,BUY,,63
19458,ORD019458,LIMIT,BUY,100.1,7
19459,ORD019459,LIMIT,BUY,98.54,11
19460,ORD019460,LIMIT,SELL,100.67,33
19461,ORD019461,MARKET,SELL,,82
19462,ORD019462,LIMIT,SELL,101.21,84
19463,ORD019463,LIMIT,BUY,98.51,56
19464,ORD019464,LIMIT,SELL,101.35,12
19465,ORD019465,MARKET,SELL,,14
19466,ORD019466,LIMIT,BUY,99.33,71
19467,ORD019467,MARKET,BUY,,25
19468,ORD019468,LIMIT,SELL,101.45,34
19469,ORD019469,LIMIT,SELL,101.25,70
19470,ORD019470,LIMIT,BUY,98.9,71
19471,ORD019471,MARKET,BUY,,13
19472,ORD019472,LIMIT,SELL,99.74,66
19473,ORD019473,LIMIT,BUY,99.08,82
19474,ORD019474,MARKET,BUY,,45
19475,ORD019475,MARKET,SELL,,14
19476,ORD019476,MARKET,SELL,,19
19477,ORD019477,MARKET,SELL,,66
19478,ORD019478,LIMIT,SELL,100.78,9
19479,ORD019479,MARKET,SELL,,28
19480,ORD019480,MARKET,SELL,,86
19481,ORD019481,LIMIT,SELL,101.36,77
19482,ORD019482,MARKET,BUY,,26
19483,ORD019483,LIMIT,BUY,98.84,54
19484,ORD019484,LIMIT,BUY,98.6,33
19485,ORD019485,MARKET,BUY,,44
19486,ORD019486,MARKET,SELL,,90
19487,ORD019487,MARKET,SELL,,92
19488,ORD019488,MARKET,SELL,,66
19489,ORD019489,LIMIT,BUY,99.44,68
19490,ORD019490,MARKET,SELL,,44
19491,ORD019491,MARKET,SELL,,56
19492,ORD019492,LIMIT,SELL,100.84,37
19493,ORD019493,LIMIT,BUY,99.94,3
19494,ORD019494,LIMIT,BUY,100.2,24
19495,ORD019495,MARKET,BUY,,73
19496,ORD019496,LIMIT,BUY,98.98,1
19497,ORD019497,MARKET,BUY,,2
19498,ORD019498,MARKET,BUY,,68
19499,ORD019499,MARKET,BUY,,46
19500,ORD019500,MARKET,SELL,,96
19501,ORD019501,LIMIT,BUY,100.35,10
19502,ORD019502,LIMIT,SELL,100.88,32
19503,ORD019503,LIMIT,BUY,98.84,87
19504,ORD019504,LIMIT,SELL,100.55,79
19505,ORD019505,LIMIT,BUY,98.4,30
19506,ORD019506,LIMIT,SELL,101.79,87
19507,ORD019507,MARKET,BUY,,1
19508,ORD014081,CANCEL,,,
19509,ORD019509,MARKET,BUY,,19
19510,ORD019510,LIMIT,BUY,98.14,54
19511,ORD019511,LIMIT,BUY,98.79,6
19512,ORD019512,MARKET,BUY,,7
19513,ORD019513,MARKET,BUY,,90
19514,ORD019514,MARKET,BUY,,58
19515,ORD019515,MARKET,BUY,,20
19516,ORD019516,MARKET,SELL,,15
19517,ORD019517,LIMIT,SELL,100.67,54
19518,ORD019518,LIMIT,SELL,101.35,39
19519,ORD019519,MARKET,SELL,,75
19520,ORD019520,LIMIT,BUY,99.14,99
19521,ORD019521,MARKET,BUY,,86
19522,ORD019522,MARKET,BUY,,67
19523,ORD019523,MARKET,SELL,,88
19524,ORD019524,LIMIT,BUY,98.0,86
19525,ORD019525,LIMIT,BUY,100.32,14
19526,ORD019526,MARKET,BUY,,18
19527,ORD019527,LIMIT,SELL,101.93,20
19528,ORD019528,MARKET,BUY,,67
19529,ORD004060,CANCEL,,,
19530,ORD019530,LIMIT,BUY,98.84,66
19531,ORD019531,MARKET,SELL,,35
19532,ORD019532,LIMIT,BUY,98.04,32
19533,ORD019533,LIMIT,BUY,99.32,95
19534,ORD019534,MARKET,BUY,,45
19535,ORD019535,MARKET,BUY,,70
19536,ORD019536,MARKET,BUY,,2
19537,ORD019537,MARKET,SELL,,48
19538,ORD019538,MARKET,BUY,,37
19539,ORD019539,LIMIT,BUY,98.53,12
19540,ORD019540,MARKET,SELL,,9
19541,ORD019541,MARKET,BUY,,19
19542,ORD019542,LIMIT,BUY,98.96,82
19543,ORD019543,LIMIT,BUY,99.67,89
19544,ORD019544,MARKET,BUY,,56
19545,ORD019545,LIMIT,SELL,100.44,55
19546,ORD019546,MARKET,BUY,,82
19547,ORD009662,CANCEL,,,
19548,ORD019548,LIMIT,SELL,101.97,5
19549,ORD019549,LIMIT,BUY,100.47,56
19550,ORD019550,LIMIT,BUY,99.13,30
19551,ORD019551,LIMIT,SELL,101.82,67
19552,ORD019552,LIMIT,SELL,100.53,16
19553,ORD019553,MARKET,SELL,,44
19554,ORD019554,LIMIT,BUY,100.19,68
19555,ORD019555,MARKET,BUY,,61
19556,ORD019556,MARKET,BUY,,38
19557,ORD019557,MARKET,BUY,,90
19558,ORD019558,LIMIT,SELL,100.68,93
19559,ORD019559,MARKET,SELL,,80
19560,ORD019560,LIMIT,SELL,99.62,49
19561,ORD019561,MARKET,SELL,,7
19562,ORD019562,LIMIT,SELL,100.89,46
19563,ORD019563,MARKET,BUY,,50
19564,ORD019564,MARKET,SELL,,51
19565,ORD019565,MARKET,BUY,,71
19566,ORD019566,LIMIT,BUY,98.18,60
19567,ORD019567,LIMIT,SELL,99.51,89
19568,ORD019568,MARKET,SELL,,54
19569,ORD019569,MARKET,SELL,,24
19570,ORD019570,MARKET,BUY,,100
19571,ORD019571,LIMIT,SELL,99.72,76
19572,ORD019572,MARKET,SELL,,86
19573,ORD019573,LIMIT,BUY,99.65,59
19574,ORD019574,LIMIT,BUY,100.44,60
19575,ORD019575,LIMIT,SELL,101.81,80
19576,ORD019576,MARKET,SELL,,34
19577,ORD019577,MARKET,SELL,,98
19578,ORD019578,MARKET,BUY,,92
19579,ORD019579,LIMIT,SELL,100.19,78
19580,ORD019580,LIMIT,BUY,98.11,34
19581,ORD019581,LIMIT,BUY,99.85,15
19582,ORD019582,LIMIT,BUY,99.37,16
19583,ORD019583,MARKET,SELL,,55
19584,ORD019584,LIMIT,SELL,100.57,33
19585,ORD019585,MARKET,SELL,,91
19586,ORD017663,CANCEL,,,
19587,ORD019587,MARKET,BUY,,86
19588,ORD019588,LIMIT,BUY,98.41,64
19589,ORD019589,LIMIT,BUY,99.57,92
19590,ORD019590,MARKET,BUY,,74
19591,ORD019591,LIMIT,BUY,100.04,26
19592,ORD019592,LIMIT,BUY,99.28,97
19593,ORD019593,MARKET,BUY,,64
19594,ORD019594,MARKET,SELL,,48
19595,ORD019595,LIMIT,BUY,100.31,60
19596,ORD019596,LIMIT,BUY,99.57,77
19597,ORD019597,LIMIT,SELL,100.68,53
19598,ORD019598,MARKET,BUY,,26
19599,ORD019599,MARKET,SELL,,57
19600,ORD019600,MARKET,SELL,,14
19601,ORD019601,LIMIT,SELL,100.13,47
19602,ORD019602,LIMIT,SELL,100.54,28
19603,ORD019603,MARKET,BUY,,13
19604,ORD019604,MARKET,BUY,,67
19605,ORD019605,MARKET,SELL,,45
19606,ORD019606,MARKET,BUY,,64
19607,ORD003636,CANCEL,,,
19608,ORD019608,LIMIT,SELL,100.75,18
19609,ORD019609,LIMIT,BUY,98.9,44
19610,ORD019610,LIMIT,SELL,100.67,56
19611,ORD019611,MARKET,BUY,,67
19612,ORD019612,MARKET,SELL,,58
19613,ORD019613,MARKET,SELL,,7
19614,ORD019614,MARKET,SELL,,18
19615,ORD019615,LIMIT,SELL,100.21,50
19616,ORD019616,MARKET,SELL,,96
19617,ORD019617,MARKET,BUY,,18
19618,ORD019618,MARKET,BUY,,79
19619,ORD019619,MARKET,SELL,,33
19620,ORD019620,MARKET,BUY,,53
19621,ORD019621,LIMIT,BUY,98.68,83
19622,ORD019622,LIMIT,SELL,100.2,62
19623,ORD019623,LIMIT,SELL,99.79,69
19624,ORD019624,LIMIT,BUY,99.92,76
19625,ORD019625,MARKET,SELL,,81
19626,ORD019626,MARKET,BUY,,70
19627,ORD019627,LIMIT,SELL,100.52,41
19628,ORD019628,MARKET,BUY,,53
19629,ORD019629,MARKET,BUY,,47
19630,ORD019630,MARKET,BUY,,11
19631,ORD019631,LIMIT,BUY,100.39,96
19632,ORD019632,MARKET,BUY,,55
19633,ORD019633,MARKET,BUY,,79
19634,ORD019634,LIMIT,BUY,100.4,81
19635,ORD019635,LIMIT,BUY,99.46,96
19636,ORD019636,MARKET,SELL,,33
19637,ORD019637,LIMIT,BUY,100.16,76
19638,ORD019638,LIMIT,SELL,101.04,78
19639,ORD019639,LIMIT,BUY,99.43,65
19640,ORD019640,MARKET,BUY,,100
19641,ORD019641,MARKET,SELL,,83
19642,ORD019642,MARKET,SELL,,74
19643,ORD019643,MARKET,BUY,,15
19644,ORD019644,LIMIT,BUY,98.47,4
19645,ORD019645,MARKET,BUY,,24
19646,ORD019646,MARKET,BUY,,89
19647,ORD019647,LIMIT,BUY,98.76,49
19648,ORD019648,MARKET,SELL,,63
19649,ORD019649,MARKET,SELL,,10
19650,ORD019650,MARKET,BUY,,14
19651,ORD019651,MARKET,BUY,,27
19652,ORD019652,LIMIT,SELL,100.35,51
19653,ORD019653,MARKET,SELL,,40
19654,ORD019654,LIMIT,BUY,99.14,60
19655,ORD019655,LIMIT,SELL,101.06,15
19656,ORD011981,CANCEL,,,
19657,ORD019657,LIMIT,BUY,99.52,59
19658,ORD019658,LIMIT,BUY,98.39,28
19659,ORD019659,MARKET,SELL,,25
19660,ORD006284,CANCEL,,,
19661,ORD019661,LIMIT,BUY,99.14,95
19662,ORD019662,MARKET,SELL,,30
19663,ORD019663,LIMIT,BUY,100.01,92
19664,ORD010661,CANCEL,,,
19665,ORD019665,MARKET,BUY,,41
19666,ORD019666,LIMIT,BUY,100.4,8
19667,ORD019667,LIMIT,BUY,98.83,45
19668,ORD019668,LIMIT,SELL,101.26,36
19669,ORD019669,MARKET,BUY,,84
19670,ORD019670,LIMIT,BUY,100.21,46
19671,ORD019671,MARKET,SELL,,59
19672,ORD019672,LIMIT,SELL,100.43,1
19673,ORD019673,LIMIT,BUY,99.48,15
19674,ORD019674,MARKET,SELL,,67
19675,ORD019675,LIMIT,BUY,98.44,2
19676,ORD019676,LIMIT,BUY,98.11,92
19677,ORD019677,LIMIT,SELL,101.87,57
19678,ORD019678,MARKET,BUY,,41
19679,ORD019679,LIMIT,BUY,99.57,86
19680,ORD019680,LIMIT,SELL,101.72,89
19681,ORD019681,LIMIT,BUY,99.47,50
19682,ORD019682,LIMIT,BUY,98.28,42
19683,ORD019683,MARKET,BUY,,32
19684,ORD019684,LIMIT,BUY,98.04,82
19685,ORD019685,MARKET,BUY,,31
19686,ORD019686,LIMIT,BUY,100.29,22
19687,ORD019687,MARKET,BUY,,50
19688,ORD019688,LIMIT,BUY,99.74,99
19689,ORD019689,LIMIT,BUY,99.8,93
19690,ORD019690,MARKET,SELL,,27
19691,ORD019691,LIMIT,SELL,101.79,52
19692,ORD019692,LIMIT,SELL,100.35,71
19693,ORD019693,MARKET,BUY,,99
19694,ORD019694,MARKET,BUY,,3
19695,ORD008995,CANCEL,,,
19696,ORD019696,LIMIT,BUY,99.78,17
19697,ORD019697,LIMIT,BUY,98.01,17
19698,ORD019698,LIMIT,BUY,99.78,75
19699,ORD019699,MARKET,SELL,,8
19700,ORD019700,LIMIT,SELL,101.58,76
19701,ORD019701,MARKET,BUY,,81
19702,ORD019702,LIMIT,SELL,101.8,84
19703,ORD019703,MARKET,BUY,,88
19704,ORD019704,LIMIT,BUY,99.17,45
19705,ORD019705,MARKET,BUY,,83
19706,ORD019706,LIMIT,BUY,100.39,20
19707,ORD019707,LIMIT,SELL,99.92,12
19708,ORD019708,MARKET,SELL,,24
19709,ORD019709,LIMIT,SELL,99.58,16
19710,ORD019710,LIMIT,SELL,101.44,42
19711,ORD019711,LIMIT,BUY,99.63,55
19712,ORD019712,LIMIT,SELL,101.61,41
19713,ORD019713,LIMIT,SELL,100.1,85
19714,ORD019714,MARKET,BUY,,81
19715,ORD019715,LIMIT,BUY,100.16,84
19716,ORD019716,LIMIT,BUY,98.8,55
19717,ORD019717,LIMIT,BUY,99.15,28
19718,ORD019718,LIMIT,BUY,99.84,68
19719,ORD019719,LIMIT,SELL,100.48,42
19720,ORD019720,MARKET,BUY,,22
19721,ORD010667,CANCEL,,,
19722,ORD019722,LIMIT,BUY,98.26,90
19723,ORD019723,MARKET,SELL,,96
19724,ORD010715,CANCEL,,,
19725,ORD019725,LIMIT,SELL,100.68,15
19726,ORD019726,MARKET,BUY,,33
19727,ORD019727,LIMIT,BUY,100.07,96
19728,ORD019728,LIMIT,BUY,98.28,79
19729,ORD019729,LIMIT,BUY,98.88,59
19730,ORD019730,MARKET,SELL,,32
19731,ORD019731,MARKET,BUY,,64
19732,ORD019732,MARKET,BUY,,23
19733,ORD019733,LIMIT,BUY,100.35,44
19734,ORD019734,MARKET,BUY,,4
19735,ORD019735,LIMIT,SELL,99.82,15
19736,ORD019736,LIMIT,SELL,99.55,19
19737,ORD019737,LIMIT,BUY,98.55,42
19738,ORD019738,LIMIT,SELL,101.7,45
19739,ORD019739,MARKET,BUY,,23
19740,ORD019740,LIMIT,BUY,99.96,45
19741,ORD019741,MARKET,SELL,,84
19742,ORD019742,LIMIT,BUY,98.19,34
19743,ORD019743,LIMIT,SELL,99.78,9
19744,ORD019744,MARKET,SELL,,98
19745,ORD019745,MARKET,SELL,,76
19746,ORD014825,CANCEL,,,
19747,ORD019747,MARKET,BUY,,31
19748,ORD019748,LIMIT,BUY,99.62,63
19749,ORD019749,LIMIT,SELL,100.42,74
19750,ORD019750,LIMIT,BUY,98.47,2
19751,ORD019751,MARKET,SELL,,63
19752,ORD019752,LIMIT,SELL,100.16,23
19753,ORD019753,MARKET,SELL,,37
19754,ORD019754,LIMIT,BUY,99.02,27
19755,ORD019755,MARKET,BUY,,60
19756,ORD019756,LIMIT,BUY,98.11,11
19757,ORD019757,MARKET,SELL,,82
19758,ORD019758,MARKET,BUY,,52
19759,ORD019759,MARKET,BUY,,66
19760,ORD019760,MARKET,BUY,,43
19761,ORD019761,LIMIT,SELL,99.55,96
19762,ORD019762,MARKET,BUY,,41
19763,ORD019763,MARKET,SELL,,18
19764,ORD019764,MARKET,SELL,,32
19765,ORD019765,MARKET,SELL,,94
19766,ORD019766,LIMIT,SELL,100.95,21
19767,ORD019767,MARKET,BUY,,66
19768,ORD019768,LIMIT,SELL,100.83,74
19769,ORD019769,MARKET,BUY,,9
19770,ORD019770,MARKET,SELL,,59
19771,ORD019771,LIMIT,SELL,101.61,39
19772,ORD019772,LIMIT,BUY,100.48,86
19773,ORD019773,LIMIT,BUY,100.39,44
19774,ORD019774,MARKET,BUY,,15
19775,ORD019775,MARKET,SELL,,54
19776,ORD006788,CANCEL,,,
19777,ORD015049,CANCEL,,,
19778,ORD019778,LIMIT,SELL,101.28,11
19779,ORD019779,LIMIT,SELL,100.98,39
19780,ORD019780,MARKET,SELL,,31
19781,ORD019781,MARKET,BUY,,31
19782,ORD019782,MARKET,SELL,,86
19783,ORD004282,CANCEL,,,
19784,ORD019784,MARKET,BUY,,42
19785,ORD019785,LIMIT,SELL,101.17,46
19786,ORD019786,LIMIT,SELL,101.64,40
19787,ORD019787,LIMIT,SELL,99.89,24
19788,ORD019788,MARKET,BUY,,89
19789,ORD019789,MARKET,SELL,,66
19790,ORD019790,MARKET,BUY,,85
19791,ORD019791,LIMIT,BUY,98.31,51
19792,ORD019792,LIMIT,BUY,98.74,66
19793,ORD019793,LIMIT,SELL,101.22,59
19794,ORD019794,MARKET,SELL,,41
19795,ORD019795,MARKET,SELL,,100
19796,ORD019796,MARKET,BUY,,13
19797,ORD019797,MARKET,BUY,,33
19798,ORD019798,LIMIT,BUY,99.4,72
19799,ORD019799,MARKET,SELL,,99
19800,ORD019800,LIMIT,BUY,100.15,93
19801,ORD019801,LIMIT,BUY,100.33,16
19802,ORD019802,MARKET,BUY,,52
19803,ORD019803,LIMIT,BUY,100.07,55
19804,ORD019804,LIMIT,SELL,100.57,16
19805,ORD019805,LIMIT,SELL,99.54,59
19806,ORD019806,MARKET,SELL,,92
19807,ORD019807,MARKET,BUY,,12
19808,ORD019808,MARKET,SELL,,66
19809,ORD019809,MARKET,BUY,,35
19810,ORD019810,MARKET,BUY,,89
19811,ORD019811,LIMIT,BUY,99.28,3
19812,ORD019812,LIMIT,BUY,98.87,24
19813,ORD019813,LIMIT,BUY,98.41,89
19814,ORD007072,CANCEL,,,
19815,ORD019815,LIMIT,SELL,101.01,82
19816,ORD019816,LIMIT,BUY,99.74,51
19817,ORD019817,MARKET,SELL,,100
19818,ORD019818,LIMIT,BUY,99.71,2
19819,ORD019819,LIMIT,SELL,100.35,34
19820,ORD019820,MARKET,BUY,,62
19821,ORD019821,MARKET,BUY,,43
19822,ORD019822,MARKET,BUY,,4
19823,ORD019823,LIMIT,BUY,100.45,79
19824,ORD019824,LIMIT,SELL,101.66,23
19825,ORD019825,MARKET,SELL,,78
19826,ORD019826,MARKET,BUY,,20
19827,ORD019827,MARKET,SELL,,11
19828,ORD019828,MARKET,SELL,,35
19829,ORD019829,LIMIT,SELL,101.48,66
19830,ORD019830,LIMIT,SELL,100.08,88
19831,ORD019831,MARKET,BUY,,47
19832,ORD019832,LIMIT,SELL,100.1,60
19833,ORD019833,MARKET,SELL,,100
19834,ORD019834,MARKET,SELL,,56
19835,ORD019835,MARKET,SELL,,92
19836,ORD019836,LIMIT,BUY,98.97,81
19837,ORD019837,LIMIT,SELL,101.62,61
19838,ORD019838,MARKET,SELL,,83
19839,ORD019839,MARKET,SELL,,73
19840,ORD019840,LIMIT,SELL,101.84,66
19841,ORD019841,LIMIT,BUY,100.24,42
19842,ORD019842,MARKET,SELL,,99
19843,ORD019843,LIMIT,SELL,99.6,8
19844,ORD019844,LIMIT,SELL,101.15,45
19845,ORD019845,MARKET,BUY,,5
19846,ORD019846,MARKET,SELL,,68
19847,ORD019847,LIMIT,SELL,101.22,22
19848,ORD019848,LIMIT,SELL,100.02,51
19849,ORD019849,MARKET,SELL,,12
19850,ORD019850,MARKET,SELL,,79
19851,ORD019851,MARKET,SELL,,8
19852,ORD019852,MARKET,SELL,,78
19853,ORD019853,LIMIT,BUY,99.91,20
19854,ORD019854,MARKET,BUY,,15
19855,ORD019855,LIMIT,BUY,98.58,87
19856,ORD019856,MARKET,BUY,,19
19857,ORD004709,CANCEL,,,
19858,ORD019858,LIMIT,BUY,98.68,38
19859,ORD019859,LIMIT,SELL,101.96,73
19860,ORD018413,CANCEL,,,
19861,ORD019861,MARKET,SELL,,59
19862,ORD019862,MARKET,SELL,,84
19863,ORD019863,MARKET,BUY,,84
19864,ORD019864,MARKET,BUY,,24
19865,ORD019865,LIMIT,BUY,100.06,42
19866,ORD019866,LIMIT,BUY,100.0,84
19867,ORD019867,MARKET,SELL,,33
19868,ORD019868,LIMIT,SELL,100.82,64
19869,ORD019869,MARKET,SELL,,49
19870,ORD019870,LIMIT,SELL,101.81,95
19871,ORD019871,LIMIT,SELL,100.61,64
19872,ORD019872,LIMIT,SELL,101.59,94
19873,ORD019873,LIMIT,SELL,100.75,22
19874,ORD019874,LIMIT,SELL,100.13,58
19875,ORD019875,MARKET,BUY,,15
19876,ORD019876,LIMIT,BUY,98.0,90
19877,ORD019877,LIMIT,SELL,101.85,32
19878,ORD019878,LIMIT,BUY,98.13,98
19879,ORD019879,MARKET,SELL,,94
19880,ORD008078,CANCEL,,,
19881,ORD019881,LIMIT,BUY,98.5,85
19882,ORD019882,MARKET,SELL,,62
19883,ORD019883,LIMIT,SELL,100.45,39
19884,ORD019884,MARKET,SELL,,37
19885,ORD019885,MARKET,BUY,,64
19886,ORD019886,MARKET,BUY,,93
19887,ORD019887,MARKET,BUY,,87
19888,ORD015444,CANCEL,,,
19889,ORD013472,CANCEL,,,
19890,ORD019890,MARKET,SELL,,40
19891,ORD019891,LIMIT,BUY,98.81,67
19892,ORD019892,MARKET,BUY,,56
19893,ORD019893,LIMIT,BUY,100.42,94
19894,ORD019894,MARKET,BUY,,100
19895,ORD019895,MARKET,SELL,,89
19896,ORD019896,MARKET,BUY,,87
19897,ORD019897,MARKET,SELL,,43
19898,ORD019898,LIMIT,BUY,99.97,31
19899,ORD019899,LIMIT,SELL,100.98,3
19900,ORD019900,LIMIT,BUY,100.4,17
19901,ORD019901,LIMIT,BUY,98.99,47
19902,ORD019902,LIMIT,BUY,98.91,61
19903,ORD019903,MARKET,BUY,,47
19904,ORD019904,MARKET,BUY,,95
19905,ORD019905,MARKET,BUY,,93
19906,ORD019906,MARKET,BUY,,76
19907,ORD019907,LIMIT,BUY,98.27,63
19908,ORD019908,MARKET,SELL,,24
19909,ORD019909,MARKET,BUY,,46
19910,ORD019910,LIMIT,BUY,99.33,71
19911,ORD019911,LIMIT,SELL,101.52,26
19912,ORD019912,MARKET,BUY,,48
19913,ORD019913,LIMIT,BUY,98.36,88
19914,ORD019914,MARKET,SELL,,68
19915,ORD019915,LIMIT,SELL,100.19,56
19916,ORD019916,MARKET,BUY,,80
19917,ORD019917,LIMIT,SELL,101.09,33
19918,ORD019918,LIMIT,SELL,99.97,95
19919,ORD019919,MARKET,SELL,,55
19920,ORD019920,MARKET,SELL,,69
19921,ORD019921,LIMIT,BUY,99.32,8
19922,ORD019922,MARKET,SELL,,90
19923,ORD019923,MARKET,BUY,,2
19924,ORD019924,MARKET,BUY,,25
19925,ORD019925,LIMIT,BUY,98.0,55
19926,ORD019926,MARKET,BUY,,23
19927,ORD019927,LIMIT,BUY,100.16,92
19928,ORD019928,LIMIT,BUY,98.14,98
19929,ORD019929,LIMIT,BUY,99.82,55
19930,ORD019930,MARKET,SELL,,80
19931,ORD019931,LIMIT,BUY,99.1,60
19932,ORD019932,LIMIT,SELL,100.26,27
19933,ORD019933,MARKET,BUY,,63
19934,ORD019934,MARKET,SELL,,3
19935,ORD013249,CANCEL,,,
19936,ORD019936,MARKET,SELL,,24
19937,ORD019937,LIMIT,SELL,99.68,69
19938,ORD019938,LIMIT,BUY,98.37,3
19939,ORD019939,MARKET,SELL,,28
19940,ORD019940,MARKET,BUY,,24
19941,ORD019941,MARKET,SELL,,95
19942,ORD019942,LIMIT,BUY,99.95,59
19943,ORD019943,MARKET,SELL,,50
19944,ORD019944,MARKET,SELL,,39
19945,ORD019945,LIMIT,BUY,98.77,71
19946,ORD019946,LIMIT,SELL,101.56,65
19947,ORD019947,LIMIT,SELL,101.44,26
19948,ORD019948,LIMIT,BUY,98.94,63
19949,ORD019949,LIMIT,BUY,98.34,76
19950,ORD019950,LIMIT,BUY,99.02,3
19951,ORD019951,LIMIT,SELL,99.72,55
19952,ORD019952,MARKET,BUY,,35
19953,ORD019953,LIMIT,BUY,99.75,15
19954,ORD019954,LIMIT,BUY,100.34,62
19955,ORD019955,LIMIT,BUY,98.4,8
19956,ORD019956,LIMIT,SELL,99.72,55
19957,ORD019957,LIMIT,SELL,99.65,25
19958,ORD019958,LIMIT,BUY,99.92,11
19959,ORD019959,MARKET,BUY,,64
19960,ORD019960,LIMIT,BUY,98.45,66
19961,ORD019961,LIMIT,BUY,99.07,24
19962,ORD019962,LIMIT,BUY,100.4,62
19963,ORD019963,LIMIT,SELL,99.62,43
19964,ORD019964,MARKET,BUY,,73
19965,ORD019965,MARKET,SELL,,100
19966,ORD019966,LIMIT,BUY,99.31,73
19967,ORD019967,LIMIT,SELL,100.09,54
19968,ORD019968,MARKET,SELL,,77
19969,ORD019969,LIMIT,SELL,101.24,89
19970,ORD019970,LIMIT,BUY,99.17,49
19971,ORD019971,MARKET,BUY,,34
19972,ORD019972,LIMIT,SELL,99.76,74
19973,ORD019973,LIMIT,SELL,100.37,26
19974,ORD017055,CANCEL,,,
19975,ORD019975,LIMIT,SELL,101.05,94
19976,ORD019976,MARKET,SELL,,96
19977,ORD019977,LIMIT,SELL,99.84,42
19978,ORD019978,MARKET,SELL,,86
19979,ORD019979,LIMIT,BUY,99.41,43
19980,ORD019980,MARKET,BUY,,86
19981,ORD019981,MARKET,SELL,,9
19982,ORD019982,LIMIT,SELL,100.39,38
19983,ORD019983,MARKET,BUY,,52
19984,ORD019984,MARKET,SELL,,45
19985,ORD019985,MARKET,BUY,,64
19986,ORD019986,MARKET,BUY,,24
19987,ORD019987,LIMIT,BUY,98.98,15
19988,ORD019988,LIMIT,BUY,99.92,16
19989,ORD019989,MARKET,BUY,,100
19990,ORD019990,MARKET,BUY,,52
19991,ORD019991,MARKET,BUY,,16
19992,ORD019992,LIMIT,SELL,101.17,98
19993,ORD019993,LIMIT,SELL,100.13,6
19994,ORD019994,LIMIT,BUY,98.75,31
19995,ORD019995,LIMIT,BUY,98.09,100
19996,ORD019996,MARKET,BUY,,69
19997,ORD018347,CANCEL,,,
19998,ORD019998,LIMIT,BUY,98.2,61
19999,ORD019999,LIMIT,SELL,101.11,20
20000,ORD020000,LIMIT,BUY,98.64,17
