sequence,order_id,type,side,price,quantity
1,ORD000001,LIMIT,BUY,98.61,18
2,ORD000002,LIMIT,BUY,98.08,12
3,ORD000003,LIMIT,BUY,99.79,90
4,ORD000004,LIMIT,BUY,98.7,1
5,ORD000005,LIMIT,BUY,98.85,20
6,ORD000006,LIMIT,SELL,100.45,46
7,ORD000007,LIMIT,SELL,101.32,69
8,ORD000004,CANCEL,,,
9,ORD000003,CANCEL,,,
10,ORD000010,LIMIT,SELL,101.26,6
11,ORD000011,LIMIT,SELL,101.64,13
12,ORD000012,LIMIT,SELL,100.41,48
13,ORD000013,LIMIT,SELL,101.21,10
14,ORD000014,LIMIT,BUY,98.61,60
15,ORD000015,LIMIT,BUY,100.11,100
16,ORD000001,CANCEL,,,
17,ORD000017,LIMIT,SELL,100.03,73
18,ORD000018,LIMIT,SELL,100.75,83
19,ORD000019,LIMIT,SELL,101.36,69
20,ORD000020,LIMIT,SELL,100.5,29
21,ORD000021,LIMIT,BUY,98.23,7
22,ORD000022,LIMIT,BUY,99.98,55
23,ORD000023,LIMIT,SELL,101.99,68
24,ORD000024,LIMIT,BUY,98.29,69
25,ORD000025,LIMIT,SELL,100.59,59
26,ORD000014,CANCEL,,,
27,ORD000027,LIMIT,BUY,98.27,81
28,ORD000028,LIMIT,BUY,99.91,70
29,ORD000029,LIMIT,BUY,99.22,15
30,ORD000030,LIMIT,SELL,100.1,73
31,ORD000031,LIMIT,BUY,100.04,98
32,ORD000032,LIMIT,BUY,99.19,71
33,ORD000025,CANCEL,,,
34,ORD000034,LIMIT,SELL,101.82,97
35,ORD000035,LIMIT,BUY,99.0,86
36,ORD000036,LIMIT,SELL,100.63,32
37,ORD000037,MARKET,SELL,,71
38,ORD000038,MARKET,BUY,,91
39,ORD000039,MARKET,BUY,,5
40,ORD000040,LIMIT,BUY,98.7,63
41,ORD000041,LIMIT,BUY,100.21,74
42,ORD000042,LIMIT,SELL,99.98,13
43,ORD000043,LIMIT,SELL,100.67,94
44,ORD000031,CANCEL,,,
45,ORD000045,MARKET,BUY,,94
46,ORD000046,LIMIT,BUY,98.48,58
47,ORD000011,CANCEL,,,
48,ORD000048,LIMIT,BUY,98.19,71
49,ORD000034,CANCEL,,,
50,ORD000050,LIMIT,BUY,100.32,31
51,ORD000027,CANCEL,,,
52,ORD000052,LIMIT,SELL,99.91,1
53,ORD000053,LIMIT,SELL,101.46,37
54,ORD000054,LIMIT,SELL,100.24,8
55,ORD000055,LIMIT,BUY,98.14,75
56,ORD000056,MARKET,BUY,,66
57,ORD000012,CANCEL,,,
58,ORD000006,CANCEL,,,
59,ORD000059,LIMIT,BUY,100.35,73
60,ORD000060,LIMIT,BUY,99.05,75
61,ORD000061,LIMIT,SELL,100.01,92
62,ORD000062,LIMIT,SELL,101.18,39
63,ORD000063,MARKET,BUY,,80
64,ORD000064,MARKET,BUY,,28
65,ORD000065,LIMIT,BUY,100.2,32
66,ORD000066,LIMIT,BUY,99.36,39
67,ORD000067,LIMIT,BUY,99.39,85
68,ORD000020,CANCEL,,,
69,ORD000069,LIMIT,BUY,98.39,37
70,ORD000070,LIMIT,SELL,101.09,34
71,ORD000071,LIMIT,SELL,101.62,12
72,ORD000072,MARKET,SELL,,43
73,ORD000073,LIMIT,SELL,100.6,91
74,ORD000074,LIMIT,BUY,100.36,89
75,ORD000075,LIMIT,BUY,99.46,19
76,ORD000076,LIMIT,BUY,100.25,6
77,ORD000077,LIMIT,BUY,99.67,46
78,ORD000078,LIMIT,SELL,101.37,31
79,ORD000079,LIMIT,BUY,98.06,95
80,ORD000080,LIMIT,SELL,101.66,32
81,ORD000081,LIMIT,BUY,98.1,61
82,ORD000082,LIMIT,SELL,101.55,30
83,ORD000083,LIMIT,BUY,98.7,9
84,ORD000084,LIMIT,SELL,100.77,87
85,ORD000085,LIMIT,SELL,99.79,34
86,ORD000035,CANCEL,,,
87,ORD000077,CANCEL,,,
88,ORD000088,LIMIT,SELL,101.96,15
89,ORD000089,LIMIT,BUY,99.77,1
90,ORD000090,LIMIT,BUY,98.17,86
91,ORD000091,LIMIT,SELL,99.81,39
92,ORD000092,LIMIT,SELL,101.24,71
93,ORD000060,CANCEL,,,
94,ORD000094,LIMIT,SELL,101.76,79
95,ORD000095,LIMIT,SELL,99.5,37
96,ORD000096,LIMIT,SELL,100.61,28
97,ORD000097,LIMIT,BUY,98.71,85
98,ORD000098,MARKET,SELL,,97
99,ORD000099,LIMIT,SELL,100.0,4
100,ORD000069,CANCEL,,,
101,ORD000101,LIMIT,BUY,100.22,74
102,ORD000089,CANCEL,,,
103,ORD000103,LIMIT,SELL,101.14,1
104,ORD000104,LIMIT,BUY,98.55,90
105,ORD000105,LIMIT,BUY,100.29,16
106,ORD000106,LIMIT,SELL,101.97,77
107,ORD000107,LIMIT,SELL,101.3,65
108,ORD000108,LIMIT,SELL,101.36,61
109,ORD000109,LIMIT,BUY,98.69,100
110,ORD000110,LIMIT,BUY,98.19,37
111,ORD000111,LIMIT,SELL,100.85,18
112,ORD000055,CANCEL,,,
113,ORD000113,MARKET,BUY,,53
114,ORD000114,LIMIT,SELL,100.02,54
115,ORD000115,LIMIT,BUY,99.91,49
116,ORD000116,LIMIT,SELL,100.47,54
117,ORD000117,LIMIT,BUY,98.68,63
118,ORD000048,CANCEL,,,
119,ORD000119,LIMIT,SELL,101.6,17
120,ORD000120,LIMIT,BUY,99.48,85
121,ORD000088,CANCEL,,,
122,ORD000122,LIMIT,SELL,100.15,42
123,ORD000123,LIMIT,SELL,101.7,36
124,ORD000124,LIMIT,SELL,99.7,3
125,ORD000125,LIMIT,BUY,98.87,84
126,ORD000015,CANCEL,,,
127,ORD000127,LIMIT,BUY,98.05,20
128,ORD000128,LIMIT,SELL,100.91,28
129,ORD000129,LIMIT,SELL,99.92,78
130,ORD000130,LIMIT,BUY,98.41,40
131,ORD000010,CANCEL,,,
132,ORD000132,LIMIT,SELL,101.29,10
133,ORD000133,LIMIT,BUY,99.93,88
134,ORD000134,LIMIT,BUY,99.41,6
135,ORD000135,LIMIT,SELL,99.67,83
136,ORD000136,LIMIT,SELL,99.76,47
137,ORD000137,LIMIT,SELL,100.59,94
138,ORD000138,LIMIT,SELL,101.8,100
139,ORD000139,LIMIT,SELL,100.98,42
140,ORD000140,LIMIT,BUY,99.13,97
141,ORD000141,LIMIT,SELL,100.74,42
142,ORD000071,CANCEL,,,
143,ORD000143,LIMIT,SELL,101.7,90
144,ORD000144,LIMIT,BUY,98.48,31
145,ORD000145,LIMIT,SELL,100.1,61
146,ORD000146,LIMIT,SELL,99.54,38
147,ORD000147,LIMIT,BUY,99.45,61
148,ORD000148,LIMIT,SELL,101.36,43
149,ORD000149,LIMIT,SELL,100.13,16
150,ORD000150,LIMIT,SELL,100.84,98
151,ORD000151,LIMIT,BUY,99.21,93
152,ORD000152,LIMIT,SELL,101.58,38
153,ORD000153,LIMIT,BUY,99.77,17
154,ORD000154,LIMIT,BUY,99.74,17
155,ORD000155,LIMIT,SELL,99.53,37
156,ORD000156,LIMIT,SELL,101.91,33
157,ORD000157,LIMIT,SELL,99.66,63
158,ORD000148,CANCEL,,,
159,ORD000159,LIMIT,BUY,99.41,39
160,ORD000078,CANCEL,,,
161,ORD000115,CANCEL,,,
162,ORD000162,LIMIT,BUY,98.95,57
163,ORD000163,LIMIT,SELL,101.05,79
164,ORD000164,LIMIT,BUY,98.52,28
165,ORD000165,LIMIT,BUY,98.43,10
166,ORD000111,CANCEL,,,
167,ORD000167,LIMIT,SELL,100.08,91
168,ORD000168,MARKET,SELL,,30
169,ORD000169,LIMIT,BUY,99.36,83
170,ORD000082,CANCEL,,,
171,ORD000171,MARKET,BUY,,40
172,ORD000172,LIMIT,SELL,100.67,39
173,ORD000173,LIMIT,SELL,100.73,11
174,ORD000174,LIMIT,SELL,101.01,4
175,ORD000164,CANCEL,,,
176,ORD000176,LIMIT,BUY,99.68,35
177,ORD000177,LIMIT,BUY,99.63,36
178,ORD000146,CANCEL,,,
179,ORD000179,LIMIT,SELL,100.68,53
180,ORD000180,LIMIT,BUY,98.82,89
181,ORD000181,LIMIT,SELL,100.88,59
182,ORD000080,CANCEL,,,
183,ORD000183,LIMIT,SELL,101.56,1
184,ORD000184,LIMIT,SELL,99.97,47
185,ORD000185,LIMIT,SELL,101.4,27
186,ORD000186,LIMIT,BUY,99.1,90
187,ORD000187,LIMIT,BUY,99.52,31
188,ORD000188,LIMIT,SELL,100.88,12
189,ORD000189,LIMIT,BUY,98.29,20
190,ORD000190,LIMIT,SELL,100.18,62
191,ORD000191,LIMIT,BUY,98.36,25
192,ORD000192,LIMIT,BUY,98.69,54
193,ORD000193,LIMIT,SELL,100.21,39
194,ORD000194,LIMIT,SELL,100.62,62
195,ORD000195,LIMIT,SELL,100.3,25
196,ORD000196,LIMIT,BUY,98.58,100
197,ORD000197,LIMIT,SELL,101.26,49
198,ORD000198,LIMIT,BUY,98.09,65
199,ORD000199,LIMIT,SELL,101.69,57
200,ORD000128,CANCEL,,,
201,ORD000046,CANCEL,,,
202,ORD000202,MARKET,BUY,,34
203,ORD000203,LIMIT,SELL,101.63,87
204,ORD000204,LIMIT,SELL,101.07,98
205,ORD000205,LIMIT,BUY,98.59,88
206,ORD000206,LIMIT,BUY,99.08,13
207,ORD000207,LIMIT,BUY,99.74,4
208,ORD000192,CANCEL,,,
209,ORD000107,CANCEL,,,
210,ORD000210,LIMIT,BUY,99.03,88
211,ORD000211,LIMIT,BUY,99.52,49
212,ORD000212,LIMIT,BUY,99.46,30
213,ORD000213,LIMIT,SELL,101.17,60
214,ORD000214,MARKET,BUY,,45
215,ORD000215,LIMIT,SELL,100.56,33
216,ORD000216,LIMIT,SELL,100.46,62
217,ORD000116,CANCEL,,,
218,ORD000218,LIMIT,SELL,100.24,85
219,ORD000219,LIMIT,BUY,99.71,96
220,ORD000220,LIMIT,SELL,101.76,100
221,ORD000221,LIMIT,SELL,99.98,33
222,ORD000222,LIMIT,BUY,100.26,83
223,ORD000194,CANCEL,,,
224,ORD000224,LIMIT,SELL,99.73,38
225,ORD000225,LIMIT,SELL,99.83,70
226,ORD000226,LIMIT,SELL,101.78,22
227,ORD000227,LIMIT,SELL,100.24,44
228,ORD000228,LIMIT,SELL,99.85,29
229,ORD000229,LIMIT,SELL,101.51,47
230,ORD000120,CANCEL,,,
231,ORD000147,CANCEL,,,
232,ORD000110,CANCEL,,,
233,ORD000233,LIMIT,SELL,101.56,48
234,ORD000076,CANCEL,,,
235,ORD000235,LIMIT,SELL,100.05,9
236,ORD000236,LIMIT,SELL,100.26,53
237,ORD000019,CANCEL,,,
238,ORD000238,LIMIT,SELL,99.79,31
239,ORD000239,LIMIT,BUY,98.93,96
240,ORD000240,LIMIT,SELL,101.32,54
241,ORD000241,LIMIT,SELL,101.85,36
242,ORD000193,CANCEL,,,
243,ORD000243,LIMIT,SELL,101.64,13
244,ORD000244,LIMIT,SELL,101.94,46
245,ORD000156,CANCEL,,,
246,ORD000084,CANCEL,,,
247,ORD000247,MARKET,SELL,,28
248,ORD000248,MARKET,BUY,,43
249,ORD000249,LIMIT,BUY,98.51,98
250,ORD000250,LIMIT,BUY,98.58,100
251,ORD000002,CANCEL,,,
252,ORD000252,LIMIT,BUY,99.35,23
253,ORD000023,CANCEL,,,
254,ORD000196,CANCEL,,,
255,ORD000255,LIMIT,BUY,98.04,34
256,ORD000220,CANCEL,,,
257,ORD000257,LIMIT,BUY,99.95,66
258,ORD000258,LIMIT,SELL,101.86,6
259,ORD000259,LIMIT,SELL,101.91,8
260,ORD000260,LIMIT,SELL,99.77,92
261,ORD000261,LIMIT,BUY,98.81,19
262,ORD000163,CANCEL,,,
263,ORD000263,LIMIT,SELL,100.99,38
264,ORD000264,MARKET,SELL,,90
265,ORD000138,CANCEL,,,
266,ORD000266,LIMIT,BUY,100.07,52
267,ORD000267,LIMIT,BUY,98.78,33
268,ORD000268,LIMIT,BUY,99.19,12
269,ORD000269,LIMIT,BUY,99.86,48
270,ORD000270,LIMIT,BUY,99.4,43
271,ORD000271,LIMIT,SELL,101.16,97
272,ORD000272,LIMIT,BUY,99.5,46
273,ORD000263,CANCEL,,,
274,ORD000274,LIMIT,SELL,99.77,72
275,ORD000275,LIMIT,SELL,101.52,72
276,ORD000276,LIMIT,BUY,99.64,89
277,ORD000277,LIMIT,BUY,99.91,44
278,ORD000278,LIMIT,BUY,99.42,52
279,ORD000028,CANCEL,,,
280,ORD000276,CANCEL,,,
281,ORD000281,LIMIT,SELL,99.89,40
282,ORD000282,LIMIT,BUY,98.39,97
283,ORD000283,LIMIT,BUY,99.65,63
284,ORD000284,LIMIT,SELL,101.39,15
285,ORD000285,LIMIT,BUY,99.7,63
286,ORD000286,MARKET,SELL,,51
287,ORD000287,MARKET,BUY,,39
288,ORD000288,LIMIT,BUY,98.72,16
289,ORD000229,CANCEL,,,
290,ORD000211,CANCEL,,,
291,ORD000291,LIMIT,BUY,100.08,46
292,ORD000036,CANCEL,,,
293,ORD000293,LIMIT,SELL,101.66,74
294,ORD000294,LIMIT,SELL,100.54,15
295,ORD000295,LIMIT,SELL,101.87,59
296,ORD000296,MARKET,SELL,,14
297,ORD000297,LIMIT,SELL,100.49,40
298,ORD000298,LIMIT,BUY,98.42,66
299,ORD000299,LIMIT,BUY,98.87,94
300,ORD000300,LIMIT,BUY,98.37,26
301,ORD000109,CANCEL,,,
302,ORD000302,LIMIT,BUY,99.93,64
303,ORD000303,LIMIT,SELL,101.71,83
304,ORD000304,LIMIT,SELL,101.07,20
305,ORD000305,LIMIT,SELL,100.26,36
306,ORD000306,LIMIT,SELL,100.28,58
307,ORD000210,CANCEL,,,
308,ORD000308,LIMIT,BUY,100.44,12
309,ORD000309,LIMIT,SELL,100.89,95
310,ORD000310,LIMIT,SELL,100.93,25
311,ORD000311,LIMIT,SELL,101.89,58
312,ORD000198,CANCEL,,,
313,ORD000313,LIMIT,BUY,98.43,32
314,ORD000314,LIMIT,SELL,101.02,47
315,ORD000315,LIMIT,SELL,101.44,87
316,ORD000316,MARKET,SELL,,13
317,ORD000317,LIMIT,SELL,101.31,85
318,ORD000318,LIMIT,BUY,99.46,19
319,ORD000319,LIMIT,SELL,101.25,51
320,ORD000073,CANCEL,,,
321,ORD000321,LIMIT,SELL,100.32,17
322,ORD000322,LIMIT,BUY,99.06,47
323,ORD000187,CANCEL,,,
324,ORD000143,CANCEL,,,
325,ORD000325,LIMIT,SELL,102.0,20
326,ORD000083,CANCEL,,,
327,ORD000327,LIMIT,BUY,100.19,80
328,ORD000224,CANCEL,,,
329,ORD000133,CANCEL,,,
330,ORD000330,LIMIT,BUY,98.11,47
331,ORD000331,LIMIT,BUY,99.53,97
332,ORD000332,LIMIT,SELL,100.1,61
333,ORD000333,LIMIT,BUY,100.37,57
334,ORD000334,LIMIT,SELL,100.76,54
335,ORD000335,LIMIT,BUY,98.35,33
336,ORD000278,CANCEL,,,
337,ORD000337,LIMIT,BUY,99.29,16
338,ORD000338,LIMIT,BUY,100.26,19
339,ORD000339,LIMIT,BUY,98.56,58
340,ORD000340,LIMIT,BUY,98.99,48
341,ORD000341,LIMIT,BUY,98.07,13
342,ORD000342,LIMIT,SELL,99.84,37
343,ORD000343,LIMIT,SELL,99.85,91
344,ORD000344,LIMIT,BUY,98.05,28
345,ORD000345,LIMIT,SELL,100.22,39
346,ORD000162,CANCEL,,,
347,ORD000347,MARKET,SELL,,64
348,ORD000348,LIMIT,BUY,99.44,92
349,ORD000252,CANCEL,,,
350,ORD000216,CANCEL,,,
351,ORD000351,LIMIT,SELL,101.17,68
352,ORD000352,LIMIT,BUY,99.36,65
353,ORD000353,LIMIT,SELL,99.61,50
354,ORD000354,LIMIT,SELL,100.39,9
355,ORD000355,LIMIT,BUY,99.84,43
356,ORD000218,CANCEL,,,
357,ORD000357,LIMIT,BUY,99.71,90
358,ORD000358,LIMIT,BUY,98.16,100
359,ORD000359,LIMIT,BUY,98.11,26
360,ORD000360,LIMIT,SELL,100.79,70
361,ORD000361,LIMIT,BUY,98.48,46
362,ORD000362,LIMIT,BUY,98.83,16
363,ORD000363,LIMIT,SELL,101.36,50
364,ORD000364,LIMIT,BUY,99.24,67
365,ORD000365,LIMIT,BUY,98.2,78
366,ORD000366,LIMIT,BUY,98.8,11
367,ORD000367,LIMIT,SELL,101.01,55
368,ORD000268,CANCEL,,,
369,ORD000369,LIMIT,BUY,100.28,79
370,ORD000370,LIMIT,SELL,101.48,8
371,ORD000352,CANCEL,,,
372,ORD000372,LIMIT,BUY,98.36,78
373,ORD000373,MARKET,SELL,,9
374,ORD000374,LIMIT,SELL,101.87,5
375,ORD000375,LIMIT,SELL,100.43,98
376,ORD000106,CANCEL,,,
377,ORD000377,LIMIT,SELL,100.2,15
378,ORD000137,CANCEL,,,
379,ORD000379,LIMIT,SELL,99.79,100
380,ORD000380,LIMIT,SELL,101.03,89
381,ORD000381,LIMIT,SELL,99.84,10
382,ORD000382,LIMIT,SELL,101.53,41
383,ORD000383,LIMIT,BUY,98.73,39
384,ORD000384,LIMIT,BUY,99.27,16
385,ORD000385,LIMIT,BUY,99.24,47
386,ORD000386,LIMIT,SELL,101.96,17
387,ORD000387,MARKET,BUY,,51
388,ORD000388,LIMIT,SELL,101.42,74
389,ORD000204,CANCEL,,,
390,ORD000390,LIMIT,SELL,100.79,17
391,ORD000391,LIMIT,BUY,98.32,65
392,ORD000392,LIMIT,BUY,99.3,39
393,ORD000206,CANCEL,,,
394,ORD000394,LIMIT,BUY,100.35,37
395,ORD000395,LIMIT,SELL,101.89,36
396,ORD000195,CANCEL,,,
397,ORD000397,LIMIT,BUY,98.42,75
398,ORD000365,CANCEL,,,
399,ORD000399,LIMIT,SELL,100.91,4
400,ORD000361,CANCEL,,,
401,ORD000401,LIMIT,SELL,101.42,54
402,ORD000402,LIMIT,BUY,99.57,38
403,ORD000403,LIMIT,SELL,101.51,88
404,ORD000404,MARKET,SELL,,8
405,ORD000261,CANCEL,,,
406,ORD000406,LIMIT,BUY,98.36,92
407,ORD000407,LIMIT,SELL,99.83,48
408,ORD000408,LIMIT,BUY,99.17,35
409,ORD000409,MARKET,BUY,,38
410,ORD000410,LIMIT,SELL,101.66,21
411,ORD000411,LIMIT,SELL,99.9,66
412,ORD000412,LIMIT,SELL,99.73,51
413,ORD000413,LIMIT,BUY,98.88,7
414,ORD000414,LIMIT,SELL,99.52,14
415,ORD000415,LIMIT,SELL,101.41,47
416,ORD000050,CANCEL,,,
417,ORD000417,LIMIT,BUY,98.72,50
418,ORD000418,LIMIT,SELL,101.06,79
419,ORD000090,CANCEL,,,
420,ORD000420,LIMIT,SELL,100.41,19
421,ORD000311,CANCEL,,,
422,ORD000422,MARKET,BUY,,18
423,ORD000423,LIMIT,SELL,99.87,66
424,ORD000357,CANCEL,,,
425,ORD000425,LIMIT,SELL,101.35,39
426,ORD000426,LIMIT,SELL,100.25,3
427,ORD000427,LIMIT,BUY,99.46,93
428,ORD000428,LIMIT,BUY,98.66,84
429,ORD000429,LIMIT,BUY,99.46,22
430,ORD000430,LIMIT,SELL,101.2,5
431,ORD000431,LIMIT,BUY,99.1,54
432,ORD000386,CANCEL,,,
433,ORD000433,LIMIT,SELL,101.34,8
434,ORD000434,LIMIT,BUY,100.5,62
435,ORD000435,LIMIT,SELL,100.65,69
436,ORD000436,LIMIT,SELL,101.67,88
437,ORD000437,LIMIT,SELL,99.98,32
438,ORD000438,LIMIT,SELL,101.93,39
439,ORD000439,LIMIT,BUY,99.22,62
440,ORD000440,LIMIT,SELL,100.93,70
441,ORD000441,LIMIT,SELL,101.89,19
442,ORD000442,LIMIT,SELL,99.7,57
443,ORD000443,LIMIT,SELL,101.57,35
444,ORD000444,LIMIT,SELL,101.04,76
445,ORD000445,LIMIT,BUY,99.33,82
446,ORD000446,LIMIT,BUY,99.79,13
447,ORD000447,MARKET,BUY,,71
448,ORD000448,LIMIT,BUY,100.34,61
449,ORD000449,LIMIT,BUY,98.72,37
450,ORD000450,LIMIT,BUY,98.58,95
451,ORD000451,LIMIT,BUY,98.44,23
452,ORD000452,LIMIT,BUY,98.99,64
453,ORD000412,CANCEL,,,
454,ORD000454,LIMIT,SELL,99.52,73
455,ORD000455,LIMIT,SELL,101.97,70
456,ORD000456,LIMIT,BUY,99.17,25
457,ORD000457,LIMIT,SELL,100.65,33
458,ORD000458,LIMIT,BUY,99.98,73
459,ORD000459,LIMIT,BUY,100.14,52
460,ORD000460,MARKET,SELL,,86
461,ORD000119,CANCEL,,,
462,ORD000462,MARKET,BUY,,50
463,ORD000463,LIMIT,SELL,100.25,93
464,ORD000464,LIMIT,SELL,101.23,8
465,ORD000465,LIMIT,SELL,100.51,65
466,ORD000466,LIMIT,SELL,101.1,38
467,ORD000467,LIMIT,BUY,98.33,20
468,ORD000468,LIMIT,SELL,100.87,61
469,ORD000469,LIMIT,BUY,99.7,77
470,ORD000470,LIMIT,BUY,99.32,47
471,ORD000339,CANCEL,,,
472,ORD000444,CANCEL,,,
473,ORD000473,LIMIT,BUY,98.37,42
474,ORD000474,LIMIT,SELL,100.01,75
475,ORD000475,LIMIT,SELL,100.63,66
476,ORD000476,LIMIT,BUY,99.68,40
477,ORD000477,LIMIT,SELL,99.51,28
478,ORD000478,LIMIT,BUY,99.75,70
479,ORD000479,LIMIT,BUY,99.18,37
480,ORD000480,LIMIT,BUY,100.45,83
481,ORD000481,LIMIT,SELL,100.46,49
482,ORD000482,LIMIT,BUY,98.87,23
483,ORD000483,LIMIT,SELL,101.32,29
484,ORD000484,LIMIT,BUY,99.16,93
485,ORD000485,LIMIT,SELL,100.12,45
486,ORD000145,CANCEL,,,
487,ORD000487,MARKET,BUY,,85
488,ORD000488,LIMIT,BUY,98.17,77
489,ORD000358,CANCEL,,,
490,ORD000490,LIMIT,BUY,98.11,57
491,ORD000491,LIMIT,BUY,99.94,18
492,ORD000492,LIMIT,SELL,101.79,74
493,ORD000493,LIMIT,SELL,101.69,85
494,ORD000494,LIMIT,SELL,99.65,76
495,ORD000495,LIMIT,BUY,99.07,64
496,ORD000235,CANCEL,,,
497,ORD000497,LIMIT,SELL,100.3,54
498,ORD000498,LIMIT,SELL,101.39,61
499,ORD000499,LIMIT,BUY,99.77,60
500,ORD000500,LIMIT,SELL,100.89,18
501,ORD000501,LIMIT,SELL,101.12,58
502,ORD000502,LIMIT,BUY,100.07,7
503,ORD000503,LIMIT,BUY,98.47,98
504,ORD000504,LIMIT,BUY,100.17,43
505,ORD000505,LIMIT,BUY,98.48,95
506,ORD000426,CANCEL,,,
507,ORD000507,LIMIT,BUY,99.76,51
508,ORD000508,LIMIT,SELL,100.45,69
509,ORD000509,LIMIT,SELL,100.78,64
510,ORD000510,LIMIT,SELL,100.3,27
511,ORD000511,MARKET,SELL,,29
512,ORD000512,LIMIT,BUY,100.34,75
513,ORD000513,LIMIT,SELL,100.32,49
514,ORD000514,LIMIT,BUY,99.64,88
515,ORD000515,LIMIT,SELL,101.1,63
516,ORD000516,LIMIT,SELL,101.3,63
517,ORD000103,CANCEL,,,
518,ORD000518,LIMIT,BUY,99.67,98
519,ORD000190,CANCEL,,,
520,ORD000520,MARKET,BUY,,20
521,ORD000488,CANCEL,,,
522,ORD000522,LIMIT,SELL,99.54,69
523,ORD000523,MARKET,BUY,,93
524,ORD000524,MARKET,SELL,,90
525,ORD000525,LIMIT,BUY,98.24,20
526,ORD000526,LIMIT,SELL,100.17,51
527,ORD000449,CANCEL,,,
528,ORD000528,LIMIT,BUY,98.56,88
529,ORD000529,LIMIT,BUY,100.15,98
530,ORD000450,CANCEL,,,
531,ORD000531,MARKET,SELL,,2
532,ORD000532,LIMIT,BUY,99.08,43
533,ORD000533,LIMIT,BUY,100.3,30
534,ORD000534,LIMIT,SELL,101.81,88
535,ORD000535,LIMIT,BUY,100.13,3
536,ORD000536,LIMIT,BUY,99.78,51
537,ORD000537,LIMIT,SELL,100.1,50
538,ORD000538,LIMIT,SELL,101.35,89
539,ORD000539,MARKET,SELL,,56
540,ORD000540,LIMIT,BUY,99.92,77
541,ORD000541,MARKET,SELL,,35
542,ORD000542,LIMIT,SELL,100.39,49
543,ORD000543,MARKET,SELL,,80
544,ORD000544,LIMIT,BUY,98.21,20
545,ORD000545,LIMIT,BUY,98.79,14
546,ORD000370,CANCEL,,,
547,ORD000547,LIMIT,SELL,99.72,56
548,ORD000548,LIMIT,SELL,99.72,71
549,ORD000384,CANCEL,,,
550,ORD000550,LIMIT,BUY,98.97,11
551,ORD000551,LIMIT,BUY,98.42,49
552,ORD000334,CANCEL,,,
553,ORD000553,LIMIT,SELL,99.92,36
554,ORD000554,LIMIT,SELL,100.4,32
555,ORD000555,LIMIT,SELL,99.99,14
556,ORD000018,CANCEL,,,
557,ORD000557,LIMIT,SELL,100.45,43
558,ORD000558,LIMIT,SELL,101.65,77
559,ORD000385,CANCEL,,,
560,ORD000560,LIMIT,BUY,98.44,51
561,ORD000561,LIMIT,SELL,101.08,74
562,ORD000562,LIMIT,SELL,101.54,51
563,ORD000563,LIMIT,BUY,99.36,88
564,ORD000564,LIMIT,BUY,99.15,91
565,ORD000565,LIMIT,SELL,99.67,53
566,ORD000566,LIMIT,BUY,98.61,85
567,ORD000474,CANCEL,,,
568,ORD000568,LIMIT,BUY,99.49,75
569,ORD000569,LIMIT,SELL,101.48,47
570,ORD000570,LIMIT,BUY,98.62,86
571,ORD000571,LIMIT,BUY,99.61,83
572,ORD000572,LIMIT,SELL,100.58,2
573,ORD000297,CANCEL,,,
574,ORD000574,LIMIT,BUY,98.98,99
575,ORD000575,LIMIT,BUY,98.06,14
576,ORD000576,LIMIT,BUY,100.35,19
577,ORD000577,LIMIT,SELL,100.02,62
578,ORD000578,LIMIT,BUY,99.74,41
579,ORD000081,CANCEL,,,
580,ORD000580,MARKET,BUY,,44
581,ORD000581,LIMIT,BUY,99.85,67
582,ORD000227,CANCEL,,,
583,ORD000583,LIMIT,SELL,100.08,52
584,ORD000584,LIMIT,BUY,99.08,4
585,ORD000585,LIMIT,BUY,99.07,1
586,ORD000586,LIMIT,BUY,99.76,9
587,ORD000587,LIMIT,BUY,98.49,15
588,ORD000588,LIMIT,SELL,101.1,77
589,ORD000589,LIMIT,SELL,100.37,59
590,ORD000590,LIMIT,SELL,100.98,87
591,ORD000180,CANCEL,,,
592,ORD000592,LIMIT,BUY,99.73,66
593,ORD000593,LIMIT,BUY,99.06,63
594,ORD000594,LIMIT,BUY,99.22,18
595,ORD000501,CANCEL,,,
596,ORD000596,LIMIT,SELL,100.71,25
597,ORD000597,LIMIT,SELL,100.73,91
598,ORD000598,LIMIT,SELL,100.91,98
599,ORD000599,LIMIT,BUY,99.34,22
600,ORD000600,LIMIT,SELL,99.78,15
601,ORD000601,LIMIT,SELL,101.39,98
602,ORD000602,LIMIT,BUY,98.26,84
603,ORD000603,LIMIT,SELL,99.58,34
604,ORD000604,LIMIT,BUY,100.48,100
605,ORD000605,LIMIT,BUY,99.47,45
606,ORD000606,LIMIT,SELL,99.85,27
607,ORD000607,LIMIT,BUY,99.33,77
608,ORD000608,LIMIT,SELL,100.23,74
609,ORD000609,LIMIT,BUY,99.88,53
610,ORD000610,LIMIT,SELL,99.82,17
611,ORD000611,LIMIT,SELL,101.4,87
612,ORD000612,LIMIT,BUY,98.67,54
613,ORD000613,LIMIT,BUY,100.2,12
614,ORD000614,LIMIT,SELL,101.69,59
615,ORD000615,LIMIT,SELL,101.67,94
616,ORD000507,CANCEL,,,
617,ORD000617,LIMIT,SELL,101.49,51
618,ORD000618,LIMIT,SELL,100.74,42
619,ORD000619,LIMIT,SELL,99.83,63
620,ORD000620,MARKET,BUY,,81
621,ORD000621,MARKET,SELL,,21
622,ORD000622,LIMIT,BUY,99.07,89
623,ORD000623,LIMIT,SELL,101.83,36
624,ORD000429,CANCEL,,,
625,ORD000625,LIMIT,SELL,101.12,7
626,ORD000626,LIMIT,SELL,101.39,55
627,ORD000627,MARKET,BUY,,62
628,ORD000615,CANCEL,,,
629,ORD000629,MARKET,SELL,,90
630,ORD000630,LIMIT,BUY,99.06,17
631,ORD000631,LIMIT,BUY,99.83,14
632,ORD000436,CANCEL,,,
633,ORD000633,LIMIT,BUY,100.03,18
634,ORD000634,MARKET,BUY,,73
635,ORD000239,CANCEL,,,
636,ORD000636,LIMIT,BUY,98.38,53
637,ORD000637,LIMIT,SELL,99.72,13
638,ORD000185,CANCEL,,,
639,ORD000639,LIMIT,SELL,100.57,18
640,ORD000640,LIMIT,BUY,99.5,93
641,ORD000641,LIMIT,BUY,99.65,39
642,ORD000642,LIMIT,BUY,98.74,7
643,ORD000643,LIMIT,BUY,98.28,64
644,ORD000644,LIMIT,BUY,100.44,47
645,ORD000645,LIMIT,BUY,100.1,54
646,ORD000646,LIMIT,BUY,100.39,99
647,ORD000617,CANCEL,,,
648,ORD000342,CANCEL,,,
649,ORD000649,LIMIT,BUY,98.99,37
650,ORD000650,LIMIT,SELL,100.51,82
651,ORD000651,LIMIT,BUY,98.77,66
652,ORD000652,LIMIT,BUY,98.98,82
653,ORD000653,LIMIT,BUY,99.09,31
654,ORD000144,CANCEL,,,
655,ORD000655,LIMIT,BUY,99.52,40
656,ORD000656,LIMIT,BUY,99.77,90
657,ORD000554,CANCEL,,,
658,ORD000658,LIMIT,SELL,99.82,100
659,ORD000659,LIMIT,BUY,98.07,55
660,ORD000660,LIMIT,BUY,100.44,81
661,ORD000515,CANCEL,,,
662,ORD000662,LIMIT,BUY,99.42,48
663,ORD000167,CANCEL,,,
664,ORD000664,LIMIT,BUY,99.27,6
665,ORD000665,LIMIT,BUY,99.18,50
666,ORD000666,LIMIT,BUY,100.14,71
667,ORD000667,LIMIT,SELL,100.12,93
668,ORD000668,LIMIT,BUY,98.3,87
669,ORD000669,LIMIT,BUY,99.29,6
670,ORD000670,LIMIT,BUY,100.17,100
671,ORD000671,MARKET,SELL,,59
672,ORD000288,CANCEL,,,
673,ORD000673,LIMIT,SELL,100.11,48
674,ORD000674,LIMIT,SELL,101.44,94
675,ORD000675,LIMIT,BUY,100.33,4
676,ORD000676,LIMIT,SELL,101.23,2
677,ORD000677,LIMIT,BUY,98.94,95
678,ORD000678,LIMIT,BUY,100.46,54
679,ORD000679,LIMIT,BUY,98.36,36
680,ORD000317,CANCEL,,,
681,ORD000681,LIMIT,SELL,100.43,96
682,ORD000155,CANCEL,,,
683,ORD000683,MARKET,SELL,,73
684,ORD000203,CANCEL,,,
685,ORD000685,LIMIT,SELL,101.82,51
686,ORD000686,LIMIT,SELL,100.18,10
687,ORD000687,LIMIT,BUY,99.46,20
688,ORD000525,CANCEL,,,
689,ORD000689,LIMIT,SELL,100.4,99
690,ORD000690,LIMIT,SELL,101.63,12
691,ORD000395,CANCEL,,,
692,ORD000692,LIMIT,BUY,100.14,19
693,ORD000341,CANCEL,,,
694,ORD000694,LIMIT,SELL,101.19,34
695,ORD000695,MARKET,BUY,,52
696,ORD000696,MARKET,BUY,,14
697,ORD000697,LIMIT,BUY,98.15,100
698,ORD000698,LIMIT,BUY,99.0,88
699,ORD000699,LIMIT,BUY,98.65,10
700,ORD000123,CANCEL,,,
701,ORD000690,CANCEL,,,
702,ORD000702,MARKET,BUY,,43
703,ORD000542,CANCEL,,,
704,ORD000631,CANCEL,,,
705,ORD000705,LIMIT,SELL,100.46,55
706,ORD000306,CANCEL,,,
707,ORD000707,LIMIT,SELL,101.71,5
708,ORD000708,LIMIT,BUY,99.25,71
709,ORD000709,LIMIT,BUY,98.34,26
710,ORD000710,LIMIT,BUY,100.01,3
711,ORD000711,LIMIT,SELL,101.45,45
712,ORD000712,LIMIT,SELL,99.95,41
713,ORD000713,LIMIT,BUY,99.95,8
714,ORD000714,LIMIT,SELL,101.42,30
715,ORD000715,LIMIT,BUY,98.6,69
716,ORD000716,LIMIT,BUY,100.37,74
717,ORD000717,LIMIT,SELL,101.6,23
718,ORD000652,CANCEL,,,
719,ORD000719,LIMIT,SELL,99.57,90
720,ORD000720,LIMIT,BUY,98.47,64
721,ORD000721,LIMIT,BUY,98.23,30
722,ORD000722,LIMIT,BUY,98.0,79
723,ORD000723,LIMIT,BUY,98.44,42
724,ORD000233,CANCEL,,,
725,ORD000725,LIMIT,BUY,100.12,47
726,ORD000726,LIMIT,SELL,101.16,76
727,ORD000402,CANCEL,,,
728,ORD000728,LIMIT,BUY,99.09,82
729,ORD000729,LIMIT,SELL,101.92,89
730,ORD000730,LIMIT,SELL,100.97,23
731,ORD000731,LIMIT,SELL,101.32,90
732,ORD000732,LIMIT,SELL,101.43,73
733,ORD000665,CANCEL,,,
734,ORD000734,LIMIT,BUY,98.26,64
735,ORD000136,CANCEL,,,
736,ORD000736,LIMIT,SELL,101.71,12
737,ORD000737,LIMIT,SELL,100.16,32
738,ORD000738,LIMIT,SELL,99.77,1
739,ORD000528,CANCEL,,,
740,ORD000740,LIMIT,BUY,99.23,49
741,ORD000741,LIMIT,SELL,100.7,74
742,ORD000742,LIMIT,BUY,98.18,5
743,ORD000743,LIMIT,SELL,99.76,44
744,ORD000470,CANCEL,,,
745,ORD000134,CANCEL,,,
746,ORD000746,LIMIT,BUY,100.46,62
747,ORD000747,LIMIT,SELL,99.91,56
748,ORD000174,CANCEL,,,
749,ORD000749,LIMIT,BUY,99.39,94
750,ORD000750,LIMIT,SELL,99.74,51
751,ORD000751,LIMIT,SELL,100.4,55
752,ORD000725,CANCEL,,,
753,ORD000753,LIMIT,SELL,99.56,22
754,ORD000754,LIMIT,BUY,98.29,51
755,ORD000755,MARKET,SELL,,70
756,ORD000756,LIMIT,SELL,100.42,58
757,ORD000536,CANCEL,,,
758,ORD000758,LIMIT,BUY,99.41,20
759,ORD000759,MARKET,BUY,,45
760,ORD000760,LIMIT,SELL,100.97,71
761,ORD000484,CANCEL,,,
762,ORD000762,LIMIT,SELL,101.22,61
763,ORD000763,LIMIT,BUY,98.2,92
764,ORD000650,CANCEL,,,
765,ORD000765,LIMIT,BUY,99.89,23
766,ORD000766,LIMIT,BUY,100.02,17
767,ORD000141,CANCEL,,,
768,ORD000768,LIMIT,SELL,101.56,19
769,ORD000769,LIMIT,SELL,101.32,9
770,ORD000639,CANCEL,,,
771,ORD000771,LIMIT,SELL,100.8,2
772,ORD000772,LIMIT,SELL,99.87,73
773,ORD000773,LIMIT,BUY,99.41,13
774,ORD000774,LIMIT,SELL,100.16,84
775,ORD000775,MARKET,SELL,,36
776,ORD000776,MARKET,SELL,,43
777,ORD000777,LIMIT,BUY,100.3,48
778,ORD000411,CANCEL,,,
779,ORD000779,LIMIT,SELL,101.21,30
780,ORD000547,CANCEL,,,
781,ORD000781,LIMIT,SELL,100.54,83
782,ORD000548,CANCEL,,,
783,ORD000783,LIMIT,SELL,101.4,48
784,ORD000784,MARKET,BUY,,91
785,ORD000785,LIMIT,BUY,99.31,73
786,ORD000299,CANCEL,,,
787,ORD000787,LIMIT,BUY,98.62,59
788,ORD000467,CANCEL,,,
789,ORD000789,LIMIT,SELL,100.66,51
790,ORD000790,LIMIT,BUY,98.6,63
791,ORD000791,LIMIT,BUY,99.19,71
792,ORD000792,LIMIT,BUY,98.65,89
793,ORD000062,CANCEL,,,
794,ORD000794,LIMIT,BUY,99.95,28
795,ORD000795,LIMIT,BUY,98.67,53
796,ORD000796,LIMIT,BUY,98.33,23
797,ORD000797,LIMIT,BUY,99.52,40
798,ORD000798,LIMIT,SELL,100.44,45
799,ORD000799,LIMIT,BUY,99.69,80
800,ORD000800,MARKET,BUY,,85
801,ORD000801,LIMIT,SELL,100.98,37
802,ORD000802,LIMIT,BUY,98.84,36
803,ORD000803,LIMIT,SELL,101.28,84
804,ORD000804,LIMIT,BUY,98.6,8
805,ORD000805,LIMIT,SELL,101.2,93
806,ORD000594,CANCEL,,,
807,ORD000807,LIMIT,SELL,100.51,95
808,ORD000791,CANCEL,,,
809,ORD000809,LIMIT,BUY,99.78,88
810,ORD000810,LIMIT,SELL,101.18,65
811,ORD000811,LIMIT,BUY,100.19,24
812,ORD000812,LIMIT,SELL,100.15,72
813,ORD000813,LIMIT,BUY,100.25,84
814,ORD000465,CANCEL,,,
815,ORD000815,LIMIT,SELL,101.72,48
816,ORD000816,LIMIT,SELL,99.79,7
817,ORD000817,LIMIT,BUY,98.49,16
818,ORD000818,LIMIT,SELL,100.53,20
819,ORD000309,CANCEL,,,
820,ORD000820,LIMIT,SELL,101.66,24
821,ORD000821,LIMIT,SELL,101.97,41
822,ORD000822,LIMIT,BUY,98.52,100
823,ORD000260,CANCEL,,,
824,ORD000824,LIMIT,BUY,99.08,55
825,ORD000825,LIMIT,SELL,99.59,26
826,ORD000826,LIMIT,BUY,99.89,68
827,ORD000768,CANCEL,,,
828,ORD000813,CANCEL,,,
829,ORD000829,LIMIT,SELL,99.76,65
830,ORD000830,MARKET,BUY,,6
831,ORD000831,LIMIT,SELL,100.8,68
832,ORD000832,LIMIT,BUY,100.25,46
833,ORD000833,LIMIT,BUY,100.3,52
834,ORD000337,CANCEL,,,
835,ORD000835,LIMIT,BUY,98.05,65
836,ORD000482,CANCEL,,,
837,ORD000837,LIMIT,BUY,99.6,99
838,ORD000838,LIMIT,BUY,98.12,14
839,ORD000839,MARKET,BUY,,15
840,ORD000840,LIMIT,SELL,100.13,90
841,ORD000790,CANCEL,,,
842,ORD000842,LIMIT,BUY,99.65,85
843,ORD000843,LIMIT,BUY,100.25,66
844,ORD000844,LIMIT,BUY,99.96,64
845,ORD000313,CANCEL,,,
846,ORD000846,LIMIT,BUY,99.02,21
847,ORD000605,CANCEL,,,
848,ORD000848,LIMIT,SELL,99.51,86
849,ORD000189,CANCEL,,,
850,ORD000850,LIMIT,SELL,99.73,66
851,ORD000817,CANCEL,,,
852,ORD000379,CANCEL,,,
853,ORD000853,LIMIT,SELL,100.24,60
854,ORD000284,CANCEL,,,
855,ORD000855,LIMIT,SELL,101.19,55
856,ORD000856,LIMIT,BUY,100.23,2
857,ORD000857,LIMIT,BUY,100.24,80
858,ORD000858,LIMIT,BUY,98.86,15
859,ORD000859,LIMIT,SELL,100.46,62
860,ORD000860,LIMIT,BUY,99.74,8
861,ORD000861,LIMIT,BUY,100.28,62
862,ORD000862,LIMIT,SELL,100.45,46
863,ORD000863,LIMIT,BUY,99.22,53
864,ORD000864,LIMIT,BUY,98.79,91
865,ORD000865,LIMIT,BUY,99.67,44
866,ORD000866,LIMIT,BUY,99.82,62
867,ORD000867,LIMIT,SELL,101.57,79
868,ORD000749,CANCEL,,,
869,ORD000869,LIMIT,SELL,101.67,10
870,ORD000870,LIMIT,SELL,101.93,7
871,ORD000871,LIMIT,SELL,100.09,59
872,ORD000872,MARKET,SELL,,64
873,ORD000873,LIMIT,BUY,99.86,3
874,ORD000540,CANCEL,,,
875,ORD000667,CANCEL,,,
876,ORD000169,CANCEL,,,
877,ORD000877,LIMIT,SELL,100.91,84
878,ORD000878,LIMIT,SELL,99.64,29
879,ORD000879,LIMIT,SELL,101.05,61
880,ORD000880,LIMIT,SELL,99.79,98
881,ORD000881,LIMIT,BUY,100.07,38
882,ORD000882,LIMIT,SELL,99.61,22
883,ORD000883,LIMIT,SELL,101.03,25
884,ORD000514,CANCEL,,,
885,ORD000885,LIMIT,BUY,98.27,54
886,ORD000747,CANCEL,,,
887,ORD000887,LIMIT,BUY,99.13,85
888,ORD000888,LIMIT,BUY,98.01,95
889,ORD000564,CANCEL,,,
890,ORD000890,LIMIT,SELL,101.45,23
891,ORD000891,LIMIT,BUY,98.32,50
892,ORD000892,LIMIT,SELL,100.46,78
893,ORD000893,LIMIT,BUY,100.41,38
894,ORD000894,LIMIT,BUY,99.51,96
895,ORD000895,LIMIT,SELL,101.84,81
896,ORD000896,LIMIT,BUY,98.73,45
897,ORD000897,LIMIT,BUY,99.63,23
898,ORD000898,LIMIT,SELL,101.4,72
899,ORD000899,LIMIT,SELL,101.73,69
900,ORD000900,LIMIT,SELL,100.81,4
901,ORD000901,LIMIT,BUY,98.5,97
902,ORD000902,LIMIT,SELL,99.87,8
903,ORD000903,LIMIT,SELL,100.85,46
904,ORD000904,LIMIT,BUY,99.69,72
905,ORD000905,LIMIT,SELL,101.46,90
906,ORD000906,LIMIT,BUY,98.97,88
907,ORD000907,MARKET,BUY,,33
908,ORD000908,LIMIT,SELL,101.78,91
909,ORD000909,LIMIT,SELL,100.87,78
910,ORD000837,CANCEL,,,
911,ORD000911,LIMIT,SELL,101.96,10
912,ORD000285,CANCEL,,,
913,ORD000913,LIMIT,BUY,99.07,72
914,ORD000914,LIMIT,BUY,98.64,43
915,ORD000915,MARKET,BUY,,42
916,ORD000916,LIMIT,SELL,100.93,46
917,ORD000821,CANCEL,,,
918,ORD000918,LIMIT,BUY,99.3,65
919,ORD000669,CANCEL,,,
920,ORD000920,LIMIT,BUY,100.21,85
921,ORD000921,LIMIT,SELL,101.88,80
922,ORD000922,LIMIT,BUY,98.87,31
923,ORD000923,LIMIT,BUY,99.71,42
924,ORD000924,LIMIT,BUY,99.35,37
925,ORD000642,CANCEL,,,
926,ORD000926,LIMIT,SELL,100.77,63
927,ORD000774,CANCEL,,,
928,ORD000641,CANCEL,,,
929,ORD000179,CANCEL,,,
930,ORD000892,CANCEL,,,
931,ORD000931,LIMIT,BUY,98.53,81
932,ORD000932,LIMIT,SELL,100.01,90
933,ORD000933,LIMIT,SELL,101.85,96
934,ORD000934,LIMIT,BUY,98.83,12
935,ORD000300,CANCEL,,,
936,ORD000936,LIMIT,BUY,98.57,34
937,ORD000937,LIMIT,SELL,100.58,3
938,ORD000938,LIMIT,BUY,99.6,80
939,ORD000867,CANCEL,,,
940,ORD000940,LIMIT,BUY,99.26,38
941,ORD000941,LIMIT,SELL,100.2,57
942,ORD000942,LIMIT,BUY,99.33,18
943,ORD000943,LIMIT,SELL,99.86,87
944,ORD000944,LIMIT,SELL,99.53,72
945,ORD000092,CANCEL,,,
946,ORD000728,CANCEL,,,
947,ORD000947,LIMIT,BUY,99.87,93
948,ORD000948,LIMIT,SELL,101.63,19
949,ORD000354,CANCEL,,,
950,ORD000950,LIMIT,SELL,99.95,73
951,ORD000951,LIMIT,SELL,99.68,86
952,ORD000184,CANCEL,,,
953,ORD000717,CANCEL,,,
954,ORD000954,LIMIT,SELL,101.18,31
955,ORD000760,CANCEL,,,
956,ORD000322,CANCEL,,,
957,ORD000957,LIMIT,SELL,101.15,89
958,ORD000958,LIMIT,SELL,101.9,22
959,ORD000388,CANCEL,,,
960,ORD000960,LIMIT,SELL,100.4,87
961,ORD000961,LIMIT,SELL,100.4,40
962,ORD000962,LIMIT,BUY,99.52,36
963,ORD000963,LIMIT,BUY,98.49,94
964,ORD000964,LIMIT,BUY,100.23,65
965,ORD000965,LIMIT,SELL,100.03,5
966,ORD000966,LIMIT,SELL,99.87,51
967,ORD000967,LIMIT,SELL,100.75,12
968,ORD000968,LIMIT,BUY,100.12,79
969,ORD000969,LIMIT,BUY,98.45,73
970,ORD000970,LIMIT,BUY,99.21,46
971,ORD000898,CANCEL,,,
972,ORD000972,LIMIT,BUY,98.59,86
973,ORD000973,LIMIT,SELL,101.79,6
974,ORD000797,CANCEL,,,
975,ORD000975,LIMIT,SELL,100.16,70
976,ORD000976,LIMIT,SELL,100.41,84
977,ORD000977,LIMIT,BUY,98.94,29
978,ORD000978,LIMIT,SELL,100.36,62
979,ORD000979,LIMIT,BUY,98.35,22
980,ORD000980,LIMIT,SELL,99.97,47
981,ORD000981,LIMIT,BUY,99.04,43
982,ORD000982,LIMIT,SELL,100.7,76
983,ORD000960,CANCEL,,,
984,ORD000984,MARKET,BUY,,74
985,ORD000985,LIMIT,BUY,98.1,74
986,ORD000293,CANCEL,,,
987,ORD000987,LIMIT,BUY,99.01,73
988,ORD000988,LIMIT,SELL,100.04,78
989,ORD000989,LIMIT,SELL,101.58,77
990,ORD000726,CANCEL,,,
991,ORD000991,LIMIT,BUY,99.28,22
992,ORD000992,LIMIT,SELL,100.99,9
993,ORD000993,LIMIT,SELL,99.54,67
994,ORD000994,LIMIT,SELL,101.01,23
995,ORD000995,LIMIT,BUY,99.33,97
996,ORD000619,CANCEL,,,
997,ORD000997,LIMIT,BUY,99.94,84
998,ORD000998,LIMIT,SELL,99.61,68
999,ORD000999,LIMIT,SELL,100.45,76
1000,ORD001000,LIMIT,BUY,98.64,99
1001,ORD001001,LIMIT,BUY,100.19,53
1002,ORD001002,LIMIT,BUY,99.97,74
1003,ORD001003,LIMIT,BUY,98.51,41
1004,ORD001004,LIMIT,BUY,99.63,33
1005,ORD001005,LIMIT,SELL,101.03,88
1006,ORD001006,LIMIT,BUY,99.96,62
1007,ORD000709,CANCEL,,,
1008,ORD001008,LIMIT,SELL,100.94,100
1009,ORD001009,LIMIT,BUY,99.65,96
1010,ORD001010,LIMIT,BUY,99.27,44
1011,ORD001011,LIMIT,BUY,100.41,1
1012,ORD001012,LIMIT,BUY,99.5,12
1013,ORD000363,CANCEL,,,
1014,ORD001014,LIMIT,BUY,100.33,52
1015,ORD001015,LIMIT,SELL,100.99,100
1016,ORD001016,LIMIT,SELL,100.0,85
1017,ORD001017,LIMIT,SELL,101.46,66
1018,ORD001018,LIMIT,BUY,99.69,47
1019,ORD001019,LIMIT,BUY,98.22,36
1020,ORD001020,LIMIT,SELL,100.51,26
1021,ORD001021,LIMIT,BUY,99.37,93
1022,ORD001022,LIMIT,SELL,101.54,29
1023,ORD001023,LIMIT,BUY,99.01,1
1024,ORD001024,LIMIT,SELL,100.9,65
1025,ORD001025,LIMIT,BUY,100.39,69
1026,ORD001026,LIMIT,SELL,101.92,73
1027,ORD001027,LIMIT,BUY,100.4,59
1028,ORD001028,LIMIT,BUY,98.64,49
1029,ORD001029,LIMIT,BUY,98.57,41
1030,ORD001030,LIMIT,SELL,99.52,34
1031,ORD001031,LIMIT,BUY,99.87,44
1032,ORD000305,CANCEL,,,
1033,ORD001033,LIMIT,SELL,100.93,24
1034,ORD001034,LIMIT,BUY,98.5,95
1035,ORD001035,LIMIT,SELL,100.01,32
1036,ORD001036,LIMIT,SELL,99.77,11
1037,ORD001037,LIMIT,SELL,101.41,70
1038,ORD001038,LIMIT,SELL,100.29,74
1039,ORD001039,LIMIT,SELL,101.41,66
1040,ORD001040,LIMIT,BUY,98.32,68
1041,ORD001041,LIMIT,SELL,99.58,45
1042,ORD001042,LIMIT,BUY,98.3,67
1043,ORD001043,MARKET,BUY,,27
1044,ORD001044,LIMIT,BUY,99.53,34
1045,ORD000413,CANCEL,,,
1046,ORD001046,LIMIT,SELL,100.36,24
1047,ORD001047,LIMIT,BUY,99.88,47
1048,ORD001048,LIMIT,SELL,100.93,74
1049,ORD001049,LIMIT,BUY,100.01,72
1050,ORD001050,LIMIT,SELL,101.5,95
1051,ORD000943,CANCEL,,,
1052,ORD000574,CANCEL,,,
1053,ORD001053,LIMIT,SELL,100.25,72
1054,ORD001054,LIMIT,BUY,99.73,8
1055,ORD001055,LIMIT,SELL,101.07,58
1056,ORD001056,LIMIT,SELL,100.9,33
1057,ORD001057,LIMIT,SELL,101.67,78
1058,ORD000731,CANCEL,,,
1059,ORD001059,LIMIT,BUY,98.71,42
1060,ORD001060,LIMIT,SELL,100.62,11
1061,ORD001061,LIMIT,SELL,101.89,22
1062,ORD001062,LIMIT,SELL,101.03,52
1063,ORD001063,MARKET,BUY,,44
1064,ORD001064,LIMIT,SELL,101.28,78
1065,ORD001065,LIMIT,SELL,101.45,47
1066,ORD001066,LIMIT,SELL,99.96,3
1067,ORD000381,CANCEL,,,
1068,ORD001068,LIMIT,BUY,98.99,13
1069,ORD001006,CANCEL,,,
1070,ORD001070,MARKET,BUY,,51
1071,ORD001071,LIMIT,BUY,99.55,11
1072,ORD001072,LIMIT,SELL,100.12,37
1073,ORD001073,LIMIT,BUY,100.1,4
1074,ORD000504,CANCEL,,,
1075,ORD001075,LIMIT,SELL,100.67,70
1076,ORD001076,LIMIT,SELL,101.87,70
1077,ORD000763,CANCEL,,,
1078,ORD001078,LIMIT,SELL,101.1,40
1079,ORD001079,LIMIT,SELL,101.51,57
1080,ORD001080,LIMIT,SELL,100.26,1
1081,ORD001081,LIMIT,BUY,99.17,2
1082,ORD001082,LIMIT,SELL,100.69,2
1083,ORD001083,LIMIT,SELL,101.49,71
1084,ORD001084,LIMIT,SELL,100.59,32
1085,ORD000900,CANCEL,,,
1086,ORD001086,LIMIT,SELL,99.7,81
1087,ORD001087,LIMIT,SELL,101.36,35
1088,ORD001088,LIMIT,BUY,98.72,82
1089,ORD001089,LIMIT,SELL,101.06,25
1090,ORD001090,MARKET,BUY,,69
1091,ORD001080,CANCEL,,,
1092,ORD000423,CANCEL,,,
1093,ORD000593,CANCEL,,,
1094,ORD001094,MARKET,BUY,,2
1095,ORD001095,LIMIT,SELL,101.46,64
1096,ORD001096,LIMIT,SELL,99.58,11
1097,ORD001097,MARKET,BUY,,100
1098,ORD001098,LIMIT,SELL,101.74,33
1099,ORD001099,LIMIT,BUY,99.92,32
1100,ORD001100,LIMIT,SELL,101.99,26
1101,ORD001101,LIMIT,BUY,100.46,61
1102,ORD001102,LIMIT,SELL,99.9,94
1103,ORD001056,CANCEL,,,
1104,ORD001104,LIMIT,BUY,99.6,26
1105,ORD001105,LIMIT,BUY,98.54,15
1106,ORD001106,LIMIT,SELL,99.92,36
1107,ORD001107,LIMIT,SELL,99.52,6
1108,ORD001108,LIMIT,SELL,99.89,99
1109,ORD000274,CANCEL,,,
1110,ORD001110,LIMIT,SELL,101.99,81
1111,ORD000509,CANCEL,,,
1112,ORD001112,LIMIT,BUY,98.58,72
1113,ORD001113,LIMIT,SELL,100.6,25
1114,ORD000545,CANCEL,,,
1115,ORD001115,LIMIT,BUY,98.1,91
1116,ORD001116,LIMIT,SELL,100.73,73
1117,ORD000870,CANCEL,,,
1118,ORD001118,LIMIT,SELL,101.58,71
1119,ORD000466,CANCEL,,,
1120,ORD001120,LIMIT,SELL,100.64,100
1121,ORD001121,LIMIT,SELL,101.71,80
1122,ORD001122,LIMIT,BUY,98.16,69
1123,ORD001123,LIMIT,BUY,99.24,71
1124,ORD000737,CANCEL,,,
1125,ORD001125,LIMIT,SELL,100.81,9
1126,ORD000415,CANCEL,,,
1127,ORD000127,CANCEL,,,
1128,ORD001128,LIMIT,SELL,99.58,83
1129,ORD001129,LIMIT,SELL,101.25,33
1130,ORD000608,CANCEL,,,
1131,ORD001131,MARKET,BUY,,27
1132,ORD001132,LIMIT,BUY,99.6,47
1133,ORD001133,LIMIT,SELL,101.49,8
1134,ORD001134,LIMIT,SELL,101.34,39
1135,ORD000599,CANCEL,,,
1136,ORD001136,LIMIT,BUY,98.58,50
1137,ORD000676,CANCEL,,,
1138,ORD001138,LIMIT,BUY,99.4,96
1139,ORD000903,CANCEL,,,
1140,ORD001140,LIMIT,SELL,99.92,24
1141,ORD001141,LIMIT,SELL,100.83,77
1142,ORD001142,LIMIT,SELL,100.88,42
1143,ORD001143,LIMIT,SELL,100.58,93
1144,ORD001144,LIMIT,BUY,98.53,99
1145,ORD001145,LIMIT,SELL,100.63,51
1146,ORD000139,CANCEL,,,
1147,ORD001147,LIMIT,BUY,100.48,39
1148,ORD000614,CANCEL,,,
1149,ORD001149,MARKET,SELL,,89
1150,ORD001150,MARKET,BUY,,59
1151,ORD001151,LIMIT,BUY,100.22,32
1152,ORD001152,MARKET,SELL,,52
1153,ORD001153,LIMIT,BUY,99.81,62
1154,ORD000332,CANCEL,,,
1155,ORD001155,MARKET,SELL,,74
1156,ORD001156,LIMIT,BUY,98.84,56
1157,ORD001157,LIMIT,BUY,98.57,84
1158,ORD001158,LIMIT,BUY,99.58,7
1159,ORD001159,LIMIT,BUY,99.41,42
1160,ORD001160,LIMIT,BUY,99.68,51
1161,ORD001161,LIMIT,BUY,98.72,51
1162,ORD000866,CANCEL,,,
1163,ORD000191,CANCEL,,,
1164,ORD001164,MARKET,SELL,,65
1165,ORD001165,LIMIT,BUY,99.2,26
1166,ORD001166,LIMIT,BUY,100.49,68
1167,ORD001167,LIMIT,BUY,99.08,88
1168,ORD001168,LIMIT,BUY,99.03,47
1169,ORD001169,LIMIT,SELL,101.14,99
1170,ORD001170,LIMIT,SELL,101.98,57
1171,ORD001171,MARKET,SELL,,30
1172,ORD000937,CANCEL,,,
1173,ORD000310,CANCEL,,,
1174,ORD000213,CANCEL,,,
1175,ORD001175,LIMIT,BUY,100.05,2
1176,ORD001176,LIMIT,BUY,99.18,43
1177,ORD001177,LIMIT,BUY,99.31,34
1178,ORD001178,LIMIT,BUY,99.67,49
1179,ORD001179,LIMIT,BUY,98.15,26
1180,ORD001180,MARKET,SELL,,84
1181,ORD001181,LIMIT,BUY,98.68,85
1182,ORD001182,MARKET,BUY,,84
1183,ORD001183,LIMIT,SELL,101.27,41
1184,ORD001184,LIMIT,BUY,99.25,59
1185,ORD001185,MARKET,BUY,,68
1186,ORD001186,LIMIT,SELL,99.89,45
1187,ORD001187,LIMIT,SELL,100.09,65
1188,ORD001188,LIMIT,BUY,100.2,4
1189,ORD001189,LIMIT,SELL,100.35,51
1190,ORD001190,LIMIT,BUY,99.3,87
1191,ORD001191,LIMIT,BUY,99.43,55
1192,ORD001192,LIMIT,SELL,99.83,84
1193,ORD000586,CANCEL,,,
1194,ORD001194,LIMIT,SELL,101.75,18
1195,ORD001195,LIMIT,BUY,99.41,21
1196,ORD001196,LIMIT,BUY,100.1,19
1197,ORD001197,LIMIT,SELL,100.54,53
1198,ORD001198,LIMIT,SELL,99.97,17
1199,ORD000730,CANCEL,,,
1200,ORD001200,LIMIT,BUY,98.58,4
1201,ORD001201,LIMIT,SELL,101.62,61
1202,ORD001202,LIMIT,SELL,100.47,61
1203,ORD000569,CANCEL,,,
1204,ORD001204,LIMIT,SELL,99.54,35
1205,ORD001205,LIMIT,BUY,100.47,97
1206,ORD001206,LIMIT,BUY,100.46,79
1207,ORD001207,LIMIT,SELL,101.72,55
1208,ORD001208,LIMIT,BUY,100.06,93
1209,ORD001209,LIMIT,BUY,99.13,6
1210,ORD001210,LIMIT,BUY,98.99,95
1211,ORD000972,CANCEL,,,
1212,ORD001212,LIMIT,BUY,99.1,39
1213,ORD001213,LIMIT,SELL,100.56,79
1214,ORD001214,LIMIT,BUY,99.62,12
1215,ORD001215,LIMIT,BUY,99.46,90
1216,ORD001216,LIMIT,SELL,100.63,23
1217,ORD001217,LIMIT,BUY,98.23,42
1218,ORD001218,LIMIT,BUY,98.31,15
1219,ORD001219,MARKET,SELL,,91
1220,ORD001220,LIMIT,BUY,98.95,99
1221,ORD000883,CANCEL,,,
1222,ORD001222,LIMIT,BUY,98.36,99
1223,ORD001223,LIMIT,SELL,101.33,58
1224,ORD001224,LIMIT,BUY,98.33,26
1225,ORD000707,CANCEL,,,
1226,ORD001157,CANCEL,,,
1227,ORD001227,LIMIT,BUY,99.23,28
1228,ORD001228,LIMIT,SELL,100.6,77
1229,ORD001229,LIMIT,BUY,98.7,81
1230,ORD001230,MARKET,BUY,,19
1231,ORD000908,CANCEL,,,
1232,ORD000130,CANCEL,,,
1233,ORD001233,LIMIT,SELL,99.72,14
1234,ORD001234,LIMIT,BUY,98.71,85
1235,ORD001235,LIMIT,BUY,99.87,47
1236,ORD001236,LIMIT,BUY,98.81,49
1237,ORD001237,LIMIT,SELL,99.66,61
1238,ORD000762,CANCEL,,,
1239,ORD001239,LIMIT,SELL,101.24,79
1240,ORD001213,CANCEL,,,
1241,ORD001241,LIMIT,SELL,101.01,91
1242,ORD001242,LIMIT,SELL,100.94,80
1243,ORD001243,LIMIT,BUY,99.24,94
1244,ORD001244,LIMIT,SELL,101.71,30
1245,ORD001245,MARKET,BUY,,4
1246,ORD001246,LIMIT,BUY,98.52,79
1247,ORD001247,MARKET,SELL,,45
1248,ORD001248,MARKET,BUY,,26
1249,ORD001249,LIMIT,SELL,100.27,65
1250,ORD001250,LIMIT,BUY,98.83,51
1251,ORD001251,LIMIT,BUY,98.49,44
1252,ORD001252,LIMIT,SELL,101.49,83
1253,ORD000485,CANCEL,,,
1254,ORD001254,LIMIT,SELL,101.54,96
1255,ORD001201,CANCEL,,,
1256,ORD001256,LIMIT,SELL,99.55,74
1257,ORD001257,MARKET,SELL,,20
1258,ORD001258,LIMIT,BUY,98.94,69
1259,ORD001259,LIMIT,SELL,99.79,97
1260,ORD001260,LIMIT,SELL,100.18,12
1261,ORD001261,LIMIT,BUY,100.07,39
1262,ORD001262,LIMIT,SELL,100.44,5
1263,ORD001263,LIMIT,BUY,98.06,62
1264,ORD001264,LIMIT,BUY,100.31,94
1265,ORD001265,LIMIT,SELL,99.86,13
1266,ORD001266,LIMIT,BUY,98.09,50
1267,ORD001267,MARKET,BUY,,6
1268,ORD001268,LIMIT,BUY,100.22,14
1269,ORD001269,MARKET,SELL,,98
1270,ORD001270,LIMIT,BUY,98.48,36
1271,ORD001271,LIMIT,SELL,100.18,21
1272,ORD001272,LIMIT,BUY,99.4,14
1273,ORD001273,LIMIT,SELL,100.18,91
1274,ORD001274,LIMIT,BUY,98.78,44
1275,ORD001275,LIMIT,BUY,99.18,87
1276,ORD000976,CANCEL,,,
1277,ORD001039,CANCEL,,,
1278,ORD001278,LIMIT,SELL,100.28,26
1279,ORD001279,LIMIT,BUY,99.89,60
1280,ORD001280,LIMIT,BUY,100.3,60
1281,ORD000838,CANCEL,,,
1282,ORD001282,LIMIT,SELL,101.87,19
1283,ORD001283,LIMIT,SELL,100.48,90
1284,ORD001284,LIMIT,SELL,101.71,59
1285,ORD001285,LIMIT,BUY,98.88,60
1286,ORD001286,LIMIT,SELL,101.01,17
1287,ORD001287,LIMIT,SELL,101.49,42
1288,ORD001288,LIMIT,BUY,99.33,52
1289,ORD001289,LIMIT,BUY,99.37,62
1290,ORD001290,LIMIT,SELL,101.24,56
1291,ORD001291,LIMIT,SELL,100.36,89
1292,ORD001292,LIMIT,BUY,99.78,63
1293,ORD001105,CANCEL,,,
1294,ORD001294,LIMIT,BUY,98.44,52
1295,ORD000380,CANCEL,,,
1296,ORD001296,LIMIT,SELL,101.11,8
1297,ORD000451,CANCEL,,,
1298,ORD001298,LIMIT,BUY,99.65,58
1299,ORD001299,LIMIT,SELL,100.62,27
1300,ORD001300,LIMIT,SELL,101.49,87
1301,ORD001301,LIMIT,SELL,101.79,12
1302,ORD001302,LIMIT,SELL,101.63,8
1303,ORD001303,MARKET,BUY,,72
1304,ORD001304,LIMIT,SELL,100.21,4
1305,ORD001305,LIMIT,SELL,101.28,52
1306,ORD001306,LIMIT,BUY,99.19,25
1307,ORD001307,LIMIT,SELL,99.89,86
1308,ORD000043,CANCEL,,,
1309,ORD000070,CANCEL,,,
1310,ORD001159,CANCEL,,,
1311,ORD001311,MARKET,BUY,,83
1312,ORD001312,LIMIT,SELL,101.24,55
1313,ORD001313,LIMIT,SELL,100.88,58
1314,ORD001314,LIMIT,BUY,99.51,74
1315,ORD001315,LIMIT,BUY,98.67,70
1316,ORD001316,LIMIT,BUY,99.42,91
1317,ORD001317,LIMIT,SELL,99.7,94
1318,ORD001318,LIMIT,SELL,99.7,79
1319,ORD001129,CANCEL,,,
1320,ORD001320,LIMIT,BUY,99.35,75
1321,ORD001321,LIMIT,BUY,99.34,2
1322,ORD001322,LIMIT,SELL,100.33,46
1323,ORD001323,LIMIT,SELL,99.59,77
1324,ORD001324,MARKET,SELL,,61
1325,ORD001325,LIMIT,BUY,98.73,95
1326,ORD001326,LIMIT,SELL,99.82,10
1327,ORD001327,LIMIT,SELL,101.04,36
1328,ORD001328,LIMIT,BUY,99.51,76
1329,ORD001329,LIMIT,SELL,99.94,90
1330,ORD001330,LIMIT,BUY,100.16,44
1331,ORD001331,LIMIT,BUY,100.05,64
1332,ORD001332,LIMIT,SELL,100.09,57
1333,ORD001333,LIMIT,BUY,99.84,45
1334,ORD000742,CANCEL,,,
1335,ORD001335,MARKET,BUY,,60
1336,ORD001336,LIMIT,SELL,101.87,69
1337,ORD001337,LIMIT,SELL,99.86,56
1338,ORD001084,CANCEL,,,
1339,ORD001339,LIMIT,SELL,101.21,6
1340,ORD001239,CANCEL,,,
1341,ORD001341,LIMIT,SELL,101.13,35
1342,ORD001342,LIMIT,SELL,100.14,75
1343,ORD001343,LIMIT,BUY,99.47,25
1344,ORD001344,LIMIT,BUY,98.03,2
1345,ORD001345,LIMIT,BUY,99.31,88
1346,ORD001346,LIMIT,BUY,98.63,5
1347,ORD000344,CANCEL,,,
1348,ORD001336,CANCEL,,,
1349,ORD001349,LIMIT,BUY,99.6,91
1350,ORD001350,LIMIT,BUY,98.32,85
1351,ORD001351,LIMIT,BUY,99.74,33
1352,ORD001352,LIMIT,BUY,100.31,36
1353,ORD001353,LIMIT,SELL,101.45,36
1354,ORD001354,LIMIT,SELL,101.99,34
1355,ORD001355,LIMIT,SELL,99.67,26
1356,ORD001356,LIMIT,BUY,98.27,70
1357,ORD001357,LIMIT,BUY,98.27,57
1358,ORD001358,MARKET,BUY,,10
1359,ORD001359,LIMIT,SELL,99.55,64
1360,ORD000005,CANCEL,,,
1361,ORD001361,LIMIT,SELL,101.25,51
1362,ORD001362,LIMIT,SELL,100.51,94
1363,ORD001363,LIMIT,BUY,98.01,89
1364,ORD001364,LIMIT,SELL,100.84,46
1365,ORD001365,LIMIT,SELL,101.08,83
1366,ORD001249,CANCEL,,,
1367,ORD001367,MARKET,SELL,,59
1368,ORD001368,LIMIT,SELL,99.94,6
1369,ORD001369,LIMIT,BUY,98.98,14
1370,ORD001370,LIMIT,SELL,101.71,57
1371,ORD001371,MARKET,BUY,,4
1372,ORD001372,LIMIT,BUY,98.16,70
1373,ORD001373,LIMIT,SELL,101.59,58
1374,ORD001374,MARKET,BUY,,8
1375,ORD001375,LIMIT,BUY,98.53,84
1376,ORD001376,LIMIT,SELL,101.68,69
1377,ORD001316,CANCEL,,,
1378,ORD001378,MARKET,BUY,,19
1379,ORD001379,LIMIT,BUY,100.3,6
1380,ORD001380,MARKET,BUY,,81
1381,ORD000853,CANCEL,,,
1382,ORD001382,LIMIT,BUY,98.43,76
1383,ORD000383,CANCEL,,,
1384,ORD001345,CANCEL,,,
1385,ORD001385,MARKET,BUY,,26
1386,ORD001386,LIMIT,SELL,101.94,74
1387,ORD001387,LIMIT,SELL,101.48,98
1388,ORD000551,CANCEL,,,
1389,ORD001389,LIMIT,BUY,99.89,22
1390,ORD001390,LIMIT,BUY,100.31,6
1391,ORD001376,CANCEL,,,
1392,ORD001392,MARKET,BUY,,63
1393,ORD000032,CANCEL,,,
1394,ORD000343,CANCEL,,,
1395,ORD001395,LIMIT,SELL,101.52,99
1396,ORD001396,LIMIT,BUY,99.6,67
1397,ORD001397,LIMIT,BUY,99.53,5
1398,ORD001398,LIMIT,SELL,99.72,39
1399,ORD001399,LIMIT,BUY,98.48,68
1400,ORD001400,LIMIT,SELL,101.97,65
1401,ORD001401,LIMIT,BUY,98.48,20
1402,ORD001402,LIMIT,SELL,99.9,6
1403,ORD000966,CANCEL,,,
1404,ORD001404,LIMIT,SELL,101.04,98
1405,ORD001405,LIMIT,BUY,100.31,23
1406,ORD000132,CANCEL,,,
1407,ORD001407,MARKET,BUY,,31
1408,ORD001408,LIMIT,SELL,101.37,42
1409,ORD001409,LIMIT,BUY,98.25,95
1410,ORD001410,LIMIT,BUY,98.55,61
1411,ORD001411,LIMIT,BUY,98.36,79
1412,ORD001412,LIMIT,SELL,100.64,25
1413,ORD001413,LIMIT,SELL,99.82,89
1414,ORD001414,LIMIT,SELL,101.63,59
1415,ORD001415,LIMIT,SELL,100.24,21
1416,ORD001416,LIMIT,BUY,99.38,30
1417,ORD001237,CANCEL,,,
1418,ORD001418,LIMIT,BUY,100.09,36
1419,ORD001065,CANCEL,,,
1420,ORD001420,LIMIT,BUY,99.09,29
1421,ORD001421,LIMIT,BUY,100.25,54
1422,ORD001422,LIMIT,BUY,99.83,65
1423,ORD001259,CANCEL,,,
1424,ORD001424,LIMIT,BUY,98.6,72
1425,ORD001425,LIMIT,SELL,99.83,38
1426,ORD001426,MARKET,BUY,,86
1427,ORD001427,LIMIT,SELL,101.37,4
1428,ORD001428,LIMIT,SELL,101.69,52
1429,ORD000979,CANCEL,,,
1430,ORD001430,LIMIT,BUY,98.18,89
1431,ORD001431,LIMIT,BUY,99.88,90
1432,ORD001432,LIMIT,BUY,98.2,43
1433,ORD001433,LIMIT,BUY,100.28,47
1434,ORD001434,LIMIT,BUY,99.16,6
1435,ORD001435,LIMIT,BUY,99.76,72
1436,ORD001436,LIMIT,BUY,98.84,70
1437,ORD001169,CANCEL,,,
1438,ORD001438,LIMIT,BUY,99.9,42
1439,ORD001439,LIMIT,SELL,100.56,7
1440,ORD000932,CANCEL,,,
1441,ORD001441,LIMIT,BUY,99.33,69
1442,ORD001442,LIMIT,SELL,101.5,89
1443,ORD001443,LIMIT,BUY,100.21,12
1444,ORD000568,CANCEL,,,
1445,ORD001445,LIMIT,BUY,98.69,90
1446,ORD000497,CANCEL,,,
1447,ORD001447,LIMIT,BUY,100.42,70
1448,ORD001448,LIMIT,SELL,100.61,83
1449,ORD000589,CANCEL,,,
1450,ORD000692,CANCEL,,,
1451,ORD001451,LIMIT,SELL,100.36,83
1452,ORD001452,LIMIT,SELL,101.24,71
1453,ORD001453,LIMIT,SELL,101.75,40
1454,ORD000771,CANCEL,,,
1455,ORD001455,LIMIT,SELL,101.42,7
1456,ORD000818,CANCEL,,,
1457,ORD001457,LIMIT,BUY,98.4,69
1458,ORD001458,LIMIT,BUY,99.73,86
1459,ORD001459,LIMIT,BUY,98.1,41
1460,ORD001460,LIMIT,SELL,99.96,72
1461,ORD001461,LIMIT,SELL,99.87,58
1462,ORD001462,LIMIT,BUY,98.3,4
1463,ORD001463,LIMIT,SELL,101.87,41
1464,ORD001294,CANCEL,,,
1465,ORD001465,LIMIT,SELL,100.24,38
1466,ORD001466,LIMIT,BUY,99.82,57
1467,ORD001467,LIMIT,BUY,100.25,18
1468,ORD001468,LIMIT,BUY,99.0,29
1469,ORD001469,LIMIT,BUY,99.52,25
1470,ORD001470,LIMIT,BUY,99.92,26
1471,ORD001285,CANCEL,,,
1472,ORD001472,LIMIT,BUY,98.99,63
1473,ORD001473,LIMIT,BUY,98.9,19
1474,ORD001474,LIMIT,SELL,100.43,37
1475,ORD001475,LIMIT,SELL,101.69,12
1476,ORD001476,LIMIT,SELL,100.54,57
1477,ORD001477,LIMIT,SELL,100.54,76
1478,ORD001478,LIMIT,BUY,99.19,68
1479,ORD001479,LIMIT,BUY,99.48,49
1480,ORD001049,CANCEL,,,
1481,ORD001481,LIMIT,SELL,100.89,91
1482,ORD001482,LIMIT,BUY,100.08,38
1483,ORD001483,LIMIT,BUY,98.75,75
1484,ORD001484,LIMIT,SELL,101.48,20
1485,ORD001485,LIMIT,SELL,101.16,37
1486,ORD001486,LIMIT,SELL,101.11,4
1487,ORD000804,CANCEL,,,
1488,ORD001488,LIMIT,BUY,98.9,62
1489,ORD001489,LIMIT,SELL,100.69,89
1490,ORD001490,LIMIT,SELL,100.94,34
1491,ORD000243,CANCEL,,,
1492,ORD001156,CANCEL,,,
1493,ORD001493,LIMIT,BUY,98.13,47
1494,ORD001494,MARKET,SELL,,38
1495,ORD001495,LIMIT,BUY,99.92,24
1496,ORD001496,LIMIT,BUY,100.18,88
1497,ORD001497,LIMIT,SELL,101.22,13
1498,ORD001498,LIMIT,SELL,99.53,67
1499,ORD001499,LIMIT,SELL,101.8,21
1500,ORD000505,CANCEL,,,
1501,ORD001501,LIMIT,BUY,99.4,89
1502,ORD001502,LIMIT,BUY,100.29,15
1503,ORD001503,LIMIT,BUY,98.78,47
1504,ORD001116,CANCEL,,,
1505,ORD001505,LIMIT,SELL,100.26,96
1506,ORD001506,LIMIT,BUY,99.74,89
1507,ORD001507,LIMIT,BUY,100.45,55
1508,ORD001508,MARKET,BUY,,100
1509,ORD001509,MARKET,SELL,,14
1510,ORD001489,CANCEL,,,
1511,ORD001511,LIMIT,BUY,100.27,6
1512,ORD001505,CANCEL,,,
1513,ORD000367,CANCEL,,,
1514,ORD001514,LIMIT,BUY,98.5,86
1515,ORD001515,LIMIT,BUY,99.87,36
1516,ORD001516,LIMIT,SELL,101.64,100
1517,ORD001517,LIMIT,BUY,98.17,75
1518,ORD001518,LIMIT,BUY,100.41,22
1519,ORD001519,LIMIT,BUY,98.25,28
1520,ORD001520,LIMIT,SELL,100.97,57
1521,ORD001521,LIMIT,BUY,98.89,49
1522,ORD001522,LIMIT,BUY,99.9,41
1523,ORD000408,CANCEL,,,
1524,ORD001524,LIMIT,SELL,101.26,72
1525,ORD001525,LIMIT,BUY,98.29,37
1526,ORD001526,LIMIT,SELL,101.6,29
1527,ORD001527,LIMIT,SELL,100.57,9
1528,ORD001528,LIMIT,SELL,100.42,2
1529,ORD001529,LIMIT,SELL,100.49,67
1530,ORD001530,LIMIT,BUY,98.99,89
1531,ORD001531,LIMIT,BUY,100.23,22
1532,ORD000623,CANCEL,,,
1533,ORD001533,LIMIT,SELL,101.6,93
1534,ORD001534,LIMIT,SELL,101.5,52
1535,ORD001535,LIMIT,SELL,100.78,19
1536,ORD001536,LIMIT,BUY,99.22,30
1537,ORD001537,MARKET,BUY,,95
1538,ORD000275,CANCEL,,,
1539,ORD001539,LIMIT,BUY,98.96,87
1540,ORD001540,LIMIT,SELL,99.74,10
1541,ORD001541,LIMIT,SELL,100.0,85
1542,ORD001542,LIMIT,SELL,101.52,70
1543,ORD001543,LIMIT,BUY,100.2,16
1544,ORD001544,LIMIT,SELL,100.61,5
1545,ORD001328,CANCEL,,,
1546,ORD001546,LIMIT,SELL,99.91,56
1547,ORD001028,CANCEL,,,
1548,ORD001548,LIMIT,BUY,99.23,71
1549,ORD001549,LIMIT,SELL,101.64,65
1550,ORD000794,CANCEL,,,
1551,ORD001551,LIMIT,SELL,100.38,37
1552,ORD001552,LIMIT,BUY,98.32,47
1553,ORD001553,LIMIT,BUY,99.56,49
1554,ORD000962,CANCEL,,,
1555,ORD001555,LIMIT,SELL,101.15,32
1556,ORD001556,LIMIT,SELL,101.78,9
1557,ORD001557,LIMIT,BUY,98.05,42
1558,ORD001501,CANCEL,,,
1559,ORD001559,LIMIT,SELL,101.24,76
1560,ORD000905,CANCEL,,,
1561,ORD001561,LIMIT,SELL,99.74,63
1562,ORD001531,CANCEL,,,
1563,ORD001563,LIMIT,SELL,101.41,44
1564,ORD000869,CANCEL,,,
1565,ORD001565,LIMIT,SELL,101.09,10
1566,ORD001566,LIMIT,BUY,98.12,74
1567,ORD001567,LIMIT,BUY,100.39,92
1568,ORD001568,LIMIT,BUY,98.68,73
1569,ORD001569,LIMIT,SELL,100.37,10
1570,ORD001570,LIMIT,SELL,100.25,85
1571,ORD001571,LIMIT,BUY,98.63,66
1572,ORD001572,LIMIT,BUY,99.57,67
1573,ORD001573,LIMIT,SELL,101.91,96
1574,ORD001574,LIMIT,SELL,100.83,79
1575,ORD001575,LIMIT,SELL,101.32,8
1576,ORD001576,LIMIT,SELL,100.1,96
1577,ORD001577,LIMIT,SELL,100.53,9
1578,ORD001578,LIMIT,SELL,100.22,21
1579,ORD001579,LIMIT,BUY,98.28,25
1580,ORD000896,CANCEL,,,
1581,ORD001581,LIMIT,SELL,101.76,26
1582,ORD000475,CANCEL,,,
1583,ORD000824,CANCEL,,,
1584,ORD001584,LIMIT,BUY,98.11,93
1585,ORD001585,MARKET,BUY,,11
1586,ORD001586,LIMIT,SELL,101.75,53
1587,ORD001587,LIMIT,BUY,100.1,18
1588,ORD001588,LIMIT,BUY,100.07,100
1589,ORD001589,LIMIT,SELL,99.73,77
1590,ORD000906,CANCEL,,,
1591,ORD001591,LIMIT,SELL,101.36,55
1592,ORD001592,LIMIT,BUY,100.42,57
1593,ORD001593,LIMIT,BUY,98.94,15
1594,ORD001594,LIMIT,SELL,100.12,36
1595,ORD001595,LIMIT,BUY,99.79,40
1596,ORD001434,CANCEL,,,
1597,ORD001524,CANCEL,,,
1598,ORD001598,LIMIT,BUY,99.97,31
1599,ORD001599,LIMIT,SELL,101.9,47
1600,ORD001600,LIMIT,BUY,98.59,57
1601,ORD001601,LIMIT,SELL,101.79,39
1602,ORD000716,CANCEL,,,
1603,ORD001603,LIMIT,BUY,99.58,99
1604,ORD001604,LIMIT,BUY,98.2,100
1605,ORD001605,LIMIT,SELL,101.82,43
1606,ORD001606,LIMIT,BUY,99.75,65
1607,ORD001102,CANCEL,,,
1608,ORD001608,LIMIT,SELL,99.57,7
1609,ORD001609,LIMIT,BUY,99.98,18
1610,ORD000633,CANCEL,,,
1611,ORD001611,LIMIT,SELL,99.78,32
1612,ORD001612,LIMIT,BUY,99.71,41
1613,ORD001613,LIMIT,BUY,99.72,42
1614,ORD001614,MARKET,BUY,,48
1615,ORD001024,CANCEL,,,
1616,ORD001616,MARKET,BUY,,3
1617,ORD001617,LIMIT,BUY,100.44,26
1618,ORD001618,MARKET,BUY,,80
1619,ORD001619,LIMIT,SELL,101.9,22
1620,ORD001620,MARKET,BUY,,68
1621,ORD001621,LIMIT,SELL,100.74,29
1622,ORD001622,LIMIT,BUY,100.03,35
1623,ORD001623,LIMIT,SELL,100.58,27
1624,ORD001624,LIMIT,SELL,99.97,24
1625,ORD001625,MARKET,BUY,,34
1626,ORD001626,LIMIT,SELL,100.42,88
1627,ORD001627,MARKET,BUY,,18
1628,ORD001628,LIMIT,SELL,101.28,91
1629,ORD001629,MARKET,SELL,,72
1630,ORD000950,CANCEL,,,
1631,ORD001631,LIMIT,SELL,101.99,86
1632,ORD001632,MARKET,BUY,,65
1633,ORD001633,LIMIT,SELL,101.18,17
1634,ORD001634,LIMIT,BUY,98.65,65
1635,ORD001635,LIMIT,SELL,99.83,41
1636,ORD001636,LIMIT,SELL,99.79,6
1637,ORD001637,LIMIT,SELL,101.59,96
1638,ORD001638,LIMIT,SELL,101.69,79
1639,ORD001639,LIMIT,SELL,100.59,22
1640,ORD001640,LIMIT,SELL,99.88,85
1641,ORD001641,MARKET,SELL,,20
1642,ORD000590,CANCEL,,,
1643,ORD000796,CANCEL,,,
1644,ORD001208,CANCEL,,,
1645,ORD001645,MARKET,SELL,,46
1646,ORD001646,LIMIT,SELL,99.78,93
1647,ORD001647,LIMIT,BUY,98.51,37
1648,ORD000561,CANCEL,,,
1649,ORD001649,LIMIT,SELL,101.16,28
1650,ORD001650,LIMIT,BUY,99.43,54
1651,ORD001651,LIMIT,BUY,99.69,43
1652,ORD001568,CANCEL,,,
1653,ORD001653,LIMIT,BUY,99.48,14
1654,ORD001654,MARKET,BUY,,59
1655,ORD001655,LIMIT,SELL,101.89,77
1656,ORD001656,LIMIT,SELL,101.14,58
1657,ORD001657,LIMIT,BUY,98.12,83
1658,ORD001658,LIMIT,BUY,99.37,78
1659,ORD001659,LIMIT,SELL,100.1,99
1660,ORD001660,MARKET,BUY,,27
1661,ORD001078,CANCEL,,,
1662,ORD001662,LIMIT,BUY,99.23,56
1663,ORD001663,LIMIT,SELL,101.01,46
1664,ORD001664,LIMIT,SELL,100.72,50
1665,ORD001665,MARKET,SELL,,55
1666,ORD001666,LIMIT,BUY,99.07,6
1667,ORD001667,LIMIT,SELL,101.12,92
1668,ORD001263,CANCEL,,,
1669,ORD001669,LIMIT,BUY,99.09,62
1670,ORD001670,LIMIT,BUY,98.75,32
1671,ORD001671,LIMIT,SELL,100.88,6
1672,ORD001672,LIMIT,SELL,100.66,93
1673,ORD001673,LIMIT,SELL,100.96,99
1674,ORD001674,LIMIT,BUY,99.16,24
1675,ORD001675,MARKET,BUY,,91
1676,ORD001676,LIMIT,SELL,100.62,34
1677,ORD001677,LIMIT,BUY,98.2,78
1678,ORD001678,LIMIT,BUY,98.04,51
1679,ORD000570,CANCEL,,,
1680,ORD001680,LIMIT,SELL,101.67,96
1681,ORD001681,LIMIT,SELL,101.53,79
1682,ORD001682,LIMIT,SELL,99.72,18
1683,ORD000420,CANCEL,,,
1684,ORD001684,LIMIT,BUY,98.52,84
1685,ORD000751,CANCEL,,,
1686,ORD001686,MARKET,BUY,,99
1687,ORD001687,LIMIT,SELL,99.79,20
1688,ORD001688,LIMIT,SELL,100.68,58
1689,ORD001689,LIMIT,BUY,100.07,51
1690,ORD000041,CANCEL,,,
1691,ORD001638,CANCEL,,,
1692,ORD001692,LIMIT,SELL,101.34,77
1693,ORD001693,MARKET,SELL,,52
1694,ORD001694,LIMIT,SELL,99.65,3
1695,ORD001695,LIMIT,SELL,100.17,83
1696,ORD001696,LIMIT,SELL,101.06,83
1697,ORD001697,MARKET,SELL,,37
1698,ORD001698,LIMIT,SELL,100.08,29
1699,ORD001699,LIMIT,SELL,101.63,92
1700,ORD001700,LIMIT,BUY,99.81,50
1701,ORD001701,LIMIT,SELL,101.5,21
1702,ORD001702,LIMIT,SELL,99.72,62
1703,ORD000651,CANCEL,,,
1704,ORD001266,CANCEL,,,
1705,ORD001118,CANCEL,,,
1706,ORD001706,LIMIT,SELL,100.02,7
1707,ORD001707,LIMIT,SELL,100.39,21
1708,ORD001287,CANCEL,,,
1709,ORD000270,CANCEL,,,
1710,ORD001710,LIMIT,BUY,98.3,29
1711,ORD001711,LIMIT,SELL,101.42,99
1712,ORD001712,LIMIT,SELL,101.63,66
1713,ORD001713,LIMIT,BUY,100.32,57
1714,ORD001714,LIMIT,BUY,99.95,79
1715,ORD001715,LIMIT,BUY,98.1,14
1716,ORD000438,CANCEL,,,
1717,ORD001717,LIMIT,SELL,100.23,57
1718,ORD001718,LIMIT,SELL,99.75,83
1719,ORD001719,LIMIT,BUY,98.5,54
1720,ORD001720,LIMIT,BUY,100.02,44
1721,ORD001721,MARKET,BUY,,48
1722,ORD001722,LIMIT,SELL,101.16,20
1723,ORD001723,LIMIT,SELL,99.84,55
1724,ORD001724,LIMIT,SELL,101.88,67
1725,ORD001725,LIMIT,SELL,100.61,99
1726,ORD001313,CANCEL,,,
1727,ORD001727,LIMIT,BUY,99.0,99
1728,ORD000258,CANCEL,,,
1729,ORD001729,LIMIT,BUY,99.6,74
1730,ORD001514,CANCEL,,,
1731,ORD001731,LIMIT,SELL,101.71,90
1732,ORD001732,LIMIT,SELL,100.28,45
1733,ORD000861,CANCEL,,,
1734,ORD001734,LIMIT,BUY,99.12,27
1735,ORD001735,LIMIT,SELL,101.72,84
1736,ORD001736,LIMIT,BUY,98.21,69
1737,ORD001737,LIMIT,BUY,99.35,28
1738,ORD001382,CANCEL,,,
1739,ORD001739,LIMIT,SELL,99.9,4
1740,ORD001740,LIMIT,SELL,101.44,93
1741,ORD001741,LIMIT,BUY,100.1,34
1742,ORD001742,LIMIT,SELL,101.39,16
1743,ORD001743,LIMIT,BUY,100.46,96
1744,ORD001744,LIMIT,BUY,98.71,92
1745,ORD001745,LIMIT,BUY,99.3,32
1746,ORD001315,CANCEL,,,
1747,ORD001747,LIMIT,SELL,99.87,55
1748,ORD001748,MARKET,BUY,,55
1749,ORD001749,LIMIT,SELL,99.7,87
1750,ORD001750,LIMIT,SELL,100.96,82
1751,ORD001751,LIMIT,SELL,101.87,94
1752,ORD001752,LIMIT,BUY,98.32,92
1753,ORD001753,LIMIT,BUY,99.14,5
1754,ORD001754,LIMIT,SELL,99.8,53
1755,ORD001035,CANCEL,,,
1756,ORD001756,LIMIT,BUY,98.29,40
1757,ORD001757,LIMIT,SELL,99.57,19
1758,ORD001451,CANCEL,,,
1759,ORD001759,LIMIT,SELL,100.04,95
1760,ORD001760,LIMIT,BUY,98.17,6
1761,ORD001761,LIMIT,SELL,101.75,49
1762,ORD001762,LIMIT,BUY,99.26,59
1763,ORD001763,LIMIT,SELL,101.32,12
1764,ORD001764,LIMIT,SELL,101.75,44
1765,ORD001765,LIMIT,SELL,101.11,22
1766,ORD001766,LIMIT,SELL,99.81,72
1767,ORD001493,CANCEL,,,
1768,ORD001768,LIMIT,BUY,99.3,97
1769,ORD001769,LIMIT,BUY,100.34,24
1770,ORD001770,LIMIT,SELL,100.11,91
1771,ORD001771,MARKET,SELL,,69
1772,ORD001772,LIMIT,SELL,100.73,3
1773,ORD001773,LIMIT,BUY,100.15,41
1774,ORD001774,LIMIT,BUY,98.25,22
1775,ORD001775,LIMIT,BUY,98.22,40
1776,ORD001776,MARKET,BUY,,42
1777,ORD001664,CANCEL,,,
1778,ORD001073,CANCEL,,,
1779,ORD000499,CANCEL,,,
1780,ORD001780,LIMIT,SELL,101.85,16
1781,ORD000769,CANCEL,,,
1782,ORD001782,LIMIT,BUY,99.88,50
1783,ORD001783,MARKET,SELL,,60
1784,ORD001784,LIMIT,BUY,99.02,30
1785,ORD001785,LIMIT,BUY,100.41,87
1786,ORD001750,CANCEL,,,
1787,ORD001787,LIMIT,BUY,99.02,11
1788,ORD001788,LIMIT,BUY,98.36,70
1789,ORD001789,LIMIT,BUY,99.06,72
1790,ORD001790,LIMIT,BUY,100.4,80
1791,ORD001791,MARKET,BUY,,62
1792,ORD001792,LIMIT,SELL,100.45,45
1793,ORD001793,LIMIT,BUY,99.28,6
1794,ORD001354,CANCEL,,,
1795,ORD001795,MARKET,SELL,,90
1796,ORD000495,CANCEL,,,
1797,ORD001797,LIMIT,SELL,100.03,65
1798,ORD001798,LIMIT,SELL,101.86,82
1799,ORD001799,LIMIT,SELL,101.16,42
1800,ORD001800,LIMIT,SELL,100.32,89
1801,ORD000021,CANCEL,,,
1802,ORD001802,LIMIT,BUY,99.68,53
1803,ORD001803,LIMIT,SELL,100.85,84
1804,ORD001804,LIMIT,BUY,100.04,57
1805,ORD001805,LIMIT,SELL,100.44,77
1806,ORD001806,LIMIT,BUY,100.03,2
1807,ORD001046,CANCEL,,,
1808,ORD001808,MARKET,SELL,,96
1809,ORD000877,CANCEL,,,
1810,ORD001810,LIMIT,SELL,101.54,81
1811,ORD001811,LIMIT,BUY,99.23,47
1812,ORD001289,CANCEL,,,
1813,ORD001813,MARKET,BUY,,82
1814,ORD001814,LIMIT,SELL,100.74,71
1815,ORD001722,CANCEL,,,
1816,ORD001816,MARKET,BUY,,17
1817,ORD001817,LIMIT,BUY,99.42,30
1818,ORD001818,LIMIT,SELL,101.19,89
1819,ORD001819,LIMIT,SELL,101.71,1
1820,ORD001820,LIMIT,BUY,98.81,53
1821,ORD001821,LIMIT,SELL,100.79,6
1822,ORD001822,MARKET,BUY,,54
1823,ORD001823,MARKET,SELL,,25
1824,ORD001824,LIMIT,BUY,98.56,89
1825,ORD001825,LIMIT,BUY,98.49,43
1826,ORD001826,MARKET,BUY,,56
1827,ORD001827,LIMIT,SELL,100.12,61
1828,ORD001828,LIMIT,SELL,101.55,67
1829,ORD001829,LIMIT,BUY,99.55,98
1830,ORD001207,CANCEL,,,
1831,ORD001831,LIMIT,BUY,100.29,49
1832,ORD001832,LIMIT,BUY,98.16,57
1833,ORD001497,CANCEL,,,
1834,ORD001834,LIMIT,BUY,98.14,7
1835,ORD001835,LIMIT,SELL,101.04,53
1836,ORD001836,LIMIT,BUY,99.16,55
1837,ORD001837,LIMIT,BUY,100.34,4
1838,ORD001838,LIMIT,SELL,99.77,2
1839,ORD001839,LIMIT,BUY,100.1,74
1840,ORD001321,CANCEL,,,
1841,ORD001841,LIMIT,SELL,101.05,24
1842,ORD001842,MARKET,BUY,,40
1843,ORD001843,LIMIT,SELL,101.71,100
1844,ORD001246,CANCEL,,,
1845,ORD001845,LIMIT,SELL,101.93,67
1846,ORD001846,MARKET,BUY,,65
1847,ORD001847,LIMIT,BUY,98.49,26
1848,ORD001848,LIMIT,BUY,98.85,86
1849,ORD001849,LIMIT,SELL,100.33,75
1850,ORD001850,LIMIT,SELL,100.55,21
1851,ORD001819,CANCEL,,,
1852,ORD001852,LIMIT,SELL,99.51,29
1853,ORD001853,LIMIT,SELL,100.1,95
1854,ORD001854,LIMIT,SELL,100.44,52
1855,ORD000040,CANCEL,,,
1856,ORD001856,LIMIT,BUY,99.39,19
1857,ORD001857,LIMIT,BUY,100.28,47
1858,ORD000152,CANCEL,,,
1859,ORD000890,CANCEL,,,
1860,ORD000833,CANCEL,,,
1861,ORD001861,LIMIT,SELL,100.11,26
1862,ORD000835,CANCEL,,,
1863,ORD001863,LIMIT,BUY,98.34,84
1864,ORD001864,LIMIT,BUY,98.53,59
1865,ORD001865,LIMIT,SELL,101.85,80
1866,ORD001866,LIMIT,BUY,100.21,17
1867,ORD001867,LIMIT,BUY,99.74,41
1868,ORD001868,LIMIT,BUY,99.91,76
1869,ORD001389,CANCEL,,,
1870,ORD001870,LIMIT,BUY,98.13,36
1871,ORD001871,LIMIT,SELL,99.7,61
1872,ORD001872,LIMIT,BUY,98.97,83
1873,ORD001873,LIMIT,SELL,100.66,42
1874,ORD001874,LIMIT,SELL,100.74,35
1875,ORD001875,LIMIT,BUY,100.24,58
1876,ORD001876,LIMIT,SELL,100.56,49
1877,ORD001877,LIMIT,SELL,99.71,97
1878,ORD001214,CANCEL,,,
1879,ORD001879,LIMIT,BUY,99.16,80
1880,ORD001880,LIMIT,SELL,100.52,64
1881,ORD001881,MARKET,SELL,,57
1882,ORD001882,LIMIT,BUY,98.21,65
1883,ORD001883,LIMIT,BUY,100.32,13
1884,ORD001037,CANCEL,,,
1885,ORD000670,CANCEL,,,
1886,ORD001886,LIMIT,SELL,101.36,99
1887,ORD001887,LIMIT,SELL,101.01,18
1888,ORD001888,MARKET,SELL,,39
1889,ORD001889,LIMIT,SELL,100.51,52
1890,ORD001890,LIMIT,BUY,99.28,98
1891,ORD001891,LIMIT,SELL,101.31,27
1892,ORD001892,LIMIT,SELL,100.65,11
1893,ORD001893,LIMIT,BUY,100.35,54
1894,ORD001894,LIMIT,SELL,99.58,18
1895,ORD001895,LIMIT,BUY,99.84,64
1896,ORD001896,LIMIT,SELL,100.55,88
1897,ORD001897,LIMIT,SELL,99.56,5
1898,ORD001898,LIMIT,BUY,100.49,73
1899,ORD001899,LIMIT,SELL,100.01,51
1900,ORD001095,CANCEL,,,
1901,ORD000430,CANCEL,,,
1902,ORD001902,LIMIT,SELL,100.26,22
1903,ORD001430,CANCEL,,,
1904,ORD001666,CANCEL,,,
1905,ORD001905,LIMIT,BUY,98.17,50
1906,ORD001906,LIMIT,BUY,99.31,59
1907,ORD001361,CANCEL,,,
1908,ORD000987,CANCEL,,,
1909,ORD001909,LIMIT,SELL,101.97,17
1910,ORD001910,LIMIT,SELL,100.47,27
1911,ORD000686,CANCEL,,,
1912,ORD001912,LIMIT,SELL,100.94,40
1913,ORD001913,LIMIT,SELL,99.52,19
1914,ORD001914,LIMIT,SELL,100.12,43
1915,ORD001915,LIMIT,SELL,100.94,95
1916,ORD001588,CANCEL,,,
1917,ORD001917,LIMIT,SELL,101.61,39
1918,ORD001918,LIMIT,BUY,98.45,80
1919,ORD001919,LIMIT,SELL,101.15,90
1920,ORD001920,LIMIT,SELL,99.61,21
1921,ORD001921,LIMIT,SELL,99.67,93
1922,ORD001922,LIMIT,BUY,99.03,98
1923,ORD001923,MARKET,SELL,,14
1924,ORD001924,LIMIT,SELL,99.91,27
1925,ORD001925,MARKET,SELL,,82
1926,ORD001926,LIMIT,SELL,101.36,25
1927,ORD001927,LIMIT,BUY,99.77,18
1928,ORD001928,LIMIT,SELL,99.67,71
1929,ORD001929,LIMIT,SELL,101.55,21
1930,ORD000101,CANCEL,,,
1931,ORD001931,LIMIT,BUY,99.34,51
1932,ORD001646,CANCEL,,,
1933,ORD001933,LIMIT,SELL,100.4,28
1934,ORD001934,LIMIT,BUY,98.12,82
1935,ORD001935,LIMIT,BUY,98.77,7
1936,ORD001936,LIMIT,BUY,99.92,32
1937,ORD001937,LIMIT,BUY,98.04,4
1938,ORD001938,LIMIT,SELL,101.2,9
1939,ORD001939,LIMIT,BUY,100.08,22
1940,ORD001940,LIMIT,BUY,98.27,42
1941,ORD001941,LIMIT,BUY,100.34,51
1942,ORD001942,LIMIT,BUY,98.26,42
1943,ORD001140,CANCEL,,,
1944,ORD001944,LIMIT,BUY,99.15,9
1945,ORD001945,LIMIT,SELL,100.42,9
1946,ORD001946,LIMIT,SELL,101.0,14
1947,ORD001947,LIMIT,BUY,98.24,42
1948,ORD001948,LIMIT,SELL,101.93,89
1949,ORD000606,CANCEL,,,
1950,ORD001950,LIMIT,SELL,101.17,9
1951,ORD001951,LIMIT,SELL,101.1,30
1952,ORD001952,LIMIT,BUY,99.54,16
1953,ORD001953,LIMIT,SELL,101.05,8
1954,ORD001332,CANCEL,,,
1955,ORD001955,LIMIT,BUY,99.61,31
1956,ORD001956,LIMIT,SELL,100.32,36
1957,ORD001957,LIMIT,BUY,100.44,83
1958,ORD001958,LIMIT,BUY,99.83,44
1959,ORD001959,LIMIT,BUY,99.66,32
1960,ORD001960,LIMIT,BUY,98.95,42
1961,ORD001570,CANCEL,,,
1962,ORD001318,CANCEL,,,
1963,ORD000659,CANCEL,,,
1964,ORD000513,CANCEL,,,
1965,ORD001965,MARKET,BUY,,76
1966,ORD001966,LIMIT,BUY,98.2,93
1967,ORD001967,LIMIT,BUY,98.61,23
1968,ORD001968,LIMIT,SELL,100.62,82
1969,ORD001969,MARKET,SELL,,47
1970,ORD001970,LIMIT,BUY,99.06,79
1971,ORD001971,LIMIT,BUY,99.98,3
1972,ORD001972,LIMIT,SELL,101.4,39
1973,ORD001973,LIMIT,BUY,98.44,49
1974,ORD001974,LIMIT,SELL,100.91,62
1975,ORD000500,CANCEL,,,
1976,ORD001976,LIMIT,BUY,98.47,2
1977,ORD001977,LIMIT,SELL,101.81,51
1978,ORD001978,LIMIT,SELL,100.27,76
1979,ORD000197,CANCEL,,,
1980,ORD001980,LIMIT,BUY,99.41,25
1981,ORD001981,LIMIT,SELL,101.38,45
1982,ORD001982,LIMIT,SELL,100.42,8
1983,ORD001983,LIMIT,SELL,100.11,5
1984,ORD001984,LIMIT,SELL,101.19,90
1985,ORD001985,LIMIT,BUY,99.14,88
1986,ORD000815,CANCEL,,,
1987,ORD001987,MARKET,BUY,,99
1988,ORD001731,CANCEL,,,
1989,ORD001989,LIMIT,SELL,101.94,11
1990,ORD001990,LIMIT,BUY,98.41,55
1991,ORD001991,LIMIT,SELL,100.83,49
1992,ORD001992,LIMIT,SELL,101.81,12
1993,ORD001478,CANCEL,,,
1994,ORD001994,LIMIT,SELL,100.17,27
1995,ORD001995,LIMIT,SELL,99.52,22
1996,ORD001996,MARKET,BUY,,100
1997,ORD001997,LIMIT,SELL,101.33,22
1998,ORD000653,CANCEL,,,
1999,ORD001999,LIMIT,BUY,99.26,15
2000,ORD002000,LIMIT,BUY,98.15,24
2001,ORD002001,LIMIT,BUY,100.26,53
2002,ORD002002,LIMIT,BUY,98.42,38
2003,ORD000473,CANCEL,,,
2004,ORD002004,MARKET,SELL,,31
2005,ORD002005,MARKET,BUY,,35
2006,ORD002006,LIMIT,BUY,99.97,6
2007,ORD001401,CANCEL,,,
2008,ORD002008,LIMIT,SELL,101.97,98
2009,ORD002009,LIMIT,SELL,100.34,55
2010,ORD002010,LIMIT,SELL,101.54,47
2011,ORD002011,LIMIT,SELL,101.94,43
2012,ORD002012,LIMIT,BUY,99.75,93
2013,ORD002013,MARKET,BUY,,16
2014,ORD002014,LIMIT,SELL,101.38,32
2015,ORD002015,LIMIT,SELL,101.15,1
2016,ORD002016,MARKET,SELL,,47
2017,ORD002017,LIMIT,SELL,100.08,63
2018,ORD002018,LIMIT,BUY,100.35,61
2019,ORD002019,LIMIT,BUY,98.73,25
2020,ORD002020,LIMIT,BUY,99.99,39
2021,ORD002021,LIMIT,SELL,100.62,15
2022,ORD002022,LIMIT,BUY,98.43,85
2023,ORD002023,LIMIT,BUY,99.79,21
2024,ORD002024,LIMIT,SELL,101.42,29
2025,ORD002025,LIMIT,SELL,101.18,86
2026,ORD001424,CANCEL,,,
2027,ORD002027,MARKET,SELL,,89
2028,ORD002028,LIMIT,BUY,99.92,77
2029,ORD001029,CANCEL,,,
2030,ORD002030,LIMIT,SELL,101.46,56
2031,ORD002031,LIMIT,BUY,98.73,15
2032,ORD001792,CANCEL,,,
2033,ORD002033,LIMIT,BUY,98.29,48
2034,ORD000980,CANCEL,,,
2035,ORD002035,LIMIT,BUY,99.48,25
2036,ORD002036,LIMIT,SELL,100.41,87
2037,ORD002037,LIMIT,BUY,99.5,29
2038,ORD000066,CANCEL,,,
2039,ORD002039,LIMIT,SELL,101.54,38
2040,ORD002040,LIMIT,SELL,99.87,37
2041,ORD001667,CANCEL,,,
2042,ORD002042,LIMIT,BUY,98.77,89
2043,ORD001982,CANCEL,,,
2044,ORD002044,LIMIT,SELL,100.04,38
2045,ORD002045,MARKET,SELL,,43
2046,ORD001753,CANCEL,,,
2047,ORD002047,LIMIT,BUY,98.13,100
2048,ORD001333,CANCEL,,,
2049,ORD002049,LIMIT,SELL,101.15,21
2050,ORD002050,LIMIT,SELL,101.19,45
2051,ORD002051,MARKET,SELL,,94
2052,ORD002052,LIMIT,BUY,99.37,13
2053,ORD001827,CANCEL,,,
2054,ORD002054,LIMIT,BUY,99.77,59
2055,ORD002055,LIMIT,BUY,99.21,19
2056,ORD002056,LIMIT,BUY,98.02,93
2057,ORD002057,LIMIT,BUY,100.47,19
2058,ORD002058,LIMIT,SELL,99.92,8
2059,ORD001302,CANCEL,,,
2060,ORD000249,CANCEL,,,
2061,ORD001400,CANCEL,,,
2062,ORD002062,LIMIT,SELL,101.07,52
2063,ORD002063,LIMIT,BUY,99.22,89
2064,ORD002064,LIMIT,BUY,98.94,89
2065,ORD002065,LIMIT,BUY,100.16,84
2066,ORD002066,LIMIT,SELL,99.8,11
2067,ORD001623,CANCEL,,,
2068,ORD002068,MARKET,BUY,,74
2069,ORD002069,LIMIT,SELL,101.36,76
2070,ORD001327,CANCEL,,,
2071,ORD002071,LIMIT,SELL,99.81,42
2072,ORD002019,CANCEL,,,
2073,ORD002073,LIMIT,BUY,99.75,51
2074,ORD002074,MARKET,SELL,,75
2075,ORD002075,LIMIT,BUY,98.52,85
2076,ORD002076,LIMIT,BUY,99.74,1
2077,ORD002077,LIMIT,SELL,99.82,27
2078,ORD002078,LIMIT,BUY,100.13,5
2079,ORD000479,CANCEL,,,
2080,ORD002080,LIMIT,SELL,99.93,85
2081,ORD000963,CANCEL,,,
2082,ORD001413,CANCEL,,,
2083,ORD002083,LIMIT,SELL,100.61,74
2084,ORD002084,LIMIT,SELL,101.97,46
2085,ORD002085,LIMIT,BUY,99.66,6
2086,ORD002086,LIMIT,BUY,100.14,28
2087,ORD002087,LIMIT,BUY,98.69,94
2088,ORD002088,LIMIT,BUY,98.65,84
2089,ORD002089,LIMIT,SELL,101.86,87
2090,ORD002090,LIMIT,BUY,98.18,94
2091,ORD002091,LIMIT,BUY,99.41,83
2092,ORD002092,LIMIT,BUY,98.38,56
2093,ORD002093,MARKET,BUY,,16
2094,ORD002094,MARKET,SELL,,82
2095,ORD001020,CANCEL,,,
2096,ORD002096,LIMIT,BUY,98.56,2
2097,ORD000772,CANCEL,,,
2098,ORD002098,LIMIT,BUY,98.31,68
2099,ORD002099,LIMIT,SELL,101.52,13
2100,ORD002100,LIMIT,SELL,101.02,7
2101,ORD001843,CANCEL,,,
2102,ORD002102,LIMIT,SELL,101.19,69
2103,ORD002103,LIMIT,SELL,99.82,2
2104,ORD002104,LIMIT,BUY,98.36,73
2105,ORD002105,LIMIT,BUY,99.6,48
2106,ORD002106,LIMIT,BUY,99.05,59
2107,ORD001064,CANCEL,,,
2108,ORD002108,LIMIT,SELL,100.57,92
2109,ORD002109,LIMIT,BUY,100.14,40
2110,ORD002110,LIMIT,SELL,101.09,10
2111,ORD002111,LIMIT,BUY,98.14,96
2112,ORD002112,LIMIT,SELL,99.53,55
2113,ORD002113,LIMIT,BUY,99.29,87
2114,ORD002114,LIMIT,BUY,99.54,96
2115,ORD001222,CANCEL,,,
2116,ORD002116,LIMIT,SELL,101.35,68
2117,ORD002117,LIMIT,BUY,100.41,87
2118,ORD002118,LIMIT,BUY,98.92,18
2119,ORD002119,LIMIT,BUY,98.95,48
2120,ORD002120,LIMIT,SELL,100.12,70
2121,ORD002121,LIMIT,BUY,99.21,34
2122,ORD002122,LIMIT,SELL,100.26,83
2123,ORD002123,LIMIT,BUY,100.23,63
2124,ORD000053,CANCEL,,,
2125,ORD002125,LIMIT,SELL,99.77,45
2126,ORD002126,LIMIT,BUY,98.02,56
2127,ORD002127,LIMIT,BUY,100.25,53
2128,ORD001353,CANCEL,,,
2129,ORD001882,CANCEL,,,
2130,ORD002130,LIMIT,BUY,98.94,47
2131,ORD002131,LIMIT,BUY,98.67,57
2132,ORD002132,LIMIT,SELL,100.38,56
2133,ORD002080,CANCEL,,,
2134,ORD002134,LIMIT,BUY,98.71,18
2135,ORD002135,LIMIT,SELL,99.9,26
2136,ORD002136,LIMIT,SELL,100.72,64
2137,ORD002137,LIMIT,BUY,99.91,52
2138,ORD002138,LIMIT,SELL,101.89,3
2139,ORD001050,CANCEL,,,
2140,ORD002140,MARKET,BUY,,44
2141,ORD002141,LIMIT,BUY,98.72,63
2142,ORD001234,CANCEL,,,
2143,ORD002143,LIMIT,BUY,98.47,36
2144,ORD002144,LIMIT,SELL,100.12,55
2145,ORD001764,CANCEL,,,
2146,ORD002146,LIMIT,BUY,99.26,24
2147,ORD002030,CANCEL,,,
2148,ORD002148,LIMIT,BUY,98.33,5
2149,ORD002149,LIMIT,BUY,99.07,79
2150,ORD002050,CANCEL,,,
2151,ORD001191,CANCEL,,,
2152,ORD002152,LIMIT,BUY,99.07,8
2153,ORD002153,LIMIT,BUY,98.67,36
2154,ORD002154,LIMIT,SELL,101.74,24
2155,ORD000255,CANCEL,,,
2156,ORD002156,LIMIT,SELL,100.68,78
2157,ORD000666,CANCEL,,,
2158,ORD002158,LIMIT,SELL,100.26,13
2159,ORD002159,LIMIT,BUY,99.85,47
2160,ORD002160,LIMIT,SELL,100.19,75
2161,ORD002161,LIMIT,BUY,99.86,16
2162,ORD002135,CANCEL,,,
2163,ORD002163,LIMIT,BUY,99.11,13
2164,ORD001477,CANCEL,,,
2165,ORD002165,LIMIT,SELL,101.97,26
2166,ORD002166,MARKET,BUY,,25
2167,ORD002167,LIMIT,SELL,101.4,72
2168,ORD002168,LIMIT,SELL,101.29,56
2169,ORD001220,CANCEL,,,
2170,ORD002170,LIMIT,BUY,98.69,17
2171,ORD002171,LIMIT,BUY,99.73,95
2172,ORD002172,LIMIT,SELL,101.68,10
2173,ORD001865,CANCEL,,,
2174,ORD002174,LIMIT,SELL,100.18,24
2175,ORD001529,CANCEL,,,
2176,ORD002176,LIMIT,BUY,99.98,59
2177,ORD002177,LIMIT,SELL,100.05,91
2178,ORD002178,LIMIT,BUY,98.11,31
2179,ORD002179,LIMIT,BUY,98.69,18
2180,ORD002180,LIMIT,BUY,98.62,27
2181,ORD002181,LIMIT,BUY,99.58,48
2182,ORD002182,LIMIT,SELL,100.52,79
2183,ORD002183,LIMIT,BUY,98.03,46
2184,ORD002184,LIMIT,SELL,101.93,69
2185,ORD002185,LIMIT,BUY,99.72,84
2186,ORD002186,LIMIT,BUY,98.55,35
2187,ORD002187,LIMIT,SELL,100.08,93
2188,ORD002188,LIMIT,BUY,98.23,24
2189,ORD002189,LIMIT,BUY,99.23,94
2190,ORD000926,CANCEL,,,
2191,ORD000597,CANCEL,,,
2192,ORD002192,LIMIT,SELL,99.97,19
2193,ORD000846,CANCEL,,,
2194,ORD002194,LIMIT,SELL,100.82,94
2195,ORD002195,LIMIT,BUY,98.94,3
2196,ORD000096,CANCEL,,,
2197,ORD002197,LIMIT,BUY,99.93,35
2198,ORD001647,CANCEL,,,
2199,ORD002199,LIMIT,BUY,98.27,95
2200,ORD002200,LIMIT,BUY,99.2,73
2201,ORD002201,LIMIT,BUY,99.2,32
2202,ORD001760,CANCEL,,,
2203,ORD002203,MARKET,BUY,,6
2204,ORD000970,CANCEL,,,
2205,ORD002114,CANCEL,,,
2206,ORD002206,MARKET,BUY,,29
2207,ORD001251,CANCEL,,,
2208,ORD002208,LIMIT,SELL,100.06,88
2209,ORD002209,LIMIT,BUY,100.48,29
2210,ORD000936,CANCEL,,,
2211,ORD002211,LIMIT,SELL,101.81,11
2212,ORD002212,LIMIT,BUY,99.33,77
2213,ORD001250,CANCEL,,,
2214,ORD001724,CANCEL,,,
2215,ORD002215,LIMIT,SELL,99.76,64
2216,ORD002216,LIMIT,SELL,101.28,10
2217,ORD002217,LIMIT,BUY,98.37,19
2218,ORD002218,LIMIT,SELL,99.78,55
2219,ORD002219,LIMIT,SELL,100.31,17
2220,ORD001167,CANCEL,,,
2221,ORD002221,LIMIT,SELL,101.23,53
2222,ORD002222,LIMIT,SELL,101.86,32
2223,ORD002223,LIMIT,SELL,100.73,69
2224,ORD002224,MARKET,SELL,,92
2225,ORD002225,LIMIT,BUY,98.59,1
2226,ORD002226,LIMIT,BUY,99.18,18
2227,ORD002227,LIMIT,BUY,98.9,100
2228,ORD002228,LIMIT,SELL,101.59,71
2229,ORD002229,LIMIT,SELL,101.57,8
2230,ORD002230,LIMIT,BUY,99.76,49
2231,ORD002231,LIMIT,SELL,101.25,85
2232,ORD002232,LIMIT,SELL,101.68,4
2233,ORD000550,CANCEL,,,
2234,ORD000353,CANCEL,,,
2235,ORD002024,CANCEL,,,
2236,ORD002236,LIMIT,BUY,99.17,18
2237,ORD002237,LIMIT,SELL,101.31,57
2238,ORD002238,LIMIT,BUY,98.39,83
2239,ORD001892,CANCEL,,,
2240,ORD000601,CANCEL,,,
2241,ORD002033,CANCEL,,,
2242,ORD002242,LIMIT,SELL,101.57,74
2243,ORD002243,LIMIT,BUY,98.39,12
2244,ORD002244,LIMIT,BUY,99.0,8
2245,ORD002245,LIMIT,BUY,100.44,78
2246,ORD002246,LIMIT,SELL,101.13,52
2247,ORD002247,MARKET,BUY,,48
2248,ORD002248,LIMIT,BUY,98.26,47
2249,ORD002249,MARKET,SELL,,37
2250,ORD000441,CANCEL,,,
2251,ORD001598,CANCEL,,,
2252,ORD002171,CANCEL,,,
2253,ORD002253,LIMIT,BUY,98.08,35
2254,ORD001549,CANCEL,,,
2255,ORD002255,MARKET,SELL,,41
2256,ORD001004,CANCEL,,,
2257,ORD001110,CANCEL,,,
2258,ORD002258,LIMIT,SELL,100.29,51
2259,ORD002259,LIMIT,BUY,98.24,53
2260,ORD002260,LIMIT,BUY,99.94,4
2261,ORD002261,LIMIT,SELL,101.67,5
2262,ORD002262,LIMIT,BUY,98.2,81
2263,ORD001841,CANCEL,,,
2264,ORD002264,LIMIT,BUY,99.64,99
2265,ORD002265,LIMIT,SELL,99.83,38
2266,ORD002266,MARKET,SELL,,92
2267,ORD002267,LIMIT,SELL,101.99,78
2268,ORD000584,CANCEL,,,
2269,ORD002269,MARKET,SELL,,2
2270,ORD002118,CANCEL,,,
2271,ORD002271,LIMIT,BUY,99.14,22
2272,ORD002272,MARKET,BUY,,74
2273,ORD002273,MARKET,BUY,,91
2274,ORD002274,LIMIT,SELL,101.95,98
2275,ORD002275,LIMIT,BUY,100.43,63
2276,ORD002100,CANCEL,,,
2277,ORD002277,LIMIT,SELL,101.79,17
2278,ORD002278,LIMIT,SELL,101.21,65
2279,ORD002279,LIMIT,BUY,99.61,95
2280,ORD002280,LIMIT,BUY,98.26,49
2281,ORD001209,CANCEL,,,
2282,ORD002282,LIMIT,BUY,99.16,12
2283,ORD002283,LIMIT,SELL,101.75,60
2284,ORD000674,CANCEL,,,
2285,ORD002285,LIMIT,SELL,100.0,43
2286,ORD001079,CANCEL,,,
2287,ORD002287,LIMIT,SELL,101.35,15
2288,ORD002288,LIMIT,BUY,100.37,19
2289,ORD002289,LIMIT,SELL,101.97,100
2290,ORD002290,LIMIT,SELL,101.95,28
2291,ORD002120,CANCEL,,,
2292,ORD001928,CANCEL,,,
2293,ORD002293,LIMIT,SELL,99.94,19
2294,ORD001227,CANCEL,,,
2295,ORD002132,CANCEL,,,
2296,ORD002296,LIMIT,SELL,101.17,34
2297,ORD000272,CANCEL,,,
2298,ORD002181,CANCEL,,,
2299,ORD002299,LIMIT,SELL,100.37,54
2300,ORD002300,LIMIT,BUY,99.09,89
2301,ORD002301,LIMIT,BUY,100.23,26
2302,ORD001751,CANCEL,,,
2303,ORD002303,LIMIT,BUY,100.47,94
2304,ORD002304,MARKET,SELL,,59
2305,ORD002305,LIMIT,SELL,99.78,87
2306,ORD002306,LIMIT,BUY,100.36,17
2307,ORD002307,MARKET,BUY,,96
2308,ORD002308,LIMIT,SELL,101.44,77
2309,ORD002309,LIMIT,SELL,99.98,87
2310,ORD002310,LIMIT,BUY,98.91,39
2311,ORD002311,LIMIT,BUY,99.62,59
2312,ORD002312,LIMIT,SELL,100.86,67
2313,ORD002313,LIMIT,SELL,99.94,55
2314,ORD002314,LIMIT,BUY,98.95,85
2315,ORD002315,LIMIT,SELL,101.26,13
2316,ORD002316,MARKET,BUY,,3
2317,ORD002317,LIMIT,SELL,101.37,80
2318,ORD002318,LIMIT,BUY,99.26,5
2319,ORD002319,LIMIT,SELL,101.44,71
2320,ORD002320,LIMIT,BUY,100.38,45
2321,ORD002321,LIMIT,SELL,101.55,91
2322,ORD002322,MARKET,SELL,,48
2323,ORD002323,LIMIT,SELL,101.15,40
2324,ORD002324,LIMIT,SELL,99.51,54
2325,ORD000157,CANCEL,,,
2326,ORD001168,CANCEL,,,
2327,ORD002327,LIMIT,SELL,101.9,56
2328,ORD002328,LIMIT,SELL,101.11,7
2329,ORD002329,LIMIT,SELL,101.09,94
2330,ORD002187,CANCEL,,,
2331,ORD002331,LIMIT,BUY,98.25,17
2332,ORD002332,LIMIT,SELL,101.07,34
2333,ORD002333,LIMIT,BUY,98.51,12
2334,ORD000079,CANCEL,,,
2335,ORD002335,MARKET,BUY,,91
2336,ORD002336,LIMIT,BUY,98.06,94
2337,ORD001344,CANCEL,,,
2338,ORD002338,LIMIT,SELL,101.13,29
2339,ORD002339,LIMIT,BUY,100.02,49
2340,ORD002340,LIMIT,BUY,100.34,81
2341,ORD001586,CANCEL,,,
2342,ORD002342,LIMIT,BUY,99.49,14
2343,ORD000914,CANCEL,,,
2344,ORD002344,MARKET,BUY,,47
2345,ORD002345,LIMIT,BUY,99.23,3
2346,ORD002346,LIMIT,SELL,99.69,88
2347,ORD002347,LIMIT,SELL,100.63,21
2348,ORD000075,CANCEL,,,
2349,ORD002349,LIMIT,BUY,98.86,45
2350,ORD002350,LIMIT,BUY,99.85,16
2351,ORD000183,CANCEL,,,
2352,ORD002352,LIMIT,BUY,98.91,28
2353,ORD000560,CANCEL,,,
2354,ORD002354,LIMIT,BUY,99.2,12
2355,ORD002355,LIMIT,SELL,101.52,56
2356,ORD002356,LIMIT,SELL,100.13,26
2357,ORD002357,LIMIT,SELL,99.76,99
2358,ORD002358,LIMIT,BUY,100.38,63
2359,ORD002359,LIMIT,SELL,101.37,41
2360,ORD002360,LIMIT,SELL,100.92,48
2361,ORD002361,LIMIT,BUY,100.22,66
2362,ORD002362,LIMIT,SELL,101.57,83
2363,ORD002363,LIMIT,SELL,99.79,42
2364,ORD002364,LIMIT,BUY,98.18,85
2365,ORD002365,LIMIT,BUY,98.31,41
2366,ORD002366,LIMIT,SELL,100.92,42
2367,ORD002367,LIMIT,BUY,99.5,68
2368,ORD002368,LIMIT,SELL,101.87,86
2369,ORD002183,CANCEL,,,
2370,ORD002370,LIMIT,SELL,100.3,26
2371,ORD001442,CANCEL,,,
2372,ORD002372,LIMIT,SELL,99.81,22
2373,ORD002373,LIMIT,SELL,99.55,3
2374,ORD002374,LIMIT,BUY,98.71,52
2375,ORD001518,CANCEL,,,
2376,ORD002376,LIMIT,BUY,98.04,61
2377,ORD002021,CANCEL,,,
2378,ORD002378,LIMIT,SELL,101.38,52
2379,ORD001976,CANCEL,,,
2380,ORD002380,LIMIT,BUY,99.74,59
2381,ORD002381,LIMIT,BUY,100.34,14
2382,ORD000259,CANCEL,,,
2383,ORD002383,LIMIT,BUY,98.81,89
2384,ORD002384,LIMIT,BUY,98.48,48
2385,ORD002385,LIMIT,BUY,100.17,34
2386,ORD002386,LIMIT,BUY,100.37,10
2387,ORD002387,LIMIT,SELL,99.93,18
2388,ORD002388,LIMIT,BUY,100.15,97
2389,ORD002389,LIMIT,SELL,101.17,67
2390,ORD002390,LIMIT,SELL,101.94,42
2391,ORD002391,LIMIT,SELL,100.16,38
2392,ORD002392,LIMIT,SELL,101.68,85
2393,ORD002393,LIMIT,BUY,98.19,64
2394,ORD000172,CANCEL,,,
2395,ORD002395,LIMIT,SELL,99.97,14
2396,ORD002396,LIMIT,SELL,100.28,59
2397,ORD002397,LIMIT,BUY,98.55,47
2398,ORD002398,LIMIT,SELL,100.78,100
2399,ORD002399,LIMIT,BUY,98.41,40
2400,ORD002400,LIMIT,BUY,100.19,96
2401,ORD000207,CANCEL,,,
2402,ORD002402,LIMIT,BUY,99.19,68
2403,ORD002403,LIMIT,SELL,100.88,46
2404,ORD002404,LIMIT,BUY,99.08,43
2405,ORD001542,CANCEL,,,
2406,ORD002406,LIMIT,BUY,99.83,55
2407,ORD001190,CANCEL,,,
2408,ORD002408,LIMIT,SELL,100.73,56
2409,ORD000443,CANCEL,,,
2410,ORD002410,LIMIT,BUY,98.13,5
2411,ORD002411,MARKET,BUY,,13
2412,ORD002412,LIMIT,SELL,99.75,94
2413,ORD002413,LIMIT,SELL,99.93,27
2414,ORD002414,LIMIT,SELL,100.22,1
2415,ORD002402,CANCEL,,,
2416,ORD002416,LIMIT,SELL,101.63,89
2417,ORD002417,LIMIT,SELL,99.92,43
2418,ORD002418,LIMIT,BUY,99.67,55
2419,ORD002419,LIMIT,BUY,100.2,22
2420,ORD002420,LIMIT,BUY,100.42,75
2421,ORD001455,CANCEL,,,
2422,ORD002422,LIMIT,BUY,99.42,38
2423,ORD002423,LIMIT,BUY,99.94,13
2424,ORD002424,LIMIT,SELL,101.34,70
2425,ORD002425,LIMIT,SELL,100.65,46
2426,ORD002426,LIMIT,SELL,101.44,77
2427,ORD002427,LIMIT,SELL,101.32,3
2428,ORD002083,CANCEL,,,
2429,ORD002429,LIMIT,BUY,98.08,74
2430,ORD002430,LIMIT,SELL,101.36,25
2431,ORD002431,LIMIT,SELL,101.91,81
2432,ORD002432,LIMIT,SELL,101.69,23
2433,ORD002433,LIMIT,SELL,100.48,54
2434,ORD002434,LIMIT,SELL,99.6,67
2435,ORD002435,LIMIT,BUY,99.14,45
2436,ORD002436,LIMIT,BUY,99.71,60
2437,ORD002437,LIMIT,SELL,101.16,39
2438,ORD002438,LIMIT,BUY,98.04,6
2439,ORD002439,MARKET,BUY,,40
2440,ORD001867,CANCEL,,,
2441,ORD002441,MARKET,BUY,,18
2442,ORD002442,LIMIT,SELL,100.75,99
2443,ORD002443,LIMIT,BUY,98.36,94
2444,ORD000645,CANCEL,,,
2445,ORD002445,LIMIT,BUY,98.89,87
2446,ORD002446,LIMIT,SELL,101.76,34
2447,ORD002447,LIMIT,SELL,100.59,42
2448,ORD002448,LIMIT,BUY,98.5,18
2449,ORD002449,LIMIT,BUY,98.21,73
2450,ORD002450,LIMIT,SELL,100.44,56
2451,ORD002194,CANCEL,,,
2452,ORD002452,LIMIT,SELL,100.57,54
2453,ORD002453,MARKET,SELL,,72
2454,ORD002122,CANCEL,,,
2455,ORD000978,CANCEL,,,
2456,ORD002456,LIMIT,SELL,100.95,48
2457,ORD001637,CANCEL,,,
2458,ORD002012,CANCEL,,,
2459,ORD000099,CANCEL,,,
2460,ORD002460,LIMIT,SELL,99.71,35
2461,ORD002461,LIMIT,BUY,98.24,38
2462,ORD002462,LIMIT,SELL,99.8,75
2463,ORD002463,LIMIT,BUY,99.29,72
2464,ORD002464,LIMIT,SELL,101.74,82
2465,ORD002465,LIMIT,SELL,101.3,1
2466,ORD002466,LIMIT,BUY,98.0,78
2467,ORD002467,LIMIT,BUY,98.26,4
2468,ORD002468,LIMIT,SELL,101.82,39
2469,ORD002469,LIMIT,BUY,100.1,70
2470,ORD002470,LIMIT,SELL,101.04,56
2471,ORD000250,CANCEL,,,
2472,ORD001436,CANCEL,,,
2473,ORD001262,CANCEL,,,
2474,ORD002474,LIMIT,SELL,99.75,76
2475,ORD002475,LIMIT,SELL,101.24,14
2476,ORD002476,LIMIT,SELL,100.21,16
2477,ORD002477,LIMIT,BUY,98.09,84
2478,ORD002478,MARKET,SELL,,46
2479,ORD002479,LIMIT,SELL,100.65,2
2480,ORD002480,LIMIT,SELL,101.65,27
2481,ORD002481,LIMIT,SELL,99.94,20
2482,ORD002482,LIMIT,SELL,101.65,18
2483,ORD002483,LIMIT,SELL,99.67,83
2484,ORD002484,LIMIT,SELL,99.95,91
2485,ORD002485,LIMIT,SELL,100.31,75
2486,ORD002486,MARKET,SELL,,4
2487,ORD002487,LIMIT,BUY,99.66,64
2488,ORD002488,LIMIT,SELL,100.08,99
2489,ORD002489,LIMIT,BUY,100.2,94
2490,ORD002490,LIMIT,SELL,99.65,33
2491,ORD000598,CANCEL,,,
2492,ORD002492,LIMIT,SELL,101.6,23
2493,ORD002493,LIMIT,SELL,101.97,74
2494,ORD002494,LIMIT,BUY,99.09,37
2495,ORD002495,LIMIT,BUY,99.32,25
2496,ORD000294,CANCEL,,,
2497,ORD002497,LIMIT,BUY,100.03,1
2498,ORD002498,LIMIT,SELL,101.66,44
2499,ORD002404,CANCEL,,,
2500,ORD001291,CANCEL,,,
2501,ORD002501,LIMIT,SELL,100.39,72
2502,ORD002502,LIMIT,BUY,99.56,10
2503,ORD002503,LIMIT,BUY,98.75,16
2504,ORD002504,LIMIT,BUY,98.83,29
2505,ORD002505,LIMIT,SELL,100.13,91
2506,ORD002506,LIMIT,BUY,98.19,74
2507,ORD002507,LIMIT,SELL,99.64,90
2508,ORD002508,LIMIT,SELL,101.96,84
2509,ORD001828,CANCEL,,,
2510,ORD002510,LIMIT,BUY,99.91,18
2511,ORD002511,LIMIT,SELL,101.16,8
2512,ORD002512,LIMIT,BUY,99.41,79
2513,ORD002513,LIMIT,BUY,98.18,54
2514,ORD002514,LIMIT,BUY,99.2,17
2515,ORD002515,LIMIT,BUY,99.24,29
2516,ORD002516,LIMIT,SELL,101.45,30
2517,ORD000491,CANCEL,,,
2518,ORD001243,CANCEL,,,
2519,ORD002519,LIMIT,SELL,101.34,71
2520,ORD002520,LIMIT,SELL,101.24,56
2521,ORD002521,LIMIT,BUY,98.29,79
2522,ORD002522,LIMIT,SELL,100.36,8
2523,ORD002523,LIMIT,BUY,98.57,96
2524,ORD002524,LIMIT,BUY,98.04,93
2525,ORD002525,MARKET,BUY,,17
2526,ORD002526,MARKET,SELL,,45
2527,ORD002527,LIMIT,BUY,98.32,51
2528,ORD002528,LIMIT,BUY,98.19,70
2529,ORD002529,LIMIT,SELL,101.65,57
2530,ORD002530,LIMIT,SELL,100.23,84
2531,ORD002531,LIMIT,SELL,100.85,14
2532,ORD002108,CANCEL,,,
2533,ORD002533,LIMIT,SELL,100.01,18
2534,ORD002534,LIMIT,BUY,99.38,16
2535,ORD002535,MARKET,BUY,,31
2536,ORD002536,LIMIT,SELL,99.55,5
2537,ORD002537,LIMIT,SELL,101.91,8
2538,ORD002538,LIMIT,SELL,101.66,50
2539,ORD002539,LIMIT,BUY,98.46,56
2540,ORD002540,MARKET,SELL,,98
2541,ORD002541,LIMIT,BUY,99.89,44
2542,ORD002542,LIMIT,SELL,100.98,97
2543,ORD002188,CANCEL,,,
2544,ORD002544,LIMIT,BUY,99.38,93
2545,ORD002545,LIMIT,SELL,101.84,60
2546,ORD002546,LIMIT,SELL,100.45,96
2547,ORD002547,LIMIT,BUY,98.04,88
2548,ORD002548,LIMIT,BUY,99.93,38
2549,ORD002549,MARKET,SELL,,36
2550,ORD002550,LIMIT,SELL,101.53,78
2551,ORD001710,CANCEL,,,
2552,ORD002552,LIMIT,SELL,101.62,57
2553,ORD002553,MARKET,SELL,,5
2554,ORD002554,LIMIT,SELL,100.89,53
2555,ORD000656,CANCEL,,,
2556,ORD002556,LIMIT,SELL,100.6,34
2557,ORD002557,LIMIT,SELL,100.74,30
2558,ORD002558,LIMIT,BUY,99.64,30
2559,ORD000391,CANCEL,,,
2560,ORD002452,CANCEL,,,
2561,ORD002561,MARKET,SELL,,92
2562,ORD002562,LIMIT,SELL,99.54,46
2563,ORD002563,LIMIT,BUY,98.87,10
2564,ORD002564,LIMIT,BUY,98.59,42
2565,ORD002565,MARKET,SELL,,55
2566,ORD002566,MARKET,BUY,,78
2567,ORD002567,LIMIT,SELL,101.74,48
2568,ORD002568,LIMIT,SELL,99.9,6
2569,ORD002569,LIMIT,BUY,98.06,78
2570,ORD002570,LIMIT,SELL,101.45,66
2571,ORD002571,LIMIT,SELL,100.45,75
2572,ORD001026,CANCEL,,,
2573,ORD002573,LIMIT,BUY,100.4,29
2574,ORD002574,LIMIT,SELL,99.8,68
2575,ORD002575,LIMIT,SELL,100.8,41
2576,ORD002576,LIMIT,SELL,100.32,99
2577,ORD002577,LIMIT,BUY,99.87,15
2578,ORD002578,LIMIT,SELL,101.7,47
2579,ORD002450,CANCEL,,,
2580,ORD001935,CANCEL,,,
2581,ORD002581,LIMIT,BUY,99.05,73
2582,ORD002582,LIMIT,BUY,98.61,53
2583,ORD002583,LIMIT,BUY,99.99,44
2584,ORD002584,LIMIT,BUY,99.26,19
2585,ORD002585,LIMIT,BUY,100.19,2
2586,ORD002148,CANCEL,,,
2587,ORD002587,LIMIT,SELL,99.82,5
2588,ORD002588,LIMIT,BUY,100.47,17
2589,ORD002589,LIMIT,SELL,100.39,52
2590,ORD002590,LIMIT,BUY,98.3,44
2591,ORD002591,LIMIT,BUY,98.11,95
2592,ORD002592,LIMIT,SELL,101.08,95
2593,ORD002593,LIMIT,SELL,101.25,94
2594,ORD002474,CANCEL,,,
2595,ORD000117,CANCEL,,,
2596,ORD002596,LIMIT,SELL,100.63,42
2597,ORD002597,LIMIT,SELL,99.74,39
2598,ORD002598,LIMIT,BUY,100.24,75
2599,ORD002599,LIMIT,SELL,100.46,97
2600,ORD001005,CANCEL,,,
2601,ORD001322,CANCEL,,,
2602,ORD002602,LIMIT,SELL,101.04,13
2603,ORD002603,LIMIT,BUY,98.68,57
2604,ORD002604,LIMIT,BUY,100.29,78
2605,ORD002605,LIMIT,BUY,98.35,27
2606,ORD002606,MARKET,BUY,,6
2607,ORD002607,MARKET,BUY,,4
2608,ORD002608,LIMIT,SELL,100.93,94
2609,ORD002609,LIMIT,BUY,98.74,15
2610,ORD002610,LIMIT,BUY,99.08,34
2611,ORD000982,CANCEL,,,
2612,ORD002612,LIMIT,BUY,100.01,96
2613,ORD002613,LIMIT,BUY,99.27,36
2614,ORD002614,LIMIT,BUY,98.79,5
2615,ORD002615,LIMIT,SELL,100.9,81
2616,ORD000125,CANCEL,,,
2617,ORD002617,LIMIT,SELL,100.05,26
2618,ORD002618,LIMIT,BUY,98.47,64
2619,ORD002619,LIMIT,BUY,98.22,67
2620,ORD002620,MARKET,BUY,,9
2621,ORD002621,LIMIT,BUY,98.1,89
2622,ORD002622,LIMIT,SELL,100.09,45
2623,ORD002623,LIMIT,BUY,100.1,38
2624,ORD002624,LIMIT,SELL,100.48,46
2625,ORD002625,MARKET,SELL,,15
2626,ORD002626,LIMIT,SELL,100.62,32
2627,ORD002627,LIMIT,BUY,100.39,85
2628,ORD002084,CANCEL,,,
2629,ORD002629,LIMIT,SELL,101.66,77
2630,ORD002630,MARKET,BUY,,35
2631,ORD002631,MARKET,SELL,,99
2632,ORD002632,LIMIT,SELL,101.52,55
2633,ORD002633,LIMIT,BUY,99.82,44
2634,ORD002634,LIMIT,BUY,99.02,74
2635,ORD002635,LIMIT,BUY,98.28,79
2636,ORD002636,LIMIT,BUY,98.05,93
2637,ORD002000,CANCEL,,,
2638,ORD001832,CANCEL,,,
2639,ORD002639,LIMIT,BUY,99.3,47
2640,ORD002640,LIMIT,BUY,98.99,92
2641,ORD002641,LIMIT,BUY,98.83,28
2642,ORD002642,LIMIT,BUY,98.09,3
2643,ORD002643,LIMIT,BUY,99.98,6
2644,ORD001701,CANCEL,,,
2645,ORD001483,CANCEL,,,
2646,ORD000920,CANCEL,,,
2647,ORD002647,LIMIT,SELL,99.83,95
2648,ORD002648,MARKET,BUY,,65
2649,ORD002649,MARKET,SELL,,96
2650,ORD002650,MARKET,BUY,,76
2651,ORD002651,LIMIT,BUY,100.15,42
2652,ORD002652,LIMIT,BUY,99.15,13
2653,ORD002653,LIMIT,SELL,100.57,29
2654,ORD002654,LIMIT,SELL,101.77,69
2655,ORD002655,MARKET,SELL,,64
2656,ORD002656,LIMIT,SELL,101.29,58
2657,ORD002657,LIMIT,BUY,98.58,48
2658,ORD002658,LIMIT,BUY,98.83,81
2659,ORD002659,LIMIT,BUY,98.52,63
2660,ORD002660,LIMIT,BUY,99.54,61
2661,ORD002661,MARKET,BUY,,64
2662,ORD002662,LIMIT,SELL,101.59,5
2663,ORD002663,LIMIT,SELL,100.17,27
2664,ORD002664,LIMIT,SELL,100.28,84
2665,ORD002665,LIMIT,SELL,100.79,95
2666,ORD002666,LIMIT,BUY,99.06,10
2667,ORD002667,LIMIT,BUY,99.87,22
2668,ORD000864,CANCEL,,,
2669,ORD002185,CANCEL,,,
2670,ORD002670,LIMIT,SELL,101.69,54
2671,ORD002671,LIMIT,SELL,101.99,93
2672,ORD002672,LIMIT,SELL,101.04,48
2673,ORD002673,LIMIT,BUY,99.31,27
2674,ORD002674,LIMIT,SELL,100.13,60
2675,ORD002675,LIMIT,SELL,101.3,18
2676,ORD002372,CANCEL,,,
2677,ORD002160,CANCEL,,,
2678,ORD002364,CANCEL,,,
2679,ORD000097,CANCEL,,,
2680,ORD002680,LIMIT,BUY,98.23,59
2681,ORD002681,LIMIT,BUY,99.49,9
2682,ORD002682,LIMIT,BUY,98.04,25
2683,ORD002683,LIMIT,SELL,100.26,80
2684,ORD002684,LIMIT,SELL,101.1,26
2685,ORD001057,CANCEL,,,
2686,ORD001368,CANCEL,,,
2687,ORD002687,LIMIT,SELL,99.82,67
2688,ORD002688,LIMIT,SELL,101.43,76
2689,ORD002689,LIMIT,SELL,99.51,30
2690,ORD002690,LIMIT,BUY,99.54,19
2691,ORD000007,CANCEL,,,
2692,ORD002692,LIMIT,BUY,100.02,55
2693,ORD002693,LIMIT,SELL,101.4,31
2694,ORD002694,LIMIT,SELL,101.27,46
2695,ORD002695,LIMIT,SELL,101.71,28
2696,ORD002696,LIMIT,SELL,101.6,72
2697,ORD002697,LIMIT,SELL,100.89,56
2698,ORD002698,MARKET,BUY,,47
2699,ORD002699,LIMIT,SELL,100.03,72
2700,ORD002700,LIMIT,BUY,98.45,96
2701,ORD002701,LIMIT,BUY,99.32,1
2702,ORD002702,MARKET,SELL,,48
2703,ORD002703,LIMIT,BUY,98.08,36
2704,ORD002704,MARKET,SELL,,90
2705,ORD002705,LIMIT,SELL,101.93,4
2706,ORD002706,LIMIT,SELL,101.08,63
2707,ORD002618,CANCEL,,,
2708,ORD002708,LIMIT,BUY,99.53,92
2709,ORD001183,CANCEL,,,
2710,ORD002710,MARKET,BUY,,16
2711,ORD000558,CANCEL,,,
2712,ORD002712,LIMIT,SELL,99.99,79
2713,ORD002713,LIMIT,SELL,101.62,41
2714,ORD002714,LIMIT,BUY,99.47,47
2715,ORD002715,LIMIT,SELL,101.17,8
2716,ORD002482,CANCEL,,,
2717,ORD001576,CANCEL,,,
2718,ORD002283,CANCEL,,,
2719,ORD001288,CANCEL,,,
2720,ORD002720,LIMIT,SELL,101.37,1
2721,ORD002721,LIMIT,SELL,100.67,90
2722,ORD002357,CANCEL,,,
2723,ORD000736,CANCEL,,,
2724,ORD000714,CANCEL,,,
2725,ORD000271,CANCEL,,,
2726,ORD002726,LIMIT,BUY,98.94,11
2727,ORD002727,LIMIT,BUY,99.7,25
2728,ORD002728,LIMIT,BUY,98.95,37
2729,ORD001015,CANCEL,,,
2730,ORD002730,LIMIT,SELL,99.97,26
2731,ORD001711,CANCEL,,,
2732,ORD002732,LIMIT,SELL,100.72,75
2733,ORD002733,LIMIT,SELL,101.22,22
2734,ORD002064,CANCEL,,,
2735,ORD002713,CANCEL,,,
2736,ORD002736,LIMIT,SELL,101.53,37
2737,ORD002737,MARKET,SELL,,99
2738,ORD002738,LIMIT,BUY,98.08,15
2739,ORD002739,LIMIT,BUY,99.17,42
2740,ORD002740,LIMIT,SELL,101.75,42
2741,ORD002741,LIMIT,SELL,99.52,54
2742,ORD002742,LIMIT,SELL,99.75,46
2743,ORD002743,LIMIT,SELL,101.38,57
2744,ORD002744,LIMIT,SELL,101.24,94
2745,ORD002745,LIMIT,BUY,98.93,44
2746,ORD002746,LIMIT,SELL,101.93,30
2747,ORD002747,LIMIT,BUY,99.94,74
2748,ORD002748,LIMIT,BUY,98.42,39
2749,ORD002749,LIMIT,BUY,99.42,18
2750,ORD001870,CANCEL,,,
2751,ORD002751,LIMIT,BUY,98.77,99
2752,ORD001919,CANCEL,,,
2753,ORD002753,LIMIT,BUY,99.65,26
2754,ORD002754,LIMIT,SELL,99.96,27
2755,ORD002755,LIMIT,BUY,99.39,100
2756,ORD002756,LIMIT,SELL,99.75,71
2757,ORD002757,LIMIT,BUY,99.67,60
2758,ORD002758,LIMIT,BUY,98.8,18
2759,ORD002759,LIMIT,SELL,101.55,94
2760,ORD002760,LIMIT,SELL,100.37,86
2761,ORD002761,LIMIT,BUY,99.52,99
2762,ORD002762,LIMIT,SELL,101.56,79
2763,ORD002763,LIMIT,SELL,101.11,18
2764,ORD002764,LIMIT,BUY,99.09,44
2765,ORD002765,LIMIT,BUY,98.71,50
2766,ORD002766,MARKET,SELL,,54
2767,ORD002123,CANCEL,,,
2768,ORD002768,LIMIT,BUY,98.21,88
2769,ORD002769,LIMIT,SELL,99.53,41
2770,ORD002519,CANCEL,,,
2771,ORD002771,MARKET,SELL,,84
2772,ORD002772,LIMIT,SELL,99.64,55
2773,ORD002773,LIMIT,BUY,100.01,58
2774,ORD002774,LIMIT,SELL,101.61,47
2775,ORD001200,CANCEL,,,
2776,ORD002776,LIMIT,SELL,99.7,1
2777,ORD002777,LIMIT,SELL,101.53,94
2778,ORD002778,MARKET,SELL,,37
2779,ORD002465,CANCEL,,,
2780,ORD002780,LIMIT,BUY,99.72,33
2781,ORD002781,LIMIT,SELL,99.56,35
2782,ORD001958,CANCEL,,,
2783,ORD002783,LIMIT,SELL,101.09,77
2784,ORD000397,CANCEL,,,
2785,ORD002785,LIMIT,SELL,99.71,13
2786,ORD001038,CANCEL,,,
2787,ORD002787,LIMIT,SELL,100.36,59
2788,ORD002788,LIMIT,BUY,100.26,94
2789,ORD002789,MARKET,SELL,,42
2790,ORD002790,LIMIT,BUY,99.81,13
2791,ORD002791,LIMIT,BUY,99.59,39
2792,ORD002792,LIMIT,BUY,99.87,93
2793,ORD002793,LIMIT,BUY,99.08,15
2794,ORD002794,LIMIT,SELL,101.04,70
2795,ORD002795,LIMIT,BUY,98.12,74
2796,ORD002796,LIMIT,SELL,101.22,24
2797,ORD002797,LIMIT,BUY,100.27,87
2798,ORD002798,LIMIT,BUY,98.05,54
2799,ORD002799,LIMIT,SELL,101.0,82
2800,ORD002800,LIMIT,BUY,99.77,29
2801,ORD001684,CANCEL,,,
2802,ORD002802,LIMIT,SELL,101.09,43
2803,ORD002803,LIMIT,SELL,99.53,44
2804,ORD002804,LIMIT,SELL,101.64,64
2805,ORD002805,LIMIT,BUY,98.64,5
2806,ORD002806,LIMIT,BUY,99.4,45
2807,ORD002603,CANCEL,,,
2808,ORD002808,LIMIT,SELL,100.63,60
2809,ORD002783,CANCEL,,,
2810,ORD001948,CANCEL,,,
2811,ORD002811,LIMIT,SELL,99.56,37
2812,ORD002812,LIMIT,SELL,100.44,69
2813,ORD000938,CANCEL,,,
2814,ORD001410,CANCEL,,,
2815,ORD002815,LIMIT,BUY,98.45,21
2816,ORD002816,LIMIT,SELL,100.38,28
2817,ORD002817,LIMIT,SELL,100.41,14
2818,ORD002818,LIMIT,SELL,100.83,29
2819,ORD002819,LIMIT,SELL,100.22,58
2820,ORD001202,CANCEL,,,
2821,ORD002821,LIMIT,BUY,98.84,60
2822,ORD002822,LIMIT,BUY,99.63,54
2823,ORD002823,LIMIT,BUY,98.35,80
2824,ORD002824,LIMIT,BUY,99.83,3
2825,ORD002825,LIMIT,BUY,99.56,88
2826,ORD002022,CANCEL,,,
2827,ORD002106,CANCEL,,,
2828,ORD002828,LIMIT,BUY,98.4,48
2829,ORD002829,LIMIT,BUY,100.34,26
2830,ORD002830,MARKET,SELL,,4
2831,ORD002831,LIMIT,SELL,101.21,57
2832,ORD002832,LIMIT,BUY,99.25,15
2833,ORD002833,LIMIT,SELL,101.77,32
2834,ORD002834,MARKET,BUY,,5
2835,ORD002835,LIMIT,SELL,101.99,50
2836,ORD002223,CANCEL,,,
2837,ORD002837,LIMIT,BUY,99.52,69
2838,ORD002838,LIMIT,SELL,101.32,38
2839,ORD002839,LIMIT,BUY,99.79,66
2840,ORD002840,LIMIT,SELL,99.81,19
2841,ORD002841,LIMIT,BUY,98.92,85
2842,ORD002842,LIMIT,BUY,98.53,13
2843,ORD002843,LIMIT,BUY,99.77,97
2844,ORD002844,LIMIT,SELL,101.22,43
2845,ORD002845,LIMIT,SELL,100.99,98
2846,ORD002589,CANCEL,,,
2847,ORD002847,LIMIT,BUY,99.41,92
2848,ORD002848,LIMIT,BUY,98.76,92
2849,ORD002849,LIMIT,SELL,101.51,17
2850,ORD001714,CANCEL,,,
2851,ORD002851,LIMIT,SELL,99.57,28
2852,ORD002852,LIMIT,BUY,98.65,93
2853,ORD002853,LIMIT,SELL,101.75,45
2854,ORD002854,LIMIT,SELL,100.44,63
2855,ORD002855,LIMIT,SELL,101.74,2
2856,ORD002856,LIMIT,BUY,98.77,29
2857,ORD000918,CANCEL,,,
2858,ORD002858,LIMIT,SELL,100.92,82
2859,ORD002859,LIMIT,BUY,98.91,5
2860,ORD002860,LIMIT,BUY,99.27,35
2861,ORD002861,LIMIT,BUY,98.14,73
2862,ORD002862,LIMIT,BUY,99.85,89
2863,ORD002863,LIMIT,BUY,99.79,23
2864,ORD001600,CANCEL,,,
2865,ORD002865,LIMIT,BUY,99.83,9
2866,ORD002866,LIMIT,BUY,98.15,30
2867,ORD002867,LIMIT,SELL,100.84,7
2868,ORD002868,LIMIT,BUY,98.29,11
2869,ORD002869,LIMIT,BUY,98.54,63
2870,ORD002870,LIMIT,BUY,100.15,15
2871,ORD002871,LIMIT,SELL,99.99,82
2872,ORD002872,LIMIT,SELL,100.13,53
2873,ORD002873,LIMIT,SELL,100.32,62
2874,ORD002874,LIMIT,SELL,100.83,44
2875,ORD002875,LIMIT,SELL,99.78,97
2876,ORD002876,MARKET,SELL,,66
2877,ORD002877,LIMIT,BUY,99.9,87
2878,ORD002878,LIMIT,SELL,101.22,24
2879,ORD000860,CANCEL,,,
2880,ORD002880,LIMIT,BUY,98.76,99
2881,ORD002881,LIMIT,BUY,100.32,27
2882,ORD002882,LIMIT,BUY,98.48,51
2883,ORD002883,LIMIT,BUY,98.39,67
2884,ORD002884,LIMIT,SELL,100.17,34
2885,ORD002885,LIMIT,SELL,100.27,94
2886,ORD002886,LIMIT,SELL,100.56,51
2887,ORD002887,LIMIT,BUY,99.01,53
2888,ORD002888,LIMIT,BUY,99.92,3
2889,ORD002889,LIMIT,BUY,99.79,38
2890,ORD002890,LIMIT,BUY,99.98,42
2891,ORD002891,LIMIT,BUY,99.54,57
2892,ORD002892,MARKET,BUY,,21
2893,ORD002893,LIMIT,SELL,100.98,6
2894,ORD002894,LIMIT,SELL,101.77,63
2895,ORD002895,MARKET,SELL,,8
2896,ORD002896,LIMIT,SELL,100.6,37
2897,ORD000999,CANCEL,,,
2898,ORD002898,LIMIT,BUY,99.94,53
2899,ORD002899,LIMIT,BUY,99.44,72
2900,ORD001525,CANCEL,,,
2901,ORD002901,LIMIT,SELL,101.54,89
2902,ORD000602,CANCEL,,,
2903,ORD002903,LIMIT,SELL,100.4,99
2904,ORD002904,LIMIT,BUY,99.17,59
2905,ORD002905,LIMIT,BUY,99.76,33
2906,ORD002906,LIMIT,BUY,99.61,55
2907,ORD002907,LIMIT,SELL,101.58,8
2908,ORD002908,MARKET,SELL,,56
2909,ORD002909,LIMIT,SELL,100.73,74
2910,ORD002910,LIMIT,BUY,99.41,72
2911,ORD002911,LIMIT,BUY,100.12,12
2912,ORD002912,LIMIT,SELL,101.98,97
2913,ORD002290,CANCEL,,,
2914,ORD002914,LIMIT,SELL,101.7,95
2915,ORD001886,CANCEL,,,
2916,ORD002780,CANCEL,,,
2917,ORD002917,LIMIT,SELL,100.5,38
2918,ORD002127,CANCEL,,,
2919,ORD001448,CANCEL,,,
2920,ORD002920,LIMIT,BUY,98.56,87
2921,ORD002921,LIMIT,SELL,100.0,74
2922,ORD002922,LIMIT,BUY,98.37,40
2923,ORD000321,CANCEL,,,
2924,ORD002924,LIMIT,BUY,99.35,9
2925,ORD002925,LIMIT,SELL,101.15,26
2926,ORD002926,LIMIT,SELL,100.08,28
2927,ORD002927,LIMIT,BUY,100.25,57
2928,ORD002069,CANCEL,,,
2929,ORD001372,CANCEL,,,
2930,ORD002930,LIMIT,SELL,100.0,99
2931,ORD002931,MARKET,BUY,,23
2932,ORD002932,LIMIT,BUY,98.52,63
2933,ORD002933,LIMIT,SELL,100.29,25
2934,ORD002934,LIMIT,BUY,98.9,33
2935,ORD002935,MARKET,SELL,,49
2936,ORD002936,LIMIT,SELL,99.75,47
2937,ORD002937,LIMIT,BUY,100.12,39
2938,ORD002938,LIMIT,BUY,100.03,61
2939,ORD001658,CANCEL,,,
2940,ORD002940,MARKET,SELL,,32
2941,ORD000151,CANCEL,,,
2942,ORD001112,CANCEL,,,
2943,ORD002442,CANCEL,,,
2944,ORD002944,LIMIT,BUY,98.52,95
2945,ORD002945,LIMIT,SELL,101.56,54
2946,ORD002612,CANCEL,,,
2947,ORD002947,LIMIT,BUY,100.31,21
2948,ORD001356,CANCEL,,,
2949,ORD002949,LIMIT,SELL,100.16,42
2950,ORD000325,CANCEL,,,
2951,ORD002951,MARKET,SELL,,19
2952,ORD002952,LIMIT,BUY,99.91,93
2953,ORD002953,LIMIT,BUY,98.87,29
2954,ORD000596,CANCEL,,,
2955,ORD002475,CANCEL,,,
2956,ORD002956,LIMIT,SELL,100.84,18
2957,ORD002957,LIMIT,BUY,99.17,33
2958,ORD002687,CANCEL,,,
2959,ORD002959,LIMIT,BUY,99.87,74
2960,ORD001439,CANCEL,,,
2961,ORD002961,LIMIT,BUY,98.21,13
2962,ORD002962,LIMIT,SELL,99.76,29
2963,ORD002963,LIMIT,SELL,101.93,86
2964,ORD002964,LIMIT,SELL,99.83,55
2965,ORD002965,LIMIT,BUY,100.34,5
2966,ORD002966,LIMIT,SELL,101.49,24
2967,ORD000390,CANCEL,,,
2968,ORD002968,LIMIT,BUY,98.81,74
2969,ORD002969,LIMIT,SELL,101.67,74
2970,ORD002970,LIMIT,BUY,98.66,57
2971,ORD001692,CANCEL,,,
2972,ORD002972,LIMIT,SELL,101.73,33
2973,ORD002973,LIMIT,SELL,100.64,13
2974,ORD002974,LIMIT,SELL,100.16,47
2975,ORD002975,LIMIT,BUY,98.32,30
2976,ORD002976,LIMIT,BUY,99.78,17
2977,ORD002977,LIMIT,SELL,100.88,11
2978,ORD002978,LIMIT,BUY,100.35,66
2979,ORD001457,CANCEL,,,
2980,ORD002980,LIMIT,BUY,98.88,77
2981,ORD002981,LIMIT,BUY,98.91,30
2982,ORD002982,LIMIT,BUY,98.25,22
2983,ORD002983,LIMIT,BUY,99.88,20
2984,ORD002984,LIMIT,SELL,100.2,52
2985,ORD002985,LIMIT,SELL,100.67,18
2986,ORD002986,MARKET,SELL,,33
2987,ORD002987,LIMIT,SELL,101.33,77
2988,ORD002988,LIMIT,BUY,98.35,62
2989,ORD002989,LIMIT,BUY,98.4,54
2990,ORD002990,LIMIT,BUY,98.88,29
2991,ORD002991,LIMIT,SELL,100.5,93
2992,ORD002992,LIMIT,BUY,98.36,36
2993,ORD002993,LIMIT,BUY,99.3,68
2994,ORD002983,CANCEL,,,
2995,ORD002995,LIMIT,BUY,98.75,16
2996,ORD002996,LIMIT,SELL,101.7,97
2997,ORD002997,LIMIT,SELL,101.87,6
2998,ORD002998,LIMIT,SELL,100.67,75
2999,ORD002515,CANCEL,,,
3000,ORD003000,LIMIT,BUY,98.22,94
3001,ORD003001,LIMIT,SELL,101.62,64
3002,ORD003002,LIMIT,SELL,101.1,99
3003,ORD003003,LIMIT,SELL,101.1,43
3004,ORD003004,LIMIT,SELL,99.71,13
3005,ORD003005,LIMIT,SELL,100.74,76
3006,ORD003006,LIMIT,SELL,101.45,91
3007,ORD003007,LIMIT,SELL,101.68,86
3008,ORD003008,LIMIT,BUY,99.98,13
3009,ORD003009,LIMIT,BUY,98.6,75
3010,ORD003010,LIMIT,SELL,101.3,6
3011,ORD003011,LIMIT,SELL,100.93,67
3012,ORD002186,CANCEL,,,
3013,ORD003013,LIMIT,SELL,99.56,73
3014,ORD002991,CANCEL,,,
3015,ORD003015,LIMIT,BUY,99.03,4
3016,ORD003016,LIMIT,SELL,101.21,46
3017,ORD003017,LIMIT,BUY,99.96,42
3018,ORD003018,LIMIT,SELL,99.9,72
3019,ORD003019,LIMIT,SELL,101.38,100
3020,ORD003020,LIMIT,SELL,100.33,79
3021,ORD003021,LIMIT,BUY,98.76,93
3022,ORD002226,CANCEL,,,
3023,ORD003023,LIMIT,SELL,101.39,26
3024,ORD003024,LIMIT,SELL,101.51,47
3025,ORD003025,LIMIT,BUY,98.28,75
3026,ORD003026,LIMIT,SELL,100.85,51
3027,ORD003027,LIMIT,BUY,98.23,77
3028,ORD003028,LIMIT,SELL,99.86,44
3029,ORD003029,LIMIT,SELL,100.46,95
3030,ORD003030,LIMIT,SELL,101.93,42
3031,ORD003031,LIMIT,SELL,100.11,20
3032,ORD003032,MARKET,SELL,,29
3033,ORD003033,LIMIT,BUY,98.56,83
3034,ORD003034,MARKET,BUY,,32
3035,ORD003035,LIMIT,SELL,100.54,71
3036,ORD003036,LIMIT,BUY,100.12,75
3037,ORD003037,LIMIT,SELL,101.27,47
3038,ORD003038,LIMIT,SELL,100.41,31
3039,ORD003039,MARKET,SELL,,89
3040,ORD001553,CANCEL,,,
3041,ORD003041,MARKET,BUY,,65
3042,ORD003042,LIMIT,SELL,101.57,30
3043,ORD003043,LIMIT,BUY,99.44,7
3044,ORD003044,LIMIT,SELL,100.59,22
3045,ORD002388,CANCEL,,,
3046,ORD003046,LIMIT,BUY,99.19,91
3047,ORD002001,CANCEL,,,
3048,ORD001680,CANCEL,,,
3049,ORD003049,LIMIT,BUY,99.23,91
3050,ORD003050,LIMIT,BUY,98.54,58
3051,ORD003051,LIMIT,SELL,100.92,66
3052,ORD003052,LIMIT,BUY,100.45,76
3053,ORD003053,LIMIT,BUY,98.13,97
3054,ORD003054,LIMIT,BUY,98.18,9
3055,ORD003055,LIMIT,BUY,98.62,77
3056,ORD003056,LIMIT,BUY,98.07,64
3057,ORD003057,MARKET,SELL,,52
3058,ORD003058,LIMIT,SELL,100.45,61
3059,ORD001967,CANCEL,,,
3060,ORD001835,CANCEL,,,
3061,ORD003061,LIMIT,SELL,100.75,24
3062,ORD003062,LIMIT,BUY,100.46,82
3063,ORD002406,CANCEL,,,
3064,ORD003064,MARKET,SELL,,78
3065,ORD002763,CANCEL,,,
3066,ORD002098,CANCEL,,,
3067,ORD000029,CANCEL,,,
3068,ORD003068,MARKET,BUY,,50
3069,ORD003069,LIMIT,SELL,101.89,25
3070,ORD003070,LIMIT,SELL,100.05,45
3071,ORD001120,CANCEL,,,
3072,ORD003072,LIMIT,BUY,99.77,99
3073,ORD001083,CANCEL,,,
3074,ORD003074,MARKET,SELL,,5
3075,ORD003075,LIMIT,BUY,98.78,38
3076,ORD001260,CANCEL,,,
3077,ORD003077,LIMIT,BUY,99.24,78
3078,ORD002959,CANCEL,,,
3079,ORD003079,LIMIT,SELL,100.87,50
3080,ORD003080,LIMIT,BUY,98.16,32
3081,ORD003081,LIMIT,BUY,99.23,52
3082,ORD000562,CANCEL,,,
3083,ORD003083,LIMIT,SELL,101.77,91
3084,ORD003084,LIMIT,BUY,98.23,84
3085,ORD003085,LIMIT,SELL,101.11,37
3086,ORD003086,LIMIT,SELL,100.23,81
3087,ORD003087,LIMIT,SELL,100.73,63
3088,ORD002794,CANCEL,,,
3089,ORD003089,LIMIT,SELL,101.98,99
3090,ORD003090,LIMIT,BUY,98.1,12
3091,ORD003091,LIMIT,BUY,99.85,69
3092,ORD001805,CANCEL,,,
3093,ORD003093,LIMIT,SELL,99.63,88
3094,ORD003094,LIMIT,BUY,99.7,6
3095,ORD003095,LIMIT,BUY,98.46,29
3096,ORD003096,LIMIT,BUY,99.24,74
3097,ORD003097,MARKET,BUY,,49
3098,ORD003098,LIMIT,BUY,98.01,31
3099,ORD003099,LIMIT,SELL,101.97,30
3100,ORD003100,MARKET,SELL,,19
3101,ORD003101,LIMIT,SELL,100.56,74
3102,ORD003102,LIMIT,SELL,101.7,95
3103,ORD003103,LIMIT,SELL,100.54,53
3104,ORD003104,LIMIT,BUY,99.22,77
3105,ORD002201,CANCEL,,,
3106,ORD002414,CANCEL,,,
3107,ORD001468,CANCEL,,,
3108,ORD000916,CANCEL,,,
3109,ORD002550,CANCEL,,,
3110,ORD002726,CANCEL,,,
3111,ORD003111,LIMIT,SELL,101.29,89
3112,ORD003112,LIMIT,SELL,100.93,14
3113,ORD003113,LIMIT,SELL,101.71,12
3114,ORD003114,LIMIT,SELL,100.8,5
3115,ORD003115,LIMIT,BUY,98.1,50
3116,ORD000625,CANCEL,,,
3117,ORD003117,LIMIT,SELL,99.86,77
3118,ORD003118,LIMIT,BUY,99.81,6
3119,ORD003119,LIMIT,BUY,100.38,23
3120,ORD003120,LIMIT,BUY,98.14,49
3121,ORD001765,CANCEL,,,
3122,ORD003122,LIMIT,BUY,98.49,85
3123,ORD003123,LIMIT,BUY,98.17,32
3124,ORD003124,LIMIT,SELL,99.86,41
3125,ORD000609,CANCEL,,,
3126,ORD003126,LIMIT,BUY,98.42,42
3127,ORD003127,LIMIT,BUY,99.71,1
3128,ORD003128,LIMIT,BUY,99.92,16
3129,ORD003129,LIMIT,BUY,98.18,84
3130,ORD003130,LIMIT,SELL,101.11,37
3131,ORD003131,LIMIT,SELL,101.37,88
3132,ORD003132,LIMIT,SELL,101.97,59
3133,ORD003133,LIMIT,BUY,100.2,29
3134,ORD003044,CANCEL,,,
3135,ORD003135,LIMIT,SELL,101.7,48
3136,ORD003136,LIMIT,SELL,99.86,59
3137,ORD003137,LIMIT,BUY,98.31,81
3138,ORD003138,LIMIT,SELL,100.54,94
3139,ORD003139,LIMIT,SELL,100.34,86
3140,ORD003140,LIMIT,BUY,99.78,73
3141,ORD003126,CANCEL,,,
3142,ORD003142,LIMIT,SELL,100.87,98
3143,ORD003143,LIMIT,SELL,100.03,19
3144,ORD003144,LIMIT,SELL,101.58,100
3145,ORD003145,MARKET,SELL,,28
3146,ORD003146,LIMIT,BUY,100.34,56
3147,ORD002397,CANCEL,,,
3148,ORD001402,CANCEL,,,
3149,ORD003149,LIMIT,BUY,99.86,73
3150,ORD003150,LIMIT,SELL,101.5,20
3151,ORD003151,LIMIT,SELL,101.35,98
3152,ORD003152,LIMIT,SELL,101.41,68
3153,ORD003153,LIMIT,BUY,99.97,11
3154,ORD000516,CANCEL,,,
3155,ORD003155,LIMIT,BUY,100.25,26
3156,ORD003156,LIMIT,BUY,98.17,80
3157,ORD003157,LIMIT,SELL,101.26,38
3158,ORD003158,LIMIT,BUY,98.38,54
3159,ORD002998,CANCEL,,,
3160,ORD003160,LIMIT,SELL,100.2,32
3161,ORD003161,LIMIT,BUY,98.24,6
3162,ORD002158,CANCEL,,,
3163,ORD003163,LIMIT,SELL,99.55,89
3164,ORD003164,LIMIT,SELL,100.96,24
3165,ORD003165,LIMIT,BUY,100.37,73
3166,ORD003166,LIMIT,SELL,101.72,9
3167,ORD003017,CANCEL,,,
3168,ORD003168,LIMIT,SELL,99.78,86
3169,ORD003046,CANCEL,,,
3170,ORD003170,LIMIT,BUY,100.46,64
3171,ORD002896,CANCEL,,,
3172,ORD003172,LIMIT,BUY,98.63,66
3173,ORD003173,LIMIT,BUY,100.26,7
3174,ORD003174,LIMIT,SELL,101.99,44
3175,ORD003130,CANCEL,,,
3176,ORD003176,LIMIT,BUY,98.08,80
3177,ORD002853,CANCEL,,,
3178,ORD002156,CANCEL,,,
3179,ORD002506,CANCEL,,,
3180,ORD003180,LIMIT,BUY,98.68,49
3181,ORD003181,LIMIT,SELL,100.36,45
3182,ORD003182,LIMIT,BUY,98.67,58
3183,ORD003183,LIMIT,BUY,100.28,66
3184,ORD003184,LIMIT,BUY,100.02,14
3185,ORD003185,LIMIT,BUY,98.39,31
3186,ORD003186,MARKET,BUY,,2
3187,ORD003187,LIMIT,SELL,101.04,20
3188,ORD003188,LIMIT,SELL,100.33,86
3189,ORD000968,CANCEL,,,
3190,ORD001053,CANCEL,,,
3191,ORD000722,CANCEL,,,
3192,ORD000799,CANCEL,,,
3193,ORD001528,CANCEL,,,
3194,ORD003194,LIMIT,BUY,99.56,25
3195,ORD003195,LIMIT,BUY,99.24,91
3196,ORD001766,CANCEL,,,
3197,ORD003197,LIMIT,BUY,99.27,11
3198,ORD001364,CANCEL,,,
3199,ORD003199,LIMIT,BUY,99.76,10
3200,ORD001922,CANCEL,,,
3201,ORD003201,LIMIT,BUY,99.59,76
3202,ORD003202,LIMIT,SELL,100.21,55
3203,ORD003203,LIMIT,SELL,100.83,84
3204,ORD003204,LIMIT,SELL,99.9,8
3205,ORD002009,CANCEL,,,
3206,ORD003206,LIMIT,BUY,100.04,11
3207,ORD003207,MARKET,SELL,,96
3208,ORD003208,LIMIT,SELL,101.79,47
3209,ORD003209,LIMIT,BUY,99.82,41
3210,ORD003210,LIMIT,SELL,100.25,63
3211,ORD003211,LIMIT,BUY,98.43,89
3212,ORD003212,LIMIT,SELL,100.31,52
3213,ORD003213,LIMIT,SELL,99.86,97
3214,ORD003214,LIMIT,BUY,99.97,49
3215,ORD003215,LIMIT,BUY,98.03,85
3216,ORD003216,LIMIT,BUY,98.46,13
3217,ORD002529,CANCEL,,,
3218,ORD001981,CANCEL,,,
3219,ORD002622,CANCEL,,,
3220,ORD003220,LIMIT,SELL,101.63,36
3221,ORD003221,LIMIT,SELL,100.75,56
3222,ORD003222,LIMIT,BUY,99.66,46
3223,ORD003223,LIMIT,BUY,99.77,78
3224,ORD003224,LIMIT,BUY,99.24,28
3225,ORD003225,LIMIT,BUY,99.58,44
3226,ORD003226,LIMIT,SELL,101.0,68
3227,ORD003227,LIMIT,SELL,101.66,48
3228,ORD003228,MARKET,SELL,,58
3229,ORD003229,LIMIT,BUY,98.82,30
3230,ORD003230,LIMIT,SELL,101.75,61
3231,ORD003231,LIMIT,SELL,100.33,25
3232,ORD003232,LIMIT,SELL,100.93,30
3233,ORD003233,LIMIT,BUY,98.62,73
3234,ORD003234,LIMIT,BUY,100.2,50
3235,ORD003235,MARKET,SELL,,63
3236,ORD003236,MARKET,SELL,,50
3237,ORD003237,LIMIT,SELL,100.41,100
3238,ORD001584,CANCEL,,,
3239,ORD003239,LIMIT,BUY,100.06,62
3240,ORD003240,LIMIT,SELL,100.71,41
3241,ORD003241,LIMIT,BUY,99.61,77
3242,ORD003242,LIMIT,SELL,101.34,25
3243,ORD003243,LIMIT,SELL,100.44,90
3244,ORD003244,LIMIT,BUY,98.51,38
3245,ORD003139,CANCEL,,,
3246,ORD003246,MARKET,SELL,,60
3247,ORD003247,LIMIT,BUY,98.96,21
3248,ORD003248,LIMIT,SELL,100.18,36
3249,ORD002990,CANCEL,,,
3250,ORD003250,LIMIT,BUY,98.81,3
3251,ORD001945,CANCEL,,,
3252,ORD003252,LIMIT,SELL,101.58,49
3253,ORD003253,LIMIT,SELL,100.49,42
3254,ORD003254,LIMIT,BUY,98.81,97
3255,ORD003255,LIMIT,BUY,99.78,64
3256,ORD000640,CANCEL,,,
3257,ORD000863,CANCEL,,,
3258,ORD003258,MARKET,BUY,,47
3259,ORD003259,MARKET,SELL,,44
3260,ORD003260,LIMIT,SELL,99.66,54
3261,ORD003261,LIMIT,SELL,100.87,12
3262,ORD003262,LIMIT,SELL,101.41,34
3263,ORD003263,LIMIT,BUY,99.39,7
3264,ORD003264,LIMIT,BUY,98.11,98
3265,ORD003265,LIMIT,BUY,98.34,41
3266,ORD003266,MARKET,SELL,,98
3267,ORD003267,LIMIT,BUY,99.74,71
3268,ORD001395,CANCEL,,,
3269,ORD003269,LIMIT,BUY,99.23,45
3270,ORD003270,LIMIT,SELL,101.57,51
3271,ORD003271,LIMIT,BUY,99.86,37
3272,ORD003272,LIMIT,SELL,99.9,26
3273,ORD003273,LIMIT,SELL,100.32,34
3274,ORD003274,LIMIT,SELL,100.61,84
3275,ORD003275,LIMIT,SELL,99.78,50
3276,ORD003276,LIMIT,BUY,99.43,96
3277,ORD003277,LIMIT,BUY,100.04,47
3278,ORD003278,LIMIT,BUY,100.21,33
3279,ORD003279,LIMIT,BUY,98.54,24
3280,ORD003280,LIMIT,BUY,99.8,93
3281,ORD003281,LIMIT,SELL,99.91,63
3282,ORD003282,LIMIT,SELL,101.17,32
3283,ORD000897,CANCEL,,,
3284,ORD003284,LIMIT,BUY,100.14,36
3285,ORD003285,LIMIT,SELL,101.32,21
3286,ORD002137,CANCEL,,,
3287,ORD003287,LIMIT,BUY,99.85,48
3288,ORD002347,CANCEL,,,
3289,ORD003289,LIMIT,SELL,101.75,39
3290,ORD002493,CANCEL,,,
3291,ORD003291,LIMIT,BUY,99.59,88
3292,ORD003292,LIMIT,SELL,99.78,93
3293,ORD003293,LIMIT,SELL,101.26,62
3294,ORD003285,CANCEL,,,
3295,ORD000612,CANCEL,,,
3296,ORD003296,MARKET,SELL,,64
3297,ORD003297,LIMIT,SELL,101.93,74
3298,ORD003298,LIMIT,BUY,100.19,91
3299,ORD003299,LIMIT,SELL,100.17,86
3300,ORD003300,LIMIT,BUY,99.12,1
3301,ORD003301,LIMIT,BUY,100.09,56
3302,ORD003302,LIMIT,SELL,101.29,96
3303,ORD002121,CANCEL,,,
3304,ORD002141,CANCEL,,,
3305,ORD003305,LIMIT,SELL,100.43,48
3306,ORD003306,LIMIT,BUY,99.6,53
3307,ORD002293,CANCEL,,,
3308,ORD003308,LIMIT,SELL,99.87,87
3309,ORD003309,LIMIT,SELL,100.52,56
3310,ORD001631,CANCEL,,,
3311,ORD003311,LIMIT,SELL,101.11,58
3312,ORD003312,LIMIT,BUY,98.86,81
3313,ORD002017,CANCEL,,,
3314,ORD003314,LIMIT,BUY,99.43,27
3315,ORD003315,MARKET,SELL,,54
3316,ORD003316,LIMIT,BUY,99.44,33
3317,ORD003317,LIMIT,BUY,99.71,43
3318,ORD003318,LIMIT,SELL,101.49,71
3319,ORD003319,LIMIT,SELL,100.38,53
3320,ORD003320,LIMIT,BUY,99.61,20
3321,ORD003321,LIMIT,BUY,100.23,65
3322,ORD003322,LIMIT,SELL,99.68,40
3323,ORD003323,LIMIT,SELL,100.02,82
3324,ORD001342,CANCEL,,,
3325,ORD000372,CANCEL,,,
3326,ORD003326,LIMIT,BUY,99.94,10
3327,ORD002492,CANCEL,,,
3328,ORD003328,LIMIT,SELL,101.15,2
3329,ORD003329,LIMIT,SELL,100.44,39
3330,ORD003330,LIMIT,SELL,100.98,87
3331,ORD003331,LIMIT,BUY,98.88,33
3332,ORD003332,LIMIT,SELL,101.42,55
3333,ORD003333,LIMIT,SELL,101.21,4
3334,ORD003334,LIMIT,SELL,99.72,33
3335,ORD003335,LIMIT,BUY,100.08,81
3336,ORD003336,LIMIT,SELL,100.34,78
3337,ORD003337,LIMIT,BUY,99.38,91
3338,ORD003338,LIMIT,BUY,98.24,88
3339,ORD003250,CANCEL,,,
3340,ORD003340,MARKET,SELL,,24
3341,ORD003341,LIMIT,SELL,100.84,93
3342,ORD002945,CANCEL,,,
3343,ORD002720,CANCEL,,,
3344,ORD003344,LIMIT,SELL,99.91,38
3345,ORD003345,LIMIT,SELL,99.89,10
3346,ORD002614,CANCEL,,,
3347,ORD003347,LIMIT,SELL,101.52,23
3348,ORD003348,LIMIT,BUY,98.56,88
3349,ORD003349,LIMIT,SELL,100.61,90
3350,ORD003350,LIMIT,BUY,98.35,95
3351,ORD003351,LIMIT,BUY,98.92,90
3352,ORD003352,LIMIT,SELL,99.77,61
3353,ORD002430,CANCEL,,,
3354,ORD003354,MARKET,SELL,,12
3355,ORD003355,LIMIT,SELL,100.77,32
3356,ORD003356,LIMIT,BUY,98.4,74
3357,ORD001375,CANCEL,,,
3358,ORD003358,LIMIT,SELL,100.69,85
3359,ORD002349,CANCEL,,,
3360,ORD000435,CANCEL,,,
3361,ORD003361,LIMIT,BUY,99.87,51
3362,ORD000577,CANCEL,,,
3363,ORD003363,LIMIT,BUY,99.66,75
3364,ORD003364,LIMIT,SELL,99.84,32
3365,ORD003365,LIMIT,BUY,99.19,62
3366,ORD003366,LIMIT,BUY,99.58,70
3367,ORD003367,LIMIT,BUY,98.32,66
3368,ORD000662,CANCEL,,,
3369,ORD003369,LIMIT,BUY,98.62,97
3370,ORD003370,LIMIT,SELL,101.57,53
3371,ORD002425,CANCEL,,,
3372,ORD001946,CANCEL,,,
3373,ORD003373,LIMIT,BUY,99.82,48
3374,ORD003374,LIMIT,BUY,98.32,79
3375,ORD003375,LIMIT,SELL,101.39,21
3376,ORD003376,LIMIT,SELL,99.69,77
3377,ORD000643,CANCEL,,,
3378,ORD003378,LIMIT,BUY,98.1,36
3379,ORD003379,LIMIT,SELL,101.97,44
3380,ORD003380,LIMIT,SELL,101.64,61
3381,ORD003381,LIMIT,SELL,101.6,76
3382,ORD003382,LIMIT,BUY,98.23,63
3383,ORD003383,LIMIT,BUY,98.67,35
3384,ORD003384,LIMIT,BUY,100.26,31
3385,ORD003385,LIMIT,SELL,99.98,43
3386,ORD003386,LIMIT,SELL,100.99,86
3387,ORD003387,LIMIT,BUY,99.72,25
3388,ORD003388,LIMIT,SELL,100.88,27
3389,ORD003389,LIMIT,BUY,99.81,38
3390,ORD003390,LIMIT,BUY,99.58,44
3391,ORD003182,CANCEL,,,
3392,ORD003392,LIMIT,SELL,100.71,35
3393,ORD003393,LIMIT,SELL,99.87,78
3394,ORD001008,CANCEL,,,
3395,ORD003395,MARKET,SELL,,25
3396,ORD003396,LIMIT,SELL,100.64,71
3397,ORD003397,LIMIT,SELL,100.55,35
3398,ORD002416,CANCEL,,,
3399,ORD003399,LIMIT,SELL,100.69,50
3400,ORD003400,LIMIT,BUY,98.9,7
3401,ORD000681,CANCEL,,,
3402,ORD003402,LIMIT,SELL,99.74,96
3403,ORD003403,MARKET,BUY,,85
3404,ORD003404,LIMIT,BUY,100.44,93
3405,ORD003405,LIMIT,SELL,100.05,78
3406,ORD003406,LIMIT,SELL,100.38,31
3407,ORD002860,CANCEL,,,
3408,ORD003408,LIMIT,BUY,100.42,50
3409,ORD003409,LIMIT,BUY,98.23,95
3410,ORD003410,LIMIT,SELL,99.81,32
3411,ORD003411,LIMIT,BUY,99.52,23
3412,ORD003412,LIMIT,SELL,100.1,40
3413,ORD003413,LIMIT,SELL,100.08,11
3414,ORD003414,LIMIT,SELL,101.35,50
3415,ORD003415,MARKET,SELL,,98
3416,ORD003416,LIMIT,SELL,101.69,44
3417,ORD003417,LIMIT,SELL,100.47,57
3418,ORD003418,LIMIT,SELL,99.69,90
3419,ORD003419,LIMIT,BUY,98.52,41
3420,ORD003420,LIMIT,SELL,100.23,30
3421,ORD003421,LIMIT,SELL,101.22,73
3422,ORD003422,LIMIT,BUY,100.0,50
3423,ORD003423,LIMIT,SELL,100.73,93
3424,ORD003424,MARKET,SELL,,33
3425,ORD003425,LIMIT,SELL,101.99,62
3426,ORD001496,CANCEL,,,
3427,ORD003427,LIMIT,BUY,100.45,47
3428,ORD001544,CANCEL,,,
3429,ORD001192,CANCEL,,,
3430,ORD003348,CANCEL,,,
3431,ORD003431,MARKET,SELL,,33
3432,ORD003432,LIMIT,SELL,100.59,24
3433,ORD003433,LIMIT,SELL,99.67,12
3434,ORD003434,LIMIT,BUY,99.18,55
3435,ORD003435,MARKET,BUY,,26
3436,ORD003436,MARKET,BUY,,13
3437,ORD003437,LIMIT,BUY,99.95,71
3438,ORD003438,LIMIT,BUY,100.33,32
3439,ORD003439,LIMIT,SELL,101.42,66
3440,ORD003440,LIMIT,BUY,98.42,61
3441,ORD001048,CANCEL,,,
3442,ORD003442,LIMIT,SELL,100.2,32
3443,ORD003443,LIMIT,BUY,98.41,78
3444,ORD003444,LIMIT,BUY,98.34,37
3445,ORD003445,LIMIT,SELL,100.49,70
3446,ORD003446,LIMIT,SELL,101.86,46
3447,ORD003447,LIMIT,SELL,100.81,53
3448,ORD002688,CANCEL,,,
3449,ORD000417,CANCEL,,,
3450,ORD003450,LIMIT,SELL,99.79,53
3451,ORD003451,LIMIT,SELL,100.29,26
3452,ORD003452,LIMIT,BUY,99.6,19
3453,ORD003453,LIMIT,BUY,98.75,32
3454,ORD001546,CANCEL,,,
3455,ORD003455,LIMIT,SELL,100.67,60
3456,ORD003456,LIMIT,BUY,99.04,7
3457,ORD003457,LIMIT,BUY,100.31,38
3458,ORD003458,LIMIT,SELL,100.47,84
3459,ORD003459,LIMIT,BUY,98.89,66
3460,ORD003460,LIMIT,BUY,100.17,62
3461,ORD002008,CANCEL,,,
3462,ORD002721,CANCEL,,,
3463,ORD000888,CANCEL,,,
3464,ORD003409,CANCEL,,,
3465,ORD003465,MARKET,BUY,,28
3466,ORD003466,MARKET,SELL,,52
3467,ORD003467,LIMIT,SELL,100.32,48
3468,ORD002757,CANCEL,,,
3469,ORD003469,LIMIT,SELL,100.58,66
3470,ORD002861,CANCEL,,,
3471,ORD003471,LIMIT,BUY,98.38,49
3472,ORD003472,LIMIT,SELL,101.09,19
3473,ORD001412,CANCEL,,,
3474,ORD002261,CANCEL,,,
3475,ORD003475,MARKET,BUY,,39
3476,ORD001061,CANCEL,,,
3477,ORD002932,CANCEL,,,
3478,ORD001170,CANCEL,,,
3479,ORD003479,LIMIT,SELL,100.03,9
3480,ORD000427,CANCEL,,,
3481,ORD003481,LIMIT,SELL,100.05,22
3482,ORD003482,LIMIT,SELL,101.17,44
3483,ORD003483,LIMIT,SELL,101.89,34
3484,ORD003484,LIMIT,SELL,100.32,20
3485,ORD003485,LIMIT,SELL,101.45,32
3486,ORD003486,LIMIT,BUY,98.68,66
3487,ORD003487,MARKET,SELL,,76
3488,ORD003488,LIMIT,SELL,99.87,29
3489,ORD003489,LIMIT,BUY,98.62,20
3490,ORD003490,LIMIT,SELL,100.5,73
3491,ORD003491,LIMIT,BUY,99.56,85
3492,ORD001947,CANCEL,,,
3493,ORD003493,LIMIT,BUY,100.04,20
3494,ORD003494,LIMIT,BUY,98.93,40
3495,ORD003495,LIMIT,SELL,100.49,28
3496,ORD003496,LIMIT,BUY,99.53,22
3497,ORD003497,LIMIT,SELL,101.63,13
3498,ORD000159,CANCEL,,,
3499,ORD002447,CANCEL,,,
3500,ORD003500,LIMIT,BUY,99.98,90
3501,ORD003501,MARKET,BUY,,23
3502,ORD001850,CANCEL,,,
3503,ORD003503,LIMIT,SELL,101.8,90
3504,ORD003504,MARKET,BUY,,40
3505,ORD003505,LIMIT,BUY,98.21,6
3506,ORD003506,LIMIT,BUY,100.24,63
3507,ORD003029,CANCEL,,,
3508,ORD003508,LIMIT,BUY,98.71,9
3509,ORD003509,LIMIT,SELL,101.44,66
3510,ORD003084,CANCEL,,,
3511,ORD003511,MARKET,SELL,,44
3512,ORD003512,LIMIT,SELL,100.4,66
3513,ORD003513,LIMIT,SELL,101.83,40
3514,ORD003514,LIMIT,BUY,98.37,20
3515,ORD000583,CANCEL,,,
3516,ORD003516,LIMIT,BUY,100.5,17
3517,ORD000712,CANCEL,,,
3518,ORD003518,LIMIT,SELL,100.95,92
3519,ORD003519,LIMIT,SELL,101.11,86
3520,ORD003520,LIMIT,SELL,100.02,61
3521,ORD003521,LIMIT,SELL,99.98,9
3522,ORD001677,CANCEL,,,
3523,ORD003523,LIMIT,SELL,101.92,91
3524,ORD003524,LIMIT,SELL,100.32,91
3525,ORD003525,LIMIT,SELL,101.38,90
3526,ORD001252,CANCEL,,,
3527,ORD003527,MARKET,SELL,,43
3528,ORD001121,CANCEL,,,
3529,ORD003529,LIMIT,SELL,101.77,93
3530,ORD000437,CANCEL,,,
3531,ORD003531,LIMIT,SELL,101.5,48
3532,ORD003532,LIMIT,BUY,100.06,65
3533,ORD003533,LIMIT,BUY,99.65,95
3534,ORD003534,LIMIT,SELL,101.72,76
3535,ORD003535,LIMIT,BUY,100.37,6
3536,ORD003536,LIMIT,SELL,101.39,6
3537,ORD003537,LIMIT,BUY,99.57,9
3538,ORD003538,LIMIT,SELL,101.79,78
3539,ORD003539,LIMIT,SELL,100.06,34
3540,ORD003540,LIMIT,BUY,99.67,75
3541,ORD003541,MARKET,SELL,,30
3542,ORD002541,CANCEL,,,
3543,ORD003543,LIMIT,BUY,100.4,36
3544,ORD003544,MARKET,SELL,,94
3545,ORD003545,LIMIT,SELL,101.16,64
3546,ORD003546,LIMIT,BUY,99.38,100
3547,ORD001603,CANCEL,,,
3548,ORD003548,LIMIT,SELL,100.32,70
3549,ORD003549,LIMIT,BUY,98.2,83
3550,ORD003550,MARKET,SELL,,17
3551,ORD003551,LIMIT,SELL,100.23,33
3552,ORD003552,LIMIT,SELL,99.91,13
3553,ORD003553,LIMIT,SELL,100.86,71
3554,ORD003554,LIMIT,BUY,100.18,1
3555,ORD003555,LIMIT,BUY,99.99,35
3556,ORD003556,LIMIT,BUY,98.84,65
3557,ORD003557,LIMIT,SELL,100.7,79
3558,ORD003558,LIMIT,BUY,98.23,23
3559,ORD003559,LIMIT,BUY,98.63,3
3560,ORD003560,LIMIT,BUY,98.41,44
3561,ORD003376,CANCEL,,,
3562,ORD003562,LIMIT,SELL,101.39,45
3563,ORD002314,CANCEL,,,
3564,ORD003564,LIMIT,SELL,100.78,52
3565,ORD003565,LIMIT,BUY,99.21,76
3566,ORD003566,LIMIT,BUY,99.86,85
3567,ORD003567,LIMIT,SELL,100.64,42
3568,ORD003568,LIMIT,BUY,98.09,25
3569,ORD002163,CANCEL,,,
3570,ORD003299,CANCEL,,,
3571,ORD003571,LIMIT,SELL,101.59,41
3572,ORD003572,LIMIT,BUY,98.24,67
3573,ORD003573,LIMIT,BUY,99.18,71
3574,ORD003574,LIMIT,SELL,101.53,82
3575,ORD003575,LIMIT,SELL,100.56,5
3576,ORD003576,LIMIT,BUY,99.66,18
3577,ORD003577,LIMIT,SELL,100.2,53
3578,ORD003578,MARKET,SELL,,40
3579,ORD003579,MARKET,SELL,,37
3580,ORD003580,LIMIT,BUY,100.33,78
3581,ORD003581,LIMIT,BUY,98.24,34
3582,ORD003582,LIMIT,SELL,99.96,28
3583,ORD003583,LIMIT,BUY,98.69,98
3584,ORD003584,LIMIT,BUY,99.37,74
3585,ORD003585,LIMIT,SELL,101.14,13
3586,ORD003586,LIMIT,BUY,100.19,12
3587,ORD003587,LIMIT,SELL,99.84,13
3588,ORD003588,LIMIT,BUY,99.19,61
3589,ORD003589,LIMIT,SELL,100.16,76
3590,ORD003590,MARKET,BUY,,22
3591,ORD002974,CANCEL,,,
3592,ORD003592,LIMIT,BUY,98.04,28
3593,ORD003593,LIMIT,BUY,100.39,88
3594,ORD003594,MARKET,SELL,,67
3595,ORD003595,LIMIT,BUY,98.59,56
3596,ORD003596,LIMIT,SELL,100.82,45
3597,ORD003037,CANCEL,,,
3598,ORD003598,LIMIT,SELL,101.04,16
3599,ORD003599,LIMIT,SELL,100.74,15
3600,ORD003600,LIMIT,BUY,99.73,74
3601,ORD003226,CANCEL,,,
3602,ORD003602,LIMIT,BUY,98.1,32
3603,ORD003603,LIMIT,BUY,98.33,28
3604,ORD003604,LIMIT,BUY,99.63,92
3605,ORD003405,CANCEL,,,
3606,ORD000940,CANCEL,,,
3607,ORD003607,LIMIT,SELL,101.31,16
3608,ORD003608,LIMIT,SELL,100.45,67
3609,ORD003609,LIMIT,SELL,101.64,19
3610,ORD003610,LIMIT,SELL,101.16,85
3611,ORD003611,LIMIT,SELL,100.59,33
3612,ORD002602,CANCEL,,,
3613,ORD000592,CANCEL,,,
3614,ORD003614,LIMIT,SELL,99.78,37
3615,ORD001817,CANCEL,,,
3616,ORD000221,CANCEL,,,
3617,ORD003617,LIMIT,BUY,98.87,83
3618,ORD003618,LIMIT,BUY,98.69,62
3619,ORD003619,LIMIT,SELL,100.05,18
3620,ORD001609,CANCEL,,,
3621,ORD003621,LIMIT,SELL,101.87,66
3622,ORD003622,LIMIT,BUY,99.8,67
3623,ORD003623,LIMIT,BUY,99.65,40
3624,ORD003624,MARKET,BUY,,14
3625,ORD003625,LIMIT,SELL,100.11,86
3626,ORD003626,LIMIT,BUY,100.44,1
3627,ORD000295,CANCEL,,,
3628,ORD003628,LIMIT,SELL,99.5,25
3629,ORD003552,CANCEL,,,
3630,ORD003630,LIMIT,SELL,101.51,76
3631,ORD002374,CANCEL,,,
3632,ORD003632,MARKET,SELL,,61
3633,ORD003633,LIMIT,BUY,100.14,46
3634,ORD003634,LIMIT,BUY,99.23,56
3635,ORD003635,LIMIT,BUY,98.26,18
3636,ORD003636,LIMIT,BUY,99.03,95
3637,ORD003370,CANCEL,,,
3638,ORD003638,LIMIT,SELL,100.05,28
3639,ORD003639,MARKET,BUY,,2
3640,ORD003640,LIMIT,SELL,100.2,76
3641,ORD003641,MARKET,BUY,,31
3642,ORD003642,LIMIT,BUY,99.98,69
3643,ORD003643,MARKET,BUY,,89
3644,ORD003644,LIMIT,BUY,99.74,1
3645,ORD003645,LIMIT,SELL,100.04,53
3646,ORD003646,MARKET,BUY,,75
3647,ORD003647,MARKET,SELL,,90
3648,ORD003648,LIMIT,SELL,100.89,22
3649,ORD000891,CANCEL,,,
3650,ORD003650,LIMIT,BUY,98.48,21
3651,ORD003651,LIMIT,BUY,98.49,27
3652,ORD001902,CANCEL,,,
3653,ORD003653,LIMIT,SELL,99.84,16
3654,ORD003654,LIMIT,BUY,99.89,98
3655,ORD003655,LIMIT,SELL,99.66,21
3656,ORD003656,LIMIT,BUY,98.09,23
3657,ORD003657,LIMIT,SELL,101.41,28
3658,ORD002433,CANCEL,,,
3659,ORD001591,CANCEL,,,
3660,ORD003660,LIMIT,BUY,99.3,72
3661,ORD003661,LIMIT,SELL,99.89,77
3662,ORD003662,LIMIT,BUY,99.06,79
3663,ORD003663,LIMIT,SELL,100.15,28
3664,ORD003664,LIMIT,BUY,98.74,99
3665,ORD003665,LIMIT,BUY,98.29,89
3666,ORD000557,CANCEL,,,
3667,ORD003667,LIMIT,BUY,98.99,84
3668,ORD003668,MARKET,BUY,,24
3669,ORD003669,LIMIT,BUY,98.6,7
3670,ORD003670,LIMIT,BUY,99.38,44
3671,ORD003671,LIMIT,BUY,98.83,18
3672,ORD003672,LIMIT,BUY,100.13,27
3673,ORD001555,CANCEL,,,
3674,ORD003674,LIMIT,BUY,99.56,10
3675,ORD003675,LIMIT,BUY,98.8,22
3676,ORD003676,MARKET,SELL,,98
3677,ORD000359,CANCEL,,,
3678,ORD003678,LIMIT,BUY,99.81,11
3679,ORD003679,MARKET,BUY,,25
3680,ORD003680,LIMIT,BUY,100.24,83
3681,ORD003681,LIMIT,BUY,100.47,41
3682,ORD003682,LIMIT,BUY,99.26,38
3683,ORD003683,LIMIT,SELL,100.86,19
3684,ORD003684,LIMIT,SELL,100.81,99
3685,ORD001326,CANCEL,,,
3686,ORD003686,LIMIT,SELL,101.47,41
3687,ORD003687,LIMIT,BUY,99.17,6
3688,ORD003688,LIMIT,BUY,100.21,49
3689,ORD003689,MARKET,SELL,,93
3690,ORD003690,LIMIT,BUY,99.41,31
3691,ORD003691,LIMIT,SELL,101.98,48
3692,ORD003692,LIMIT,SELL,99.93,74
3693,ORD003693,LIMIT,BUY,98.1,61
3694,ORD001495,CANCEL,,,
3695,ORD003695,LIMIT,SELL,101.47,3
3696,ORD003696,LIMIT,BUY,98.15,7
3697,ORD003697,LIMIT,SELL,100.82,72
3698,ORD003698,LIMIT,BUY,99.83,83
3699,ORD002666,CANCEL,,,
3700,ORD003700,LIMIT,BUY,98.95,98
3701,ORD003274,CANCEL,,,
3702,ORD001784,CANCEL,,,
3703,ORD003703,LIMIT,BUY,99.0,87
3704,ORD003704,LIMIT,BUY,99.61,86
3705,ORD003705,LIMIT,SELL,99.55,54
3706,ORD003706,LIMIT,BUY,99.81,68
3707,ORD003707,LIMIT,BUY,99.95,11
3708,ORD003708,LIMIT,BUY,98.73,81
3709,ORD003709,LIMIT,SELL,100.43,38
3710,ORD003710,LIMIT,BUY,99.97,93
3711,ORD003711,LIMIT,SELL,99.97,25
3712,ORD003712,LIMIT,BUY,99.17,40
3713,ORD003713,LIMIT,SELL,100.78,68
3714,ORD003714,LIMIT,BUY,99.83,48
3715,ORD003715,LIMIT,BUY,98.69,93
3716,ORD003716,LIMIT,SELL,101.24,87
3717,ORD003717,LIMIT,BUY,99.6,38
3718,ORD003718,LIMIT,BUY,99.91,46
3719,ORD002849,CANCEL,,,
3720,ORD003720,LIMIT,SELL,99.81,94
3721,ORD003721,LIMIT,BUY,98.23,92
3722,ORD003722,LIMIT,SELL,101.47,70
3723,ORD001462,CANCEL,,,
3724,ORD003724,LIMIT,BUY,98.49,28
3725,ORD003269,CANCEL,,,
3726,ORD003726,MARKET,BUY,,53
3727,ORD003727,LIMIT,BUY,100.3,79
3728,ORD003728,LIMIT,SELL,100.32,50
3729,ORD002765,CANCEL,,,
3730,ORD003730,MARKET,BUY,,24
3731,ORD003731,LIMIT,BUY,98.07,14
3732,ORD003732,LIMIT,SELL,99.82,77
3733,ORD003733,LIMIT,BUY,98.94,61
3734,ORD003734,LIMIT,SELL,100.21,77
3735,ORD003556,CANCEL,,,
3736,ORD003736,LIMIT,BUY,99.7,51
3737,ORD003737,LIMIT,SELL,99.64,40
3738,ORD003738,LIMIT,BUY,99.6,74
3739,ORD003739,LIMIT,SELL,100.49,62
3740,ORD003740,LIMIT,BUY,99.89,53
3741,ORD003549,CANCEL,,,
3742,ORD001536,CANCEL,,,
3743,ORD003743,MARKET,BUY,,58
3744,ORD003744,LIMIT,SELL,99.73,5
3745,ORD003745,LIMIT,SELL,100.84,96
3746,ORD002253,CANCEL,,,
3747,ORD003747,LIMIT,SELL,101.84,55
3748,ORD003748,LIMIT,BUY,98.24,96
3749,ORD003745,CANCEL,,,
3750,ORD003750,LIMIT,BUY,100.19,8
3751,ORD003751,LIMIT,BUY,98.99,78
3752,ORD003687,CANCEL,,,
3753,ORD001217,CANCEL,,,
3754,ORD003754,LIMIT,BUY,99.86,13
3755,ORD003755,LIMIT,BUY,98.85,7
3756,ORD003756,LIMIT,BUY,98.27,81
3757,ORD003757,LIMIT,SELL,101.11,19
3758,ORD003758,LIMIT,SELL,101.91,15
3759,ORD003759,LIMIT,BUY,100.46,100
3760,ORD001938,CANCEL,,,
3761,ORD003761,LIMIT,BUY,98.53,83
3762,ORD003762,MARKET,BUY,,86
3763,ORD003763,LIMIT,BUY,98.12,48
3764,ORD003764,LIMIT,BUY,98.71,24
3765,ORD003765,LIMIT,SELL,100.96,22
3766,ORD003766,LIMIT,SELL,100.93,49
3767,ORD003767,LIMIT,SELL,101.1,98
3768,ORD003768,MARKET,SELL,,67
3769,ORD003769,LIMIT,SELL,101.09,73
3770,ORD003770,LIMIT,SELL,100.24,99
3771,ORD003771,LIMIT,SELL,101.48,25
3772,ORD003772,LIMIT,BUY,100.1,29
3773,ORD003773,LIMIT,BUY,99.07,73
3774,ORD003774,LIMIT,BUY,99.75,72
3775,ORD003775,LIMIT,SELL,100.64,54
3776,ORD003776,LIMIT,BUY,98.43,28
3777,ORD003777,LIMIT,BUY,98.55,86
3778,ORD003778,LIMIT,SELL,101.75,67
3779,ORD002989,CANCEL,,,
3780,ORD003780,LIMIT,SELL,101.74,53
3781,ORD003781,LIMIT,BUY,100.26,73
3782,ORD003782,MARKET,SELL,,19
3783,ORD003783,LIMIT,SELL,99.87,85
3784,ORD003784,LIMIT,SELL,100.36,81
3785,ORD001551,CANCEL,,,
3786,ORD002705,CANCEL,,,
3787,ORD003787,LIMIT,BUY,99.71,19
3788,ORD003788,LIMIT,SELL,101.95,97
3789,ORD001433,CANCEL,,,
3790,ORD003790,LIMIT,SELL,100.1,99
3791,ORD003791,LIMIT,SELL,99.6,4
3792,ORD003792,LIMIT,BUY,98.56,1
3793,ORD003793,LIMIT,SELL,101.77,50
3794,ORD000572,CANCEL,,,
3795,ORD003698,CANCEL,,,
3796,ORD003796,MARKET,BUY,,86
3797,ORD003180,CANCEL,,,
3798,ORD003798,MARKET,BUY,,9
3799,ORD003799,LIMIT,BUY,98.7,38
3800,ORD003800,LIMIT,BUY,98.8,59
3801,ORD003801,LIMIT,BUY,99.3,75
3802,ORD003802,LIMIT,SELL,99.63,48
3803,ORD003803,LIMIT,SELL,101.74,57
3804,ORD003804,LIMIT,SELL,99.65,58
3805,ORD003805,LIMIT,SELL,100.53,17
3806,ORD003806,MARKET,SELL,,12
3807,ORD003807,LIMIT,SELL,101.57,50
3808,ORD003808,LIMIT,BUY,100.33,9
3809,ORD003809,MARKET,SELL,,68
3810,ORD003810,MARKET,SELL,,25
3811,ORD002613,CANCEL,,,
3812,ORD003812,LIMIT,BUY,98.79,92
3813,ORD003813,LIMIT,BUY,100.4,14
3814,ORD003814,LIMIT,BUY,98.51,22
3815,ORD003815,LIMIT,BUY,98.0,15
3816,ORD003816,LIMIT,SELL,100.78,86
3817,ORD003817,LIMIT,SELL,100.93,45
3818,ORD003818,LIMIT,BUY,98.19,86
3819,ORD003819,LIMIT,SELL,99.62,22
3820,ORD003820,MARKET,SELL,,51
3821,ORD003821,LIMIT,BUY,98.24,36
3822,ORD003822,LIMIT,BUY,98.51,33
3823,ORD003823,LIMIT,SELL,99.77,19
3824,ORD003824,LIMIT,SELL,99.93,24
3825,ORD001271,CANCEL,,,
3826,ORD003826,LIMIT,SELL,100.97,24
3827,ORD001447,CANCEL,,,
3828,ORD003828,LIMIT,SELL,100.87,95
3829,ORD003829,LIMIT,SELL,100.57,30
3830,ORD003830,LIMIT,BUY,100.12,23
3831,ORD003831,LIMIT,SELL,100.35,74
3832,ORD003832,LIMIT,BUY,99.76,70
3833,ORD003833,LIMIT,SELL,101.82,16
3834,ORD003834,LIMIT,BUY,100.35,31
3835,ORD003835,LIMIT,BUY,98.04,98
3836,ORD002914,CANCEL,,,
3837,ORD003345,CANCEL,,,
3838,ORD003838,LIMIT,BUY,98.87,87
3839,ORD002378,CANCEL,,,
3840,ORD003840,MARKET,SELL,,43
3841,ORD003841,LIMIT,SELL,101.22,52
3842,ORD003842,LIMIT,BUY,99.93,23
3843,ORD003030,CANCEL,,,
3844,ORD003023,CANCEL,,,
3845,ORD003845,LIMIT,SELL,101.89,72
3846,ORD003846,LIMIT,SELL,101.06,70
3847,ORD003847,LIMIT,BUY,98.32,5
3848,ORD003848,LIMIT,BUY,99.73,30
3849,ORD003849,LIMIT,SELL,101.0,89
3850,ORD003850,LIMIT,SELL,100.25,78
3851,ORD003851,LIMIT,BUY,98.71,58
3852,ORD003852,LIMIT,SELL,101.38,5
3853,ORD003853,MARKET,SELL,,23
3854,ORD003854,LIMIT,SELL,100.69,70
3855,ORD003855,MARKET,BUY,,79
3856,ORD003856,LIMIT,SELL,101.91,9
3857,ORD003857,LIMIT,SELL,100.83,50
3858,ORD003858,LIMIT,SELL,101.3,20
3859,ORD003859,LIMIT,BUY,99.44,64
3860,ORD003860,LIMIT,BUY,99.33,88
3861,ORD003861,LIMIT,SELL,101.21,31
3862,ORD003862,LIMIT,SELL,101.16,47
3863,ORD003863,LIMIT,SELL,101.05,88
3864,ORD003864,MARKET,BUY,,16
3865,ORD002922,CANCEL,,,
3866,ORD003662,CANCEL,,,
3867,ORD003867,LIMIT,SELL,99.96,68
3868,ORD003868,LIMIT,SELL,100.38,79
3869,ORD003869,LIMIT,BUY,98.33,69
3870,ORD003870,LIMIT,SELL,101.58,29
3871,ORD003871,LIMIT,BUY,100.25,74
3872,ORD003872,LIMIT,SELL,100.15,88
3873,ORD003873,LIMIT,SELL,101.4,93
3874,ORD003874,LIMIT,SELL,101.86,50
3875,ORD003055,CANCEL,,,
3876,ORD003112,CANCEL,,,
3877,ORD003877,LIMIT,BUY,99.52,88
3878,ORD003878,LIMIT,BUY,100.35,14
3879,ORD003879,LIMIT,SELL,99.56,83
3880,ORD003880,LIMIT,SELL,101.87,72
3881,ORD003881,LIMIT,SELL,101.43,37
3882,ORD003882,MARKET,BUY,,40
3883,ORD003883,LIMIT,BUY,100.23,74
3884,ORD000992,CANCEL,,,
3885,ORD003885,LIMIT,SELL,100.0,91
3886,ORD003886,LIMIT,BUY,98.09,47
3887,ORD003887,MARKET,SELL,,38
3888,ORD003888,LIMIT,SELL,100.01,28
3889,ORD003889,LIMIT,SELL,100.04,54
3890,ORD003890,LIMIT,BUY,99.07,41
3891,ORD003230,CANCEL,,,
3892,ORD003892,LIMIT,BUY,99.61,14
3893,ORD003893,MARKET,BUY,,46
3894,ORD002339,CANCEL,,,
3895,ORD003895,LIMIT,BUY,99.31,72
3896,ORD003619,CANCEL,,,
3897,ORD003897,MARKET,SELL,,47
3898,ORD002840,CANCEL,,,
3899,ORD003899,LIMIT,SELL,101.73,43
3900,ORD003900,LIMIT,SELL,101.89,99
3901,ORD003901,LIMIT,SELL,100.62,57
3902,ORD003902,LIMIT,BUY,99.77,66
3903,ORD003903,LIMIT,SELL,100.35,76
3904,ORD003904,LIMIT,SELL,100.29,92
3905,ORD003905,LIMIT,SELL,99.82,79
3906,ORD003906,LIMIT,BUY,99.07,43
3907,ORD000122,CANCEL,,,
3908,ORD003908,LIMIT,BUY,98.77,82
3909,ORD003909,MARKET,BUY,,31
3910,ORD001010,CANCEL,,,
3911,ORD003911,MARKET,SELL,,1
3912,ORD003912,MARKET,SELL,,27
3913,ORD003913,LIMIT,SELL,99.96,13
3914,ORD003914,LIMIT,SELL,100.81,50
3915,ORD003915,LIMIT,SELL,101.91,89
3916,ORD003916,LIMIT,BUY,100.25,57
3917,ORD003917,LIMIT,SELL,99.87,1
3918,ORD002845,CANCEL,,,
3919,ORD003919,LIMIT,BUY,98.72,9
3920,ORD003920,LIMIT,BUY,100.02,14
3921,ORD003921,LIMIT,BUY,98.32,78
3922,ORD003320,CANCEL,,,
3923,ORD001983,CANCEL,,,
3924,ORD003924,LIMIT,BUY,98.02,12
3925,ORD003925,LIMIT,SELL,99.9,92
3926,ORD003926,MARKET,SELL,,22
3927,ORD003927,LIMIT,SELL,99.72,59
3928,ORD001387,CANCEL,,,
3929,ORD003929,LIMIT,SELL,100.15,47
3930,ORD003930,LIMIT,SELL,100.45,74
3931,ORD003931,LIMIT,SELL,99.73,100
3932,ORD003932,LIMIT,SELL,101.14,31
3933,ORD003933,MARKET,SELL,,24
3934,ORD003934,LIMIT,BUY,98.44,59
3935,ORD003935,LIMIT,BUY,99.79,28
3936,ORD003936,LIMIT,BUY,100.32,42
3937,ORD001235,CANCEL,,,
3938,ORD003938,LIMIT,BUY,100.2,13
3939,ORD003939,LIMIT,SELL,100.96,82
3940,ORD003940,LIMIT,BUY,98.42,84
3941,ORD003941,LIMIT,BUY,100.14,70
3942,ORD003942,LIMIT,SELL,99.81,93
3943,ORD003943,LIMIT,SELL,101.52,38
3944,ORD003944,LIMIT,BUY,98.65,33
3945,ORD003945,LIMIT,SELL,101.31,24
3946,ORD003946,MARKET,SELL,,74
3947,ORD000720,CANCEL,,,
3948,ORD002117,CANCEL,,,
3949,ORD003949,LIMIT,SELL,101.78,93
3950,ORD002768,CANCEL,,,
3951,ORD003951,LIMIT,SELL,101.88,67
3952,ORD003952,MARKET,BUY,,87
3953,ORD003953,LIMIT,BUY,98.91,94
3954,ORD003954,LIMIT,BUY,98.43,6
3955,ORD003955,LIMIT,SELL,101.85,60
3956,ORD003956,LIMIT,SELL,100.03,95
3957,ORD003957,LIMIT,SELL,100.39,31
3958,ORD003958,LIMIT,SELL,101.5,97
3959,ORD003959,LIMIT,BUY,98.7,39
3960,ORD003960,LIMIT,SELL,101.54,74
3961,ORD003961,MARKET,SELL,,21
3962,ORD003962,MARKET,BUY,,20
3963,ORD003963,LIMIT,BUY,99.82,76
3964,ORD003964,MARKET,BUY,,26
3965,ORD003965,MARKET,BUY,,26
3966,ORD003966,LIMIT,SELL,99.71,88
3967,ORD003967,LIMIT,BUY,98.29,51
3968,ORD001216,CANCEL,,,
3969,ORD003969,LIMIT,BUY,98.3,88
3970,ORD003970,LIMIT,SELL,101.38,18
3971,ORD003202,CANCEL,,,
3972,ORD003972,LIMIT,BUY,98.96,14
3973,ORD001399,CANCEL,,,
3974,ORD003241,CANCEL,,,
3975,ORD003975,LIMIT,SELL,100.36,96
3976,ORD003976,LIMIT,SELL,99.99,80
3977,ORD003977,MARKET,BUY,,74
3978,ORD002350,CANCEL,,,
3979,ORD003979,LIMIT,BUY,99.14,86
3980,ORD003980,LIMIT,BUY,99.96,23
3981,ORD001906,CANCEL,,,
3982,ORD003020,CANCEL,,,
3983,ORD003983,LIMIT,BUY,100.15,74
3984,ORD003984,LIMIT,BUY,98.72,17
3985,ORD003959,CANCEL,,,
3986,ORD003986,LIMIT,SELL,100.37,49
3987,ORD003987,LIMIT,BUY,99.84,1
3988,ORD003988,LIMIT,BUY,99.42,45
3989,ORD003523,CANCEL,,,
3990,ORD003990,LIMIT,BUY,98.57,59
3991,ORD001864,CANCEL,,,
3992,ORD002262,CANCEL,,,
3993,ORD003993,LIMIT,SELL,101.41,17
3994,ORD003994,LIMIT,BUY,98.19,96
3995,ORD003995,LIMIT,BUY,99.2,7
3996,ORD003996,LIMIT,SELL,100.7,72
3997,ORD003997,LIMIT,BUY,99.55,57
3998,ORD003998,LIMIT,BUY,100.15,3
3999,ORD003999,LIMIT,BUY,98.7,84
4000,ORD004000,LIMIT,BUY,98.65,21
4001,ORD004001,LIMIT,BUY,99.78,37
4002,ORD000626,CANCEL,,,
4003,ORD003247,CANCEL,,,
4004,ORD004004,LIMIT,SELL,100.91,99
4005,ORD004005,LIMIT,SELL,101.47,80
4006,ORD002605,CANCEL,,,
4007,ORD004007,LIMIT,SELL,100.56,23
4008,ORD004008,LIMIT,SELL,99.77,33
4009,ORD004009,LIMIT,BUY,99.39,99
4010,ORD003838,CANCEL,,,
4011,ORD004011,LIMIT,BUY,100.02,95
4012,ORD004012,LIMIT,BUY,99.0,98
4013,ORD004013,LIMIT,SELL,100.79,70
4014,ORD000909,CANCEL,,,
4015,ORD004015,LIMIT,SELL,99.87,4
4016,ORD004016,LIMIT,BUY,99.76,60
4017,ORD002848,CANCEL,,,
4018,ORD002652,CANCEL,,,
4019,ORD000571,CANCEL,,,
4020,ORD004020,LIMIT,BUY,100.42,37
4021,ORD004021,LIMIT,SELL,100.0,52
4022,ORD003571,CANCEL,,,
4023,ORD000267,CANCEL,,,
4024,ORD004024,LIMIT,BUY,100.15,87
4025,ORD004025,LIMIT,SELL,100.99,64
4026,ORD001047,CANCEL,,,
4027,ORD004027,LIMIT,SELL,101.18,100
4028,ORD004028,LIMIT,SELL,101.52,57
4029,ORD004029,LIMIT,SELL,100.59,20
4030,ORD003143,CANCEL,,,
4031,ORD001715,CANCEL,,,
4032,ORD004032,MARKET,SELL,,8
4033,ORD004033,LIMIT,SELL,99.75,43
4034,ORD004034,LIMIT,BUY,99.99,7
4035,ORD004035,LIMIT,SELL,99.81,33
4036,ORD003733,CANCEL,,,
4037,ORD004037,LIMIT,BUY,100.35,9
4038,ORD004038,LIMIT,SELL,100.29,86
4039,ORD004039,LIMIT,BUY,98.43,33
4040,ORD004040,LIMIT,BUY,98.74,77
4041,ORD004041,LIMIT,SELL,100.82,64
4042,ORD004042,LIMIT,BUY,99.48,88
4043,ORD002511,CANCEL,,,
4044,ORD004044,LIMIT,SELL,101.77,13
4045,ORD002777,CANCEL,,,
4046,ORD004046,LIMIT,BUY,99.43,32
4047,ORD004047,LIMIT,BUY,99.09,27
4048,ORD004048,LIMIT,SELL,101.78,79
4049,ORD004049,MARKET,BUY,,34
4050,ORD002569,CANCEL,,,
4051,ORD004051,MARKET,BUY,,60
4052,ORD002684,CANCEL,,,
4053,ORD004053,LIMIT,BUY,99.03,21
4054,ORD004054,LIMIT,BUY,99.65,34
4055,ORD003005,CANCEL,,,
4056,ORD004056,LIMIT,BUY,99.71,97
4057,ORD004057,LIMIT,SELL,101.74,11
4058,ORD004058,LIMIT,BUY,99.34,81
4059,ORD004059,LIMIT,SELL,100.77,10
4060,ORD004060,LIMIT,SELL,100.26,18
4061,ORD001054,CANCEL,,,
4062,ORD004062,LIMIT,SELL,101.34,30
4063,ORD004063,LIMIT,SELL,100.43,2
4064,ORD004064,LIMIT,BUY,98.65,6
4065,ORD004065,LIMIT,SELL,99.73,24
4066,ORD004066,LIMIT,SELL,100.25,52
4067,ORD003386,CANCEL,,,
4068,ORD004068,LIMIT,BUY,99.25,76
4069,ORD004069,LIMIT,BUY,99.06,65
4070,ORD003670,CANCEL,,,
4071,ORD004071,LIMIT,SELL,99.63,6
4072,ORD004072,LIMIT,BUY,98.65,12
4073,ORD004073,LIMIT,SELL,100.57,64
4074,ORD004074,LIMIT,BUY,98.71,89
4075,ORD004075,LIMIT,BUY,98.94,14
4076,ORD004076,LIMIT,SELL,101.65,85
4077,ORD004077,LIMIT,SELL,101.1,78
4078,ORD004078,LIMIT,SELL,100.44,70
4079,ORD004079,LIMIT,SELL,100.57,35
4080,ORD004080,LIMIT,SELL,100.61,20
4081,ORD004081,LIMIT,BUY,98.4,46
4082,ORD004082,LIMIT,BUY,99.02,70
4083,ORD004083,LIMIT,BUY,99.43,100
4084,ORD004084,LIMIT,SELL,100.75,79
4085,ORD002591,CANCEL,,,
4086,ORD001797,CANCEL,,,
4087,ORD004087,LIMIT,BUY,99.88,57
4088,ORD004088,LIMIT,BUY,99.56,9
4089,ORD000765,CANCEL,,,
4090,ORD004090,LIMIT,BUY,99.89,93
4091,ORD004091,LIMIT,BUY,100.18,92
4092,ORD004092,LIMIT,BUY,99.8,1
4093,ORD004093,MARKET,BUY,,33
4094,ORD004094,LIMIT,BUY,99.95,90
4095,ORD001314,CANCEL,,,
4096,ORD004096,LIMIT,SELL,100.74,34
4097,ORD000922,CANCEL,,,
4098,ORD004098,LIMIT,BUY,99.74,36
4099,ORD003099,CANCEL,,,
4100,ORD004100,LIMIT,BUY,99.85,96
4101,ORD002893,CANCEL,,,
4102,ORD001802,CANCEL,,,
4103,ORD004103,LIMIT,BUY,100.39,94
4104,ORD002467,CANCEL,,,
4105,ORD004105,MARKET,BUY,,11
4106,ORD004106,LIMIT,SELL,101.99,29
4107,ORD004107,LIMIT,BUY,99.57,34
4108,ORD004108,LIMIT,BUY,99.45,90
4109,ORD004109,LIMIT,SELL,100.77,73
4110,ORD004110,LIMIT,BUY,99.47,41
4111,ORD004111,LIMIT,BUY,99.53,93
4112,ORD004112,MARKET,BUY,,88
4113,ORD004113,LIMIT,SELL,101.82,89
4114,ORD001017,CANCEL,,,
4115,ORD000798,CANCEL,,,
4116,ORD004116,LIMIT,BUY,99.49,97
4117,ORD004117,LIMIT,SELL,100.29,53
4118,ORD004118,LIMIT,BUY,99.45,42
4119,ORD004119,LIMIT,BUY,98.02,4
4120,ORD004120,LIMIT,SELL,100.25,75
4121,ORD004121,LIMIT,BUY,98.94,49
4122,ORD004122,LIMIT,SELL,101.35,72
4123,ORD004123,LIMIT,SELL,99.63,56
4124,ORD004124,LIMIT,BUY,100.33,41
4125,ORD004125,LIMIT,SELL,100.61,69
4126,ORD004126,LIMIT,SELL,100.27,41
4127,ORD004127,LIMIT,BUY,100.01,4
4128,ORD004128,LIMIT,BUY,98.92,52
4129,ORD004129,LIMIT,BUY,98.46,54
4130,ORD004130,MARKET,SELL,,51
4131,ORD004131,LIMIT,SELL,99.63,89
4132,ORD004132,LIMIT,SELL,99.97,23
4133,ORD001431,CANCEL,,,
4134,ORD004134,LIMIT,SELL,101.7,89
4135,ORD004135,LIMIT,SELL,101.41,79
4136,ORD000366,CANCEL,,,
4137,ORD001414,CANCEL,,,
4138,ORD004138,MARKET,BUY,,65
4139,ORD004139,LIMIT,SELL,100.79,50
4140,ORD004140,LIMIT,BUY,100.45,2
4141,ORD003206,CANCEL,,,
4142,ORD004142,LIMIT,SELL,100.74,72
4143,ORD000805,CANCEL,,,
4144,ORD003229,CANCEL,,,
4145,ORD004145,LIMIT,SELL,101.46,2
4146,ORD004146,LIMIT,SELL,101.99,53
4147,ORD004147,LIMIT,BUY,99.06,19
4148,ORD004148,MARKET,BUY,,68
4149,ORD004149,LIMIT,SELL,100.58,90
4150,ORD004150,LIMIT,SELL,100.83,60
4151,ORD004151,LIMIT,BUY,98.66,66
4152,ORD001115,CANCEL,,,
4153,ORD003085,CANCEL,,,
4154,ORD004154,LIMIT,BUY,100.2,47
4155,ORD004155,MARKET,SELL,,87
4156,ORD004156,LIMIT,SELL,100.42,84
4157,ORD004157,LIMIT,BUY,100.11,10
4158,ORD001503,CANCEL,,,
4159,ORD003660,CANCEL,,,
4160,ORD004160,LIMIT,SELL,101.04,95
4161,ORD004161,LIMIT,SELL,101.05,11
4162,ORD004162,LIMIT,SELL,100.11,38
4163,ORD004163,LIMIT,BUY,98.08,72
4164,ORD004164,LIMIT,BUY,100.24,46
4165,ORD004165,LIMIT,BUY,98.17,50
4166,ORD004166,LIMIT,BUY,99.79,25
4167,ORD003280,CANCEL,,,
4168,ORD004168,LIMIT,BUY,99.36,19
4169,ORD004169,LIMIT,BUY,98.57,40
4170,ORD004163,CANCEL,,,
4171,ORD004171,LIMIT,BUY,99.79,51
4172,ORD004172,LIMIT,SELL,99.67,55
4173,ORD004173,LIMIT,BUY,98.64,86
4174,ORD004174,LIMIT,SELL,99.63,69
4175,ORD004175,LIMIT,SELL,100.69,80
4176,ORD004176,MARKET,BUY,,88
4177,ORD004177,LIMIT,SELL,100.99,19
4178,ORD004178,LIMIT,SELL,101.34,80
4179,ORD004179,LIMIT,SELL,100.82,100
4180,ORD003842,CANCEL,,,
4181,ORD004181,LIMIT,BUY,100.46,62
4182,ORD004182,LIMIT,BUY,98.26,58
4183,ORD004183,LIMIT,SELL,99.59,12
4184,ORD004184,LIMIT,SELL,99.94,17
4185,ORD004185,LIMIT,BUY,98.41,31
4186,ORD004186,LIMIT,BUY,98.28,83
4187,ORD004187,MARKET,SELL,,21
4188,ORD004188,LIMIT,BUY,99.29,66
4189,ORD004189,LIMIT,BUY,98.3,15
4190,ORD001689,CANCEL,,,
4191,ORD000059,CANCEL,,,
4192,ORD003584,CANCEL,,,
4193,ORD004193,LIMIT,SELL,99.79,4
4194,ORD004194,LIMIT,SELL,99.8,71
4195,ORD002006,CANCEL,,,
4196,ORD002418,CANCEL,,,
4197,ORD004197,MARKET,SELL,,93
4198,ORD004198,LIMIT,SELL,101.12,83
4199,ORD004199,LIMIT,BUY,98.69,97
4200,ORD004200,LIMIT,BUY,98.77,76
4201,ORD004201,MARKET,BUY,,26
4202,ORD004202,LIMIT,BUY,99.88,24
4203,ORD004041,CANCEL,,,
4204,ORD004204,LIMIT,SELL,100.97,57
4205,ORD004205,MARKET,SELL,,89
4206,ORD002624,CANCEL,,,
4207,ORD004207,LIMIT,SELL,99.73,2
4208,ORD004208,LIMIT,SELL,100.25,12
4209,ORD004209,LIMIT,BUY,98.0,58
4210,ORD004210,LIMIT,BUY,100.04,76
4211,ORD004211,MARKET,SELL,,79
4212,ORD003877,CANCEL,,,
4213,ORD004213,LIMIT,BUY,99.37,38
4214,ORD004214,LIMIT,SELL,100.92,80
4215,ORD004215,LIMIT,SELL,101.46,68
4216,ORD004216,LIMIT,SELL,100.8,82
4217,ORD004217,LIMIT,SELL,101.21,83
4218,ORD004218,LIMIT,BUY,98.93,76
4219,ORD004219,LIMIT,SELL,99.69,59
4220,ORD004220,LIMIT,BUY,98.59,3
4221,ORD004221,LIMIT,BUY,99.75,46
4222,ORD004222,LIMIT,BUY,98.76,11
4223,ORD004223,LIMIT,BUY,100.45,74
4224,ORD004224,LIMIT,BUY,99.96,47
4225,ORD004225,LIMIT,SELL,99.79,63
4226,ORD004226,LIMIT,BUY,98.34,38
4227,ORD004227,LIMIT,BUY,98.24,87
4228,ORD004228,LIMIT,BUY,99.52,76
4229,ORD004229,LIMIT,BUY,98.44,19
4230,ORD004230,LIMIT,SELL,100.97,58
4231,ORD003651,CANCEL,,,
4232,ORD004232,LIMIT,SELL,100.42,17
4233,ORD003081,CANCEL,,,
4234,ORD004234,LIMIT,SELL,101.58,6
4235,ORD004235,MARKET,BUY,,74
4236,ORD004134,CANCEL,,,
4237,ORD004237,LIMIT,SELL,101.28,3
4238,ORD004238,MARKET,BUY,,52
4239,ORD004239,LIMIT,SELL,101.88,59
4240,ORD004079,CANCEL,,,
4241,ORD004150,CANCEL,,,
4242,ORD004242,LIMIT,BUY,100.3,79
4243,ORD004243,MARKET,SELL,,12
4244,ORD004244,LIMIT,BUY,98.65,58
4245,ORD004245,LIMIT,BUY,98.18,70
4246,ORD004246,MARKET,SELL,,9
4247,ORD002279,CANCEL,,,
4248,ORD004248,MARKET,BUY,,74
4249,ORD004249,LIMIT,BUY,100.11,14
4250,ORD004250,LIMIT,BUY,99.07,96
4251,ORD004251,LIMIT,SELL,101.54,57
4252,ORD003144,CANCEL,,,
4253,ORD000493,CANCEL,,,
4254,ORD000754,CANCEL,,,
4255,ORD004255,LIMIT,SELL,99.51,62
4256,ORD004256,LIMIT,BUY,99.44,40
4257,ORD004257,LIMIT,SELL,100.07,83
4258,ORD003140,CANCEL,,,
4259,ORD004259,LIMIT,SELL,100.93,53
4260,ORD004260,LIMIT,SELL,100.68,15
4261,ORD004261,LIMIT,BUY,99.98,66
4262,ORD004262,LIMIT,SELL,100.28,69
4263,ORD003883,CANCEL,,,
4264,ORD004264,MARKET,BUY,,43
4265,ORD002287,CANCEL,,,
4266,ORD004266,LIMIT,SELL,99.96,60
4267,ORD004267,LIMIT,BUY,99.96,94
4268,ORD004268,LIMIT,SELL,101.7,31
4269,ORD004269,LIMIT,BUY,98.15,35
4270,ORD004270,MARKET,SELL,,55
4271,ORD004271,LIMIT,BUY,100.49,39
4272,ORD004272,LIMIT,BUY,100.42,41
4273,ORD004273,LIMIT,SELL,101.49,81
4274,ORD004274,LIMIT,SELL,99.84,7
4275,ORD004275,LIMIT,BUY,99.11,36
4276,ORD004276,LIMIT,SELL,101.05,46
4277,ORD002485,CANCEL,,,
4278,ORD003135,CANCEL,,,
4279,ORD004083,CANCEL,,,
4280,ORD000431,CANCEL,,,
4281,ORD004281,LIMIT,SELL,100.31,6
4282,ORD004282,LIMIT,SELL,101.17,77
4283,ORD001720,CANCEL,,,
4284,ORD000844,CANCEL,,,
4285,ORD004285,LIMIT,SELL,101.85,13
4286,ORD004286,LIMIT,BUY,100.01,91
4287,ORD004287,MARKET,SELL,,90
4288,ORD003400,CANCEL,,,
4289,ORD003709,CANCEL,,,
4290,ORD004290,LIMIT,BUY,100.3,35
4291,ORD004291,LIMIT,BUY,100.5,11
4292,ORD004292,LIMIT,BUY,98.78,73
4293,ORD004293,MARKET,BUY,,54
4294,ORD004294,MARKET,BUY,,15
4295,ORD004295,LIMIT,BUY,98.87,84
4296,ORD004296,LIMIT,SELL,101.73,44
4297,ORD001959,CANCEL,,,
4298,ORD004128,CANCEL,,,
4299,ORD004299,LIMIT,SELL,101.61,60
4300,ORD004300,LIMIT,BUY,99.77,76
4301,ORD004301,LIMIT,BUY,99.67,9
4302,ORD002479,CANCEL,,,
4303,ORD004303,LIMIT,BUY,99.93,2
4304,ORD004304,MARKET,BUY,,45
4305,ORD000407,CANCEL,,,
4306,ORD004306,MARKET,SELL,,79
4307,ORD004307,MARKET,SELL,,70
4308,ORD004308,LIMIT,BUY,100.48,44
4309,ORD004309,LIMIT,BUY,98.9,98
4310,ORD004310,LIMIT,SELL,100.35,6
4311,ORD004311,MARKET,BUY,,53
4312,ORD004312,LIMIT,BUY,98.99,55
4313,ORD004313,MARKET,BUY,,50
4314,ORD004314,LIMIT,SELL,101.45,31
4315,ORD004315,LIMIT,SELL,99.81,28
4316,ORD004316,LIMIT,SELL,101.25,48
4317,ORD004317,MARKET,BUY,,63
4318,ORD004318,LIMIT,BUY,98.02,21
4319,ORD004319,MARKET,BUY,,28
4320,ORD004320,LIMIT,SELL,101.75,24
4321,ORD004321,LIMIT,SELL,99.96,8
4322,ORD004322,LIMIT,BUY,98.55,43
4323,ORD004323,MARKET,BUY,,5
4324,ORD004324,LIMIT,SELL,99.62,32
4325,ORD003880,CANCEL,,,
4326,ORD004326,LIMIT,SELL,100.11,20
4327,ORD004327,MARKET,BUY,,51
4328,ORD004328,LIMIT,BUY,98.02,87
4329,ORD004329,LIMIT,SELL,101.69,73
4330,ORD004330,LIMIT,SELL,100.91,24
4331,ORD003264,CANCEL,,,
4332,ORD004332,LIMIT,SELL,100.49,30
4333,ORD004333,LIMIT,BUY,100.01,23
4334,ORD004334,LIMIT,BUY,98.88,24
4335,ORD002754,CANCEL,,,
4336,ORD004336,LIMIT,BUY,98.32,57
4337,ORD004025,CANCEL,,,
4338,ORD004338,LIMIT,BUY,99.88,1
4339,ORD002640,CANCEL,,,
4340,ORD004340,MARKET,BUY,,78
4341,ORD004341,MARKET,BUY,,68
4342,ORD004342,LIMIT,SELL,101.22,73
4343,ORD001000,CANCEL,,,
4344,ORD004344,LIMIT,SELL,100.43,71
4345,ORD004345,LIMIT,SELL,100.66,61
4346,ORD003622,CANCEL,,,
4347,ORD003118,CANCEL,,,
4348,ORD004348,LIMIT,BUY,99.93,31
4349,ORD004349,MARKET,BUY,,49
4350,ORD004350,LIMIT,BUY,99.45,23
4351,ORD004351,LIMIT,SELL,101.71,7
4352,ORD004352,LIMIT,BUY,99.88,21
4353,ORD001443,CANCEL,,,
4354,ORD004354,LIMIT,SELL,101.06,30
4355,ORD001299,CANCEL,,,
4356,ORD000894,CANCEL,,,
4357,ORD004357,LIMIT,SELL,101.14,94
4358,ORD003847,CANCEL,,,
4359,ORD004359,MARKET,BUY,,47
4360,ORD004360,LIMIT,BUY,99.68,95
4361,ORD004361,LIMIT,BUY,99.59,7
4362,ORD004362,LIMIT,BUY,98.33,92
4363,ORD004363,LIMIT,SELL,99.82,14
4364,ORD004364,MARKET,BUY,,100
4365,ORD004365,LIMIT,BUY,100.22,53
4366,ORD004366,MARKET,BUY,,8
4367,ORD004367,LIMIT,BUY,99.1,59
4368,ORD004368,LIMIT,BUY,98.56,99
4369,ORD000331,CANCEL,,,
4370,ORD004370,LIMIT,BUY,100.21,88
4371,ORD004371,LIMIT,BUY,98.95,78
4372,ORD001325,CANCEL,,,
4373,ORD004373,LIMIT,BUY,99.96,34
4374,ORD004374,MARKET,SELL,,50
4375,ORD004375,LIMIT,BUY,100.0,26
4376,ORD004376,LIMIT,SELL,100.75,47
4377,ORD004377,LIMIT,SELL,100.54,51
4378,ORD004378,LIMIT,BUY,99.75,20
4379,ORD002957,CANCEL,,,
4380,ORD004380,LIMIT,SELL,100.26,37
4381,ORD004381,LIMIT,SELL,99.59,56
4382,ORD004382,LIMIT,BUY,99.51,25
4383,ORD004383,LIMIT,SELL,100.26,78
4384,ORD004384,LIMIT,SELL,101.62,50
4385,ORD004345,CANCEL,,,
4386,ORD004386,LIMIT,BUY,98.37,28
4387,ORD004387,LIMIT,BUY,99.85,84
4388,ORD004388,LIMIT,SELL,99.88,87
4389,ORD004389,LIMIT,BUY,99.23,77
4390,ORD004390,LIMIT,BUY,100.33,19
4391,ORD004391,LIMIT,SELL,101.28,85
4392,ORD004392,LIMIT,SELL,100.0,44
4393,ORD004393,LIMIT,BUY,100.41,37
4394,ORD004394,LIMIT,BUY,99.67,47
4395,ORD004395,LIMIT,BUY,100.37,5
4396,ORD004396,MARKET,BUY,,91
4397,ORD004397,LIMIT,SELL,100.43,93
4398,ORD004398,LIMIT,SELL,100.48,89
4399,ORD004399,LIMIT,SELL,101.49,52
4400,ORD004400,LIMIT,SELL,101.86,82
4401,ORD004401,LIMIT,BUY,98.6,48
4402,ORD004402,LIMIT,SELL,101.83,77
4403,ORD004403,LIMIT,SELL,99.66,27
4404,ORD004404,MARKET,BUY,,44
4405,ORD004405,LIMIT,BUY,100.27,74
4406,ORD004406,LIMIT,SELL,101.54,24
4407,ORD004407,LIMIT,BUY,100.35,74
4408,ORD004408,LIMIT,SELL,99.95,31
4409,ORD004299,CANCEL,,,
4410,ORD004410,LIMIT,BUY,99.94,76
4411,ORD004411,LIMIT,SELL,99.81,37
4412,ORD003557,CANCEL,,,
4413,ORD004413,LIMIT,BUY,100.24,54
4414,ORD004414,LIMIT,SELL,101.72,28
4415,ORD004415,LIMIT,BUY,99.03,85
4416,ORD004416,LIMIT,BUY,100.27,3
4417,ORD003479,CANCEL,,,
4418,ORD004418,LIMIT,BUY,99.33,46
4419,ORD004419,LIMIT,BUY,98.2,94
4420,ORD004420,LIMIT,BUY,99.39,41
4421,ORD002360,CANCEL,,,
4422,ORD004422,LIMIT,SELL,99.94,65
4423,ORD004423,LIMIT,SELL,101.2,87
4424,ORD004424,LIMIT,BUY,99.61,21
4425,ORD004425,LIMIT,BUY,99.03,44
4426,ORD004426,LIMIT,BUY,99.11,58
4427,ORD002651,CANCEL,,,
4428,ORD004428,LIMIT,SELL,99.99,1
4429,ORD000697,CANCEL,,,
4430,ORD004430,LIMIT,BUY,99.57,46
4431,ORD004431,LIMIT,SELL,99.66,48
4432,ORD004432,MARKET,BUY,,20
4433,ORD004433,LIMIT,BUY,98.16,24
4434,ORD004434,LIMIT,BUY,98.07,39
4435,ORD004435,LIMIT,BUY,98.54,51
4436,ORD004436,LIMIT,BUY,98.41,5
4437,ORD001563,CANCEL,,,
4438,ORD004438,LIMIT,SELL,99.89,100
4439,ORD004439,LIMIT,BUY,98.47,93
4440,ORD004440,LIMIT,SELL,100.36,93
4441,ORD004441,LIMIT,SELL,101.65,88
4442,ORD004442,LIMIT,BUY,98.38,89
4443,ORD004443,LIMIT,SELL,101.04,67
4444,ORD004444,MARKET,BUY,,47
4445,ORD004445,LIMIT,BUY,98.56,30
4446,ORD004446,LIMIT,BUY,100.43,61
4447,ORD004447,LIMIT,BUY,99.15,66
4448,ORD003337,CANCEL,,,
4449,ORD004449,LIMIT,BUY,100.02,26
4450,ORD004450,MARKET,BUY,,16
4451,ORD000975,CANCEL,,,
4452,ORD004452,LIMIT,BUY,99.4,72
4453,ORD004453,LIMIT,BUY,100.41,64
4454,ORD004454,LIMIT,SELL,101.41,69
4455,ORD004455,LIMIT,SELL,100.31,97
4456,ORD004456,LIMIT,BUY,100.42,28
4457,ORD004457,LIMIT,BUY,98.4,92
4458,ORD004458,LIMIT,BUY,98.73,20
4459,ORD004459,LIMIT,BUY,99.66,88
4460,ORD004460,LIMIT,BUY,100.4,52
4461,ORD001481,CANCEL,,,
4462,ORD004462,LIMIT,SELL,101.14,50
4463,ORD004463,LIMIT,SELL,100.11,83
4464,ORD000636,CANCEL,,,
4465,ORD004465,LIMIT,SELL,101.57,1
4466,ORD004466,LIMIT,SELL,100.9,40
4467,ORD004467,LIMIT,SELL,101.72,10
4468,ORD004468,LIMIT,SELL,101.15,66
4469,ORD004469,LIMIT,SELL,101.57,61
4470,ORD004470,MARKET,SELL,,94
4471,ORD004471,MARKET,SELL,,41
4472,ORD004472,LIMIT,BUY,100.34,85
4473,ORD000887,CANCEL,,,
4474,ORD004474,MARKET,SELL,,73
4475,ORD004475,LIMIT,SELL,100.18,73
4476,ORD004476,LIMIT,BUY,98.94,28
4477,ORD004477,LIMIT,SELL,100.39,24
4478,ORD004073,CANCEL,,,
4479,ORD001210,CANCEL,,,
4480,ORD001416,CANCEL,,,
4481,ORD004481,LIMIT,BUY,98.18,84
4482,ORD004482,LIMIT,BUY,98.22,40
4483,ORD001595,CANCEL,,,
4484,ORD004484,LIMIT,SELL,101.05,60
4485,ORD004485,LIMIT,SELL,100.92,67
4486,ORD004486,LIMIT,BUY,99.23,62
4487,ORD004487,LIMIT,BUY,99.63,87
4488,ORD004488,LIMIT,SELL,101.24,68
4489,ORD004489,LIMIT,SELL,100.55,31
4490,ORD004490,LIMIT,BUY,99.71,90
4491,ORD004491,LIMIT,BUY,98.23,99
4492,ORD004492,LIMIT,SELL,101.88,87
4493,ORD004493,LIMIT,SELL,99.81,6
4494,ORD003275,CANCEL,,,
4495,ORD004218,CANCEL,,,
4496,ORD002319,CANCEL,,,
4497,ORD004497,LIMIT,SELL,100.21,82
4498,ORD004498,LIMIT,SELL,101.28,1
4499,ORD003184,CANCEL,,,
4500,ORD004500,LIMIT,SELL,101.16,56
4501,ORD004501,LIMIT,SELL,100.98,40
4502,ORD004502,LIMIT,BUY,98.5,45
4503,ORD004503,LIMIT,BUY,98.83,3
4504,ORD004504,LIMIT,SELL,100.05,26
4505,ORD003846,CANCEL,,,
4506,ORD004506,LIMIT,SELL,101.04,60
4507,ORD004507,LIMIT,BUY,99.41,46
4508,ORD003691,CANCEL,,,
4509,ORD004509,LIMIT,SELL,101.24,76
4510,ORD004510,LIMIT,BUY,98.87,21
4511,ORD004511,LIMIT,SELL,100.02,39
4512,ORD004512,LIMIT,BUY,99.54,68
4513,ORD004513,LIMIT,SELL,100.37,37
4514,ORD004514,LIMIT,SELL,101.93,97
4515,ORD004515,LIMIT,SELL,100.27,33
4516,ORD004516,LIMIT,SELL,100.49,78
4517,ORD004517,LIMIT,BUY,100.36,34
4518,ORD004518,LIMIT,SELL,100.94,35
4519,ORD004519,MARKET,SELL,,98
4520,ORD004520,LIMIT,BUY,98.12,43
4521,ORD004521,LIMIT,BUY,99.19,28
4522,ORD004522,MARKET,SELL,,21
4523,ORD000173,CANCEL,,,
4524,ORD004524,LIMIT,SELL,101.23,15
4525,ORD004525,LIMIT,BUY,98.75,67
4526,ORD004526,LIMIT,SELL,101.46,48
4527,ORD004527,LIMIT,BUY,98.31,32
4528,ORD002096,CANCEL,,,
4529,ORD004529,LIMIT,SELL,100.45,9
4530,ORD003378,CANCEL,,,
4531,ORD004531,LIMIT,BUY,98.35,95
4532,ORD004532,LIMIT,BUY,98.29,94
4533,ORD004533,LIMIT,SELL,101.66,68
4534,ORD004534,LIMIT,SELL,100.96,81
4535,ORD004535,LIMIT,SELL,100.89,56
4536,ORD004536,LIMIT,BUY,99.52,9
4537,ORD004537,LIMIT,SELL,99.97,90
4538,ORD004538,LIMIT,SELL,99.68,70
4539,ORD004539,LIMIT,BUY,98.74,24
4540,ORD002571,CANCEL,,,
4541,ORD003600,CANCEL,,,
4542,ORD004542,LIMIT,BUY,98.49,59
4543,ORD004543,LIMIT,SELL,101.14,3
4544,ORD004544,LIMIT,SELL,100.54,95
4545,ORD004545,LIMIT,SELL,100.85,4
4546,ORD004056,CANCEL,,,
4547,ORD004547,LIMIT,SELL,101.74,73
4548,ORD004548,LIMIT,SELL,101.9,20
4549,ORD004549,LIMIT,BUY,100.43,57
4550,ORD004550,LIMIT,BUY,98.47,5
4551,ORD004551,MARKET,SELL,,30
4552,ORD004552,LIMIT,SELL,99.91,72
4553,ORD004553,LIMIT,SELL,100.35,58
4554,ORD004554,LIMIT,BUY,98.33,20
4555,ORD004555,MARKET,BUY,,3
4556,ORD002546,CANCEL,,,
4557,ORD004557,LIMIT,BUY,100.19,30
4558,ORD001574,CANCEL,,,
4559,ORD004559,LIMIT,SELL,101.34,16
4560,ORD004560,LIMIT,SELL,100.41,2
4561,ORD004561,LIMIT,SELL,100.7,79
4562,ORD004562,LIMIT,SELL,101.37,23
4563,ORD004563,LIMIT,SELL,99.7,23
4564,ORD004564,LIMIT,SELL,99.93,4
4565,ORD004565,MARKET,BUY,,70
4566,ORD004566,LIMIT,BUY,100.0,95
4567,ORD004567,MARKET,BUY,,92
4568,ORD001373,CANCEL,,,
4569,ORD004569,LIMIT,BUY,100.2,8
4570,ORD004570,LIMIT,SELL,100.15,70
4571,ORD004571,LIMIT,BUY,99.19,82
4572,ORD004572,LIMIT,SELL,100.53,80
4573,ORD004573,LIMIT,BUY,98.13,47
4574,ORD004574,LIMIT,BUY,100.3,20
4575,ORD004575,LIMIT,SELL,100.35,9
4576,ORD002176,CANCEL,,,
4577,ORD004577,LIMIT,SELL,101.4,37
4578,ORD004578,LIMIT,BUY,99.21,81
4579,ORD003243,CANCEL,,,
4580,ORD004580,LIMIT,BUY,98.25,11
4581,ORD000538,CANCEL,,,
4582,ORD002793,CANCEL,,,
4583,ORD004583,LIMIT,BUY,98.87,89
4584,ORD004584,LIMIT,BUY,100.23,10
4585,ORD004585,LIMIT,BUY,99.21,89
4586,ORD003455,CANCEL,,,
4587,ORD004587,LIMIT,BUY,99.47,80
4588,ORD004588,LIMIT,SELL,100.3,98
4589,ORD000997,CANCEL,,,
4590,ORD001265,CANCEL,,,
4591,ORD004591,LIMIT,SELL,100.12,72
4592,ORD004592,MARKET,BUY,,38
4593,ORD001075,CANCEL,,,
4594,ORD004594,LIMIT,SELL,101.21,34
4595,ORD004595,LIMIT,SELL,99.98,25
4596,ORD004596,LIMIT,BUY,100.04,26
4597,ORD004597,LIMIT,SELL,101.69,3
4598,ORD004598,LIMIT,SELL,100.95,43
4599,ORD002822,CANCEL,,,
4600,ORD001422,CANCEL,,,
4601,ORD002456,CANCEL,,,
4602,ORD004602,LIMIT,SELL,101.21,10
4603,ORD004603,LIMIT,SELL,101.2,64
4604,ORD004604,LIMIT,BUY,99.59,27
4605,ORD004401,CANCEL,,,
4606,ORD004606,LIMIT,SELL,100.17,58
4607,ORD004607,LIMIT,SELL,99.93,46
4608,ORD004608,LIMIT,BUY,100.21,45
4609,ORD004609,LIMIT,BUY,98.33,84
4610,ORD004610,LIMIT,BUY,98.71,10
4611,ORD004611,LIMIT,SELL,99.88,41
4612,ORD004612,LIMIT,SELL,100.11,86
4613,ORD004613,LIMIT,BUY,98.43,80
4614,ORD004614,MARKET,BUY,,49
4615,ORD003599,CANCEL,,,
4616,ORD004616,LIMIT,BUY,99.38,13
4617,ORD003824,CANCEL,,,
4618,ORD003567,CANCEL,,,
4619,ORD004619,MARKET,BUY,,74
4620,ORD004620,LIMIT,BUY,98.39,83
4621,ORD004310,CANCEL,,,
4622,ORD004220,CANCEL,,,
4623,ORD000812,CANCEL,,,
4624,ORD004624,LIMIT,SELL,101.78,15
4625,ORD004625,LIMIT,BUY,99.36,69
4626,ORD004626,LIMIT,SELL,99.52,98
4627,ORD004627,LIMIT,SELL,100.84,50
4628,ORD004628,LIMIT,SELL,101.59,87
4629,ORD004094,CANCEL,,,
4630,ORD004630,LIMIT,SELL,100.81,32
4631,ORD004631,LIMIT,SELL,101.9,82
4632,ORD004632,LIMIT,SELL,101.44,16
4633,ORD004633,LIMIT,BUY,99.65,15
4634,ORD004634,LIMIT,SELL,99.95,25
4635,ORD002136,CANCEL,,,
4636,ORD004636,LIMIT,BUY,99.53,69
4637,ORD004637,LIMIT,BUY,99.21,66
4638,ORD004638,MARKET,BUY,,79
4639,ORD004639,LIMIT,SELL,100.99,79
4640,ORD004640,LIMIT,BUY,99.28,26
4641,ORD003164,CANCEL,,,
4642,ORD001717,CANCEL,,,
4643,ORD004643,LIMIT,SELL,101.34,96
4644,ORD000065,CANCEL,,,
4645,ORD002345,CANCEL,,,
4646,ORD004646,LIMIT,BUY,98.48,51
4647,ORD000973,CANCEL,,,
4648,ORD003495,CANCEL,,,
4649,ORD004166,CANCEL,,,
4650,ORD001845,CANCEL,,,
4651,ORD004651,LIMIT,BUY,98.0,46
4652,ORD004652,LIMIT,BUY,100.11,79
4653,ORD004057,CANCEL,,,
4654,ORD004654,MARKET,BUY,,51
4655,ORD004655,LIMIT,SELL,100.64,56
4656,ORD004656,LIMIT,BUY,99.39,27
4657,ORD004657,LIMIT,SELL,101.71,27
4658,ORD004658,LIMIT,SELL,101.37,65
4659,ORD004659,LIMIT,BUY,100.41,97
4660,ORD004660,LIMIT,SELL,100.64,32
4661,ORD004661,LIMIT,SELL,99.77,10
4662,ORD003621,CANCEL,,,
4663,ORD004663,LIMIT,BUY,98.56,78
4664,ORD003664,CANCEL,,,
4665,ORD004665,LIMIT,BUY,98.47,95
4666,ORD004666,LIMIT,BUY,98.81,98
4667,ORD004667,LIMIT,BUY,100.24,64
4668,ORD004668,LIMIT,BUY,99.57,48
4669,ORD004669,MARKET,BUY,,69
4670,ORD004670,LIMIT,SELL,99.69,17
4671,ORD004671,LIMIT,SELL,99.79,65
4672,ORD004672,LIMIT,SELL,100.55,69
4673,ORD004673,LIMIT,SELL,100.74,95
4674,ORD004674,LIMIT,BUY,98.94,90
4675,ORD004675,LIMIT,SELL,101.41,79
4676,ORD004676,LIMIT,BUY,99.12,40
4677,ORD004677,LIMIT,BUY,98.56,35
4678,ORD004678,LIMIT,BUY,99.85,18
4679,ORD004679,LIMIT,BUY,99.57,19
4680,ORD004680,LIMIT,SELL,101.97,39
4681,ORD002740,CANCEL,,,
4682,ORD004682,LIMIT,SELL,100.91,71
4683,ORD004683,LIMIT,SELL,101.2,33
4684,ORD004684,LIMIT,SELL,99.69,66
4685,ORD003410,CANCEL,,,
4686,ORD004686,LIMIT,SELL,100.66,37
4687,ORD004687,LIMIT,SELL,101.33,69
4688,ORD004688,LIMIT,BUY,98.73,75
4689,ORD004689,LIMIT,SELL,99.52,78
4690,ORD003534,CANCEL,,,
4691,ORD004691,LIMIT,SELL,100.32,22
4692,ORD004475,CANCEL,,,
4693,ORD004693,LIMIT,BUY,100.4,6
4694,ORD004694,LIMIT,SELL,101.75,3
4695,ORD004695,LIMIT,BUY,100.08,46
4696,ORD004696,MARKET,BUY,,70
4697,ORD004697,LIMIT,BUY,100.01,43
4698,ORD004698,LIMIT,BUY,99.84,34
4699,ORD004699,LIMIT,BUY,99.04,31
4700,ORD004594,CANCEL,,,
4701,ORD004701,LIMIT,SELL,99.62,28
4702,ORD002336,CANCEL,,,
4703,ORD004703,LIMIT,SELL,101.72,100
4704,ORD004704,MARKET,BUY,,46
4705,ORD004705,LIMIT,BUY,99.92,25
4706,ORD004706,LIMIT,SELL,100.92,65
4707,ORD004707,LIMIT,BUY,99.33,21
4708,ORD004708,MARKET,BUY,,81
4709,ORD004709,LIMIT,SELL,101.22,7
4710,ORD004710,LIMIT,SELL,101.92,17
4711,ORD004711,LIMIT,BUY,98.69,44
4712,ORD004712,LIMIT,SELL,100.44,39
4713,ORD004713,LIMIT,SELL,101.45,15
4714,ORD004714,LIMIT,SELL,100.59,62
4715,ORD004625,CANCEL,,,
4716,ORD004716,LIMIT,BUY,100.14,16
4717,ORD004717,LIMIT,SELL,101.83,83
4718,ORD004718,LIMIT,SELL,100.15,40
4719,ORD004719,LIMIT,SELL,100.22,42
4720,ORD004720,LIMIT,BUY,98.82,13
4721,ORD004721,LIMIT,BUY,98.78,63
4722,ORD004722,LIMIT,BUY,99.82,28
4723,ORD003772,CANCEL,,,
4724,ORD004724,MARKET,BUY,,32
4725,ORD004725,LIMIT,BUY,100.33,9
4726,ORD004726,LIMIT,SELL,101.45,19
4727,ORD004727,LIMIT,SELL,100.56,35
4728,ORD004728,LIMIT,BUY,99.39,92
4729,ORD004729,LIMIT,SELL,100.96,40
4730,ORD004315,CANCEL,,,
4731,ORD004731,LIMIT,SELL,99.79,65
4732,ORD004732,LIMIT,SELL,100.62,8
4733,ORD004733,LIMIT,BUY,99.59,47
4734,ORD004734,LIMIT,BUY,99.14,35
4735,ORD004735,LIMIT,SELL,100.39,19
4736,ORD004736,LIMIT,SELL,101.47,60
4737,ORD003309,CANCEL,,,
4738,ORD004738,LIMIT,SELL,100.22,78
4739,ORD004739,LIMIT,SELL,100.78,4
4740,ORD004740,LIMIT,BUY,99.05,9
4741,ORD004741,LIMIT,BUY,99.3,77
4742,ORD004742,LIMIT,SELL,100.78,65
4743,ORD004743,LIMIT,BUY,99.39,46
4744,ORD004744,LIMIT,SELL,99.99,37
4745,ORD004745,LIMIT,SELL,101.21,41
4746,ORD002762,CANCEL,,,
4747,ORD004747,LIMIT,SELL,101.15,42
4748,ORD004748,LIMIT,SELL,101.46,7
4749,ORD003248,CANCEL,,,
4750,ORD004750,LIMIT,SELL,100.7,38
4751,ORD004751,LIMIT,SELL,101.34,57
4752,ORD004752,LIMIT,BUY,98.99,9
4753,ORD004753,LIMIT,BUY,98.99,76
4754,ORD004754,LIMIT,SELL,101.07,56
4755,ORD004755,MARKET,SELL,,76
4756,ORD004756,LIMIT,BUY,98.28,69
4757,ORD004757,LIMIT,SELL,100.94,69
4758,ORD004758,LIMIT,SELL,101.26,70
4759,ORD004759,LIMIT,SELL,99.93,38
4760,ORD004760,LIMIT,SELL,101.85,86
4761,ORD004761,LIMIT,SELL,100.6,72
4762,ORD004762,LIMIT,SELL,101.72,43
4763,ORD004763,LIMIT,SELL,99.82,67
4764,ORD004764,LIMIT,BUY,98.18,96
4765,ORD004765,LIMIT,BUY,98.75,70
4766,ORD003417,CANCEL,,,
4767,ORD004767,LIMIT,SELL,100.66,43
4768,ORD004768,LIMIT,SELL,100.16,43
4769,ORD004769,LIMIT,SELL,100.02,64
4770,ORD004770,LIMIT,BUY,98.98,67
4771,ORD001520,CANCEL,,,
4772,ORD004772,LIMIT,BUY,99.26,97
4773,ORD004773,LIMIT,BUY,99.45,79
4774,ORD004774,LIMIT,SELL,99.7,44
4775,ORD004775,LIMIT,BUY,99.54,93
4776,ORD004776,LIMIT,BUY,99.11,74
4777,ORD002200,CANCEL,,,
4778,ORD004399,CANCEL,,,
4779,ORD004779,LIMIT,SELL,100.05,48
4780,ORD004267,CANCEL,,,
4781,ORD004781,LIMIT,BUY,99.16,96
4782,ORD004303,CANCEL,,,
4783,ORD004783,LIMIT,BUY,98.99,96
4784,ORD004784,LIMIT,BUY,99.97,11
4785,ORD004729,CANCEL,,,
4786,ORD004786,LIMIT,BUY,100.46,40
4787,ORD004419,CANCEL,,,
4788,ORD004788,LIMIT,BUY,99.07,74
4789,ORD003104,CANCEL,,,
4790,ORD004790,LIMIT,BUY,99.79,6
4791,ORD004791,LIMIT,BUY,98.75,92
4792,ORD004792,MARKET,SELL,,44
4793,ORD004793,LIMIT,SELL,101.39,18
4794,ORD004794,LIMIT,BUY,98.87,93
4795,ORD004795,LIMIT,BUY,98.6,80
4796,ORD000165,CANCEL,,,
4797,ORD004797,LIMIT,SELL,101.94,56
4798,ORD003525,CANCEL,,,
4799,ORD004799,LIMIT,SELL,99.71,43
4800,ORD004800,LIMIT,SELL,100.72,24
4801,ORD004801,LIMIT,BUY,98.73,51
4802,ORD004802,LIMIT,BUY,100.1,31
4803,ORD004803,LIMIT,BUY,100.14,70
4804,ORD004804,LIMIT,SELL,100.36,32
4805,ORD004805,LIMIT,BUY,98.64,9
4806,ORD004806,MARKET,SELL,,14
4807,ORD004807,LIMIT,SELL,100.31,27
4808,ORD004808,LIMIT,SELL,100.16,48
4809,ORD004809,LIMIT,BUY,99.4,1
4810,ORD004797,CANCEL,,,
4811,ORD004811,LIMIT,SELL,100.55,55
4812,ORD004392,CANCEL,,,
4813,ORD004813,LIMIT,BUY,98.65,35
4814,ORD004814,LIMIT,BUY,99.99,3
4815,ORD004815,LIMIT,BUY,99.01,89
4816,ORD004816,LIMIT,BUY,98.43,69
4817,ORD004817,LIMIT,SELL,100.77,98
4818,ORD004818,LIMIT,SELL,100.38,91
4819,ORD004819,LIMIT,SELL,101.73,18
4820,ORD004820,LIMIT,BUY,100.22,3
4821,ORD004821,LIMIT,SELL,101.9,16
4822,ORD004822,LIMIT,SELL,101.55,100
4823,ORD004823,LIMIT,BUY,100.37,76
4824,ORD004824,LIMIT,BUY,98.51,61
4825,ORD004825,LIMIT,SELL,100.06,30
4826,ORD004826,LIMIT,SELL,100.62,33
4827,ORD003852,CANCEL,,,
4828,ORD000228,CANCEL,,,
4829,ORD004829,LIMIT,BUY,98.87,66
4830,ORD004830,LIMIT,SELL,99.97,17
4831,ORD004831,LIMIT,SELL,99.92,6
4832,ORD004832,LIMIT,BUY,98.43,30
4833,ORD004833,LIMIT,BUY,98.89,60
4834,ORD001970,CANCEL,,,
4835,ORD004835,MARKET,BUY,,91
4836,ORD004836,MARKET,SELL,,28
4837,ORD002476,CANCEL,,,
4838,ORD004838,LIMIT,BUY,99.61,8
4839,ORD004839,MARKET,SELL,,82
4840,ORD004840,LIMIT,BUY,99.36,60
4841,ORD003904,CANCEL,,,
4842,ORD004842,LIMIT,SELL,100.47,33
4843,ORD004843,LIMIT,SELL,99.94,11
4844,ORD004844,LIMIT,SELL,99.96,2
4845,ORD004845,LIMIT,BUY,98.25,69
4846,ORD004846,MARKET,BUY,,40
4847,ORD004847,MARKET,SELL,,49
4848,ORD004848,MARKET,SELL,,70
4849,ORD004849,MARKET,BUY,,20
4850,ORD004850,LIMIT,BUY,99.95,31
4851,ORD004851,LIMIT,SELL,99.68,47
4852,ORD004742,CANCEL,,,
4853,ORD004853,MARKET,BUY,,60
4854,ORD004854,MARKET,SELL,,13
4855,ORD004855,LIMIT,BUY,99.99,2
4856,ORD002841,CANCEL,,,
4857,ORD004857,MARKET,SELL,,97
4858,ORD004858,LIMIT,SELL,99.73,27
4859,ORD004859,LIMIT,SELL,101.36,61
4860,ORD004860,LIMIT,SELL,99.96,4
4861,ORD004861,LIMIT,SELL,101.81,100
4862,ORD004862,LIMIT,SELL,102.0,15
4863,ORD004863,LIMIT,BUY,98.02,33
4864,ORD004864,MARKET,SELL,,19
4865,ORD004865,LIMIT,SELL,101.47,17
4866,ORD001284,CANCEL,,,
4867,ORD002581,CANCEL,,,
4868,ORD002340,CANCEL,,,
4869,ORD004587,CANCEL,,,
4870,ORD004870,LIMIT,BUY,99.83,86
4871,ORD004871,LIMIT,SELL,101.56,61
4872,ORD004872,LIMIT,SELL,100.02,24
4873,ORD004873,LIMIT,SELL,100.06,17
4874,ORD004874,LIMIT,BUY,99.51,39
4875,ORD004875,LIMIT,BUY,99.69,35
4876,ORD004876,LIMIT,SELL,100.38,49
4877,ORD001040,CANCEL,,,
4878,ORD003682,CANCEL,,,
4879,ORD004744,CANCEL,,,
4880,ORD004880,LIMIT,BUY,99.07,52
4881,ORD004881,LIMIT,SELL,101.51,53
4882,ORD004882,LIMIT,SELL,101.77,66
4883,ORD004883,LIMIT,BUY,98.95,8
4884,ORD004884,LIMIT,SELL,100.15,66
4885,ORD004885,LIMIT,SELL,100.89,12
4886,ORD004886,LIMIT,BUY,99.23,80
4887,ORD004887,MARKET,BUY,,39
4888,ORD002621,CANCEL,,,
4889,ORD004889,LIMIT,BUY,100.4,81
4890,ORD001619,CANCEL,,,
4891,ORD004891,LIMIT,BUY,98.67,56
4892,ORD004892,LIMIT,BUY,98.29,74
4893,ORD004893,LIMIT,SELL,100.58,19
4894,ORD004894,LIMIT,BUY,100.49,26
4895,ORD004895,LIMIT,SELL,101.36,2
4896,ORD004896,MARKET,SELL,,27
4897,ORD004897,MARKET,BUY,,3
4898,ORD004898,LIMIT,SELL,100.23,92
4899,ORD004899,LIMIT,SELL,99.78,1
4900,ORD001519,CANCEL,,,
4901,ORD001825,CANCEL,,,
4902,ORD004902,MARKET,BUY,,12
4903,ORD004903,LIMIT,BUY,98.35,64
4904,ORD004904,LIMIT,SELL,100.95,69
4905,ORD004905,LIMIT,SELL,101.04,50
4906,ORD003713,CANCEL,,,
4907,ORD004907,LIMIT,BUY,100.17,71
4908,ORD004908,LIMIT,SELL,99.6,3
4909,ORD004909,LIMIT,SELL,100.12,16
4910,ORD004910,LIMIT,BUY,98.21,13
4911,ORD004911,LIMIT,BUY,99.66,72
4912,ORD004912,LIMIT,SELL,99.85,74
4913,ORD004913,LIMIT,SELL,99.55,82
4914,ORD004914,MARKET,BUY,,27
4915,ORD004915,LIMIT,BUY,99.03,58
4916,ORD004916,LIMIT,SELL,101.73,35
4917,ORD004917,LIMIT,SELL,101.29,13
4918,ORD002020,CANCEL,,,
4919,ORD004919,LIMIT,BUY,99.77,70
4920,ORD004920,LIMIT,BUY,99.63,66
4921,ORD004921,LIMIT,SELL,99.87,51
4922,ORD003783,CANCEL,,,
4923,ORD004923,LIMIT,BUY,99.72,18
4924,ORD004924,LIMIT,SELL,99.98,40
4925,ORD002799,CANCEL,,,
4926,ORD004926,MARKET,SELL,,38
4927,ORD001572,CANCEL,,,
4928,ORD004928,LIMIT,BUY,98.83,71
4929,ORD004360,CANCEL,,,
4930,ORD004930,LIMIT,BUY,100.44,45
4931,ORD004931,LIMIT,SELL,101.73,15
4932,ORD004932,LIMIT,BUY,98.43,8
4933,ORD004933,MARKET,SELL,,11
4934,ORD002956,CANCEL,,,
4935,ORD004935,MARKET,SELL,,12
4936,ORD004936,LIMIT,BUY,100.26,73
4937,ORD004937,MARKET,SELL,,12
4938,ORD003136,CANCEL,,,
4939,ORD004939,MARKET,SELL,,95
4940,ORD004940,LIMIT,SELL,101.54,94
4941,ORD004941,LIMIT,SELL,101.31,40
4942,ORD004942,LIMIT,BUY,99.05,29
4943,ORD004943,LIMIT,SELL,101.92,14
4944,ORD004944,LIMIT,SELL,100.41,93
4945,ORD004945,LIMIT,BUY,98.77,20
4946,ORD004946,LIMIT,SELL,100.55,63
4947,ORD004947,LIMIT,BUY,98.79,13
4948,ORD004948,LIMIT,BUY,99.67,24
4949,ORD004949,LIMIT,BUY,100.12,91
4950,ORD004950,LIMIT,SELL,101.46,20
4951,ORD004951,LIMIT,SELL,101.89,80
4952,ORD004952,LIMIT,SELL,100.6,35
4953,ORD004953,LIMIT,SELL,101.57,85
4954,ORD001141,CANCEL,,,
4955,ORD004955,MARKET,SELL,,53
4956,ORD004956,LIMIT,BUY,98.76,73
4957,ORD004957,LIMIT,SELL,99.81,41
4958,ORD004958,LIMIT,BUY,98.77,54
4959,ORD004959,LIMIT,SELL,101.87,20
4960,ORD004466,CANCEL,,,
4961,ORD004961,LIMIT,SELL,100.14,23
4962,ORD004207,CANCEL,,,
4963,ORD004963,LIMIT,SELL,101.11,12
4964,ORD004964,LIMIT,BUY,99.53,100
4965,ORD001409,CANCEL,,,
4966,ORD004966,LIMIT,SELL,101.64,55
4967,ORD004967,LIMIT,BUY,99.47,37
4968,ORD004968,LIMIT,BUY,99.32,36
4969,ORD004969,LIMIT,SELL,101.98,52
4970,ORD004970,LIMIT,BUY,98.25,13
4971,ORD004971,MARKET,BUY,,48
4972,ORD004972,MARKET,SELL,,93
4973,ORD000698,CANCEL,,,
4974,ORD004222,CANCEL,,,
4975,ORD004413,CANCEL,,,
4976,ORD002926,CANCEL,,,
4977,ORD004977,LIMIT,BUY,99.6,65
4978,ORD004978,LIMIT,BUY,98.16,90
4979,ORD004979,LIMIT,SELL,100.98,78
4980,ORD004980,MARKET,BUY,,36
4981,ORD000392,CANCEL,,,
4982,ORD004982,LIMIT,SELL,100.1,97
4983,ORD004983,LIMIT,BUY,99.17,84
4984,ORD004984,LIMIT,BUY,98.26,81
4985,ORD004985,LIMIT,BUY,100.35,88
4986,ORD004986,LIMIT,BUY,98.65,75
4987,ORD004987,LIMIT,SELL,100.32,47
4988,ORD004988,MARKET,BUY,,57
4989,ORD004989,LIMIT,SELL,101.27,3
4990,ORD004990,LIMIT,BUY,99.69,57
4991,ORD004991,LIMIT,BUY,99.95,77
4992,ORD004992,LIMIT,BUY,100.36,14
4993,ORD004993,LIMIT,BUY,99.17,20
4994,ORD002654,CANCEL,,,
4995,ORD004995,LIMIT,SELL,100.73,16
4996,ORD004996,LIMIT,SELL,100.07,58
4997,ORD004997,LIMIT,BUY,98.02,37
4998,ORD004998,LIMIT,SELL,100.66,65
4999,ORD002356,CANCEL,,,
5000,ORD005000,LIMIT,SELL,101.42,28
5001,ORD005001,LIMIT,BUY,100.06,51
5002,ORD005002,LIMIT,SELL,101.41,71
5003,ORD005003,LIMIT,SELL,101.17,3
5004,ORD005004,LIMIT,SELL,100.39,56
5005,ORD005005,LIMIT,BUY,100.12,47
5006,ORD005006,MARKET,BUY,,8
5007,ORD005007,LIMIT,SELL,101.56,50
5008,ORD004794,CANCEL,,,
5009,ORD005009,LIMIT,BUY,98.12,84
5010,ORD005010,LIMIT,SELL,99.89,28
5011,ORD005011,LIMIT,BUY,100.16,74
5012,ORD003382,CANCEL,,,
5013,ORD005013,MARKET,BUY,,39
5014,ORD005014,LIMIT,SELL,101.52,2
5015,ORD005015,MARKET,BUY,,13
5016,ORD005016,LIMIT,BUY,99.8,98
5017,ORD005017,LIMIT,SELL,100.51,32
5018,ORD005018,LIMIT,SELL,100.87,12
5019,ORD000456,CANCEL,,,
5020,ORD005020,LIMIT,SELL,100.55,99
5021,ORD005021,LIMIT,SELL,101.52,55
5022,ORD005022,LIMIT,BUY,98.62,44
5023,ORD005023,LIMIT,BUY,99.93,58
5024,ORD005024,LIMIT,SELL,99.83,76
5025,ORD005025,LIMIT,SELL,100.35,34
5026,ORD000957,CANCEL,,,
5027,ORD005027,LIMIT,SELL,101.34,3
5028,ORD003385,CANCEL,,,
5029,ORD005029,LIMIT,SELL,100.56,60
5030,ORD005030,LIMIT,BUY,99.1,4
5031,ORD005031,LIMIT,BUY,99.16,47
5032,ORD005032,LIMIT,SELL,100.7,83
5033,ORD005033,LIMIT,SELL,99.65,13
5034,ORD005034,LIMIT,SELL,100.83,100
5035,ORD004543,CANCEL,,,
5036,ORD005036,LIMIT,BUY,99.26,42
5037,ORD005037,LIMIT,BUY,98.4,23
5038,ORD005038,LIMIT,SELL,100.51,19
5039,ORD005039,LIMIT,BUY,100.08,6
5040,ORD005040,LIMIT,SELL,99.53,84
5041,ORD005041,LIMIT,BUY,100.36,91
5042,ORD005042,LIMIT,SELL,100.87,52
5043,ORD005043,LIMIT,BUY,98.31,68
5044,ORD005044,LIMIT,SELL,100.52,86
5045,ORD005045,LIMIT,SELL,101.84,51
5046,ORD005046,LIMIT,BUY,99.73,100
5047,ORD005047,LIMIT,BUY,98.87,4
5048,ORD005048,LIMIT,BUY,99.44,96
5049,ORD003671,CANCEL,,,
5050,ORD005050,LIMIT,SELL,100.14,2
5051,ORD005051,LIMIT,SELL,99.64,61
5052,ORD005052,LIMIT,SELL,100.35,33
5053,ORD001365,CANCEL,,,
5054,ORD005054,LIMIT,BUY,99.95,34
5055,ORD002466,CANCEL,,,
5056,ORD005056,LIMIT,SELL,99.83,94
5057,ORD005057,LIMIT,BUY,98.44,83
5058,ORD001688,CANCEL,,,
5059,ORD001343,CANCEL,,,
5060,ORD005060,LIMIT,SELL,100.73,78
5061,ORD004892,CANCEL,,,
5062,ORD002313,CANCEL,,,
5063,ORD003413,CANCEL,,,
5064,ORD004027,CANCEL,,,
5065,ORD003209,CANCEL,,,
5066,ORD005066,LIMIT,SELL,100.08,48
5067,ORD001698,CANCEL,,,
5068,ORD005068,LIMIT,BUY,100.14,23
5069,ORD002470,CANCEL,,,
5070,ORD005070,MARKET,BUY,,35
5071,ORD004227,CANCEL,,,
5072,ORD005072,MARKET,BUY,,70
5073,ORD001296,CANCEL,,,
5074,ORD005074,LIMIT,BUY,100.02,11
5075,ORD005075,LIMIT,BUY,99.95,44
5076,ORD005076,LIMIT,BUY,98.5,24
5077,ORD005077,LIMIT,SELL,101.79,49
5078,ORD005078,LIMIT,BUY,99.1,73
5079,ORD005079,LIMIT,SELL,100.1,72
5080,ORD002831,CANCEL,,,
5081,ORD005081,LIMIT,BUY,99.89,42
5082,ORD005082,LIMIT,BUY,99.54,79
5083,ORD005083,LIMIT,SELL,101.01,95
5084,ORD005084,LIMIT,BUY,98.4,98
5085,ORD005085,LIMIT,BUY,99.43,50
5086,ORD005086,LIMIT,BUY,99.93,55
5087,ORD004498,CANCEL,,,
5088,ORD005088,LIMIT,SELL,100.33,22
5089,ORD005089,LIMIT,BUY,98.76,27
5090,ORD005090,LIMIT,SELL,101.07,48
5091,ORD000024,CANCEL,,,
5092,ORD005092,LIMIT,SELL,99.51,96
5093,ORD005093,LIMIT,SELL,101.62,3
5094,ORD000335,CANCEL,,,
5095,ORD005095,LIMIT,BUY,100.11,22
5096,ORD005096,LIMIT,BUY,98.19,48
5097,ORD005097,LIMIT,SELL,100.1,5
5098,ORD005098,LIMIT,BUY,98.43,21
5099,ORD005099,LIMIT,BUY,98.43,22
5100,ORD005100,MARKET,BUY,,48
5101,ORD005101,LIMIT,SELL,101.93,15
5102,ORD005102,LIMIT,BUY,98.71,92
5103,ORD005103,LIMIT,BUY,99.01,65
5104,ORD005104,LIMIT,SELL,100.02,25
5105,ORD005105,LIMIT,BUY,98.41,32
5106,ORD005106,LIMIT,BUY,98.33,69
5107,ORD002888,CANCEL,,,
5108,ORD003227,CANCEL,,,
5109,ORD005109,LIMIT,BUY,99.45,57
5110,ORD005110,LIMIT,SELL,101.69,77
5111,ORD005111,LIMIT,BUY,98.61,64
5112,ORD005112,LIMIT,BUY,98.77,48
5113,ORD005113,LIMIT,BUY,98.96,77
5114,ORD005114,LIMIT,SELL,100.92,58
5115,ORD005115,LIMIT,BUY,98.45,58
5116,ORD002882,CANCEL,,,
5117,ORD004053,CANCEL,,,
5118,ORD005118,LIMIT,SELL,100.56,36
5119,ORD005119,LIMIT,BUY,99.27,52
5120,ORD005120,LIMIT,BUY,98.35,4
5121,ORD005121,LIMIT,SELL,101.52,30
5122,ORD002260,CANCEL,,,
5123,ORD005123,LIMIT,SELL,99.84,8
5124,ORD001734,CANCEL,,,
5125,ORD002891,CANCEL,,,
5126,ORD005126,MARKET,SELL,,13
5127,ORD005127,LIMIT,BUY,99.6,39
5128,ORD005128,LIMIT,BUY,99.1,76
5129,ORD005129,LIMIT,BUY,99.51,17
5130,ORD005130,LIMIT,SELL,99.88,12
5131,ORD005131,LIMIT,BUY,98.64,87
5132,ORD005132,LIMIT,BUY,99.84,1
5133,ORD005133,LIMIT,SELL,100.58,82
5134,ORD005134,LIMIT,BUY,100.2,97
5135,ORD004509,CANCEL,,,
5136,ORD005136,LIMIT,SELL,101.86,22
5137,ORD005137,LIMIT,SELL,100.19,67
5138,ORD005138,LIMIT,SELL,100.83,95
5139,ORD005139,LIMIT,SELL,101.28,62
5140,ORD002398,CANCEL,,,
5141,ORD005037,CANCEL,,,
5142,ORD005142,LIMIT,SELL,100.96,22
5143,ORD005143,LIMIT,BUY,99.59,41
5144,ORD005144,LIMIT,BUY,98.98,72
5145,ORD002514,CANCEL,,,
5146,ORD005146,LIMIT,BUY,99.33,46
5147,ORD005147,LIMIT,SELL,101.71,39
5148,ORD005148,LIMIT,SELL,101.4,24
5149,ORD005149,LIMIT,BUY,98.42,21
5150,ORD005150,MARKET,SELL,,73
5151,ORD005151,LIMIT,BUY,99.51,84
5152,ORD005152,LIMIT,BUY,99.11,18
5153,ORD005153,LIMIT,BUY,100.08,44
5154,ORD005154,LIMIT,BUY,98.9,25
5155,ORD004825,CANCEL,,,
5156,ORD005156,MARKET,BUY,,30
5157,ORD005157,LIMIT,BUY,98.21,29
5158,ORD005158,LIMIT,BUY,98.44,21
5159,ORD005159,MARKET,SELL,,76
5160,ORD005160,LIMIT,BUY,99.05,3
5161,ORD005161,LIMIT,BUY,99.65,42
5162,ORD005162,LIMIT,SELL,101.21,54
5163,ORD005163,LIMIT,BUY,99.09,17
5164,ORD005164,LIMIT,BUY,99.78,46
5165,ORD003697,CANCEL,,,
5166,ORD005166,LIMIT,BUY,99.06,57
5167,ORD005167,LIMIT,BUY,99.68,27
5168,ORD005168,LIMIT,BUY,98.29,83
5169,ORD005169,LIMIT,SELL,99.73,56
5170,ORD005170,LIMIT,BUY,98.97,36
5171,ORD005171,LIMIT,SELL,101.37,59
5172,ORD004774,CANCEL,,,
5173,ORD005173,LIMIT,SELL,100.69,54
5174,ORD005174,LIMIT,BUY,99.73,33
5175,ORD005175,LIMIT,BUY,98.11,36
5176,ORD005176,LIMIT,BUY,100.15,13
5177,ORD005177,MARKET,SELL,,12
5178,ORD005178,LIMIT,SELL,100.91,23
5179,ORD005179,MARKET,BUY,,22
5180,ORD005180,LIMIT,BUY,98.67,35
5181,ORD004967,CANCEL,,,
5182,ORD003234,CANCEL,,,
5183,ORD005183,LIMIT,SELL,100.75,50
5184,ORD005184,LIMIT,SELL,101.99,22
5185,ORD005185,LIMIT,SELL,100.42,29
5186,ORD005186,LIMIT,BUY,99.42,36
5187,ORD005187,LIMIT,BUY,99.08,91
5188,ORD005188,LIMIT,BUY,98.01,44
5189,ORD005189,LIMIT,SELL,100.28,95
5190,ORD005190,MARKET,BUY,,93
5191,ORD005191,LIMIT,SELL,101.01,5
5192,ORD005192,LIMIT,BUY,98.19,87
5193,ORD005193,LIMIT,SELL,101.12,53
5194,ORD005194,LIMIT,SELL,100.76,67
5195,ORD005195,LIMIT,BUY,98.99,49
5196,ORD004668,CANCEL,,,
5197,ORD005197,LIMIT,SELL,100.14,54
5198,ORD005198,LIMIT,BUY,98.97,30
5199,ORD005199,LIMIT,BUY,98.74,89
5200,ORD004068,CANCEL,,,
5201,ORD005201,LIMIT,BUY,98.37,61
5202,ORD005202,LIMIT,BUY,98.27,100
5203,ORD005203,MARKET,SELL,,59
5204,ORD005204,MARKET,SELL,,31
5205,ORD005205,MARKET,SELL,,5
5206,ORD005206,LIMIT,BUY,100.29,76
5207,ORD005207,MARKET,BUY,,62
5208,ORD005208,MARKET,BUY,,52
5209,ORD005209,LIMIT,BUY,98.34,95
5210,ORD004376,CANCEL,,,
5211,ORD005211,LIMIT,SELL,101.11,100
5212,ORD000455,CANCEL,,,
5213,ORD005213,LIMIT,SELL,100.77,43
5214,ORD005214,LIMIT,SELL,101.52,6
5215,ORD005215,LIMIT,BUY,98.51,88
5216,ORD005216,LIMIT,SELL,99.56,41
5217,ORD005217,LIMIT,SELL,101.61,82
5218,ORD005218,LIMIT,BUY,98.29,59
5219,ORD004468,CANCEL,,,
5220,ORD005220,LIMIT,BUY,99.0,93
5221,ORD005221,LIMIT,SELL,99.97,8
5222,ORD005222,LIMIT,SELL,100.94,87
5223,ORD005223,LIMIT,BUY,100.36,75
5224,ORD005224,LIMIT,BUY,99.42,69
5225,ORD005225,LIMIT,SELL,99.88,90
5226,ORD005226,LIMIT,BUY,98.58,12
5227,ORD005227,LIMIT,BUY,100.06,40
5228,ORD005228,LIMIT,BUY,98.73,4
5229,ORD005229,LIMIT,BUY,98.22,99
5230,ORD005230,LIMIT,SELL,101.97,77
5231,ORD005231,LIMIT,BUY,99.94,79
5232,ORD005232,MARKET,SELL,,49
5233,ORD005233,LIMIT,BUY,100.05,57
5234,ORD004029,CANCEL,,,
5235,ORD005235,LIMIT,BUY,98.68,72
5236,ORD005236,LIMIT,SELL,100.11,7
5237,ORD005237,LIMIT,BUY,99.35,54
5238,ORD005238,LIMIT,BUY,98.94,83
5239,ORD005239,LIMIT,BUY,98.86,83
5240,ORD005240,LIMIT,BUY,99.63,33
5241,ORD005241,LIMIT,BUY,99.64,12
5242,ORD005242,LIMIT,BUY,99.94,15
5243,ORD005243,LIMIT,BUY,98.75,58
5244,ORD005244,MARKET,BUY,,81
5245,ORD005245,LIMIT,BUY,99.01,68
5246,ORD004415,CANCEL,,,
5247,ORD005247,LIMIT,SELL,101.61,42
5248,ORD005248,LIMIT,BUY,98.05,19
5249,ORD005249,LIMIT,SELL,99.96,83
5250,ORD005250,MARKET,SELL,,54
5251,ORD005251,LIMIT,SELL,101.21,93
5252,ORD005252,LIMIT,SELL,99.93,61
5253,ORD005253,MARKET,BUY,,5
5254,ORD005254,LIMIT,BUY,98.3,8
5255,ORD005255,LIMIT,BUY,99.05,87
5256,ORD005256,LIMIT,SELL,100.05,77
5257,ORD005257,LIMIT,BUY,98.84,67
5258,ORD005258,LIMIT,SELL,99.7,2
5259,ORD005259,LIMIT,SELL,101.83,19
5260,ORD005260,LIMIT,SELL,100.99,75
5261,ORD002242,CANCEL,,,
5262,ORD005262,LIMIT,SELL,99.52,71
5263,ORD005263,LIMIT,SELL,101.54,91
5264,ORD004107,CANCEL,,,
5265,ORD005265,MARKET,SELL,,97
5266,ORD005266,LIMIT,SELL,101.61,89
5267,ORD005267,LIMIT,SELL,101.25,55
5268,ORD005268,LIMIT,BUY,100.04,48
5269,ORD005269,LIMIT,SELL,101.93,52
5270,ORD005270,LIMIT,SELL,101.75,70
5271,ORD003906,CANCEL,,,
5272,ORD005272,LIMIT,SELL,100.12,48
5273,ORD005273,LIMIT,SELL,102.0,17
5274,ORD005274,LIMIT,BUY,100.02,78
5275,ORD005275,LIMIT,SELL,99.68,48
5276,ORD005276,LIMIT,SELL,101.64,86
5277,ORD005277,LIMIT,BUY,100.38,24
5278,ORD005278,LIMIT,SELL,101.9,73
5279,ORD005279,LIMIT,BUY,99.0,59
5280,ORD005280,LIMIT,SELL,101.73,49
5281,ORD005281,LIMIT,BUY,99.84,94
5282,ORD005282,LIMIT,BUY,99.38,62
5283,ORD005283,LIMIT,SELL,100.66,64
5284,ORD005284,LIMIT,BUY,99.95,2
5285,ORD005285,LIMIT,BUY,98.43,67
5286,ORD005286,LIMIT,SELL,101.53,13
5287,ORD005287,LIMIT,BUY,99.5,20
5288,ORD005288,MARKET,SELL,,1
5289,ORD005289,LIMIT,SELL,101.13,85
5290,ORD005290,LIMIT,SELL,101.04,96
5291,ORD005291,LIMIT,SELL,101.15,5
5292,ORD005292,LIMIT,BUY,98.3,27
5293,ORD005293,LIMIT,SELL,101.75,70
5294,ORD005294,LIMIT,BUY,99.35,83
5295,ORD005295,LIMIT,SELL,101.36,86
5296,ORD005296,LIMIT,BUY,98.03,80
5297,ORD005297,MARKET,BUY,,24
5298,ORD005298,MARKET,BUY,,63
5299,ORD005299,LIMIT,SELL,101.5,80
5300,ORD005300,LIMIT,SELL,101.84,100
5301,ORD005301,LIMIT,BUY,100.14,52
5302,ORD005302,MARKET,BUY,,85
5303,ORD005303,LIMIT,BUY,99.02,13
5304,ORD005304,LIMIT,SELL,101.95,20
5305,ORD005305,LIMIT,SELL,99.52,32
5306,ORD005306,LIMIT,SELL,99.8,21
5307,ORD005307,LIMIT,BUY,99.21,80
5308,ORD005308,MARKET,SELL,,7
5309,ORD005309,LIMIT,SELL,99.92,64
5310,ORD005310,MARKET,SELL,,54
5311,ORD002484,CANCEL,,,
5312,ORD005312,LIMIT,BUY,100.08,96
5313,ORD005313,LIMIT,BUY,99.29,25
5314,ORD005314,LIMIT,BUY,99.83,38
5315,ORD005315,LIMIT,SELL,100.62,71
5316,ORD005316,LIMIT,SELL,99.56,96
5317,ORD005317,LIMIT,SELL,101.44,41
5318,ORD005318,LIMIT,BUY,99.18,42
5319,ORD001304,CANCEL,,,
5320,ORD005320,LIMIT,BUY,99.72,100
5321,ORD005321,LIMIT,BUY,98.6,85
5322,ORD005248,CANCEL,,,
5323,ORD005323,LIMIT,BUY,98.96,33
5324,ORD001339,CANCEL,,,
5325,ORD005325,LIMIT,SELL,100.36,70
5326,ORD005326,LIMIT,BUY,100.09,34
5327,ORD005327,LIMIT,SELL,100.12,86
5328,ORD004286,CANCEL,,,
5329,ORD004963,CANCEL,,,
5330,ORD005330,MARKET,BUY,,2
5331,ORD005331,LIMIT,BUY,98.8,40
5332,ORD003311,CANCEL,,,
5333,ORD005333,LIMIT,BUY,99.97,70
5334,ORD001466,CANCEL,,,
5335,ORD005335,LIMIT,BUY,99.47,51
5336,ORD005336,LIMIT,BUY,98.93,70
5337,ORD005337,LIMIT,SELL,101.23,3
5338,ORD005338,LIMIT,BUY,98.8,78
5339,ORD005339,LIMIT,BUY,98.96,89
5340,ORD005340,LIMIT,BUY,99.81,44
5341,ORD005341,LIMIT,BUY,100.33,78
5342,ORD005342,LIMIT,SELL,99.55,65
5343,ORD005343,LIMIT,SELL,100.76,78
5344,ORD005344,LIMIT,BUY,98.1,87
5345,ORD005345,LIMIT,BUY,99.81,89
5346,ORD005346,LIMIT,SELL,99.7,26
5347,ORD005347,LIMIT,BUY,98.95,13
5348,ORD005348,LIMIT,SELL,100.9,44
5349,ORD004309,CANCEL,,,
5350,ORD005350,LIMIT,BUY,99.64,5
5351,ORD005351,LIMIT,SELL,101.18,21
5352,ORD003610,CANCEL,,,
5353,ORD005353,LIMIT,SELL,100.69,35
5354,ORD005354,LIMIT,SELL,101.32,8
5355,ORD005355,LIMIT,BUY,100.24,11
5356,ORD005356,LIMIT,BUY,99.86,80
5357,ORD005357,LIMIT,BUY,99.05,63
5358,ORD005358,LIMIT,SELL,100.52,32
5359,ORD005359,LIMIT,SELL,100.41,2
5360,ORD004177,CANCEL,,,
5361,ORD005239,CANCEL,,,
5362,ORD005362,LIMIT,BUY,100.03,58
5363,ORD004210,CANCEL,,,
5364,ORD005364,LIMIT,BUY,100.03,51
5365,ORD005365,LIMIT,SELL,100.58,2
5366,ORD005366,LIMIT,BUY,100.22,12
5367,ORD005367,LIMIT,SELL,99.52,70
5368,ORD005368,LIMIT,BUY,99.47,76
5369,ORD002352,CANCEL,,,
5370,ORD002982,CANCEL,,,
5371,ORD005371,LIMIT,BUY,98.06,34
5372,ORD005372,LIMIT,BUY,99.15,48
5373,ORD005373,LIMIT,SELL,99.78,84
5374,ORD005374,MARKET,SELL,,80
5375,ORD005375,MARKET,SELL,,60
5376,ORD005376,LIMIT,SELL,101.15,33
5377,ORD005377,MARKET,BUY,,37
5378,ORD005378,LIMIT,SELL,101.81,29
5379,ORD005379,LIMIT,BUY,99.58,16
5380,ORD005380,LIMIT,SELL,100.38,28
5381,ORD005381,LIMIT,SELL,100.5,52
5382,ORD002380,CANCEL,,,
5383,ORD005383,LIMIT,SELL,100.73,64
5384,ORD004386,CANCEL,,,
5385,ORD005385,LIMIT,BUY,99.02,54
5386,ORD005386,LIMIT,SELL,99.58,2
5387,ORD005387,LIMIT,BUY,100.25,52
5388,ORD002656,CANCEL,,,
5389,ORD005389,LIMIT,BUY,98.91,10
5390,ORD005390,LIMIT,BUY,98.17,30
5391,ORD005391,LIMIT,BUY,100.02,41
5392,ORD005392,LIMIT,SELL,100.93,48
5393,ORD003138,CANCEL,,,
5394,ORD005394,LIMIT,BUY,98.82,57
5395,ORD005395,LIMIT,BUY,100.42,94
5396,ORD005396,MARKET,BUY,,41
5397,ORD005397,LIMIT,SELL,100.3,59
5398,ORD001453,CANCEL,,,
5399,ORD005399,LIMIT,SELL,101.36,39
5400,ORD005400,LIMIT,SELL,100.57,50
5401,ORD005401,LIMIT,BUY,98.81,78
5402,ORD005402,LIMIT,SELL,101.89,48
5403,ORD005403,LIMIT,BUY,100.43,96
5404,ORD005404,LIMIT,SELL,99.72,34
5405,ORD005405,LIMIT,BUY,98.25,24
5406,ORD003990,CANCEL,,,
5407,ORD005407,LIMIT,BUY,100.13,19
5408,ORD005408,LIMIT,SELL,101.21,27
5409,ORD005409,LIMIT,SELL,99.6,72
5410,ORD005410,LIMIT,SELL,99.91,51
5411,ORD005411,LIMIT,SELL,101.65,84
5412,ORD002361,CANCEL,,,
5413,ORD005413,LIMIT,BUY,99.77,29
5414,ORD005414,LIMIT,SELL,99.62,31
5415,ORD005415,LIMIT,BUY,98.63,1
5416,ORD002576,CANCEL,,,
5417,ORD005417,LIMIT,BUY,98.73,28
5418,ORD005418,LIMIT,SELL,101.01,68
5419,ORD000315,CANCEL,,,
5420,ORD005420,LIMIT,SELL,100.3,11
5421,ORD005421,LIMIT,SELL,99.82,50
5422,ORD004658,CANCEL,,,
5423,ORD005423,LIMIT,BUY,100.4,16
5424,ORD004275,CANCEL,,,
5425,ORD005425,LIMIT,BUY,98.39,100
5426,ORD005426,LIMIT,BUY,99.23,60
5427,ORD005427,LIMIT,BUY,99.04,93
5428,ORD005428,LIMIT,BUY,99.0,39
5429,ORD005429,LIMIT,BUY,99.11,27
5430,ORD005430,LIMIT,BUY,99.99,43
5431,ORD005431,LIMIT,BUY,99.99,18
5432,ORD005432,LIMIT,BUY,98.09,61
5433,ORD005433,LIMIT,SELL,99.83,64
5434,ORD005434,LIMIT,SELL,101.4,65
5435,ORD004733,CANCEL,,,
5436,ORD005436,LIMIT,SELL,99.51,56
5437,ORD005437,LIMIT,BUY,98.61,52
5438,ORD005110,CANCEL,,,
5439,ORD005439,LIMIT,SELL,101.48,52
5440,ORD005440,LIMIT,SELL,101.32,37
5441,ORD005441,LIMIT,SELL,100.71,76
5442,ORD005442,LIMIT,BUY,99.75,74
5443,ORD005443,LIMIT,SELL,101.0,10
5444,ORD005444,MARKET,SELL,,95
5445,ORD005445,LIMIT,SELL,99.54,37
5446,ORD005446,LIMIT,BUY,99.04,56
5447,ORD005447,LIMIT,BUY,98.56,76
5448,ORD005448,LIMIT,SELL,99.75,92
5449,ORD005449,LIMIT,BUY,100.28,43
5450,ORD005450,LIMIT,SELL,99.54,90
5451,ORD004713,CANCEL,,,
5452,ORD005452,LIMIT,BUY,98.48,76
5453,ORD005453,LIMIT,SELL,100.25,82
5454,ORD004326,CANCEL,,,
5455,ORD005455,MARKET,SELL,,66
5456,ORD005456,LIMIT,BUY,98.32,58
5457,ORD005457,MARKET,SELL,,85
5458,ORD005458,MARKET,SELL,,67
5459,ORD001411,CANCEL,,,
5460,ORD005460,LIMIT,BUY,98.64,83
5461,ORD005461,LIMIT,SELL,101.95,77
5462,ORD005462,LIMIT,SELL,101.38,42
5463,ORD005463,LIMIT,SELL,100.92,50
5464,ORD005309,CANCEL,,,
5465,ORD005465,LIMIT,BUY,100.15,57
5466,ORD004296,CANCEL,,,
5467,ORD005467,LIMIT,BUY,98.15,19
5468,ORD005468,LIMIT,SELL,99.52,54
5469,ORD005469,LIMIT,SELL,101.21,53
5470,ORD005470,LIMIT,SELL,101.82,52
5471,ORD005471,LIMIT,SELL,100.38,23
5472,ORD005472,LIMIT,SELL,99.52,50
5473,ORD005473,LIMIT,SELL,101.52,68
5474,ORD005474,LIMIT,SELL,100.39,54
5475,ORD005475,LIMIT,SELL,99.88,33
5476,ORD005476,MARKET,SELL,,66
5477,ORD005477,LIMIT,SELL,99.51,26
5478,ORD005478,LIMIT,SELL,102.0,3
5479,ORD005479,LIMIT,BUY,100.05,6
5480,ORD005480,MARKET,SELL,,32
5481,ORD005481,LIMIT,BUY,98.75,35
5482,ORD002792,CANCEL,,,
5483,ORD005483,MARKET,SELL,,6
5484,ORD005484,LIMIT,SELL,100.85,95
5485,ORD005485,LIMIT,BUY,99.94,36
5486,ORD005486,LIMIT,BUY,99.45,75
5487,ORD005487,LIMIT,BUY,99.19,63
5488,ORD005488,LIMIT,SELL,100.18,20
5489,ORD005489,LIMIT,BUY,98.97,35
5490,ORD005490,LIMIT,SELL,99.61,27
5491,ORD005491,LIMIT,SELL,100.73,66
5492,ORD005492,LIMIT,BUY,99.25,82
5493,ORD005493,LIMIT,SELL,101.72,75
5494,ORD005494,LIMIT,BUY,100.46,1
5495,ORD003111,CANCEL,,,
5496,ORD005496,LIMIT,BUY,100.42,46
5497,ORD005497,LIMIT,BUY,98.7,3
5498,ORD005498,LIMIT,SELL,100.07,73
5499,ORD005499,LIMIT,SELL,100.83,59
5500,ORD005500,LIMIT,SELL,99.78,40
5501,ORD004537,CANCEL,,,
5502,ORD005502,LIMIT,BUY,99.25,97
5503,ORD005503,LIMIT,SELL,100.8,51
5504,ORD005504,LIMIT,SELL,100.55,32
5505,ORD005505,LIMIT,BUY,100.23,4
5506,ORD005506,LIMIT,SELL,100.44,80
5507,ORD005507,LIMIT,BUY,100.1,38
5508,ORD005508,MARKET,BUY,,57
5509,ORD000140,CANCEL,,,
5510,ORD005510,LIMIT,BUY,98.53,83
5511,ORD005511,LIMIT,BUY,100.45,68
5512,ORD005512,LIMIT,BUY,99.25,38
5513,ORD005513,LIMIT,SELL,101.55,73
5514,ORD005514,LIMIT,BUY,100.32,31
5515,ORD002146,CANCEL,,,
5516,ORD005516,LIMIT,SELL,101.06,75
5517,ORD002222,CANCEL,,,
5518,ORD005518,LIMIT,BUY,100.07,8
5519,ORD004563,CANCEL,,,
5520,ORD005520,LIMIT,SELL,101.29,81
5521,ORD005521,LIMIT,BUY,99.38,60
5522,ORD005522,LIMIT,SELL,99.68,57
5523,ORD005523,LIMIT,SELL,100.98,10
5524,ORD005524,LIMIT,BUY,99.87,60
5525,ORD005525,LIMIT,SELL,100.3,78
5526,ORD003558,CANCEL,,,
5527,ORD005527,LIMIT,SELL,101.57,27
5528,ORD005528,LIMIT,SELL,100.81,20
5529,ORD005529,LIMIT,SELL,99.88,76
5530,ORD005530,LIMIT,BUY,100.34,86
5531,ORD005531,LIMIT,SELL,100.87,70
5532,ORD005498,CANCEL,,,
5533,ORD005533,LIMIT,SELL,101.46,13
5534,ORD005534,LIMIT,BUY,98.07,63
5535,ORD004377,CANCEL,,,
5536,ORD005536,LIMIT,BUY,98.12,76
5537,ORD004948,CANCEL,,,
5538,ORD005538,LIMIT,BUY,99.52,30
5539,ORD005539,LIMIT,SELL,101.02,59
5540,ORD005540,LIMIT,BUY,98.11,63
5541,ORD005541,LIMIT,SELL,101.46,29
5542,ORD005542,LIMIT,BUY,99.73,2
5543,ORD005543,LIMIT,SELL,99.75,22
5544,ORD005544,LIMIT,BUY,98.82,81
5545,ORD003690,CANCEL,,,
5546,ORD005546,LIMIT,BUY,99.61,68
5547,ORD005547,LIMIT,BUY,99.78,36
5548,ORD005548,LIMIT,SELL,100.77,27
5549,ORD001404,CANCEL,,,
5550,ORD005550,LIMIT,SELL,101.88,84
5551,ORD005551,LIMIT,BUY,100.34,83
5552,ORD005552,LIMIT,BUY,99.34,57
5553,ORD004312,CANCEL,,,
5554,ORD005554,LIMIT,BUY,99.46,57
5555,ORD005555,LIMIT,SELL,100.84,19
5556,ORD005556,LIMIT,SELL,101.07,46
5557,ORD005557,LIMIT,SELL,101.94,74
5558,ORD005558,LIMIT,BUY,100.47,99
5559,ORD005559,LIMIT,SELL,101.54,9
5560,ORD005560,LIMIT,BUY,99.2,98
5561,ORD005561,LIMIT,BUY,98.89,64
5562,ORD005562,LIMIT,BUY,99.76,19
5563,ORD005563,LIMIT,BUY,98.98,72
5564,ORD005564,LIMIT,BUY,98.34,12
5565,ORD005565,LIMIT,SELL,101.15,83
5566,ORD002905,CANCEL,,,
5567,ORD005567,MARKET,SELL,,95
5568,ORD005568,LIMIT,SELL,100.14,32
5569,ORD005569,MARKET,SELL,,60
5570,ORD005570,LIMIT,SELL,100.46,61
5571,ORD005571,LIMIT,SELL,99.81,96
5572,ORD005572,LIMIT,SELL,101.13,81
5573,ORD005573,LIMIT,BUY,99.1,44
5574,ORD002328,CANCEL,,,
5575,ORD005575,LIMIT,BUY,98.24,73
5576,ORD005576,LIMIT,SELL,99.75,98
5577,ORD005577,LIMIT,SELL,100.47,8
5578,ORD005578,LIMIT,SELL,100.01,63
5579,ORD005579,MARKET,SELL,,17
5580,ORD005580,LIMIT,BUY,98.72,82
5581,ORD005581,LIMIT,BUY,98.07,20
5582,ORD005582,LIMIT,SELL,101.37,74
5583,ORD005583,LIMIT,SELL,99.97,72
5584,ORD005584,LIMIT,SELL,100.65,77
5585,ORD005585,LIMIT,SELL,101.88,1
5586,ORD003654,CANCEL,,,
5587,ORD005587,LIMIT,BUY,100.03,5
5588,ORD001977,CANCEL,,,
5589,ORD002865,CANCEL,,,
5590,ORD005590,MARKET,BUY,,27
5591,ORD005591,LIMIT,SELL,101.73,63
5592,ORD005592,MARKET,BUY,,58
5593,ORD005593,LIMIT,SELL,100.26,52
5594,ORD003494,CANCEL,,,
5595,ORD002366,CANCEL,,,
5596,ORD005596,MARKET,SELL,,39
5597,ORD005597,LIMIT,SELL,100.27,49
5598,ORD005598,LIMIT,BUY,98.62,97
5599,ORD002854,CANCEL,,,
5600,ORD004001,CANCEL,,,
5601,ORD005601,LIMIT,SELL,101.08,46
5602,ORD005602,LIMIT,BUY,99.21,57
5603,ORD005603,LIMIT,SELL,100.25,6
5604,ORD005385,CANCEL,,,
5605,ORD005605,LIMIT,BUY,98.84,9
5606,ORD005606,LIMIT,BUY,99.95,35
5607,ORD005607,LIMIT,SELL,100.5,19
5608,ORD005312,CANCEL,,,
5609,ORD005609,LIMIT,BUY,99.89,30
5610,ORD004048,CANCEL,,,
5611,ORD005611,LIMIT,BUY,99.21,75
5612,ORD005612,LIMIT,BUY,98.29,90
5613,ORD005613,LIMIT,SELL,100.67,41
5614,ORD005614,LIMIT,BUY,98.02,2
5615,ORD005615,LIMIT,SELL,100.74,56
5616,ORD005616,MARKET,BUY,,68
5617,ORD005617,MARKET,BUY,,93
5618,ORD005618,LIMIT,SELL,99.71,27
5619,ORD005619,MARKET,SELL,,9
5620,ORD005620,LIMIT,SELL,100.53,81
5621,ORD000440,CANCEL,,,
5622,ORD005622,LIMIT,BUY,98.24,79
5623,ORD005623,LIMIT,SELL,99.82,98
5624,ORD005624,LIMIT,BUY,99.37,1
5625,ORD004596,CANCEL,,,
5626,ORD005626,LIMIT,BUY,100.02,10
5627,ORD005627,LIMIT,SELL,101.36,2
5628,ORD005628,LIMIT,BUY,98.14,65
5629,ORD005629,LIMIT,SELL,101.23,43
5630,ORD005630,LIMIT,BUY,100.29,18
5631,ORD001651,CANCEL,,,
5632,ORD002246,CANCEL,,,
5633,ORD004463,CANCEL,,,
5634,ORD005634,LIMIT,BUY,98.64,95
5635,ORD005635,MARKET,BUY,,52
5636,ORD005636,LIMIT,BUY,99.85,19
5637,ORD002075,CANCEL,,,
5638,ORD005638,LIMIT,BUY,98.58,76
5639,ORD002503,CANCEL,,,
5640,ORD004189,CANCEL,,,
5641,ORD000699,CANCEL,,,
5642,ORD000991,CANCEL,,,
5643,ORD005643,LIMIT,BUY,98.64,40
5644,ORD005644,LIMIT,BUY,99.6,47
5645,ORD004208,CANCEL,,,
5646,ORD005646,LIMIT,BUY,98.4,94
5647,ORD005647,LIMIT,SELL,100.53,37
5648,ORD005648,LIMIT,BUY,99.25,39
5649,ORD005649,LIMIT,SELL,100.57,1
5650,ORD005187,CANCEL,,,
5651,ORD005651,LIMIT,BUY,99.86,94
5652,ORD005652,LIMIT,SELL,101.38,82
5653,ORD005653,LIMIT,BUY,99.43,82
5654,ORD005654,LIMIT,BUY,100.08,46
5655,ORD005655,LIMIT,BUY,98.44,50
5656,ORD005656,LIMIT,SELL,100.33,9
5657,ORD005657,LIMIT,SELL,100.42,32
5658,ORD005658,LIMIT,BUY,99.04,39
5659,ORD004931,CANCEL,,,
5660,ORD005660,LIMIT,SELL,100.51,75
5661,ORD005661,LIMIT,BUY,99.1,35
5662,ORD005662,LIMIT,SELL,100.29,30
5663,ORD005663,LIMIT,SELL,101.08,99
5664,ORD005664,LIMIT,SELL,99.89,26
5665,ORD005665,LIMIT,SELL,100.98,39
5666,ORD004947,CANCEL,,,
5667,ORD004817,CANCEL,,,
5668,ORD005668,LIMIT,SELL,101.36,71
5669,ORD005669,LIMIT,SELL,101.85,37
5670,ORD005670,LIMIT,SELL,100.57,86
5671,ORD005671,LIMIT,SELL,100.48,69
5672,ORD005540,CANCEL,,,
5673,ORD005673,LIMIT,BUY,99.88,98
5674,ORD005674,LIMIT,BUY,98.89,29
5675,ORD005675,LIMIT,BUY,100.24,66
5676,ORD005676,MARKET,SELL,,32
5677,ORD002787,CANCEL,,,
5678,ORD005678,MARKET,SELL,,89
5679,ORD000199,CANCEL,,,
5680,ORD005680,LIMIT,SELL,100.56,62
5681,ORD005681,LIMIT,BUY,98.35,94
5682,ORD005682,LIMIT,BUY,100.45,37
5683,ORD005683,LIMIT,BUY,98.74,99
5684,ORD005684,LIMIT,BUY,98.69,19
5685,ORD005685,LIMIT,BUY,99.76,45
5686,ORD005686,LIMIT,BUY,98.48,14
5687,ORD005687,MARKET,SELL,,51
5688,ORD005688,LIMIT,SELL,101.16,86
5689,ORD004513,CANCEL,,,
5690,ORD005690,LIMIT,SELL,100.92,12
5691,ORD005691,LIMIT,SELL,99.56,88
5692,ORD005692,LIMIT,BUY,98.55,15
5693,ORD004322,CANCEL,,,
5694,ORD003967,CANCEL,,,
5695,ORD005695,LIMIT,BUY,99.94,32
5696,ORD005696,LIMIT,SELL,99.58,97
5697,ORD002944,CANCEL,,,
5698,ORD005698,LIMIT,SELL,101.79,54
5699,ORD005699,LIMIT,BUY,98.68,13
5700,ORD005700,MARKET,SELL,,8
5701,ORD005701,LIMIT,SELL,100.04,10
5702,ORD005702,LIMIT,BUY,98.03,37
5703,ORD005703,LIMIT,BUY,98.12,40
5704,ORD005704,LIMIT,BUY,98.1,68
5705,ORD005705,LIMIT,SELL,101.81,52
5706,ORD005706,LIMIT,BUY,98.18,80
5707,ORD005707,LIMIT,BUY,98.3,99
5708,ORD005708,LIMIT,SELL,100.15,20
5709,ORD005709,LIMIT,BUY,98.19,8
5710,ORD005710,LIMIT,BUY,100.35,76
5711,ORD005399,CANCEL,,,
5712,ORD005712,LIMIT,BUY,99.2,90
5713,ORD005713,LIMIT,SELL,101.69,91
5714,ORD003653,CANCEL,,,
5715,ORD005715,LIMIT,BUY,98.76,60
5716,ORD005716,LIMIT,BUY,100.33,72
5717,ORD005717,LIMIT,BUY,98.3,69
5718,ORD005718,LIMIT,SELL,101.77,90
5719,ORD002828,CANCEL,,,
5720,ORD005720,LIMIT,SELL,100.42,49
5721,ORD005721,LIMIT,SELL,99.68,71
5722,ORD005722,MARKET,BUY,,82
5723,ORD005723,LIMIT,BUY,98.95,74
5724,ORD005724,LIMIT,BUY,98.38,45
5725,ORD005725,MARKET,BUY,,31
5726,ORD003861,CANCEL,,,
5727,ORD005727,LIMIT,BUY,99.66,85
5728,ORD001272,CANCEL,,,
5729,ORD005729,LIMIT,SELL,100.34,42
5730,ORD005115,CANCEL,,,
5731,ORD005731,MARKET,BUY,,82
5732,ORD005732,LIMIT,SELL,99.66,91
5733,ORD005733,LIMIT,SELL,101.79,46
5734,ORD005734,LIMIT,SELL,101.95,77
5735,ORD005735,MARKET,BUY,,14
5736,ORD005736,LIMIT,SELL,100.37,85
5737,ORD005737,LIMIT,BUY,99.95,38
5738,ORD005738,LIMIT,BUY,99.81,59
5739,ORD004457,CANCEL,,,
5740,ORD004082,CANCEL,,,
5741,ORD005741,LIMIT,BUY,100.18,61
5742,ORD000947,CANCEL,,,
5743,ORD003365,CANCEL,,,
5744,ORD002906,CANCEL,,,
5745,ORD004226,CANCEL,,,
5746,ORD005746,LIMIT,SELL,100.15,90
5747,ORD005747,LIMIT,BUY,98.01,82
5748,ORD005748,LIMIT,SELL,101.0,87
5749,ORD005749,LIMIT,BUY,99.34,1
5750,ORD005750,LIMIT,BUY,99.8,16
5751,ORD005751,LIMIT,BUY,98.36,19
5752,ORD005506,CANCEL,,,
5753,ORD000410,CANCEL,,,
5754,ORD005754,LIMIT,SELL,99.89,25
5755,ORD005755,MARKET,SELL,,35
5756,ORD005497,CANCEL,,,
5757,ORD005757,LIMIT,BUY,100.22,14
5758,ORD005758,LIMIT,BUY,98.07,100
5759,ORD005759,LIMIT,SELL,101.86,19
5760,ORD005333,CANCEL,,,
5761,ORD005761,LIMIT,BUY,99.09,16
5762,ORD005762,LIMIT,SELL,100.89,6
5763,ORD005763,LIMIT,SELL,99.57,70
5764,ORD001363,CANCEL,,,
5765,ORD003583,CANCEL,,,
5766,ORD003485,CANCEL,,,
5767,ORD005767,LIMIT,SELL,99.69,43
5768,ORD005768,LIMIT,BUY,99.28,13
5769,ORD005769,LIMIT,SELL,100.89,59
5770,ORD005770,LIMIT,BUY,98.44,83
5771,ORD005771,MARKET,BUY,,29
5772,ORD005772,LIMIT,SELL,100.9,91
5773,ORD005773,LIMIT,BUY,99.46,15
5774,ORD005774,LIMIT,BUY,99.65,93
5775,ORD005775,LIMIT,SELL,101.79,31
5776,ORD005776,LIMIT,SELL,99.53,43
5777,ORD005777,LIMIT,SELL,101.46,76
5778,ORD005778,LIMIT,BUY,98.7,74
5779,ORD005779,LIMIT,BUY,99.51,56
5780,ORD005780,LIMIT,BUY,98.9,20
5781,ORD005781,MARKET,SELL,,9
5782,ORD005782,LIMIT,SELL,100.65,30
5783,ORD005783,LIMIT,SELL,101.73,11
5784,ORD005784,LIMIT,BUY,98.23,29
5785,ORD005785,LIMIT,BUY,100.25,8
5786,ORD002887,CANCEL,,,
5787,ORD005787,LIMIT,SELL,101.31,79
5788,ORD005788,LIMIT,SELL,100.25,100
5789,ORD005789,LIMIT,BUY,100.19,2
5790,ORD005790,LIMIT,BUY,98.35,33
5791,ORD003602,CANCEL,,,
5792,ORD005792,LIMIT,BUY,99.14,17
5793,ORD005793,LIMIT,SELL,101.86,51
5794,ORD005794,LIMIT,SELL,100.29,37
5795,ORD005795,LIMIT,BUY,100.09,73
5796,ORD005796,LIMIT,BUY,98.41,58
5797,ORD002838,CANCEL,,,
5798,ORD005798,LIMIT,BUY,98.84,77
5799,ORD005799,LIMIT,BUY,100.12,42
5800,ORD005800,LIMIT,BUY,98.57,36
5801,ORD002126,CANCEL,,,
5802,ORD005802,LIMIT,SELL,101.7,80
5803,ORD005803,LIMIT,SELL,100.71,21
5804,ORD005804,MARKET,BUY,,12
5805,ORD005805,LIMIT,BUY,98.9,31
5806,ORD005806,LIMIT,SELL,100.02,1
5807,ORD005807,LIMIT,BUY,99.88,28
5808,ORD003001,CANCEL,,,
5809,ORD005809,LIMIT,BUY,99.95,46
5810,ORD002248,CANCEL,,,
5811,ORD001663,CANCEL,,,
5812,ORD005812,LIMIT,BUY,98.6,32
5813,ORD005813,LIMIT,BUY,99.22,78
5814,ORD001161,CANCEL,,,
5815,ORD005815,LIMIT,BUY,99.62,56
5816,ORD002208,CANCEL,,,
5817,ORD003934,CANCEL,,,
5818,ORD005818,LIMIT,SELL,99.66,95
5819,ORD005819,MARKET,SELL,,58
5820,ORD005820,LIMIT,BUY,98.71,100
5821,ORD005821,LIMIT,BUY,98.59,50
5822,ORD005822,LIMIT,SELL,101.45,99
5823,ORD003862,CANCEL,,,
5824,ORD005824,LIMIT,SELL,101.59,57
5825,ORD001912,CANCEL,,,
5826,ORD005826,LIMIT,SELL,101.04,14
5827,ORD005827,LIMIT,SELL,100.57,54
5828,ORD005828,MARKET,SELL,,23
5829,ORD005829,MARKET,SELL,,4
5830,ORD005830,LIMIT,BUY,100.05,83
5831,ORD005831,LIMIT,BUY,98.19,93
5832,ORD005832,LIMIT,BUY,98.17,15
5833,ORD005833,MARKET,SELL,,81
5834,ORD005834,LIMIT,SELL,100.12,20
5835,ORD005084,CANCEL,,,
5836,ORD004076,CANCEL,,,
5837,ORD005837,LIMIT,BUY,98.95,82
5838,ORD005838,LIMIT,SELL,100.42,29
5839,ORD005839,MARKET,BUY,,20
5840,ORD005840,MARKET,BUY,,4
5841,ORD005841,LIMIT,BUY,98.84,32
5842,ORD005842,LIMIT,BUY,99.76,10
5843,ORD005843,LIMIT,SELL,101.0,81
5844,ORD005844,LIMIT,SELL,100.02,62
5845,ORD005845,LIMIT,SELL,101.15,26
5846,ORD005846,LIMIT,SELL,100.93,44
5847,ORD005847,MARKET,BUY,,13
5848,ORD005848,LIMIT,BUY,100.01,21
5849,ORD005849,LIMIT,SELL,100.58,29
5850,ORD005850,MARKET,SELL,,19
5851,ORD005851,LIMIT,SELL,100.36,32
5852,ORD005852,LIMIT,SELL,100.29,97
5853,ORD005853,LIMIT,SELL,100.15,57
5854,ORD005854,LIMIT,SELL,100.2,74
5855,ORD005855,LIMIT,SELL,99.55,53
5856,ORD005856,MARKET,SELL,,53
5857,ORD005857,LIMIT,SELL,100.83,43
5858,ORD005858,LIMIT,BUY,98.14,54
5859,ORD005859,LIMIT,SELL,101.28,23
5860,ORD005860,LIMIT,BUY,99.76,79
5861,ORD005861,LIMIT,BUY,100.19,18
5862,ORD005670,CANCEL,,,
5863,ORD004738,CANCEL,,,
5864,ORD005864,LIMIT,SELL,99.97,26
5865,ORD005865,LIMIT,SELL,101.96,89
5866,ORD005866,LIMIT,BUY,98.86,64
5867,ORD005867,LIMIT,SELL,99.84,15
5868,ORD005868,LIMIT,SELL,99.63,4
5869,ORD005869,MARKET,BUY,,58
5870,ORD005870,LIMIT,BUY,98.48,83
5871,ORD005871,LIMIT,BUY,100.32,90
5872,ORD005872,MARKET,SELL,,51
5873,ORD005873,MARKET,SELL,,26
5874,ORD005874,LIMIT,BUY,100.12,67
5875,ORD005875,LIMIT,BUY,100.47,20
5876,ORD001034,CANCEL,,,
5877,ORD005877,LIMIT,SELL,100.17,50
5878,ORD005878,LIMIT,BUY,99.88,55
5879,ORD005879,MARKET,SELL,,66
5880,ORD005429,CANCEL,,,
5881,ORD005881,LIMIT,SELL,101.1,90
5882,ORD005882,LIMIT,BUY,99.6,33
5883,ORD005883,LIMIT,SELL,101.69,77
5884,ORD005580,CANCEL,,,
5885,ORD005885,LIMIT,SELL,101.29,7
5886,ORD002641,CANCEL,,,
5887,ORD004188,CANCEL,,,
5888,ORD005888,LIMIT,BUY,100.33,48
5889,ORD000067,CANCEL,,,
5890,ORD003873,CANCEL,,,
5891,ORD005891,LIMIT,BUY,99.97,68
5892,ORD005892,LIMIT,BUY,98.12,68
5893,ORD005893,LIMIT,BUY,99.6,8
5894,ORD005894,LIMIT,SELL,100.37,50
5895,ORD005895,MARKET,SELL,,28
5896,ORD005896,LIMIT,BUY,99.64,36
5897,ORD005897,LIMIT,BUY,99.15,46
5898,ORD005898,MARKET,BUY,,82
5899,ORD004502,CANCEL,,,
5900,ORD005900,LIMIT,SELL,100.62,63
5901,ORD005901,LIMIT,SELL,99.59,78
5902,ORD004928,CANCEL,,,
5903,ORD005903,LIMIT,BUY,99.52,89
5904,ORD005904,LIMIT,BUY,98.26,12
5905,ORD005279,CANCEL,,,
5906,ORD005906,LIMIT,SELL,100.79,55
5907,ORD005648,CANCEL,,,
5908,ORD005908,LIMIT,SELL,100.95,92
5909,ORD005909,LIMIT,BUY,98.16,6
5910,ORD005910,LIMIT,BUY,100.45,27
5911,ORD005911,LIMIT,SELL,100.85,76
5912,ORD005912,LIMIT,SELL,99.87,48
5913,ORD005913,LIMIT,BUY,99.45,76
5914,ORD005914,LIMIT,BUY,98.97,85
5915,ORD004977,CANCEL,,,
5916,ORD005916,LIMIT,SELL,99.61,88
5917,ORD005917,LIMIT,SELL,100.57,63
5918,ORD005918,MARKET,BUY,,100
5919,ORD005919,LIMIT,BUY,98.85,21
5920,ORD005920,LIMIT,SELL,101.38,56
5921,ORD005921,LIMIT,BUY,98.17,48
5922,ORD005922,LIMIT,BUY,98.31,67
5923,ORD005923,LIMIT,SELL,101.92,1
5924,ORD005924,LIMIT,SELL,101.85,1
5925,ORD005925,LIMIT,SELL,101.31,2
5926,ORD005926,LIMIT,BUY,99.79,22
5927,ORD005927,LIMIT,SELL,101.8,97
5928,ORD005192,CANCEL,,,
5929,ORD005929,LIMIT,SELL,101.33,84
5930,ORD005930,LIMIT,SELL,101.45,8
5931,ORD001526,CANCEL,,,
5932,ORD001023,CANCEL,,,
5933,ORD005933,LIMIT,SELL,100.24,38
5934,ORD005934,LIMIT,BUY,99.65,89
5935,ORD005935,MARKET,SELL,,80
5936,ORD005936,LIMIT,SELL,101.19,75
5937,ORD005937,LIMIT,BUY,99.77,56
5938,ORD005938,LIMIT,SELL,100.64,38
5939,ORD005927,CANCEL,,,
5940,ORD005940,LIMIT,SELL,100.09,37
5941,ORD005941,MARKET,BUY,,92
5942,ORD005942,LIMIT,BUY,100.1,18
5943,ORD005943,LIMIT,SELL,100.41,100
5944,ORD005944,LIMIT,BUY,98.46,12
5945,ORD005945,LIMIT,SELL,101.06,2
5946,ORD005946,LIMIT,SELL,100.7,32
5947,ORD005947,LIMIT,BUY,99.97,76
5948,ORD003856,CANCEL,,,
5949,ORD001681,CANCEL,,,
5950,ORD004459,CANCEL,,,
5951,ORD005951,LIMIT,BUY,98.08,5
5952,ORD004034,CANCEL,,,
5953,ORD005953,LIMIT,BUY,100.11,44
5954,ORD005954,LIMIT,BUY,98.72,65
5955,ORD005955,LIMIT,SELL,99.72,24
5956,ORD005669,CANCEL,,,
5957,ORD005957,LIMIT,BUY,98.96,91
5958,ORD005958,LIMIT,SELL,100.47,37
5959,ORD005959,LIMIT,BUY,98.06,27
5960,ORD005162,CANCEL,,,
5961,ORD005961,LIMIT,SELL,99.87,67
5962,ORD004434,CANCEL,,,
5963,ORD005963,LIMIT,SELL,100.98,22
5964,ORD005964,LIMIT,SELL,100.23,6
5965,ORD005965,MARKET,BUY,,51
5966,ORD005966,LIMIT,BUY,99.87,3
5967,ORD005967,LIMIT,BUY,98.84,27
5968,ORD005968,LIMIT,SELL,100.5,84
5969,ORD005969,LIMIT,BUY,99.74,26
5970,ORD005970,LIMIT,SELL,101.61,28
5971,ORD005971,LIMIT,BUY,98.22,8
5972,ORD000873,CANCEL,,,
5973,ORD005973,MARKET,BUY,,57
5974,ORD005974,LIMIT,BUY,98.77,69
5975,ORD005975,LIMIT,BUY,100.46,30
5976,ORD005976,MARKET,SELL,,70
5977,ORD005977,LIMIT,BUY,98.13,95
5978,ORD005978,LIMIT,SELL,101.08,54
5979,ORD005979,LIMIT,BUY,98.98,69
5980,ORD005980,LIMIT,BUY,100.03,18
5981,ORD005981,LIMIT,SELL,100.37,98
5982,ORD005982,LIMIT,SELL,101.95,99
5983,ORD005983,LIMIT,BUY,100.28,29
5984,ORD001599,CANCEL,,,
5985,ORD004039,CANCEL,,,
5986,ORD005986,LIMIT,BUY,99.85,2
5987,ORD005987,LIMIT,SELL,100.01,58
5988,ORD005988,LIMIT,SELL,99.74,75
5989,ORD005989,LIMIT,SELL,100.56,30
5990,ORD005990,LIMIT,SELL,100.39,4
5991,ORD005991,LIMIT,BUY,99.21,62
5992,ORD005992,LIMIT,BUY,99.2,17
5993,ORD005993,LIMIT,BUY,98.59,70
5994,ORD005994,MARKET,SELL,,94
5995,ORD005995,LIMIT,BUY,99.0,76
5996,ORD004683,CANCEL,,,
5997,ORD005997,LIMIT,SELL,101.23,2
5998,ORD005998,LIMIT,BUY,98.99,51
5999,ORD005999,LIMIT,SELL,100.88,83
6000,ORD006000,LIMIT,BUY,99.45,31
6001,ORD006001,LIMIT,BUY,98.85,62
6002,ORD006002,LIMIT,BUY,100.44,64
6003,ORD006003,LIMIT,BUY,98.47,72
6004,ORD006004,LIMIT,BUY,100.31,91
6005,ORD006005,LIMIT,SELL,100.6,100
6006,ORD006006,LIMIT,SELL,99.97,9
6007,ORD006007,LIMIT,BUY,100.37,46
6008,ORD006008,LIMIT,SELL,100.84,57
6009,ORD001887,CANCEL,,,
6010,ORD006010,LIMIT,SELL,99.6,84
6011,ORD006011,MARKET,BUY,,78
6012,ORD003367,CANCEL,,,
6013,ORD006013,LIMIT,BUY,99.12,63
6014,ORD006014,LIMIT,SELL,101.07,83
6015,ORD002174,CANCEL,,,
6016,ORD006016,LIMIT,BUY,99.83,20
6017,ORD006017,MARKET,BUY,,65
6018,ORD006018,LIMIT,BUY,98.43,97
6019,ORD006019,LIMIT,SELL,101.0,20
6020,ORD006020,LIMIT,BUY,98.47,78
6021,ORD006021,LIMIT,BUY,98.04,22
6022,ORD006022,LIMIT,BUY,99.25,26
6023,ORD002113,CANCEL,,,
6024,ORD006024,LIMIT,BUY,99.63,55
6025,ORD005709,CANCEL,,,
6026,ORD006026,LIMIT,BUY,99.98,82
6027,ORD006027,LIMIT,BUY,98.82,89
6028,ORD003437,CANCEL,,,
6029,ORD006029,LIMIT,SELL,101.2,64
6030,ORD006030,LIMIT,SELL,100.73,27
6031,ORD006031,LIMIT,SELL,100.43,33
6032,ORD006032,LIMIT,BUY,99.64,71
6033,ORD006033,LIMIT,SELL,101.68,26
6034,ORD006034,LIMIT,SELL,101.47,72
6035,ORD006035,LIMIT,BUY,100.32,84
6036,ORD006036,LIMIT,SELL,101.64,64
6037,ORD006037,LIMIT,SELL,100.79,31
6038,ORD004950,CANCEL,,,
6039,ORD006039,MARKET,SELL,,66
6040,ORD006040,LIMIT,SELL,101.43,84
6041,ORD006041,LIMIT,BUY,99.62,39
6042,ORD006042,LIMIT,SELL,101.23,69
6043,ORD000649,CANCEL,,,
6044,ORD006044,LIMIT,SELL,99.65,93
6045,ORD002538,CANCEL,,,
6046,ORD006046,LIMIT,SELL,101.33,2
6047,ORD002743,CANCEL,,,
6048,ORD006048,LIMIT,BUY,99.74,58
6049,ORD006049,LIMIT,SELL,101.61,76
6050,ORD006050,LIMIT,SELL,101.92,1
6051,ORD006051,MARKET,BUY,,18
6052,ORD006052,LIMIT,SELL,99.6,17
6053,ORD006053,LIMIT,BUY,98.86,85
6054,ORD005644,CANCEL,,,
6055,ORD002856,CANCEL,,,
6056,ORD006056,LIMIT,BUY,99.16,34
6057,ORD006057,LIMIT,BUY,99.88,80
6058,ORD006058,LIMIT,SELL,101.49,93
6059,ORD006059,LIMIT,BUY,99.64,74
6060,ORD002463,CANCEL,,,
6061,ORD006061,LIMIT,BUY,100.04,20
6062,ORD006062,LIMIT,SELL,101.52,45
6063,ORD001088,CANCEL,,,
6064,ORD006064,LIMIT,SELL,99.98,92
6065,ORD006065,LIMIT,SELL,101.89,34
6066,ORD006066,LIMIT,SELL,101.5,81
6067,ORD003053,CANCEL,,,
6068,ORD006068,LIMIT,BUY,100.25,39
6069,ORD006069,LIMIT,SELL,101.21,89
6070,ORD006070,LIMIT,BUY,99.04,61
6071,ORD001820,CANCEL,,,
6072,ORD006072,LIMIT,BUY,98.63,13
6073,ORD006073,LIMIT,BUY,99.67,61
6074,ORD006074,LIMIT,SELL,101.41,96
6075,ORD004710,CANCEL,,,
6076,ORD006076,LIMIT,BUY,99.06,66
6077,ORD006077,LIMIT,BUY,99.96,57
6078,ORD006078,LIMIT,BUY,100.33,55
6079,ORD006079,LIMIT,BUY,99.08,3
6080,ORD006080,LIMIT,BUY,99.49,10
6081,ORD006081,LIMIT,SELL,100.28,5
6082,ORD006082,LIMIT,BUY,98.31,87
6083,ORD006083,LIMIT,SELL,101.19,13
6084,ORD006084,LIMIT,BUY,98.57,100
6085,ORD006085,LIMIT,BUY,98.86,12
6086,ORD006086,MARKET,BUY,,48
6087,ORD006087,LIMIT,BUY,98.92,87
6088,ORD002552,CANCEL,,,
6089,ORD006089,LIMIT,BUY,98.64,61
6090,ORD006090,LIMIT,SELL,100.67,78
6091,ORD006091,LIMIT,BUY,98.73,4
6092,ORD006092,LIMIT,SELL,99.71,91
6093,ORD006093,LIMIT,SELL,101.71,48
6094,ORD006094,LIMIT,BUY,99.71,21
6095,ORD006095,LIMIT,SELL,101.2,14
6096,ORD006096,LIMIT,SELL,100.96,87
6097,ORD006097,LIMIT,BUY,99.96,44
6098,ORD006098,LIMIT,SELL,99.9,15
6099,ORD006099,LIMIT,BUY,98.21,7
6100,ORD006100,LIMIT,SELL,101.05,21
6101,ORD005561,CANCEL,,,
6102,ORD006102,LIMIT,BUY,99.11,87
6103,ORD006103,LIMIT,SELL,99.57,18
6104,ORD006104,LIMIT,SELL,100.61,38
6105,ORD006105,LIMIT,BUY,98.49,33
6106,ORD006106,MARKET,BUY,,23
6107,ORD004334,CANCEL,,,
6108,ORD006108,LIMIT,BUY,99.39,5
6109,ORD006109,LIMIT,SELL,101.7,22
6110,ORD006110,LIMIT,SELL,100.49,31
6111,ORD006111,LIMIT,BUY,99.51,93
6112,ORD006112,LIMIT,SELL,101.22,87
6113,ORD006113,LIMIT,BUY,99.81,31
6114,ORD006114,MARKET,BUY,,32
6115,ORD006115,LIMIT,BUY,98.18,97
6116,ORD006116,LIMIT,BUY,98.94,13
6117,ORD006117,LIMIT,BUY,98.25,69
6118,ORD006118,LIMIT,BUY,98.59,5
6119,ORD006119,LIMIT,BUY,98.19,97
6120,ORD006120,LIMIT,BUY,99.59,29
6121,ORD006121,LIMIT,BUY,99.41,86
6122,ORD006122,LIMIT,SELL,101.35,77
6123,ORD005289,CANCEL,,,
6124,ORD006124,LIMIT,SELL,100.57,24
6125,ORD000618,CANCEL,,,
6126,ORD006126,LIMIT,BUY,99.79,100
6127,ORD005060,CANCEL,,,
6128,ORD006128,LIMIT,SELL,100.1,72
6129,ORD006129,LIMIT,BUY,99.68,78
6130,ORD006130,LIMIT,BUY,98.02,48
6131,ORD001856,CANCEL,,,
6132,ORD006132,LIMIT,BUY,100.0,39
6133,ORD006133,LIMIT,SELL,100.68,79
6134,ORD006134,LIMIT,SELL,99.79,24
6135,ORD006135,MARKET,SELL,,57
6136,ORD006136,LIMIT,BUY,99.69,65
6137,ORD006137,LIMIT,BUY,98.6,46
6138,ORD006138,LIMIT,BUY,99.91,49
6139,ORD006139,LIMIT,SELL,101.85,48
6140,ORD006140,LIMIT,BUY,98.49,68
6141,ORD006141,LIMIT,SELL,99.62,94
6142,ORD003562,CANCEL,,,
6143,ORD006143,LIMIT,BUY,99.97,49
6144,ORD004711,CANCEL,,,
6145,ORD006145,MARKET,BUY,,88
6146,ORD004951,CANCEL,,,
6147,ORD006147,LIMIT,BUY,98.44,86
6148,ORD002662,CANCEL,,,
6149,ORD006149,LIMIT,BUY,98.99,69
6150,ORD006150,LIMIT,BUY,99.04,62
6151,ORD003239,CANCEL,,,
6152,ORD006152,LIMIT,SELL,100.91,76
6153,ORD006153,LIMIT,SELL,100.04,71
6154,ORD006154,MARKET,BUY,,36
6155,ORD006155,LIMIT,SELL,101.8,30
6156,ORD006156,LIMIT,BUY,98.2,45
6157,ORD006157,LIMIT,BUY,98.36,91
6158,ORD006158,LIMIT,BUY,98.42,8
6159,ORD006159,LIMIT,BUY,98.11,34
6160,ORD002232,CANCEL,,,
6161,ORD006161,LIMIT,BUY,98.43,66
6162,ORD005118,CANCEL,,,
6163,ORD002715,CANCEL,,,
6164,ORD005492,CANCEL,,,
6165,ORD005824,CANCEL,,,
6166,ORD006166,LIMIT,SELL,101.62,62
6167,ORD006167,LIMIT,SELL,101.32,94
6168,ORD006168,LIMIT,SELL,100.69,37
6169,ORD006169,LIMIT,SELL,99.64,21
6170,ORD006170,LIMIT,BUY,98.31,36
6171,ORD006171,LIMIT,SELL,101.97,46
6172,ORD006172,LIMIT,BUY,99.34,14
6173,ORD006173,LIMIT,BUY,99.23,81
6174,ORD006174,LIMIT,SELL,100.11,53
6175,ORD006175,LIMIT,BUY,99.15,47
6176,ORD006176,LIMIT,SELL,101.36,97
6177,ORD006177,LIMIT,SELL,101.02,28
6178,ORD006178,MARKET,BUY,,28
6179,ORD006179,LIMIT,BUY,100.45,22
6180,ORD006180,LIMIT,BUY,99.61,2
6181,ORD006181,LIMIT,SELL,100.37,88
6182,ORD006182,LIMIT,BUY,100.01,89
6183,ORD001966,CANCEL,,,
6184,ORD006184,MARKET,BUY,,79
6185,ORD006185,LIMIT,SELL,99.59,6
6186,ORD006186,LIMIT,BUY,99.68,77
6187,ORD006187,LIMIT,SELL,101.44,65
6188,ORD006188,LIMIT,SELL,101.55,31
6189,ORD006189,LIMIT,BUY,100.13,94
6190,ORD006190,LIMIT,BUY,98.81,44
6191,ORD003432,CANCEL,,,
6192,ORD005943,CANCEL,,,
6193,ORD006193,LIMIT,BUY,100.2,9
6194,ORD006194,LIMIT,SELL,101.67,23
6195,ORD006195,LIMIT,BUY,100.48,91
6196,ORD000879,CANCEL,,,
6197,ORD005541,CANCEL,,,
6198,ORD006198,LIMIT,SELL,99.74,27
6199,ORD006199,LIMIT,SELL,99.73,50
6200,ORD006200,LIMIT,BUY,98.02,99
6201,ORD006201,LIMIT,SELL,101.34,100
6202,ORD006202,LIMIT,BUY,99.07,85
6203,ORD006203,LIMIT,SELL,100.19,94
6204,ORD006016,CANCEL,,,
6205,ORD006205,LIMIT,BUY,99.15,82
6206,ORD006206,LIMIT,BUY,100.36,12
6207,ORD006207,MARKET,BUY,,27
6208,ORD006208,LIMIT,SELL,100.57,4
6209,ORD006209,LIMIT,BUY,99.64,91
6210,ORD006210,LIMIT,BUY,98.45,17
6211,ORD006211,LIMIT,BUY,100.36,13
6212,ORD006212,LIMIT,BUY,98.15,87
6213,ORD006213,LIMIT,BUY,99.08,40
6214,ORD006214,LIMIT,BUY,98.25,40
6215,ORD006215,LIMIT,BUY,100.43,35
6216,ORD000785,CANCEL,,,
6217,ORD003500,CANCEL,,,
6218,ORD006218,MARKET,SELL,,77
6219,ORD006219,LIMIT,SELL,101.74,12
6220,ORD005347,CANCEL,,,
6221,ORD006221,LIMIT,BUY,99.04,36
6222,ORD005784,CANCEL,,,
6223,ORD006223,LIMIT,SELL,99.98,70
6224,ORD006224,LIMIT,BUY,99.17,41
6225,ORD006225,LIMIT,BUY,98.81,12
6226,ORD006226,LIMIT,BUY,100.06,50
6227,ORD006227,MARKET,BUY,,26
6228,ORD006228,LIMIT,SELL,99.95,74
6229,ORD006229,MARKET,BUY,,23
6230,ORD006230,LIMIT,SELL,100.58,85
6231,ORD006231,LIMIT,SELL,101.44,73
6232,ORD006232,LIMIT,BUY,98.23,33
6233,ORD001286,CANCEL,,,
6234,ORD006234,LIMIT,BUY,98.04,80
6235,ORD006235,LIMIT,SELL,101.13,20
6236,ORD006236,LIMIT,SELL,99.94,96
6237,ORD004624,CANCEL,,,
6238,ORD003688,CANCEL,,,
6239,ORD006239,LIMIT,BUY,98.64,61
6240,ORD006240,LIMIT,SELL,101.03,94
6241,ORD004800,CANCEL,,,
6242,ORD006242,LIMIT,SELL,99.94,32
6243,ORD006243,LIMIT,BUY,99.55,18
6244,ORD006244,MARKET,SELL,,35
6245,ORD006245,LIMIT,BUY,98.87,98
6246,ORD006246,LIMIT,SELL,101.7,62
6247,ORD006247,LIMIT,BUY,99.07,78
6248,ORD006248,LIMIT,SELL,100.02,77
6249,ORD005075,CANCEL,,,
6250,ORD006250,LIMIT,BUY,98.31,71
6251,ORD006251,MARKET,BUY,,76
6252,ORD006252,LIMIT,SELL,100.88,59
6253,ORD006253,LIMIT,SELL,101.35,79
6254,ORD006254,LIMIT,SELL,100.58,58
6255,ORD006255,LIMIT,SELL,100.52,14
6256,ORD006256,LIMIT,BUY,100.17,56
6257,ORD006257,LIMIT,BUY,99.55,11
6258,ORD002924,CANCEL,,,
6259,ORD006259,LIMIT,SELL,101.88,58
6260,ORD004492,CANCEL,,,
6261,ORD006261,LIMIT,SELL,101.32,1
6262,ORD006262,LIMIT,BUY,99.26,3
6263,ORD006263,LIMIT,SELL,100.23,73
6264,ORD006264,LIMIT,BUY,99.74,48
6265,ORD006265,LIMIT,SELL,100.32,36
6266,ORD006266,LIMIT,BUY,99.95,53
6267,ORD006267,LIMIT,BUY,98.78,18
6268,ORD006268,LIMIT,SELL,101.49,56
6269,ORD005524,CANCEL,,,
6270,ORD006270,LIMIT,SELL,99.81,5
6271,ORD006271,MARKET,SELL,,88
6272,ORD006272,LIMIT,SELL,102.0,55
6273,ORD006273,LIMIT,SELL,100.25,10
6274,ORD006274,LIMIT,BUY,98.72,32
6275,ORD006275,LIMIT,SELL,101.67,86
6276,ORD006276,LIMIT,SELL,100.05,93
6277,ORD006277,LIMIT,BUY,100.13,19
6278,ORD006278,LIMIT,SELL,99.71,79
6279,ORD006279,LIMIT,BUY,99.61,65
6280,ORD006280,LIMIT,BUY,100.26,63
6281,ORD006281,LIMIT,SELL,99.62,28
6282,ORD006282,LIMIT,SELL,101.86,96
6283,ORD006283,LIMIT,SELL,100.2,81
6284,ORD006284,LIMIT,SELL,100.99,96
6285,ORD006285,LIMIT,BUY,99.34,87
6286,ORD006286,LIMIT,BUY,99.1,54
6287,ORD001055,CANCEL,,,
6288,ORD006288,LIMIT,BUY,100.21,39
6289,ORD006289,LIMIT,SELL,101.72,23
6290,ORD006290,LIMIT,BUY,100.36,57
6291,ORD006291,LIMIT,BUY,100.25,71
6292,ORD006292,LIMIT,SELL,100.16,64
6293,ORD006293,LIMIT,SELL,101.21,84
6294,ORD006294,LIMIT,SELL,101.28,18
6295,ORD006295,LIMIT,BUY,99.15,33
6296,ORD006296,LIMIT,BUY,99.96,61
6297,ORD006297,LIMIT,SELL,100.2,34
6298,ORD006298,LIMIT,BUY,99.2,60
6299,ORD006299,LIMIT,SELL,100.38,39
6300,ORD003823,CANCEL,,,
6301,ORD006301,LIMIT,BUY,98.52,80
6302,ORD006302,LIMIT,BUY,98.12,36
6303,ORD006303,LIMIT,SELL,100.39,65
6304,ORD003603,CANCEL,,,
6305,ORD006305,LIMIT,SELL,101.96,43
6306,ORD006306,LIMIT,SELL,100.35,24
6307,ORD006307,LIMIT,BUY,99.07,5
6308,ORD006308,LIMIT,BUY,98.09,60
6309,ORD005770,CANCEL,,,
6310,ORD006310,MARKET,BUY,,32
6311,ORD006311,LIMIT,SELL,99.69,77
6312,ORD006312,LIMIT,SELL,101.98,12
6313,ORD006313,LIMIT,SELL,101.37,58
6314,ORD006314,LIMIT,SELL,99.69,94
6315,ORD006315,LIMIT,SELL,99.73,83
6316,ORD006316,LIMIT,SELL,101.17,36
6317,ORD006317,LIMIT,SELL,101.13,50
6318,ORD006318,LIMIT,BUY,98.04,48
6319,ORD006319,LIMIT,SELL,101.94,76
6320,ORD006320,LIMIT,BUY,98.41,30
6321,ORD006321,LIMIT,BUY,99.44,24
6322,ORD006322,LIMIT,SELL,100.29,62
6323,ORD006323,LIMIT,SELL,99.89,33
6324,ORD001317,CANCEL,,,
6325,ORD006325,LIMIT,BUY,98.94,40
6326,ORD006326,LIMIT,SELL,100.03,76
6327,ORD006327,LIMIT,SELL,101.35,44
6328,ORD004970,CANCEL,,,
6329,ORD006329,LIMIT,SELL,99.51,42
6330,ORD006330,LIMIT,SELL,101.83,96
6331,ORD006331,LIMIT,BUY,98.56,65
6332,ORD006332,LIMIT,BUY,100.48,69
6333,ORD006333,LIMIT,SELL,101.81,64
6334,ORD006334,LIMIT,BUY,100.42,47
6335,ORD002693,CANCEL,,,
6336,ORD004162,CANCEL,,,
6337,ORD006337,LIMIT,BUY,100.36,54
6338,ORD006338,LIMIT,BUY,100.38,68
6339,ORD006339,LIMIT,SELL,101.23,63
6340,ORD006340,LIMIT,SELL,101.06,80
6341,ORD005822,CANCEL,,,
6342,ORD006342,LIMIT,BUY,100.43,71
6343,ORD006343,LIMIT,SELL,100.8,15
6344,ORD006344,LIMIT,SELL,99.94,69
6345,ORD006345,LIMIT,BUY,98.78,98
6346,ORD006346,LIMIT,BUY,99.79,6
6347,ORD006347,LIMIT,BUY,98.16,34
6348,ORD006348,LIMIT,BUY,99.76,23
6349,ORD006349,LIMIT,BUY,99.52,48
6350,ORD006350,LIMIT,BUY,100.12,76
6351,ORD006351,LIMIT,BUY,99.29,20
6352,ORD006352,LIMIT,BUY,100.48,38
6353,ORD006353,LIMIT,BUY,98.21,83
6354,ORD006354,LIMIT,BUY,100.38,42
6355,ORD006355,MARKET,BUY,,40
6356,ORD006356,LIMIT,SELL,99.72,92
6357,ORD001044,CANCEL,,,
6358,ORD006358,LIMIT,SELL,100.87,85
6359,ORD006359,LIMIT,SELL,101.35,91
6360,ORD006360,LIMIT,SELL,101.72,16
6361,ORD006361,LIMIT,BUY,98.25,53
6362,ORD006362,LIMIT,SELL,99.64,40
6363,ORD006363,MARKET,BUY,,14
6364,ORD006364,LIMIT,SELL,100.45,79
6365,ORD001198,CANCEL,,,
6366,ORD006366,LIMIT,BUY,98.63,95
6367,ORD005529,CANCEL,,,
6368,ORD005294,CANCEL,,,
6369,ORD006369,LIMIT,BUY,99.58,64
6370,ORD006370,LIMIT,SELL,101.46,80
6371,ORD006371,LIMIT,SELL,99.58,25
6372,ORD006372,LIMIT,SELL,101.83,12
6373,ORD006373,LIMIT,BUY,98.58,85
6374,ORD006374,LIMIT,SELL,101.4,71
6375,ORD006375,LIMIT,BUY,98.39,4
6376,ORD006266,CANCEL,,,
6377,ORD006377,LIMIT,SELL,101.04,95
6378,ORD002733,CANCEL,,,
6379,ORD006379,LIMIT,BUY,98.87,38
6380,ORD006380,LIMIT,BUY,100.49,83
6381,ORD002289,CANCEL,,,
6382,ORD006382,MARKET,SELL,,49
6383,ORD005657,CANCEL,,,
6384,ORD002653,CANCEL,,,
6385,ORD006385,LIMIT,SELL,101.62,62
6386,ORD006386,LIMIT,SELL,101.02,44
6387,ORD005852,CANCEL,,,
6388,ORD001567,CANCEL,,,
6389,ORD006389,LIMIT,SELL,101.91,34
6390,ORD006390,LIMIT,BUY,98.82,46
6391,ORD006391,LIMIT,BUY,99.4,68
6392,ORD006392,LIMIT,SELL,100.45,55
6393,ORD006393,MARKET,BUY,,50
6394,ORD006394,LIMIT,BUY,98.32,18
6395,ORD006395,LIMIT,BUY,100.48,94
6396,ORD006396,MARKET,SELL,,36
6397,ORD006397,LIMIT,SELL,100.62,11
6398,ORD006398,LIMIT,BUY,98.04,43
6399,ORD003326,CANCEL,,,
6400,ORD006400,LIMIT,SELL,100.9,92
6401,ORD006401,MARKET,SELL,,92
6402,ORD006402,LIMIT,SELL,100.91,7
6403,ORD006403,LIMIT,BUY,98.32,31
6404,ORD006404,LIMIT,BUY,99.02,28
6405,ORD006405,LIMIT,SELL,99.82,94
6406,ORD006406,LIMIT,BUY,98.64,66
6407,ORD006407,LIMIT,SELL,100.82,99
6408,ORD006408,LIMIT,SELL,101.15,76
6409,ORD006409,LIMIT,SELL,101.85,69
6410,ORD006410,LIMIT,BUY,98.41,69
6411,ORD006411,LIMIT,BUY,98.39,48
6412,ORD006412,LIMIT,SELL,100.79,55
6413,ORD006413,LIMIT,SELL,101.58,63
6414,ORD006414,LIMIT,SELL,101.03,52
6415,ORD006415,LIMIT,BUY,98.67,36
6416,ORD006416,LIMIT,SELL,99.7,46
6417,ORD006417,LIMIT,BUY,98.81,45
6418,ORD006418,LIMIT,SELL,99.9,65
6419,ORD006419,LIMIT,SELL,101.27,36
6420,ORD001283,CANCEL,,,
6421,ORD006421,LIMIT,SELL,100.46,21
6422,ORD006422,LIMIT,SELL,101.6,84
6423,ORD006099,CANCEL,,,
6424,ORD006424,LIMIT,SELL,100.06,79
6425,ORD006425,MARKET,SELL,,46
6426,ORD006426,LIMIT,SELL,99.78,52
6427,ORD006427,LIMIT,SELL,101.31,7
6428,ORD006428,LIMIT,BUY,99.26,24
6429,ORD001880,CANCEL,,,
6430,ORD006430,LIMIT,BUY,98.21,95
6431,ORD006431,LIMIT,SELL,99.89,36
6432,ORD005460,CANCEL,,,
6433,ORD006433,LIMIT,BUY,99.66,22
6434,ORD006434,LIMIT,SELL,100.92,67
6435,ORD006435,LIMIT,SELL,99.62,11
6436,ORD006436,LIMIT,BUY,99.98,26
6437,ORD006437,MARKET,BUY,,43
6438,ORD006438,LIMIT,SELL,100.44,68
6439,ORD006439,LIMIT,SELL,100.36,34
6440,ORD006440,LIMIT,BUY,99.46,51
6441,ORD004851,CANCEL,,,
6442,ORD006442,LIMIT,SELL,101.56,52
6443,ORD006443,LIMIT,BUY,98.12,43
6444,ORD006444,LIMIT,SELL,101.63,39
6445,ORD006445,LIMIT,BUY,99.73,91
6446,ORD006446,LIMIT,SELL,101.35,88
6447,ORD005293,CANCEL,,,
6448,ORD006448,LIMIT,BUY,98.21,46
6449,ORD006449,LIMIT,BUY,100.15,87
6450,ORD006450,LIMIT,SELL,100.87,12
6451,ORD006451,LIMIT,SELL,100.15,78
6452,ORD006452,LIMIT,SELL,100.17,96
6453,ORD006453,LIMIT,SELL,101.44,3
6454,ORD006454,MARKET,SELL,,73
6455,ORD006455,LIMIT,BUY,98.16,62
6456,ORD006456,LIMIT,BUY,99.69,36
6457,ORD006457,LIMIT,SELL,99.91,27
6458,ORD006458,LIMIT,SELL,101.05,23
6459,ORD006459,LIMIT,BUY,99.61,85
6460,ORD006460,LIMIT,SELL,100.59,49
6461,ORD006461,LIMIT,BUY,98.9,39
6462,ORD006462,LIMIT,SELL,101.27,82
6463,ORD006463,LIMIT,BUY,99.08,61
6464,ORD006464,LIMIT,BUY,99.03,73
6465,ORD002221,CANCEL,,,
6466,ORD006466,LIMIT,SELL,101.65,7
6467,ORD006467,LIMIT,BUY,98.28,27
6468,ORD006468,LIMIT,SELL,101.99,85
6469,ORD002023,CANCEL,,,
6470,ORD006470,LIMIT,SELL,101.65,99
6471,ORD006471,LIMIT,SELL,99.68,85
6472,ORD006472,LIMIT,SELL,100.38,47
6473,ORD006473,LIMIT,SELL,99.76,44
6474,ORD006474,LIMIT,SELL,100.48,43
6475,ORD006475,LIMIT,SELL,101.05,41
6476,ORD002274,CANCEL,,,
6477,ORD006477,LIMIT,SELL,99.54,100
6478,ORD006478,LIMIT,SELL,100.99,63
6479,ORD006479,LIMIT,BUY,99.01,20
6480,ORD006480,LIMIT,SELL,99.79,25
6481,ORD006481,LIMIT,BUY,99.84,82
6482,ORD006482,LIMIT,BUY,99.16,33
6483,ORD006483,LIMIT,SELL,99.74,94
6484,ORD006484,LIMIT,SELL,101.52,89
6485,ORD006485,LIMIT,SELL,100.37,41
6486,ORD006486,LIMIT,BUY,98.54,37
6487,ORD006487,MARKET,SELL,,60
6488,ORD006061,CANCEL,,,
6489,ORD006489,MARKET,BUY,,59
6490,ORD006490,LIMIT,BUY,98.1,14
6491,ORD006491,LIMIT,BUY,99.15,83
6492,ORD006492,LIMIT,BUY,99.08,77
6493,ORD005504,CANCEL,,,
6494,ORD006494,LIMIT,BUY,99.76,15
6495,ORD006495,LIMIT,SELL,101.45,86
6496,ORD006496,LIMIT,SELL,101.19,46
6497,ORD006497,LIMIT,SELL,100.1,87
6498,ORD006498,MARKET,SELL,,8
6499,ORD006499,LIMIT,BUY,98.54,100
6500,ORD002966,CANCEL,,,
6501,ORD006501,LIMIT,SELL,101.38,79
6502,ORD003472,CANCEL,,,
6503,ORD006033,CANCEL,,,
6504,ORD006504,LIMIT,SELL,101.09,79
6505,ORD006505,LIMIT,SELL,101.81,41
6506,ORD006506,LIMIT,SELL,101.55,9
6507,ORD006507,LIMIT,SELL,99.56,91
6508,ORD006508,LIMIT,BUY,100.29,87
6509,ORD006509,LIMIT,SELL,100.59,47
6510,ORD006510,LIMIT,BUY,98.06,23
6511,ORD006511,LIMIT,SELL,101.98,54
6512,ORD006512,LIMIT,SELL,101.86,91
6513,ORD006513,LIMIT,BUY,99.27,98
6514,ORD006514,LIMIT,SELL,99.76,17
6515,ORD006515,LIMIT,BUY,98.42,34
6516,ORD006516,LIMIT,BUY,98.4,49
6517,ORD001863,CANCEL,,,
6518,ORD006518,LIMIT,BUY,100.03,40
6519,ORD006519,LIMIT,SELL,100.16,81
6520,ORD006520,LIMIT,SELL,99.95,88
6521,ORD006521,LIMIT,SELL,99.69,67
6522,ORD005539,CANCEL,,,
6523,ORD006523,MARKET,SELL,,49
6524,ORD006524,LIMIT,BUY,98.05,44
6525,ORD002878,CANCEL,,,
6526,ORD006526,LIMIT,BUY,98.54,93
6527,ORD006527,LIMIT,SELL,100.84,36
6528,ORD006528,LIMIT,BUY,99.68,22
6529,ORD001470,CANCEL,,,
6530,ORD006530,LIMIT,BUY,98.81,8
6531,ORD006531,LIMIT,BUY,98.42,27
6532,ORD006532,LIMIT,BUY,99.27,100
6533,ORD006533,LIMIT,SELL,100.71,94
6534,ORD006534,LIMIT,SELL,100.71,14
6535,ORD006535,LIMIT,BUY,98.94,95
6536,ORD006536,LIMIT,BUY,99.64,89
6537,ORD006537,LIMIT,SELL,99.73,19
6538,ORD005643,CANCEL,,,
6539,ORD006539,LIMIT,SELL,101.14,14
6540,ORD006540,MARKET,BUY,,86
6541,ORD003715,CANCEL,,,
6542,ORD006542,LIMIT,SELL,100.57,39
6543,ORD006102,CANCEL,,,
6544,ORD000880,CANCEL,,,
6545,ORD006545,LIMIT,BUY,98.05,33
6546,ORD006546,LIMIT,BUY,99.8,97
6547,ORD006547,LIMIT,BUY,98.33,85
6548,ORD006548,LIMIT,SELL,99.81,9
6549,ORD006549,LIMIT,SELL,99.75,51
6550,ORD006550,LIMIT,BUY,99.16,2
6551,ORD006551,LIMIT,BUY,98.83,32
6552,ORD003281,CANCEL,,,
6553,ORD006553,LIMIT,SELL,101.45,44
6554,ORD006554,LIMIT,SELL,99.85,15
6555,ORD006555,LIMIT,BUY,99.28,47
6556,ORD006556,LIMIT,BUY,100.11,78
6557,ORD006557,LIMIT,SELL,101.39,39
6558,ORD006158,CANCEL,,,
6559,ORD006559,LIMIT,BUY,99.12,42
6560,ORD006560,LIMIT,SELL,101.8,49
6561,ORD006561,LIMIT,SELL,101.69,95
6562,ORD001042,CANCEL,,,
6563,ORD006563,LIMIT,BUY,99.36,25
6564,ORD003987,CANCEL,,,
6565,ORD006565,LIMIT,SELL,99.53,29
6566,ORD006566,MARKET,SELL,,64
6567,ORD005223,CANCEL,,,
6568,ORD006568,MARKET,BUY,,53
6569,ORD006569,LIMIT,BUY,98.76,17
6570,ORD006570,MARKET,SELL,,12
6571,ORD006571,LIMIT,SELL,100.08,82
6572,ORD006572,LIMIT,SELL,100.62,72
6573,ORD006573,LIMIT,SELL,100.51,60
6574,ORD006574,LIMIT,SELL,99.52,36
6575,ORD006575,LIMIT,SELL,101.14,92
6576,ORD006576,LIMIT,SELL,101.17,30
6577,ORD006577,LIMIT,SELL,99.61,29
6578,ORD005906,CANCEL,,,
6579,ORD006579,LIMIT,SELL,101.39,64
6580,ORD006580,LIMIT,SELL,100.35,100
6581,ORD005627,CANCEL,,,
6582,ORD006582,LIMIT,BUY,99.75,57
6583,ORD006583,LIMIT,BUY,99.35,45
6584,ORD006584,LIMIT,SELL,99.91,7
6585,ORD006585,LIMIT,SELL,101.3,39
6586,ORD006586,LIMIT,SELL,99.76,7
6587,ORD006587,LIMIT,SELL,101.7,47
6588,ORD006588,LIMIT,SELL,100.65,66
6589,ORD006589,LIMIT,SELL,100.47,74
6590,ORD006590,LIMIT,SELL,101.97,4
6591,ORD006591,LIMIT,BUY,98.64,88
6592,ORD006592,LIMIT,SELL,99.53,56
6593,ORD006593,LIMIT,BUY,100.38,92
6594,ORD006594,LIMIT,BUY,98.33,53
6595,ORD006595,MARKET,SELL,,99
6596,ORD006596,LIMIT,SELL,100.6,48
6597,ORD006597,LIMIT,BUY,100.23,53
6598,ORD003038,CANCEL,,,
6599,ORD006599,LIMIT,BUY,100.02,57
6600,ORD001606,CANCEL,,,
6601,ORD004882,CANCEL,,,
6602,ORD006602,LIMIT,SELL,100.88,54
6603,ORD006422,CANCEL,,,
6604,ORD006604,LIMIT,SELL,101.75,22
6605,ORD006605,LIMIT,BUY,99.71,100
6606,ORD006606,LIMIT,BUY,99.47,30
6607,ORD006607,MARKET,SELL,,52
6608,ORD006608,LIMIT,BUY,100.38,49
6609,ORD006609,LIMIT,SELL,101.2,1
6610,ORD006610,LIMIT,SELL,99.98,57
6611,ORD006611,LIMIT,SELL,99.85,40
6612,ORD005356,CANCEL,,,
6613,ORD006613,LIMIT,SELL,99.62,49
6614,ORD006614,LIMIT,SELL,101.71,72
6615,ORD006615,LIMIT,SELL,100.35,14
6616,ORD005904,CANCEL,,,
6617,ORD006617,LIMIT,BUY,98.91,40
6618,ORD006618,LIMIT,BUY,100.44,53
6619,ORD006619,LIMIT,SELL,100.41,4
6620,ORD006620,LIMIT,SELL,101.09,58
6621,ORD006621,LIMIT,BUY,98.11,93
6622,ORD006622,LIMIT,BUY,98.62,10
6623,ORD006623,LIMIT,BUY,98.23,92
6624,ORD006624,LIMIT,SELL,101.81,76
6625,ORD006625,LIMIT,BUY,99.18,68
6626,ORD006626,LIMIT,BUY,99.3,26
6627,ORD006627,LIMIT,BUY,98.39,40
6628,ORD006628,LIMIT,SELL,101.54,61
6629,ORD006629,LIMIT,SELL,99.79,2
6630,ORD006630,LIMIT,BUY,99.27,61
6631,ORD003942,CANCEL,,,
6632,ORD000958,CANCEL,,,
6633,ORD005238,CANCEL,,,
6634,ORD006634,LIMIT,BUY,98.05,88
6635,ORD006407,CANCEL,,,
6636,ORD006636,LIMIT,BUY,99.22,39
6637,ORD006637,MARKET,SELL,,36
6638,ORD006638,LIMIT,BUY,99.74,8
6639,ORD006639,LIMIT,SELL,99.83,60
6640,ORD006640,LIMIT,BUY,98.89,52
6641,ORD006641,LIMIT,SELL,99.93,7
6642,ORD006642,MARKET,SELL,,69
6643,ORD006643,LIMIT,SELL,100.86,25
6644,ORD006644,LIMIT,SELL,100.73,31
6645,ORD006645,LIMIT,BUY,99.77,2
6646,ORD006646,LIMIT,BUY,98.84,77
6647,ORD002168,CANCEL,,,
6648,ORD006648,LIMIT,BUY,99.66,44
6649,ORD006649,LIMIT,BUY,99.15,13
6650,ORD006650,LIMIT,BUY,99.24,62
6651,ORD006651,LIMIT,BUY,98.88,74
6652,ORD001991,CANCEL,,,
6653,ORD006653,LIMIT,BUY,99.8,17
6654,ORD006654,LIMIT,BUY,99.12,1
6655,ORD006655,LIMIT,BUY,99.46,65
6656,ORD001811,CANCEL,,,
6657,ORD006657,LIMIT,SELL,101.53,10
6658,ORD006658,LIMIT,BUY,99.61,11
6659,ORD006659,LIMIT,BUY,100.26,60
6660,ORD006660,LIMIT,SELL,101.65,40
6661,ORD006661,LIMIT,SELL,100.67,31
6662,ORD006662,LIMIT,BUY,98.86,11
6663,ORD006663,LIMIT,BUY,98.44,84
6664,ORD006664,LIMIT,SELL,100.09,83
6665,ORD006665,LIMIT,SELL,101.7,34
6666,ORD006666,LIMIT,SELL,101.71,39
6667,ORD006667,LIMIT,SELL,99.91,49
6668,ORD006668,LIMIT,BUY,99.02,92
6669,ORD006669,LIMIT,BUY,100.17,83
6670,ORD002431,CANCEL,,,
6671,ORD006671,LIMIT,BUY,98.57,69
6672,ORD006672,LIMIT,SELL,100.68,54
6673,ORD006673,LIMIT,BUY,99.42,2
6674,ORD006674,LIMIT,SELL,100.71,62
6675,ORD006675,LIMIT,SELL,100.51,89
6676,ORD006676,LIMIT,BUY,98.65,20
6677,ORD006677,LIMIT,BUY,99.5,7
6678,ORD006678,LIMIT,BUY,98.67,81
6679,ORD006679,LIMIT,BUY,98.37,31
6680,ORD001937,CANCEL,,,
6681,ORD006681,LIMIT,BUY,98.99,9
6682,ORD006682,LIMIT,SELL,101.92,2
6683,ORD006683,LIMIT,BUY,98.31,79
6684,ORD006684,LIMIT,BUY,99.53,95
6685,ORD006685,LIMIT,SELL,100.94,82
6686,ORD006686,LIMIT,SELL,101.21,89
6687,ORD006687,LIMIT,SELL,99.71,46
6688,ORD006688,LIMIT,BUY,98.42,99
6689,ORD006689,LIMIT,SELL,101.45,52
6690,ORD006690,LIMIT,BUY,98.36,73
6691,ORD000902,CANCEL,,,
6692,ORD006692,LIMIT,BUY,100.11,53
6693,ORD006343,CANCEL,,,
6694,ORD006694,LIMIT,BUY,99.22,95
6695,ORD006695,LIMIT,SELL,101.85,92
6696,ORD006696,LIMIT,BUY,98.31,80
6697,ORD006697,LIMIT,BUY,99.87,95
6698,ORD006698,LIMIT,SELL,100.17,74
6699,ORD006699,LIMIT,BUY,98.58,74
6700,ORD006700,LIMIT,BUY,100.13,95
6701,ORD006701,LIMIT,BUY,99.72,23
6702,ORD006702,LIMIT,BUY,98.5,66
6703,ORD003049,CANCEL,,,
6704,ORD006704,LIMIT,SELL,100.35,81
6705,ORD006705,MARKET,BUY,,30
6706,ORD006706,LIMIT,BUY,98.38,98
6707,ORD006707,MARKET,SELL,,73
6708,ORD006708,LIMIT,BUY,99.15,8
6709,ORD006709,MARKET,SELL,,10
6710,ORD006710,LIMIT,BUY,98.33,13
6711,ORD006711,LIMIT,SELL,100.41,46
6712,ORD006712,MARKET,SELL,,76
6713,ORD006713,LIMIT,SELL,101.25,35
6714,ORD006360,CANCEL,,,
6715,ORD006715,LIMIT,SELL,100.48,10
6716,ORD006187,CANCEL,,,
6717,ORD004406,CANCEL,,,
6718,ORD006718,LIMIT,BUY,99.28,5
6719,ORD006719,LIMIT,BUY,100.11,94
6720,ORD006720,LIMIT,SELL,100.37,96
6721,ORD006721,LIMIT,SELL,100.13,98
6722,ORD006722,LIMIT,SELL,101.23,97
6723,ORD006723,LIMIT,SELL,101.74,51
6724,ORD006724,LIMIT,BUY,99.29,84
6725,ORD003560,CANCEL,,,
6726,ORD006726,LIMIT,BUY,99.08,96
6727,ORD006727,LIMIT,BUY,100.18,85
6728,ORD006728,LIMIT,SELL,99.83,100
6729,ORD004886,CANCEL,,,
6730,ORD006730,MARKET,SELL,,20
6731,ORD006105,CANCEL,,,
6732,ORD006732,LIMIT,SELL,100.4,84
6733,ORD006733,LIMIT,SELL,99.69,25
6734,ORD006734,MARKET,SELL,,65
6735,ORD006014,CANCEL,,,
6736,ORD001003,CANCEL,,,
6737,ORD003630,CANCEL,,,
6738,ORD006738,LIMIT,SELL,101.62,94
6739,ORD006739,LIMIT,BUY,99.28,65
6740,ORD006740,MARKET,BUY,,51
6741,ORD006741,LIMIT,SELL,100.89,15
6742,ORD006742,LIMIT,SELL,101.33,12
6743,ORD006743,LIMIT,SELL,101.83,6
6744,ORD006744,LIMIT,BUY,98.95,52
6745,ORD006745,LIMIT,BUY,98.44,5
6746,ORD002435,CANCEL,,,
6747,ORD006747,LIMIT,BUY,99.81,71
6748,ORD006505,CANCEL,,,
6749,ORD006749,LIMIT,SELL,101.08,59
6750,ORD006750,LIMIT,SELL,100.67,29
6751,ORD006751,LIMIT,BUY,98.55,99
6752,ORD006752,LIMIT,SELL,100.8,77
6753,ORD006753,LIMIT,SELL,100.14,37
6754,ORD006754,LIMIT,BUY,100.23,34
6755,ORD006755,LIMIT,SELL,101.86,49
6756,ORD006756,LIMIT,SELL,99.67,72
6757,ORD006757,LIMIT,SELL,99.71,39
6758,ORD006758,LIMIT,BUY,99.52,47
6759,ORD006759,LIMIT,BUY,98.62,97
6760,ORD001089,CANCEL,,,
6761,ORD006761,LIMIT,SELL,101.83,3
6762,ORD006762,LIMIT,BUY,100.09,45
6763,ORD006763,LIMIT,BUY,99.17,62
6764,ORD006764,MARKET,BUY,,26
6765,ORD005314,CANCEL,,,
6766,ORD006766,LIMIT,SELL,101.46,54
6767,ORD003617,CANCEL,,,
6768,ORD006768,MARKET,BUY,,14
6769,ORD006482,CANCEL,,,
6770,ORD004442,CANCEL,,,
6771,ORD006771,LIMIT,SELL,99.56,8
6772,ORD006772,LIMIT,SELL,99.58,96
6773,ORD006773,LIMIT,BUY,99.24,81
6774,ORD006774,LIMIT,SELL,100.44,51
6775,ORD006775,LIMIT,BUY,99.93,32
6776,ORD006776,MARKET,BUY,,75
6777,ORD003080,CANCEL,,,
6778,ORD006778,LIMIT,SELL,100.07,3
6779,ORD006779,LIMIT,SELL,101.98,73
6780,ORD006780,LIMIT,SELL,100.18,97
6781,ORD006781,LIMIT,SELL,100.4,67
6782,ORD006782,LIMIT,SELL,100.34,58
6783,ORD006783,MARKET,SELL,,22
6784,ORD000899,CANCEL,,,
6785,ORD003667,CANCEL,,,
6786,ORD004511,CANCEL,,,
6787,ORD006787,LIMIT,SELL,101.94,14
6788,ORD001535,CANCEL,,,
6789,ORD006789,LIMIT,BUY,98.26,67
6790,ORD006790,LIMIT,BUY,99.27,2
6791,ORD006791,LIMIT,SELL,99.61,70
6792,ORD006792,LIMIT,BUY,98.32,68
6793,ORD006793,LIMIT,SELL,101.04,75
6794,ORD006794,LIMIT,BUY,98.82,61
6795,ORD006795,LIMIT,SELL,101.53,37
6796,ORD006796,MARKET,BUY,,21
6797,ORD006797,LIMIT,SELL,99.87,69
6798,ORD006798,LIMIT,SELL,99.68,60
6799,ORD006799,LIMIT,BUY,98.1,10
6800,ORD006800,LIMIT,BUY,98.08,20
6801,ORD006801,LIMIT,SELL,101.53,34
6802,ORD006802,LIMIT,BUY,99.02,50
6803,ORD003445,CANCEL,,,
6804,ORD006804,LIMIT,BUY,99.42,96
6805,ORD001814,CANCEL,,,
6806,ORD006806,LIMIT,BUY,100.12,49
6807,ORD006807,LIMIT,BUY,99.82,53
6808,ORD006808,LIMIT,BUY,100.42,29
6809,ORD006809,MARKET,SELL,,97
6810,ORD001839,CANCEL,,,
6811,ORD005832,CANCEL,,,
6812,ORD006812,MARKET,SELL,,44
6813,ORD006813,LIMIT,BUY,99.59,57
6814,ORD006814,LIMIT,BUY,99.13,65
6815,ORD006815,LIMIT,BUY,98.69,7
6816,ORD006816,LIMIT,SELL,100.24,65
6817,ORD006817,MARKET,BUY,,26
6818,ORD004250,CANCEL,,,
6819,ORD006819,LIMIT,SELL,100.68,98
6820,ORD004013,CANCEL,,,
6821,ORD006821,LIMIT,SELL,101.48,59
6822,ORD006822,LIMIT,BUY,100.14,58
6823,ORD006823,MARKET,SELL,,30
6824,ORD006824,LIMIT,BUY,98.98,79
6825,ORD006825,LIMIT,BUY,99.01,39
6826,ORD004539,CANCEL,,,
6827,ORD002564,CANCEL,,,
6828,ORD006828,LIMIT,SELL,101.85,90
6829,ORD006829,LIMIT,BUY,100.31,51
6830,ORD006830,MARKET,BUY,,69
6831,ORD006831,LIMIT,SELL,101.47,22
6832,ORD006832,MARKET,SELL,,37
6833,ORD003611,CANCEL,,,
6834,ORD006834,LIMIT,SELL,100.25,72
6835,ORD006835,LIMIT,SELL,100.79,60
6836,ORD006417,CANCEL,,,
6837,ORD006837,MARKET,BUY,,7
6838,ORD006838,LIMIT,SELL,99.51,10
6839,ORD006839,LIMIT,BUY,98.78,40
6840,ORD006840,LIMIT,BUY,100.34,57
6841,ORD006841,LIMIT,BUY,98.18,14
6842,ORD006842,LIMIT,SELL,101.98,36
6843,ORD006843,LIMIT,BUY,98.67,38
6844,ORD004292,CANCEL,,,
6845,ORD006845,LIMIT,SELL,100.07,30
6846,ORD006846,LIMIT,SELL,101.33,90
6847,ORD006847,LIMIT,SELL,100.07,14
6848,ORD006848,LIMIT,BUY,99.82,47
6849,ORD006849,LIMIT,BUY,99.89,40
6850,ORD006850,LIMIT,BUY,99.01,45
6851,ORD006851,LIMIT,SELL,101.89,79
6852,ORD006852,LIMIT,SELL,101.99,28
6853,ORD006853,LIMIT,SELL,101.24,20
6854,ORD006854,LIMIT,SELL,99.88,26
6855,ORD006855,LIMIT,SELL,100.44,43
6856,ORD006856,LIMIT,BUY,98.38,62
6857,ORD006857,LIMIT,SELL,101.16,34
6858,ORD006858,LIMIT,BUY,98.5,16
6859,ORD006859,LIMIT,SELL,100.48,5
6860,ORD006860,LIMIT,SELL,101.1,62
6861,ORD006861,LIMIT,SELL,99.81,92
6862,ORD002225,CANCEL,,,
6863,ORD006863,LIMIT,SELL,100.97,79
6864,ORD004439,CANCEL,,,
6865,ORD006865,LIMIT,SELL,100.02,76
6866,ORD006866,MARKET,SELL,,38
6867,ORD006867,LIMIT,SELL,99.51,30
6868,ORD006868,LIMIT,BUY,98.33,90
6869,ORD006869,LIMIT,BUY,100.46,51
6870,ORD006870,LIMIT,BUY,98.32,84
6871,ORD000658,CANCEL,,,
6872,ORD006872,LIMIT,BUY,98.13,7
6873,ORD006873,LIMIT,BUY,99.87,11
6874,ORD006874,MARKET,SELL,,10
6875,ORD006875,LIMIT,SELL,100.14,33
6876,ORD006876,LIMIT,BUY,98.22,30
6877,ORD006563,CANCEL,,,
6878,ORD006878,LIMIT,BUY,98.48,39
6879,ORD006879,LIMIT,SELL,101.06,98
6880,ORD006880,LIMIT,SELL,99.99,28
6881,ORD003456,CANCEL,,,
6882,ORD006882,LIMIT,BUY,100.22,60
6883,ORD006883,LIMIT,BUY,99.03,47
6884,ORD006884,MARKET,SELL,,18
6885,ORD001463,CANCEL,,,
6886,ORD006886,LIMIT,BUY,98.05,28
6887,ORD006887,LIMIT,SELL,99.8,50
6888,ORD006298,CANCEL,,,
6889,ORD006889,LIMIT,BUY,98.39,53
6890,ORD006890,LIMIT,BUY,99.09,31
6891,ORD006891,LIMIT,BUY,99.56,76
6892,ORD005138,CANCEL,,,
6893,ORD006893,LIMIT,BUY,98.37,74
6894,ORD006894,LIMIT,BUY,100.44,18
6895,ORD006895,LIMIT,BUY,99.59,52
6896,ORD006896,LIMIT,BUY,100.22,31
6897,ORD006897,LIMIT,SELL,101.06,42
6898,ORD006898,LIMIT,BUY,98.78,79
6899,ORD006899,LIMIT,SELL,101.21,36
6900,ORD006900,LIMIT,BUY,99.87,55
6901,ORD006901,LIMIT,SELL,101.68,15
6902,ORD003090,CANCEL,,,
6903,ORD006903,LIMIT,SELL,101.01,67
6904,ORD005851,CANCEL,,,
6905,ORD006905,LIMIT,BUY,98.79,45
6906,ORD006906,LIMIT,BUY,100.27,90
6907,ORD006907,LIMIT,SELL,101.82,7
6908,ORD004316,CANCEL,,,
6909,ORD006909,MARKET,BUY,,94
6910,ORD006910,LIMIT,SELL,100.67,15
6911,ORD006911,LIMIT,SELL,99.56,19
6912,ORD005453,CANCEL,,,
6913,ORD006913,LIMIT,BUY,98.8,85
6914,ORD006914,LIMIT,SELL,100.07,59
6915,ORD006915,LIMIT,BUY,98.9,63
6916,ORD006916,LIMIT,SELL,99.67,83
6917,ORD006917,LIMIT,SELL,100.17,11
6918,ORD005245,CANCEL,,,
6919,ORD006919,LIMIT,SELL,100.64,28
6920,ORD006920,LIMIT,SELL,100.39,84
6921,ORD006921,LIMIT,SELL,99.9,72
6922,ORD006922,LIMIT,BUY,98.08,2
6923,ORD006923,LIMIT,SELL,100.12,96
6924,ORD006924,LIMIT,BUY,98.42,33
6925,ORD006925,LIMIT,BUY,98.56,22
6926,ORD006926,LIMIT,BUY,99.71,67
6927,ORD006927,LIMIT,BUY,99.1,92
6928,ORD006928,LIMIT,SELL,100.23,45
6929,ORD000150,CANCEL,,,
6930,ORD006930,MARKET,BUY,,58
6931,ORD006931,LIMIT,SELL,100.67,87
6932,ORD006641,CANCEL,,,
6933,ORD006933,LIMIT,SELL,100.57,27
6934,ORD006934,MARKET,SELL,,80
6935,ORD006935,LIMIT,SELL,99.73,91
6936,ORD004383,CANCEL,,,
6937,ORD006937,LIMIT,BUY,99.55,89
6938,ORD006938,LIMIT,SELL,99.82,23
6939,ORD006939,MARKET,BUY,,54
6940,ORD005076,CANCEL,,,
6941,ORD003265,CANCEL,,,
6942,ORD006942,LIMIT,BUY,99.32,1
6943,ORD006943,LIMIT,BUY,99.71,82
6944,ORD006944,LIMIT,SELL,100.01,15
6945,ORD006945,LIMIT,BUY,99.4,78
6946,ORD004790,CANCEL,,,
6947,ORD006947,LIMIT,BUY,100.1,55
6948,ORD006948,LIMIT,SELL,100.26,32
6949,ORD006949,LIMIT,BUY,98.7,33
6950,ORD000529,CANCEL,,,
6951,ORD006951,LIMIT,SELL,100.95,1
6952,ORD005758,CANCEL,,,
6953,ORD006953,LIMIT,SELL,99.75,94
6954,ORD006954,LIMIT,SELL,99.86,53
6955,ORD006955,LIMIT,BUY,99.47,38
6956,ORD004350,CANCEL,,,
6957,ORD000510,CANCEL,,,
6958,ORD006958,LIMIT,SELL,101.95,54
6959,ORD006891,CANCEL,,,
6960,ORD006960,LIMIT,BUY,98.41,43
6961,ORD006961,LIMIT,BUY,98.33,71
6962,ORD006962,LIMIT,SELL,100.87,59
6963,ORD006963,LIMIT,SELL,101.8,95
6964,ORD006755,CANCEL,,,
6965,ORD006965,LIMIT,SELL,100.51,44
6966,ORD006966,LIMIT,BUY,98.12,14
6967,ORD004072,CANCEL,,,
6968,ORD006968,LIMIT,SELL,101.21,24
6969,ORD006969,LIMIT,BUY,98.55,57
6970,ORD006970,LIMIT,BUY,98.05,46
6971,ORD006971,LIMIT,BUY,99.48,16
6972,ORD006972,MARKET,SELL,,40
6973,ORD006973,LIMIT,BUY,100.48,29
6974,ORD006974,LIMIT,SELL,101.42,85
6975,ORD006975,MARKET,BUY,,95
6976,ORD006976,LIMIT,SELL,100.61,77
6977,ORD006977,LIMIT,BUY,98.47,58
6978,ORD006978,MARKET,BUY,,40
6979,ORD006979,LIMIT,SELL,99.86,33
6980,ORD006980,MARKET,BUY,,50
6981,ORD005936,CANCEL,,,
6982,ORD006982,LIMIT,SELL,100.93,5
6983,ORD006983,LIMIT,BUY,99.65,22
6984,ORD002930,CANCEL,,,
6985,ORD006985,MARKET,SELL,,66
6986,ORD005133,CANCEL,,,
6987,ORD006987,LIMIT,BUY,99.27,74
6988,ORD006988,MARKET,BUY,,64
6989,ORD006989,LIMIT,BUY,99.87,94
6990,ORD006990,LIMIT,SELL,101.65,77
6991,ORD001876,CANCEL,,,
6992,ORD006992,LIMIT,SELL,101.84,29
6993,ORD006993,LIMIT,SELL,101.7,87
6994,ORD006994,LIMIT,BUY,99.83,72
6995,ORD006995,LIMIT,SELL,99.76,99
6996,ORD006996,LIMIT,BUY,99.17,90
6997,ORD006997,LIMIT,BUY,99.18,64
6998,ORD006998,LIMIT,SELL,100.28,88
6999,ORD006999,LIMIT,SELL,100.27,15
7000,ORD007000,LIMIT,BUY,99.45,22
7001,ORD007001,LIMIT,BUY,99.93,44
7002,ORD007002,LIMIT,BUY,99.13,46
7003,ORD007003,LIMIT,BUY,98.08,94
7004,ORD007004,LIMIT,SELL,101.8,27
7005,ORD007005,LIMIT,SELL,101.09,73
7006,ORD007006,LIMIT,SELL,101.26,74
7007,ORD007007,LIMIT,SELL,100.29,65
7008,ORD007008,LIMIT,SELL,101.16,71
7009,ORD005251,CANCEL,,,
7010,ORD007010,LIMIT,BUY,99.69,63
7011,ORD007011,MARKET,BUY,,57
7012,ORD007012,LIMIT,BUY,100.1,60
7013,ORD007013,LIMIT,BUY,99.72,25
7014,ORD007014,LIMIT,BUY,98.01,66
7015,ORD007015,LIMIT,SELL,99.87,26
7016,ORD007016,LIMIT,SELL,100.09,25
7017,ORD007017,LIMIT,SELL,100.89,88
7018,ORD007018,LIMIT,BUY,99.91,18
7019,ORD007019,LIMIT,SELL,99.9,31
7020,ORD007020,LIMIT,SELL,100.21,58
7021,ORD006096,CANCEL,,,
7022,ORD007022,LIMIT,BUY,98.32,35
7023,ORD007023,LIMIT,BUY,99.98,43
7024,ORD007024,LIMIT,BUY,98.78,45
7025,ORD007025,LIMIT,BUY,98.37,6
7026,ORD007026,LIMIT,SELL,99.99,40
7027,ORD007027,LIMIT,SELL,101.5,51
7028,ORD002513,CANCEL,,,
7029,ORD005903,CANCEL,,,
7030,ORD007030,LIMIT,BUY,98.37,87
7031,ORD007031,LIMIT,BUY,98.81,57
7032,ORD007032,LIMIT,BUY,98.42,20
7033,ORD007033,LIMIT,BUY,99.58,47
7034,ORD007034,LIMIT,SELL,101.24,32
7035,ORD007035,LIMIT,SELL,100.31,44
7036,ORD007036,LIMIT,BUY,99.02,91
7037,ORD007037,LIMIT,BUY,99.22,69
7038,ORD007038,LIMIT,SELL,100.04,83
7039,ORD004762,CANCEL,,,
7040,ORD007040,LIMIT,BUY,99.5,34
7041,ORD007041,MARKET,SELL,,67
7042,ORD003308,CANCEL,,,
7043,ORD007043,LIMIT,SELL,101.96,19
7044,ORD007044,LIMIT,SELL,100.91,24
7045,ORD007045,LIMIT,BUY,99.41,48
7046,ORD007046,LIMIT,BUY,99.14,78
7047,ORD006431,CANCEL,,,
7048,ORD007048,MARKET,SELL,,93
7049,ORD004169,CANCEL,,,
7050,ORD007050,MARKET,BUY,,27
7051,ORD007051,LIMIT,BUY,99.53,59
7052,ORD007052,LIMIT,SELL,101.78,49
7053,ORD001486,CANCEL,,,
7054,ORD007054,LIMIT,BUY,99.89,30
7055,ORD007055,LIMIT,BUY,98.39,49
7056,ORD007056,LIMIT,BUY,100.13,29
7057,ORD001650,CANCEL,,,
7058,ORD004830,CANCEL,,,
7059,ORD001194,CANCEL,,,
7060,ORD007060,LIMIT,BUY,99.28,84
7061,ORD007061,LIMIT,SELL,101.45,41
7062,ORD007062,LIMIT,SELL,100.85,57
7063,ORD007063,MARKET,BUY,,25
7064,ORD006743,CANCEL,,,
7065,ORD007065,LIMIT,BUY,100.45,22
7066,ORD007066,LIMIT,BUY,98.65,91
7067,ORD007067,LIMIT,SELL,101.7,63
7068,ORD007068,LIMIT,SELL,101.55,83
7069,ORD007069,LIMIT,SELL,101.24,33
7070,ORD007070,LIMIT,SELL,100.65,58
7071,ORD007071,LIMIT,SELL,100.87,69
7072,ORD007072,MARKET,SELL,,90
7073,ORD007073,LIMIT,SELL,100.7,59
7074,ORD007074,LIMIT,BUY,98.22,79
7075,ORD007075,LIMIT,SELL,99.88,40
7076,ORD005601,CANCEL,,,
7077,ORD006143,CANCEL,,,
7078,ORD002376,CANCEL,,,
7079,ORD007079,LIMIT,BUY,99.89,33
7080,ORD000723,CANCEL,,,
7081,ORD002863,CANCEL,,,
7082,ORD007082,LIMIT,BUY,100.35,5
7083,ORD007083,LIMIT,SELL,99.53,26
7084,ORD006434,CANCEL,,,
7085,ORD007085,LIMIT,SELL,101.92,74
7086,ORD007086,LIMIT,BUY,99.46,25
7087,ORD007087,LIMIT,BUY,100.49,18
7088,ORD007088,LIMIT,SELL,100.43,88
7089,ORD007089,LIMIT,SELL,99.71,78
7090,ORD006273,CANCEL,,,
7091,ORD007091,LIMIT,SELL,100.81,1
7092,ORD007092,LIMIT,BUY,99.73,100
7093,ORD007093,LIMIT,SELL,101.75,47
7094,ORD005285,CANCEL,,,
7095,ORD007095,LIMIT,BUY,98.14,37
7096,ORD003156,CANCEL,,,
7097,ORD007097,LIMIT,SELL,100.99,58
7098,ORD007098,LIMIT,SELL,101.17,42
7099,ORD007099,MARKET,BUY,,74
7100,ORD007100,LIMIT,BUY,98.13,14
7101,ORD007101,MARKET,SELL,,23
7102,ORD001104,CANCEL,,,
7103,ORD006589,CANCEL,,,
7104,ORD007104,LIMIT,SELL,101.41,81
7105,ORD007105,MARKET,BUY,,2
7106,ORD007106,LIMIT,BUY,100.21,47
7107,ORD007107,LIMIT,SELL,100.65,89
7108,ORD007108,LIMIT,SELL,101.67,55
7109,ORD007109,LIMIT,SELL,100.14,98
7110,ORD002429,CANCEL,,,
7111,ORD007111,LIMIT,SELL,99.91,37
7112,ORD003708,CANCEL,,,
7113,ORD006943,CANCEL,,,
7114,ORD007114,MARKET,SELL,,88
7115,ORD007115,LIMIT,BUY,100.49,31
7116,ORD007116,LIMIT,BUY,99.97,97
7117,ORD007117,LIMIT,SELL,99.79,87
7118,ORD007118,LIMIT,BUY,98.8,64
7119,ORD007119,LIMIT,SELL,101.14,47
7120,ORD007120,LIMIT,SELL,99.7,35
7121,ORD007121,LIMIT,BUY,98.53,44
7122,ORD007122,LIMIT,BUY,98.11,46
7123,ORD007123,LIMIT,SELL,100.91,74
7124,ORD007124,LIMIT,BUY,98.93,32
7125,ORD007125,LIMIT,SELL,99.77,15
7126,ORD001228,CANCEL,,,
7127,ORD007127,LIMIT,SELL,101.65,69
7128,ORD007128,LIMIT,SELL,101.02,86
7129,ORD007129,LIMIT,SELL,101.55,10
7130,ORD007130,LIMIT,SELL,101.17,7
7131,ORD007131,LIMIT,SELL,100.0,36
7132,ORD007132,LIMIT,BUY,98.1,20
7133,ORD004859,CANCEL,,,
7134,ORD007134,LIMIT,SELL,101.87,85
7135,ORD007135,LIMIT,BUY,98.83,70
7136,ORD007136,LIMIT,SELL,100.87,14
7137,ORD007137,LIMIT,BUY,100.13,37
7138,ORD007138,LIMIT,SELL,100.85,58
7139,ORD007139,LIMIT,BUY,99.46,59
7140,ORD007140,LIMIT,SELL,101.8,88
7141,ORD007141,MARKET,BUY,,56
7142,ORD002753,CANCEL,,,
7143,ORD007143,LIMIT,BUY,98.86,19
7144,ORD007144,LIMIT,BUY,100.16,55
7145,ORD007145,LIMIT,SELL,100.85,60
7146,ORD007146,LIMIT,SELL,100.32,34
7147,ORD007147,LIMIT,SELL,100.09,1
7148,ORD006246,CANCEL,,,
7149,ORD007149,LIMIT,BUY,99.45,89
7150,ORD007150,LIMIT,SELL,101.79,89
7151,ORD007151,LIMIT,SELL,100.63,85
7152,ORD007152,LIMIT,BUY,100.24,67
7153,ORD007153,LIMIT,BUY,98.7,68
7154,ORD007154,LIMIT,SELL,100.11,93
7155,ORD007155,LIMIT,SELL,101.8,9
7156,ORD007156,LIMIT,SELL,100.51,91
7157,ORD003298,CANCEL,,,
7158,ORD007158,LIMIT,BUY,100.03,4
7159,ORD007159,LIMIT,SELL,100.8,41
7160,ORD007160,LIMIT,BUY,98.33,17
7161,ORD007161,LIMIT,SELL,99.63,57
7162,ORD007162,LIMIT,BUY,100.28,92
7163,ORD007163,MARKET,SELL,,53
7164,ORD007164,LIMIT,BUY,99.14,46
7165,ORD007165,LIMIT,BUY,98.26,81
7166,ORD005783,CANCEL,,,
7167,ORD007167,LIMIT,SELL,99.97,63
7168,ORD007168,LIMIT,BUY,99.04,41
7169,ORD007169,LIMIT,SELL,101.65,43
7170,ORD007170,LIMIT,SELL,100.58,91
7171,ORD007171,LIMIT,BUY,98.07,81
7172,ORD007172,LIMIT,BUY,98.19,22
7173,ORD007173,LIMIT,SELL,99.6,41
7174,ORD007174,LIMIT,SELL,101.81,78
7175,ORD007175,LIMIT,SELL,100.75,21
7176,ORD007176,LIMIT,SELL,99.59,20
7177,ORD001577,CANCEL,,,
7178,ORD007178,LIMIT,BUY,99.35,59
7179,ORD007043,CANCEL,,,
7180,ORD007180,LIMIT,BUY,98.4,3
7181,ORD007181,LIMIT,SELL,100.81,38
7182,ORD005046,CANCEL,,,
7183,ORD007183,LIMIT,SELL,99.84,70
7184,ORD007184,LIMIT,SELL,99.86,60
7185,ORD007185,LIMIT,BUY,98.37,65
7186,ORD007186,LIMIT,SELL,100.07,35
7187,ORD007187,LIMIT,BUY,98.02,24
7188,ORD007188,LIMIT,BUY,98.66,82
7189,ORD007189,LIMIT,SELL,100.36,55
7190,ORD006511,CANCEL,,,
7191,ORD005132,CANCEL,,,
7192,ORD007192,MARKET,BUY,,43
7193,ORD007193,LIMIT,SELL,100.67,8
7194,ORD007194,LIMIT,SELL,101.09,17
7195,ORD004237,CANCEL,,,
7196,ORD007196,LIMIT,SELL,99.56,91
7197,ORD003421,CANCEL,,,
7198,ORD007012,CANCEL,,,
7199,ORD007199,LIMIT,SELL,100.23,53
7200,ORD007200,LIMIT,BUY,99.99,59
7201,ORD007201,LIMIT,SELL,100.54,72
7202,ORD007202,LIMIT,BUY,99.46,82
7203,ORD007203,LIMIT,SELL,101.11,30
7204,ORD007204,LIMIT,SELL,99.53,36
7205,ORD007205,LIMIT,SELL,100.58,96
7206,ORD007206,LIMIT,BUY,99.56,10
7207,ORD007207,LIMIT,BUY,99.51,46
7208,ORD007208,MARKET,SELL,,85
7209,ORD007209,LIMIT,BUY,99.54,41
7210,ORD007210,LIMIT,SELL,100.55,5
7211,ORD007211,LIMIT,BUY,99.49,27
7212,ORD002167,CANCEL,,,
7213,ORD007213,LIMIT,BUY,100.39,74
7214,ORD007214,LIMIT,BUY,100.36,64
7215,ORD004542,CANCEL,,,
7216,ORD003150,CANCEL,,,
7217,ORD007217,LIMIT,SELL,99.63,71
7218,ORD007218,MARKET,BUY,,87
7219,ORD002036,CANCEL,,,
7220,ORD007220,LIMIT,BUY,98.7,26
7221,ORD007221,MARKET,SELL,,82
7222,ORD007222,LIMIT,SELL,101.42,10
7223,ORD007223,LIMIT,SELL,100.58,80
7224,ORD007224,LIMIT,SELL,100.74,73
7225,ORD007225,LIMIT,SELL,99.56,44
7226,ORD007226,LIMIT,BUY,98.97,73
7227,ORD007227,LIMIT,BUY,98.75,47
7228,ORD007228,LIMIT,SELL,100.9,80
7229,ORD007229,LIMIT,BUY,98.33,85
7230,ORD007230,LIMIT,BUY,98.15,59
7231,ORD007231,LIMIT,BUY,98.19,84
7232,ORD007232,LIMIT,BUY,99.77,12
7233,ORD007233,LIMIT,SELL,101.28,41
7234,ORD002975,CANCEL,,,
7235,ORD006622,CANCEL,,,
7236,ORD006404,CANCEL,,,
7237,ORD007237,LIMIT,SELL,99.56,94
7238,ORD007238,LIMIT,BUY,98.14,94
7239,ORD007239,LIMIT,BUY,100.34,22
7240,ORD007240,LIMIT,SELL,100.21,95
7241,ORD007241,LIMIT,BUY,99.09,38
7242,ORD007242,LIMIT,BUY,98.23,92
7243,ORD005865,CANCEL,,,
7244,ORD007244,LIMIT,SELL,101.15,46
7245,ORD007245,LIMIT,SELL,99.65,4
7246,ORD007246,LIMIT,SELL,100.13,18
7247,ORD007247,LIMIT,BUY,98.81,53
7248,ORD005883,CANCEL,,,
7249,ORD007249,LIMIT,BUY,99.95,27
7250,ORD007250,LIMIT,BUY,99.26,47
7251,ORD007251,LIMIT,BUY,99.92,80
7252,ORD007252,LIMIT,BUY,99.07,54
7253,ORD005421,CANCEL,,,
7254,ORD007254,LIMIT,BUY,98.29,4
7255,ORD007255,LIMIT,BUY,99.77,65
7256,ORD003153,CANCEL,,,
7257,ORD003770,CANCEL,,,
7258,ORD007258,LIMIT,SELL,99.91,68
7259,ORD007259,LIMIT,BUY,99.61,92
7260,ORD004580,CANCEL,,,
7261,ORD007261,LIMIT,SELL,99.89,15
7262,ORD007262,LIMIT,BUY,100.17,5
7263,ORD007263,LIMIT,BUY,98.48,51
7264,ORD007264,MARKET,BUY,,20
7265,ORD007265,LIMIT,SELL,101.07,63
7266,ORD003858,CANCEL,,,
7267,ORD007267,LIMIT,BUY,98.21,84
7268,ORD007268,LIMIT,BUY,100.22,98
7269,ORD007269,LIMIT,BUY,100.17,15
7270,ORD007270,LIMIT,BUY,98.06,32
7271,ORD007271,LIMIT,SELL,100.57,64
7272,ORD005628,CANCEL,,,
7273,ORD007273,LIMIT,SELL,101.57,64
7274,ORD007274,LIMIT,BUY,100.15,59
7275,ORD001527,CANCEL,,,
7276,ORD007276,LIMIT,BUY,98.07,26
7277,ORD007277,MARKET,BUY,,86
7278,ORD007278,LIMIT,BUY,100.22,97
7279,ORD007279,LIMIT,BUY,99.9,74
7280,ORD007280,MARKET,BUY,,52
7281,ORD007281,MARKET,BUY,,77
7282,ORD007282,LIMIT,SELL,101.66,51
7283,ORD007283,LIMIT,BUY,98.34,99
7284,ORD007284,MARKET,SELL,,64
7285,ORD006728,CANCEL,,,
7286,ORD007286,LIMIT,BUY,99.45,9
7287,ORD007287,LIMIT,BUY,98.49,24
7288,ORD007288,LIMIT,BUY,100.0,52
7289,ORD007289,LIMIT,SELL,101.7,70
7290,ORD007290,LIMIT,BUY,99.63,32
7291,ORD007291,LIMIT,BUY,99.23,19
7292,ORD007292,LIMIT,SELL,101.6,19
7293,ORD007293,LIMIT,SELL,100.39,15
7294,ORD007294,LIMIT,BUY,100.39,4
7295,ORD007295,LIMIT,SELL,99.91,97
7296,ORD007296,LIMIT,SELL,101.77,71
7297,ORD007297,LIMIT,BUY,99.41,82
7298,ORD003318,CANCEL,,,
7299,ORD007299,LIMIT,BUY,98.59,33
7300,ORD007300,LIMIT,SELL,101.75,36
7301,ORD007301,LIMIT,SELL,100.16,51
7302,ORD007302,LIMIT,BUY,99.0,14
7303,ORD007303,LIMIT,SELL,100.94,62
7304,ORD007304,LIMIT,BUY,99.28,1
7305,ORD007305,LIMIT,BUY,98.67,11
7306,ORD007306,LIMIT,BUY,99.77,92
7307,ORD007307,LIMIT,SELL,99.68,69
7308,ORD007308,LIMIT,BUY,100.29,26
7309,ORD007309,MARKET,BUY,,78
7310,ORD007181,CANCEL,,,
7311,ORD007311,LIMIT,SELL,101.27,35
7312,ORD007312,LIMIT,SELL,99.94,51
7313,ORD007313,LIMIT,BUY,99.88,100
7314,ORD007314,LIMIT,BUY,98.22,35
7315,ORD007315,LIMIT,BUY,100.0,35
7316,ORD007316,LIMIT,SELL,100.34,73
7317,ORD007317,LIMIT,SELL,99.57,30
7318,ORD007318,MARKET,BUY,,53
7319,ORD007319,LIMIT,BUY,99.94,29
7320,ORD007320,LIMIT,SELL,100.68,35
7321,ORD007321,LIMIT,BUY,99.82,99
7322,ORD007322,LIMIT,BUY,99.33,69
7323,ORD007323,LIMIT,BUY,98.81,87
7324,ORD007324,LIMIT,BUY,99.46,34
7325,ORD006974,CANCEL,,,
7326,ORD007326,LIMIT,BUY,100.3,47
7327,ORD001990,CANCEL,,,
7328,ORD004832,CANCEL,,,
7329,ORD007329,LIMIT,SELL,101.38,3
7330,ORD007330,LIMIT,SELL,99.97,96
7331,ORD007331,MARKET,SELL,,89
7332,ORD007332,LIMIT,SELL,100.33,85
7333,ORD007333,LIMIT,BUY,98.45,46
7334,ORD007334,LIMIT,SELL,100.32,18
7335,ORD007335,LIMIT,SELL,101.25,46
7336,ORD007336,LIMIT,BUY,98.42,1
7337,ORD007337,LIMIT,BUY,100.33,92
7338,ORD007338,LIMIT,SELL,100.27,75
7339,ORD007339,LIMIT,SELL,100.3,24
7340,ORD007340,LIMIT,BUY,99.78,71
7341,ORD007341,LIMIT,BUY,100.27,66
7342,ORD007342,LIMIT,BUY,99.71,6
7343,ORD005101,CANCEL,,,
7344,ORD005925,CANCEL,,,
7345,ORD007345,LIMIT,BUY,99.78,37
7346,ORD007346,LIMIT,SELL,101.88,95
7347,ORD007347,LIMIT,BUY,100.18,100
7348,ORD007348,LIMIT,SELL,99.72,37
7349,ORD006914,CANCEL,,,
7350,ORD007350,LIMIT,BUY,98.88,20
7351,ORD007351,LIMIT,BUY,99.21,87
7352,ORD007352,LIMIT,SELL,101.65,85
7353,ORD007353,LIMIT,BUY,98.12,18
7354,ORD007354,LIMIT,SELL,101.09,92
7355,ORD007355,LIMIT,BUY,99.4,94
7356,ORD007356,LIMIT,BUY,100.16,60
7357,ORD007357,MARKET,SELL,,93
7358,ORD007358,LIMIT,SELL,99.8,54
7359,ORD003868,CANCEL,,,
7360,ORD007360,LIMIT,SELL,101.28,11
7361,ORD007361,MARKET,BUY,,74
7362,ORD007362,LIMIT,SELL,101.42,63
7363,ORD007363,LIMIT,SELL,99.96,64
7364,ORD007364,LIMIT,SELL,100.9,94
7365,ORD007365,MARKET,BUY,,72
7366,ORD007366,LIMIT,BUY,98.85,23
7367,ORD007367,LIMIT,BUY,99.88,94
7368,ORD007368,LIMIT,BUY,98.41,22
7369,ORD007369,LIMIT,BUY,99.66,53
7370,ORD007370,LIMIT,BUY,98.9,93
7371,ORD007371,LIMIT,BUY,99.62,47
7372,ORD007372,LIMIT,SELL,101.39,86
7373,ORD007373,LIMIT,BUY,98.0,2
7374,ORD007172,CANCEL,,,
7375,ORD007375,LIMIT,BUY,100.03,63
7376,ORD007376,LIMIT,BUY,99.28,94
7377,ORD007377,LIMIT,SELL,101.85,29
7378,ORD005486,CANCEL,,,
7379,ORD007379,LIMIT,BUY,100.22,66
7380,ORD007380,LIMIT,SELL,101.18,89
7381,ORD007381,LIMIT,SELL,101.66,88
7382,ORD004819,CANCEL,,,
7383,ORD007383,LIMIT,SELL,101.18,35
7384,ORD007384,LIMIT,SELL,99.83,61
7385,ORD007385,MARKET,SELL,,77
7386,ORD007386,LIMIT,BUY,99.46,64
7387,ORD007387,MARKET,SELL,,6
7388,ORD004165,CANCEL,,,
7389,ORD007389,MARKET,BUY,,56
7390,ORD007390,LIMIT,SELL,101.94,8
7391,ORD007391,LIMIT,SELL,101.76,45
7392,ORD004529,CANCEL,,,
7393,ORD007393,LIMIT,BUY,99.53,92
7394,ORD007394,LIMIT,SELL,101.55,100
7395,ORD007395,LIMIT,SELL,99.72,66
7396,ORD007396,LIMIT,BUY,99.0,62
7397,ORD007397,LIMIT,BUY,99.39,62
7398,ORD007398,MARKET,BUY,,46
7399,ORD007399,LIMIT,BUY,100.31,53
7400,ORD007400,LIMIT,BUY,99.23,30
7401,ORD007401,LIMIT,SELL,100.83,46
7402,ORD007402,LIMIT,BUY,99.93,30
7403,ORD007403,LIMIT,BUY,98.44,44
7404,ORD007404,LIMIT,BUY,98.58,30
7405,ORD007405,MARKET,BUY,,89
7406,ORD007406,LIMIT,BUY,98.63,5
7407,ORD007407,MARKET,SELL,,26
7408,ORD007295,CANCEL,,,
7409,ORD002111,CANCEL,,,
7410,ORD007410,LIMIT,BUY,98.92,82
7411,ORD007411,LIMIT,BUY,99.61,71
7412,ORD007412,LIMIT,BUY,98.55,13
7413,ORD007413,LIMIT,SELL,101.22,15
7414,ORD007414,LIMIT,SELL,100.46,3
7415,ORD007415,LIMIT,SELL,101.61,46
7416,ORD007416,MARKET,BUY,,63
7417,ORD007417,LIMIT,BUY,99.67,56
7418,ORD007418,LIMIT,SELL,99.86,58
7419,ORD006245,CANCEL,,,
7420,ORD007420,LIMIT,SELL,100.16,17
7421,ORD007421,LIMIT,BUY,99.43,29
7422,ORD007422,LIMIT,SELL,101.19,67
7423,ORD007423,MARKET,BUY,,48
7424,ORD002592,CANCEL,,,
7425,ORD005576,CANCEL,,,
7426,ORD007426,LIMIT,SELL,101.49,100
7427,ORD006782,CANCEL,,,
7428,ORD007428,LIMIT,BUY,98.99,56
7429,ORD007429,LIMIT,SELL,101.42,52
7430,ORD007430,LIMIT,BUY,99.24,61
7431,ORD003848,CANCEL,,,
7432,ORD007432,LIMIT,SELL,100.9,46
7433,ORD007433,LIMIT,BUY,98.0,68
7434,ORD007434,LIMIT,SELL,100.67,22
7435,ORD004106,CANCEL,,,
7436,ORD007436,LIMIT,SELL,101.19,38
7437,ORD007437,LIMIT,SELL,101.01,79
7438,ORD007438,MARKET,SELL,,72
7439,ORD007439,LIMIT,SELL,100.21,47
7440,ORD007440,LIMIT,SELL,100.67,66
7441,ORD007441,MARKET,BUY,,95
7442,ORD007442,LIMIT,BUY,99.84,60
7443,ORD007443,LIMIT,SELL,100.05,96
7444,ORD007444,LIMIT,SELL,101.14,60
7445,ORD007445,LIMIT,BUY,99.82,37
7446,ORD007446,LIMIT,SELL,100.03,9
7447,ORD007447,MARKET,SELL,,13
7448,ORD007448,LIMIT,BUY,98.76,67
7449,ORD007449,LIMIT,BUY,98.52,96
7450,ORD003953,CANCEL,,,
7451,ORD007451,LIMIT,SELL,100.89,74
7452,ORD007452,LIMIT,BUY,99.29,79
7453,ORD007453,MARKET,SELL,,56
7454,ORD007454,LIMIT,BUY,99.24,54
7455,ORD007455,LIMIT,SELL,100.9,2
7456,ORD007456,LIMIT,SELL,101.29,54
7457,ORD007457,LIMIT,SELL,100.73,28
7458,ORD007458,LIMIT,BUY,99.92,8
7459,ORD007459,LIMIT,SELL,101.86,4
7460,ORD007460,LIMIT,SELL,101.8,12
7461,ORD007461,LIMIT,SELL,101.73,95
7462,ORD007462,LIMIT,BUY,100.31,70
7463,ORD007463,LIMIT,SELL,101.54,46
7464,ORD004776,CANCEL,,,
7465,ORD007465,LIMIT,BUY,98.99,96
7466,ORD007466,LIMIT,BUY,99.28,74
7467,ORD007467,LIMIT,SELL,101.51,82
7468,ORD003151,CANCEL,,,
7469,ORD007469,LIMIT,BUY,99.32,77
7470,ORD007470,LIMIT,BUY,98.26,46
7471,ORD007471,LIMIT,BUY,98.16,67
7472,ORD007472,LIMIT,BUY,98.78,80
7473,ORD007473,MARKET,SELL,,39
7474,ORD007474,LIMIT,BUY,99.01,57
7475,ORD007475,LIMIT,SELL,100.96,85
7476,ORD007476,LIMIT,BUY,98.47,15
7477,ORD007477,LIMIT,BUY,98.59,74
7478,ORD007478,LIMIT,SELL,101.95,71
7479,ORD007479,LIMIT,BUY,100.26,6
7480,ORD003899,CANCEL,,,
7481,ORD005685,CANCEL,,,
7482,ORD007482,LIMIT,BUY,98.33,70
7483,ORD007483,MARKET,SELL,,29
7484,ORD007484,LIMIT,SELL,101.42,4
7485,ORD004230,CANCEL,,,
7486,ORD007486,LIMIT,SELL,100.8,14
7487,ORD007487,MARKET,BUY,,38
7488,ORD007488,MARKET,SELL,,70
7489,ORD004572,CANCEL,,,
7490,ORD007490,LIMIT,SELL,101.14,12
7491,ORD007491,LIMIT,BUY,99.0,93
7492,ORD007492,LIMIT,SELL,100.94,86
7493,ORD007493,LIMIT,BUY,99.44,69
7494,ORD007494,LIMIT,SELL,100.73,62
7495,ORD000382,CANCEL,,,
7496,ORD007496,LIMIT,BUY,98.51,21
7497,ORD007497,MARKET,SELL,,90
7498,ORD004958,CANCEL,,,
7499,ORD006186,CANCEL,,,
7500,ORD007500,MARKET,BUY,,25
7501,ORD007501,LIMIT,SELL,99.84,73
7502,ORD007502,MARKET,SELL,,7
7503,ORD007503,LIMIT,BUY,99.69,61
7504,ORD007504,LIMIT,SELL,101.29,33
7505,ORD007505,LIMIT,SELL,99.67,24
7506,ORD007506,LIMIT,BUY,99.62,8
7507,ORD007507,LIMIT,SELL,100.57,63
7508,ORD007508,LIMIT,BUY,99.39,7
7509,ORD007509,LIMIT,BUY,100.25,86
7510,ORD007510,LIMIT,BUY,99.54,78
7511,ORD007511,MARKET,BUY,,42
7512,ORD007512,LIMIT,SELL,101.79,8
7513,ORD007513,LIMIT,BUY,99.98,85
7514,ORD007514,LIMIT,SELL,101.22,90
7515,ORD007515,LIMIT,BUY,100.2,91
7516,ORD007516,LIMIT,BUY,99.01,71
7517,ORD003771,CANCEL,,,
7518,ORD007518,LIMIT,SELL,99.66,97
7519,ORD003096,CANCEL,,,
7520,ORD007520,LIMIT,BUY,99.01,36
7521,ORD007521,LIMIT,BUY,99.87,53
7522,ORD007522,LIMIT,BUY,99.25,14
7523,ORD007523,LIMIT,BUY,99.41,34
7524,ORD007524,MARKET,SELL,,52
7525,ORD006773,CANCEL,,,
7526,ORD007526,LIMIT,SELL,101.78,5
7527,ORD007527,LIMIT,BUY,99.14,44
7528,ORD007528,LIMIT,BUY,99.59,45
7529,ORD007529,LIMIT,BUY,98.35,36
7530,ORD002365,CANCEL,,,
7531,ORD007531,LIMIT,BUY,98.9,84
7532,ORD007532,LIMIT,SELL,101.62,87
7533,ORD007533,LIMIT,SELL,101.38,78
7534,ORD006261,CANCEL,,,
7535,ORD007535,MARKET,BUY,,51
7536,ORD007536,LIMIT,SELL,100.81,81
7537,ORD007537,LIMIT,SELL,101.18,49
7538,ORD007538,LIMIT,SELL,99.54,88
7539,ORD007539,LIMIT,SELL,99.71,98
7540,ORD007540,LIMIT,BUY,99.35,56
7541,ORD002833,CANCEL,,,
7542,ORD007542,LIMIT,BUY,100.35,71
7543,ORD007543,LIMIT,SELL,99.61,51
7544,ORD007544,LIMIT,BUY,99.87,88
7545,ORD007545,MARKET,BUY,,47
7546,ORD007546,LIMIT,SELL,100.02,92
7547,ORD007547,LIMIT,SELL,99.95,26
7548,ORD007548,LIMIT,SELL,100.48,5
7549,ORD004081,CANCEL,,,
7550,ORD007550,LIMIT,SELL,101.7,58
7551,ORD004488,CANCEL,,,
7552,ORD007552,LIMIT,BUY,98.38,81
7553,ORD007553,LIMIT,BUY,99.92,25
7554,ORD007554,LIMIT,SELL,100.53,43
7555,ORD007555,LIMIT,BUY,98.37,20
7556,ORD007036,CANCEL,,,
7557,ORD007557,LIMIT,BUY,100.21,75
7558,ORD007558,LIMIT,SELL,100.07,14
7559,ORD007559,LIMIT,SELL,101.1,10
7560,ORD007560,LIMIT,BUY,99.35,63
7561,ORD007561,LIMIT,SELL,101.5,26
7562,ORD007562,LIMIT,SELL,100.7,98
7563,ORD007563,MARKET,SELL,,20
7564,ORD002014,CANCEL,,,
7565,ORD007565,LIMIT,BUY,98.54,80
7566,ORD007566,LIMIT,BUY,99.63,6
7567,ORD007567,LIMIT,SELL,100.28,53
7568,ORD007568,LIMIT,SELL,101.04,56
7569,ORD007569,LIMIT,SELL,100.68,37
7570,ORD007570,LIMIT,SELL,100.54,99
7571,ORD007571,LIMIT,BUY,99.89,64
7572,ORD007572,LIMIT,BUY,98.74,24
7573,ORD004092,CANCEL,,,
7574,ORD007574,MARKET,BUY,,60
7575,ORD007575,LIMIT,BUY,98.83,32
7576,ORD007576,LIMIT,SELL,101.34,24
7577,ORD007577,LIMIT,SELL,101.97,57
7578,ORD007578,LIMIT,SELL,100.45,6
7579,ORD007579,LIMIT,SELL,101.27,65
7580,ORD007580,MARKET,BUY,,61
7581,ORD007581,LIMIT,BUY,100.05,92
7582,ORD007582,LIMIT,SELL,99.76,100
7583,ORD007583,LIMIT,BUY,98.24,84
7584,ORD003841,CANCEL,,,
7585,ORD007585,LIMIT,BUY,100.39,29
7586,ORD002092,CANCEL,,,
7587,ORD004703,CANCEL,,,
7588,ORD003766,CANCEL,,,
7589,ORD007589,LIMIT,SELL,100.38,60
7590,ORD007590,LIMIT,BUY,99.49,79
7591,ORD007591,LIMIT,BUY,99.71,47
7592,ORD007592,LIMIT,BUY,99.96,58
7593,ORD005048,CANCEL,,,
7594,ORD007594,MARKET,SELL,,4
7595,ORD007595,LIMIT,BUY,98.76,38
7596,ORD007596,LIMIT,SELL,101.28,90
7597,ORD007597,LIMIT,SELL,101.33,68
7598,ORD007598,LIMIT,SELL,99.63,91
7599,ORD007599,LIMIT,BUY,99.43,20
7600,ORD007600,LIMIT,SELL,100.59,29
7601,ORD007601,LIMIT,SELL,100.96,6
7602,ORD007602,LIMIT,BUY,98.4,24
7603,ORD007603,LIMIT,SELL,99.6,57
7604,ORD005186,CANCEL,,,
7605,ORD007605,LIMIT,BUY,99.83,95
7606,ORD007606,LIMIT,BUY,99.39,40
7607,ORD007607,LIMIT,SELL,100.65,29
7608,ORD007608,LIMIT,SELL,101.96,46
7609,ORD007609,LIMIT,BUY,99.12,92
7610,ORD005938,CANCEL,,,
7611,ORD007611,LIMIT,BUY,98.45,88
7612,ORD007612,LIMIT,BUY,100.07,28
7613,ORD007613,LIMIT,SELL,100.84,62
7614,ORD007614,LIMIT,SELL,99.83,34
7615,ORD007615,LIMIT,BUY,98.49,2
7616,ORD007616,LIMIT,SELL,102.0,56
7617,ORD007617,LIMIT,BUY,99.0,51
7618,ORD003648,CANCEL,,,
7619,ORD007619,MARKET,BUY,,26
7620,ORD007620,LIMIT,SELL,100.35,94
7621,ORD007621,LIMIT,BUY,99.3,40
7622,ORD007622,LIMIT,SELL,99.89,34
7623,ORD000783,CANCEL,,,
7624,ORD007624,LIMIT,BUY,99.71,61
7625,ORD007625,LIMIT,BUY,99.78,29
7626,ORD007626,LIMIT,SELL,100.82,11
7627,ORD007627,LIMIT,SELL,101.81,95
7628,ORD007628,LIMIT,SELL,100.15,10
7629,ORD007629,LIMIT,SELL,99.99,14
7630,ORD007630,LIMIT,SELL,101.22,44
7631,ORD007631,LIMIT,BUY,99.15,67
7632,ORD007632,LIMIT,SELL,100.02,72
7633,ORD007633,LIMIT,BUY,98.77,63
7634,ORD007634,LIMIT,BUY,98.55,72
7635,ORD005926,CANCEL,,,
7636,ORD007636,LIMIT,SELL,101.47,17
7637,ORD006330,CANCEL,,,
7638,ORD007638,LIMIT,SELL,99.79,4
7639,ORD001533,CANCEL,,,
7640,ORD006349,CANCEL,,,
7641,ORD003969,CANCEL,,,
7642,ORD007642,LIMIT,BUY,98.46,26
7643,ORD007643,LIMIT,SELL,99.89,10
7644,ORD007644,MARKET,BUY,,93
7645,ORD007645,MARKET,SELL,,50
7646,ORD007646,LIMIT,SELL,101.26,3
7647,ORD007647,LIMIT,BUY,100.26,29
7648,ORD007648,LIMIT,BUY,99.53,74
7649,ORD007649,LIMIT,BUY,98.45,5
7650,ORD007650,LIMIT,SELL,101.5,98
7651,ORD002761,CANCEL,,,
7652,ORD007652,LIMIT,BUY,98.14,66
7653,ORD007653,LIMIT,SELL,101.74,47
7654,ORD007654,LIMIT,SELL,101.61,83
7655,ORD007655,LIMIT,SELL,99.89,63
7656,ORD007656,LIMIT,BUY,98.84,87
7657,ORD007657,LIMIT,SELL,100.01,24
7658,ORD007658,MARKET,SELL,,76
7659,ORD007659,LIMIT,SELL,100.88,69
7660,ORD007660,LIMIT,SELL,99.59,97
7661,ORD007661,LIMIT,SELL,100.37,49
7662,ORD007662,LIMIT,SELL,101.54,76
7663,ORD007663,LIMIT,BUY,100.29,53
7664,ORD007664,MARKET,SELL,,49
7665,ORD007665,LIMIT,SELL,100.73,55
7666,ORD007666,LIMIT,SELL,101.52,34
7667,ORD007667,LIMIT,SELL,100.47,80
7668,ORD007668,LIMIT,SELL,101.36,45
7669,ORD007669,LIMIT,BUY,99.11,33
7670,ORD007670,LIMIT,BUY,98.32,4
7671,ORD007671,LIMIT,BUY,98.42,83
7672,ORD007125,CANCEL,,,
7673,ORD007673,LIMIT,SELL,100.07,80
7674,ORD007674,LIMIT,BUY,100.01,45
7675,ORD007675,LIMIT,BUY,99.21,1
7676,ORD007676,LIMIT,BUY,99.33,52
7677,ORD007677,LIMIT,BUY,98.3,53
7678,ORD007678,LIMIT,SELL,100.81,90
7679,ORD007679,LIMIT,BUY,99.15,8
7680,ORD007680,MARKET,SELL,,1
7681,ORD007681,LIMIT,SELL,101.53,91
7682,ORD007682,LIMIT,BUY,98.11,95
7683,ORD007683,LIMIT,SELL,100.08,69
7684,ORD007684,LIMIT,SELL,101.73,51
7685,ORD007685,LIMIT,SELL,101.96,51
7686,ORD007686,LIMIT,BUY,100.13,18
7687,ORD007687,LIMIT,BUY,99.43,61
7688,ORD007688,LIMIT,SELL,101.46,91
7689,ORD007689,LIMIT,SELL,99.67,12
7690,ORD006473,CANCEL,,,
7691,ORD007691,LIMIT,BUY,99.33,88
7692,ORD007692,LIMIT,SELL,100.25,67
7693,ORD007693,LIMIT,SELL,101.08,26
7694,ORD007694,LIMIT,BUY,98.05,12
7695,ORD007695,LIMIT,BUY,99.12,84
7696,ORD007696,LIMIT,SELL,100.03,44
7697,ORD007654,CANCEL,,,
7698,ORD007698,LIMIT,BUY,98.46,60
7699,ORD004829,CANCEL,,,
7700,ORD007700,LIMIT,SELL,101.39,8
7701,ORD007701,LIMIT,BUY,99.5,31
7702,ORD007702,LIMIT,SELL,101.66,73
7703,ORD002824,CANCEL,,,
7704,ORD007704,LIMIT,SELL,101.11,67
7705,ORD007705,LIMIT,BUY,100.42,32
7706,ORD007706,MARKET,SELL,,89
7707,ORD007707,LIMIT,BUY,98.17,6
7708,ORD007708,LIMIT,SELL,100.41,4
7709,ORD007709,MARKET,SELL,,5
7710,ORD007710,LIMIT,BUY,99.7,39
7711,ORD007711,LIMIT,SELL,99.99,2
7712,ORD007712,LIMIT,SELL,100.58,43
7713,ORD007713,LIMIT,BUY,100.19,80
7714,ORD002804,CANCEL,,,
7715,ORD007715,LIMIT,BUY,100.17,71
7716,ORD007716,LIMIT,BUY,99.96,33
7717,ORD007717,LIMIT,BUY,99.86,42
7718,ORD007718,LIMIT,SELL,101.98,6
7719,ORD007719,LIMIT,SELL,100.97,4
7720,ORD002817,CANCEL,,,
7721,ORD007721,LIMIT,BUY,100.22,56
7722,ORD007044,CANCEL,,,
7723,ORD007723,LIMIT,BUY,99.56,7
7724,ORD004512,CANCEL,,,
7725,ORD006624,CANCEL,,,
7726,ORD002217,CANCEL,,,
7727,ORD007727,LIMIT,SELL,100.05,77
7728,ORD007728,LIMIT,BUY,98.9,52
7729,ORD007729,LIMIT,BUY,98.07,77
7730,ORD007730,LIMIT,BUY,98.69,8
7731,ORD007731,LIMIT,SELL,99.91,16
7732,ORD006483,CANCEL,,,
7733,ORD007733,MARKET,BUY,,42
7734,ORD003831,CANCEL,,,
7735,ORD001579,CANCEL,,,
7736,ORD007736,LIMIT,BUY,99.9,89
7737,ORD007737,LIMIT,BUY,98.14,68
7738,ORD007738,LIMIT,BUY,100.28,8
7739,ORD007739,LIMIT,SELL,100.22,58
7740,ORD007740,LIMIT,SELL,101.56,77
7741,ORD007741,LIMIT,BUY,99.31,96
7742,ORD007088,CANCEL,,,
7743,ORD007743,LIMIT,SELL,101.57,48
7744,ORD007744,LIMIT,BUY,100.15,25
7745,ORD007745,LIMIT,BUY,98.69,17
7746,ORD007746,LIMIT,BUY,98.46,47
7747,ORD007747,LIMIT,SELL,101.44,68
7748,ORD007748,LIMIT,BUY,98.85,6
7749,ORD007749,LIMIT,BUY,99.82,80
7750,ORD007750,LIMIT,SELL,100.75,50
7751,ORD007615,CANCEL,,,
7752,ORD007752,LIMIT,SELL,100.2,95
7753,ORD007055,CANCEL,,,
7754,ORD007754,LIMIT,BUY,98.34,33
7755,ORD007755,MARKET,SELL,,43
7756,ORD004924,CANCEL,,,
7757,ORD007757,LIMIT,SELL,100.38,90
7758,ORD007758,LIMIT,BUY,98.83,66
7759,ORD001307,CANCEL,,,
7760,ORD007760,LIMIT,BUY,99.12,100
7761,ORD007761,LIMIT,SELL,100.63,64
7762,ORD007762,LIMIT,SELL,101.68,48
7763,ORD007763,LIMIT,BUY,99.29,19
7764,ORD007764,LIMIT,BUY,99.17,5
7765,ORD001320,CANCEL,,,
7766,ORD007766,LIMIT,SELL,101.0,37
7767,ORD007767,LIMIT,SELL,101.34,60
7768,ORD007768,LIMIT,BUY,98.33,87
7769,ORD007769,LIMIT,SELL,100.72,20
7770,ORD007770,LIMIT,BUY,98.07,22
7771,ORD007771,LIMIT,SELL,101.06,3
7772,ORD007772,LIMIT,BUY,100.28,20
7773,ORD007773,LIMIT,SELL,99.99,9
7774,ORD007774,LIMIT,SELL,101.23,26
7775,ORD007775,LIMIT,SELL,101.09,7
7776,ORD003763,CANCEL,,,
7777,ORD007777,LIMIT,SELL,101.48,46
7778,ORD007778,LIMIT,SELL,100.41,56
7779,ORD007779,LIMIT,BUY,99.4,85
7780,ORD007780,LIMIT,SELL,101.82,62
7781,ORD007781,LIMIT,SELL,99.63,79
7782,ORD007782,LIMIT,BUY,100.01,75
7783,ORD005603,CANCEL,,,
7784,ORD007784,LIMIT,BUY,98.2,12
7785,ORD007785,LIMIT,SELL,100.9,99
7786,ORD006479,CANCEL,,,
7787,ORD007787,LIMIT,SELL,100.06,72
7788,ORD007788,LIMIT,BUY,99.54,32
7789,ORD007789,MARKET,SELL,,74
7790,ORD007790,LIMIT,SELL,99.56,12
7791,ORD004609,CANCEL,,,
7792,ORD007792,LIMIT,BUY,98.23,48
7793,ORD007793,MARKET,BUY,,52
7794,ORD007794,LIMIT,BUY,98.47,87
7795,ORD007795,LIMIT,BUY,99.08,64
7796,ORD007796,LIMIT,BUY,99.66,31
7797,ORD007797,LIMIT,SELL,101.86,9
7798,ORD007798,LIMIT,BUY,98.71,58
7799,ORD007799,LIMIT,SELL,100.58,32
7800,ORD007800,LIMIT,SELL,101.51,95
7801,ORD003289,CANCEL,,,
7802,ORD007802,LIMIT,BUY,98.47,99
7803,ORD007803,LIMIT,SELL,99.87,53
7804,ORD007804,LIMIT,BUY,99.62,25
7805,ORD007805,LIMIT,BUY,99.5,56
7806,ORD007806,LIMIT,SELL,101.13,67
7807,ORD006933,CANCEL,,,
7808,ORD007808,LIMIT,SELL,100.26,79
7809,ORD007809,LIMIT,SELL,100.61,12
7810,ORD007810,LIMIT,SELL,101.02,73
7811,ORD007811,LIMIT,SELL,101.53,43
7812,ORD007812,LIMIT,SELL,99.86,79
7813,ORD007813,LIMIT,BUY,99.98,75
7814,ORD007814,LIMIT,SELL,101.89,50
7815,ORD007815,LIMIT,BUY,98.3,69
7816,ORD002332,CANCEL,,,
7817,ORD007817,LIMIT,BUY,99.93,81
7818,ORD007818,LIMIT,BUY,99.4,18
7819,ORD001176,CANCEL,,,
7820,ORD007820,LIMIT,BUY,99.77,100
7821,ORD007821,LIMIT,SELL,99.66,66
7822,ORD007822,LIMIT,SELL,101.97,42
7823,ORD007823,MARKET,BUY,,34
7824,ORD007824,LIMIT,SELL,101.22,42
7825,ORD007825,LIMIT,SELL,101.13,86
7826,ORD007826,LIMIT,SELL,100.65,50
7827,ORD007827,MARKET,BUY,,46
7828,ORD007828,LIMIT,BUY,99.59,62
7829,ORD007829,LIMIT,SELL,101.85,34
7830,ORD007830,LIMIT,SELL,99.91,5
7831,ORD007831,LIMIT,BUY,99.09,25
7832,ORD007832,LIMIT,SELL,99.65,20
7833,ORD006883,CANCEL,,,
7834,ORD007834,LIMIT,SELL,101.29,48
7835,ORD003447,CANCEL,,,
7836,ORD007836,LIMIT,BUY,99.32,86
7837,ORD007837,LIMIT,BUY,99.02,81
7838,ORD003213,CANCEL,,,
7839,ORD007839,MARKET,SELL,,12
7840,ORD007840,LIMIT,BUY,100.08,91
7841,ORD007841,LIMIT,SELL,100.53,27
7842,ORD005521,CANCEL,,,
7843,ORD007843,LIMIT,BUY,98.32,27
7844,ORD007844,LIMIT,BUY,100.3,96
7845,ORD007845,LIMIT,BUY,99.23,5
7846,ORD007846,LIMIT,BUY,99.32,45
7847,ORD007847,LIMIT,SELL,101.42,47
7848,ORD007848,LIMIT,BUY,98.33,3
7849,ORD007849,LIMIT,SELL,100.57,15
7850,ORD007850,LIMIT,BUY,100.45,25
7851,ORD000281,CANCEL,,,
7852,ORD007852,LIMIT,SELL,101.36,47
7853,ORD000981,CANCEL,,,
7854,ORD007854,LIMIT,BUY,98.38,18
7855,ORD005986,CANCEL,,,
7856,ORD007856,LIMIT,SELL,101.84,59
7857,ORD005202,CANCEL,,,
7858,ORD007858,MARKET,BUY,,32
7859,ORD002180,CANCEL,,,
7860,ORD007860,LIMIT,BUY,98.45,55
7861,ORD007861,LIMIT,SELL,99.94,26
7862,ORD007862,LIMIT,SELL,100.35,3
7863,ORD007863,LIMIT,BUY,98.81,44
7864,ORD005273,CANCEL,,,
7865,ORD007865,LIMIT,BUY,99.01,61
7866,ORD007866,LIMIT,BUY,98.79,1
7867,ORD004497,CANCEL,,,
7868,ORD007868,LIMIT,SELL,99.6,75
7869,ORD005317,CANCEL,,,
7870,ORD007870,LIMIT,BUY,98.21,67
7871,ORD004718,CANCEL,,,
7872,ORD007872,LIMIT,BUY,100.43,47
7873,ORD007873,LIMIT,BUY,98.57,90
7874,ORD007874,LIMIT,BUY,98.93,68
7875,ORD007875,LIMIT,SELL,101.68,54
7876,ORD007876,LIMIT,BUY,99.45,25
7877,ORD001956,CANCEL,,,
7878,ORD007878,MARKET,BUY,,35
7879,ORD006898,CANCEL,,,
7880,ORD007880,LIMIT,SELL,101.21,95
7881,ORD000694,CANCEL,,,
7882,ORD000865,CANCEL,,,
7883,ORD007883,LIMIT,BUY,98.76,65
7884,ORD004109,CANCEL,,,
7885,ORD006394,CANCEL,,,
7886,ORD007886,LIMIT,SELL,100.41,32
7887,ORD007887,LIMIT,SELL,100.1,41
7888,ORD007888,LIMIT,SELL,99.98,90
7889,ORD007889,LIMIT,BUY,99.35,37
7890,ORD007484,CANCEL,,,
7891,ORD007891,LIMIT,BUY,99.12,82
7892,ORD007892,LIMIT,BUY,98.03,96
7893,ORD007893,LIMIT,BUY,98.46,91
7894,ORD007894,LIMIT,BUY,99.7,29
7895,ORD007895,MARKET,SELL,,83
7896,ORD007896,LIMIT,SELL,99.77,49
7897,ORD007897,MARKET,SELL,,78
7898,ORD007291,CANCEL,,,
7899,ORD007899,MARKET,BUY,,90
7900,ORD001270,CANCEL,,,
7901,ORD007901,LIMIT,SELL,100.97,100
7902,ORD007902,LIMIT,BUY,99.63,63
7903,ORD007903,LIMIT,SELL,100.75,67
7904,ORD007904,LIMIT,SELL,99.61,45
7905,ORD007905,LIMIT,SELL,101.68,20
7906,ORD007906,LIMIT,SELL,101.83,48
7907,ORD007907,LIMIT,SELL,101.98,48
7908,ORD003575,CANCEL,,,
7909,ORD007909,LIMIT,BUY,100.2,42
7910,ORD007910,LIMIT,BUY,99.45,21
7911,ORD007911,LIMIT,BUY,100.08,85
7912,ORD007912,LIMIT,BUY,99.09,3
7913,ORD007913,LIMIT,BUY,100.22,29
7914,ORD007914,LIMIT,BUY,98.17,36
7915,ORD007915,LIMIT,BUY,98.17,60
7916,ORD002968,CANCEL,,,
7917,ORD007917,LIMIT,SELL,101.17,68
7918,ORD007685,CANCEL,,,
7919,ORD007919,LIMIT,SELL,100.73,64
7920,ORD007920,LIMIT,BUY,99.47,18
7921,ORD007921,LIMIT,BUY,98.25,73
7922,ORD007922,LIMIT,SELL,99.57,63
7923,ORD007923,LIMIT,SELL,100.41,90
7924,ORD007924,LIMIT,BUY,100.04,20
7925,ORD007773,CANCEL,,,
7926,ORD007926,LIMIT,BUY,98.92,31
7927,ORD007927,LIMIT,SELL,101.33,86
7928,ORD007928,MARKET,SELL,,64
7929,ORD007929,LIMIT,SELL,100.16,93
7930,ORD007930,LIMIT,SELL,100.85,71
7931,ORD002035,CANCEL,,,
7932,ORD007932,LIMIT,SELL,100.62,37
7933,ORD007933,LIMIT,BUY,100.46,80
7934,ORD007934,LIMIT,SELL,100.27,69
7935,ORD007935,LIMIT,SELL,100.98,97
7936,ORD004465,CANCEL,,,
7937,ORD000921,CANCEL,,,
7938,ORD007938,MARKET,BUY,,49
7939,ORD007939,LIMIT,SELL,99.81,49
7940,ORD007940,LIMIT,BUY,99.42,75
7941,ORD007941,LIMIT,BUY,99.7,28
7942,ORD007942,LIMIT,BUY,99.2,28
7943,ORD006634,CANCEL,,,
7944,ORD007944,LIMIT,BUY,99.85,62
7945,ORD007945,LIMIT,BUY,98.83,55
7946,ORD007946,LIMIT,BUY,99.69,100
7947,ORD007947,LIMIT,SELL,100.76,15
7948,ORD002568,CANCEL,,,
7949,ORD007949,LIMIT,BUY,98.92,58
7950,ORD007950,LIMIT,BUY,98.34,29
7951,ORD006657,CANCEL,,,
7952,ORD007952,LIMIT,SELL,101.83,32
7953,ORD007953,LIMIT,SELL,101.53,57
7954,ORD007954,LIMIT,BUY,100.41,89
7955,ORD007955,LIMIT,SELL,100.91,59
7956,ORD007956,LIMIT,BUY,99.67,28
7957,ORD007957,LIMIT,SELL,100.12,90
7958,ORD006965,CANCEL,,,
7959,ORD007959,MARKET,SELL,,76
7960,ORD005318,CANCEL,,,
7961,ORD006484,CANCEL,,,
7962,ORD007962,LIMIT,BUY,98.47,76
7963,ORD007963,LIMIT,SELL,100.38,54
7964,ORD006442,CANCEL,,,
7965,ORD007965,LIMIT,BUY,99.02,49
7966,ORD007966,LIMIT,SELL,101.52,69
7967,ORD007967,LIMIT,BUY,99.9,30
7968,ORD007968,LIMIT,SELL,99.77,92
7969,ORD003956,CANCEL,,,
7970,ORD005536,CANCEL,,,
7971,ORD007971,LIMIT,SELL,99.98,36
7972,ORD007972,LIMIT,BUY,100.39,14
7973,ORD007973,LIMIT,BUY,100.19,79
7974,ORD007974,LIMIT,BUY,98.39,81
7975,ORD007975,LIMIT,SELL,101.88,27
7976,ORD007976,LIMIT,BUY,98.81,64
7977,ORD002877,CANCEL,,,
7978,ORD007978,LIMIT,SELL,101.11,53
7979,ORD007979,LIMIT,BUY,98.75,43
7980,ORD007980,LIMIT,SELL,99.91,23
7981,ORD007981,LIMIT,BUY,98.63,50
7982,ORD007982,LIMIT,BUY,98.62,37
7983,ORD007929,CANCEL,,,
7984,ORD007984,LIMIT,SELL,100.24,36
7985,ORD007985,LIMIT,BUY,100.0,44
7986,ORD007986,LIMIT,SELL,99.62,85
7987,ORD001165,CANCEL,,,
7988,ORD007988,LIMIT,BUY,99.31,10
7989,ORD006212,CANCEL,,,
7990,ORD007990,LIMIT,SELL,99.97,18
7991,ORD006586,CANCEL,,,
7992,ORD007992,LIMIT,BUY,98.0,22
7993,ORD006591,CANCEL,,,
7994,ORD004361,CANCEL,,,
7995,ORD007995,LIMIT,SELL,101.76,44
7996,ORD007996,LIMIT,BUY,100.39,43
7997,ORD007997,LIMIT,BUY,98.49,51
7998,ORD007998,LIMIT,BUY,98.85,77
7999,ORD007999,LIMIT,BUY,99.08,98
8000,ORD008000,LIMIT,BUY,99.53,86
8001,ORD008001,LIMIT,SELL,100.91,91
8002,ORD008002,LIMIT,SELL,99.93,75
8003,ORD008003,LIMIT,BUY,98.4,75
8004,ORD008004,LIMIT,SELL,100.23,37
8005,ORD001696,CANCEL,,,
8006,ORD008006,LIMIT,SELL,100.49,74
8007,ORD008007,LIMIT,BUY,98.42,42
8008,ORD002138,CANCEL,,,
8009,ORD008009,LIMIT,BUY,98.75,6
8010,ORD006504,CANCEL,,,
8011,ORD008011,LIMIT,SELL,100.59,65
8012,ORD008012,LIMIT,SELL,101.06,70
8013,ORD005979,CANCEL,,,
8014,ORD002869,CANCEL,,,
8015,ORD008015,LIMIT,BUY,98.96,86
8016,ORD008016,LIMIT,BUY,98.78,35
8017,ORD008017,LIMIT,BUY,100.42,25
8018,ORD008018,LIMIT,BUY,98.06,13
8019,ORD001351,CANCEL,,,
8020,ORD008020,LIMIT,BUY,98.9,69
8021,ORD008021,LIMIT,BUY,99.36,92
8022,ORD008022,LIMIT,BUY,99.82,95
8023,ORD008023,LIMIT,SELL,100.48,11
8024,ORD008024,MARKET,BUY,,18
8025,ORD008025,LIMIT,SELL,100.84,57
8026,ORD008026,LIMIT,SELL,99.57,99
8027,ORD007287,CANCEL,,,
8028,ORD006617,CANCEL,,,
8029,ORD008029,LIMIT,SELL,101.77,55
8030,ORD008030,LIMIT,SELL,101.93,90
8031,ORD008031,LIMIT,SELL,99.84,6
8032,ORD008032,LIMIT,SELL,100.23,89
8033,ORD003411,CANCEL,,,
8034,ORD008034,LIMIT,BUY,98.93,10
8035,ORD006878,CANCEL,,,
8036,ORD008036,LIMIT,SELL,99.86,60
8037,ORD008037,LIMIT,BUY,98.46,45
8038,ORD008038,LIMIT,BUY,100.03,69
8039,ORD008039,LIMIT,BUY,99.21,56
8040,ORD008040,LIMIT,BUY,98.8,24
8041,ORD008041,LIMIT,BUY,98.42,66
8042,ORD008042,LIMIT,SELL,101.93,81
8043,ORD007940,CANCEL,,,
8044,ORD008044,LIMIT,SELL,100.7,95
8045,ORD008045,LIMIT,SELL,101.69,46
8046,ORD008046,LIMIT,SELL,100.08,67
8047,ORD008047,LIMIT,SELL,99.68,11
8048,ORD008048,LIMIT,BUY,99.63,41
8049,ORD008049,LIMIT,SELL,100.37,61
8050,ORD008050,LIMIT,BUY,98.94,93
8051,ORD008051,LIMIT,SELL,101.15,79
8052,ORD008052,LIMIT,SELL,100.37,49
8053,ORD008053,LIMIT,SELL,99.68,70
8054,ORD008054,LIMIT,SELL,100.4,79
8055,ORD008055,LIMIT,SELL,101.35,36
8056,ORD008056,LIMIT,BUY,99.46,44
8057,ORD007818,CANCEL,,,
8058,ORD008058,LIMIT,BUY,99.86,79
8059,ORD003921,CANCEL,,,
8060,ORD005003,CANCEL,,,
8061,ORD008061,LIMIT,SELL,101.37,13
8062,ORD004989,CANCEL,,,
8063,ORD008063,LIMIT,SELL,100.08,55
8064,ORD008064,LIMIT,SELL,99.52,43
8065,ORD008065,MARKET,SELL,,31
8066,ORD008066,LIMIT,BUY,98.65,54
8067,ORD008067,LIMIT,SELL,101.47,60
8068,ORD008068,LIMIT,BUY,98.5,87
8069,ORD006619,CANCEL,,,
8070,ORD008070,LIMIT,BUY,98.2,9
8071,ORD008071,LIMIT,BUY,100.15,87
8072,ORD008072,LIMIT,SELL,101.89,16
8073,ORD002629,CANCEL,,,
8074,ORD008074,LIMIT,SELL,100.56,97
8075,ORD008075,MARKET,BUY,,40
8076,ORD008076,LIMIT,BUY,100.47,3
8077,ORD008077,LIMIT,SELL,100.1,56
8078,ORD008078,LIMIT,SELL,100.95,34
8079,ORD008079,MARKET,BUY,,69
8080,ORD007736,CANCEL,,,
8081,ORD007122,CANCEL,,,
8082,ORD008082,LIMIT,SELL,101.19,6
8083,ORD005674,CANCEL,,,
8084,ORD001581,CANCEL,,,
8085,ORD008085,LIMIT,BUY,99.12,18
8086,ORD008086,MARKET,SELL,,82
8087,ORD008087,LIMIT,SELL,101.08,24
8088,ORD008088,LIMIT,SELL,100.93,2
8089,ORD008089,LIMIT,BUY,98.7,83
8090,ORD008090,LIMIT,SELL,101.31,40
8091,ORD008091,MARKET,BUY,,47
8092,ORD001082,CANCEL,,,
8093,ORD008093,LIMIT,SELL,99.5,2
8094,ORD008094,LIMIT,BUY,98.59,47
8095,ORD008095,LIMIT,SELL,99.83,93
8096,ORD008096,LIMIT,BUY,98.32,30
8097,ORD008097,LIMIT,SELL,101.65,89
8098,ORD008098,LIMIT,BUY,99.99,10
8099,ORD008099,LIMIT,SELL,101.77,59
8100,ORD008100,LIMIT,SELL,101.79,9
8101,ORD008101,LIMIT,SELL,99.69,28
8102,ORD008102,LIMIT,BUY,99.43,79
8103,ORD008103,MARKET,BUY,,65
8104,ORD008104,LIMIT,BUY,98.29,33
8105,ORD008105,LIMIT,SELL,101.52,11
8106,ORD008106,LIMIT,SELL,100.06,15
8107,ORD008107,LIMIT,BUY,100.44,85
8108,ORD008108,LIMIT,SELL,99.6,81
8109,ORD008109,LIMIT,BUY,99.21,41
8110,ORD008110,LIMIT,BUY,98.27,70
8111,ORD008111,LIMIT,BUY,99.8,5
8112,ORD008112,LIMIT,SELL,101.0,99
8113,ORD008113,LIMIT,BUY,99.69,41
8114,ORD008114,LIMIT,SELL,100.29,54
8115,ORD008115,LIMIT,BUY,98.14,60
8116,ORD008116,LIMIT,BUY,98.49,72
8117,ORD008117,MARKET,BUY,,45
8118,ORD008118,LIMIT,SELL,101.39,87
8119,ORD008119,LIMIT,SELL,101.62,58
8120,ORD008120,LIMIT,SELL,101.25,65
8121,ORD008121,LIMIT,BUY,100.24,18
8122,ORD008122,LIMIT,BUY,98.08,5
8123,ORD008123,LIMIT,BUY,98.02,36
8124,ORD007455,CANCEL,,,
8125,ORD008125,LIMIT,SELL,99.67,16
8126,ORD008126,LIMIT,SELL,101.22,47
8127,ORD008127,LIMIT,BUY,98.7,3
8128,ORD008128,LIMIT,SELL,100.52,11
8129,ORD008129,LIMIT,SELL,99.87,56
8130,ORD003914,CANCEL,,,
8131,ORD008131,MARKET,SELL,,34
8132,ORD008132,LIMIT,SELL,99.79,3
8133,ORD008133,LIMIT,SELL,99.53,32
8134,ORD005376,CANCEL,,,
8135,ORD008135,LIMIT,SELL,100.06,97
8136,ORD003451,CANCEL,,,
8137,ORD008003,CANCEL,,,
8138,ORD008138,LIMIT,SELL,100.92,79
8139,ORD008139,LIMIT,SELL,101.53,8
8140,ORD008140,LIMIT,BUY,100.4,66
8141,ORD008141,LIMIT,SELL,100.99,95
8142,ORD008142,LIMIT,BUY,100.1,21
8143,ORD008143,LIMIT,BUY,99.32,14
8144,ORD008144,MARKET,BUY,,66
8145,ORD008145,LIMIT,SELL,100.12,34
8146,ORD008146,LIMIT,SELL,99.74,16
8147,ORD004643,CANCEL,,,
8148,ORD008148,MARKET,SELL,,32
8149,ORD008149,LIMIT,SELL,101.32,20
8150,ORD008150,LIMIT,SELL,100.67,4
8151,ORD008151,LIMIT,SELL,99.85,12
8152,ORD008152,LIMIT,BUY,98.18,44
8153,ORD008153,LIMIT,BUY,100.09,4
8154,ORD008154,LIMIT,BUY,99.22,32
8155,ORD008155,MARKET,BUY,,5
8156,ORD008156,LIMIT,BUY,100.44,40
8157,ORD008157,LIMIT,SELL,100.59,32
8158,ORD008158,LIMIT,SELL,100.9,86
8159,ORD007581,CANCEL,,,
8160,ORD008160,LIMIT,BUY,98.27,88
8161,ORD008161,LIMIT,SELL,99.85,90
8162,ORD003757,CANCEL,,,
8163,ORD008163,LIMIT,SELL,100.6,100
8164,ORD008164,LIMIT,SELL,99.89,68
8165,ORD006678,CANCEL,,,
8166,ORD008166,LIMIT,BUY,98.67,79
8167,ORD008167,LIMIT,SELL,99.96,25
8168,ORD004481,CANCEL,,,
8169,ORD008169,LIMIT,BUY,99.28,89
8170,ORD008170,LIMIT,SELL,99.93,67
8171,ORD000773,CANCEL,,,
8172,ORD008172,LIMIT,SELL,101.68,92
8173,ORD008173,LIMIT,BUY,100.21,81
8174,ORD008174,LIMIT,BUY,99.97,38
8175,ORD008175,LIMIT,SELL,101.26,61
8176,ORD008176,LIMIT,SELL,101.45,36
8177,ORD008177,LIMIT,SELL,100.11,40
8178,ORD008178,MARKET,BUY,,2
8179,ORD008179,LIMIT,BUY,99.37,17
8180,ORD008180,LIMIT,SELL,100.41,27
8181,ORD008181,LIMIT,BUY,100.04,72
8182,ORD008182,LIMIT,SELL,100.45,75
8183,ORD002159,CANCEL,,,
8184,ORD008052,CANCEL,,,
8185,ORD008185,LIMIT,SELL,100.4,46
8186,ORD008186,MARKET,SELL,,97
8187,ORD008187,LIMIT,BUY,99.58,33
8188,ORD008188,LIMIT,SELL,100.49,18
8189,ORD008189,LIMIT,BUY,98.74,16
8190,ORD008190,LIMIT,BUY,98.93,84
8191,ORD008191,LIMIT,SELL,101.09,66
8192,ORD008192,LIMIT,SELL,101.84,59
8193,ORD008193,LIMIT,SELL,101.81,55
8194,ORD008090,CANCEL,,,
8195,ORD008195,LIMIT,SELL,101.31,44
8196,ORD008196,LIMIT,SELL,101.37,46
8197,ORD008197,LIMIT,SELL,101.33,15
8198,ORD007273,CANCEL,,,
8199,ORD001999,CANCEL,,,
8200,ORD008200,LIMIT,SELL,101.66,19
8201,ORD008201,LIMIT,BUY,98.33,19
8202,ORD008202,LIMIT,SELL,99.9,77
8203,ORD008203,LIMIT,SELL,101.79,61
8204,ORD008204,LIMIT,SELL,101.54,91
8205,ORD006860,CANCEL,,,
8206,ORD008206,LIMIT,BUY,100.31,44
8207,ORD008207,MARKET,BUY,,71
8208,ORD008208,LIMIT,BUY,100.41,45
8209,ORD002362,CANCEL,,,
8210,ORD008210,LIMIT,BUY,99.51,5
8211,ORD008211,LIMIT,SELL,100.35,46
8212,ORD005893,CANCEL,,,
8213,ORD008213,LIMIT,BUY,100.33,54
8214,ORD008214,LIMIT,SELL,101.06,41
8215,ORD008215,LIMIT,BUY,98.57,82
8216,ORD008216,LIMIT,SELL,101.47,92
8217,ORD008217,LIMIT,BUY,99.92,75
8218,ORD007920,CANCEL,,,
8219,ORD008219,MARKET,BUY,,18
8220,ORD008220,LIMIT,SELL,99.91,33
8221,ORD006605,CANCEL,,,
8222,ORD008222,LIMIT,SELL,100.92,49
8223,ORD008223,LIMIT,SELL,100.74,47
8224,ORD008224,LIMIT,SELL,101.92,46
8225,ORD006128,CANCEL,,,
8226,ORD008226,MARKET,BUY,,59
8227,ORD008227,MARKET,SELL,,80
8228,ORD008228,LIMIT,BUY,100.12,30
8229,ORD002296,CANCEL,,,
8230,ORD008230,LIMIT,BUY,98.69,11
8231,ORD008231,MARKET,SELL,,99
8232,ORD007035,CANCEL,,,
8233,ORD008233,LIMIT,SELL,101.57,90
8234,ORD002521,CANCEL,,,
8235,ORD008235,MARKET,BUY,,8
8236,ORD008236,MARKET,BUY,,84
8237,ORD008237,LIMIT,BUY,100.36,16
8238,ORD008238,LIMIT,SELL,100.11,83
8239,ORD008239,LIMIT,SELL,99.83,27
8240,ORD004282,CANCEL,,,
8241,ORD008241,LIMIT,SELL,99.79,47
8242,ORD008242,LIMIT,BUY,98.49,71
8243,ORD008243,LIMIT,BUY,100.16,78
8244,ORD008244,LIMIT,BUY,98.03,94
8245,ORD008245,LIMIT,BUY,98.12,66
8246,ORD008246,LIMIT,SELL,100.37,90
8247,ORD008247,LIMIT,SELL,100.85,1
8248,ORD008248,LIMIT,BUY,98.11,80
8249,ORD008249,LIMIT,SELL,100.12,53
8250,ORD008250,LIMIT,SELL,99.94,55
8251,ORD008251,LIMIT,BUY,98.31,99
8252,ORD008252,LIMIT,BUY,100.42,29
8253,ORD008253,LIMIT,SELL,100.31,6
8254,ORD008254,LIMIT,SELL,99.87,63
8255,ORD008255,LIMIT,SELL,101.82,78
8256,ORD008256,LIMIT,SELL,101.46,92
8257,ORD008257,LIMIT,SELL,101.92,57
8258,ORD008258,LIMIT,SELL,101.34,90
8259,ORD008259,LIMIT,SELL,100.62,80
8260,ORD007457,CANCEL,,,
8261,ORD004881,CANCEL,,,
8262,ORD008262,LIMIT,SELL,99.88,55
8263,ORD008263,LIMIT,BUY,99.56,84
8264,ORD008264,LIMIT,SELL,100.68,10
8265,ORD008265,LIMIT,SELL,101.7,15
8266,ORD008266,LIMIT,SELL,101.17,67
8267,ORD008267,LIMIT,SELL,101.97,57
8268,ORD008268,LIMIT,SELL,100.23,62
8269,ORD008269,LIMIT,BUY,98.17,66
8270,ORD008270,LIMIT,SELL,100.95,56
8271,ORD008271,LIMIT,BUY,100.08,100
8272,ORD008272,LIMIT,BUY,100.37,21
8273,ORD008273,LIMIT,BUY,99.94,16
8274,ORD004826,CANCEL,,,
8275,ORD008275,LIMIT,BUY,98.39,32
8276,ORD006085,CANCEL,,,
8277,ORD008277,LIMIT,SELL,101.66,45
8278,ORD008278,LIMIT,BUY,98.35,40
8279,ORD007620,CANCEL,,,
8280,ORD008280,MARKET,BUY,,70
8281,ORD008281,LIMIT,BUY,98.83,63
8282,ORD008282,LIMIT,BUY,99.51,90
8283,ORD008283,LIMIT,BUY,100.28,10
8284,ORD008284,LIMIT,BUY,99.01,84
8285,ORD006333,CANCEL,,,
8286,ORD008286,LIMIT,SELL,100.84,79
8287,ORD008287,LIMIT,SELL,101.51,4
8288,ORD008288,LIMIT,BUY,98.06,35
8289,ORD008289,LIMIT,BUY,99.97,32
8290,ORD008290,LIMIT,BUY,99.96,94
8291,ORD008291,LIMIT,SELL,101.73,37
8292,ORD006136,CANCEL,,,
8293,ORD008293,LIMIT,SELL,101.78,59
8294,ORD008294,LIMIT,BUY,100.23,91
8295,ORD008295,LIMIT,SELL,101.35,33
8296,ORD008296,LIMIT,SELL,100.81,38
8297,ORD008297,LIMIT,SELL,100.19,63
8298,ORD008298,LIMIT,BUY,98.63,93
8299,ORD008299,LIMIT,SELL,100.02,34
8300,ORD008300,MARKET,BUY,,21
8301,ORD007222,CANCEL,,,
8302,ORD008302,LIMIT,BUY,99.41,4
8303,ORD007124,CANCEL,,,
8304,ORD008304,LIMIT,BUY,98.35,90
8305,ORD007252,CANCEL,,,
8306,ORD008306,LIMIT,SELL,100.38,59
8307,ORD008307,MARKET,SELL,,86
8308,ORD008308,LIMIT,SELL,100.45,1
8309,ORD008309,LIMIT,SELL,101.59,74
8310,ORD001883,CANCEL,,,
8311,ORD008311,LIMIT,SELL,101.13,63
8312,ORD008312,LIMIT,SELL,100.5,48
8313,ORD008313,LIMIT,SELL,101.65,62
8314,ORD008314,LIMIT,BUY,98.31,65
8315,ORD008315,LIMIT,SELL,99.85,56
8316,ORD008316,LIMIT,SELL,99.68,47
8317,ORD006236,CANCEL,,,
8318,ORD008318,LIMIT,SELL,100.98,65
8319,ORD008319,LIMIT,BUY,98.75,36
8320,ORD000236,CANCEL,,,
8321,ORD008321,LIMIT,SELL,100.54,78
8322,ORD007967,CANCEL,,,
8323,ORD008323,LIMIT,BUY,99.08,88
8324,ORD008324,LIMIT,BUY,99.2,40
8325,ORD008325,LIMIT,SELL,99.59,21
8326,ORD008326,LIMIT,BUY,98.14,12
8327,ORD008327,LIMIT,BUY,100.05,31
8328,ORD008328,LIMIT,BUY,98.27,15
8329,ORD008329,LIMIT,SELL,100.5,33
8330,ORD008330,LIMIT,SELL,100.75,48
8331,ORD003908,CANCEL,,,
8332,ORD008332,LIMIT,SELL,99.69,25
8333,ORD008333,LIMIT,SELL,100.37,91
8334,ORD008334,LIMIT,BUY,100.34,74
8335,ORD008335,LIMIT,BUY,99.14,12
8336,ORD008336,LIMIT,SELL,100.49,55
8337,ORD008337,LIMIT,SELL,100.12,27
8338,ORD008338,LIMIT,SELL,101.36,56
8339,ORD008339,LIMIT,BUY,99.33,19
8340,ORD008340,LIMIT,SELL,101.23,77
8341,ORD008341,LIMIT,BUY,100.29,56
8342,ORD008195,CANCEL,,,
8343,ORD008343,LIMIT,SELL,100.55,22
8344,ORD008344,LIMIT,SELL,101.21,69
8345,ORD008345,LIMIT,SELL,100.4,15
8346,ORD008346,LIMIT,SELL,100.7,94
8347,ORD008347,MARKET,BUY,,1
8348,ORD007902,CANCEL,,,
8349,ORD008349,LIMIT,BUY,98.15,80
8350,ORD008350,LIMIT,BUY,98.47,85
8351,ORD008351,LIMIT,BUY,98.31,47
8352,ORD008352,LIMIT,BUY,100.25,94
8353,ORD008353,LIMIT,BUY,100.04,93
8354,ORD008354,LIMIT,BUY,98.23,44
8355,ORD008355,LIMIT,BUY,98.59,28
8356,ORD008356,MARKET,SELL,,20
8357,ORD008357,LIMIT,BUY,98.81,87
8358,ORD008358,MARKET,SELL,,7
8359,ORD008359,LIMIT,SELL,101.64,97
8360,ORD008360,MARKET,SELL,,36
8361,ORD008361,LIMIT,BUY,98.71,39
8362,ORD004491,CANCEL,,,
8363,ORD003815,CANCEL,,,
8364,ORD008364,LIMIT,BUY,98.62,24
8365,ORD008365,MARKET,SELL,,34
8366,ORD008366,LIMIT,SELL,100.01,4
8367,ORD008367,LIMIT,BUY,98.24,72
8368,ORD006979,CANCEL,,,
8369,ORD008369,LIMIT,BUY,98.32,63
8370,ORD008370,LIMIT,BUY,98.89,33
8371,ORD008371,LIMIT,BUY,99.11,61
8372,ORD008372,LIMIT,SELL,100.89,14
8373,ORD008373,LIMIT,BUY,98.97,55
8374,ORD007014,CANCEL,,,
8375,ORD008375,LIMIT,BUY,99.44,17
8376,ORD008376,LIMIT,BUY,98.13,18
8377,ORD008377,MARKET,SELL,,83
8378,ORD008354,CANCEL,,,
8379,ORD008379,LIMIT,BUY,99.42,56
8380,ORD006559,CANCEL,,,
8381,ORD008381,LIMIT,SELL,101.73,58
8382,ORD008382,LIMIT,BUY,100.08,9
8383,ORD008383,LIMIT,BUY,100.3,89
8384,ORD008384,LIMIT,BUY,98.87,32
8385,ORD008385,LIMIT,SELL,101.17,12
8386,ORD008386,MARKET,BUY,,95
8387,ORD006951,CANCEL,,,
8388,ORD002806,CANCEL,,,
8389,ORD007185,CANCEL,,,
8390,ORD008390,LIMIT,SELL,99.61,92
8391,ORD008391,LIMIT,SELL,100.13,28
8392,ORD008392,LIMIT,SELL,101.56,96
8393,ORD008393,LIMIT,SELL,100.13,21
8394,ORD008394,LIMIT,BUY,99.16,20
8395,ORD005247,CANCEL,,,
8396,ORD008396,LIMIT,BUY,99.15,7
8397,ORD008397,LIMIT,SELL,100.3,62
8398,ORD006451,CANCEL,,,
8399,ORD008399,LIMIT,BUY,98.93,6
8400,ORD006351,CANCEL,,,
8401,ORD001341,CANCEL,,,
8402,ORD008402,LIMIT,BUY,98.35,66
8403,ORD008403,LIMIT,SELL,100.69,58
8404,ORD008404,LIMIT,SELL,100.88,16
8405,ORD008405,LIMIT,SELL,101.14,31
8406,ORD008406,LIMIT,SELL,100.05,92
8407,ORD008407,LIMIT,SELL,101.47,98
8408,ORD008408,LIMIT,SELL,101.43,43
8409,ORD008409,LIMIT,SELL,100.33,60
8410,ORD008410,LIMIT,BUY,100.47,9
8411,ORD008411,LIMIT,SELL,101.32,64
8412,ORD008412,LIMIT,SELL,101.54,47
8413,ORD008413,LIMIT,SELL,100.53,6
8414,ORD008414,LIMIT,BUY,99.12,41
8415,ORD006225,CANCEL,,,
8416,ORD008416,LIMIT,SELL,101.09,12
8417,ORD002639,CANCEL,,,
8418,ORD008393,CANCEL,,,
8419,ORD001799,CANCEL,,,
8420,ORD008420,LIMIT,SELL,101.79,82
8421,ORD008421,LIMIT,BUY,98.33,63
8422,ORD008422,LIMIT,BUY,98.71,55
8423,ORD008423,LIMIT,BUY,100.12,6
8424,ORD008424,LIMIT,BUY,98.39,76
8425,ORD008425,MARKET,BUY,,100
8426,ORD008426,LIMIT,BUY,100.45,25
8427,ORD008427,LIMIT,BUY,98.92,12
8428,ORD008428,LIMIT,SELL,101.74,72
8429,ORD008429,LIMIT,SELL,101.19,86
8430,ORD008430,LIMIT,SELL,99.64,70
8431,ORD008431,LIMIT,BUY,99.64,97
8432,ORD008432,LIMIT,SELL,99.56,57
8433,ORD008433,LIMIT,SELL,100.58,51
8434,ORD008434,LIMIT,SELL,100.05,88
8435,ORD008435,LIMIT,SELL,100.52,21
8436,ORD008436,LIMIT,SELL,99.54,42
8437,ORD008437,LIMIT,BUY,99.58,22
8438,ORD008438,LIMIT,BUY,99.41,19
8439,ORD008439,LIMIT,BUY,99.84,21
8440,ORD008440,LIMIT,SELL,101.7,70
8441,ORD008441,LIMIT,BUY,98.14,88
8442,ORD008442,LIMIT,BUY,99.68,31
8443,ORD008443,LIMIT,SELL,101.95,54
8444,ORD008444,LIMIT,BUY,100.34,39
8445,ORD008445,MARKET,SELL,,7
8446,ORD008446,LIMIT,SELL,101.53,50
8447,ORD008447,LIMIT,SELL,101.04,22
8448,ORD008448,LIMIT,SELL,101.96,3
8449,ORD008449,MARKET,SELL,,55
8450,ORD008450,LIMIT,SELL,99.72,86
8451,ORD008451,LIMIT,BUY,100.44,30
8452,ORD008452,LIMIT,BUY,99.36,70
8453,ORD004905,CANCEL,,,
8454,ORD008454,LIMIT,BUY,99.05,9
8455,ORD008455,LIMIT,BUY,99.23,32
8456,ORD008456,MARKET,BUY,,87
8457,ORD008457,LIMIT,BUY,98.07,50
8458,ORD008458,LIMIT,SELL,99.51,20
8459,ORD008459,LIMIT,BUY,98.54,25
8460,ORD008460,LIMIT,SELL,101.21,87
8461,ORD007609,CANCEL,,,
8462,ORD006112,CANCEL,,,
8463,ORD002714,CANCEL,,,
8464,ORD008464,LIMIT,BUY,99.37,55
8465,ORD008465,LIMIT,BUY,98.46,45
8466,ORD008466,MARKET,BUY,,99
8467,ORD008467,LIMIT,SELL,100.94,89
8468,ORD007158,CANCEL,,,
8469,ORD001968,CANCEL,,,
8470,ORD008470,LIMIT,BUY,98.94,44
8471,ORD008471,LIMIT,BUY,98.44,38
8472,ORD008472,LIMIT,BUY,98.55,66
8473,ORD008473,LIMIT,SELL,101.78,41
8474,ORD008474,LIMIT,SELL,101.05,15
8475,ORD008475,LIMIT,BUY,99.72,58
8476,ORD005577,CANCEL,,,
8477,ORD002907,CANCEL,,,
8478,ORD008478,MARKET,SELL,,80
8479,ORD008479,LIMIT,BUY,99.36,94
8480,ORD008480,LIMIT,BUY,98.51,15
8481,ORD008481,MARKET,BUY,,77
8482,ORD008482,LIMIT,BUY,99.74,70
8483,ORD008483,LIMIT,SELL,100.63,21
8484,ORD008484,LIMIT,BUY,98.22,15
8485,ORD005462,CANCEL,,,
8486,ORD008486,LIMIT,SELL,101.89,96
8487,ORD008487,LIMIT,SELL,99.57,96
8488,ORD008488,LIMIT,SELL,99.78,56
8489,ORD008489,LIMIT,SELL,101.35,53
8490,ORD008490,LIMIT,BUY,98.24,25
8491,ORD008491,LIMIT,SELL,100.58,30
8492,ORD008492,LIMIT,BUY,99.54,39
8493,ORD007068,CANCEL,,,
8494,ORD008494,LIMIT,SELL,101.64,37
8495,ORD008495,LIMIT,BUY,98.49,78
8496,ORD008496,MARKET,BUY,,44
8497,ORD004256,CANCEL,,,
8498,ORD008498,LIMIT,BUY,99.25,21
8499,ORD008499,LIMIT,SELL,100.62,30
8500,ORD008500,LIMIT,SELL,101.02,7
8501,ORD008501,LIMIT,BUY,99.63,51
8502,ORD008502,LIMIT,SELL,100.35,66
8503,ORD008503,LIMIT,SELL,99.52,64
8504,ORD008504,LIMIT,SELL,101.1,57
8505,ORD008505,LIMIT,BUY,99.41,16
8506,ORD008506,LIMIT,BUY,98.9,12
8507,ORD008507,LIMIT,BUY,98.64,55
8508,ORD008508,LIMIT,SELL,99.68,80
8509,ORD008509,MARKET,SELL,,39
8510,ORD004178,CANCEL,,,
8511,ORD006993,CANCEL,,,
8512,ORD008512,LIMIT,SELL,100.69,10
8513,ORD008513,MARKET,SELL,,51
8514,ORD008514,LIMIT,SELL,101.64,73
8515,ORD008515,LIMIT,SELL,101.08,12
8516,ORD007743,CANCEL,,,
8517,ORD008517,LIMIT,BUY,99.65,4
8518,ORD008518,LIMIT,SELL,99.7,32
8519,ORD008519,LIMIT,BUY,100.28,13
8520,ORD008520,LIMIT,SELL,100.34,53
8521,ORD008521,LIMIT,SELL,100.54,10
8522,ORD008522,LIMIT,SELL,100.91,95
8523,ORD005602,CANCEL,,,
8524,ORD002567,CANCEL,,,
8525,ORD008525,LIMIT,SELL,100.33,62
8526,ORD008526,LIMIT,SELL,99.6,20
8527,ORD008527,LIMIT,BUY,100.46,30
8528,ORD008528,LIMIT,BUY,99.64,42
8529,ORD008529,MARKET,BUY,,46
8530,ORD008530,LIMIT,BUY,99.31,72
8531,ORD008531,LIMIT,BUY,99.26,23
8532,ORD008532,LIMIT,BUY,100.19,25
8533,ORD008533,LIMIT,SELL,101.73,81
8534,ORD007178,CANCEL,,,
8535,ORD008535,LIMIT,BUY,99.53,74
8536,ORD008536,LIMIT,SELL,101.02,68
8537,ORD008537,LIMIT,SELL,100.21,18
8538,ORD008538,LIMIT,BUY,98.58,93
8539,ORD008539,LIMIT,SELL,100.1,10
8540,ORD008540,LIMIT,SELL,100.51,20
8541,ORD008541,LIMIT,SELL,101.67,31
8542,ORD008542,LIMIT,BUY,99.58,8
8543,ORD008543,LIMIT,SELL,100.11,100
8544,ORD003674,CANCEL,,,
8545,ORD008545,MARKET,BUY,,51
8546,ORD008546,LIMIT,SELL,101.96,23
8547,ORD008547,LIMIT,SELL,99.93,68
8548,ORD008548,LIMIT,BUY,98.49,59
8549,ORD003800,CANCEL,,,
8550,ORD008550,LIMIT,SELL,99.79,84
8551,ORD008551,LIMIT,BUY,98.73,19
8552,ORD001972,CANCEL,,,
8553,ORD008553,LIMIT,SELL,100.16,73
8554,ORD008554,LIMIT,SELL,101.53,81
8555,ORD008555,LIMIT,SELL,101.06,39
8556,ORD008556,LIMIT,BUY,98.19,80
8557,ORD005029,CANCEL,,,
8558,ORD008558,LIMIT,SELL,99.93,33
8559,ORD008559,LIMIT,SELL,100.99,65
8560,ORD008560,LIMIT,BUY,99.82,42
8561,ORD008561,LIMIT,SELL,101.11,16
8562,ORD008562,MARKET,BUY,,41
8563,ORD008563,LIMIT,SELL,101.86,10
8564,ORD008564,LIMIT,BUY,99.2,73
8565,ORD007104,CANCEL,,,
8566,ORD008566,LIMIT,BUY,99.16,72
8567,ORD004300,CANCEL,,,
8568,ORD008568,MARKET,BUY,,65
8569,ORD003559,CANCEL,,,
8570,ORD008570,LIMIT,SELL,100.1,62
8571,ORD008571,LIMIT,SELL,100.27,96
8572,ORD007978,CANCEL,,,
8573,ORD008573,LIMIT,SELL,99.53,54
8574,ORD008574,LIMIT,SELL,99.57,77
8575,ORD008575,LIMIT,BUY,100.28,78
8576,ORD007935,CANCEL,,,
8577,ORD008254,CANCEL,,,
8578,ORD008578,LIMIT,SELL,101.25,5
8579,ORD008579,LIMIT,BUY,100.12,35
8580,ORD008580,LIMIT,SELL,99.76,22
8581,ORD008581,LIMIT,BUY,98.48,54
8582,ORD008574,CANCEL,,,
8583,ORD008583,LIMIT,BUY,100.46,22
8584,ORD008584,LIMIT,SELL,101.91,66
8585,ORD008585,LIMIT,BUY,98.43,71
8586,ORD008586,LIMIT,BUY,99.76,71
8587,ORD008587,MARKET,SELL,,60
8588,ORD008588,LIMIT,SELL,101.54,97
8589,ORD008589,LIMIT,SELL,101.83,83
8590,ORD001727,CANCEL,,,
8591,ORD008591,LIMIT,SELL,100.48,83
8592,ORD008592,LIMIT,SELL,101.26,69
8593,ORD008593,LIMIT,BUY,98.88,48
8594,ORD007229,CANCEL,,,
8595,ORD008595,LIMIT,SELL,101.27,77
8596,ORD008596,LIMIT,SELL,101.24,28
8597,ORD008597,LIMIT,SELL,101.02,22
8598,ORD008598,LIMIT,BUY,99.25,74
8599,ORD008599,LIMIT,BUY,99.09,61
8600,ORD008600,MARKET,BUY,,76
8601,ORD008601,LIMIT,SELL,100.84,41
8602,ORD003857,CANCEL,,,
8603,ORD008603,LIMIT,BUY,100.44,44
8604,ORD008604,LIMIT,SELL,101.69,68
8605,ORD008605,LIMIT,SELL,101.91,55
8606,ORD008606,LIMIT,SELL,100.27,60
8607,ORD008607,MARKET,SELL,,63
8608,ORD008608,LIMIT,BUY,98.22,12
8609,ORD008609,LIMIT,BUY,99.66,49
8610,ORD008610,LIMIT,SELL,100.82,17
8611,ORD008611,LIMIT,SELL,99.65,45
8612,ORD008612,LIMIT,BUY,98.93,44
8613,ORD003814,CANCEL,,,
8614,ORD008614,LIMIT,SELL,101.41,76
8615,ORD008615,LIMIT,SELL,100.54,88
8616,ORD008616,LIMIT,SELL,100.06,33
8617,ORD008617,LIMIT,SELL,101.37,43
8618,ORD002755,CANCEL,,,
8619,ORD008619,LIMIT,SELL,101.48,82
8620,ORD006903,CANCEL,,,
8621,ORD008621,LIMIT,SELL,101.63,62
8622,ORD008622,LIMIT,BUY,99.41,98
8623,ORD008623,LIMIT,SELL,99.91,80
8624,ORD008624,LIMIT,SELL,100.96,73
8625,ORD008625,MARKET,BUY,,29
8626,ORD008626,LIMIT,SELL,100.59,8
8627,ORD008627,LIMIT,BUY,99.79,17
8628,ORD008628,LIMIT,SELL,100.3,41
8629,ORD008629,MARKET,SELL,,26
8630,ORD008630,LIMIT,SELL,100.12,21
8631,ORD008631,MARKET,SELL,,17
8632,ORD008632,MARKET,BUY,,8
8633,ORD008633,MARKET,BUY,,32
8634,ORD008634,MARKET,SELL,,68
8635,ORD008635,LIMIT,SELL,99.86,23
8636,ORD008636,LIMIT,SELL,101.73,25
8637,ORD008637,LIMIT,BUY,99.78,79
8638,ORD001732,CANCEL,,,
8639,ORD008639,MARKET,SELL,,32
8640,ORD008640,MARKET,BUY,,48
8641,ORD008641,LIMIT,BUY,98.75,54
8642,ORD008642,MARKET,SELL,,24
8643,ORD008643,MARKET,BUY,,61
8644,ORD008644,LIMIT,BUY,99.71,9
8645,ORD003467,CANCEL,,,
8646,ORD008646,LIMIT,SELL,101.31,53
8647,ORD008647,LIMIT,SELL,100.64,54
8648,ORD008648,LIMIT,SELL,100.39,39
8649,ORD008649,LIMIT,BUY,100.25,65
8650,ORD004394,CANCEL,,,
8651,ORD008651,LIMIT,SELL,101.43,93
8652,ORD008537,CANCEL,,,
8653,ORD004818,CANCEL,,,
8654,ORD008654,LIMIT,SELL,100.09,7
8655,ORD008655,LIMIT,BUY,98.62,84
8656,ORD008656,LIMIT,BUY,99.7,9
8657,ORD008657,LIMIT,SELL,101.46,60
8658,ORD004772,CANCEL,,,
8659,ORD008659,LIMIT,SELL,101.49,2
8660,ORD008660,LIMIT,SELL,100.3,16
8661,ORD008661,LIMIT,SELL,100.77,56
8662,ORD008555,CANCEL,,,
8663,ORD008663,LIMIT,SELL,100.11,33
8664,ORD008664,LIMIT,SELL,101.59,75
8665,ORD008665,LIMIT,BUY,98.7,56
8666,ORD008666,LIMIT,SELL,100.36,86
8667,ORD003351,CANCEL,,,
8668,ORD008668,LIMIT,SELL,100.02,60
8669,ORD008669,LIMIT,BUY,98.45,34
8670,ORD008670,LIMIT,BUY,100.23,92
8671,ORD008671,LIMIT,SELL,100.4,11
8672,ORD008672,LIMIT,SELL,99.67,91
8673,ORD008673,LIMIT,SELL,101.54,85
8674,ORD008674,LIMIT,SELL,101.42,19
8675,ORD008675,MARKET,BUY,,10
8676,ORD008676,LIMIT,BUY,98.39,95
8677,ORD008677,LIMIT,SELL,100.33,64
8678,ORD008678,LIMIT,BUY,99.17,63
8679,ORD008679,LIMIT,SELL,99.81,88
8680,ORD008680,LIMIT,SELL,101.37,79
8681,ORD008681,LIMIT,BUY,98.36,83
8682,ORD008682,LIMIT,BUY,100.27,90
8683,ORD007847,CANCEL,,,
8684,ORD008684,LIMIT,BUY,100.25,5
8685,ORD008685,LIMIT,SELL,101.25,55
8686,ORD003540,CANCEL,,,
8687,ORD001890,CANCEL,,,
8688,ORD008688,MARKET,SELL,,63
8689,ORD008689,LIMIT,BUY,99.86,50
8690,ORD008690,LIMIT,SELL,101.61,63
8691,ORD008691,LIMIT,BUY,99.78,86
8692,ORD008692,LIMIT,BUY,99.89,63
8693,ORD008693,LIMIT,SELL,101.9,88
8694,ORD008589,CANCEL,,,
8695,ORD008695,LIMIT,BUY,99.86,15
8696,ORD008696,LIMIT,SELL,101.19,11
8697,ORD008697,LIMIT,SELL,100.96,39
8698,ORD008698,LIMIT,BUY,99.87,50
8699,ORD008699,LIMIT,BUY,100.21,41
8700,ORD005103,CANCEL,,,
8701,ORD008586,CANCEL,,,
8702,ORD003137,CANCEL,,,
8703,ORD008703,LIMIT,SELL,99.97,34
8704,ORD008704,LIMIT,BUY,98.93,78
8705,ORD008705,MARKET,BUY,,19
8706,ORD008706,LIMIT,SELL,100.63,95
8707,ORD008707,LIMIT,SELL,100.88,68
8708,ORD008708,LIMIT,SELL,99.71,55
8709,ORD008709,LIMIT,BUY,99.24,7
8710,ORD008710,LIMIT,BUY,100.19,24
8711,ORD004553,CANCEL,,,
8712,ORD008712,LIMIT,BUY,98.33,1
8713,ORD008713,LIMIT,BUY,99.01,92
8714,ORD008714,LIMIT,BUY,98.51,14
8715,ORD008715,LIMIT,BUY,99.26,55
8716,ORD008716,LIMIT,BUY,98.91,45
8717,ORD008717,MARKET,SELL,,20
8718,ORD000425,CANCEL,,,
8719,ORD008719,LIMIT,SELL,100.02,95
8720,ORD008720,LIMIT,SELL,101.05,38
8721,ORD006554,CANCEL,,,
8722,ORD008722,MARKET,BUY,,39
8723,ORD008723,LIMIT,BUY,99.86,61
8724,ORD008724,LIMIT,BUY,98.77,68
8725,ORD005335,CANCEL,,,
8726,ORD008726,LIMIT,SELL,101.48,17
8727,ORD008727,LIMIT,BUY,100.1,11
8728,ORD005897,CANCEL,,,
8729,ORD008729,MARKET,BUY,,32
8730,ORD008730,LIMIT,BUY,99.07,87
8731,ORD008731,LIMIT,SELL,101.96,18
8732,ORD008732,LIMIT,SELL,101.12,86
8733,ORD008733,MARKET,BUY,,21
8734,ORD008734,LIMIT,BUY,99.99,4
8735,ORD008735,LIMIT,BUY,99.06,51
8736,ORD008736,LIMIT,SELL,100.77,84
8737,ORD008737,LIMIT,SELL,100.32,66
8738,ORD008738,LIMIT,BUY,100.44,63
8739,ORD008739,LIMIT,BUY,99.5,4
8740,ORD008740,LIMIT,SELL,100.36,89
8741,ORD007512,CANCEL,,,
8742,ORD003077,CANCEL,,,
8743,ORD003581,CANCEL,,,
8744,ORD008744,LIMIT,BUY,99.12,89
8745,ORD008745,LIMIT,SELL,100.96,44
8746,ORD007941,CANCEL,,,
8747,ORD008747,MARKET,BUY,,52
8748,ORD008748,LIMIT,BUY,98.17,90
8749,ORD008749,LIMIT,SELL,100.21,80
8750,ORD008750,LIMIT,BUY,98.4,93
8751,ORD008751,LIMIT,BUY,100.25,1
8752,ORD008752,LIMIT,BUY,98.69,60
8753,ORD008753,LIMIT,SELL,99.72,52
8754,ORD008754,LIMIT,SELL,100.6,45
8755,ORD008566,CANCEL,,,
8756,ORD008756,LIMIT,BUY,100.01,50
8757,ORD006282,CANCEL,,,
8758,ORD008758,LIMIT,SELL,100.91,4
8759,ORD008759,LIMIT,BUY,99.4,34
8760,ORD008760,LIMIT,SELL,101.63,33
8761,ORD008761,LIMIT,SELL,101.58,53
8762,ORD008762,LIMIT,BUY,98.59,70
8763,ORD008763,LIMIT,SELL,100.35,100
8764,ORD008764,LIMIT,BUY,99.46,12
8765,ORD008765,LIMIT,SELL,101.36,66
8766,ORD003166,CANCEL,,,
8767,ORD008767,LIMIT,SELL,101.39,97
8768,ORD007949,CANCEL,,,
8769,ORD002143,CANCEL,,,
8770,ORD008770,MARKET,SELL,,82
8771,ORD008771,LIMIT,SELL,100.9,42
8772,ORD008772,MARKET,SELL,,68
8773,ORD008773,LIMIT,BUY,99.1,1
8774,ORD008774,LIMIT,BUY,100.26,82
8775,ORD008775,LIMIT,BUY,98.39,98
8776,ORD008776,LIMIT,SELL,100.69,29
8777,ORD008777,LIMIT,BUY,99.11,38
8778,ORD008778,LIMIT,BUY,98.94,54
8779,ORD008779,LIMIT,SELL,100.95,90
8780,ORD005050,CANCEL,,,
8781,ORD008781,LIMIT,SELL,100.22,25
8782,ORD008782,LIMIT,SELL,100.29,51
8783,ORD008783,LIMIT,BUY,98.19,33
8784,ORD008784,LIMIT,BUY,99.86,44
8785,ORD008785,LIMIT,SELL,101.13,64
8786,ORD008786,LIMIT,BUY,98.13,46
8787,ORD008787,LIMIT,SELL,99.65,21
8788,ORD008788,LIMIT,BUY,99.47,23
8789,ORD008789,LIMIT,SELL,100.18,64
8790,ORD008790,LIMIT,BUY,99.41,67
8791,ORD000464,CANCEL,,,
8792,ORD008792,LIMIT,SELL,101.58,78
8793,ORD008793,MARKET,BUY,,10
8794,ORD008794,LIMIT,BUY,100.31,58
8795,ORD008795,LIMIT,SELL,100.6,98
8796,ORD008796,LIMIT,SELL,100.21,52
8797,ORD008797,LIMIT,BUY,99.59,5
8798,ORD008798,LIMIT,SELL,99.77,68
8799,ORD008799,LIMIT,SELL,100.81,19
8800,ORD000452,CANCEL,,,
8801,ORD008801,LIMIT,BUY,99.35,33
8802,ORD008802,LIMIT,BUY,98.17,12
8803,ORD008803,LIMIT,BUY,98.88,39
8804,ORD008804,LIMIT,BUY,98.42,74
8805,ORD008805,LIMIT,BUY,99.12,80
8806,ORD008806,LIMIT,BUY,98.57,99
8807,ORD006219,CANCEL,,,
8808,ORD008808,LIMIT,SELL,101.97,50
8809,ORD008809,LIMIT,BUY,98.97,22
8810,ORD008810,LIMIT,SELL,101.59,26
8811,ORD008811,MARKET,SELL,,28
8812,ORD008812,LIMIT,SELL,100.83,37
8813,ORD008813,MARKET,BUY,,13
8814,ORD008814,LIMIT,SELL,101.23,73
8815,ORD008815,LIMIT,SELL,99.95,97
8816,ORD008816,LIMIT,BUY,99.18,45
8817,ORD008817,LIMIT,BUY,98.29,29
8818,ORD008818,MARKET,BUY,,61
8819,ORD008819,LIMIT,BUY,100.07,52
8820,ORD008820,MARKET,SELL,,18
8821,ORD008821,LIMIT,BUY,100.19,8
8822,ORD008822,LIMIT,SELL,100.59,5
8823,ORD008823,LIMIT,BUY,100.09,27
8824,ORD008824,LIMIT,SELL,100.82,15
8825,ORD008825,LIMIT,BUY,99.49,85
8826,ORD008826,LIMIT,SELL,101.38,60
8827,ORD008730,CANCEL,,,
8828,ORD008828,LIMIT,SELL,100.15,47
8829,ORD007546,CANCEL,,,
8830,ORD008830,LIMIT,BUY,99.91,46
8831,ORD008831,LIMIT,SELL,100.24,67
8832,ORD008832,LIMIT,SELL,100.55,78
8833,ORD008833,LIMIT,BUY,100.04,47
8834,ORD008834,LIMIT,BUY,98.79,56
8835,ORD008835,LIMIT,BUY,99.36,45
8836,ORD005469,CANCEL,,,
8837,ORD008837,LIMIT,SELL,99.59,48
8838,ORD005128,CANCEL,,,
8839,ORD008839,LIMIT,BUY,99.36,65
8840,ORD008840,LIMIT,BUY,98.56,56
8841,ORD008841,LIMIT,BUY,99.21,66
8842,ORD008842,LIMIT,BUY,99.56,96
8843,ORD008843,LIMIT,SELL,101.22,27
8844,ORD008844,LIMIT,BUY,99.56,47
8845,ORD007701,CANCEL,,,
8846,ORD008846,LIMIT,BUY,98.79,44
8847,ORD008847,LIMIT,BUY,99.34,1
8848,ORD008848,LIMIT,BUY,100.4,87
8849,ORD008849,LIMIT,BUY,98.94,86
8850,ORD008850,LIMIT,SELL,101.29,89
8851,ORD008851,LIMIT,SELL,100.66,95
8852,ORD008852,LIMIT,SELL,99.95,28
8853,ORD008853,LIMIT,BUY,99.39,84
8854,ORD008854,LIMIT,SELL,100.61,89
8855,ORD005999,CANCEL,,,
8856,ORD008371,CANCEL,,,
8857,ORD002231,CANCEL,,,
8858,ORD008858,LIMIT,BUY,99.43,36
8859,ORD007873,CANCEL,,,
8860,ORD008860,LIMIT,BUY,99.75,18
8861,ORD008861,LIMIT,BUY,99.91,51
8862,ORD003496,CANCEL,,,
8863,ORD008863,LIMIT,SELL,99.74,65
8864,ORD008864,LIMIT,SELL,99.66,70
8865,ORD008865,LIMIT,SELL,100.82,31
8866,ORD007683,CANCEL,,,
8867,ORD008520,CANCEL,,,
8868,ORD008868,LIMIT,SELL,100.01,21
8869,ORD008869,LIMIT,SELL,100.32,39
8870,ORD008870,LIMIT,BUY,99.12,97
8871,ORD008871,LIMIT,SELL,99.75,65
8872,ORD008872,LIMIT,SELL,99.73,19
8873,ORD008873,MARKET,SELL,,54
8874,ORD006093,CANCEL,,,
8875,ORD008875,LIMIT,SELL,101.9,27
8876,ORD008876,MARKET,SELL,,88
8877,ORD008877,LIMIT,BUY,99.44,47
8878,ORD008878,LIMIT,BUY,99.98,82
8879,ORD008879,LIMIT,SELL,101.16,51
8880,ORD008880,LIMIT,SELL,99.54,71
8881,ORD008881,LIMIT,BUY,98.39,51
8882,ORD008882,LIMIT,BUY,98.04,27
8883,ORD008883,LIMIT,SELL,99.62,37
8884,ORD008884,LIMIT,SELL,99.7,12
8885,ORD008885,LIMIT,BUY,99.63,29
8886,ORD008886,LIMIT,BUY,98.24,92
8887,ORD008887,LIMIT,BUY,98.59,49
8888,ORD008888,LIMIT,BUY,98.91,41
8889,ORD008889,LIMIT,SELL,100.83,43
8890,ORD008890,LIMIT,SELL,101.74,46
8891,ORD008182,CANCEL,,,
8892,ORD000108,CANCEL,,,
8893,ORD008893,MARKET,SELL,,49
8894,ORD008894,LIMIT,SELL,101.35,8
8895,ORD004940,CANCEL,,,
8896,ORD008896,LIMIT,SELL,99.54,14
8897,ORD008897,LIMIT,SELL,101.57,80
8898,ORD008089,CANCEL,,,
8899,ORD008899,LIMIT,BUY,98.69,4
8900,ORD008900,LIMIT,SELL,100.22,61
8901,ORD008901,LIMIT,BUY,98.37,10
8902,ORD008902,LIMIT,BUY,100.28,36
8903,ORD003215,CANCEL,,,
8904,ORD008904,LIMIT,BUY,99.86,2
8905,ORD008905,LIMIT,BUY,98.04,60
8906,ORD008906,MARKET,SELL,,32
8907,ORD008907,LIMIT,BUY,99.6,96
8908,ORD005218,CANCEL,,,
8909,ORD008909,LIMIT,BUY,98.85,29
8910,ORD008910,LIMIT,BUY,98.2,59
8911,ORD008911,LIMIT,SELL,101.34,9
8912,ORD008731,CANCEL,,,
8913,ORD008913,LIMIT,BUY,99.9,23
8914,ORD008074,CANCEL,,,
8915,ORD008915,LIMIT,BUY,99.63,7
8916,ORD008916,LIMIT,SELL,101.61,51
8917,ORD008917,LIMIT,BUY,98.39,78
8918,ORD008918,LIMIT,SELL,101.63,98
8919,ORD007507,CANCEL,,,
8920,ORD008920,LIMIT,BUY,100.3,9
8921,ORD008921,LIMIT,SELL,100.12,89
8922,ORD008922,MARKET,SELL,,97
8923,ORD003598,CANCEL,,,
8924,ORD008924,LIMIT,BUY,98.6,30
8925,ORD008925,LIMIT,SELL,101.4,87
8926,ORD008926,LIMIT,SELL,100.39,27
8927,ORD008927,LIMIT,SELL,101.33,97
8928,ORD008928,LIMIT,BUY,100.46,67
8929,ORD008929,LIMIT,SELL,100.22,53
8930,ORD008930,LIMIT,BUY,98.12,41
8931,ORD008931,LIMIT,SELL,101.38,35
8932,ORD008932,LIMIT,SELL,100.34,4
8933,ORD008933,LIMIT,BUY,100.28,60
8934,ORD008934,MARKET,BUY,,7
8935,ORD008935,LIMIT,SELL,100.93,30
8936,ORD008936,LIMIT,BUY,99.21,33
8937,ORD008937,MARKET,BUY,,91
8938,ORD008938,LIMIT,SELL,101.72,89
8939,ORD008939,LIMIT,SELL,101.83,97
8940,ORD008940,LIMIT,SELL,101.0,52
8941,ORD008941,LIMIT,BUY,98.55,49
8942,ORD008942,LIMIT,SELL,101.49,34
8943,ORD000303,CANCEL,,,
8944,ORD008944,LIMIT,BUY,99.29,27
8945,ORD008945,LIMIT,BUY,100.14,69
8946,ORD008946,MARKET,SELL,,28
8947,ORD008947,LIMIT,SELL,99.55,51
8948,ORD008948,LIMIT,SELL,100.6,17
8949,ORD008949,LIMIT,SELL,100.22,72
8950,ORD008950,LIMIT,BUY,98.25,26
8951,ORD008951,LIMIT,BUY,98.37,83
8952,ORD008952,LIMIT,BUY,99.22,35
8953,ORD008146,CANCEL,,,
8954,ORD008954,LIMIT,BUY,98.55,27
8955,ORD008955,LIMIT,SELL,100.42,95
8956,ORD008956,MARKET,SELL,,84
8957,ORD008957,LIMIT,SELL,101.0,72
8958,ORD008958,LIMIT,BUY,100.16,12
8959,ORD006677,CANCEL,,,
8960,ORD008960,LIMIT,SELL,100.26,43
8961,ORD008961,LIMIT,SELL,101.67,58
8962,ORD008962,LIMIT,BUY,99.47,79
8963,ORD005163,CANCEL,,,
8964,ORD008964,LIMIT,BUY,98.91,50
8965,ORD008965,LIMIT,SELL,101.86,30
8966,ORD008966,LIMIT,BUY,98.08,26
8967,ORD008967,MARKET,SELL,,61
8968,ORD008968,LIMIT,SELL,101.62,75
8969,ORD001197,CANCEL,,,
8970,ORD008970,LIMIT,BUY,98.27,87
8971,ORD008971,LIMIT,SELL,101.1,28
8972,ORD008324,CANCEL,,,
8973,ORD008973,LIMIT,BUY,100.24,65
8974,ORD008974,LIMIT,SELL,101.5,87
8975,ORD008975,LIMIT,BUY,99.27,24
8976,ORD008976,LIMIT,BUY,98.18,5
8977,ORD008977,LIMIT,SELL,100.89,92
8978,ORD008978,LIMIT,BUY,98.96,62
8979,ORD008979,LIMIT,BUY,98.36,99
8980,ORD008980,LIMIT,BUY,99.23,72
8981,ORD008981,LIMIT,SELL,99.91,74
8982,ORD008982,LIMIT,BUY,99.01,82
8983,ORD008983,LIMIT,BUY,98.87,72
8984,ORD008984,LIMIT,SELL,101.28,8
8985,ORD008985,LIMIT,SELL,101.75,27
8986,ORD004338,CANCEL,,,
8987,ORD008987,LIMIT,SELL,99.55,16
8988,ORD008988,LIMIT,SELL,101.27,13
8989,ORD008989,MARKET,SELL,,8
8990,ORD008990,MARKET,SELL,,57
8991,ORD008991,LIMIT,BUY,99.94,16
8992,ORD005206,CANCEL,,,
8993,ORD008993,LIMIT,BUY,100.48,63
8994,ORD005121,CANCEL,,,
8995,ORD008995,LIMIT,BUY,99.4,85
8996,ORD008996,LIMIT,SELL,101.81,96
8997,ORD008997,LIMIT,SELL,101.35,20
8998,ORD008998,LIMIT,SELL,101.63,77
8999,ORD008999,LIMIT,BUY,99.02,42
9000,ORD009000,LIMIT,SELL,100.42,60
9001,ORD009001,LIMIT,BUY,99.21,9
9002,ORD009002,LIMIT,SELL,100.97,90
9003,ORD006889,CANCEL,,,
9004,ORD009004,LIMIT,BUY,99.73,64
9005,ORD009005,LIMIT,SELL,100.5,99
9006,ORD009006,LIMIT,SELL,100.06,3
9007,ORD009007,LIMIT,BUY,100.39,8
9008,ORD002219,CANCEL,,,
9009,ORD009009,LIMIT,BUY,98.99,64
9010,ORD009010,LIMIT,BUY,100.5,57
9011,ORD002636,CANCEL,,,
9012,ORD009012,LIMIT,SELL,100.57,95
9013,ORD009013,LIMIT,BUY,99.99,38
9014,ORD007258,CANCEL,,,
9015,ORD009015,LIMIT,BUY,98.53,71
9016,ORD009016,LIMIT,SELL,100.52,51
9017,ORD008397,CANCEL,,,
9018,ORD008515,CANCEL,,,
9019,ORD009019,LIMIT,BUY,98.78,10
9020,ORD009020,LIMIT,BUY,98.8,40
9021,ORD009021,LIMIT,SELL,99.82,54
9022,ORD003940,CANCEL,,,
9023,ORD009023,LIMIT,SELL,100.78,84
9024,ORD003132,CANCEL,,,
9025,ORD009025,LIMIT,BUY,100.27,41
9026,ORD009026,MARKET,SELL,,24
9027,ORD009027,LIMIT,BUY,98.07,80
9028,ORD009028,LIMIT,SELL,101.66,20
9029,ORD009029,LIMIT,BUY,99.78,50
9030,ORD009030,LIMIT,SELL,100.22,1
9031,ORD009031,LIMIT,BUY,99.57,84
9032,ORD008383,CANCEL,,,
9033,ORD009033,LIMIT,SELL,100.06,22
9034,ORD009034,LIMIT,SELL,100.67,86
9035,ORD006231,CANCEL,,,
9036,ORD009036,LIMIT,BUY,99.3,43
9037,ORD009037,LIMIT,BUY,98.95,57
9038,ORD009038,LIMIT,SELL,100.33,48
9039,ORD002063,CANCEL,,,
9040,ORD009040,LIMIT,BUY,100.48,45
9041,ORD009041,MARKET,SELL,,21
9042,ORD009042,MARKET,SELL,,52
9043,ORD009043,LIMIT,SELL,99.82,25
9044,ORD009044,LIMIT,SELL,101.83,41
9045,ORD009045,LIMIT,BUY,98.62,56
9046,ORD004893,CANCEL,,,
9047,ORD009047,LIMIT,SELL,99.66,12
9048,ORD009048,LIMIT,SELL,100.41,75
9049,ORD009049,LIMIT,SELL,100.04,23
9050,ORD009050,LIMIT,BUY,100.17,43
9051,ORD009051,LIMIT,BUY,99.56,64
9052,ORD009052,LIMIT,BUY,100.34,54
9053,ORD009053,LIMIT,SELL,100.44,41
9054,ORD007299,CANCEL,,,
9055,ORD009055,LIMIT,SELL,100.12,19
9056,ORD007120,CANCEL,,,
9057,ORD009057,MARKET,SELL,,87
9058,ORD009058,LIMIT,BUY,99.32,14
9059,ORD007432,CANCEL,,,
9060,ORD009060,MARKET,SELL,,72
9061,ORD009061,LIMIT,SELL,101.42,39
9062,ORD009062,LIMIT,BUY,100.24,66
9063,ORD007655,CANCEL,,,
9064,ORD009064,MARKET,BUY,,2
9065,ORD009065,LIMIT,BUY,99.35,76
9066,ORD009066,LIMIT,BUY,99.64,66
9067,ORD002227,CANCEL,,,
9068,ORD009068,LIMIT,BUY,99.78,4
9069,ORD009069,LIMIT,BUY,99.85,89
9070,ORD009070,LIMIT,BUY,100.45,91
9071,ORD009071,LIMIT,SELL,100.98,5
9072,ORD009072,LIMIT,BUY,100.5,13
9073,ORD009073,LIMIT,SELL,100.55,18
9074,ORD009074,LIMIT,BUY,100.39,38
9075,ORD009075,LIMIT,SELL,101.44,19
9076,ORD009076,LIMIT,BUY,99.81,45
9077,ORD009077,LIMIT,BUY,98.4,59
9078,ORD009078,LIMIT,SELL,101.56,34
9079,ORD009079,LIMIT,SELL,101.62,50
9080,ORD006415,CANCEL,,,
9081,ORD003555,CANCEL,,,
9082,ORD009082,LIMIT,SELL,100.42,88
9083,ORD009083,LIMIT,BUY,98.98,63
9084,ORD009084,LIMIT,BUY,98.71,74
9085,ORD009085,LIMIT,BUY,100.32,73
9086,ORD009086,LIMIT,SELL,99.75,35
9087,ORD009087,LIMIT,SELL,101.31,73
9088,ORD009088,LIMIT,BUY,98.33,17
9089,ORD009089,LIMIT,BUY,98.37,35
9090,ORD009090,LIMIT,SELL,99.74,24
9091,ORD009091,LIMIT,BUY,99.42,100
9092,ORD009092,LIMIT,SELL,100.49,65
9093,ORD009093,LIMIT,SELL,100.0,32
9094,ORD009094,LIMIT,BUY,98.92,82
9095,ORD009095,LIMIT,SELL,101.19,61
9096,ORD009096,LIMIT,SELL,101.82,16
9097,ORD009097,LIMIT,BUY,98.96,49
9098,ORD009098,LIMIT,BUY,100.29,54
9099,ORD009099,LIMIT,SELL,99.91,31
9100,ORD009100,MARKET,BUY,,23
9101,ORD009101,LIMIT,BUY,98.31,27
9102,ORD009102,LIMIT,SELL,101.09,61
9103,ORD009103,LIMIT,BUY,100.4,18
9104,ORD009104,MARKET,BUY,,59
9105,ORD009105,LIMIT,BUY,99.41,47
9106,ORD009106,LIMIT,BUY,98.97,98
9107,ORD009107,LIMIT,SELL,101.44,86
9108,ORD009108,LIMIT,BUY,100.1,37
9109,ORD009109,MARKET,BUY,,28
9110,ORD003497,CANCEL,,,
9111,ORD009111,LIMIT,BUY,99.08,85
9112,ORD009112,LIMIT,SELL,101.09,55
9113,ORD009113,LIMIT,SELL,100.14,62
9114,ORD009114,LIMIT,BUY,99.78,13
9115,ORD008467,CANCEL,,,
9116,ORD000105,CANCEL,,,
9117,ORD009117,LIMIT,SELL,100.67,72
9118,ORD000563,CANCEL,,,
9119,ORD009119,LIMIT,SELL,100.69,80
9120,ORD009120,LIMIT,BUY,100.33,37
9121,ORD004402,CANCEL,,,
9122,ORD009122,LIMIT,BUY,98.32,34
9123,ORD008553,CANCEL,,,
9124,ORD009124,LIMIT,SELL,99.95,59
9125,ORD009125,LIMIT,SELL,99.62,14
9126,ORD009126,LIMIT,SELL,99.75,37
9127,ORD009127,LIMIT,SELL,100.07,49
9128,ORD003412,CANCEL,,,
9129,ORD009129,LIMIT,SELL,100.84,70
9130,ORD009130,LIMIT,SELL,101.46,98
9131,ORD009131,LIMIT,SELL,101.75,81
9132,ORD009132,LIMIT,BUY,99.26,77
9133,ORD009133,MARKET,SELL,,50
9134,ORD009134,LIMIT,BUY,98.44,44
9135,ORD009135,LIMIT,BUY,100.43,41
9136,ORD009136,LIMIT,BUY,99.78,91
9137,ORD009137,LIMIT,SELL,101.97,83
9138,ORD009138,LIMIT,BUY,99.9,67
9139,ORD009139,LIMIT,BUY,99.87,11
9140,ORD009140,LIMIT,SELL,100.23,82
9141,ORD009141,LIMIT,BUY,98.16,92
9142,ORD009142,LIMIT,SELL,101.88,43
9143,ORD009143,MARKET,BUY,,36
9144,ORD009144,LIMIT,SELL,100.56,52
9145,ORD009145,LIMIT,SELL,100.38,99
9146,ORD009146,LIMIT,SELL,100.93,91
9147,ORD009147,LIMIT,BUY,99.99,3
9148,ORD007429,CANCEL,,,
9149,ORD009149,LIMIT,BUY,98.24,33
9150,ORD008106,CANCEL,,,
9151,ORD009151,LIMIT,SELL,100.49,41
9152,ORD005751,CANCEL,,,
9153,ORD009153,LIMIT,SELL,101.67,99
9154,ORD009154,LIMIT,BUY,98.99,13
9155,ORD009155,LIMIT,BUY,98.02,92
9156,ORD009156,LIMIT,SELL,100.71,24
9157,ORD009157,LIMIT,BUY,99.68,83
9158,ORD009158,LIMIT,SELL,101.26,17
9159,ORD009159,LIMIT,BUY,100.37,45
9160,ORD002282,CANCEL,,,
9161,ORD009161,LIMIT,BUY,98.16,84
9162,ORD009162,LIMIT,SELL,101.86,42
9163,ORD009163,LIMIT,SELL,101.19,88
9164,ORD009164,LIMIT,SELL,101.76,17
9165,ORD009165,LIMIT,SELL,100.71,7
9166,ORD009166,MARKET,BUY,,91
9167,ORD009167,LIMIT,SELL,100.14,61
9168,ORD009168,LIMIT,BUY,99.71,24
9169,ORD009169,LIMIT,BUY,99.03,85
9170,ORD009170,LIMIT,BUY,98.66,51
9171,ORD009171,LIMIT,SELL,100.74,86
9172,ORD009172,LIMIT,BUY,100.24,96
9173,ORD002212,CANCEL,,,
9174,ORD009174,LIMIT,BUY,98.58,50
9175,ORD009175,LIMIT,BUY,99.84,28
9176,ORD007692,CANCEL,,,
9177,ORD008861,CANCEL,,,
9178,ORD009178,LIMIT,SELL,101.71,42
9179,ORD009179,LIMIT,SELL,100.3,2
9180,ORD009180,LIMIT,BUY,99.65,23
9181,ORD009181,LIMIT,BUY,98.74,60
9182,ORD009182,LIMIT,SELL,100.54,87
9183,ORD009183,LIMIT,BUY,98.95,34
9184,ORD009184,LIMIT,BUY,99.68,31
9185,ORD006397,CANCEL,,,
9186,ORD009186,LIMIT,SELL,101.25,33
9187,ORD009187,LIMIT,BUY,98.16,78
9188,ORD009188,LIMIT,SELL,100.5,3
9189,ORD005014,CANCEL,,,
9190,ORD009190,LIMIT,BUY,98.3,7
9191,ORD009191,LIMIT,BUY,98.14,66
9192,ORD009192,LIMIT,BUY,100.1,65
9193,ORD003168,CANCEL,,,
9194,ORD009194,LIMIT,SELL,101.73,26
9195,ORD009195,LIMIT,SELL,101.98,81
9196,ORD009196,LIMIT,SELL,99.9,81
9197,ORD009197,LIMIT,SELL,100.86,57
9198,ORD009198,LIMIT,BUY,98.75,76
9199,ORD009199,LIMIT,BUY,100.46,89
9200,ORD009200,LIMIT,SELL,101.0,13
9201,ORD009201,LIMIT,BUY,100.35,2
9202,ORD002323,CANCEL,,,
9203,ORD009203,LIMIT,BUY,100.06,28
9204,ORD009204,LIMIT,SELL,99.99,34
9205,ORD009205,MARKET,BUY,,56
9206,ORD009206,MARKET,SELL,,64
9207,ORD009207,LIMIT,BUY,100.48,68
9208,ORD009208,MARKET,SELL,,76
9209,ORD009209,LIMIT,SELL,100.68,86
9210,ORD009210,LIMIT,SELL,101.0,20
9211,ORD009211,LIMIT,SELL,99.82,70
9212,ORD009212,LIMIT,SELL,101.67,56
9213,ORD007883,CANCEL,,,
9214,ORD009214,LIMIT,BUY,100.17,23
9215,ORD009215,LIMIT,BUY,98.89,19
9216,ORD009216,LIMIT,SELL,100.74,48
9217,ORD009217,LIMIT,BUY,100.26,84
9218,ORD009218,LIMIT,SELL,100.53,86
9219,ORD009219,LIMIT,SELL,100.19,47
9220,ORD009220,LIMIT,SELL,101.74,32
9221,ORD000377,CANCEL,,,
9222,ORD009222,LIMIT,BUY,100.37,93
9223,ORD009223,LIMIT,BUY,99.2,52
9224,ORD009224,LIMIT,SELL,101.37,44
9225,ORD009225,LIMIT,BUY,98.03,1
9226,ORD009226,LIMIT,SELL,100.73,34
9227,ORD009227,MARKET,SELL,,28
9228,ORD009228,LIMIT,SELL,101.58,82
9229,ORD009229,LIMIT,SELL,100.05,39
9230,ORD009230,LIMIT,SELL,100.94,30
9231,ORD005702,CANCEL,,,
9232,ORD009232,LIMIT,BUY,100.16,89
9233,ORD009233,LIMIT,BUY,99.54,10
9234,ORD009234,LIMIT,BUY,98.73,71
9235,ORD009235,LIMIT,SELL,101.97,7
9236,ORD009236,LIMIT,BUY,98.72,41
9237,ORD009237,LIMIT,BUY,98.33,54
9238,ORD005692,CANCEL,,,
9239,ORD009239,LIMIT,SELL,99.69,46
9240,ORD009240,LIMIT,SELL,101.94,53
9241,ORD009241,LIMIT,SELL,101.02,12
9242,ORD009242,LIMIT,SELL,101.3,50
9243,ORD009243,LIMIT,BUY,99.61,68
9244,ORD009244,LIMIT,SELL,100.76,77
9245,ORD009245,LIMIT,SELL,101.68,58
9246,ORD002110,CANCEL,,,
9247,ORD009247,LIMIT,SELL,100.16,93
9248,ORD009248,MARKET,SELL,,56
9249,ORD009249,LIMIT,SELL,100.7,62
9250,ORD009250,LIMIT,SELL,101.1,11
9251,ORD005930,CANCEL,,,
9252,ORD009252,LIMIT,SELL,100.46,10
9253,ORD009253,LIMIT,BUY,99.89,67
9254,ORD009254,LIMIT,SELL,101.68,69
9255,ORD009255,LIMIT,BUY,98.47,77
9256,ORD007848,CANCEL,,,
9257,ORD001396,CANCEL,,,
9258,ORD009258,LIMIT,BUY,98.88,15
9259,ORD009259,LIMIT,SELL,100.41,5
9260,ORD009260,LIMIT,BUY,98.69,24
9261,ORD009261,LIMIT,BUY,99.85,61
9262,ORD002427,CANCEL,,,
9263,ORD003484,CANCEL,,,
9264,ORD009264,LIMIT,BUY,99.91,44
9265,ORD009265,LIMIT,SELL,99.99,92
9266,ORD009266,LIMIT,SELL,101.77,75
9267,ORD009267,LIMIT,BUY,100.49,21
9268,ORD009268,LIMIT,BUY,100.29,68
9269,ORD009269,LIMIT,SELL,100.31,61
9270,ORD009270,LIMIT,BUY,99.97,25
9271,ORD009271,LIMIT,SELL,100.97,61
9272,ORD009272,LIMIT,BUY,100.11,53
9273,ORD005864,CANCEL,,,
9274,ORD009274,LIMIT,SELL,100.31,43
9275,ORD009275,LIMIT,BUY,98.73,47
9276,ORD009276,LIMIT,SELL,101.0,21
9277,ORD009277,LIMIT,BUY,98.04,57
9278,ORD009278,LIMIT,BUY,98.37,46
9279,ORD006001,CANCEL,,,
9280,ORD004059,CANCEL,,,
9281,ORD009281,LIMIT,BUY,98.76,11
9282,ORD009282,LIMIT,SELL,99.67,57
9283,ORD009283,LIMIT,SELL,101.5,41
9284,ORD009284,LIMIT,SELL,101.96,86
9285,ORD009285,LIMIT,BUY,99.78,98
9286,ORD009286,LIMIT,BUY,99.85,44
9287,ORD009287,LIMIT,SELL,100.8,80
9288,ORD009288,LIMIT,BUY,99.85,4
9289,ORD009289,LIMIT,BUY,99.02,54
9290,ORD009290,LIMIT,BUY,99.34,41
9291,ORD009291,LIMIT,BUY,99.95,24
9292,ORD009292,LIMIT,SELL,100.92,72
9293,ORD009293,LIMIT,BUY,100.4,74
9294,ORD001744,CANCEL,,,
9295,ORD009295,LIMIT,BUY,98.01,55
9296,ORD009296,LIMIT,BUY,99.32,68
9297,ORD009297,LIMIT,SELL,101.21,65
9298,ORD009298,LIMIT,SELL,101.41,16
9299,ORD009299,LIMIT,BUY,98.99,44
9300,ORD009300,LIMIT,BUY,99.19,48
9301,ORD009301,LIMIT,SELL,100.62,32
9302,ORD009302,LIMIT,SELL,101.53,41
9303,ORD009303,LIMIT,SELL,101.15,46
9304,ORD009304,MARKET,SELL,,43
9305,ORD009305,MARKET,BUY,,70
9306,ORD009306,LIMIT,SELL,99.88,44
9307,ORD009307,LIMIT,SELL,101.46,81
9308,ORD006074,CANCEL,,,
9309,ORD004044,CANCEL,,,
9310,ORD009310,LIMIT,BUY,98.21,8
9311,ORD009311,LIMIT,SELL,99.79,49
9312,ORD007139,CANCEL,,,
9313,ORD007785,CANCEL,,,
9314,ORD009314,MARKET,BUY,,82
9315,ORD009315,LIMIT,SELL,99.72,83
9316,ORD009316,LIMIT,SELL,101.14,6
9317,ORD008508,CANCEL,,,
9318,ORD009318,LIMIT,SELL,99.58,83
9319,ORD009319,LIMIT,BUY,99.19,52
9320,ORD009320,LIMIT,BUY,98.96,78
9321,ORD009321,LIMIT,BUY,99.62,95
9322,ORD009322,LIMIT,BUY,98.56,84
9323,ORD009323,LIMIT,BUY,99.22,22
9324,ORD009324,LIMIT,SELL,101.79,13
9325,ORD009325,LIMIT,BUY,98.16,98
9326,ORD009326,LIMIT,BUY,99.62,79
9327,ORD009327,LIMIT,SELL,100.12,78
9328,ORD001059,CANCEL,,,
9329,ORD009329,LIMIT,SELL,100.98,91
9330,ORD009330,LIMIT,SELL,101.68,93
9331,ORD009331,LIMIT,SELL,99.91,41
9332,ORD000664,CANCEL,,,
9333,ORD009333,LIMIT,SELL,100.59,73
9334,ORD009334,LIMIT,SELL,100.74,2
9335,ORD009335,LIMIT,BUY,100.42,69
9336,ORD009336,LIMIT,BUY,98.04,81
9337,ORD009337,LIMIT,SELL,101.2,71
9338,ORD002077,CANCEL,,,
9339,ORD005924,CANCEL,,,
9340,ORD009340,LIMIT,SELL,99.88,57
9341,ORD009341,LIMIT,BUY,98.55,14
9342,ORD008067,CANCEL,,,
9343,ORD009343,LIMIT,SELL,101.43,21
9344,ORD009344,LIMIT,SELL,101.48,82
9345,ORD009345,LIMIT,SELL,100.41,72
9346,ORD008739,CANCEL,,,
9347,ORD005575,CANCEL,,,
9348,ORD009348,LIMIT,BUY,99.94,13
9349,ORD009349,LIMIT,BUY,98.43,11
9350,ORD009350,LIMIT,SELL,101.74,43
9351,ORD006111,CANCEL,,,
9352,ORD009352,LIMIT,BUY,99.08,37
9353,ORD009353,LIMIT,BUY,99.98,95
9354,ORD009354,LIMIT,SELL,101.15,74
9355,ORD009355,LIMIT,BUY,100.33,60
9356,ORD009356,LIMIT,SELL,100.71,55
9357,ORD004910,CANCEL,,,
9358,ORD009358,LIMIT,BUY,99.49,42
9359,ORD009359,LIMIT,SELL,101.54,86
9360,ORD009360,LIMIT,SELL,101.19,40
9361,ORD009361,MARKET,SELL,,22
9362,ORD009362,LIMIT,BUY,98.48,20
9363,ORD009363,LIMIT,SELL,100.89,19
9364,ORD009364,LIMIT,SELL,101.58,27
9365,ORD009365,LIMIT,BUY,98.9,10
9366,ORD009366,LIMIT,SELL,99.83,81
9367,ORD009367,LIMIT,BUY,98.85,48
9368,ORD009368,LIMIT,BUY,98.68,68
9369,ORD009369,LIMIT,BUY,99.18,20
9370,ORD009370,LIMIT,BUY,99.73,24
9371,ORD009371,LIMIT,BUY,100.34,94
9372,ORD009372,LIMIT,BUY,98.4,32
9373,ORD009373,LIMIT,SELL,100.62,93
9374,ORD009374,LIMIT,SELL,101.04,65
9375,ORD009375,LIMIT,BUY,100.11,98
9376,ORD009376,LIMIT,SELL,100.64,38
9377,ORD009377,LIMIT,BUY,98.72,78
9378,ORD009378,LIMIT,BUY,99.22,82
9379,ORD009379,LIMIT,BUY,100.07,97
9380,ORD009380,LIMIT,SELL,101.27,78
9381,ORD009381,LIMIT,BUY,98.83,52
9382,ORD009382,LIMIT,SELL,100.02,24
9383,ORD002633,CANCEL,,,
9384,ORD009384,LIMIT,BUY,99.21,77
9385,ORD005780,CANCEL,,,
9386,ORD009386,LIMIT,BUY,99.34,25
9387,ORD006900,CANCEL,,,
9388,ORD009388,LIMIT,BUY,98.26,52
9389,ORD009389,LIMIT,BUY,99.06,69
9390,ORD003537,CANCEL,,,
9391,ORD009391,LIMIT,BUY,100.09,95
9392,ORD009392,LIMIT,SELL,99.68,46
9393,ORD009393,LIMIT,BUY,99.36,13
9394,ORD009394,LIMIT,BUY,98.22,41
9395,ORD009395,MARKET,BUY,,49
9396,ORD009396,LIMIT,BUY,100.12,31
9397,ORD009397,MARKET,SELL,,51
9398,ORD003993,CANCEL,,,
9399,ORD009399,LIMIT,BUY,98.78,64
9400,ORD009400,LIMIT,BUY,100.31,44
9401,ORD004111,CANCEL,,,
9402,ORD009402,LIMIT,SELL,99.75,100
9403,ORD009403,LIMIT,BUY,98.31,8
9404,ORD009404,MARKET,BUY,,62
9405,ORD009405,LIMIT,SELL,99.54,18
9406,ORD009406,MARKET,BUY,,79
9407,ORD009407,LIMIT,SELL,101.89,68
9408,ORD009408,MARKET,SELL,,69
9409,ORD009409,LIMIT,BUY,99.39,87
9410,ORD009410,LIMIT,BUY,99.11,29
9411,ORD009411,MARKET,BUY,,88
9412,ORD009412,LIMIT,BUY,99.89,75
9413,ORD000655,CANCEL,,,
9414,ORD009414,MARKET,BUY,,7
9415,ORD009415,LIMIT,SELL,101.49,62
9416,ORD004716,CANCEL,,,
9417,ORD009417,LIMIT,SELL,100.78,42
9418,ORD009418,LIMIT,SELL,101.29,68
9419,ORD009419,LIMIT,BUY,99.15,69
9420,ORD007085,CANCEL,,,
9421,ORD009421,LIMIT,BUY,100.07,23
9422,ORD008785,CANCEL,,,
9423,ORD009423,LIMIT,BUY,98.82,5
9424,ORD005882,CANCEL,,,
9425,ORD009425,LIMIT,SELL,101.71,38
9426,ORD009426,LIMIT,BUY,99.0,40
9427,ORD009427,LIMIT,SELL,99.63,61
9428,ORD009428,LIMIT,BUY,98.67,55
9429,ORD009429,LIMIT,SELL,101.59,31
9430,ORD009430,LIMIT,SELL,101.1,47
9431,ORD009431,LIMIT,SELL,100.34,32
9432,ORD009432,MARKET,SELL,,95
9433,ORD009433,LIMIT,SELL,101.04,7
9434,ORD009434,LIMIT,BUY,98.36,81
9435,ORD009435,LIMIT,BUY,100.48,91
9436,ORD009436,LIMIT,SELL,100.09,97
9437,ORD009437,LIMIT,SELL,100.16,15
9438,ORD006814,CANCEL,,,
9439,ORD009439,LIMIT,BUY,99.69,27
9440,ORD009440,LIMIT,BUY,99.09,23
9441,ORD009441,MARKET,SELL,,73
9442,ORD009442,LIMIT,SELL,99.83,50
9443,ORD009443,LIMIT,BUY,98.95,38
9444,ORD004330,CANCEL,,,
9445,ORD000508,CANCEL,,,
9446,ORD002844,CANCEL,,,
9447,ORD009447,LIMIT,BUY,99.46,41
9448,ORD009448,MARKET,SELL,,98
9449,ORD007539,CANCEL,,,
9450,ORD002584,CANCEL,,,
9451,ORD009451,MARKET,BUY,,97
9452,ORD009452,LIMIT,SELL,101.49,30
9453,ORD009453,LIMIT,BUY,100.49,47
9454,ORD009454,LIMIT,BUY,99.08,47
9455,ORD003344,CANCEL,,,
9456,ORD009456,LIMIT,BUY,98.46,68
9457,ORD009457,LIMIT,SELL,99.74,51
9458,ORD009458,MARKET,SELL,,38
9459,ORD009459,LIMIT,BUY,99.11,57
9460,ORD009460,LIMIT,SELL,100.42,11
9461,ORD009461,LIMIT,BUY,99.78,88
9462,ORD009462,LIMIT,SELL,101.19,45
9463,ORD003618,CANCEL,,,
9464,ORD009464,LIMIT,SELL,100.81,91
9465,ORD009465,LIMIT,BUY,99.82,32
9466,ORD003276,CANCEL,,,
9467,ORD009467,MARKET,BUY,,34
9468,ORD006115,CANCEL,,,
9469,ORD006547,CANCEL,,,
9470,ORD009470,LIMIT,SELL,101.72,54
9471,ORD009471,LIMIT,BUY,100.34,57
9472,ORD009004,CANCEL,,,
9473,ORD009473,MARKET,SELL,,1
9474,ORD009474,LIMIT,SELL,100.28,41
9475,ORD009475,LIMIT,SELL,101.54,25
9476,ORD009476,LIMIT,BUY,99.99,64
9477,ORD009477,LIMIT,BUY,98.97,27
9478,ORD009478,LIMIT,BUY,99.68,58
9479,ORD009479,LIMIT,BUY,99.66,67
9480,ORD009480,LIMIT,BUY,98.07,32
9481,ORD009481,LIMIT,SELL,100.39,55
9482,ORD009482,MARKET,BUY,,9
9483,ORD009483,LIMIT,SELL,99.82,52
9484,ORD009484,LIMIT,SELL,101.9,38
9485,ORD008367,CANCEL,,,
9486,ORD009486,LIMIT,BUY,99.72,39
9487,ORD009487,LIMIT,BUY,98.63,61
9488,ORD009488,LIMIT,SELL,101.86,19
9489,ORD009489,LIMIT,BUY,100.38,8
9490,ORD009490,LIMIT,SELL,99.68,11
9491,ORD009491,LIMIT,SELL,100.06,77
9492,ORD009492,LIMIT,BUY,98.84,20
9493,ORD009493,LIMIT,SELL,99.87,97
9494,ORD009494,LIMIT,SELL,99.97,30
9495,ORD008528,CANCEL,,,
9496,ORD009496,LIMIT,SELL,100.29,56
9497,ORD007001,CANCEL,,,
9498,ORD009498,LIMIT,SELL,101.23,28
9499,ORD009499,LIMIT,BUY,99.6,38
9500,ORD009500,LIMIT,BUY,99.89,2
9501,ORD009501,LIMIT,BUY,99.34,74
9502,ORD009502,LIMIT,SELL,100.44,15
9503,ORD009503,LIMIT,BUY,98.69,90
9504,ORD009504,LIMIT,SELL,100.72,64
9505,ORD009505,LIMIT,SELL,100.43,84
9506,ORD009506,LIMIT,SELL,101.4,62
9507,ORD008440,CANCEL,,,
9508,ORD009508,LIMIT,SELL,101.88,31
9509,ORD009186,CANCEL,,,
9510,ORD009510,MARKET,SELL,,1
9511,ORD009511,LIMIT,BUY,98.21,96
9512,ORD007061,CANCEL,,,
9513,ORD009513,LIMIT,SELL,99.54,80
9514,ORD009514,LIMIT,BUY,99.97,46
9515,ORD007394,CANCEL,,,
9516,ORD009516,LIMIT,BUY,99.33,58
9517,ORD009517,LIMIT,SELL,99.62,27
9518,ORD009518,LIMIT,BUY,99.07,82
9519,ORD007347,CANCEL,,,
9520,ORD009520,LIMIT,BUY,99.8,82
9521,ORD009521,LIMIT,SELL,100.72,83
9522,ORD009522,LIMIT,BUY,99.33,95
9523,ORD009523,LIMIT,BUY,100.0,12
9524,ORD009524,LIMIT,BUY,100.05,59
9525,ORD009525,LIMIT,SELL,101.7,20
9526,ORD009526,LIMIT,BUY,100.39,24
9527,ORD009527,LIMIT,SELL,100.37,89
9528,ORD009528,LIMIT,BUY,98.86,97
9529,ORD009529,LIMIT,BUY,99.72,90
9530,ORD006082,CANCEL,,,
9531,ORD006358,CANCEL,,,
9532,ORD009532,LIMIT,SELL,100.74,19
9533,ORD009533,LIMIT,SELL,100.73,33
9534,ORD003188,CANCEL,,,
9535,ORD009535,LIMIT,SELL,99.53,33
9536,ORD008628,CANCEL,,,
9537,ORD009537,LIMIT,SELL,100.42,66
9538,ORD009538,LIMIT,SELL,99.63,85
9539,ORD009539,LIMIT,BUY,100.12,43
9540,ORD009540,LIMIT,BUY,99.44,46
9541,ORD009541,LIMIT,SELL,101.5,91
9542,ORD009542,LIMIT,SELL,101.46,63
9543,ORD009543,LIMIT,SELL,100.06,93
9544,ORD009544,LIMIT,SELL,101.46,10
9545,ORD004164,CANCEL,,,
9546,ORD006963,CANCEL,,,
9547,ORD002590,CANCEL,,,
9548,ORD009548,MARKET,BUY,,4
9549,ORD009549,LIMIT,BUY,99.91,6
9550,ORD006076,CANCEL,,,
9551,ORD009551,LIMIT,SELL,101.58,37
9552,ORD009552,LIMIT,BUY,98.35,94
9553,ORD005559,CANCEL,,,
9554,ORD009554,LIMIT,BUY,99.96,68
9555,ORD009555,MARKET,SELL,,99
9556,ORD009556,LIMIT,SELL,101.58,14
9557,ORD009557,LIMIT,BUY,100.44,72
9558,ORD009558,LIMIT,BUY,98.42,29
9559,ORD009559,LIMIT,BUY,100.37,71
9560,ORD007757,CANCEL,,,
9561,ORD009561,LIMIT,BUY,100.02,27
9562,ORD009562,LIMIT,SELL,100.08,58
9563,ORD009563,LIMIT,SELL,101.0,72
9564,ORD009564,LIMIT,BUY,98.49,82
9565,ORD009565,LIMIT,SELL,101.51,70
9566,ORD005481,CANCEL,,,
9567,ORD009567,MARKET,SELL,,33
9568,ORD009568,LIMIT,SELL,101.61,41
9569,ORD009569,LIMIT,SELL,101.71,2
9570,ORD005651,CANCEL,,,
9571,ORD009571,LIMIT,SELL,100.77,17
9572,ORD009572,LIMIT,SELL,99.75,16
9573,ORD009573,LIMIT,BUY,100.03,73
9574,ORD009574,LIMIT,BUY,98.81,18
9575,ORD009575,LIMIT,SELL,100.98,71
9576,ORD009576,LIMIT,SELL,101.34,29
9577,ORD009577,LIMIT,SELL,100.24,42
9578,ORD009578,LIMIT,BUY,98.08,99
9579,ORD008262,CANCEL,,,
9580,ORD009580,MARKET,SELL,,85
9581,ORD009581,LIMIT,BUY,98.58,13
9582,ORD009582,LIMIT,BUY,99.74,14
9583,ORD009583,LIMIT,SELL,100.05,77
9584,ORD009584,LIMIT,BUY,100.1,33
9585,ORD009585,LIMIT,BUY,99.56,60
9586,ORD005345,CANCEL,,,
9587,ORD009587,MARKET,BUY,,13
9588,ORD009588,LIMIT,BUY,100.24,37
9589,ORD009589,LIMIT,SELL,99.61,19
9590,ORD009590,LIMIT,SELL,100.18,89
9591,ORD009591,LIMIT,SELL,100.18,62
9592,ORD009592,LIMIT,SELL,101.8,8
9593,ORD009593,LIMIT,SELL,100.94,78
9594,ORD005407,CANCEL,,,
9595,ORD009595,LIMIT,SELL,99.8,4
9596,ORD009596,LIMIT,BUY,99.87,5
9597,ORD009597,LIMIT,SELL,101.15,78
9598,ORD005680,CANCEL,,,
9599,ORD009599,MARKET,SELL,,69
9600,ORD008311,CANCEL,,,
9601,ORD009601,LIMIT,SELL,100.59,91
9602,ORD009602,LIMIT,BUY,99.12,38
9603,ORD009603,LIMIT,BUY,98.65,82
9604,ORD009604,LIMIT,BUY,100.3,89
9605,ORD009605,LIMIT,SELL,101.97,2
9606,ORD009606,MARKET,BUY,,94
9607,ORD009607,LIMIT,SELL,101.0,77
9608,ORD009608,LIMIT,BUY,98.06,29
9609,ORD009609,LIMIT,BUY,98.08,95
9610,ORD009610,LIMIT,BUY,99.2,74
9611,ORD006010,CANCEL,,,
9612,ORD009612,LIMIT,SELL,100.4,67
9613,ORD009613,MARKET,BUY,,38
9614,ORD006579,CANCEL,,,
9615,ORD009615,LIMIT,SELL,100.13,60
9616,ORD009616,LIMIT,BUY,100.42,57
9617,ORD009617,LIMIT,SELL,100.21,71
9618,ORD009618,LIMIT,BUY,98.99,18
9619,ORD009619,MARKET,SELL,,25
9620,ORD009620,LIMIT,SELL,101.35,12
9621,ORD009621,LIMIT,BUY,100.23,50
9622,ORD009622,MARKET,SELL,,87
9623,ORD007136,CANCEL,,,
9624,ORD009624,LIMIT,SELL,100.35,3
9625,ORD009625,LIMIT,BUY,98.64,81
9626,ORD009626,LIMIT,SELL,101.51,99
9627,ORD009627,LIMIT,SELL,101.55,13
9628,ORD009628,LIMIT,BUY,98.39,32
9629,ORD008907,CANCEL,,,
9630,ORD009630,LIMIT,BUY,98.77,49
9631,ORD009565,CANCEL,,,
9632,ORD009632,LIMIT,SELL,100.98,37
9633,ORD009633,LIMIT,BUY,98.77,86
9634,ORD009634,LIMIT,BUY,99.93,12
9635,ORD009635,LIMIT,BUY,99.58,35
9636,ORD009636,LIMIT,SELL,101.83,77
9637,ORD009637,LIMIT,BUY,99.14,92
9638,ORD009638,LIMIT,BUY,98.67,39
9639,ORD009639,MARKET,SELL,,1
9640,ORD009640,LIMIT,SELL,101.63,70
9641,ORD009641,LIMIT,SELL,101.93,75
9642,ORD006524,CANCEL,,,
9643,ORD009643,LIMIT,SELL,101.11,62
9644,ORD009644,LIMIT,SELL,101.1,62
9645,ORD009645,LIMIT,SELL,100.68,27
9646,ORD009646,LIMIT,BUY,98.69,19
9647,ORD009647,LIMIT,BUY,99.14,55
9648,ORD008760,CANCEL,,,
9649,ORD009649,LIMIT,SELL,100.58,89
9650,ORD009650,LIMIT,BUY,98.2,16
9651,ORD009651,LIMIT,SELL,101.6,17
9652,ORD009652,LIMIT,BUY,99.09,75
9653,ORD009653,LIMIT,BUY,98.89,97
9654,ORD009654,LIMIT,SELL,99.57,48
9655,ORD009655,LIMIT,SELL,100.03,94
9656,ORD009656,LIMIT,SELL,101.15,36
9657,ORD009657,LIMIT,SELL,101.79,15
9658,ORD009658,LIMIT,SELL,101.61,60
9659,ORD009659,LIMIT,BUY,98.91,96
9660,ORD002847,CANCEL,,,
9661,ORD009661,LIMIT,SELL,100.21,82
9662,ORD009662,LIMIT,SELL,100.31,48
9663,ORD009663,LIMIT,BUY,100.37,35
9664,ORD009664,LIMIT,SELL,101.33,91
9665,ORD009665,LIMIT,SELL,101.58,97
9666,ORD009666,LIMIT,BUY,98.85,35
9667,ORD009667,LIMIT,BUY,100.46,4
9668,ORD009668,LIMIT,SELL,101.45,88
9669,ORD009669,LIMIT,SELL,100.68,68
9670,ORD009670,LIMIT,BUY,99.43,87
9671,ORD009671,MARKET,SELL,,92
9672,ORD009672,LIMIT,SELL,101.66,95
9673,ORD009673,LIMIT,SELL,99.56,53
9674,ORD009674,LIMIT,BUY,98.47,60
9675,ORD009675,LIMIT,SELL,99.93,99
9676,ORD009676,LIMIT,SELL,100.4,8
9677,ORD009677,LIMIT,SELL,100.58,29
9678,ORD009678,LIMIT,SELL,100.14,36
9679,ORD009679,LIMIT,SELL,100.91,9
9680,ORD009680,LIMIT,SELL,101.2,75
9681,ORD009681,LIMIT,SELL,100.36,23
9682,ORD009682,LIMIT,BUY,98.18,55
9683,ORD009683,LIMIT,BUY,99.27,27
9684,ORD001861,CANCEL,,,
9685,ORD002355,CANCEL,,,
9686,ORD006794,CANCEL,,,
9687,ORD009687,LIMIT,BUY,100.37,62
9688,ORD009688,LIMIT,BUY,99.08,92
9689,ORD006377,CANCEL,,,
9690,ORD009690,LIMIT,BUY,98.23,49
9691,ORD009691,LIMIT,SELL,101.03,16
9692,ORD009692,LIMIT,BUY,98.75,34
9693,ORD002481,CANCEL,,,
9694,ORD009694,LIMIT,BUY,100.48,13
9695,ORD009695,LIMIT,SELL,99.74,11
9696,ORD009696,LIMIT,BUY,100.07,73
9697,ORD009697,LIMIT,BUY,99.51,50
9698,ORD009698,LIMIT,SELL,100.13,28
9699,ORD009699,LIMIT,SELL,100.89,27
9700,ORD009700,LIMIT,SELL,101.19,37
9701,ORD009701,LIMIT,SELL,100.69,62
9702,ORD009702,MARKET,SELL,,32
9703,ORD004763,CANCEL,,,
9704,ORD009704,LIMIT,SELL,101.21,11
9705,ORD009705,LIMIT,BUY,99.0,46
9706,ORD007153,CANCEL,,,
9707,ORD009707,LIMIT,BUY,99.54,19
9708,ORD009708,LIMIT,SELL,101.26,32
9709,ORD009709,LIMIT,BUY,99.4,60
9710,ORD009710,LIMIT,SELL,100.1,66
9711,ORD009711,LIMIT,SELL,99.7,22
9712,ORD009712,LIMIT,SELL,100.77,62
9713,ORD009713,LIMIT,SELL,99.71,38
9714,ORD007826,CANCEL,,,
9715,ORD009715,LIMIT,BUY,100.17,49
9716,ORD009716,LIMIT,SELL,100.29,29
9717,ORD009634,CANCEL,,,
9718,ORD000988,CANCEL,,,
9719,ORD009719,MARKET,SELL,,2
9720,ORD009720,LIMIT,BUY,98.34,100
9721,ORD009721,LIMIT,BUY,98.62,8
9722,ORD009722,LIMIT,BUY,99.09,13
9723,ORD009723,LIMIT,SELL,100.39,4
9724,ORD005272,CANCEL,,,
9725,ORD009725,LIMIT,BUY,98.08,15
9726,ORD009726,LIMIT,SELL,100.61,29
9727,ORD009727,LIMIT,BUY,99.19,89
9728,ORD002417,CANCEL,,,
9729,ORD009729,LIMIT,SELL,99.98,58
9730,ORD009730,LIMIT,BUY,100.5,1
9731,ORD003255,CANCEL,,,
9732,ORD009732,LIMIT,SELL,100.03,77
9733,ORD009733,MARKET,BUY,,1
9734,ORD006539,CANCEL,,,
9735,ORD009735,LIMIT,SELL,101.57,71
9736,ORD009736,LIMIT,BUY,98.4,93
9737,ORD009737,MARKET,SELL,,1
9738,ORD009738,LIMIT,BUY,98.84,89
9739,ORD009739,MARKET,SELL,,84
9740,ORD009740,LIMIT,BUY,98.68,44
9741,ORD009741,LIMIT,BUY,100.07,11
9742,ORD001459,CANCEL,,,
9743,ORD009743,LIMIT,BUY,98.85,11
9744,ORD009744,LIMIT,BUY,99.77,74
9745,ORD009745,MARKET,SELL,,20
9746,ORD009746,LIMIT,BUY,99.76,36
9747,ORD009747,LIMIT,SELL,101.02,54
9748,ORD007128,CANCEL,,,
9749,ORD009749,LIMIT,SELL,100.29,45
9750,ORD006307,CANCEL,,,
9751,ORD006846,CANCEL,,,
9752,ORD009752,LIMIT,SELL,100.47,34
9753,ORD009753,LIMIT,SELL,101.45,98
9754,ORD009754,LIMIT,SELL,101.35,21
9755,ORD009755,LIMIT,SELL,99.79,72
9756,ORD009756,LIMIT,BUY,98.92,72
9757,ORD002664,CANCEL,,,
9758,ORD009758,LIMIT,SELL,100.73,72
9759,ORD009355,CANCEL,,,
9760,ORD009760,LIMIT,SELL,100.32,6
9761,ORD009761,MARKET,SELL,,39
9762,ORD009762,LIMIT,SELL,101.06,34
9763,ORD009763,LIMIT,SELL,101.07,68
9764,ORD009764,LIMIT,SELL,99.66,16
9765,ORD009765,LIMIT,SELL,101.7,53
9766,ORD009766,MARKET,SELL,,19
9767,ORD009767,LIMIT,SELL,101.16,15
9768,ORD009768,LIMIT,BUY,98.96,69
9769,ORD000687,CANCEL,,,
9770,ORD002700,CANCEL,,,
9771,ORD009771,LIMIT,BUY,99.44,20
9772,ORD009772,LIMIT,BUY,99.63,60
9773,ORD009773,LIMIT,BUY,98.78,16
9774,ORD009774,LIMIT,BUY,98.07,64
9775,ORD009775,LIMIT,BUY,100.18,45
9776,ORD009776,LIMIT,BUY,99.34,1
9777,ORD008819,CANCEL,,,
9778,ORD009778,LIMIT,SELL,100.21,48
9779,ORD009779,LIMIT,SELL,101.06,62
9780,ORD009780,LIMIT,BUY,99.22,89
9781,ORD004445,CANCEL,,,
9782,ORD009782,LIMIT,BUY,98.58,76
9783,ORD009783,LIMIT,SELL,101.88,76
9784,ORD009784,LIMIT,BUY,99.13,23
9785,ORD009785,LIMIT,SELL,99.99,60
9786,ORD009786,LIMIT,SELL,99.64,68
9787,ORD009787,LIMIT,BUY,99.93,45
9788,ORD009788,LIMIT,SELL,101.22,81
9789,ORD009789,LIMIT,SELL,101.62,70
9790,ORD004741,CANCEL,,,
9791,ORD009791,LIMIT,BUY,99.01,17
9792,ORD005392,CANCEL,,,
9793,ORD009793,LIMIT,BUY,99.35,20
9794,ORD009794,LIMIT,BUY,100.12,84
9795,ORD001910,CANCEL,,,
9796,ORD009796,LIMIT,SELL,100.64,29
9797,ORD009797,LIMIT,SELL,101.71,80
9798,ORD003693,CANCEL,,,
9799,ORD009799,LIMIT,SELL,100.59,53
9800,ORD008249,CANCEL,,,
9801,ORD009801,LIMIT,SELL,100.49,96
9802,ORD002091,CANCEL,,,
9803,ORD007599,CANCEL,,,
9804,ORD009804,LIMIT,SELL,99.97,19
9805,ORD009805,LIMIT,BUY,100.18,47
9806,ORD001033,CANCEL,,,
9807,ORD009807,MARKET,SELL,,57
9808,ORD009808,LIMIT,SELL,101.56,84
9809,ORD009809,LIMIT,SELL,101.54,69
9810,ORD009810,LIMIT,SELL,101.39,7
9811,ORD009811,LIMIT,SELL,100.85,66
9812,ORD009812,LIMIT,BUY,99.89,73
9813,ORD009813,LIMIT,BUY,98.69,8
9814,ORD009814,LIMIT,SELL,101.29,1
9815,ORD009815,LIMIT,SELL,100.46,73
9816,ORD009816,LIMIT,BUY,99.56,1
9817,ORD009817,LIMIT,SELL,101.94,82
9818,ORD009818,LIMIT,SELL,101.55,8
9819,ORD009819,LIMIT,BUY,99.64,74
9820,ORD008925,CANCEL,,,
9821,ORD009821,LIMIT,SELL,99.97,88
9822,ORD009822,LIMIT,BUY,99.58,7
9823,ORD009823,LIMIT,BUY,99.36,42
9824,ORD009824,LIMIT,SELL,100.02,70
9825,ORD009825,LIMIT,BUY,98.45,40
9826,ORD004476,CANCEL,,,
9827,ORD009827,LIMIT,SELL,100.61,45
9828,ORD009828,MARKET,BUY,,89
9829,ORD007616,CANCEL,,,
9830,ORD007741,CANCEL,,,
9831,ORD009831,LIMIT,BUY,98.39,60
9832,ORD008692,CANCEL,,,
9833,ORD009833,LIMIT,SELL,101.95,45
9834,ORD007626,CANCEL,,,
9835,ORD003636,CANCEL,,,
9836,ORD009836,MARKET,SELL,,4
9837,ORD009837,LIMIT,BUY,98.25,3
9838,ORD009838,LIMIT,BUY,99.58,6
9839,ORD009839,MARKET,SELL,,55
9840,ORD009840,LIMIT,BUY,99.93,61
9841,ORD009841,LIMIT,BUY,98.96,74
9842,ORD009842,LIMIT,SELL,100.78,79
9843,ORD009843,LIMIT,BUY,98.45,27
9844,ORD009844,LIMIT,SELL,100.42,26
9845,ORD009845,LIMIT,BUY,98.37,16
9846,ORD009846,LIMIT,BUY,98.74,12
9847,ORD006920,CANCEL,,,
9848,ORD009848,LIMIT,BUY,100.23,50
9849,ORD009849,LIMIT,BUY,98.52,55
9850,ORD009850,MARKET,BUY,,40
9851,ORD009851,LIMIT,SELL,100.99,36
9852,ORD009852,LIMIT,SELL,99.79,5
9853,ORD009853,LIMIT,SELL,101.79,49
9854,ORD009854,LIMIT,BUY,99.54,75
9855,ORD009855,LIMIT,SELL,100.1,87
9856,ORD009856,LIMIT,BUY,98.7,27
9857,ORD009857,LIMIT,BUY,99.31,98
9858,ORD009858,MARKET,SELL,,19
9859,ORD009859,LIMIT,BUY,98.65,4
9860,ORD009860,LIMIT,BUY,99.37,56
9861,ORD009861,LIMIT,SELL,100.67,64
9862,ORD009862,MARKET,SELL,,21
9863,ORD009863,LIMIT,SELL,101.01,55
9864,ORD009864,LIMIT,BUY,100.43,63
9865,ORD002216,CANCEL,,,
9866,ORD009866,LIMIT,BUY,100.21,6
9867,ORD009867,MARKET,BUY,,75
9868,ORD009868,LIMIT,SELL,99.63,88
9869,ORD009869,LIMIT,BUY,100.31,18
9870,ORD009596,CANCEL,,,
9871,ORD009871,LIMIT,SELL,100.51,68
9872,ORD009872,LIMIT,BUY,99.63,55
9873,ORD009873,MARKET,SELL,,49
9874,ORD009874,LIMIT,SELL,100.76,68
9875,ORD004469,CANCEL,,,
9876,ORD009876,LIMIT,BUY,100.16,48
9877,ORD006232,CANCEL,,,
9878,ORD009878,LIMIT,BUY,99.94,87
9879,ORD009879,LIMIT,BUY,98.71,86
9880,ORD009880,LIMIT,SELL,100.61,28
9881,ORD002354,CANCEL,,,
9882,ORD009882,LIMIT,SELL,99.51,70
9883,ORD009883,LIMIT,SELL,100.15,68
9884,ORD009884,LIMIT,BUY,100.0,35
9885,ORD009885,LIMIT,BUY,99.04,41
9886,ORD009886,LIMIT,SELL,101.09,50
9887,ORD003203,CANCEL,,,
9888,ORD009888,LIMIT,BUY,99.06,94
9889,ORD009889,LIMIT,BUY,99.6,74
9890,ORD009890,LIMIT,SELL,99.56,64
9891,ORD009891,LIMIT,BUY,98.53,68
9892,ORD007267,CANCEL,,,
9893,ORD009893,LIMIT,BUY,98.32,95
9894,ORD009894,MARKET,SELL,,11
9895,ORD009895,LIMIT,SELL,101.88,13
9896,ORD009896,LIMIT,SELL,99.69,22
9897,ORD009897,LIMIT,BUY,99.67,50
9898,ORD009898,LIMIT,SELL,101.01,93
9899,ORD009899,LIMIT,BUY,99.24,70
9900,ORD005582,CANCEL,,,
9901,ORD009901,LIMIT,BUY,100.16,62
9902,ORD009902,MARKET,BUY,,40
9903,ORD009903,LIMIT,SELL,101.29,52
9904,ORD009904,LIMIT,BUY,98.83,58
9905,ORD009905,LIMIT,SELL,101.0,90
9906,ORD009906,LIMIT,SELL,100.36,17
9907,ORD009907,LIMIT,SELL,100.25,34
9908,ORD009908,LIMIT,SELL,99.94,23
9909,ORD009909,LIMIT,BUY,98.41,92
9910,ORD009910,MARKET,SELL,,86
9911,ORD006954,CANCEL,,,
9912,ORD009912,LIMIT,SELL,100.79,57
9913,ORD009913,LIMIT,BUY,99.68,68
9914,ORD009914,LIMIT,BUY,100.01,69
9915,ORD009915,LIMIT,SELL,100.4,33
9916,ORD009916,LIMIT,SELL,100.53,56
9917,ORD009917,LIMIT,BUY,99.0,64
9918,ORD009918,LIMIT,BUY,98.78,63
9919,ORD009919,LIMIT,BUY,100.08,75
9920,ORD004156,CANCEL,,,
9921,ORD009921,MARKET,SELL,,52
9922,ORD002701,CANCEL,,,
9923,ORD008584,CANCEL,,,
9924,ORD009924,LIMIT,SELL,101.09,5
9925,ORD009925,MARKET,SELL,,78
9926,ORD009926,MARKET,BUY,,77
9927,ORD008088,CANCEL,,,
9928,ORD009928,LIMIT,SELL,101.86,93
9929,ORD009929,MARKET,BUY,,67
9930,ORD009930,LIMIT,SELL,101.34,63
9931,ORD009931,LIMIT,BUY,98.01,83
9932,ORD009932,LIMIT,BUY,99.69,74
9933,ORD009933,LIMIT,SELL,101.56,8
9934,ORD009934,LIMIT,BUY,99.03,51
9935,ORD009935,LIMIT,SELL,99.76,96
9936,ORD009936,LIMIT,SELL,99.66,16
9937,ORD009937,LIMIT,BUY,100.28,1
9938,ORD009938,MARKET,SELL,,3
9939,ORD009939,LIMIT,BUY,99.15,54
9940,ORD009940,LIMIT,SELL,101.58,83
9941,ORD009941,LIMIT,SELL,101.79,87
9942,ORD009942,MARKET,SELL,,41
9943,ORD009943,LIMIT,SELL,100.73,34
9944,ORD008346,CANCEL,,,
9945,ORD009636,CANCEL,,,
9946,ORD009946,LIMIT,SELL,101.6,71
9947,ORD009947,LIMIT,SELL,101.0,72
9948,ORD009948,LIMIT,SELL,101.35,8
9949,ORD009949,LIMIT,BUY,100.2,21
9950,ORD009950,LIMIT,BUY,98.12,13
9951,ORD009951,LIMIT,SELL,99.55,85
9952,ORD009952,LIMIT,BUY,99.24,91
9953,ORD009953,LIMIT,SELL,101.44,19
9954,ORD009954,LIMIT,SELL,100.64,55
9955,ORD009955,LIMIT,SELL,101.33,91
9956,ORD009168,CANCEL,,,
9957,ORD009957,LIMIT,BUY,99.59,51
9958,ORD009958,LIMIT,SELL,101.67,95
9959,ORD009959,LIMIT,BUY,98.74,73
9960,ORD009960,LIMIT,SELL,101.74,85
9961,ORD009961,MARKET,BUY,,74
9962,ORD009962,LIMIT,SELL,99.93,66
9963,ORD005963,CANCEL,,,
9964,ORD006138,CANCEL,,,
9965,ORD003805,CANCEL,,,
9966,ORD009966,LIMIT,SELL,100.37,78
9967,ORD009967,LIMIT,BUY,100.17,24
9968,ORD009968,MARKET,BUY,,83
9969,ORD009969,LIMIT,BUY,100.12,68
9970,ORD009970,LIMIT,BUY,100.47,49
9971,ORD009971,LIMIT,BUY,100.48,29
9972,ORD009972,LIMIT,SELL,101.29,60
9973,ORD009973,LIMIT,BUY,99.63,10
9974,ORD009974,LIMIT,BUY,99.53,38
9975,ORD009975,LIMIT,SELL,101.46,35
9976,ORD009976,LIMIT,BUY,98.52,89
9977,ORD009977,LIMIT,BUY,98.41,82
9978,ORD002563,CANCEL,,,
9979,ORD006868,CANCEL,,,
9980,ORD009980,LIMIT,BUY,99.28,41
9981,ORD009981,LIMIT,SELL,100.76,28
9982,ORD009982,MARKET,SELL,,8
9983,ORD009983,LIMIT,BUY,99.55,83
9984,ORD009984,LIMIT,SELL,100.46,28
9985,ORD008275,CANCEL,,,
9986,ORD006073,CANCEL,,,
9987,ORD009987,LIMIT,BUY,98.84,20
9988,ORD009478,CANCEL,,,
9989,ORD009989,LIMIT,BUY,99.23,62
9990,ORD009990,LIMIT,BUY,100.31,64
9991,ORD009991,LIMIT,SELL,101.93,25
9992,ORD009992,LIMIT,SELL,99.99,73
9993,ORD009993,LIMIT,SELL,100.17,87
9994,ORD009994,LIMIT,BUY,100.29,58
9995,ORD009995,LIMIT,BUY,99.0,19
9996,ORD009996,LIMIT,BUY,100.01,46
9997,ORD006960,CANCEL,,,
9998,ORD006515,CANCEL,,,
9999,ORD009999,LIMIT,SELL,100.4,43
10000,ORD010000,LIMIT,BUY,98.18,83
