after_sequence,taker_id,maker_id,price,quantity,taker_side
17,ORD000017,ORD000015,100.11,73,SELL
30,ORD000030,ORD000015,100.11,27,SELL
37,ORD000037,ORD000031,100.04,71,SELL
38,ORD000038,ORD000030,100.10,46,BUY
38,ORD000038,ORD000012,100.41,45,BUY
39,ORD000039,ORD000012,100.41,3,BUY
39,ORD000039,ORD000006,100.45,2,BUY
42,ORD000042,ORD000041,100.21,13,SELL
45,ORD000045,ORD000006,100.45,44,BUY
45,ORD000045,ORD000020,100.50,29,BUY
45,ORD000045,ORD000036,100.63,21,BUY
52,ORD000052,ORD000050,100.32,1,SELL
54,ORD000054,ORD000050,100.32,8,SELL
56,ORD000056,ORD000036,100.63,11,BUY
56,ORD000056,ORD000043,100.67,55,BUY
61,ORD000061,ORD000059,100.35,73,SELL
61,ORD000061,ORD000050,100.32,19,SELL
63,ORD000063,ORD000043,100.67,39,BUY
63,ORD000063,ORD000018,100.75,41,BUY
64,ORD000064,ORD000018,100.75,28,BUY
72,ORD000072,ORD000050,100.32,3,SELL
72,ORD000072,ORD000041,100.21,40,SELL
85,ORD000085,ORD000074,100.36,34,SELL
91,ORD000091,ORD000074,100.36,39,SELL
95,ORD000095,ORD000074,100.36,16,SELL
95,ORD000095,ORD000076,100.25,6,SELL
95,ORD000095,ORD000041,100.21,15,SELL
98,ORD000098,ORD000041,100.21,6,SELL
98,ORD000098,ORD000065,100.20,32,SELL
98,ORD000098,ORD000022,99.98,55,SELL
98,ORD000098,ORD000028,99.91,4,SELL
101,ORD000101,ORD000099,100.00,4,BUY
113,ORD000113,ORD000073,100.60,53,BUY
114,ORD000114,ORD000105,100.29,16,SELL
114,ORD000114,ORD000101,100.22,38,SELL
122,ORD000122,ORD000101,100.22,32,SELL
124,ORD000124,ORD000028,99.91,3,SELL
133,ORD000133,ORD000129,99.92,78,BUY
135,ORD000135,ORD000133,99.93,10,SELL
135,ORD000135,ORD000028,99.91,63,SELL
135,ORD000135,ORD000115,99.91,10,SELL
136,ORD000136,ORD000115,99.91,39,SELL
153,ORD000153,ORD000146,99.54,17,BUY
154,ORD000154,ORD000146,99.54,17,BUY
168,ORD000168,ORD000120,99.48,30,SELL
171,ORD000171,ORD000155,99.53,37,BUY
171,ORD000171,ORD000146,99.54,3,BUY
176,ORD000176,ORD000146,99.54,1,BUY
176,ORD000176,ORD000157,99.66,34,BUY
202,ORD000202,ORD000157,99.66,29,BUY
202,ORD000202,ORD000136,99.76,5,BUY
214,ORD000214,ORD000136,99.76,3,BUY
214,ORD000214,ORD000184,99.97,42,BUY
222,ORD000222,ORD000184,99.97,5,BUY
222,ORD000222,ORD000221,99.98,33,BUY
222,ORD000222,ORD000167,100.08,45,BUY
224,ORD000224,ORD000207,99.74,4,SELL
247,ORD000247,ORD000219,99.71,28,SELL
248,ORD000248,ORD000224,99.73,34,BUY
248,ORD000248,ORD000238,99.79,9,BUY
257,ORD000257,ORD000238,99.79,22,BUY
257,ORD000257,ORD000225,99.83,44,BUY
264,ORD000264,ORD000219,99.71,68,SELL
264,ORD000264,ORD000177,99.63,22,SELL
266,ORD000266,ORD000260,99.77,52,BUY
269,ORD000269,ORD000260,99.77,40,BUY
269,ORD000269,ORD000225,99.83,8,BUY
277,ORD000277,ORD000274,99.77,44,BUY
286,ORD000286,ORD000285,99.70,51,SELL
287,ORD000287,ORD000274,99.77,28,BUY
287,ORD000287,ORD000225,99.83,11,BUY
291,ORD000291,ORD000225,99.83,7,BUY
291,ORD000291,ORD000228,99.85,29,BUY
291,ORD000291,ORD000281,99.89,10,BUY
296,ORD000296,ORD000285,99.70,12,SELL
296,ORD000296,ORD000283,99.65,2,SELL
302,ORD000302,ORD000281,99.89,30,BUY
308,ORD000308,ORD000235,100.05,9,BUY
308,ORD000308,ORD000167,100.08,3,BUY
316,ORD000316,ORD000302,99.93,13,SELL
327,ORD000327,ORD000167,100.08,43,BUY
327,ORD000327,ORD000145,100.10,37,BUY
333,ORD000333,ORD000145,100.10,24,BUY
333,ORD000333,ORD000332,100.10,33,BUY
338,ORD000338,ORD000332,100.10,19,BUY
342,ORD000342,ORD000302,99.93,21,SELL
347,ORD000347,ORD000283,99.65,61,SELL
347,ORD000347,ORD000177,99.63,3,SELL
353,ORD000353,ORD000177,99.63,11,SELL
355,ORD000355,ORD000353,99.61,39,BUY
355,ORD000355,ORD000342,99.84,4,BUY
369,ORD000369,ORD000342,99.84,12,BUY
369,ORD000369,ORD000343,99.85,67,BUY
373,ORD000373,ORD000357,99.71,9,SELL
387,ORD000387,ORD000379,99.79,51,BUY
394,ORD000394,ORD000379,99.79,37,BUY
404,ORD000404,ORD000357,99.71,8,SELL
409,ORD000409,ORD000379,99.79,12,BUY
409,ORD000409,ORD000407,99.83,26,BUY
414,ORD000414,ORD000357,99.71,14,SELL
422,ORD000422,ORD000412,99.73,18,BUY
434,ORD000434,ORD000412,99.73,33,BUY
434,ORD000434,ORD000407,99.83,22,BUY
434,ORD000434,ORD000381,99.84,7,BUY
446,ORD000446,ORD000442,99.70,13,BUY
447,ORD000447,ORD000442,99.70,44,BUY
447,ORD000447,ORD000381,99.84,3,BUY
447,ORD000447,ORD000343,99.85,24,BUY
448,ORD000448,ORD000423,99.87,61,BUY
454,ORD000454,ORD000402,99.57,38,SELL
454,ORD000454,ORD000331,99.53,35,SELL
458,ORD000458,ORD000423,99.87,5,BUY
458,ORD000458,ORD000411,99.90,66,BUY
458,ORD000458,ORD000437,99.98,2,BUY
459,ORD000459,ORD000437,99.98,30,BUY
459,ORD000459,ORD000332,100.10,9,BUY
459,ORD000459,ORD000149,100.13,13,BUY
460,ORD000460,ORD000331,99.53,62,SELL
460,ORD000460,ORD000272,99.50,24,SELL
462,ORD000462,ORD000149,100.13,3,BUY
462,ORD000462,ORD000122,100.15,10,BUY
462,ORD000462,ORD000190,100.18,37,BUY
477,ORD000477,ORD000469,99.70,28,SELL
480,ORD000480,ORD000474,100.01,75,BUY
480,ORD000480,ORD000190,100.18,8,BUY
487,ORD000487,ORD000485,100.12,45,BUY
487,ORD000487,ORD000190,100.18,17,BUY
487,ORD000487,ORD000377,100.20,15,BUY
487,ORD000487,ORD000345,100.22,8,BUY
494,ORD000494,ORD000491,99.94,18,SELL
494,ORD000494,ORD000478,99.75,58,SELL
511,ORD000511,ORD000504,100.17,29,SELL
512,ORD000512,ORD000345,100.22,31,BUY
512,ORD000512,ORD000227,100.24,44,BUY
520,ORD000520,ORD000463,100.25,20,BUY
522,ORD000522,ORD000504,100.17,14,SELL
522,ORD000522,ORD000502,100.07,7,SELL
522,ORD000522,ORD000499,99.77,48,SELL
523,ORD000523,ORD000463,100.25,73,BUY
523,ORD000523,ORD000236,100.26,20,BUY
524,ORD000524,ORD000499,99.77,12,SELL
524,ORD000524,ORD000507,99.76,51,SELL
524,ORD000524,ORD000478,99.75,12,SELL
524,ORD000524,ORD000469,99.70,15,SELL
531,ORD000531,ORD000529,100.15,2,SELL
533,ORD000533,ORD000526,100.17,30,BUY
537,ORD000537,ORD000529,100.15,50,SELL
539,ORD000539,ORD000529,100.15,46,SELL
539,ORD000539,ORD000535,100.13,3,SELL
539,ORD000539,ORD000536,99.78,7,SELL
541,ORD000541,ORD000540,99.92,35,SELL
543,ORD000543,ORD000540,99.92,42,SELL
543,ORD000543,ORD000536,99.78,38,SELL
547,ORD000547,ORD000536,99.78,6,SELL
565,ORD000565,ORD000469,99.70,34,SELL
565,ORD000565,ORD000476,99.68,19,SELL
576,ORD000576,ORD000547,99.72,19,BUY
578,ORD000578,ORD000547,99.72,31,BUY
578,ORD000578,ORD000548,99.72,10,BUY
580,ORD000580,ORD000548,99.72,44,BUY
581,ORD000581,ORD000548,99.72,17,BUY
600,ORD000600,ORD000581,99.85,15,SELL
603,ORD000603,ORD000581,99.85,34,SELL
604,ORD000604,ORD000553,99.92,36,BUY
604,ORD000604,ORD000555,99.99,14,BUY
604,ORD000604,ORD000577,100.02,50,BUY
606,ORD000606,ORD000581,99.85,1,SELL
609,ORD000609,ORD000606,99.85,26,BUY
610,ORD000610,ORD000609,99.88,17,SELL
613,ORD000613,ORD000577,100.02,12,BUY
619,ORD000619,ORD000609,99.88,10,SELL
620,ORD000620,ORD000619,99.83,53,BUY
620,ORD000620,ORD000583,100.08,28,BUY
621,ORD000621,ORD000586,99.76,9,SELL
621,ORD000621,ORD000592,99.73,12,SELL
627,ORD000627,ORD000583,100.08,24,BUY
627,ORD000627,ORD000526,100.17,21,BUY
627,ORD000627,ORD000608,100.23,17,BUY
629,ORD000629,ORD000592,99.73,54,SELL
629,ORD000629,ORD000476,99.68,21,SELL
629,ORD000629,ORD000518,99.67,15,SELL
634,ORD000634,ORD000608,100.23,57,BUY
634,ORD000634,ORD000236,100.26,16,BUY
637,ORD000637,ORD000633,100.03,13,SELL
644,ORD000644,ORD000236,100.26,17,BUY
644,ORD000644,ORD000305,100.26,30,BUY
646,ORD000646,ORD000305,100.26,6,BUY
646,ORD000646,ORD000306,100.28,58,BUY
646,ORD000646,ORD000497,100.30,35,BUY
658,ORD000658,ORD000645,100.10,54,SELL
658,ORD000658,ORD000633,100.03,5,SELL
658,ORD000658,ORD000631,99.83,14,SELL
660,ORD000660,ORD000658,99.82,27,BUY
660,ORD000660,ORD000497,100.30,19,BUY
660,ORD000660,ORD000510,100.30,27,BUY
660,ORD000660,ORD000321,100.32,8,BUY
667,ORD000667,ORD000666,100.14,71,SELL
670,ORD000670,ORD000667,100.12,22,BUY
671,ORD000671,ORD000670,100.17,59,SELL
673,ORD000673,ORD000670,100.17,19,SELL
675,ORD000675,ORD000673,100.11,4,BUY
678,ORD000678,ORD000673,100.11,25,BUY
678,ORD000678,ORD000321,100.32,9,BUY
678,ORD000678,ORD000513,100.32,20,BUY
683,ORD000683,ORD000656,99.77,73,SELL
695,ORD000695,ORD000686,100.18,10,BUY
695,ORD000695,ORD000513,100.32,29,BUY
695,ORD000695,ORD000589,100.37,13,BUY
696,ORD000696,ORD000589,100.37,14,BUY
702,ORD000702,ORD000589,100.37,32,BUY
702,ORD000702,ORD000354,100.39,9,BUY
702,ORD000702,ORD000542,100.39,2,BUY
712,ORD000712,ORD000692,100.14,19,SELL
712,ORD000712,ORD000710,100.01,3,SELL
713,ORD000713,ORD000712,99.95,8,BUY
716,ORD000716,ORD000712,99.95,11,BUY
719,ORD000719,ORD000716,100.37,63,SELL
719,ORD000719,ORD000656,99.77,17,SELL
719,ORD000719,ORD000518,99.67,10,SELL
738,ORD000738,ORD000725,100.12,1,SELL
743,ORD000743,ORD000725,100.12,44,SELL
746,ORD000746,ORD000737,100.16,32,BUY
746,ORD000746,ORD000689,100.40,30,BUY
747,ORD000747,ORD000725,100.12,2,SELL
753,ORD000753,ORD000518,99.67,22,SELL
755,ORD000755,ORD000518,99.67,51,SELL
755,ORD000755,ORD000641,99.65,19,SELL
759,ORD000759,ORD000750,99.74,45,BUY
765,ORD000765,ORD000750,99.74,6,BUY
766,ORD000766,ORD000747,99.91,17,BUY
772,ORD000772,ORD000765,99.89,17,SELL
775,ORD000775,ORD000641,99.65,20,SELL
775,ORD000775,ORD000514,99.64,16,SELL
776,ORD000776,ORD000514,99.64,43,SELL
777,ORD000777,ORD000772,99.87,48,BUY
784,ORD000784,ORD000772,99.87,8,BUY
784,ORD000784,ORD000747,99.91,37,BUY
784,ORD000784,ORD000774,100.16,46,BUY
800,ORD000800,ORD000774,100.16,38,BUY
800,ORD000800,ORD000689,100.40,47,BUY
812,ORD000812,ORD000811,100.19,24,SELL
813,ORD000813,ORD000812,100.15,48,BUY
816,ORD000816,ORD000813,100.25,7,SELL
825,ORD000825,ORD000813,100.25,26,SELL
829,ORD000829,ORD000794,99.95,28,SELL
829,ORD000829,ORD000826,99.89,37,SELL
830,ORD000830,ORD000689,100.40,6,BUY
839,ORD000839,ORD000689,100.40,15,BUY
840,ORD000840,ORD000833,100.30,52,SELL
840,ORD000840,ORD000832,100.25,38,SELL
848,ORD000848,ORD000832,100.25,8,SELL
848,ORD000848,ORD000843,100.25,66,SELL
848,ORD000848,ORD000844,99.96,12,SELL
850,ORD000850,ORD000844,99.96,52,SELL
850,ORD000850,ORD000826,99.89,14,SELL
857,ORD000857,ORD000853,100.24,60,BUY
871,ORD000871,ORD000861,100.28,59,SELL
872,ORD000872,ORD000861,100.28,3,SELL
872,ORD000872,ORD000857,100.24,20,SELL
872,ORD000872,ORD000856,100.23,2,SELL
872,ORD000872,ORD000826,99.89,17,SELL
872,ORD000872,ORD000866,99.82,22,SELL
878,ORD000878,ORD000873,99.86,3,SELL
878,ORD000878,ORD000866,99.82,26,SELL
880,ORD000880,ORD000866,99.82,14,SELL
881,ORD000881,ORD000880,99.79,38,BUY
882,ORD000882,ORD000809,99.78,22,SELL
893,ORD000893,ORD000880,99.79,38,BUY
907,ORD000907,ORD000880,99.79,8,BUY
907,ORD000907,ORD000902,99.87,8,BUY
907,ORD000907,ORD000689,100.40,1,BUY
907,ORD000907,ORD000751,100.40,16,BUY
915,ORD000915,ORD000751,100.40,39,BUY
915,ORD000915,ORD000420,100.41,3,BUY
932,ORD000932,ORD000920,100.21,85,SELL
944,ORD000944,ORD000809,99.78,66,SELL
944,ORD000944,ORD000860,99.74,6,SELL
947,ORD000947,ORD000943,99.86,87,BUY
951,ORD000951,ORD000947,99.87,6,SELL
951,ORD000951,ORD000860,99.74,2,SELL
951,ORD000951,ORD000923,99.71,42,SELL
951,ORD000951,ORD000799,99.69,36,SELL
964,ORD000964,ORD000950,99.95,65,BUY
968,ORD000968,ORD000966,99.87,51,BUY
968,ORD000968,ORD000950,99.95,8,BUY
968,ORD000968,ORD000932,100.01,5,BUY
968,ORD000968,ORD000965,100.03,5,BUY
980,ORD000980,ORD000968,100.12,10,SELL
984,ORD000984,ORD000980,99.97,37,BUY
984,ORD000984,ORD000975,100.16,37,BUY
993,ORD000993,ORD000799,99.69,44,SELL
993,ORD000993,ORD000904,99.69,23,SELL
998,ORD000998,ORD000997,99.94,68,SELL
1001,ORD001001,ORD000988,100.04,53,BUY
1011,ORD001011,ORD000988,100.04,1,BUY
1014,ORD001014,ORD000988,100.04,24,BUY
1014,ORD001014,ORD000975,100.16,28,BUY
1025,ORD001025,ORD001016,100.00,69,BUY
1027,ORD001027,ORD001016,100.00,16,BUY
1027,ORD001027,ORD000975,100.16,5,BUY
1027,ORD001027,ORD000941,100.20,38,BUY
1030,ORD001030,ORD001002,99.97,34,SELL
1036,ORD001036,ORD001002,99.97,11,SELL
1041,ORD001041,ORD001002,99.97,29,SELL
1041,ORD001041,ORD001006,99.96,16,SELL
1043,ORD001043,ORD001035,100.01,27,BUY
1049,ORD001049,ORD001035,100.01,5,BUY
1063,ORD001063,ORD000941,100.20,19,BUY
1063,ORD001063,ORD001053,100.25,25,BUY
1066,ORD001066,ORD001049,100.01,3,SELL
1070,ORD001070,ORD001053,100.25,47,BUY
1070,ORD001070,ORD001038,100.29,4,BUY
1086,ORD001086,ORD001073,100.10,4,SELL
1086,ORD001086,ORD001049,100.01,64,SELL
1086,ORD001086,ORD000997,99.94,13,SELL
1090,ORD001090,ORD001072,100.12,37,BUY
1090,ORD001090,ORD001080,100.26,1,BUY
1090,ORD001090,ORD001038,100.29,31,BUY
1094,ORD001094,ORD001038,100.29,2,BUY
1096,ORD001096,ORD000997,99.94,3,SELL
1096,ORD001096,ORD001047,99.88,8,SELL
1097,ORD001097,ORD001038,100.29,37,BUY
1097,ORD001097,ORD000978,100.36,62,BUY
1097,ORD001097,ORD001046,100.36,1,BUY
1101,ORD001101,ORD001046,100.36,23,BUY
1101,ORD001101,ORD000961,100.40,38,BUY
1102,ORD001102,ORD001099,99.92,32,SELL
1107,ORD001107,ORD001047,99.88,6,SELL
1128,ORD001128,ORD001047,99.88,33,SELL
1128,ORD001128,ORD001031,99.87,44,SELL
1128,ORD001128,ORD001054,99.73,6,SELL
1131,ORD001131,ORD001108,99.89,27,BUY
1147,ORD001147,ORD001108,99.89,39,BUY
1149,ORD001149,ORD001054,99.73,2,SELL
1149,ORD001149,ORD000904,99.69,49,SELL
1149,ORD001149,ORD001018,99.69,38,SELL
1150,ORD001150,ORD001108,99.89,33,BUY
1150,ORD001150,ORD001102,99.90,26,BUY
1151,ORD001151,ORD001102,99.90,32,BUY
1152,ORD001152,ORD001018,99.69,9,SELL
1152,ORD001152,ORD000865,99.67,43,SELL
1155,ORD001155,ORD001153,99.81,62,SELL
1155,ORD001155,ORD000865,99.67,1,SELL
1155,ORD001155,ORD000842,99.65,11,SELL
1164,ORD001164,ORD001160,99.68,51,SELL
1164,ORD001164,ORD000842,99.65,14,SELL
1166,ORD001166,ORD001102,99.90,4,BUY
1166,ORD001166,ORD001106,99.92,36,BUY
1166,ORD001166,ORD001140,99.92,24,BUY
1166,ORD001166,ORD000961,100.40,2,BUY
1166,ORD001166,ORD000420,100.41,2,BUY
1171,ORD001171,ORD000842,99.65,30,SELL
1180,ORD001180,ORD001175,100.05,2,SELL
1180,ORD001180,ORD001178,99.67,49,SELL
1180,ORD001180,ORD000842,99.65,30,SELL
1180,ORD001180,ORD001009,99.65,3,SELL
1182,ORD001182,ORD000420,100.41,14,BUY
1182,ORD001182,ORD000976,100.41,70,BUY
1185,ORD001185,ORD000976,100.41,14,BUY
1185,ORD001185,ORD000756,100.42,54,BUY
1188,ORD001188,ORD001186,99.89,4,BUY
1196,ORD001196,ORD001192,99.83,19,BUY
1204,ORD001204,ORD001009,99.65,35,SELL
1205,ORD001205,ORD001192,99.83,65,BUY
1205,ORD001205,ORD001186,99.89,32,BUY
1206,ORD001206,ORD001186,99.89,9,BUY
1206,ORD001206,ORD001198,99.97,17,BUY
1206,ORD001206,ORD001187,100.09,53,BUY
1219,ORD001219,ORD001208,100.06,91,SELL
1230,ORD001230,ORD001187,100.09,12,BUY
1230,ORD001230,ORD001189,100.35,7,BUY
1233,ORD001233,ORD001208,100.06,2,SELL
1235,ORD001235,ORD001233,99.72,12,BUY
1237,ORD001237,ORD001235,99.87,35,SELL
1245,ORD001245,ORD001237,99.66,4,BUY
1247,ORD001247,ORD001009,99.65,45,SELL
1248,ORD001248,ORD001237,99.66,22,BUY
1248,ORD001248,ORD001189,100.35,4,BUY
1256,ORD001256,ORD001009,99.65,13,SELL
1256,ORD001256,ORD000897,99.63,23,SELL
1256,ORD001256,ORD001004,99.63,33,SELL
1256,ORD001256,ORD001214,99.62,5,SELL
1257,ORD001257,ORD001214,99.62,7,SELL
1257,ORD001257,ORD000571,99.61,13,SELL
1261,ORD001261,ORD001259,99.79,39,BUY
1264,ORD001264,ORD001259,99.79,58,BUY
1264,ORD001264,ORD001260,100.18,12,BUY
1264,ORD001264,ORD001249,100.27,24,BUY
1267,ORD001267,ORD001265,99.86,6,BUY
1268,ORD001268,ORD001265,99.86,7,BUY
1269,ORD001269,ORD001268,100.22,7,SELL
1269,ORD001269,ORD000571,99.61,70,SELL
1269,ORD001269,ORD000938,99.60,21,SELL
1280,ORD001280,ORD001271,100.18,21,BUY
1280,ORD001280,ORD001273,100.18,39,BUY
1303,ORD001303,ORD001273,100.18,52,BUY
1303,ORD001303,ORD001249,100.27,20,BUY
1307,ORD001307,ORD001279,99.89,60,SELL
1311,ORD001311,ORD001307,99.89,26,BUY
1311,ORD001311,ORD001304,100.21,4,BUY
1311,ORD001311,ORD001249,100.27,21,BUY
1311,ORD001311,ORD001278,100.28,26,BUY
1311,ORD001311,ORD001189,100.35,6,BUY
1317,ORD001317,ORD001292,99.78,63,SELL
1323,ORD001323,ORD001298,99.65,58,SELL
1323,ORD001323,ORD000938,99.60,19,SELL
1324,ORD001324,ORD000938,99.60,40,SELL
1324,ORD001324,ORD001104,99.60,21,SELL
1330,ORD001330,ORD001317,99.70,31,BUY
1330,ORD001330,ORD001318,99.70,13,BUY
1331,ORD001331,ORD001318,99.70,64,BUY
1333,ORD001333,ORD001318,99.70,2,BUY
1333,ORD001333,ORD001326,99.82,10,BUY
1335,ORD001335,ORD001329,99.94,60,BUY
1352,ORD001352,ORD001337,99.86,36,BUY
1355,ORD001355,ORD001333,99.84,26,SELL
1358,ORD001358,ORD001337,99.86,10,BUY
1359,ORD001359,ORD001333,99.84,7,SELL
1359,ORD001359,ORD001351,99.74,33,SELL
1359,ORD001359,ORD001104,99.60,5,SELL
1359,ORD001359,ORD001132,99.60,19,SELL
1367,ORD001367,ORD001132,99.60,28,SELL
1367,ORD001367,ORD001349,99.60,31,SELL
1371,ORD001371,ORD001337,99.86,4,BUY
1374,ORD001374,ORD001337,99.86,6,BUY
1374,ORD001374,ORD001329,99.94,2,BUY
1378,ORD001378,ORD001329,99.94,19,BUY
1379,ORD001379,ORD001329,99.94,6,BUY
1380,ORD001380,ORD001329,99.94,3,BUY
1380,ORD001380,ORD001368,99.94,6,BUY
1380,ORD001380,ORD001332,100.09,57,BUY
1380,ORD001380,ORD001342,100.14,15,BUY
1385,ORD001385,ORD001342,100.14,26,BUY
1390,ORD001390,ORD001342,100.14,6,BUY
1392,ORD001392,ORD001342,100.14,28,BUY
1392,ORD001392,ORD001322,100.33,35,BUY
1398,ORD001398,ORD001389,99.89,22,SELL
1405,ORD001405,ORD001398,99.72,17,BUY
1405,ORD001405,ORD001402,99.90,6,BUY
1407,ORD001407,ORD001322,100.33,11,BUY
1407,ORD001407,ORD001189,100.35,20,BUY
1418,ORD001418,ORD001413,99.82,36,BUY
1421,ORD001421,ORD001413,99.82,53,BUY
1421,ORD001421,ORD001415,100.24,1,BUY
1425,ORD001425,ORD001422,99.83,38,SELL
1426,ORD001426,ORD001415,100.24,20,BUY
1426,ORD001426,ORD001189,100.35,14,BUY
1426,ORD001426,ORD001291,100.36,52,BUY
1447,ORD001447,ORD001291,100.36,37,BUY
1447,ORD001447,ORD000756,100.42,4,BUY
1451,ORD001451,ORD001447,100.42,29,SELL
1460,ORD001460,ORD001433,100.28,47,SELL
1460,ORD001460,ORD001443,100.21,12,SELL
1461,ORD001461,ORD001438,99.90,42,SELL
1461,ORD001461,ORD001431,99.88,16,SELL
1467,ORD001467,ORD001460,99.96,13,BUY
1467,ORD001467,ORD001465,100.24,5,BUY
1494,ORD001494,ORD001482,100.08,38,SELL
1498,ORD001498,ORD001496,100.18,67,SELL
1502,ORD001502,ORD001465,100.24,15,BUY
1507,ORD001507,ORD001465,100.24,18,BUY
1507,ORD001507,ORD001505,100.26,37,BUY
1508,ORD001508,ORD001505,100.26,59,BUY
1508,ORD001508,ORD001451,100.36,41,BUY
1509,ORD001509,ORD001496,100.18,14,SELL
1518,ORD001518,ORD001451,100.36,13,BUY
1537,ORD001537,ORD001528,100.42,2,BUY
1537,ORD001537,ORD000375,100.43,93,BUY
1540,ORD001540,ORD001518,100.41,9,SELL
1540,ORD001540,ORD001511,100.27,1,SELL
1541,ORD001541,ORD001511,100.27,5,SELL
1541,ORD001541,ORD001531,100.23,22,SELL
1541,ORD001541,ORD001496,100.18,7,SELL
1543,ORD001543,ORD001541,100.00,16,BUY
1546,ORD001546,ORD001470,99.92,26,SELL
1546,ORD001546,ORD001495,99.92,24,SELL
1561,ORD001561,ORD001522,99.90,41,SELL
1561,ORD001561,ORD001431,99.88,22,SELL
1567,ORD001567,ORD001546,99.91,6,BUY
1567,ORD001567,ORD001541,100.00,35,BUY
1567,ORD001567,ORD001551,100.38,37,BUY
1569,ORD001569,ORD001567,100.39,10,SELL
1570,ORD001570,ORD001567,100.39,4,SELL
1585,ORD001585,ORD001576,100.10,11,BUY
1587,ORD001587,ORD001576,100.10,18,BUY
1589,ORD001589,ORD001588,100.07,77,SELL
1592,ORD001592,ORD001576,100.10,57,BUY
1608,ORD001608,ORD001588,100.07,7,SELL
1611,ORD001611,ORD001588,100.07,16,SELL
1611,ORD001611,ORD001609,99.98,16,SELL
1614,ORD001614,ORD001576,100.10,10,BUY
1614,ORD001614,ORD001594,100.12,36,BUY
1614,ORD001614,ORD001578,100.22,2,BUY
1616,ORD001616,ORD001578,100.22,3,BUY
1617,ORD001617,ORD001578,100.22,16,BUY
1617,ORD001617,ORD001570,100.25,10,BUY
1618,ORD001618,ORD001570,100.25,71,BUY
1618,ORD001618,ORD000375,100.43,5,BUY
1618,ORD001618,ORD000681,100.43,4,BUY
1620,ORD001620,ORD000681,100.43,68,BUY
1624,ORD001624,ORD001622,100.03,24,SELL
1625,ORD001625,ORD000681,100.43,24,BUY
1625,ORD001625,ORD001474,100.43,10,BUY
1627,ORD001627,ORD001626,100.42,18,BUY
1629,ORD001629,ORD001622,100.03,11,SELL
1629,ORD001629,ORD001609,99.98,2,SELL
1629,ORD001629,ORD001598,99.97,31,SELL
1629,ORD001629,ORD001431,99.88,28,SELL
1632,ORD001632,ORD001626,100.42,65,BUY
1635,ORD001635,ORD001431,99.88,24,SELL
1635,ORD001635,ORD001515,99.87,17,SELL
1636,ORD001636,ORD001515,99.87,6,SELL
1641,ORD001641,ORD001515,99.87,13,SELL
1641,ORD001641,ORD001422,99.83,7,SELL
1645,ORD001645,ORD001422,99.83,20,SELL
1645,ORD001645,ORD001466,99.82,26,SELL
1646,ORD001646,ORD001466,99.82,31,SELL
1646,ORD001646,ORD001595,99.79,40,SELL
1654,ORD001654,ORD001646,99.78,22,BUY
1654,ORD001654,ORD001640,99.88,37,BUY
1660,ORD001660,ORD001640,99.88,27,BUY
1665,ORD001665,ORD001435,99.76,55,SELL
1675,ORD001675,ORD001640,99.88,21,BUY
1675,ORD001675,ORD001659,100.10,70,BUY
1682,ORD001682,ORD001435,99.76,17,SELL
1682,ORD001682,ORD001606,99.75,1,SELL
1686,ORD001686,ORD001659,100.10,29,BUY
1686,ORD001686,ORD001626,100.42,5,BUY
1686,ORD001686,ORD001474,100.43,27,BUY
1686,ORD001686,ORD000798,100.44,38,BUY
1689,ORD001689,ORD001687,99.79,20,BUY
1693,ORD001693,ORD001689,100.07,31,SELL
1693,ORD001693,ORD001606,99.75,21,SELL
1694,ORD001694,ORD001606,99.75,3,SELL
1697,ORD001697,ORD001606,99.75,37,SELL
1702,ORD001702,ORD001700,99.81,50,SELL
1702,ORD001702,ORD001606,99.75,3,SELL
1702,ORD001702,ORD001506,99.74,9,SELL
1713,ORD001713,ORD001706,100.02,7,BUY
1713,ORD001713,ORD001698,100.08,29,BUY
1713,ORD001713,ORD001695,100.17,21,BUY
1718,ORD001718,ORD001714,99.95,79,SELL
1720,ORD001720,ORD001718,99.75,4,BUY
1721,ORD001721,ORD001695,100.17,48,BUY
1723,ORD001723,ORD001720,100.02,40,SELL
1741,ORD001741,ORD001723,99.84,15,BUY
1741,ORD001741,ORD001739,99.90,4,BUY
1743,ORD001743,ORD001695,100.17,14,BUY
1743,ORD001743,ORD001717,100.23,57,BUY
1743,ORD001743,ORD001732,100.28,25,BUY
1747,ORD001747,ORD001741,100.10,15,SELL
1748,ORD001748,ORD001747,99.87,40,BUY
1748,ORD001748,ORD001732,100.28,15,BUY
1749,ORD001749,ORD001506,99.74,80,SELL
1749,ORD001749,ORD001458,99.73,7,SELL
1757,ORD001757,ORD001458,99.73,19,SELL
1769,ORD001769,ORD001754,99.80,24,BUY
1771,ORD001771,ORD001458,99.73,60,SELL
1771,ORD001771,ORD001613,99.72,9,SELL
1773,ORD001773,ORD001754,99.80,29,BUY
1773,ORD001773,ORD001766,99.81,12,BUY
1776,ORD001776,ORD001766,99.81,42,BUY
1782,ORD001782,ORD001766,99.81,18,BUY
1783,ORD001783,ORD001782,99.88,32,SELL
1783,ORD001783,ORD001613,99.72,28,SELL
1785,ORD001785,ORD001759,100.04,87,BUY
1790,ORD001790,ORD001759,100.04,8,BUY
1790,ORD001790,ORD001770,100.11,72,BUY
1791,ORD001791,ORD001770,100.11,19,BUY
1791,ORD001791,ORD001732,100.28,5,BUY
1791,ORD001791,ORD001707,100.39,21,BUY
1791,ORD001791,ORD000798,100.44,7,BUY
1791,ORD001791,ORD001262,100.44,5,BUY
1791,ORD001791,ORD000508,100.45,5,BUY
1795,ORD001795,ORD001613,99.72,5,SELL
1795,ORD001795,ORD001612,99.71,41,SELL
1795,ORD001795,ORD001651,99.69,43,SELL
1795,ORD001795,ORD001349,99.60,1,SELL
1804,ORD001804,ORD001797,100.03,57,BUY
1806,ORD001806,ORD001797,100.03,2,BUY
1808,ORD001808,ORD001802,99.68,53,SELL
1808,ORD001808,ORD001349,99.60,43,SELL
1813,ORD001813,ORD001797,100.03,6,BUY
1813,ORD001813,ORD001800,100.32,76,BUY
1816,ORD001816,ORD001800,100.32,13,BUY
1816,ORD001816,ORD001805,100.44,4,BUY
1822,ORD001822,ORD001805,100.44,54,BUY
1823,ORD001823,ORD001349,99.60,16,SELL
1823,ORD001823,ORD001396,99.60,9,SELL
1826,ORD001826,ORD001805,100.44,19,BUY
1826,ORD001826,ORD000508,100.45,37,BUY
1831,ORD001831,ORD001827,100.12,49,BUY
1837,ORD001837,ORD001827,100.12,4,BUY
1839,ORD001839,ORD001838,99.77,2,BUY
1842,ORD001842,ORD001827,100.12,8,BUY
1842,ORD001842,ORD000508,100.45,27,BUY
1842,ORD001842,ORD000557,100.45,5,BUY
1846,ORD001846,ORD000557,100.45,38,BUY
1846,ORD001846,ORD000862,100.45,27,BUY
1852,ORD001852,ORD001839,100.10,29,SELL
1853,ORD001853,ORD001839,100.10,43,SELL
1857,ORD001857,ORD001853,100.10,47,BUY
1866,ORD001866,ORD001853,100.10,5,BUY
1866,ORD001866,ORD001861,100.11,12,BUY
1871,ORD001871,ORD001868,99.91,61,SELL
1875,ORD001875,ORD001861,100.11,14,BUY
1877,ORD001877,ORD001875,100.24,44,SELL
1877,ORD001877,ORD001868,99.91,15,SELL
1877,ORD001877,ORD001867,99.74,38,SELL
1881,ORD001881,ORD001867,99.74,3,SELL
1881,ORD001881,ORD001396,99.60,54,SELL
1888,ORD001888,ORD001883,100.32,13,SELL
1888,ORD001888,ORD001396,99.60,4,SELL
1888,ORD001888,ORD001729,99.60,22,SELL
1893,ORD001893,ORD001849,100.33,54,BUY
1894,ORD001894,ORD001729,99.60,18,SELL
1897,ORD001897,ORD001895,99.84,5,SELL
1898,ORD001898,ORD001849,100.33,21,BUY
1898,ORD001898,ORD001854,100.44,52,BUY
1913,ORD001913,ORD001895,99.84,19,SELL
1920,ORD001920,ORD001895,99.84,21,SELL
1921,ORD001921,ORD001895,99.84,19,SELL
1923,ORD001923,ORD001729,99.60,14,SELL
1925,ORD001925,ORD001729,99.60,20,SELL
1925,ORD001925,ORD001158,99.58,7,SELL
1925,ORD001925,ORD001603,99.58,55,SELL
1927,ORD001927,ORD001921,99.67,18,BUY
1936,ORD001936,ORD001921,99.67,32,BUY
1939,ORD001939,ORD001921,99.67,22,BUY
1941,ORD001941,ORD001921,99.67,2,BUY
1941,ORD001941,ORD001928,99.67,49,BUY
1957,ORD001957,ORD001928,99.67,22,BUY
1957,ORD001957,ORD001924,99.91,27,BUY
1957,ORD001957,ORD001899,100.01,34,BUY
1965,ORD001965,ORD001899,100.01,17,BUY
1965,ORD001965,ORD001914,100.12,43,BUY
1965,ORD001965,ORD001902,100.26,16,BUY
1969,ORD001969,ORD001958,99.83,44,SELL
1969,ORD001969,ORD001959,99.66,3,SELL
1987,ORD001987,ORD001983,100.11,5,BUY
1987,ORD001987,ORD001902,100.26,6,BUY
1987,ORD001987,ORD001978,100.27,76,BUY
1987,ORD001987,ORD001956,100.32,12,BUY
1995,ORD001995,ORD001971,99.98,3,SELL
1995,ORD001995,ORD001959,99.66,19,SELL
1996,ORD001996,ORD001994,100.17,27,BUY
1996,ORD001996,ORD001956,100.32,24,BUY
1996,ORD001996,ORD001933,100.40,28,BUY
1996,ORD001996,ORD001945,100.42,9,BUY
1996,ORD001996,ORD001982,100.42,8,BUY
1996,ORD001996,ORD000862,100.45,4,BUY
2004,ORD002004,ORD002001,100.26,31,SELL
2005,ORD002005,ORD000862,100.45,15,BUY
2005,ORD002005,ORD000999,100.45,20,BUY
2013,ORD002013,ORD002009,100.34,16,BUY
2016,ORD002016,ORD002001,100.26,22,SELL
2016,ORD002016,ORD002006,99.97,6,SELL
2016,ORD002016,ORD002012,99.75,19,SELL
2018,ORD002018,ORD002017,100.08,61,BUY
2027,ORD002027,ORD002020,99.99,39,SELL
2027,ORD002027,ORD002023,99.79,21,SELL
2027,ORD002027,ORD002012,99.75,29,SELL
2040,ORD002040,ORD002028,99.92,37,SELL
2045,ORD002045,ORD002028,99.92,40,SELL
2045,ORD002045,ORD002012,99.75,3,SELL
2051,ORD002051,ORD002012,99.75,42,SELL
2051,ORD002051,ORD001959,99.66,10,SELL
2051,ORD002051,ORD001955,99.61,31,SELL
2051,ORD002051,ORD001603,99.58,11,SELL
2057,ORD002057,ORD002044,100.04,19,BUY
2065,ORD002065,ORD002058,99.92,8,BUY
2065,ORD002065,ORD002044,100.04,19,BUY
2065,ORD002065,ORD002017,100.08,2,BUY
2066,ORD002066,ORD002065,100.16,11,SELL
2068,ORD002068,ORD002009,100.34,39,BUY
2068,ORD002068,ORD002036,100.41,35,BUY
2071,ORD002071,ORD002065,100.16,42,SELL
2074,ORD002074,ORD002065,100.16,2,SELL
2074,ORD002074,ORD002054,99.77,59,SELL
2074,ORD002074,ORD002073,99.75,14,SELL
2078,ORD002078,ORD002077,99.82,5,BUY
2086,ORD002086,ORD002077,99.82,22,BUY
2086,ORD002086,ORD002080,99.93,6,BUY
2093,ORD002093,ORD002080,99.93,16,BUY
2094,ORD002094,ORD002073,99.75,37,SELL
2094,ORD002094,ORD002076,99.74,1,SELL
2094,ORD002094,ORD002085,99.66,6,SELL
2094,ORD002094,ORD001603,99.58,33,SELL
2094,ORD002094,ORD001572,99.57,5,SELL
2109,ORD002109,ORD002103,99.82,2,BUY
2109,ORD002109,ORD002080,99.93,38,BUY
2112,ORD002112,ORD002105,99.60,48,SELL
2112,ORD002112,ORD001572,99.57,7,SELL
2117,ORD002117,ORD002080,99.93,25,BUY
2117,ORD002117,ORD002036,100.41,52,BUY
2120,ORD002120,ORD002117,100.41,10,SELL
2123,ORD002123,ORD002120,100.12,60,BUY
2125,ORD002125,ORD002123,100.23,3,SELL
2127,ORD002127,ORD002125,99.77,42,BUY
2135,ORD002135,ORD002127,100.25,11,SELL
2137,ORD002137,ORD002135,99.90,15,BUY
2140,ORD002140,ORD002122,100.26,44,BUY
2166,ORD002166,ORD002144,100.12,25,BUY
2192,ORD002192,ORD002176,99.98,19,SELL
2203,ORD002203,ORD002177,100.05,6,BUY
2206,ORD002206,ORD002177,100.05,29,BUY
2209,ORD002209,ORD002177,100.05,29,BUY
2215,ORD002215,ORD002176,99.98,40,SELL
2215,ORD002215,ORD002197,99.93,24,SELL
2218,ORD002218,ORD002197,99.93,11,SELL
2218,ORD002218,ORD002137,99.91,37,SELL
2218,ORD002218,ORD002161,99.86,7,SELL
2224,ORD002224,ORD002161,99.86,9,SELL
2224,ORD002224,ORD002159,99.85,47,SELL
2224,ORD002224,ORD002171,99.73,36,SELL
2245,ORD002245,ORD002177,100.05,27,BUY
2245,ORD002245,ORD002208,100.06,51,BUY
2247,ORD002247,ORD002208,100.06,37,BUY
2247,ORD002247,ORD002187,100.08,11,BUY
2249,ORD002249,ORD002230,99.76,37,SELL
2255,ORD002255,ORD002230,99.76,12,SELL
2255,ORD002255,ORD002185,99.72,29,SELL
2265,ORD002265,ORD002260,99.94,4,SELL
2266,ORD002266,ORD002185,99.72,55,SELL
2266,ORD002266,ORD002264,99.64,37,SELL
2269,ORD002269,ORD002264,99.64,2,SELL
2272,ORD002272,ORD002265,99.83,34,BUY
2272,ORD002272,ORD002187,100.08,40,BUY
2273,ORD002273,ORD002187,100.08,42,BUY
2273,ORD002273,ORD002144,100.12,30,BUY
2273,ORD002273,ORD002174,100.18,19,BUY
2275,ORD002275,ORD002174,100.18,5,BUY
2275,ORD002275,ORD002160,100.19,58,BUY
2288,ORD002288,ORD002285,100.00,19,BUY
2301,ORD002301,ORD002293,99.94,19,BUY
2301,ORD002301,ORD002285,100.00,7,BUY
2303,ORD002303,ORD002285,100.00,17,BUY
2303,ORD002303,ORD002160,100.19,17,BUY
2303,ORD002303,ORD002122,100.26,39,BUY
2303,ORD002303,ORD002158,100.26,13,BUY
2303,ORD002303,ORD002258,100.29,8,BUY
2304,ORD002304,ORD002264,99.64,59,SELL
2306,ORD002306,ORD002305,99.78,17,BUY
2307,ORD002307,ORD002305,99.78,70,BUY
2307,ORD002307,ORD002258,100.29,26,BUY
2316,ORD002316,ORD002313,99.94,3,BUY
2320,ORD002320,ORD002313,99.94,45,BUY
2322,ORD002322,ORD002264,99.64,1,SELL
2322,ORD002322,ORD002311,99.62,47,SELL
2324,ORD002324,ORD002311,99.62,12,SELL
2324,ORD002324,ORD002279,99.61,42,SELL
2335,ORD002335,ORD002313,99.94,7,BUY
2335,ORD002335,ORD002309,99.98,84,BUY
2339,ORD002339,ORD002309,99.98,3,BUY
2340,ORD002340,ORD002258,100.29,17,BUY
2340,ORD002340,ORD002219,100.31,17,BUY
2344,ORD002344,ORD002299,100.37,47,BUY
2346,ORD002346,ORD002340,100.34,47,SELL
2346,ORD002346,ORD002339,100.02,41,SELL
2357,ORD002357,ORD002339,100.02,5,SELL
2357,ORD002357,ORD002350,99.85,16,SELL
2358,ORD002358,ORD002357,99.76,63,BUY
2361,ORD002361,ORD002357,99.76,15,BUY
2361,ORD002361,ORD002356,100.13,26,BUY
2363,ORD002363,ORD002361,100.22,25,SELL
2373,ORD002373,ORD002279,99.61,3,SELL
2381,ORD002381,ORD002363,99.79,14,BUY
2385,ORD002385,ORD002363,99.79,3,BUY
2385,ORD002385,ORD002372,99.81,22,BUY
2386,ORD002386,ORD002370,100.30,10,BUY
2387,ORD002387,ORD002385,100.17,9,SELL
2388,ORD002388,ORD002387,99.93,9,BUY
2395,ORD002395,ORD002388,100.15,14,SELL
2400,ORD002400,ORD002391,100.16,38,BUY
2411,ORD002411,ORD002396,100.28,13,BUY
2412,ORD002412,ORD002400,100.19,58,SELL
2412,ORD002412,ORD002388,100.15,36,SELL
2413,ORD002413,ORD002388,100.15,27,SELL
2417,ORD002417,ORD002388,100.15,11,SELL
2419,ORD002419,ORD002417,99.92,22,BUY
2420,ORD002420,ORD002417,99.92,10,BUY
2420,ORD002420,ORD002414,100.22,1,BUY
2420,ORD002420,ORD002396,100.28,46,BUY
2420,ORD002420,ORD002370,100.30,16,BUY
2420,ORD002420,ORD002299,100.37,2,BUY
2434,ORD002434,ORD002423,99.94,13,SELL
2434,ORD002434,ORD002406,99.83,54,SELL
2439,ORD002439,ORD002299,100.37,5,BUY
2439,ORD002439,ORD000999,100.45,35,BUY
2441,ORD002441,ORD000999,100.45,18,BUY
2453,ORD002453,ORD002406,99.83,1,SELL
2453,ORD002453,ORD002380,99.74,59,SELL
2453,ORD002453,ORD002436,99.71,12,SELL
2460,ORD002460,ORD002436,99.71,35,SELL
2469,ORD002469,ORD002462,99.80,70,BUY
2478,ORD002478,ORD002436,99.71,13,SELL
2478,ORD002478,ORD002418,99.67,33,SELL
2483,ORD002483,ORD002418,99.67,22,SELL
2486,ORD002486,ORD002279,99.61,4,SELL
2489,ORD002489,ORD002483,99.67,61,BUY
2489,ORD002489,ORD002474,99.75,33,BUY
2490,ORD002490,ORD002487,99.66,33,SELL
2497,ORD002497,ORD002474,99.75,1,BUY
2507,ORD002507,ORD002487,99.66,31,SELL
2510,ORD002510,ORD002507,99.64,18,BUY
2525,ORD002525,ORD002507,99.64,17,BUY
2526,ORD002526,ORD002279,99.61,45,SELL
2535,ORD002535,ORD002507,99.64,24,BUY
2535,ORD002535,ORD002474,99.75,7,BUY
2536,ORD002536,ORD002279,99.61,1,SELL
2536,ORD002536,ORD001572,99.57,4,SELL
2540,ORD002540,ORD001572,99.57,51,SELL
2540,ORD002540,ORD001553,99.56,47,SELL
2541,ORD002541,ORD002474,99.75,35,BUY
2541,ORD002541,ORD002462,99.80,5,BUY
2549,ORD002549,ORD002548,99.93,36,SELL
2553,ORD002553,ORD002548,99.93,2,SELL
2553,ORD002553,ORD002541,99.89,3,SELL
2561,ORD002561,ORD002541,99.89,1,SELL
2561,ORD002561,ORD002558,99.64,30,SELL
2561,ORD002561,ORD001553,99.56,2,SELL
2561,ORD002561,ORD002502,99.56,10,SELL
2561,ORD002561,ORD001071,99.55,11,SELL
2561,ORD002561,ORD001829,99.55,38,SELL
2562,ORD002562,ORD001829,99.55,46,SELL
2565,ORD002565,ORD001829,99.55,14,SELL
2565,ORD002565,ORD001952,99.54,16,SELL
2565,ORD002565,ORD001044,99.53,25,SELL
2566,ORD002566,ORD002481,99.94,20,BUY
2566,ORD002566,ORD002484,99.95,58,BUY
2573,ORD002573,ORD002568,99.90,6,BUY
2573,ORD002573,ORD002484,99.95,23,BUY
2577,ORD002577,ORD002574,99.80,15,BUY
2583,ORD002583,ORD002574,99.80,44,BUY
2585,ORD002585,ORD002574,99.80,2,BUY
2588,ORD002588,ORD002574,99.80,7,BUY
2588,ORD002588,ORD002587,99.82,5,BUY
2588,ORD002588,ORD002484,99.95,5,BUY
2598,ORD002598,ORD002597,99.74,39,BUY
2598,ORD002598,ORD002484,99.95,5,BUY
2598,ORD002598,ORD002533,100.01,18,BUY
2598,ORD002598,ORD002488,100.08,13,BUY
2604,ORD002604,ORD002488,100.08,78,BUY
2606,ORD002606,ORD002488,100.08,6,BUY
2607,ORD002607,ORD002488,100.08,2,BUY
2607,ORD002607,ORD002505,100.13,2,BUY
2620,ORD002620,ORD002617,100.05,9,BUY
2623,ORD002623,ORD002617,100.05,17,BUY
2623,ORD002623,ORD002622,100.09,21,BUY
2625,ORD002625,ORD002612,100.01,15,SELL
2627,ORD002627,ORD002622,100.09,24,BUY
2627,ORD002627,ORD002505,100.13,61,BUY
2630,ORD002630,ORD002505,100.13,28,BUY
2630,ORD002630,ORD002476,100.21,7,BUY
2631,ORD002631,ORD002612,100.01,81,SELL
2631,ORD002631,ORD001044,99.53,9,SELL
2631,ORD002631,ORD001397,99.53,5,SELL
2631,ORD002631,ORD000655,99.52,4,SELL
2647,ORD002647,ORD002643,99.98,6,SELL
2648,ORD002648,ORD002647,99.83,65,BUY
2649,ORD002649,ORD002633,99.82,44,SELL
2649,ORD002649,ORD000655,99.52,36,SELL
2649,ORD002649,ORD001469,99.52,16,SELL
2650,ORD002650,ORD002647,99.83,24,BUY
2650,ORD002650,ORD002476,100.21,9,BUY
2650,ORD002650,ORD002530,100.23,43,BUY
2655,ORD002655,ORD002651,100.15,42,SELL
2655,ORD002655,ORD001469,99.52,9,SELL
2655,ORD002655,ORD000894,99.51,13,SELL
2661,ORD002661,ORD002530,100.23,41,BUY
2661,ORD002661,ORD002485,100.31,23,BUY
2687,ORD002687,ORD002667,99.87,22,SELL
2689,ORD002689,ORD002660,99.54,30,SELL
2692,ORD002692,ORD002687,99.82,45,BUY
2698,ORD002698,ORD002674,100.13,47,BUY
2702,ORD002702,ORD002692,100.02,10,SELL
2702,ORD002702,ORD002660,99.54,31,SELL
2702,ORD002702,ORD002690,99.54,7,SELL
2704,ORD002704,ORD002690,99.54,12,SELL
2704,ORD002704,ORD000894,99.51,78,SELL
2710,ORD002710,ORD002699,100.03,16,BUY
2737,ORD002737,ORD002727,99.70,25,SELL
2737,ORD002737,ORD002708,99.53,74,SELL
2741,ORD002741,ORD002708,99.53,18,SELL
2747,ORD002747,ORD002741,99.52,36,BUY
2747,ORD002747,ORD002742,99.75,38,BUY
2766,ORD002766,ORD002757,99.67,54,SELL
2769,ORD002769,ORD002757,99.67,6,SELL
2769,ORD002769,ORD002753,99.65,26,SELL
2771,ORD002771,ORD002761,99.52,84,SELL
2773,ORD002773,ORD002769,99.53,9,BUY
2773,ORD002773,ORD002772,99.64,49,BUY
2778,ORD002778,ORD002761,99.52,15,SELL
2778,ORD002778,ORD000894,99.51,5,SELL
2778,ORD002778,ORD001314,99.51,17,SELL
2780,ORD002780,ORD002772,99.64,6,BUY
2780,ORD002780,ORD002776,99.70,1,BUY
2781,ORD002781,ORD002780,99.72,26,SELL
2788,ORD002788,ORD002781,99.56,9,BUY
2788,ORD002788,ORD002785,99.71,13,BUY
2788,ORD002788,ORD002742,99.75,8,BUY
2788,ORD002788,ORD002756,99.75,64,BUY
2789,ORD002789,ORD001314,99.51,42,SELL
2790,ORD002790,ORD002756,99.75,7,BUY
2797,ORD002797,ORD002754,99.96,27,BUY
2797,ORD002797,ORD002730,99.97,26,BUY
2797,ORD002797,ORD002712,99.99,34,BUY
2803,ORD002803,ORD002792,99.87,44,SELL
2811,ORD002811,ORD002792,99.87,37,SELL
2829,ORD002829,ORD002712,99.99,26,BUY
2830,ORD002830,ORD002792,99.87,4,SELL
2834,ORD002834,ORD002712,99.99,5,BUY
2840,ORD002840,ORD002792,99.87,8,SELL
2840,ORD002840,ORD002824,99.83,3,SELL
2840,ORD002840,ORD002790,99.81,6,SELL
2851,ORD002851,ORD002839,99.79,28,SELL
2862,ORD002862,ORD002840,99.81,2,BUY
2870,ORD002870,ORD002712,99.99,14,BUY
2870,ORD002870,ORD002699,100.03,1,BUY
2875,ORD002875,ORD002862,99.85,87,SELL
2875,ORD002875,ORD002865,99.83,9,SELL
2875,ORD002875,ORD002839,99.79,1,SELL
2876,ORD002876,ORD002839,99.79,37,SELL
2876,ORD002876,ORD002863,99.79,23,SELL
2876,ORD002876,ORD002800,99.77,6,SELL
2881,ORD002881,ORD002871,99.99,27,BUY
2892,ORD002892,ORD002871,99.99,21,BUY
2895,ORD002895,ORD002890,99.98,8,SELL
2908,ORD002908,ORD002890,99.98,34,SELL
2908,ORD002908,ORD002898,99.94,22,SELL
2911,ORD002911,ORD002871,99.99,12,BUY
2927,ORD002927,ORD002871,99.99,22,BUY
2927,ORD002927,ORD002921,100.00,35,BUY
2931,ORD002931,ORD002921,100.00,23,BUY
2935,ORD002935,ORD002898,99.94,31,SELL
2935,ORD002935,ORD002888,99.92,3,SELL
2935,ORD002935,ORD002877,99.90,15,SELL
2936,ORD002936,ORD002877,99.90,47,SELL
2937,ORD002937,ORD002921,100.00,16,BUY
2937,ORD002937,ORD002930,100.00,23,BUY
2938,ORD002938,ORD002930,100.00,61,BUY
2940,ORD002940,ORD002877,99.90,25,SELL
2940,ORD002940,ORD002889,99.79,7,SELL
2947,ORD002947,ORD002930,100.00,15,BUY
2947,ORD002947,ORD002699,100.03,6,BUY
2951,ORD002951,ORD002889,99.79,19,SELL
2962,ORD002962,ORD002952,99.91,29,SELL
2964,ORD002964,ORD002952,99.91,55,SELL
2965,ORD002965,ORD002699,100.03,5,BUY
2978,ORD002978,ORD002699,100.03,44,BUY
2978,ORD002978,ORD002926,100.08,22,BUY
2986,ORD002986,ORD002952,99.91,9,SELL
2986,ORD002986,ORD002983,99.88,20,SELL
2986,ORD002986,ORD002959,99.87,4,SELL
3004,ORD003004,ORD002959,99.87,13,SELL
3013,ORD003013,ORD003008,99.98,13,SELL
3013,ORD003013,ORD002959,99.87,57,SELL
3013,ORD003013,ORD002889,99.79,3,SELL
3018,ORD003018,ORD003017,99.96,42,SELL
3032,ORD003032,ORD002889,99.79,9,SELL
3032,ORD003032,ORD002976,99.78,17,SELL
3032,ORD003032,ORD002800,99.77,3,SELL
3034,ORD003034,ORD003028,99.86,32,BUY
3036,ORD003036,ORD003028,99.86,12,BUY
3036,ORD003036,ORD003018,99.90,30,BUY
3036,ORD003036,ORD002926,100.08,6,BUY
3036,ORD003036,ORD003031,100.11,20,BUY
3039,ORD003039,ORD003036,100.12,7,SELL
3039,ORD003039,ORD002800,99.77,20,SELL
3039,ORD003039,ORD002843,99.77,62,SELL
3041,ORD003041,ORD002674,100.13,13,BUY
3041,ORD003041,ORD002872,100.13,52,BUY
3052,ORD003052,ORD002872,100.13,1,BUY
3052,ORD003052,ORD002949,100.16,42,BUY
3052,ORD003052,ORD002974,100.16,33,BUY
3057,ORD003057,ORD002843,99.77,35,SELL
3057,ORD003057,ORD002905,99.76,17,SELL
3062,ORD003062,ORD002974,100.16,14,BUY
3062,ORD003062,ORD002663,100.17,27,BUY
3062,ORD003062,ORD002884,100.17,34,BUY
3062,ORD003062,ORD002984,100.20,7,BUY
3064,ORD003064,ORD002905,99.76,16,SELL
3064,ORD003064,ORD002822,99.63,54,SELL
3064,ORD003064,ORD002906,99.61,8,SELL
3068,ORD003068,ORD002984,100.20,45,BUY
3068,ORD003068,ORD002819,100.22,5,BUY
3074,ORD003074,ORD003072,99.77,5,SELL
3093,ORD003093,ORD003091,99.85,69,SELL
3093,ORD003093,ORD003072,99.77,19,SELL
3097,ORD003097,ORD003070,100.05,45,BUY
3097,ORD003097,ORD002819,100.22,4,BUY
3100,ORD003100,ORD003072,99.77,19,SELL
3119,ORD003119,ORD003117,99.86,23,BUY
3128,ORD003128,ORD003117,99.86,16,BUY
3133,ORD003133,ORD003117,99.86,29,BUY
3145,ORD003145,ORD003118,99.81,6,SELL
3145,ORD003145,ORD003140,99.78,22,SELL
3146,ORD003146,ORD003117,99.86,9,BUY
3146,ORD003146,ORD003124,99.86,41,BUY
3146,ORD003146,ORD003136,99.86,6,BUY
3149,ORD003149,ORD003136,99.86,53,BUY
3155,ORD003155,ORD003143,100.03,19,BUY
3155,ORD003155,ORD002819,100.22,7,BUY
3163,ORD003163,ORD003153,99.97,11,SELL
3163,ORD003163,ORD003149,99.86,20,SELL
3163,ORD003163,ORD003140,99.78,51,SELL
3163,ORD003163,ORD003072,99.77,7,SELL
3165,ORD003165,ORD003160,100.20,32,BUY
3165,ORD003165,ORD002819,100.22,41,BUY
3170,ORD003170,ORD003168,99.78,64,BUY
3173,ORD003173,ORD003168,99.78,7,BUY
3183,ORD003183,ORD003168,99.78,15,BUY
3183,ORD003183,ORD002819,100.22,1,BUY
3183,ORD003183,ORD003086,100.23,50,BUY
3186,ORD003186,ORD003086,100.23,2,BUY
3204,ORD003204,ORD003184,100.02,8,SELL
3207,ORD003207,ORD003206,100.04,11,SELL
3207,ORD003207,ORD003184,100.02,6,SELL
3207,ORD003207,ORD003072,99.77,49,SELL
3207,ORD003207,ORD003199,99.76,10,SELL
3207,ORD003207,ORD003127,99.71,1,SELL
3207,ORD003207,ORD003094,99.70,6,SELL
3207,ORD003207,ORD002906,99.61,13,SELL
3214,ORD003214,ORD003213,99.86,49,BUY
3228,ORD003228,ORD003209,99.82,41,SELL
3228,ORD003228,ORD003223,99.77,17,SELL
3234,ORD003234,ORD003213,99.86,48,BUY
3235,ORD003235,ORD003234,100.20,2,SELL
3235,ORD003235,ORD003223,99.77,61,SELL
3236,ORD003236,ORD003222,99.66,46,SELL
3236,ORD003236,ORD002906,99.61,4,SELL
3246,ORD003246,ORD003239,100.06,60,SELL
3258,ORD003258,ORD003248,100.18,36,BUY
3258,ORD003258,ORD003202,100.21,11,BUY
3259,ORD003259,ORD003239,100.06,2,SELL
3259,ORD003259,ORD003255,99.78,42,SELL
3260,ORD003260,ORD003255,99.78,22,SELL
3266,ORD003266,ORD002906,99.61,30,SELL
3266,ORD003266,ORD003241,99.61,68,SELL
3267,ORD003267,ORD003260,99.66,32,BUY
3275,ORD003275,ORD003271,99.86,37,SELL
3277,ORD003277,ORD003275,99.78,13,BUY
3277,ORD003277,ORD003272,99.90,26,BUY
3278,ORD003278,ORD003202,100.21,33,BUY
3281,ORD003281,ORD003277,100.04,8,SELL
3284,ORD003284,ORD003281,99.91,36,BUY
3292,ORD003292,ORD003287,99.85,48,SELL
3292,ORD003292,ORD003280,99.80,45,SELL
3296,ORD003296,ORD003280,99.80,48,SELL
3296,ORD003296,ORD003267,99.74,16,SELL
3298,ORD003298,ORD003281,99.91,19,BUY
3299,ORD003299,ORD003298,100.19,72,SELL
3308,ORD003308,ORD003301,100.09,56,SELL
3315,ORD003315,ORD003267,99.74,23,SELL
3315,ORD003315,ORD003241,99.61,9,SELL
3315,ORD003315,ORD003306,99.60,22,SELL
3321,ORD003321,ORD003308,99.87,31,BUY
3321,ORD003321,ORD003299,100.17,14,BUY
3321,ORD003321,ORD003202,100.21,11,BUY
3321,ORD003321,ORD003086,100.23,9,BUY
3322,ORD003322,ORD003317,99.71,40,SELL
3334,ORD003334,ORD003326,99.94,10,SELL
3335,ORD003335,ORD003334,99.72,23,BUY
3335,ORD003335,ORD003323,100.02,58,BUY
3340,ORD003340,ORD003317,99.71,3,SELL
3340,ORD003340,ORD003320,99.61,20,SELL
3340,ORD003340,ORD003306,99.60,1,SELL
3354,ORD003354,ORD003306,99.60,12,SELL
3361,ORD003361,ORD003352,99.77,51,BUY
3373,ORD003373,ORD003352,99.77,10,BUY
3376,ORD003376,ORD003373,99.82,38,SELL
3384,ORD003384,ORD003376,99.69,31,BUY
3387,ORD003387,ORD003376,99.69,8,BUY
3395,ORD003395,ORD003389,99.81,25,SELL
3402,ORD003402,ORD003389,99.81,13,SELL
3403,ORD003403,ORD003402,99.74,83,BUY
3403,ORD003403,ORD003364,99.84,2,BUY
3404,ORD003404,ORD003364,99.84,30,BUY
3404,ORD003404,ORD003393,99.87,63,BUY
3408,ORD003408,ORD003393,99.87,15,BUY
3408,ORD003408,ORD003345,99.89,10,BUY
3408,ORD003408,ORD003344,99.91,25,BUY
3415,ORD003415,ORD003387,99.72,17,SELL
3415,ORD003415,ORD003363,99.66,75,SELL
3415,ORD003415,ORD003306,99.60,6,SELL
3422,ORD003422,ORD003418,99.69,50,BUY
3424,ORD003424,ORD003306,99.60,12,SELL
3424,ORD003424,ORD002791,99.59,21,SELL
3427,ORD003427,ORD003418,99.69,40,BUY
3427,ORD003427,ORD003410,99.81,7,BUY
3431,ORD003431,ORD002791,99.59,18,SELL
3431,ORD003431,ORD003201,99.59,15,SELL
3435,ORD003435,ORD003433,99.67,12,BUY
3435,ORD003435,ORD003410,99.81,14,BUY
3436,ORD003436,ORD003410,99.81,11,BUY
3436,ORD003436,ORD003344,99.91,2,BUY
3437,ORD003437,ORD003344,99.91,11,BUY
3438,ORD003438,ORD003385,99.98,32,BUY
3450,ORD003450,ORD003437,99.95,53,SELL
3457,ORD003457,ORD003385,99.98,11,BUY
3457,ORD003457,ORD003323,100.02,24,BUY
3457,ORD003457,ORD003405,100.05,3,BUY
3460,ORD003460,ORD003405,100.05,62,BUY
3465,ORD003465,ORD003405,100.05,13,BUY
3465,ORD003465,ORD003413,100.08,11,BUY
3465,ORD003465,ORD003412,100.10,4,BUY
3466,ORD003466,ORD003437,99.95,7,SELL
3466,ORD003466,ORD003452,99.60,19,SELL
3466,ORD003466,ORD003201,99.59,26,SELL
3475,ORD003475,ORD003412,100.10,36,BUY
3475,ORD003475,ORD003442,100.20,3,BUY
3487,ORD003487,ORD003201,99.59,35,SELL
3487,ORD003487,ORD003291,99.59,41,SELL
3493,ORD003493,ORD003488,99.87,20,BUY
3500,ORD003500,ORD003488,99.87,9,BUY
3501,ORD003501,ORD003479,100.03,9,BUY
3501,ORD003501,ORD003481,100.05,14,BUY
3504,ORD003504,ORD003481,100.05,8,BUY
3504,ORD003504,ORD003442,100.20,29,BUY
3504,ORD003504,ORD003086,100.23,3,BUY
3506,ORD003506,ORD003086,100.23,17,BUY
3506,ORD003506,ORD003420,100.23,30,BUY
3511,ORD003511,ORD003506,100.24,16,SELL
3511,ORD003511,ORD003500,99.98,28,SELL
3516,ORD003516,ORD003210,100.25,17,BUY
3521,ORD003521,ORD003500,99.98,9,SELL
3527,ORD003527,ORD003500,99.98,43,SELL
3532,ORD003532,ORD003520,100.02,61,BUY
3535,ORD003535,ORD003210,100.25,6,BUY
3539,ORD003539,ORD003532,100.06,4,SELL
3541,ORD003541,ORD003500,99.98,1,SELL
3541,ORD003541,ORD003540,99.67,29,SELL
3543,ORD003543,ORD003539,100.06,30,BUY
3543,ORD003543,ORD003210,100.25,6,BUY
3544,ORD003544,ORD003540,99.67,46,SELL
3544,ORD003544,ORD003533,99.65,48,SELL
3550,ORD003550,ORD003533,99.65,17,SELL
3554,ORD003554,ORD003552,99.91,1,BUY
3555,ORD003555,ORD003552,99.91,12,BUY
3578,ORD003578,ORD003555,99.99,23,SELL
3578,ORD003578,ORD003566,99.86,17,SELL
3579,ORD003579,ORD003566,99.86,37,SELL
3580,ORD003580,ORD003577,100.20,53,BUY
3580,ORD003580,ORD003551,100.23,25,BUY
3586,ORD003586,ORD003582,99.96,12,BUY
3587,ORD003587,ORD003566,99.86,13,SELL
3590,ORD003590,ORD003582,99.96,16,BUY
3590,ORD003590,ORD003589,100.16,6,BUY
3593,ORD003593,ORD003589,100.16,70,BUY
3593,ORD003593,ORD003551,100.23,8,BUY
3593,ORD003593,ORD003210,100.25,10,BUY
3594,ORD003594,ORD003566,99.86,18,SELL
3594,ORD003594,ORD003576,99.66,18,SELL
3594,ORD003594,ORD003533,99.65,30,SELL
3594,ORD003594,ORD003291,99.59,1,SELL
3622,ORD003622,ORD003614,99.78,37,BUY
3624,ORD003624,ORD003619,100.05,14,BUY
3626,ORD003626,ORD003619,100.05,1,BUY
3628,ORD003628,ORD003622,99.80,25,SELL
3632,ORD003632,ORD003622,99.80,5,SELL
3632,ORD003632,ORD003600,99.73,56,SELL
3633,ORD003633,ORD003619,100.05,3,BUY
3633,ORD003633,ORD003625,100.11,43,BUY
3639,ORD003639,ORD003638,100.05,2,BUY
3641,ORD003641,ORD003638,100.05,26,BUY
3641,ORD003641,ORD003625,100.11,5,BUY
3643,ORD003643,ORD003625,100.11,38,BUY
3643,ORD003643,ORD003640,100.20,51,BUY
3646,ORD003646,ORD003645,100.04,53,BUY
3646,ORD003646,ORD003640,100.20,22,BUY
3647,ORD003647,ORD003642,99.98,69,SELL
3647,ORD003647,ORD003644,99.74,1,SELL
3647,ORD003647,ORD003600,99.73,18,SELL
3647,ORD003647,ORD003623,99.65,2,SELL
3654,ORD003654,ORD003653,99.84,16,BUY
3655,ORD003655,ORD003654,99.89,21,SELL
3661,ORD003661,ORD003654,99.89,61,SELL
3668,ORD003668,ORD003661,99.89,16,BUY
3668,ORD003668,ORD003663,100.15,8,BUY
3676,ORD003676,ORD003672,100.13,27,SELL
3676,ORD003676,ORD003623,99.65,38,SELL
3676,ORD003676,ORD003604,99.63,33,SELL
3679,ORD003679,ORD003663,100.15,20,BUY
3679,ORD003679,ORD003640,100.20,3,BUY
3679,ORD003679,ORD003210,100.25,2,BUY
3681,ORD003681,ORD003210,100.25,22,BUY
3681,ORD003681,ORD002683,100.26,19,BUY
3689,ORD003689,ORD003680,100.24,83,SELL
3689,ORD003689,ORD003688,100.21,10,SELL
3692,ORD003692,ORD003688,100.21,39,SELL
3705,ORD003705,ORD003698,99.83,54,SELL
3707,ORD003707,ORD003692,99.93,11,BUY
3710,ORD003710,ORD003692,99.93,24,BUY
3711,ORD003711,ORD003710,99.97,25,SELL
3720,ORD003720,ORD003710,99.97,44,SELL
3720,ORD003720,ORD003718,99.91,46,SELL
3720,ORD003720,ORD003698,99.83,4,SELL
3726,ORD003726,ORD002683,100.26,53,BUY
3727,ORD003727,ORD002683,100.26,8,BUY
3727,ORD003727,ORD002885,100.27,71,BUY
3730,ORD003730,ORD002885,100.27,23,BUY
3730,ORD003730,ORD002664,100.28,1,BUY
3732,ORD003732,ORD003698,99.83,25,SELL
3732,ORD003732,ORD003714,99.83,48,SELL
3737,ORD003737,ORD003678,99.81,11,SELL
3737,ORD003737,ORD003706,99.81,29,SELL
3740,ORD003740,ORD003732,99.82,4,BUY
3743,ORD003743,ORD003734,100.21,58,BUY
3744,ORD003744,ORD003740,99.89,5,SELL
3759,ORD003759,ORD003734,100.21,19,BUY
3759,ORD003759,ORD002664,100.28,81,BUY
3762,ORD003762,ORD002664,100.28,2,BUY
3762,ORD003762,ORD002933,100.29,25,BUY
3762,ORD003762,ORD003451,100.29,26,BUY
3762,ORD003762,ORD002485,100.31,33,BUY
3768,ORD003768,ORD003750,100.19,8,SELL
3768,ORD003768,ORD003740,99.89,44,SELL
3768,ORD003768,ORD003754,99.86,13,SELL
3768,ORD003768,ORD003706,99.81,2,SELL
3781,ORD003781,ORD003770,100.24,73,BUY
3782,ORD003782,ORD003772,100.10,19,SELL
3783,ORD003783,ORD003772,100.10,10,SELL
3791,ORD003791,ORD003706,99.81,4,SELL
3796,ORD003796,ORD003783,99.87,75,BUY
3796,ORD003796,ORD003790,100.10,11,BUY
3798,ORD003798,ORD003790,100.10,9,BUY
3802,ORD003802,ORD003706,99.81,33,SELL
3802,ORD003802,ORD003774,99.75,15,SELL
3804,ORD003804,ORD003774,99.75,57,SELL
3804,ORD003804,ORD003787,99.71,1,SELL
3806,ORD003806,ORD003787,99.71,12,SELL
3808,ORD003808,ORD003790,100.10,9,BUY
3809,ORD003809,ORD003787,99.71,6,SELL
3809,ORD003809,ORD003736,99.70,51,SELL
3809,ORD003809,ORD003604,99.63,11,SELL
3810,ORD003810,ORD003604,99.63,25,SELL
3813,ORD003813,ORD003790,100.10,14,BUY
3819,ORD003819,ORD003604,99.63,22,SELL
3820,ORD003820,ORD003604,99.63,1,SELL
3820,ORD003820,ORD003704,99.61,50,SELL
3830,ORD003830,ORD003823,99.77,19,BUY
3830,ORD003830,ORD003824,99.93,4,BUY
3834,ORD003834,ORD003824,99.93,20,BUY
3834,ORD003834,ORD003790,100.10,11,BUY
3840,ORD003840,ORD003832,99.76,43,SELL
3853,ORD003853,ORD003842,99.93,23,SELL
3855,ORD003855,ORD003790,100.10,45,BUY
3855,ORD003855,ORD003770,100.24,26,BUY
3855,ORD003855,ORD003850,100.25,8,BUY
3864,ORD003864,ORD003850,100.25,16,BUY
3871,ORD003871,ORD003867,99.96,68,BUY
3871,ORD003871,ORD003850,100.25,6,BUY
3878,ORD003878,ORD003872,100.15,14,BUY
3879,ORD003879,ORD003832,99.76,27,SELL
3879,ORD003879,ORD003848,99.73,30,SELL
3879,ORD003879,ORD003704,99.61,26,SELL
3882,ORD003882,ORD003872,100.15,40,BUY
3883,ORD003883,ORD003872,100.15,34,BUY
3885,ORD003885,ORD003883,100.23,40,SELL
3887,ORD003887,ORD003704,99.61,10,SELL
3887,ORD003887,ORD003717,99.60,28,SELL
3893,ORD003893,ORD003885,100.00,46,BUY
3897,ORD003897,ORD003892,99.61,14,SELL
3897,ORD003897,ORD003717,99.60,10,SELL
3897,ORD003897,ORD003738,99.60,23,SELL
3909,ORD003909,ORD003905,99.82,31,BUY
3911,ORD003911,ORD003902,99.77,1,SELL
3912,ORD003912,ORD003902,99.77,27,SELL
3916,ORD003916,ORD003905,99.82,48,BUY
3916,ORD003916,ORD003913,99.96,9,BUY
3920,ORD003920,ORD003917,99.87,1,BUY
3920,ORD003920,ORD003913,99.96,4,BUY
3920,ORD003920,ORD003885,100.00,5,BUY
3920,ORD003920,ORD003888,100.01,4,BUY
3926,ORD003926,ORD003902,99.77,22,SELL
3927,ORD003927,ORD003902,99.77,16,SELL
3933,ORD003933,ORD003738,99.60,24,SELL
3935,ORD003935,ORD003927,99.72,28,BUY
3936,ORD003936,ORD003927,99.72,15,BUY
3936,ORD003936,ORD003931,99.73,27,BUY
3938,ORD003938,ORD003931,99.73,13,BUY
3941,ORD003941,ORD003931,99.73,60,BUY
3941,ORD003941,ORD003925,99.90,10,BUY
3946,ORD003946,ORD003738,99.60,27,SELL
3946,ORD003946,ORD003291,99.59,46,SELL
3946,ORD003946,ORD003225,99.58,1,SELL
3952,ORD003952,ORD003942,99.81,87,BUY
3961,ORD003961,ORD003225,99.58,21,SELL
3962,ORD003962,ORD003942,99.81,6,BUY
3962,ORD003962,ORD003925,99.90,14,BUY
3964,ORD003964,ORD003925,99.90,26,BUY
3965,ORD003965,ORD003925,99.90,26,BUY
3966,ORD003966,ORD003963,99.82,76,SELL
3977,ORD003977,ORD003966,99.71,12,BUY
3977,ORD003977,ORD003925,99.90,16,BUY
3977,ORD003977,ORD003976,99.99,46,BUY
3983,ORD003983,ORD003976,99.99,34,BUY
3983,ORD003983,ORD003888,100.01,24,BUY
3983,ORD003983,ORD003956,100.03,16,BUY
3998,ORD003998,ORD003956,100.03,3,BUY
4008,ORD004008,ORD003980,99.96,23,SELL
4008,ORD004008,ORD003987,99.84,1,SELL
4008,ORD004008,ORD004001,99.78,9,SELL
4015,ORD004015,ORD004011,100.02,4,SELL
4020,ORD004020,ORD003956,100.03,37,BUY
4021,ORD004021,ORD004011,100.02,52,SELL
4024,ORD004024,ORD003956,100.03,39,BUY
4024,ORD004024,ORD003889,100.04,48,BUY
4032,ORD004032,ORD004011,100.02,8,SELL
4033,ORD004033,ORD004011,100.02,31,SELL
4033,ORD004033,ORD004001,99.78,12,SELL
4035,ORD004035,ORD004034,99.99,7,SELL
4037,ORD004037,ORD004035,99.81,9,BUY
4049,ORD004049,ORD004035,99.81,17,BUY
4049,ORD004049,ORD003889,100.04,6,BUY
4049,ORD004049,ORD003929,100.15,11,BUY
4051,ORD004051,ORD003929,100.15,36,BUY
4051,ORD004051,ORD003850,100.25,24,BUY
4065,ORD004065,ORD004001,99.78,16,SELL
4065,ORD004065,ORD004016,99.76,8,SELL
4071,ORD004071,ORD004016,99.76,6,SELL
4093,ORD004093,ORD003850,100.25,24,BUY
4093,ORD004093,ORD004066,100.25,9,BUY
4103,ORD004103,ORD004066,100.25,43,BUY
4103,ORD004103,ORD004060,100.26,18,BUY
4103,ORD004103,ORD003904,100.29,33,BUY
4105,ORD004105,ORD003904,100.29,11,BUY
4112,ORD004112,ORD003904,100.29,48,BUY
4112,ORD004112,ORD004038,100.29,40,BUY
4123,ORD004123,ORD004091,100.18,56,SELL
4124,ORD004124,ORD004120,100.25,41,BUY
4130,ORD004130,ORD004091,100.18,36,SELL
4130,ORD004130,ORD004127,100.01,4,SELL
4130,ORD004130,ORD004094,99.95,11,SELL
4131,ORD004131,ORD004094,99.95,79,SELL
4131,ORD004131,ORD004090,99.89,10,SELL
4138,ORD004138,ORD004132,99.97,23,BUY
4138,ORD004138,ORD004120,100.25,34,BUY
4138,ORD004138,ORD004126,100.27,8,BUY
4140,ORD004140,ORD004126,100.27,2,BUY
4148,ORD004148,ORD004126,100.27,31,BUY
4148,ORD004148,ORD004038,100.29,37,BUY
4155,ORD004155,ORD004154,100.20,47,SELL
4155,ORD004155,ORD004090,99.89,40,SELL
4162,ORD004162,ORD004157,100.11,10,SELL
4164,ORD004164,ORD004162,100.11,28,BUY
4172,ORD004172,ORD004164,100.24,18,SELL
4172,ORD004172,ORD004090,99.89,37,SELL
4174,ORD004174,ORD004090,99.89,6,SELL
4174,ORD004174,ORD004087,99.88,57,SELL
4174,ORD004174,ORD004100,99.85,6,SELL
4176,ORD004176,ORD004038,100.29,9,BUY
4176,ORD004176,ORD004117,100.29,53,BUY
4176,ORD004176,ORD002485,100.31,19,BUY
4176,ORD004176,ORD003212,100.31,7,BUY
4181,ORD004181,ORD003212,100.31,45,BUY
4181,ORD004181,ORD002576,100.32,17,BUY
4183,ORD004183,ORD004100,99.85,12,SELL
4187,ORD004187,ORD004100,99.85,21,SELL
4193,ORD004193,ORD004100,99.85,4,SELL
4194,ORD004194,ORD004100,99.85,53,SELL
4194,ORD004194,ORD004092,99.80,1,SELL
4197,ORD004197,ORD004166,99.79,25,SELL
4197,ORD004197,ORD004171,99.79,51,SELL
4197,ORD004197,ORD004016,99.76,17,SELL
4201,ORD004201,ORD004194,99.80,17,BUY
4201,ORD004201,ORD004184,99.94,9,BUY
4205,ORD004205,ORD004202,99.88,24,SELL
4205,ORD004205,ORD004016,99.76,29,SELL
4205,ORD004205,ORD004098,99.74,36,SELL
4210,ORD004210,ORD004207,99.73,2,BUY
4210,ORD004210,ORD004184,99.94,8,BUY
4211,ORD004211,ORD004210,100.04,66,SELL
4211,ORD004211,ORD004056,99.71,13,SELL
4219,ORD004219,ORD004056,99.71,59,SELL
4223,ORD004223,ORD004208,100.25,12,BUY
4223,ORD004223,ORD002576,100.32,62,BUY
4225,ORD004225,ORD004224,99.96,47,SELL
4235,ORD004235,ORD004225,99.79,16,BUY
4235,ORD004235,ORD002576,100.32,20,BUY
4235,ORD004235,ORD002873,100.32,38,BUY
4238,ORD004238,ORD002873,100.32,24,BUY
4238,ORD004238,ORD003273,100.32,28,BUY
4243,ORD004243,ORD004242,100.30,12,SELL
4246,ORD004246,ORD004242,100.30,9,SELL
4248,ORD004248,ORD003273,100.32,6,BUY
4248,ORD004248,ORD003467,100.32,48,BUY
4248,ORD004248,ORD003484,100.32,20,BUY
4255,ORD004255,ORD004242,100.30,58,SELL
4255,ORD004255,ORD004249,100.11,4,SELL
4257,ORD004257,ORD004249,100.11,10,SELL
4264,ORD004264,ORD004257,100.07,43,BUY
4266,ORD004266,ORD004261,99.98,60,SELL
4270,ORD004270,ORD004261,99.98,6,SELL
4270,ORD004270,ORD004267,99.96,49,SELL
4271,ORD004271,ORD004257,100.07,30,BUY
4271,ORD004271,ORD004262,100.28,9,BUY
4272,ORD004272,ORD004262,100.28,41,BUY
4274,ORD004274,ORD004267,99.96,7,SELL
4287,ORD004287,ORD004286,100.01,90,SELL
4290,ORD004290,ORD004262,100.28,19,BUY
4291,ORD004291,ORD004281,100.31,6,BUY
4291,ORD004291,ORD003524,100.32,5,BUY
4293,ORD004293,ORD003524,100.32,54,BUY
4294,ORD004294,ORD003524,100.32,15,BUY
4304,ORD004304,ORD003524,100.32,17,BUY
4304,ORD004304,ORD003548,100.32,28,BUY
4306,ORD004306,ORD004290,100.30,16,SELL
4306,ORD004306,ORD004286,100.01,1,SELL
4306,ORD004306,ORD004267,99.96,38,SELL
4306,ORD004306,ORD004303,99.93,2,SELL
4306,ORD004306,ORD004300,99.77,22,SELL
4307,ORD004307,ORD004300,99.77,54,SELL
4307,ORD004307,ORD004221,99.75,16,SELL
4308,ORD004308,ORD003548,100.32,42,BUY
4308,ORD004308,ORD003728,100.32,2,BUY
4311,ORD004311,ORD003728,100.32,48,BUY
4311,ORD004311,ORD003188,100.33,5,BUY
4313,ORD004313,ORD003188,100.33,50,BUY
4317,ORD004317,ORD004315,99.81,28,BUY
4317,ORD004317,ORD003188,100.33,31,BUY
4317,ORD004317,ORD003231,100.33,4,BUY
4319,ORD004319,ORD003231,100.33,21,BUY
4319,ORD004319,ORD003336,100.34,7,BUY
4323,ORD004323,ORD004321,99.96,5,BUY
4324,ORD004324,ORD004221,99.75,30,SELL
4324,ORD004324,ORD004056,99.71,2,SELL
4327,ORD004327,ORD004321,99.96,3,BUY
4327,ORD004327,ORD004326,100.11,20,BUY
4327,ORD004327,ORD003336,100.34,28,BUY
4340,ORD004340,ORD003336,100.34,43,BUY
4340,ORD004340,ORD003831,100.35,35,BUY
4341,ORD004341,ORD003831,100.35,39,BUY
4341,ORD004341,ORD003903,100.35,29,BUY
4349,ORD004349,ORD003903,100.35,47,BUY
4349,ORD004349,ORD004310,100.35,2,BUY
4359,ORD004359,ORD004310,100.35,4,BUY
4359,ORD004359,ORD002522,100.36,8,BUY
4359,ORD004359,ORD002787,100.36,35,BUY
4363,ORD004363,ORD004333,100.01,14,SELL
4364,ORD004364,ORD002787,100.36,24,BUY
4364,ORD004364,ORD003181,100.36,45,BUY
4364,ORD004364,ORD003784,100.36,31,BUY
4366,ORD004366,ORD003784,100.36,8,BUY
4374,ORD004374,ORD004365,100.22,50,SELL
4381,ORD004381,ORD004365,100.22,3,SELL
4381,ORD004381,ORD004370,100.21,53,SELL
4388,ORD004388,ORD004370,100.21,35,SELL
4388,ORD004388,ORD004333,100.01,9,SELL
4388,ORD004388,ORD004375,100.00,26,SELL
4388,ORD004388,ORD004373,99.96,17,SELL
4390,ORD004390,ORD004380,100.26,19,BUY
4393,ORD004393,ORD004392,100.00,37,BUY
4395,ORD004395,ORD004392,100.00,5,BUY
4396,ORD004396,ORD004392,100.00,2,BUY
4396,ORD004396,ORD004380,100.26,18,BUY
4396,ORD004396,ORD004383,100.26,71,BUY
4403,ORD004403,ORD004373,99.96,17,SELL
4403,ORD004403,ORD004348,99.93,10,SELL
4404,ORD004404,ORD004383,100.26,7,BUY
4404,ORD004404,ORD003784,100.36,37,BUY
4408,ORD004408,ORD004407,100.35,31,SELL
4411,ORD004411,ORD004407,100.35,37,SELL
4422,ORD004422,ORD004407,100.35,6,SELL
4422,ORD004422,ORD004405,100.27,59,SELL
4428,ORD004428,ORD004405,100.27,1,SELL
4431,ORD004431,ORD004405,100.27,14,SELL
4431,ORD004431,ORD004416,100.27,3,SELL
4431,ORD004431,ORD004413,100.24,31,SELL
4432,ORD004432,ORD003784,100.36,5,BUY
4432,ORD004432,ORD003975,100.36,15,BUY
4438,ORD004438,ORD004413,100.24,23,SELL
4438,ORD004438,ORD004410,99.94,76,SELL
4438,ORD004438,ORD004348,99.93,1,SELL
4444,ORD004444,ORD003975,100.36,47,BUY
4446,ORD004446,ORD003975,100.36,34,BUY
4446,ORD004446,ORD004440,100.36,27,BUY
4450,ORD004450,ORD004440,100.36,16,BUY
4453,ORD004453,ORD004440,100.36,50,BUY
4453,ORD004453,ORD002760,100.37,14,BUY
4456,ORD004456,ORD004455,100.31,28,BUY
4460,ORD004460,ORD004455,100.31,52,BUY
4470,ORD004470,ORD004449,100.02,26,SELL
4470,ORD004470,ORD004348,99.93,20,SELL
4470,ORD004470,ORD004338,99.88,1,SELL
4470,ORD004470,ORD004352,99.88,21,SELL
4470,ORD004470,ORD004387,99.85,26,SELL
4471,ORD004471,ORD004387,99.85,41,SELL
4472,ORD004472,ORD004463,100.11,83,BUY
4472,ORD004472,ORD004455,100.31,2,BUY
4474,ORD004474,ORD004387,99.85,17,SELL
4474,ORD004474,ORD004378,99.75,20,SELL
4474,ORD004474,ORD004056,99.71,23,SELL
4474,ORD004474,ORD004360,99.68,13,SELL
4517,ORD004517,ORD004493,99.81,6,BUY
4517,ORD004517,ORD004511,100.02,28,BUY
4519,ORD004519,ORD004490,99.71,90,SELL
4519,ORD004519,ORD004360,99.68,8,SELL
4522,ORD004522,ORD004360,99.68,21,SELL
4538,ORD004538,ORD004360,99.68,53,SELL
4549,ORD004549,ORD004538,99.68,17,BUY
4549,ORD004549,ORD004537,99.97,40,BUY
4551,ORD004551,ORD004301,99.67,9,SELL
4551,ORD004551,ORD004394,99.67,21,SELL
4555,ORD004555,ORD004552,99.91,3,BUY
4557,ORD004557,ORD004552,99.91,30,BUY
4565,ORD004565,ORD004563,99.70,23,BUY
4565,ORD004565,ORD004552,99.91,39,BUY
4565,ORD004565,ORD004564,99.93,4,BUY
4565,ORD004565,ORD004537,99.97,4,BUY
4566,ORD004566,ORD004537,99.97,46,BUY
4567,ORD004567,ORD004511,100.02,11,BUY
4567,ORD004567,ORD004504,100.05,26,BUY
4567,ORD004567,ORD004475,100.18,55,BUY
4569,ORD004569,ORD004475,100.18,8,BUY
4574,ORD004574,ORD004570,100.15,20,BUY
4584,ORD004584,ORD004570,100.15,10,BUY
4592,ORD004592,ORD004591,100.12,38,BUY
4595,ORD004595,ORD004566,100.00,25,SELL
4607,ORD004607,ORD004596,100.04,26,SELL
4607,ORD004607,ORD004566,100.00,20,SELL
4608,ORD004608,ORD004591,100.12,34,BUY
4608,ORD004608,ORD004570,100.15,11,BUY
4611,ORD004611,ORD004566,100.00,4,SELL
4614,ORD004614,ORD004611,99.88,37,BUY
4614,ORD004614,ORD004612,100.11,12,BUY
4619,ORD004619,ORD004612,100.11,74,BUY
4626,ORD004626,ORD004394,99.67,26,SELL
4626,ORD004626,ORD004459,99.66,72,SELL
4638,ORD004638,ORD004634,99.95,25,BUY
4638,ORD004638,ORD004570,100.15,29,BUY
4638,ORD004638,ORD004606,100.17,25,BUY
4654,ORD004654,ORD004606,100.17,33,BUY
4654,ORD004654,ORD004475,100.18,10,BUY
4654,ORD004654,ORD004497,100.21,8,BUY
4659,ORD004659,ORD004497,100.21,74,BUY
4659,ORD004659,ORD004515,100.27,23,BUY
4661,ORD004661,ORD004652,100.11,10,SELL
4669,ORD004669,ORD004515,100.27,10,BUY
4669,ORD004669,ORD004588,100.30,59,BUY
4670,ORD004670,ORD004667,100.24,17,SELL
4671,ORD004671,ORD004667,100.24,47,SELL
4671,ORD004671,ORD004652,100.11,18,SELL
4684,ORD004684,ORD004652,100.11,51,SELL
4684,ORD004684,ORD004678,99.85,15,SELL
4689,ORD004689,ORD004678,99.85,3,SELL
4689,ORD004689,ORD004459,99.66,16,SELL
4689,ORD004689,ORD004054,99.65,34,SELL
4689,ORD004689,ORD004633,99.65,15,SELL
4689,ORD004689,ORD004487,99.63,10,SELL
4693,ORD004693,ORD004588,100.30,6,BUY
4696,ORD004696,ORD004588,100.30,33,BUY
4696,ORD004696,ORD004455,100.31,15,BUY
4696,ORD004696,ORD004691,100.32,22,BUY
4701,ORD004701,ORD004695,100.08,28,SELL
4704,ORD004704,ORD004553,100.35,46,BUY
4708,ORD004708,ORD004553,100.35,12,BUY
4708,ORD004708,ORD004575,100.35,9,BUY
4708,ORD004708,ORD002760,100.37,60,BUY
4724,ORD004724,ORD004718,100.15,32,BUY
4725,ORD004725,ORD004718,100.15,8,BUY
4725,ORD004725,ORD004719,100.22,1,BUY
4731,ORD004731,ORD004716,100.14,16,SELL
4731,ORD004731,ORD004695,100.08,18,SELL
4731,ORD004731,ORD004697,100.01,31,SELL
4744,ORD004744,ORD004697,100.01,12,SELL
4755,ORD004755,ORD004705,99.92,25,SELL
4755,ORD004755,ORD004698,99.84,34,SELL
4755,ORD004755,ORD004722,99.82,17,SELL
4763,ORD004763,ORD004722,99.82,11,SELL
4784,ORD004784,ORD004774,99.70,11,BUY
4786,ORD004786,ORD004774,99.70,33,BUY
4786,ORD004786,ORD004763,99.82,7,BUY
4792,ORD004792,ORD004790,99.79,6,SELL
4792,ORD004792,ORD004487,99.63,38,SELL
4802,ORD004802,ORD004799,99.71,31,BUY
4803,ORD004803,ORD004799,99.71,12,BUY
4803,ORD004803,ORD004763,99.82,49,BUY
4803,ORD004803,ORD004759,99.93,9,BUY
4806,ORD004806,ORD004487,99.63,14,SELL
4814,ORD004814,ORD004759,99.93,3,BUY
4820,ORD004820,ORD004759,99.93,3,BUY
4823,ORD004823,ORD004759,99.93,23,BUY
4823,ORD004823,ORD004744,99.99,25,BUY
4823,ORD004823,ORD004769,100.02,28,BUY
4835,ORD004835,ORD004831,99.92,6,BUY
4835,ORD004835,ORD004830,99.97,17,BUY
4835,ORD004835,ORD004769,100.02,36,BUY
4835,ORD004835,ORD004779,100.05,32,BUY
4836,ORD004836,ORD004487,99.63,25,SELL
4836,ORD004836,ORD004424,99.61,3,SELL
4839,ORD004839,ORD004424,99.61,18,SELL
4839,ORD004839,ORD004838,99.61,8,SELL
4839,ORD004839,ORD004361,99.59,7,SELL
4839,ORD004839,ORD004604,99.59,27,SELL
4839,ORD004839,ORD004733,99.59,22,SELL
4846,ORD004846,ORD004843,99.94,11,BUY
4846,ORD004846,ORD004844,99.96,2,BUY
4846,ORD004846,ORD004779,100.05,16,BUY
4846,ORD004846,ORD004825,100.06,11,BUY
4847,ORD004847,ORD004733,99.59,25,SELL
4847,ORD004847,ORD003225,99.58,22,SELL
4847,ORD004847,ORD003366,99.58,2,SELL
4848,ORD004848,ORD003366,99.58,68,SELL
4848,ORD004848,ORD003390,99.58,2,SELL
4849,ORD004849,ORD004825,100.06,19,BUY
4849,ORD004849,ORD004768,100.16,1,BUY
4851,ORD004851,ORD004850,99.95,31,SELL
4853,ORD004853,ORD004851,99.68,16,BUY
4853,ORD004853,ORD004768,100.16,42,BUY
4853,ORD004853,ORD004808,100.16,2,BUY
4854,ORD004854,ORD003390,99.58,13,SELL
4857,ORD004857,ORD004855,99.99,2,SELL
4857,ORD004857,ORD003390,99.58,29,SELL
4857,ORD004857,ORD003537,99.57,9,SELL
4857,ORD004857,ORD004107,99.57,34,SELL
4857,ORD004857,ORD004430,99.57,23,SELL
4864,ORD004864,ORD004430,99.57,19,SELL
4870,ORD004870,ORD004858,99.73,27,BUY
4887,ORD004887,ORD004860,99.96,4,BUY
4887,ORD004887,ORD004872,100.02,24,BUY
4887,ORD004887,ORD004873,100.06,11,BUY
4889,ORD004889,ORD004873,100.06,6,BUY
4889,ORD004889,ORD004884,100.15,66,BUY
4889,ORD004889,ORD004808,100.16,9,BUY
4894,ORD004894,ORD004808,100.16,26,BUY
4896,ORD004896,ORD004870,99.83,27,SELL
4897,ORD004897,ORD004808,100.16,3,BUY
4899,ORD004899,ORD004870,99.83,1,SELL
4902,ORD004902,ORD004808,100.16,8,BUY
4902,ORD004902,ORD004719,100.22,4,BUY
4908,ORD004908,ORD004907,100.17,3,SELL
4909,ORD004909,ORD004907,100.17,16,SELL
4912,ORD004912,ORD004907,100.17,52,SELL
4913,ORD004913,ORD004870,99.83,31,SELL
4913,ORD004913,ORD004875,99.69,35,SELL
4913,ORD004913,ORD004911,99.66,16,SELL
4914,ORD004914,ORD004912,99.85,22,BUY
4914,ORD004914,ORD004719,100.22,5,BUY
4926,ORD004926,ORD004919,99.77,38,SELL
4930,ORD004930,ORD004921,99.87,45,BUY
4933,ORD004933,ORD004919,99.77,11,SELL
4935,ORD004935,ORD004919,99.77,12,SELL
4936,ORD004936,ORD004921,99.87,6,BUY
4936,ORD004936,ORD004924,99.98,40,BUY
4936,ORD004936,ORD004719,100.22,27,BUY
4937,ORD004937,ORD004919,99.77,9,SELL
4937,ORD004937,ORD004923,99.72,3,SELL
4939,ORD004939,ORD004923,99.72,15,SELL
4939,ORD004939,ORD004911,99.66,56,SELL
4939,ORD004939,ORD004920,99.63,24,SELL
4955,ORD004955,ORD004949,100.12,53,SELL
4957,ORD004957,ORD004949,100.12,38,SELL
4971,ORD004971,ORD004957,99.81,3,BUY
4971,ORD004971,ORD004961,100.14,23,BUY
4971,ORD004971,ORD004719,100.22,5,BUY
4971,ORD004971,ORD004738,100.22,17,BUY
4972,ORD004972,ORD004948,99.67,24,SELL
4972,ORD004972,ORD004920,99.63,42,SELL
4972,ORD004972,ORD004430,99.57,4,SELL
4972,ORD004972,ORD004668,99.57,23,SELL
4980,ORD004980,ORD004738,100.22,36,BUY
4985,ORD004985,ORD004982,100.10,88,BUY
4988,ORD004988,ORD004982,100.10,9,BUY
4988,ORD004988,ORD004738,100.22,25,BUY
4988,ORD004988,ORD004898,100.23,23,BUY
4992,ORD004992,ORD004898,100.23,14,BUY
5005,ORD005005,ORD004996,100.07,47,BUY
5006,ORD005006,ORD004996,100.07,8,BUY
5010,ORD005010,ORD005001,100.06,28,SELL
5011,ORD005011,ORD004996,100.07,3,BUY
5013,ORD005013,ORD004898,100.23,39,BUY
5015,ORD005015,ORD004898,100.23,13,BUY
5024,ORD005024,ORD005011,100.16,71,SELL
5024,ORD005024,ORD005001,100.06,5,SELL
5033,ORD005033,ORD005001,100.06,13,SELL
5040,ORD005040,ORD005039,100.08,6,SELL
5040,ORD005040,ORD005001,100.06,5,SELL
5040,ORD005040,ORD004991,99.95,73,SELL
5041,ORD005041,ORD004898,100.23,3,BUY
5041,ORD005041,ORD004807,100.31,27,BUY
5041,ORD005041,ORD004987,100.32,47,BUY
5041,ORD005041,ORD005025,100.35,14,BUY
5051,ORD005051,ORD004991,99.95,4,SELL
5051,ORD005051,ORD005023,99.93,57,SELL
5056,ORD005056,ORD005054,99.95,34,SELL
5056,ORD005056,ORD005023,99.93,1,SELL
5068,ORD005068,ORD005056,99.83,23,BUY
5070,ORD005070,ORD005056,99.83,35,BUY
5072,ORD005072,ORD005056,99.83,1,BUY
5072,ORD005072,ORD005066,100.08,48,BUY
5072,ORD005072,ORD005050,100.14,2,BUY
5072,ORD005072,ORD005025,100.35,19,BUY
5092,ORD005092,ORD005074,100.02,11,SELL
5092,ORD005092,ORD005075,99.95,44,SELL
5092,ORD005092,ORD005086,99.93,41,SELL
5095,ORD005095,ORD005079,100.10,22,BUY
5100,ORD005100,ORD005079,100.10,48,BUY
5123,ORD005123,ORD005086,99.93,8,SELL
5126,ORD005126,ORD005086,99.93,6,SELL
5126,ORD005126,ORD005081,99.89,7,SELL
5130,ORD005130,ORD005081,99.89,12,SELL
5134,ORD005134,ORD005104,100.02,25,BUY
5134,ORD005134,ORD005079,100.10,2,BUY
5134,ORD005134,ORD005097,100.10,5,BUY
5137,ORD005137,ORD005134,100.20,65,SELL
5150,ORD005150,ORD005081,99.89,23,SELL
5150,ORD005150,ORD005132,99.84,1,SELL
5150,ORD005150,ORD005016,99.80,49,SELL
5156,ORD005156,ORD005137,100.19,2,BUY
5156,ORD005156,ORD005088,100.33,22,BUY
5156,ORD005156,ORD005025,100.35,1,BUY
5156,ORD005156,ORD005052,100.35,5,BUY
5159,ORD005159,ORD005153,100.08,44,SELL
5159,ORD005159,ORD005016,99.80,32,SELL
5169,ORD005169,ORD005016,99.80,17,SELL
5169,ORD005169,ORD005164,99.78,39,SELL
5177,ORD005177,ORD005176,100.15,12,SELL
5179,ORD005179,ORD005052,100.35,22,BUY
5190,ORD005190,ORD005189,100.28,93,BUY
5197,ORD005197,ORD005176,100.15,1,SELL
5203,ORD005203,ORD005164,99.78,7,SELL
5203,ORD005203,ORD005046,99.73,52,SELL
5204,ORD005204,ORD005046,99.73,31,SELL
5205,ORD005205,ORD005046,99.73,5,SELL
5206,ORD005206,ORD005197,100.14,53,BUY
5206,ORD005206,ORD005189,100.28,2,BUY
5207,ORD005207,ORD005052,100.35,6,BUY
5207,ORD005207,ORD004804,100.36,32,BUY
5207,ORD005207,ORD002760,100.37,12,BUY
5207,ORD005207,ORD003986,100.37,12,BUY
5208,ORD005208,ORD003986,100.37,37,BUY
5208,ORD005208,ORD004513,100.37,15,BUY
5216,ORD005216,ORD005206,100.29,21,SELL
5216,ORD005216,ORD005046,99.73,12,SELL
5216,ORD005216,ORD005174,99.73,8,SELL
5223,ORD005223,ORD005221,99.97,8,BUY
5225,ORD005225,ORD005223,100.36,67,SELL
5227,ORD005227,ORD005225,99.88,23,BUY
5232,ORD005232,ORD005227,100.06,17,SELL
5232,ORD005232,ORD005231,99.94,32,SELL
5244,ORD005244,ORD005236,100.11,7,BUY
5244,ORD005244,ORD004513,100.37,22,BUY
5244,ORD005244,ORD002816,100.38,28,BUY
5244,ORD005244,ORD003319,100.38,24,BUY
5249,ORD005249,ORD005233,100.05,57,SELL
5250,ORD005250,ORD005231,99.94,47,SELL
5250,ORD005250,ORD005242,99.94,7,SELL
5252,ORD005252,ORD005242,99.94,8,SELL
5253,ORD005253,ORD005252,99.93,5,BUY
5258,ORD005258,ORD005174,99.73,2,SELL
5262,ORD005262,ORD005174,99.73,23,SELL
5262,ORD005262,ORD004990,99.69,48,SELL
5265,ORD005265,ORD004990,99.69,9,SELL
5265,ORD005265,ORD005167,99.68,27,SELL
5265,ORD005265,ORD005161,99.65,42,SELL
5265,ORD005265,ORD005241,99.64,12,SELL
5265,ORD005265,ORD005240,99.63,7,SELL
5268,ORD005268,ORD005252,99.93,48,BUY
5274,ORD005274,ORD005249,99.96,26,BUY
5275,ORD005275,ORD005274,100.02,48,SELL
5277,ORD005277,ORD005256,100.05,24,BUY
5288,ORD005288,ORD005274,100.02,1,SELL
5297,ORD005297,ORD005256,100.05,24,BUY
5298,ORD005298,ORD005256,100.05,29,BUY
5298,ORD005298,ORD005272,100.12,34,BUY
5301,ORD005301,ORD005272,100.12,14,BUY
5302,ORD005302,ORD003319,100.38,29,BUY
5302,ORD005302,ORD003406,100.38,31,BUY
5302,ORD005302,ORD003868,100.38,25,BUY
5305,ORD005305,ORD005301,100.14,32,SELL
5306,ORD005306,ORD005301,100.14,6,SELL
5306,ORD005306,ORD005274,100.02,3,SELL
5306,ORD005306,ORD005284,99.95,2,SELL
5306,ORD005306,ORD005281,99.84,10,SELL
5308,ORD005308,ORD005281,99.84,7,SELL
5310,ORD005310,ORD005281,99.84,54,SELL
5312,ORD005312,ORD005309,99.92,64,BUY
5316,ORD005316,ORD005312,100.08,32,SELL
5316,ORD005316,ORD005281,99.84,23,SELL
5316,ORD005316,ORD005314,99.83,38,SELL
5316,ORD005316,ORD005240,99.63,3,SELL
5330,ORD005330,ORD005327,100.12,2,BUY
5341,ORD005341,ORD005327,100.12,78,BUY
5342,ORD005342,ORD005326,100.09,34,SELL
5342,ORD005342,ORD005333,99.97,31,SELL
5346,ORD005346,ORD005333,99.97,26,SELL
5355,ORD005355,ORD005327,100.12,6,BUY
5367,ORD005367,ORD005355,100.24,5,SELL
5367,ORD005367,ORD005366,100.22,12,SELL
5367,ORD005367,ORD005362,100.03,53,SELL
5373,ORD005373,ORD005362,100.03,5,SELL
5373,ORD005373,ORD005364,100.03,51,SELL
5373,ORD005373,ORD005333,99.97,13,SELL
5373,ORD005373,ORD005356,99.86,15,SELL
5374,ORD005374,ORD005356,99.86,65,SELL
5374,ORD005374,ORD005340,99.81,15,SELL
5375,ORD005375,ORD005340,99.81,29,SELL
5375,ORD005375,ORD005345,99.81,31,SELL
5377,ORD005377,ORD005325,100.36,37,BUY
5386,ORD005386,ORD005345,99.81,2,SELL
5395,ORD005395,ORD005325,100.36,33,BUY
5395,ORD005395,ORD003868,100.38,54,BUY
5395,ORD005395,ORD004818,100.38,7,BUY
5396,ORD005396,ORD004818,100.38,41,BUY
5403,ORD005403,ORD005397,100.30,59,BUY
5403,ORD005403,ORD004818,100.38,37,BUY
5404,ORD005404,ORD005387,100.25,34,SELL
5409,ORD005409,ORD005387,100.25,18,SELL
5409,ORD005409,ORD005407,100.13,19,SELL
5409,ORD005409,ORD005391,100.02,35,SELL
5410,ORD005410,ORD005391,100.02,6,SELL
5414,ORD005414,ORD005345,99.81,31,SELL
5423,ORD005423,ORD005421,99.82,16,BUY
5430,ORD005430,ORD005421,99.82,34,BUY
5430,ORD005430,ORD005410,99.91,9,BUY
5431,ORD005431,ORD005410,99.91,18,BUY
5436,ORD005436,ORD005345,99.81,25,SELL
5436,ORD005436,ORD005413,99.77,29,SELL
5436,ORD005436,ORD005320,99.72,2,SELL
5444,ORD005444,ORD005442,99.75,74,SELL
5444,ORD005444,ORD005320,99.72,21,SELL
5445,ORD005445,ORD005320,99.72,37,SELL
5449,ORD005449,ORD005448,99.75,43,BUY
5450,ORD005450,ORD005320,99.72,40,SELL
5450,ORD005450,ORD005350,99.64,5,SELL
5450,ORD005450,ORD005240,99.63,23,SELL
5450,ORD005450,ORD004977,99.60,22,SELL
5455,ORD005455,ORD004977,99.60,43,SELL
5455,ORD005455,ORD005127,99.60,23,SELL
5457,ORD005457,ORD005127,99.60,16,SELL
5457,ORD005457,ORD005143,99.59,41,SELL
5457,ORD005457,ORD005379,99.58,16,SELL
5457,ORD005457,ORD004679,99.57,12,SELL
5458,ORD005458,ORD004679,99.57,7,SELL
5458,ORD005458,ORD002825,99.56,60,SELL
5465,ORD005465,ORD005448,99.75,49,BUY
5465,ORD005465,ORD005433,99.83,8,BUY
5468,ORD005468,ORD002825,99.56,28,SELL
5468,ORD005468,ORD003194,99.56,25,SELL
5468,ORD005468,ORD003491,99.56,1,SELL
5472,ORD005472,ORD003491,99.56,50,SELL
5476,ORD005476,ORD003491,99.56,34,SELL
5476,ORD005476,ORD003674,99.56,10,SELL
5476,ORD005476,ORD004088,99.56,9,SELL
5476,ORD005476,ORD003997,99.55,13,SELL
5477,ORD005477,ORD003997,99.55,26,SELL
5479,ORD005479,ORD005433,99.83,6,BUY
5480,ORD005480,ORD003997,99.55,18,SELL
5480,ORD005480,ORD004512,99.54,14,SELL
5483,ORD005483,ORD004512,99.54,6,SELL
5485,ORD005485,ORD005433,99.83,36,BUY
5494,ORD005494,ORD005490,99.61,1,BUY
5496,ORD005496,ORD005490,99.61,26,BUY
5496,ORD005496,ORD005433,99.83,14,BUY
5496,ORD005496,ORD005475,99.88,6,BUY
5505,ORD005505,ORD005500,99.78,4,BUY
5507,ORD005507,ORD005500,99.78,36,BUY
5507,ORD005507,ORD005475,99.88,2,BUY
5508,ORD005508,ORD005475,99.88,25,BUY
5508,ORD005508,ORD005410,99.91,18,BUY
5508,ORD005508,ORD005498,100.07,14,BUY
5511,ORD005511,ORD005498,100.07,59,BUY
5511,ORD005511,ORD005488,100.18,9,BUY
5514,ORD005514,ORD005488,100.18,11,BUY
5514,ORD005514,ORD005453,100.25,20,BUY
5522,ORD005522,ORD005518,100.07,8,SELL
5524,ORD005524,ORD005522,99.68,49,BUY
5530,ORD005530,ORD005529,99.88,76,BUY
5530,ORD005530,ORD005453,100.25,10,BUY
5543,ORD005543,ORD005524,99.87,11,SELL
5547,ORD005547,ORD005543,99.75,11,BUY
5551,ORD005551,ORD005453,100.25,52,BUY
5551,ORD005551,ORD005420,100.30,11,BUY
5551,ORD005551,ORD005525,100.30,20,BUY
5558,ORD005558,ORD005525,100.30,58,BUY
5558,ORD005558,ORD004818,100.38,6,BUY
5558,ORD005558,ORD004876,100.38,35,BUY
5567,ORD005567,ORD005547,99.78,25,SELL
5567,ORD005567,ORD005562,99.76,19,SELL
5567,ORD005567,ORD005542,99.73,2,SELL
5567,ORD005567,ORD005546,99.61,49,SELL
5569,ORD005569,ORD005546,99.61,19,SELL
5569,ORD005569,ORD004512,99.54,41,SELL
5579,ORD005579,ORD004512,99.54,7,SELL
5579,ORD005579,ORD004775,99.54,10,SELL
5587,ORD005587,ORD005576,99.75,5,BUY
5590,ORD005590,ORD005576,99.75,27,BUY
5592,ORD005592,ORD005576,99.75,58,BUY
5596,ORD005596,ORD004775,99.54,39,SELL
5606,ORD005606,ORD005576,99.75,8,BUY
5606,ORD005606,ORD005571,99.81,27,BUY
5609,ORD005609,ORD005571,99.81,30,BUY
5616,ORD005616,ORD005571,99.81,39,BUY
5616,ORD005616,ORD005583,99.97,29,BUY
5617,ORD005617,ORD005583,99.97,43,BUY
5617,ORD005617,ORD005578,100.01,50,BUY
5619,ORD005619,ORD004775,99.54,9,SELL
5626,ORD005626,ORD005618,99.71,10,BUY
5630,ORD005630,ORD005618,99.71,17,BUY
5630,ORD005630,ORD005623,99.82,1,BUY
5635,ORD005635,ORD005623,99.82,52,BUY
5636,ORD005636,ORD005623,99.82,19,BUY
5651,ORD005651,ORD005623,99.82,26,BUY
5654,ORD005654,ORD005578,100.01,13,BUY
5664,ORD005664,ORD005654,100.08,26,SELL
5675,ORD005675,ORD005568,100.14,32,BUY
5676,ORD005676,ORD005675,100.24,32,SELL
5678,ORD005678,ORD005675,100.24,2,SELL
5678,ORD005678,ORD005654,100.08,7,SELL
5678,ORD005678,ORD005673,99.88,80,SELL
5682,ORD005682,ORD005603,100.25,6,BUY
5682,ORD005682,ORD005593,100.26,31,BUY
5687,ORD005687,ORD005673,99.88,18,SELL
5687,ORD005687,ORD005651,99.86,33,SELL
5691,ORD005691,ORD005651,99.86,35,SELL
5691,ORD005691,ORD005685,99.76,45,SELL
5691,ORD005691,ORD005644,99.60,8,SELL
5696,ORD005696,ORD005695,99.94,32,SELL
5696,ORD005696,ORD005644,99.60,39,SELL
5700,ORD005700,ORD004775,99.54,8,SELL
5710,ORD005710,ORD005696,99.58,26,BUY
5710,ORD005710,ORD005701,100.04,10,BUY
5710,ORD005710,ORD005708,100.15,20,BUY
5710,ORD005710,ORD005593,100.26,20,BUY
5716,ORD005716,ORD005593,100.26,1,BUY
5716,ORD005716,ORD005597,100.27,49,BUY
5716,ORD005716,ORD005662,100.29,22,BUY
5722,ORD005722,ORD005721,99.68,71,BUY
5722,ORD005722,ORD005662,100.29,8,BUY
5722,ORD005722,ORD005656,100.33,3,BUY
5725,ORD005725,ORD005656,100.33,6,BUY
5725,ORD005725,ORD004876,100.38,14,BUY
5725,ORD005725,ORD005380,100.38,11,BUY
5731,ORD005731,ORD005729,100.34,42,BUY
5731,ORD005731,ORD005380,100.38,17,BUY
5731,ORD005731,ORD005471,100.38,23,BUY
5732,ORD005732,ORD005727,99.66,85,SELL
5735,ORD005735,ORD005732,99.66,6,BUY
5735,ORD005735,ORD002501,100.39,8,BUY
5746,ORD005746,ORD005741,100.18,61,SELL
5754,ORD005754,ORD005737,99.95,25,SELL
5755,ORD005755,ORD005737,99.95,13,SELL
5755,ORD005755,ORD005738,99.81,22,SELL
5757,ORD005757,ORD005746,100.15,14,BUY
5763,ORD005763,ORD005738,99.81,37,SELL
5763,ORD005763,ORD005750,99.80,16,SELL
5771,ORD005771,ORD005763,99.57,17,BUY
5771,ORD005771,ORD005767,99.69,12,BUY
5776,ORD005776,ORD005774,99.65,43,SELL
5781,ORD005781,ORD005774,99.65,9,SELL
5785,ORD005785,ORD005767,99.69,8,BUY
5789,ORD005789,ORD005767,99.69,2,BUY
5795,ORD005795,ORD005767,99.69,21,BUY
5804,ORD005804,ORD005746,100.15,12,BUY
5806,ORD005806,ORD005799,100.12,1,SELL
5818,ORD005818,ORD005799,100.12,41,SELL
5818,ORD005818,ORD005795,100.09,52,SELL
5818,ORD005818,ORD005809,99.95,2,SELL
5819,ORD005819,ORD005809,99.95,44,SELL
5819,ORD005819,ORD005807,99.88,14,SELL
5828,ORD005828,ORD005807,99.88,14,SELL
5828,ORD005828,ORD005774,99.65,9,SELL
5829,ORD005829,ORD005774,99.65,4,SELL
5833,ORD005833,ORD005830,100.05,81,SELL
5839,ORD005839,ORD005834,100.12,20,BUY
5840,ORD005840,ORD005746,100.15,3,BUY
5840,ORD005840,ORD005788,100.25,1,BUY
5844,ORD005844,ORD005830,100.05,2,SELL
5847,ORD005847,ORD005844,100.02,13,BUY
5850,ORD005850,ORD005848,100.01,19,SELL
5855,ORD005855,ORD005848,100.01,2,SELL
5855,ORD005855,ORD005842,99.76,10,SELL
5855,ORD005855,ORD005774,99.65,28,SELL
5855,ORD005855,ORD005815,99.62,13,SELL
5856,ORD005856,ORD005815,99.62,43,SELL
5856,ORD005856,ORD004775,99.54,10,SELL
5861,ORD005861,ORD005844,100.02,18,BUY
5868,ORD005868,ORD005860,99.76,4,SELL
5869,ORD005869,ORD005867,99.84,15,BUY
5869,ORD005869,ORD005864,99.97,26,BUY
5869,ORD005869,ORD005844,100.02,17,BUY
5871,ORD005871,ORD005844,100.02,12,BUY
5871,ORD005871,ORD005853,100.15,57,BUY
5871,ORD005871,ORD005854,100.20,21,BUY
5872,ORD005872,ORD005860,99.76,51,SELL
5873,ORD005873,ORD005860,99.76,24,SELL
5873,ORD005873,ORD004775,99.54,2,SELL
5875,ORD005875,ORD005854,100.20,20,BUY
5879,ORD005879,ORD005874,100.12,66,SELL
5888,ORD005888,ORD005877,100.17,48,BUY
5895,ORD005895,ORD005874,100.12,1,SELL
5895,ORD005895,ORD005891,99.97,27,SELL
5898,ORD005898,ORD005877,100.17,2,BUY
5898,ORD005898,ORD005854,100.20,33,BUY
5898,ORD005898,ORD005788,100.25,47,BUY
5901,ORD005901,ORD005891,99.97,41,SELL
5901,ORD005901,ORD005878,99.88,37,SELL
5910,ORD005910,ORD005788,100.25,27,BUY
5912,ORD005912,ORD005878,99.88,18,SELL
5916,ORD005916,ORD005896,99.64,36,SELL
5918,ORD005918,ORD005916,99.61,52,BUY
5918,ORD005918,ORD005912,99.87,30,BUY
5918,ORD005918,ORD005788,100.25,18,BUY
5935,ORD005935,ORD005926,99.79,22,SELL
5935,ORD005935,ORD005934,99.65,58,SELL
5941,ORD005941,ORD005940,100.09,37,BUY
5941,ORD005941,ORD005933,100.24,38,BUY
5941,ORD005941,ORD005788,100.25,7,BUY
5941,ORD005941,ORD005794,100.29,10,BUY
5955,ORD005955,ORD005953,100.11,24,SELL
5961,ORD005961,ORD005953,100.11,20,SELL
5961,ORD005961,ORD005942,100.10,18,SELL
5961,ORD005961,ORD005947,99.97,29,SELL
5965,ORD005965,ORD005964,100.23,6,BUY
5965,ORD005965,ORD005794,100.29,27,BUY
5965,ORD005965,ORD005852,100.29,18,BUY
5973,ORD005973,ORD005852,100.29,57,BUY
5975,ORD005975,ORD005852,100.29,22,BUY
5975,ORD005975,ORD005851,100.36,8,BUY
5976,ORD005976,ORD005947,99.97,47,SELL
5976,ORD005976,ORD005966,99.87,3,SELL
5976,ORD005976,ORD005937,99.77,20,SELL
5987,ORD005987,ORD005983,100.28,29,SELL
5987,ORD005987,ORD005980,100.03,18,SELL
5988,ORD005988,ORD005986,99.85,2,SELL
5988,ORD005988,ORD005937,99.77,36,SELL
5988,ORD005988,ORD005969,99.74,26,SELL
5994,ORD005994,ORD005934,99.65,31,SELL
5994,ORD005994,ORD005882,99.60,33,SELL
5994,ORD005994,ORD005893,99.60,8,SELL
5994,ORD005994,ORD004775,99.54,15,SELL
5994,ORD005994,ORD005082,99.54,7,SELL
6002,ORD006002,ORD005988,99.74,11,BUY
6002,ORD006002,ORD005987,100.01,11,BUY
6002,ORD006002,ORD005851,100.36,24,BUY
6002,ORD006002,ORD005736,100.37,18,BUY
6006,ORD006006,ORD006004,100.31,9,SELL
6007,ORD006007,ORD005736,100.37,46,BUY
6010,ORD006010,ORD006004,100.31,82,SELL
6011,ORD006011,ORD006010,99.60,2,BUY
6011,ORD006011,ORD005736,100.37,21,BUY
6011,ORD006011,ORD005894,100.37,50,BUY
6011,ORD006011,ORD005981,100.37,5,BUY
6017,ORD006017,ORD005981,100.37,65,BUY
6039,ORD006039,ORD006035,100.32,66,SELL
6044,ORD006044,ORD006035,100.32,18,SELL
6044,ORD006044,ORD006026,99.98,75,SELL
6051,ORD006051,ORD005981,100.37,18,BUY
6052,ORD006052,ORD006026,99.98,7,SELL
6052,ORD006052,ORD006016,99.83,10,SELL
6064,ORD006064,ORD006061,100.04,20,SELL
6068,ORD006068,ORD006064,99.98,39,BUY
6078,ORD006078,ORD006064,99.98,33,BUY
6081,ORD006081,ORD006078,100.33,5,SELL
6086,ORD006086,ORD005981,100.37,10,BUY
6086,ORD006086,ORD002501,100.39,38,BUY
6092,ORD006092,ORD006078,100.33,17,SELL
6092,ORD006092,ORD006077,99.96,57,SELL
6092,ORD006092,ORD006057,99.88,17,SELL
6098,ORD006098,ORD006097,99.96,15,SELL
6103,ORD006103,ORD006097,99.96,18,SELL
6106,ORD006106,ORD002501,100.39,23,BUY
6114,ORD006114,ORD002501,100.39,3,BUY
6114,ORD006114,ORD003957,100.39,29,BUY
6134,ORD006134,ORD006132,100.00,24,SELL
6135,ORD006135,ORD006132,100.00,15,SELL
6135,ORD006135,ORD006097,99.96,11,SELL
6135,ORD006135,ORD006057,99.88,31,SELL
6141,ORD006141,ORD006138,99.91,49,SELL
6141,ORD006141,ORD006057,99.88,32,SELL
6141,ORD006141,ORD006016,99.83,10,SELL
6141,ORD006141,ORD006113,99.81,3,SELL
6145,ORD006145,ORD006128,100.10,72,BUY
6145,ORD006145,ORD003957,100.39,2,BUY
6145,ORD006145,ORD004477,100.39,14,BUY
6154,ORD006154,ORD006153,100.04,36,BUY
6169,ORD006169,ORD006143,99.97,21,SELL
6178,ORD006178,ORD006153,100.04,28,BUY
6179,ORD006179,ORD006153,100.04,7,BUY
6179,ORD006179,ORD006174,100.11,15,BUY
6184,ORD006184,ORD006174,100.11,38,BUY
6184,ORD006184,ORD006181,100.37,41,BUY
6185,ORD006185,ORD006182,100.01,6,SELL
6195,ORD006195,ORD006181,100.37,47,BUY
6195,ORD006195,ORD004477,100.39,10,BUY
6195,ORD006195,ORD004735,100.39,19,BUY
6195,ORD006195,ORD005004,100.39,15,BUY
6198,ORD006198,ORD006193,100.20,9,SELL
6198,ORD006198,ORD006189,100.13,18,SELL
6199,ORD006199,ORD006189,100.13,50,SELL
6206,ORD006206,ORD006203,100.19,12,BUY
6207,ORD006207,ORD006203,100.19,27,BUY
6211,ORD006211,ORD006203,100.19,13,BUY
6215,ORD006215,ORD006203,100.19,35,BUY
6218,ORD006218,ORD006189,100.13,26,SELL
6218,ORD006218,ORD006182,100.01,51,SELL
6223,ORD006223,ORD006182,100.01,32,SELL
6226,ORD006226,ORD006223,99.98,38,BUY
6227,ORD006227,ORD006203,100.19,7,BUY
6227,ORD006227,ORD005004,100.39,19,BUY
6228,ORD006228,ORD006226,100.06,12,SELL
6228,ORD006228,ORD006143,99.97,28,SELL
6229,ORD006229,ORD006228,99.95,23,BUY
6244,ORD006244,ORD006113,99.81,28,SELL
6244,ORD006244,ORD006126,99.79,7,SELL
6251,ORD006251,ORD006236,99.94,76,BUY
6256,ORD006256,ORD006236,99.94,20,BUY
6256,ORD006256,ORD006242,99.94,32,BUY
6256,ORD006256,ORD006228,99.95,4,BUY
6266,ORD006266,ORD006228,99.95,7,BUY
6270,ORD006270,ORD006266,99.95,5,SELL
6271,ORD006271,ORD006266,99.95,41,SELL
6271,ORD006271,ORD006126,99.79,47,SELL
6277,ORD006277,ORD006248,100.02,19,BUY
6278,ORD006278,ORD006126,99.79,46,SELL
6278,ORD006278,ORD006048,99.74,33,SELL
6280,ORD006280,ORD006248,100.02,58,BUY
6280,ORD006280,ORD006276,100.05,5,BUY
6281,ORD006281,ORD006048,99.74,25,SELL
6281,ORD006281,ORD006264,99.74,3,SELL
6288,ORD006288,ORD006276,100.05,39,BUY
6290,ORD006290,ORD006276,100.05,49,BUY
6290,ORD006290,ORD006283,100.20,8,BUY
6291,ORD006291,ORD006283,100.20,71,BUY
6310,ORD006310,ORD006292,100.16,32,BUY
6311,ORD006311,ORD006296,99.96,61,SELL
6311,ORD006311,ORD006264,99.74,16,SELL
6314,ORD006314,ORD006264,99.74,29,SELL
6314,ORD006314,ORD006094,99.71,21,SELL
6314,ORD006314,ORD006136,99.69,44,SELL
6329,ORD006329,ORD006136,99.69,21,SELL
6329,ORD006329,ORD006129,99.68,21,SELL
6332,ORD006332,ORD006315,99.73,69,BUY
6334,ORD006334,ORD006315,99.73,14,BUY
6334,ORD006334,ORD006323,99.89,33,BUY
6337,ORD006337,ORD006326,100.03,54,BUY
6338,ORD006338,ORD006326,100.03,22,BUY
6338,ORD006338,ORD006292,100.16,32,BUY
6338,ORD006338,ORD006283,100.20,2,BUY
6338,ORD006338,ORD006297,100.20,12,BUY
6342,ORD006342,ORD006297,100.20,22,BUY
6342,ORD006342,ORD006263,100.23,49,BUY
6350,ORD006350,ORD006344,99.94,69,BUY
6352,ORD006352,ORD006263,100.23,24,BUY
6352,ORD006352,ORD006273,100.25,10,BUY
6352,ORD006352,ORD006322,100.29,4,BUY
6354,ORD006354,ORD006322,100.29,42,BUY
6355,ORD006355,ORD006322,100.29,16,BUY
6355,ORD006355,ORD006265,100.32,24,BUY
6356,ORD006356,ORD006350,100.12,7,SELL
6356,ORD006356,ORD006346,99.79,6,SELL
6356,ORD006356,ORD006348,99.76,23,SELL
6362,ORD006362,ORD006129,99.68,40,SELL
6363,ORD006363,ORD006356,99.72,14,BUY
6371,ORD006371,ORD006129,99.68,17,SELL
6371,ORD006371,ORD006186,99.68,8,SELL
6380,ORD006380,ORD006356,99.72,42,BUY
6380,ORD006380,ORD006265,100.32,12,BUY
6380,ORD006380,ORD006306,100.35,24,BUY
6380,ORD006380,ORD006299,100.38,5,BUY
6382,ORD006382,ORD006186,99.68,49,SELL
6393,ORD006393,ORD006299,100.38,34,BUY
6393,ORD006393,ORD005004,100.39,16,BUY
6395,ORD006395,ORD005004,100.39,6,BUY
6395,ORD006395,ORD005474,100.39,54,BUY
6395,ORD006395,ORD005990,100.39,4,BUY
6395,ORD006395,ORD006303,100.39,30,BUY
6396,ORD006396,ORD006186,99.68,20,SELL
6396,ORD006396,ORD006073,99.67,16,SELL
6401,ORD006401,ORD006073,99.67,45,SELL
6401,ORD006401,ORD006032,99.64,47,SELL
6425,ORD006425,ORD006032,99.64,24,SELL
6425,ORD006425,ORD006059,99.64,22,SELL
6435,ORD006435,ORD006433,99.66,11,SELL
6436,ORD006436,ORD006416,99.70,26,BUY
6437,ORD006437,ORD006416,99.70,20,BUY
6437,ORD006437,ORD006426,99.78,23,BUY
6449,ORD006449,ORD006426,99.78,29,BUY
6449,ORD006449,ORD006405,99.82,58,BUY
6454,ORD006454,ORD006445,99.73,73,SELL
6471,ORD006471,ORD006445,99.73,18,SELL
6471,ORD006471,ORD006456,99.69,36,SELL
6477,ORD006477,ORD006433,99.66,11,SELL
6477,ORD006477,ORD006059,99.64,52,SELL
6477,ORD006477,ORD006209,99.64,37,SELL
6481,ORD006481,ORD006471,99.68,31,BUY
6481,ORD006481,ORD006473,99.76,44,BUY
6481,ORD006481,ORD006480,99.79,7,BUY
6487,ORD006487,ORD006209,99.64,54,SELL
6487,ORD006487,ORD006024,99.63,6,SELL
6489,ORD006489,ORD006483,99.74,59,BUY
6494,ORD006494,ORD006483,99.74,15,BUY
6498,ORD006498,ORD006024,99.63,8,SELL
6507,ORD006507,ORD006024,99.63,41,SELL
6507,ORD006507,ORD006041,99.62,39,SELL
6507,ORD006507,ORD006180,99.61,2,SELL
6507,ORD006507,ORD006279,99.61,9,SELL
6508,ORD006508,ORD006483,99.74,20,BUY
6508,ORD006508,ORD006480,99.79,18,BUY
6508,ORD006508,ORD006405,99.82,36,BUY
6508,ORD006508,ORD006431,99.89,13,BUY
6518,ORD006518,ORD006514,99.76,17,BUY
6518,ORD006518,ORD006431,99.89,23,BUY
6523,ORD006523,ORD006279,99.61,49,SELL
6540,ORD006540,ORD006521,99.69,67,BUY
6540,ORD006540,ORD006537,99.73,19,BUY
6549,ORD006549,ORD006546,99.80,51,SELL
6556,ORD006556,ORD006548,99.81,9,BUY
6556,ORD006556,ORD006554,99.85,15,BUY
6556,ORD006556,ORD006418,99.90,54,BUY
6565,ORD006565,ORD006546,99.80,29,SELL
6566,ORD006566,ORD006546,99.80,17,SELL
6566,ORD006566,ORD006528,99.68,22,SELL
6566,ORD006566,ORD006536,99.64,25,SELL
6568,ORD006568,ORD006418,99.90,11,BUY
6568,ORD006568,ORD006457,99.91,27,BUY
6568,ORD006568,ORD006520,99.95,15,BUY
6570,ORD006570,ORD006536,99.64,12,SELL
6574,ORD006574,ORD006536,99.64,36,SELL
6577,ORD006577,ORD006536,99.64,16,SELL
6577,ORD006577,ORD006279,99.61,7,SELL
6577,ORD006577,ORD006459,99.61,6,SELL
6592,ORD006592,ORD006582,99.75,56,SELL
6593,ORD006593,ORD006586,99.76,7,BUY
6593,ORD006593,ORD006584,99.91,7,BUY
6593,ORD006593,ORD006520,99.95,73,BUY
6593,ORD006593,ORD006424,100.06,5,BUY
6595,ORD006595,ORD006582,99.75,1,SELL
6595,ORD006595,ORD006459,99.61,79,SELL
6595,ORD006595,ORD006120,99.59,19,SELL
6597,ORD006597,ORD006424,100.06,53,BUY
6607,ORD006607,ORD006599,100.02,52,SELL
6608,ORD006608,ORD006424,100.06,21,BUY
6608,ORD006608,ORD006571,100.08,28,BUY
6610,ORD006610,ORD006599,100.02,5,SELL
6613,ORD006613,ORD006605,99.71,49,SELL
6618,ORD006618,ORD006611,99.85,40,BUY
6618,ORD006618,ORD006610,99.98,13,BUY
6637,ORD006637,ORD006605,99.71,36,SELL
6642,ORD006642,ORD006638,99.74,8,SELL
6642,ORD006642,ORD006605,99.71,15,SELL
6642,ORD006642,ORD006120,99.59,10,SELL
6642,ORD006642,ORD006369,99.58,36,SELL
6653,ORD006653,ORD006629,99.79,2,BUY
6659,ORD006659,ORD006639,99.83,60,BUY
6669,ORD006669,ORD006667,99.91,49,BUY
6669,ORD006669,ORD006641,99.93,7,BUY
6669,ORD006669,ORD006610,99.98,27,BUY
6687,ORD006687,ORD006653,99.80,15,SELL
6687,ORD006687,ORD006645,99.77,2,SELL
6692,ORD006692,ORD006687,99.71,29,BUY
6692,ORD006692,ORD006610,99.98,12,BUY
6692,ORD006692,ORD006571,100.08,12,BUY
6700,ORD006700,ORD006571,100.08,42,BUY
6700,ORD006700,ORD006664,100.09,53,BUY
6705,ORD006705,ORD006664,100.09,30,BUY
6707,ORD006707,ORD006697,99.87,73,SELL
6709,ORD006709,ORD006697,99.87,10,SELL
6712,ORD006712,ORD006697,99.87,12,SELL
6712,ORD006712,ORD006701,99.72,23,SELL
6712,ORD006712,ORD006648,99.66,41,SELL
6719,ORD006719,ORD006497,100.10,87,BUY
6727,ORD006727,ORD006721,100.13,85,BUY
6728,ORD006728,ORD006719,100.11,7,SELL
6730,ORD006730,ORD006648,99.66,3,SELL
6730,ORD006730,ORD006658,99.61,11,SELL
6730,ORD006730,ORD006369,99.58,6,SELL
6734,ORD006734,ORD006369,99.58,22,SELL
6734,ORD006734,ORD006243,99.55,18,SELL
6734,ORD006734,ORD006257,99.55,11,SELL
6734,ORD006734,ORD005082,99.54,14,SELL
6740,ORD006740,ORD006733,99.69,25,BUY
6740,ORD006740,ORD006728,99.83,26,BUY
6754,ORD006754,ORD006728,99.83,34,BUY
6756,ORD006756,ORD006747,99.81,71,SELL
6762,ORD006762,ORD006756,99.67,1,BUY
6762,ORD006762,ORD006757,99.71,39,BUY
6762,ORD006762,ORD006728,99.83,5,BUY
6764,ORD006764,ORD006728,99.83,26,BUY
6768,ORD006768,ORD006728,99.83,2,BUY
6768,ORD006768,ORD006721,100.13,12,BUY
6775,ORD006775,ORD006771,99.56,8,BUY
6775,ORD006775,ORD006772,99.58,24,BUY
6776,ORD006776,ORD006772,99.58,72,BUY
6776,ORD006776,ORD006721,100.13,1,BUY
6776,ORD006776,ORD006753,100.14,2,BUY
6783,ORD006783,ORD005082,99.54,22,SELL
6796,ORD006796,ORD006791,99.61,21,BUY
6806,ORD006806,ORD006791,99.61,49,BUY
6807,ORD006807,ORD006798,99.68,53,BUY
6808,ORD006808,ORD006798,99.68,7,BUY
6808,ORD006808,ORD006797,99.87,22,BUY
6809,ORD006809,ORD005082,99.54,36,SELL
6809,ORD006809,ORD003496,99.53,22,SELL
6809,ORD006809,ORD004111,99.53,39,SELL
6812,ORD006812,ORD004111,99.53,44,SELL
6817,ORD006817,ORD006797,99.87,26,BUY
6822,ORD006822,ORD006797,99.87,21,BUY
6822,ORD006822,ORD006778,100.07,3,BUY
6822,ORD006822,ORD006753,100.14,34,BUY
6823,ORD006823,ORD006813,99.59,30,SELL
6829,ORD006829,ORD006753,100.14,1,BUY
6829,ORD006829,ORD006451,100.15,50,BUY
6830,ORD006830,ORD006451,100.15,28,BUY
6830,ORD006830,ORD006519,100.16,41,BUY
6832,ORD006832,ORD006813,99.59,27,SELL
6832,ORD006832,ORD004111,99.53,10,SELL
6837,ORD006837,ORD006519,100.16,7,BUY
6838,ORD006838,ORD004636,99.53,10,SELL
6840,ORD006840,ORD006519,100.16,33,BUY
6840,ORD006840,ORD006452,100.17,24,BUY
6854,ORD006854,ORD006849,99.89,26,SELL
6861,ORD006861,ORD006849,99.89,14,SELL
6861,ORD006861,ORD006848,99.82,47,SELL
6866,ORD006866,ORD004636,99.53,38,SELL
6867,ORD006867,ORD004636,99.53,21,SELL
6867,ORD006867,ORD004964,99.53,9,SELL
6869,ORD006869,ORD006861,99.81,31,BUY
6869,ORD006869,ORD006865,100.02,20,BUY
6874,ORD006874,ORD006873,99.87,10,SELL
6882,ORD006882,ORD006880,99.99,28,BUY
6882,ORD006882,ORD006865,100.02,32,BUY
6884,ORD006884,ORD006873,99.87,1,SELL
6884,ORD006884,ORD004964,99.53,17,SELL
6894,ORD006894,ORD006887,99.80,18,BUY
6896,ORD006896,ORD006887,99.80,31,BUY
6900,ORD006900,ORD006887,99.80,1,BUY
6906,ORD006906,ORD006865,100.02,24,BUY
6906,ORD006906,ORD006845,100.07,30,BUY
6906,ORD006906,ORD006847,100.07,14,BUY
6906,ORD006906,ORD006875,100.14,22,BUY
6909,ORD006909,ORD006875,100.14,11,BUY
6909,ORD006909,ORD006452,100.17,72,BUY
6909,ORD006909,ORD006698,100.17,11,BUY
6911,ORD006911,ORD006900,99.87,19,SELL
6916,ORD006916,ORD006900,99.87,35,SELL
6926,ORD006926,ORD006916,99.67,48,BUY
6930,ORD006930,ORD006921,99.90,58,BUY
6934,ORD006934,ORD006926,99.71,19,SELL
6934,ORD006934,ORD006895,99.59,52,SELL
6934,ORD006934,ORD006891,99.56,9,SELL
6939,ORD006939,ORD006935,99.73,54,BUY
6947,ORD006947,ORD006935,99.73,37,BUY
6947,ORD006947,ORD006938,99.82,18,BUY
6972,ORD006972,ORD006943,99.71,40,SELL
6973,ORD006973,ORD006953,99.75,29,BUY
6975,ORD006975,ORD006953,99.75,65,BUY
6975,ORD006975,ORD006938,99.82,5,BUY
6975,ORD006975,ORD006954,99.86,25,BUY
6978,ORD006978,ORD006954,99.86,28,BUY
6978,ORD006978,ORD006921,99.90,12,BUY
6980,ORD006980,ORD006979,99.86,33,BUY
6980,ORD006980,ORD006921,99.90,2,BUY
6980,ORD006980,ORD006944,100.01,15,BUY
6985,ORD006985,ORD006943,99.71,42,SELL
6985,ORD006985,ORD006983,99.65,22,SELL
6985,ORD006985,ORD006937,99.55,2,SELL
6988,ORD006988,ORD006914,100.07,59,BUY
6988,ORD006988,ORD006923,100.12,5,BUY
6995,ORD006995,ORD006989,99.87,94,SELL
6995,ORD006995,ORD006994,99.83,5,SELL
7011,ORD007011,ORD006923,100.12,57,BUY
7015,ORD007015,ORD007012,100.10,26,SELL
7016,ORD007016,ORD007012,100.10,25,SELL
7019,ORD007019,ORD007012,100.10,9,SELL
7019,ORD007019,ORD007001,99.93,22,SELL
7041,ORD007041,ORD007023,99.98,43,SELL
7041,ORD007041,ORD007001,99.93,22,SELL
7041,ORD007041,ORD007018,99.91,2,SELL
7048,ORD007048,ORD007018,99.91,16,SELL
7048,ORD007048,ORD006994,99.83,67,SELL
7048,ORD007048,ORD007013,99.72,10,SELL
7050,ORD007050,ORD007026,99.99,27,BUY
7056,ORD007056,ORD007026,99.99,13,BUY
7056,ORD007056,ORD007038,100.04,16,BUY
7063,ORD007063,ORD007038,100.04,25,BUY
7065,ORD007065,ORD007038,100.04,22,BUY
7072,ORD007072,ORD007054,99.89,30,SELL
7072,ORD007072,ORD007013,99.72,15,SELL
7072,ORD007072,ORD007010,99.69,45,SELL
7079,ORD007079,ORD007075,99.88,33,BUY
7082,ORD007082,ORD007075,99.88,5,BUY
7083,ORD007083,ORD007010,99.69,18,SELL
7083,ORD007083,ORD007033,99.58,8,SELL
7087,ORD007087,ORD007075,99.88,2,BUY
7087,ORD007087,ORD007038,100.04,16,BUY
7092,ORD007092,ORD007089,99.71,78,BUY
7099,ORD007099,ORD007038,100.04,4,BUY
7099,ORD007099,ORD006923,100.12,34,BUY
7099,ORD007099,ORD006698,100.17,36,BUY
7101,ORD007101,ORD007092,99.73,22,SELL
7101,ORD007101,ORD007033,99.58,1,SELL
7105,ORD007105,ORD006698,100.17,2,BUY
7106,ORD007106,ORD006698,100.17,25,BUY
7106,ORD007106,ORD006917,100.17,11,BUY
7106,ORD007106,ORD006780,100.18,11,BUY
7114,ORD007114,ORD007033,99.58,38,SELL
7114,ORD007114,ORD006937,99.55,50,SELL
7115,ORD007115,ORD007111,99.91,31,BUY
7116,ORD007116,ORD007111,99.91,6,BUY
7117,ORD007117,ORD007116,99.97,87,SELL
7120,ORD007120,ORD007116,99.97,4,SELL
7137,ORD007137,ORD007120,99.70,31,BUY
7137,ORD007137,ORD007125,99.77,6,BUY
7141,ORD007141,ORD007125,99.77,9,BUY
7141,ORD007141,ORD007131,100.00,36,BUY
7141,ORD007141,ORD007109,100.14,11,BUY
7144,ORD007144,ORD007109,100.14,55,BUY
7152,ORD007152,ORD007147,100.09,1,BUY
7152,ORD007152,ORD007109,100.14,32,BUY
7152,ORD007152,ORD006780,100.18,34,BUY
7161,ORD007161,ORD007158,100.03,4,SELL
7162,ORD007162,ORD007161,99.63,53,BUY
7162,ORD007162,ORD007154,100.11,39,BUY
7163,ORD007163,ORD006937,99.55,37,SELL
7163,ORD007163,ORD004964,99.53,16,SELL
7192,ORD007192,ORD007176,99.59,20,BUY
7192,ORD007192,ORD007173,99.60,23,BUY
7200,ORD007200,ORD007196,99.56,59,BUY
7204,ORD007204,ORD004964,99.53,36,SELL
7206,ORD007206,ORD007196,99.56,10,BUY
7208,ORD007208,ORD004964,99.53,22,SELL
7208,ORD007208,ORD006684,99.53,63,SELL
7213,ORD007213,ORD007196,99.56,22,BUY
7213,ORD007213,ORD007173,99.60,18,BUY
7213,ORD007213,ORD007183,99.84,34,BUY
7214,ORD007214,ORD007183,99.84,36,BUY
7214,ORD007214,ORD007184,99.86,28,BUY
7218,ORD007218,ORD007217,99.63,71,BUY
7218,ORD007218,ORD007184,99.86,16,BUY
7221,ORD007221,ORD007209,99.54,41,SELL
7221,ORD007221,ORD006684,99.53,32,SELL
7221,ORD007221,ORD007051,99.53,9,SELL
7232,ORD007232,ORD007225,99.56,12,BUY
7239,ORD007239,ORD007225,99.56,22,BUY
7249,ORD007249,ORD007225,99.56,10,BUY
7249,ORD007249,ORD007237,99.56,17,BUY
7251,ORD007251,ORD007237,99.56,77,BUY
7251,ORD007251,ORD007245,99.65,3,BUY
7255,ORD007255,ORD007245,99.65,1,BUY
7262,ORD007262,ORD007184,99.86,5,BUY
7264,ORD007264,ORD007184,99.86,11,BUY
7264,ORD007264,ORD007261,99.89,9,BUY
7268,ORD007268,ORD007261,99.89,6,BUY
7268,ORD007268,ORD007258,99.91,68,BUY
7268,ORD007268,ORD007167,99.97,24,BUY
7269,ORD007269,ORD007167,99.97,15,BUY
7274,ORD007274,ORD007167,99.97,24,BUY
7274,ORD007274,ORD007186,100.07,35,BUY
7277,ORD007277,ORD007154,100.11,54,BUY
7277,ORD007277,ORD007246,100.13,18,BUY
7277,ORD007277,ORD006780,100.18,14,BUY
7278,ORD007278,ORD006780,100.18,38,BUY
7278,ORD007278,ORD007020,100.21,58,BUY
7278,ORD007278,ORD007240,100.21,1,BUY
7280,ORD007280,ORD007240,100.21,52,BUY
7281,ORD007281,ORD007240,100.21,42,BUY
7281,ORD007281,ORD006928,100.23,35,BUY
7284,ORD007284,ORD007279,99.90,64,SELL
7294,ORD007294,ORD006928,100.23,4,BUY
7295,ORD007295,ORD007288,100.00,52,SELL
7307,ORD007307,ORD007279,99.90,10,SELL
7307,ORD007307,ORD007255,99.77,59,SELL
7308,ORD007308,ORD007295,99.91,26,BUY
7309,ORD007309,ORD007295,99.91,19,BUY
7309,ORD007309,ORD007301,100.16,51,BUY
7309,ORD007309,ORD006928,100.23,6,BUY
7309,ORD007309,ORD007199,100.23,2,BUY
7315,ORD007315,ORD007312,99.94,35,BUY
7317,ORD007317,ORD007313,99.88,30,SELL
7318,ORD007318,ORD007312,99.94,16,BUY
7318,ORD007318,ORD007199,100.23,37,BUY
7326,ORD007326,ORD007199,100.23,14,BUY
7326,ORD007326,ORD006816,100.24,33,BUY
7331,ORD007331,ORD007319,99.94,29,SELL
7331,ORD007331,ORD007313,99.88,60,SELL
7337,ORD007337,ORD007330,99.97,92,BUY
7341,ORD007341,ORD007330,99.97,4,BUY
7341,ORD007341,ORD006816,100.24,32,BUY
7341,ORD007341,ORD006834,100.25,30,BUY
7348,ORD007348,ORD007347,100.18,37,SELL
7357,ORD007357,ORD007347,100.18,63,SELL
7357,ORD007357,ORD007356,100.16,30,SELL
7358,ORD007358,ORD007356,100.16,30,SELL
7358,ORD007358,ORD007313,99.88,10,SELL
7358,ORD007358,ORD007321,99.82,14,SELL
7361,ORD007361,ORD006834,100.25,42,BUY
7361,ORD007361,ORD006948,100.26,32,BUY
7365,ORD007365,ORD007363,99.96,64,BUY
7365,ORD007365,ORD006999,100.27,8,BUY
7384,ORD007384,ORD007379,100.22,61,SELL
7385,ORD007385,ORD007379,100.22,5,SELL
7385,ORD007385,ORD007375,100.03,63,SELL
7385,ORD007385,ORD007367,99.88,9,SELL
7387,ORD007387,ORD007367,99.88,6,SELL
7389,ORD007389,ORD006999,100.27,7,BUY
7389,ORD007389,ORD007338,100.27,49,BUY
7395,ORD007395,ORD007367,99.88,66,SELL
7398,ORD007398,ORD007338,100.27,26,BUY
7398,ORD007398,ORD006998,100.28,20,BUY
7399,ORD007399,ORD006998,100.28,53,BUY
7405,ORD007405,ORD006998,100.28,15,BUY
7405,ORD007405,ORD007007,100.29,65,BUY
7405,ORD007405,ORD007339,100.30,9,BUY
7407,ORD007407,ORD007402,99.93,26,SELL
7416,ORD007416,ORD007339,100.30,15,BUY
7416,ORD007416,ORD007035,100.31,44,BUY
7416,ORD007416,ORD007146,100.32,4,BUY
7418,ORD007418,ORD007402,99.93,4,SELL
7418,ORD007418,ORD007367,99.88,13,SELL
7423,ORD007423,ORD007418,99.86,41,BUY
7423,ORD007423,ORD007420,100.16,7,BUY
7438,ORD007438,ORD007321,99.82,72,SELL
7441,ORD007441,ORD007420,100.16,10,BUY
7441,ORD007441,ORD007439,100.21,47,BUY
7441,ORD007441,ORD007146,100.32,30,BUY
7441,ORD007441,ORD007334,100.32,8,BUY
7447,ORD007447,ORD007442,99.84,13,SELL
7453,ORD007453,ORD007442,99.84,47,SELL
7453,ORD007453,ORD007321,99.82,9,SELL
7462,ORD007462,ORD007446,100.03,9,BUY
7462,ORD007462,ORD007443,100.05,61,BUY
7473,ORD007473,ORD007458,99.92,8,SELL
7473,ORD007473,ORD007321,99.82,4,SELL
7473,ORD007473,ORD007445,99.82,27,SELL
7479,ORD007479,ORD007443,100.05,6,BUY
7483,ORD007483,ORD007445,99.82,10,SELL
7483,ORD007483,ORD007340,99.78,19,SELL
7487,ORD007487,ORD007443,100.05,29,BUY
7487,ORD007487,ORD007334,100.32,9,BUY
7488,ORD007488,ORD007340,99.78,52,SELL
7488,ORD007488,ORD007345,99.78,18,SELL
7497,ORD007497,ORD007345,99.78,19,SELL
7497,ORD007497,ORD007255,99.77,5,SELL
7497,ORD007497,ORD007306,99.77,66,SELL
7500,ORD007500,ORD007334,100.32,1,BUY
7500,ORD007500,ORD007332,100.33,24,BUY
7502,ORD007502,ORD007306,99.77,7,SELL
7505,ORD007505,ORD007306,99.77,19,SELL
7505,ORD007505,ORD007342,99.71,5,SELL
7509,ORD007509,ORD007501,99.84,73,BUY
7511,ORD007511,ORD007332,100.33,42,BUY
7518,ORD007518,ORD007509,100.25,13,SELL
7518,ORD007518,ORD007515,100.20,84,SELL
7524,ORD007524,ORD007515,100.20,7,SELL
7524,ORD007524,ORD007513,99.98,45,SELL
7535,ORD007535,ORD007332,100.33,19,BUY
7535,ORD007535,ORD007316,100.34,32,BUY
7538,ORD007538,ORD007513,99.98,40,SELL
7538,ORD007538,ORD007521,99.87,48,SELL
7539,ORD007539,ORD007521,99.87,5,SELL
7539,ORD007539,ORD007342,99.71,1,SELL
7542,ORD007542,ORD007539,99.71,71,BUY
7543,ORD007543,ORD007503,99.69,51,SELL
7544,ORD007544,ORD007539,99.71,21,BUY
7545,ORD007545,ORD007316,100.34,41,BUY
7545,ORD007545,ORD006580,100.35,6,BUY
7557,ORD007557,ORD007547,99.95,26,BUY
7557,ORD007557,ORD007546,100.02,49,BUY
7563,ORD007563,ORD007553,99.92,20,SELL
7574,ORD007574,ORD007546,100.02,43,BUY
7574,ORD007574,ORD007558,100.07,14,BUY
7574,ORD007574,ORD007567,100.28,3,BUY
7580,ORD007580,ORD007567,100.28,50,BUY
7580,ORD007580,ORD006580,100.35,11,BUY
7582,ORD007582,ORD007581,100.05,92,SELL
7582,ORD007582,ORD007553,99.92,5,SELL
7582,ORD007582,ORD007571,99.89,3,SELL
7585,ORD007585,ORD006580,100.35,29,BUY
7594,ORD007594,ORD007592,99.96,4,SELL
7598,ORD007598,ORD007592,99.96,54,SELL
7598,ORD007598,ORD007571,99.89,37,SELL
7603,ORD007603,ORD007571,99.89,24,SELL
7603,ORD007603,ORD007544,99.87,33,SELL
7614,ORD007614,ORD007612,100.07,28,SELL
7614,ORD007614,ORD007544,99.87,6,SELL
7619,ORD007619,ORD006580,100.35,26,BUY
7638,ORD007638,ORD007544,99.87,4,SELL
7644,ORD007644,ORD007622,99.89,34,BUY
7644,ORD007644,ORD007643,99.89,10,BUY
7644,ORD007644,ORD007629,99.99,14,BUY
7644,ORD007644,ORD007632,100.02,35,BUY
7645,ORD007645,ORD007544,99.87,24,SELL
7645,ORD007645,ORD007605,99.83,26,SELL
7647,ORD007647,ORD007632,100.02,29,BUY
7658,ORD007658,ORD007605,99.83,69,SELL
7658,ORD007658,ORD007625,99.78,7,SELL
7660,ORD007660,ORD007625,99.78,22,SELL
7660,ORD007660,ORD007591,99.71,47,SELL
7660,ORD007660,ORD007624,99.71,28,SELL
7663,ORD007663,ORD007655,99.89,53,BUY
7664,ORD007664,ORD007624,99.71,33,SELL
7664,ORD007664,ORD007503,99.69,10,SELL
7664,ORD007664,ORD007417,99.67,6,SELL
7674,ORD007674,ORD007655,99.89,10,BUY
7674,ORD007674,ORD007657,100.01,24,BUY
7680,ORD007680,ORD007674,100.01,1,SELL
7686,ORD007686,ORD007632,100.02,8,BUY
7686,ORD007686,ORD007673,100.07,10,BUY
7689,ORD007689,ORD007674,100.01,10,SELL
7689,ORD007689,ORD007417,99.67,2,SELL
7705,ORD007705,ORD007696,100.03,32,BUY
7706,ORD007706,ORD007417,99.67,48,SELL
7706,ORD007706,ORD007369,99.66,41,SELL
7709,ORD007709,ORD007369,99.66,5,SELL
7713,ORD007713,ORD007711,99.99,2,BUY
7713,ORD007713,ORD007696,100.03,12,BUY
7713,ORD007713,ORD007673,100.07,66,BUY
7715,ORD007715,ORD007673,100.07,4,BUY
7715,ORD007715,ORD007683,100.08,67,BUY
7721,ORD007721,ORD007683,100.08,2,BUY
7721,ORD007721,ORD007628,100.15,10,BUY
7727,ORD007727,ORD007721,100.22,44,SELL
7731,ORD007731,ORD007716,99.96,16,SELL
7733,ORD007733,ORD007727,100.05,33,BUY
7733,ORD007733,ORD007692,100.25,9,BUY
7738,ORD007738,ORD007692,100.25,8,BUY
7755,ORD007755,ORD007744,100.15,25,SELL
7755,ORD007755,ORD007716,99.96,17,SELL
7755,ORD007755,ORD007736,99.90,1,SELL
7772,ORD007772,ORD007752,100.20,20,BUY
7781,ORD007781,ORD007736,99.90,79,SELL
7782,ORD007782,ORD007773,99.99,9,BUY
7789,ORD007789,ORD007782,100.01,66,SELL
7789,ORD007789,ORD007736,99.90,8,SELL
7790,ORD007790,ORD007736,99.90,1,SELL
7790,ORD007790,ORD007717,99.86,11,SELL
7793,ORD007793,ORD007787,100.06,52,BUY
7812,ORD007812,ORD007717,99.86,31,SELL
7813,ORD007813,ORD007812,99.86,48,BUY
7813,ORD007813,ORD007803,99.87,27,BUY
7817,ORD007817,ORD007803,99.87,26,BUY
7821,ORD007821,ORD007817,99.93,55,SELL
7821,ORD007821,ORD007749,99.82,11,SELL
7823,ORD007823,ORD007787,100.06,20,BUY
7823,ORD007823,ORD007752,100.20,14,BUY
7827,ORD007827,ORD007752,100.20,46,BUY
7832,ORD007832,ORD007749,99.82,20,SELL
7839,ORD007839,ORD007749,99.82,12,SELL
7840,ORD007840,ORD007830,99.91,5,BUY
7844,ORD007844,ORD007752,100.20,15,BUY
7844,ORD007844,ORD007739,100.22,58,BUY
7844,ORD007844,ORD007692,100.25,23,BUY
7850,ORD007850,ORD007692,100.25,25,BUY
7858,ORD007858,ORD007692,100.25,2,BUY
7858,ORD007858,ORD007808,100.26,30,BUY
7861,ORD007861,ORD007840,100.08,26,SELL
7868,ORD007868,ORD007840,100.08,60,SELL
7868,ORD007868,ORD007749,99.82,15,SELL
7872,ORD007872,ORD007808,100.26,47,BUY
7878,ORD007878,ORD007808,100.26,2,BUY
7878,ORD007878,ORD006580,100.35,28,BUY
7878,ORD007878,ORD006615,100.35,5,BUY
7895,ORD007895,ORD007749,99.82,22,SELL
7895,ORD007895,ORD007820,99.77,61,SELL
7896,ORD007896,ORD007820,99.77,39,SELL
7897,ORD007897,ORD007710,99.70,39,SELL
7897,ORD007897,ORD007894,99.70,29,SELL
7897,ORD007897,ORD007369,99.66,7,SELL
7897,ORD007897,ORD007796,99.66,3,SELL
7899,ORD007899,ORD007896,99.77,10,BUY
7899,ORD007899,ORD007888,99.98,80,BUY
7904,ORD007904,ORD007796,99.66,28,SELL
7904,ORD007904,ORD007290,99.63,17,SELL
7909,ORD007909,ORD007888,99.98,10,BUY
7909,ORD007909,ORD007887,100.10,32,BUY
7913,ORD007913,ORD007887,100.10,9,BUY
7922,ORD007922,ORD007913,100.22,20,SELL
7922,ORD007922,ORD007911,100.08,43,SELL
7928,ORD007928,ORD007911,100.08,42,SELL
7928,ORD007928,ORD007924,100.04,20,SELL
7928,ORD007928,ORD007290,99.63,2,SELL
7933,ORD007933,ORD007929,100.16,80,BUY
7938,ORD007938,ORD007929,100.16,13,BUY
7938,ORD007938,ORD007934,100.27,36,BUY
7944,ORD007944,ORD007939,99.81,49,BUY
7954,ORD007954,ORD007934,100.27,33,BUY
7954,ORD007954,ORD006615,100.35,9,BUY
7954,ORD007954,ORD006704,100.35,47,BUY
7959,ORD007959,ORD007944,99.85,13,SELL
7959,ORD007959,ORD007941,99.70,28,SELL
7959,ORD007959,ORD007946,99.69,35,SELL
7968,ORD007968,ORD007967,99.90,30,SELL
7972,ORD007972,ORD007968,99.77,14,BUY
7973,ORD007973,ORD007968,99.77,48,BUY
7973,ORD007973,ORD007971,99.98,31,BUY
7985,ORD007985,ORD007980,99.91,23,BUY
7985,ORD007985,ORD007971,99.98,5,BUY
7986,ORD007986,ORD007985,100.00,16,SELL
7986,ORD007986,ORD007946,99.69,65,SELL
7986,ORD007986,ORD007956,99.67,4,SELL
7996,ORD007996,ORD007990,99.97,18,BUY
7996,ORD007996,ORD007957,100.12,25,BUY
8017,ORD008017,ORD008002,99.93,25,BUY
8024,ORD008024,ORD008002,99.93,18,BUY
8026,ORD008026,ORD008022,99.82,95,SELL
8026,ORD008026,ORD007956,99.67,4,SELL
8038,ORD008038,ORD008031,99.84,6,BUY
8038,ORD008038,ORD008036,99.86,60,BUY
8038,ORD008038,ORD008002,99.93,3,BUY
8058,ORD008058,ORD008047,99.68,11,BUY
8058,ORD008058,ORD008053,99.68,68,BUY
8064,ORD008064,ORD007956,99.67,20,SELL
8064,ORD008064,ORD007290,99.63,13,SELL
8064,ORD008064,ORD007566,99.63,6,SELL
8064,ORD008064,ORD007902,99.63,4,SELL
8065,ORD008065,ORD007902,99.63,31,SELL
8071,ORD008071,ORD008053,99.68,2,BUY
8071,ORD008071,ORD008002,99.93,29,BUY
8071,ORD008071,ORD008046,100.08,56,BUY
8075,ORD008075,ORD008046,100.08,11,BUY
8075,ORD008075,ORD008063,100.08,29,BUY
8076,ORD008076,ORD008063,100.08,3,BUY
8079,ORD008079,ORD008063,100.08,23,BUY
8079,ORD008079,ORD008077,100.10,46,BUY
8086,ORD008086,ORD007902,99.63,28,SELL
8086,ORD008086,ORD008048,99.63,41,SELL
8086,ORD008086,ORD007371,99.62,13,SELL
8091,ORD008091,ORD008077,100.10,10,BUY
8091,ORD008091,ORD007957,100.12,37,BUY
8093,ORD008093,ORD007371,99.62,2,SELL
8098,ORD008098,ORD008095,99.83,10,BUY
8103,ORD008103,ORD008101,99.69,28,BUY
8103,ORD008103,ORD008095,99.83,37,BUY
8107,ORD008107,ORD008095,99.83,46,BUY
8107,ORD008107,ORD008106,100.06,15,BUY
8107,ORD008107,ORD007957,100.12,24,BUY
8108,ORD008108,ORD007371,99.62,32,SELL
8108,ORD008108,ORD007506,99.62,8,SELL
8108,ORD008108,ORD007804,99.62,25,SELL
8108,ORD008108,ORD007259,99.61,16,SELL
8117,ORD008117,ORD007957,100.12,4,BUY
8117,ORD008117,ORD008004,100.23,37,BUY
8117,ORD008117,ORD008032,100.23,4,BUY
8121,ORD008121,ORD008032,100.23,18,BUY
8125,ORD008125,ORD008111,99.80,5,SELL
8125,ORD008125,ORD008113,99.69,11,SELL
8131,ORD008131,ORD008113,99.69,30,SELL
8131,ORD008131,ORD007259,99.61,4,SELL
8133,ORD008133,ORD007259,99.61,32,SELL
8140,ORD008140,ORD008132,99.79,3,BUY
8140,ORD008140,ORD008129,99.87,56,BUY
8140,ORD008140,ORD008135,100.06,7,BUY
8142,ORD008142,ORD008135,100.06,21,BUY
8144,ORD008144,ORD008135,100.06,66,BUY
8148,ORD008148,ORD007259,99.61,32,SELL
8153,ORD008153,ORD008146,99.74,4,BUY
8155,ORD008155,ORD008146,99.74,5,BUY
8156,ORD008156,ORD008146,99.74,7,BUY
8156,ORD008156,ORD008151,99.85,12,BUY
8156,ORD008156,ORD008135,100.06,3,BUY
8156,ORD008156,ORD008145,100.12,18,BUY
8173,ORD008173,ORD008161,99.85,81,BUY
8174,ORD008174,ORD008161,99.85,9,BUY
8174,ORD008174,ORD008164,99.89,29,BUY
8178,ORD008178,ORD008164,99.89,2,BUY
8181,ORD008181,ORD008164,99.89,37,BUY
8181,ORD008181,ORD008170,99.93,35,BUY
8186,ORD008186,ORD007259,99.61,8,SELL
8186,ORD008186,ORD007411,99.61,71,SELL
8186,ORD008186,ORD007528,99.59,18,SELL
8206,ORD008206,ORD008202,99.90,44,BUY
8207,ORD008207,ORD008202,99.90,33,BUY
8207,ORD008207,ORD008170,99.93,32,BUY
8207,ORD008207,ORD008167,99.96,6,BUY
8208,ORD008208,ORD008167,99.96,19,BUY
8208,ORD008208,ORD008177,100.11,26,BUY
8213,ORD008213,ORD008177,100.11,14,BUY
8213,ORD008213,ORD008145,100.12,16,BUY
8213,ORD008213,ORD008032,100.23,24,BUY
8219,ORD008219,ORD008032,100.23,18,BUY
8220,ORD008220,ORD008217,99.92,33,SELL
8226,ORD008226,ORD008032,100.23,25,BUY
8226,ORD008226,ORD007984,100.24,34,BUY
8227,ORD008227,ORD008217,99.92,42,SELL
8227,ORD008227,ORD007528,99.59,27,SELL
8227,ORD008227,ORD007828,99.59,11,SELL
8231,ORD008231,ORD008228,100.12,30,SELL
8231,ORD008231,ORD007828,99.59,51,SELL
8231,ORD008231,ORD008187,99.58,18,SELL
8235,ORD008235,ORD007984,100.24,2,BUY
8235,ORD008235,ORD008114,100.29,6,BUY
8236,ORD008236,ORD008114,100.29,48,BUY
8236,ORD008236,ORD006704,100.35,34,BUY
8236,ORD008236,ORD007620,100.35,2,BUY
8237,ORD008237,ORD007620,100.35,16,BUY
8243,ORD008243,ORD008241,99.79,47,BUY
8243,ORD008243,ORD008239,99.83,27,BUY
8243,ORD008243,ORD008238,100.11,4,BUY
8252,ORD008252,ORD008250,99.94,29,BUY
8271,ORD008271,ORD008254,99.87,63,BUY
8271,ORD008271,ORD008262,99.88,37,BUY
8272,ORD008272,ORD008262,99.88,18,BUY
8272,ORD008272,ORD008250,99.94,3,BUY
8273,ORD008273,ORD008250,99.94,16,BUY
8280,ORD008280,ORD008250,99.94,7,BUY
8280,ORD008280,ORD008238,100.11,63,BUY
8283,ORD008283,ORD008238,100.11,10,BUY
8294,ORD008294,ORD008238,100.11,6,BUY
8294,ORD008294,ORD008249,100.12,53,BUY
8294,ORD008294,ORD008268,100.23,32,BUY
8300,ORD008300,ORD008299,100.02,21,BUY
8307,ORD008307,ORD008289,99.97,32,SELL
8307,ORD008307,ORD008290,99.96,54,SELL
8315,ORD008315,ORD008290,99.96,40,SELL
8327,ORD008327,ORD008325,99.59,21,BUY
8327,ORD008327,ORD008316,99.68,10,BUY
8334,ORD008334,ORD008316,99.68,37,BUY
8334,ORD008334,ORD008332,99.69,25,BUY
8334,ORD008334,ORD008315,99.85,12,BUY
8341,ORD008341,ORD008315,99.85,4,BUY
8341,ORD008341,ORD008299,100.02,13,BUY
8341,ORD008341,ORD008337,100.12,27,BUY
8341,ORD008341,ORD008297,100.19,12,BUY
8347,ORD008347,ORD008297,100.19,1,BUY
8352,ORD008352,ORD008297,100.19,50,BUY
8352,ORD008352,ORD008268,100.23,30,BUY
8356,ORD008356,ORD008352,100.25,14,SELL
8356,ORD008356,ORD008353,100.04,6,SELL
8358,ORD008358,ORD008353,100.04,7,SELL
8360,ORD008360,ORD008353,100.04,36,SELL
8365,ORD008365,ORD008353,100.04,34,SELL
8366,ORD008366,ORD008353,100.04,4,SELL
8377,ORD008377,ORD008353,100.04,6,SELL
8377,ORD008377,ORD008187,99.58,15,SELL
8377,ORD008377,ORD007723,99.56,7,SELL
8377,ORD008377,ORD008263,99.56,55,SELL
8386,ORD008386,ORD008253,100.31,6,BUY
8386,ORD008386,ORD007862,100.35,3,BUY
8386,ORD008386,ORD008211,100.35,46,BUY
8386,ORD008386,ORD006439,100.36,34,BUY
8386,ORD008386,ORD007189,100.36,6,BUY
8390,ORD008390,ORD008383,100.30,89,SELL
8390,ORD008390,ORD008382,100.08,3,SELL
8406,ORD008406,ORD008382,100.08,6,SELL
8410,ORD008410,ORD008406,100.05,9,BUY
8423,ORD008423,ORD008406,100.05,6,BUY
8425,ORD008425,ORD008406,100.05,71,BUY
8425,ORD008425,ORD008391,100.13,28,BUY
8425,ORD008425,ORD008397,100.30,1,BUY
8426,ORD008426,ORD008397,100.30,25,BUY
8431,ORD008431,ORD008430,99.64,70,BUY
8432,ORD008432,ORD008431,99.64,27,SELL
8432,ORD008432,ORD008263,99.56,29,SELL
8436,ORD008436,ORD007510,99.54,42,SELL
8437,ORD008437,ORD008432,99.56,1,BUY
8444,ORD008444,ORD008434,100.05,39,BUY
8445,ORD008445,ORD008439,99.84,7,SELL
8449,ORD008449,ORD008439,99.84,14,SELL
8449,ORD008449,ORD008442,99.68,31,SELL
8449,ORD008449,ORD008437,99.58,10,SELL
8451,ORD008451,ORD008450,99.72,30,BUY
8456,ORD008456,ORD008450,99.72,56,BUY
8456,ORD008456,ORD008434,100.05,31,BUY
8458,ORD008458,ORD008437,99.58,11,SELL
8458,ORD008458,ORD007510,99.54,9,SELL
8466,ORD008466,ORD008434,100.05,18,BUY
8466,ORD008466,ORD008397,100.30,36,BUY
8466,ORD008466,ORD008409,100.33,45,BUY
8478,ORD008478,ORD008475,99.72,58,SELL
8478,ORD008478,ORD007510,99.54,22,SELL
8481,ORD008481,ORD008409,100.33,15,BUY
8481,ORD008481,ORD007189,100.36,49,BUY
8481,ORD008481,ORD006485,100.37,13,BUY
8487,ORD008487,ORD008482,99.74,70,SELL
8496,ORD008496,ORD008487,99.57,26,BUY
8496,ORD008496,ORD008488,99.78,18,BUY
8503,ORD008503,ORD008501,99.63,51,SELL
8503,ORD008503,ORD007510,99.54,5,SELL
8503,ORD008503,ORD007788,99.54,8,SELL
8509,ORD008509,ORD007788,99.54,24,SELL
8509,ORD008509,ORD008492,99.54,15,SELL
8513,ORD008513,ORD008492,99.54,24,SELL
8513,ORD008513,ORD007051,99.53,27,SELL
8519,ORD008519,ORD008508,99.68,13,BUY
8526,ORD008526,ORD008517,99.65,4,SELL
8527,ORD008527,ORD008526,99.60,16,BUY
8527,ORD008527,ORD008508,99.68,14,BUY
8529,ORD008529,ORD008508,99.68,46,BUY
8532,ORD008532,ORD008508,99.68,7,BUY
8532,ORD008532,ORD008518,99.70,18,BUY
8545,ORD008545,ORD008518,99.70,14,BUY
8545,ORD008545,ORD008488,99.78,37,BUY
8560,ORD008560,ORD008488,99.78,1,BUY
8560,ORD008560,ORD008550,99.79,41,BUY
8562,ORD008562,ORD008550,99.79,41,BUY
8568,ORD008568,ORD008550,99.79,2,BUY
8568,ORD008568,ORD008547,99.93,63,BUY
8573,ORD008573,ORD008528,99.64,42,SELL
8573,ORD008573,ORD008542,99.58,8,SELL
8573,ORD008573,ORD007051,99.53,4,SELL
8575,ORD008575,ORD008574,99.57,77,BUY
8575,ORD008575,ORD008547,99.93,1,BUY
8579,ORD008579,ORD008547,99.93,4,BUY
8579,ORD008579,ORD008558,99.93,31,BUY
8583,ORD008583,ORD008580,99.76,22,BUY
8587,ORD008587,ORD008586,99.76,60,SELL
8600,ORD008600,ORD008558,99.93,2,BUY
8600,ORD008600,ORD008539,100.10,10,BUY
8600,ORD008600,ORD008570,100.10,62,BUY
8600,ORD008600,ORD008543,100.11,2,BUY
8603,ORD008603,ORD008543,100.11,44,BUY
8607,ORD008607,ORD008586,99.76,11,SELL
8607,ORD008607,ORD007051,99.53,19,SELL
8607,ORD008607,ORD007393,99.53,33,SELL
8611,ORD008611,ORD008609,99.66,45,SELL
8625,ORD008625,ORD008623,99.91,29,BUY
8629,ORD008629,ORD008627,99.79,17,SELL
8629,ORD008629,ORD008609,99.66,4,SELL
8629,ORD008629,ORD007393,99.53,5,SELL
8631,ORD008631,ORD007393,99.53,17,SELL
8632,ORD008632,ORD008623,99.91,8,BUY
8633,ORD008633,ORD008623,99.91,32,BUY
8634,ORD008634,ORD007393,99.53,37,SELL
8634,ORD008634,ORD007648,99.53,31,SELL
8639,ORD008639,ORD008637,99.78,32,SELL
8640,ORD008640,ORD008635,99.86,23,BUY
8640,ORD008640,ORD008623,99.91,11,BUY
8640,ORD008640,ORD008616,100.06,14,BUY
8642,ORD008642,ORD008637,99.78,24,SELL
8643,ORD008643,ORD008616,100.06,19,BUY
8643,ORD008643,ORD008543,100.11,42,BUY
8649,ORD008649,ORD008543,100.11,12,BUY
8649,ORD008649,ORD008630,100.12,21,BUY
8649,ORD008649,ORD008553,100.16,32,BUY
8670,ORD008670,ORD008668,100.02,60,BUY
8670,ORD008670,ORD008654,100.09,7,BUY
8670,ORD008670,ORD008663,100.11,25,BUY
8672,ORD008672,ORD008637,99.78,23,SELL
8672,ORD008672,ORD008644,99.71,9,SELL
8672,ORD008672,ORD008656,99.70,9,SELL
8675,ORD008675,ORD008672,99.67,10,BUY
8682,ORD008682,ORD008672,99.67,40,BUY
8682,ORD008682,ORD008679,99.81,50,BUY
8684,ORD008684,ORD008679,99.81,5,BUY
8688,ORD008688,ORD007648,99.53,43,SELL
8688,ORD008688,ORD008000,99.53,20,SELL
8689,ORD008689,ORD008679,99.81,33,BUY
8699,ORD008699,ORD008663,100.11,8,BUY
8699,ORD008699,ORD008553,100.16,33,BUY
8705,ORD008705,ORD008703,99.97,19,BUY
8708,ORD008708,ORD008692,99.89,55,SELL
8710,ORD008710,ORD008703,99.97,15,BUY
8710,ORD008710,ORD008553,100.16,8,BUY
8717,ORD008717,ORD008710,100.19,1,SELL
8717,ORD008717,ORD008692,99.89,8,SELL
8717,ORD008717,ORD008698,99.87,11,SELL
8722,ORD008722,ORD008719,100.02,39,BUY
8727,ORD008727,ORD008719,100.02,11,BUY
8729,ORD008729,ORD008719,100.02,32,BUY
8733,ORD008733,ORD008719,100.02,13,BUY
8733,ORD008733,ORD008571,100.27,8,BUY
8738,ORD008738,ORD008571,100.27,63,BUY
8747,ORD008747,ORD008571,100.27,25,BUY
8747,ORD008747,ORD008606,100.27,27,BUY
8751,ORD008751,ORD008749,100.21,1,BUY
8753,ORD008753,ORD008734,99.99,4,SELL
8753,ORD008753,ORD008698,99.87,39,SELL
8753,ORD008753,ORD008689,99.86,9,SELL
8770,ORD008770,ORD008756,100.01,50,SELL
8770,ORD008770,ORD008689,99.86,8,SELL
8770,ORD008770,ORD008695,99.86,15,SELL
8770,ORD008770,ORD008723,99.86,9,SELL
8772,ORD008772,ORD008723,99.86,52,SELL
8772,ORD008772,ORD008691,99.78,16,SELL
8774,ORD008774,ORD008749,100.21,79,BUY
8781,ORD008781,ORD008774,100.26,3,SELL
8787,ORD008787,ORD008784,99.86,21,SELL
8793,ORD008793,ORD008789,100.18,10,BUY
8794,ORD008794,ORD008789,100.18,54,BUY
8794,ORD008794,ORD008781,100.22,4,BUY
8798,ORD008798,ORD008784,99.86,23,SELL
8798,ORD008798,ORD008691,99.78,45,SELL
8811,ORD008811,ORD008691,99.78,25,SELL
8811,ORD008811,ORD008797,99.59,3,SELL
8813,ORD008813,ORD008796,100.21,13,BUY
8818,ORD008818,ORD008815,99.95,61,BUY
8819,ORD008819,ORD008815,99.95,36,BUY
8820,ORD008820,ORD008819,100.07,16,SELL
8820,ORD008820,ORD008797,99.59,2,SELL
8828,ORD008828,ORD008821,100.19,8,SELL
8837,ORD008837,ORD008823,100.09,27,SELL
8837,ORD008837,ORD008833,100.04,21,SELL
8848,ORD008848,ORD008828,100.15,39,BUY
8848,ORD008848,ORD008796,100.21,39,BUY
8848,ORD008848,ORD008781,100.22,9,BUY
8852,ORD008852,ORD008833,100.04,26,SELL
8863,ORD008863,ORD008830,99.91,46,SELL
8863,ORD008863,ORD008861,99.91,19,SELL
8864,ORD008864,ORD008861,99.91,32,SELL
8864,ORD008864,ORD008860,99.75,18,SELL
8873,ORD008873,ORD008842,99.56,54,SELL
8876,ORD008876,ORD008842,99.56,42,SELL
8876,ORD008876,ORD008844,99.56,46,SELL
8878,ORD008878,ORD008864,99.66,20,BUY
8878,ORD008878,ORD008872,99.73,19,BUY
8878,ORD008878,ORD008871,99.75,43,BUY
8880,ORD008880,ORD008844,99.56,1,SELL
8885,ORD008885,ORD008880,99.54,29,BUY
8893,ORD008893,ORD008000,99.53,49,SELL
8902,ORD008902,ORD008880,99.54,36,BUY
8904,ORD008904,ORD008880,99.54,2,BUY
8906,ORD008906,ORD008000,99.53,17,SELL
8906,ORD008906,ORD008535,99.53,15,SELL
8907,ORD008907,ORD008880,99.54,3,BUY
8907,ORD008907,ORD008896,99.54,14,BUY
8913,ORD008913,ORD008883,99.62,23,BUY
8915,ORD008915,ORD008883,99.62,7,BUY
8920,ORD008920,ORD008883,99.62,7,BUY
8920,ORD008920,ORD008884,99.70,2,BUY
8922,ORD008922,ORD008907,99.60,79,SELL
8922,ORD008922,ORD008535,99.53,18,SELL
8928,ORD008928,ORD008884,99.70,10,BUY
8928,ORD008928,ORD008871,99.75,22,BUY
8928,ORD008928,ORD008852,99.95,2,BUY
8928,ORD008928,ORD008868,100.01,21,BUY
8928,ORD008928,ORD008921,100.12,12,BUY
8933,ORD008933,ORD008921,100.12,60,BUY
8934,ORD008934,ORD008921,100.12,7,BUY
8937,ORD008937,ORD008921,100.12,10,BUY
8937,ORD008937,ORD008781,100.22,9,BUY
8937,ORD008937,ORD008900,100.22,61,BUY
8937,ORD008937,ORD008929,100.22,11,BUY
8946,ORD008946,ORD008945,100.14,28,SELL
8947,ORD008947,ORD008945,100.14,41,SELL
8956,ORD008956,ORD008535,99.53,41,SELL
8956,ORD008956,ORD002837,99.52,43,SELL
8958,ORD008958,ORD008947,99.55,10,BUY
8967,ORD008967,ORD008958,100.16,2,SELL
8967,ORD008967,ORD002837,99.52,26,SELL
8967,ORD008967,ORD004228,99.52,33,SELL
8973,ORD008973,ORD008929,100.22,42,BUY
8973,ORD008973,ORD008949,100.22,23,BUY
8989,ORD008989,ORD004228,99.52,8,SELL
8990,ORD008990,ORD004228,99.52,35,SELL
8990,ORD008990,ORD004536,99.52,9,SELL
8990,ORD008990,ORD005538,99.52,13,SELL
8991,ORD008991,ORD008987,99.55,16,BUY
8993,ORD008993,ORD008981,99.91,63,BUY
9007,ORD009007,ORD008981,99.91,8,BUY
9010,ORD009010,ORD008981,99.91,3,BUY
9010,ORD009010,ORD009006,100.06,3,BUY
9010,ORD009010,ORD008949,100.22,49,BUY
9010,ORD009010,ORD008831,100.24,2,BUY
9021,ORD009021,ORD009013,99.99,38,SELL
9025,ORD009025,ORD009021,99.82,16,BUY
9025,ORD009025,ORD008831,100.24,25,BUY
9026,ORD009026,ORD009004,99.73,24,SELL
9040,ORD009040,ORD009033,100.06,22,BUY
9040,ORD009040,ORD009030,100.22,1,BUY
9040,ORD009040,ORD008831,100.24,22,BUY
9041,ORD009041,ORD009029,99.78,21,SELL
9042,ORD009042,ORD009029,99.78,29,SELL
9042,ORD009042,ORD009004,99.73,23,SELL
9047,ORD009047,ORD009004,99.73,12,SELL
9050,ORD009050,ORD009043,99.82,25,BUY
9050,ORD009050,ORD009049,100.04,18,BUY
9052,ORD009052,ORD009049,100.04,5,BUY
9052,ORD009052,ORD008831,100.24,18,BUY
9052,ORD009052,ORD008960,100.26,31,BUY
9057,ORD009057,ORD009004,99.73,5,SELL
9057,ORD009057,ORD009031,99.57,82,SELL
9060,ORD009060,ORD009031,99.57,2,SELL
9060,ORD009060,ORD009051,99.56,64,SELL
9060,ORD009060,ORD005538,99.52,6,SELL
9062,ORD009062,ORD009055,100.12,19,BUY
9064,ORD009064,ORD008960,100.26,2,BUY
9070,ORD009070,ORD008960,100.26,10,BUY
9070,ORD009070,ORD008606,100.27,33,BUY
9070,ORD009070,ORD008782,100.29,48,BUY
9072,ORD009072,ORD008782,100.29,3,BUY
9072,ORD009072,ORD008628,100.30,10,BUY
9074,ORD009074,ORD008628,100.30,31,BUY
9074,ORD009074,ORD008660,100.30,7,BUY
9085,ORD009085,ORD008660,100.30,9,BUY
9085,ORD009085,ORD008737,100.32,64,BUY
9086,ORD009086,ORD009062,100.24,35,SELL
9090,ORD009090,ORD009062,100.24,12,SELL
9090,ORD009090,ORD009069,99.85,12,SELL
9098,ORD009098,ORD009093,100.00,32,BUY
9099,ORD009099,ORD009098,100.29,22,SELL
9100,ORD009100,ORD009099,99.91,9,BUY
9100,ORD009100,ORD008737,100.32,2,BUY
9100,ORD009100,ORD008869,100.32,12,BUY
9103,ORD009103,ORD008869,100.32,18,BUY
9104,ORD009104,ORD008869,100.32,9,BUY
9104,ORD009104,ORD008525,100.33,50,BUY
9109,ORD009109,ORD008525,100.33,12,BUY
9109,ORD009109,ORD008677,100.33,16,BUY
9120,ORD009120,ORD009113,100.14,37,BUY
9124,ORD009124,ORD009108,100.10,37,SELL
9125,ORD009125,ORD009069,99.85,14,SELL
9126,ORD009126,ORD009069,99.85,37,SELL
9133,ORD009133,ORD009069,99.85,26,SELL
9133,ORD009133,ORD009076,99.81,24,SELL
9135,ORD009135,ORD009124,99.95,22,BUY
9135,ORD009135,ORD009127,100.07,19,BUY
9143,ORD009143,ORD009127,100.07,30,BUY
9143,ORD009143,ORD009113,100.14,6,BUY
9159,ORD009159,ORD009113,100.14,19,BUY
9159,ORD009159,ORD009140,100.23,26,BUY
9166,ORD009166,ORD009140,100.23,56,BUY
9166,ORD009166,ORD008677,100.33,35,BUY
9172,ORD009172,ORD009167,100.14,61,BUY
9196,ORD009196,ORD009172,100.24,35,SELL
9196,ORD009196,ORD009192,100.10,46,SELL
9199,ORD009199,ORD009179,100.30,2,BUY
9199,ORD009199,ORD008677,100.33,13,BUY
9199,ORD009199,ORD009038,100.33,48,BUY
9199,ORD009199,ORD008932,100.34,4,BUY
9199,ORD009199,ORD008502,100.35,22,BUY
9201,ORD009201,ORD008502,100.35,2,BUY
9204,ORD009204,ORD009192,100.10,19,SELL
9204,ORD009204,ORD009203,100.06,15,SELL
9205,ORD009205,ORD008502,100.35,42,BUY
9205,ORD009205,ORD008763,100.35,14,BUY
9206,ORD009206,ORD009203,100.06,13,SELL
9206,ORD009206,ORD009147,99.99,3,SELL
9206,ORD009206,ORD009138,99.90,48,SELL
9207,ORD009207,ORD008763,100.35,68,BUY
9208,ORD009208,ORD009138,99.90,19,SELL
9208,ORD009208,ORD009139,99.87,11,SELL
9208,ORD009208,ORD009175,99.84,28,SELL
9208,ORD009208,ORD009076,99.81,18,SELL
9214,ORD009214,ORD009211,99.82,23,BUY
9217,ORD009217,ORD009211,99.82,47,BUY
9219,ORD009219,ORD009217,100.26,37,SELL
9222,ORD009222,ORD009219,100.19,10,BUY
9222,ORD009222,ORD008763,100.35,18,BUY
9222,ORD009222,ORD008666,100.36,65,BUY
9227,ORD009227,ORD009076,99.81,3,SELL
9227,ORD009227,ORD009068,99.78,4,SELL
9227,ORD009227,ORD009114,99.78,13,SELL
9227,ORD009227,ORD009136,99.78,8,SELL
9232,ORD009232,ORD009229,100.05,39,BUY
9239,ORD009239,ORD009232,100.16,46,SELL
9247,ORD009247,ORD009232,100.16,4,SELL
9248,ORD009248,ORD009136,99.78,56,SELL
9267,ORD009267,ORD009265,99.99,21,BUY
9268,ORD009268,ORD009265,99.99,68,BUY
9272,ORD009272,ORD009265,99.99,3,BUY
9282,ORD009282,ORD009272,100.11,50,SELL
9282,ORD009282,ORD009270,99.97,7,SELL
9293,ORD009293,ORD009247,100.16,74,BUY
9304,ORD009304,ORD009270,99.97,18,SELL
9304,ORD009304,ORD009291,99.95,24,SELL
9304,ORD009304,ORD009264,99.91,1,SELL
9305,ORD009305,ORD009247,100.16,15,BUY
9305,ORD009305,ORD009269,100.31,55,BUY
9306,ORD009306,ORD009264,99.91,43,SELL
9306,ORD009306,ORD009253,99.89,1,SELL
9311,ORD009311,ORD009253,99.89,49,SELL
9314,ORD009314,ORD009269,100.31,6,BUY
9314,ORD009314,ORD009274,100.31,43,BUY
9314,ORD009314,ORD008666,100.36,21,BUY
9314,ORD009314,ORD008740,100.36,12,BUY
9315,ORD009315,ORD009253,99.89,17,SELL
9315,ORD009315,ORD009261,99.85,61,SELL
9315,ORD009315,ORD009286,99.85,5,SELL
9318,ORD009318,ORD009286,99.85,39,SELL
9318,ORD009318,ORD009288,99.85,4,SELL
9318,ORD009318,ORD009136,99.78,27,SELL
9318,ORD009318,ORD009285,99.78,13,SELL
9335,ORD009335,ORD009331,99.91,41,BUY
9335,ORD009335,ORD009327,100.12,28,BUY
9348,ORD009348,ORD009340,99.88,13,BUY
9353,ORD009353,ORD009340,99.88,44,BUY
9355,ORD009355,ORD009327,100.12,50,BUY
9361,ORD009361,ORD009355,100.33,10,SELL
9361,ORD009361,ORD009353,99.98,12,SELL
9366,ORD009366,ORD009353,99.98,39,SELL
9371,ORD009371,ORD009366,99.83,42,BUY
9382,ORD009382,ORD009371,100.34,24,SELL
9392,ORD009392,ORD009371,100.34,28,SELL
9392,ORD009392,ORD009375,100.11,18,SELL
9395,ORD009395,ORD008740,100.36,49,BUY
9397,ORD009397,ORD009396,100.12,31,SELL
9397,ORD009397,ORD009375,100.11,20,SELL
9402,ORD009402,ORD009400,100.31,44,SELL
9402,ORD009402,ORD009375,100.11,56,SELL
9404,ORD009404,ORD008740,100.36,28,BUY
9404,ORD009404,ORD006485,100.37,28,BUY
9404,ORD009404,ORD006720,100.37,6,BUY
9405,ORD009405,ORD009375,100.11,4,SELL
9405,ORD009405,ORD009391,100.09,14,SELL
9406,ORD009406,ORD006720,100.37,79,BUY
9408,ORD009408,ORD009391,100.09,69,SELL
9411,ORD009411,ORD006720,100.37,11,BUY
9411,ORD009411,ORD007661,100.37,49,BUY
9411,ORD009411,ORD008049,100.37,28,BUY
9414,ORD009414,ORD008049,100.37,7,BUY
9427,ORD009427,ORD009391,100.09,12,SELL
9427,ORD009427,ORD009379,100.07,49,SELL
9432,ORD009432,ORD009379,100.07,48,SELL
9432,ORD009432,ORD009421,100.07,23,SELL
9432,ORD009432,ORD009412,99.89,24,SELL
9435,ORD009435,ORD009431,100.34,32,BUY
9435,ORD009435,ORD008049,100.37,26,BUY
9435,ORD009435,ORD008246,100.37,33,BUY
9441,ORD009441,ORD009412,99.89,51,SELL
9441,ORD009441,ORD009285,99.78,22,SELL
9448,ORD009448,ORD009285,99.78,63,SELL
9448,ORD009448,ORD009370,99.73,24,SELL
9448,ORD009448,ORD009168,99.71,11,SELL
9451,ORD009451,ORD009442,99.83,50,BUY
9451,ORD009451,ORD009436,100.09,47,BUY
9453,ORD009453,ORD009436,100.09,47,BUY
9458,ORD009458,ORD009168,99.71,13,SELL
9458,ORD009458,ORD009439,99.69,25,SELL
9461,ORD009461,ORD009457,99.74,51,BUY
9467,ORD009467,ORD009436,100.09,3,BUY
9467,ORD009467,ORD009437,100.16,15,BUY
9467,ORD009467,ORD008246,100.37,16,BUY
9473,ORD009473,ORD009471,100.34,1,SELL
9474,ORD009474,ORD009471,100.34,41,SELL
9482,ORD009482,ORD008246,100.37,9,BUY
9483,ORD009483,ORD009471,100.34,15,SELL
9483,ORD009483,ORD009476,99.99,37,SELL
9489,ORD009489,ORD008246,100.37,8,BUY
9490,ORD009490,ORD009476,99.99,11,SELL
9493,ORD009493,ORD009476,99.99,16,SELL
9500,ORD009500,ORD009493,99.87,2,BUY
9510,ORD009510,ORD009465,99.82,1,SELL
9513,ORD009513,ORD009465,99.82,31,SELL
9513,ORD009513,ORD009461,99.78,37,SELL
9513,ORD009513,ORD009486,99.72,12,SELL
9514,ORD009514,ORD009493,99.87,46,BUY
9517,ORD009517,ORD009486,99.72,27,SELL
9523,ORD009523,ORD009493,99.87,12,BUY
9524,ORD009524,ORD009493,99.87,21,BUY
9524,ORD009524,ORD009494,99.97,30,BUY
9526,ORD009526,ORD009491,100.06,24,BUY
9535,ORD009535,ORD009524,100.05,8,SELL
9535,ORD009535,ORD009520,99.80,25,SELL
9538,ORD009538,ORD009520,99.80,57,SELL
9538,ORD009538,ORD009529,99.72,28,SELL
9539,ORD009539,ORD009491,100.06,43,BUY
9548,ORD009548,ORD009491,100.06,4,BUY
9555,ORD009555,ORD009554,99.96,68,SELL
9555,ORD009555,ORD009549,99.91,6,SELL
9555,ORD009555,ORD009529,99.72,25,SELL
9557,ORD009557,ORD009491,100.06,6,BUY
9557,ORD009557,ORD009543,100.06,66,BUY
9559,ORD009559,ORD009543,100.06,27,BUY
9559,ORD009559,ORD009496,100.29,44,BUY
9567,ORD009567,ORD009561,100.02,27,SELL
9567,ORD009567,ORD009529,99.72,6,SELL
9573,ORD009573,ORD009572,99.75,16,BUY
9580,ORD009580,ORD009573,100.03,57,SELL
9580,ORD009580,ORD009529,99.72,28,SELL
9584,ORD009584,ORD009583,100.05,33,BUY
9587,ORD009587,ORD009583,100.05,13,BUY
9588,ORD009588,ORD009583,100.05,31,BUY
9588,ORD009588,ORD009562,100.08,6,BUY
9589,ORD009589,ORD009582,99.74,14,SELL
9589,ORD009589,ORD009529,99.72,3,SELL
9589,ORD009589,ORD009439,99.69,2,SELL
9596,ORD009596,ORD009595,99.80,4,BUY
9599,ORD009599,ORD009596,99.87,1,SELL
9599,ORD009599,ORD009157,99.68,68,SELL
9604,ORD009604,ORD009562,100.08,52,BUY
9604,ORD009604,ORD009590,100.18,37,BUY
9606,ORD009606,ORD009590,100.18,52,BUY
9606,ORD009606,ORD009591,100.18,42,BUY
9613,ORD009613,ORD009591,100.18,20,BUY
9613,ORD009613,ORD009577,100.24,18,BUY
9616,ORD009616,ORD009615,100.13,57,BUY
9619,ORD009619,ORD009157,99.68,15,SELL
9619,ORD009619,ORD009184,99.68,10,SELL
9621,ORD009621,ORD009615,100.13,3,BUY
9621,ORD009621,ORD009617,100.21,47,BUY
9622,ORD009622,ORD009184,99.68,21,SELL
9622,ORD009622,ORD009478,99.68,58,SELL
9622,ORD009622,ORD009479,99.66,8,SELL
9639,ORD009639,ORD009634,99.93,1,SELL
9654,ORD009654,ORD009634,99.93,11,SELL
9654,ORD009654,ORD009479,99.66,37,SELL
9663,ORD009663,ORD009655,100.03,35,BUY
9667,ORD009667,ORD009655,100.03,4,BUY
9671,ORD009671,ORD009479,99.66,22,SELL
9671,ORD009671,ORD009180,99.65,23,SELL
9671,ORD009671,ORD009066,99.64,47,SELL
9673,ORD009673,ORD009066,99.64,19,SELL
9673,ORD009673,ORD009321,99.62,34,SELL
9687,ORD009687,ORD009675,99.93,62,BUY
9694,ORD009694,ORD009675,99.93,13,BUY
9696,ORD009696,ORD009695,99.74,11,BUY
9696,ORD009696,ORD009675,99.93,24,BUY
9696,ORD009696,ORD009655,100.03,38,BUY
9702,ORD009702,ORD009321,99.62,32,SELL
9715,ORD009715,ORD009711,99.70,22,BUY
9715,ORD009715,ORD009713,99.71,27,BUY
9719,ORD009719,ORD009321,99.62,2,SELL
9730,ORD009730,ORD009713,99.71,1,BUY
9733,ORD009733,ORD009713,99.71,1,BUY
9737,ORD009737,ORD009321,99.62,1,SELL
9739,ORD009739,ORD009321,99.62,26,SELL
9739,ORD009739,ORD009326,99.62,58,SELL
9741,ORD009741,ORD009713,99.71,9,BUY
9741,ORD009741,ORD009729,99.98,2,BUY
9745,ORD009745,ORD009744,99.77,20,SELL
9761,ORD009761,ORD009744,99.77,39,SELL
9764,ORD009764,ORD009744,99.77,15,SELL
9764,ORD009764,ORD009746,99.76,1,SELL
9766,ORD009766,ORD009746,99.76,19,SELL
9775,ORD009775,ORD009755,99.79,45,BUY
9786,ORD009786,ORD009746,99.76,16,SELL
9787,ORD009787,ORD009786,99.64,45,BUY
9794,ORD009794,ORD009786,99.64,7,BUY
9794,ORD009794,ORD009755,99.79,27,BUY
9794,ORD009794,ORD009729,99.98,50,BUY
9805,ORD009805,ORD009804,99.97,19,BUY
9805,ORD009805,ORD009729,99.98,6,BUY
9805,ORD009805,ORD009785,99.99,22,BUY
9807,ORD009807,ORD009772,99.63,57,SELL
9828,ORD009828,ORD009821,99.97,88,BUY
9828,ORD009828,ORD009785,99.99,1,BUY
9836,ORD009836,ORD009812,99.89,4,SELL
9839,ORD009839,ORD009812,99.89,55,SELL
9848,ORD009848,ORD009785,99.99,37,BUY
9848,ORD009848,ORD009824,100.02,13,BUY
9850,ORD009850,ORD009824,100.02,40,BUY
9852,ORD009852,ORD009840,99.93,5,SELL
9858,ORD009858,ORD009840,99.93,19,SELL
9862,ORD009862,ORD009840,99.93,21,SELL
9864,ORD009864,ORD009824,100.02,17,BUY
9864,ORD009864,ORD009655,100.03,17,BUY
9864,ORD009864,ORD009732,100.03,29,BUY
9866,ORD009866,ORD009732,100.03,6,BUY
9867,ORD009867,ORD009732,100.03,42,BUY
9867,ORD009867,ORD009710,100.10,33,BUY
9868,ORD009868,ORD009840,99.93,16,SELL
9868,ORD009868,ORD009812,99.89,14,SELL
9868,ORD009868,ORD009819,99.64,58,SELL
9869,ORD009869,ORD009710,100.10,18,BUY
9873,ORD009873,ORD009819,99.64,16,SELL
9873,ORD009873,ORD009772,99.63,3,SELL
9873,ORD009873,ORD009872,99.63,30,SELL
9876,ORD009876,ORD009710,100.10,15,BUY
9876,ORD009876,ORD009855,100.10,33,BUY
9882,ORD009882,ORD009878,99.94,70,SELL
9890,ORD009890,ORD009884,100.00,35,SELL
9890,ORD009890,ORD009878,99.94,17,SELL
9890,ORD009890,ORD009872,99.63,12,SELL
9894,ORD009894,ORD009872,99.63,11,SELL
9901,ORD009901,ORD009896,99.69,22,BUY
9901,ORD009901,ORD009855,100.10,40,BUY
9902,ORD009902,ORD009855,100.10,14,BUY
9902,ORD009902,ORD009698,100.13,26,BUY
9910,ORD009910,ORD009897,99.67,50,SELL
9910,ORD009910,ORD009872,99.63,2,SELL
9910,ORD009910,ORD009326,99.62,21,SELL
9910,ORD009910,ORD009243,99.61,13,SELL
9914,ORD009914,ORD009908,99.94,23,BUY
9921,ORD009921,ORD009919,100.08,52,SELL
9925,ORD009925,ORD009919,100.08,23,SELL
9925,ORD009925,ORD009914,100.01,46,SELL
9925,ORD009925,ORD009913,99.68,9,SELL
9926,ORD009926,ORD009698,100.13,2,BUY
9926,ORD009926,ORD009678,100.14,36,BUY
9926,ORD009926,ORD009883,100.15,39,BUY
9929,ORD009929,ORD009883,100.15,29,BUY
9929,ORD009929,ORD009617,100.21,24,BUY
9929,ORD009929,ORD009661,100.21,14,BUY
9936,ORD009936,ORD009932,99.69,16,SELL
9937,ORD009937,ORD009935,99.76,1,BUY
9938,ORD009938,ORD009932,99.69,3,SELL
9942,ORD009942,ORD009932,99.69,41,SELL
9949,ORD009949,ORD009935,99.76,21,BUY
9951,ORD009951,ORD009932,99.69,14,SELL
9951,ORD009951,ORD009913,99.68,59,SELL
9951,ORD009951,ORD009243,99.61,12,SELL
9961,ORD009961,ORD009935,99.76,74,BUY
9967,ORD009967,ORD009962,99.93,24,BUY
9968,ORD009968,ORD009962,99.93,42,BUY
9968,ORD009968,ORD009661,100.21,41,BUY
9970,ORD009970,ORD009661,100.21,27,BUY
9970,ORD009970,ORD009778,100.21,22,BUY
9971,ORD009971,ORD009778,100.21,26,BUY
9971,ORD009971,ORD009577,100.24,3,BUY
9982,ORD009982,ORD009969,100.12,8,SELL
9990,ORD009990,ORD009577,100.24,21,BUY
9990,ORD009990,ORD009907,100.25,34,BUY
9990,ORD009990,ORD009496,100.29,9,BUY
9992,ORD009992,ORD009969,100.12,60,SELL
9994,ORD009994,ORD009992,99.99,13,BUY
9994,ORD009994,ORD009993,100.17,45,BUY
